{
"type": "FeatureCollection",
"name": "california_optimized_districts_all",
"crs": { "type": "name", "properties": { "name": "urn:ogc:def:crs:OGC:1.3:CRS84" } },
"features": [
{ "type": "Feature", "properties": { "opt_all": 1, "population": 761893.0, "voting_age_pop": 603346.0, "dem_votes": 145512.0, "rep_votes": 172182.0, "minority_pop": 181495.0, "dem_pct": 0.45802564717683503, "rep_pct": 0.54197435250839665 }, "geometry": { "type": "Polygon", "coordinates": [ [ [ -122.897178000001858, 39.070419000001046 ], [ -122.904047000001796, 39.049858000001308 ], [ -122.900051000001966, 39.01124200000136 ], [ -122.917988000001074, 38.998572000000834 ], [ -122.986663000001684, 38.988898000000695 ], [ -122.977712000001745, 38.946693000001346 ], [ -122.948865000001916, 38.900220000001489 ], [ -122.911386000001926, 38.901529000000728 ], [ -122.878801000000976, 38.880879000001528 ], [ -122.821592000001161, 38.85014000000146 ], [ -123.029253000001844, 38.85283100000111 ], [ -123.081082000001516, 38.847283000001234 ], [ -123.136636000001715, 38.839448000001198 ], [ -123.136253000001417, 38.809136000000883 ], [ -123.238964000001118, 38.808557000001457 ], [ -123.268710000001661, 38.808369000000951 ], [ -123.368394000001118, 38.806640000000748 ], [ -123.368236000000877, 38.777066000001021 ], [ -123.498956000001598, 38.778127000000936 ], [ -123.537074000001681, 38.768057000000773 ], [ -123.540569000001398, 38.767693000000754 ], [ -123.632497000001834, 38.758119000001159 ], [ -123.717807000001756, 38.827921000000593 ], [ -123.737921000001023, 38.857441000000769 ], [ -123.784676000001141, 38.893728000000799 ], [ -123.809860000001919, 38.961219000001357 ], [ -123.79721700000178, 38.989863000000717 ], [ -123.763148000001081, 39.008690000001138 ], [ -123.761965000001084, 39.041091000001209 ], [ -123.809210000000917, 39.141043000000835 ], [ -123.838880000001097, 39.1833390000008 ], [ -123.850092000001325, 39.231396000000693 ], [ -123.893085000001463, 39.33749400000103 ], [ -123.887402000000876, 39.453036000000978 ], [ -123.867826000000917, 39.508305000000597 ], [ -123.834649000001846, 39.549194000000789 ], [ -123.849387000001698, 39.578290000001253 ], [ -123.857183000001257, 39.674693000001007 ], [ -123.895741000001379, 39.711406000001425 ], [ -123.910529000001233, 39.799575000000978 ], [ -123.938591000001523, 39.814944000000615 ], [ -124.009637000001305, 39.893749000000639 ], [ -124.035355000001076, 39.931073000000723 ], [ -124.078596000001156, 39.972263000000737 ], [ -124.134889000001365, 40.002470000001082 ], [ -124.156646000000762, 40.065885000001117 ], [ -124.231204000001682, 40.093382000000759 ], [ -124.28783300000164, 40.137683000000578 ], [ -124.392777000001615, 40.20979900000092 ], [ -124.421287000000845, 40.237102000001336 ], [ -124.429150000001158, 40.266915000000878 ], [ -124.418542000001636, 40.318753000000605 ], [ -124.429462000001536, 40.36490600000085 ], [ -124.478625000001699, 40.422102000000763 ], [ -124.475894000001702, 40.459762000001241 ], [ -124.452560000001341, 40.493084000001367 ], [ -124.447677000001761, 40.529709000001077 ], [ -124.368878000001686, 40.669706000000744 ], [ -124.232622000000958, 40.869286000001331 ], [ -124.197619000000742, 40.950529000001424 ], [ -124.182694000000794, 41.001313000000572 ], [ -124.204984000001645, 41.01363800000064 ], [ -124.247430000001202, 41.092224000000947 ], [ -124.244308000000942, 41.158319000000567 ], [ -124.195532000001776, 41.184582000000738 ], [ -124.160704000000877, 41.289293000000647 ], [ -124.202385000001399, 41.294721000000692 ], [ -124.236177000001703, 41.317977000000717 ], [ -124.235174000001379, 41.363833000001108 ], [ -124.18860400000068, 41.389267000000459 ], [ -124.139973000001802, 41.381821000001409 ], [ -124.136561000000725, 41.464452000001408 ], [ -124.160493000000798, 41.543409000000999 ], [ -124.18833600000076, 41.573996000000818 ], [ -124.190113000001006, 41.608190000000995 ], [ -124.21141900000076, 41.641688000000997 ], [ -124.211706000001556, 41.681193000001322 ], [ -124.330609000001417, 41.733793000000546 ], [ -124.405715000000782, 41.783141000000889 ], [ -124.438909000001658, 41.824504000000744 ], [ -124.435015000001442, 41.856507000000569 ], [ -124.411317000000921, 41.882056000000851 ], [ -124.3651990000008, 41.886568000000914 ], [ -124.311936000001154, 41.858788000000544 ], [ -124.285031000000885, 41.859487000001245 ], [ -124.276120000001555, 41.903052000001139 ], [ -124.284769000001461, 41.956834000000704 ], [ -124.306995000001564, 41.992906000000495 ], [ -124.217760000001519, 41.998445000000963 ], [ -123.993252000000894, 41.996028000001303 ], [ -123.728169000001273, 41.99705600000086 ], [ -123.517911000000765, 42.000756000001068 ], [ -123.347451000000945, 41.99927700000098 ], [ -123.145735000001579, 42.008761000001307 ], [ -123.043997000001042, 42.003084000000591 ], [ -122.7213860000018, 42.0041230000013 ], [ -122.368050000000906, 42.009330000000872 ], [ -122.186265000001399, 42.007456000000694 ], [ -121.996127000001195, 42.003887000001086 ], [ -121.60030200000142, 41.999355000000598 ], [ -121.447538000001316, 41.997465000001043 ], [ -121.250343000001919, 41.99731500000096 ], [ -121.019095000001343, 41.993386000001109 ], [ -120.326387000002001, 41.992586000000841 ], [ -120.159410000001074, 41.994603000001092 ], [ -119.999234000001323, 41.994944000001439 ], [ -119.998295000001519, 41.749915000000669 ], [ -119.999471000001606, 41.499894000001483 ], [ -119.999866000001703, 41.183974000001122 ], [ -119.998785000001675, 40.773850000001154 ], [ -119.995655000001761, 40.402322000001426 ], [ -119.997903000001983, 39.981636000001501 ], [ -120.001062000001198, 39.722418000000737 ], [ -120.003773000001914, 39.445056000000939 ], [ -120.505445000001757, 39.446117000000726 ], [ -120.577188000001257, 39.523144000001238 ], [ -120.659016000001273, 39.523794000000755 ], [ -120.701903000002005, 39.501690000001325 ], [ -120.755729000001523, 39.452663000001479 ], [ -120.810068000001436, 39.436206000001249 ], [ -120.858036000001619, 39.435104000000919 ], [ -120.931800000001644, 39.417121000000748 ], [ -120.992703000001356, 39.414392000001371 ], [ -121.02208500000124, 39.391558000001005 ], [ -121.034400000001199, 39.514436000000792 ], [ -121.058203000001356, 39.537043000000807 ], [ -121.024383000001237, 39.559049000001274 ], [ -121.009477000001084, 39.639459000001544 ], [ -121.076695000001834, 39.597264000000784 ], [ -121.097538000001606, 39.620903000000723 ], [ -121.136715000001359, 39.628169000001314 ], [ -121.155077000001924, 39.656785000000752 ], [ -121.208687000001262, 39.700358000001003 ], [ -121.250641000001323, 39.753965000000932 ], [ -121.298496000001336, 39.789291000001391 ], [ -121.340940000001922, 39.825759000000851 ], [ -121.41193600000112, 39.871421000001199 ], [ -121.427616000001564, 39.914816000000791 ], [ -121.420577000001757, 39.929450000001445 ], [ -121.419480000000917, 40.0157660000013 ], [ -121.367008000001604, 40.077673000001042 ], [ -121.380671000001797, 40.108625000001069 ], [ -121.404855000001007, 40.115545000001411 ], [ -121.404509000001582, 40.151648000000691 ], [ -121.436886000001707, 40.151905000000667 ], [ -121.452898000001881, 40.122125000000842 ], [ -121.480954000001105, 40.122366000000781 ], [ -121.510559000001479, 40.100515000000676 ], [ -121.586407000001259, 40.100522000001398 ], [ -121.595647000000994, 40.05771400000107 ], [ -121.636174000001034, 40.025810000001087 ], [ -121.635440000001324, 39.996822000001252 ], [ -121.667288000001165, 39.983246000000989 ], [ -121.7019690000011, 39.984365000001326 ], [ -121.746251000001763, 39.938532000001487 ], [ -121.750634000001725, 39.906805000000915 ], [ -121.777103000001816, 39.888519000001345 ], [ -121.873517000001257, 39.883995000000972 ], [ -122.04486500000128, 39.883771000001424 ], [ -122.063930000001122, 39.810634000001301 ], [ -122.046471000001759, 39.797648000001097 ], [ -121.941583000001884, 39.69811300000093 ], [ -121.989831000001473, 39.660273000001162 ], [ -121.992132000001206, 39.629159000000904 ], [ -121.974466000001001, 39.61974600000147 ], [ -121.90807500000092, 39.63702200000067 ], [ -121.908125000000979, 39.666803000001039 ], [ -121.85960200000126, 39.674889000001286 ], [ -121.849695000001759, 39.700154000000587 ], [ -121.863372000000965, 39.727199000001214 ], [ -121.850240000001037, 39.726774000000837 ], [ -121.848405000001236, 39.728960000001059 ], [ -121.855314000001115, 39.743493000000853 ], [ -121.851032000001823, 39.745186000001063 ], [ -121.841974000001073, 39.732009000001241 ], [ -121.822616000001005, 39.738819000001286 ], [ -121.819079000001153, 39.736089000000874 ], [ -121.816965000001815, 39.734365000000821 ], [ -121.790237000001483, 39.705033000000768 ], [ -121.787651000001446, 39.738667000001172 ], [ -121.747717000001003, 39.738989000000771 ], [ -121.728990000001659, 39.70717500000071 ], [ -121.666450000001475, 39.747365000000691 ], [ -121.669755000001203, 39.751908000001308 ], [ -121.645011000001844, 39.769723000001136 ], [ -121.597699000001526, 39.770439000000771 ], [ -121.564176000001837, 39.765339000001319 ], [ -121.567141000001726, 39.7487670000015 ], [ -121.562778000001245, 39.693001000001289 ], [ -121.531221000001565, 39.66587600000107 ], [ -121.500090000001165, 39.645722000000752 ], [ -121.46760000000144, 39.555765000000747 ], [ -121.50955200000196, 39.5388230000014 ], [ -121.54993100000118, 39.517885000001442 ], [ -121.572365000001994, 39.511794000000812 ], [ -121.579089000001161, 39.498034000000672 ], [ -121.583798000001593, 39.471523000001312 ], [ -121.614425000001077, 39.456543000001197 ], [ -121.636412000000945, 39.455025000001477 ], [ -121.617060000002056, 39.405958000000901 ], [ -121.6511190000016, 39.380498000001118 ], [ -121.627528000001803, 39.354956000000648 ], [ -121.630150000001223, 39.305668000001297 ], [ -121.672897000001882, 39.305056000000903 ], [ -121.687589000001438, 39.305030000001224 ], [ -121.798390000001078, 39.303629000000946 ], [ -121.908269000001781, 39.303878000000687 ], [ -121.948177000002019, 39.240387000001341 ], [ -121.928332000001603, 39.198729000001272 ], [ -121.937105000001864, 39.194071000001358 ], [ -121.939172000001477, 39.136145000001399 ], [ -121.894369000001561, 39.096126000001235 ], [ -121.894127000001276, 39.078003000001033 ], [ -121.847964000001355, 39.070817000000957 ], [ -121.824375000001154, 39.03178100000089 ], [ -121.819142000001918, 38.988551000000903 ], [ -121.840374000000963, 38.954520000001146 ], [ -121.835488000000964, 38.924481000001535 ], [ -122.061124000001257, 38.925861000000822 ], [ -122.261474000001726, 38.924059000001272 ], [ -122.340172000001417, 38.924246000001155 ], [ -122.409118000001641, 38.962793000000957 ], [ -122.409369000001405, 39.01131700000149 ], [ -122.437290000000999, 39.021357000000854 ], [ -122.483879000001593, 39.066955000000853 ], [ -122.500909000001599, 39.121075000001184 ], [ -122.479527000001625, 39.158038000001355 ], [ -122.528803000001318, 39.211409000001019 ], [ -122.578076000001715, 39.209204000001456 ], [ -122.613055000001481, 39.18639100000091 ], [ -122.631308000000956, 39.137372000001314 ], [ -122.610112000001607, 39.130305000000831 ], [ -122.583084000001307, 39.092160000001002 ], [ -122.611767000001421, 39.056943000001297 ], [ -122.7453300000018, 39.068526000001235 ], [ -122.756941000001063, 39.029513000000676 ], [ -122.806993000001484, 39.041672000000858 ], [ -122.854015000001525, 39.052938000001269 ], [ -122.883408000000998, 39.11258200000124 ], [ -122.897178000001858, 39.070419000001046 ] ] ] } },
{ "type": "Feature", "properties": { "opt_all": 2, "population": 759722.0, "voting_age_pop": 617244.0, "dem_votes": 287815.0, "rep_votes": 47482.0, "minority_pop": 352737.0, "dem_pct": 0.85838823465214775, "rep_pct": 0.14161176504960923 }, "geometry": { "type": "MultiPolygon", "coordinates": [ [ [ [ -122.612285000000995, 37.815224000000917 ], [ -122.675654000001018, 37.848517000001245 ], [ -122.715845000001835, 37.845625000001469 ], [ -122.752466000001604, 37.857699000000821 ], [ -122.789027000001525, 37.893763000001471 ], [ -122.838896000001583, 37.918914000000711 ], [ -122.850460000001817, 37.945585000000754 ], [ -122.889291000001236, 37.974109000000695 ], [ -122.953224000001001, 37.941093000001089 ], [ -123.022507000001596, 37.942065000000909 ], [ -123.067965000001564, 37.958669000000974 ], [ -123.083880000001926, 37.983366000001467 ], [ -123.081200000001544, 38.01897100000113 ], [ -123.063797000001017, 38.036487000001131 ], [ -123.014817000001244, 38.149132000000733 ], [ -123.05196300000182, 38.21585500000144 ], [ -123.134523000001437, 38.296263000001538 ], [ -123.065325000000982, 38.295579000001304 ], [ -123.041806000000861, 38.2955900000008 ], [ -123.005061000000936, 38.295686000000785 ], [ -122.966124000001145, 38.316970000000993 ], [ -122.93506000000184, 38.313952000000747 ], [ -122.910943000001737, 38.321222000001306 ], [ -122.841841000001565, 38.276244000001206 ], [ -122.739900000001455, 38.207018000001057 ], [ -122.704443000001007, 38.198455000001438 ], [ -122.664478000001637, 38.187627000001427 ], [ -122.600917000001203, 38.185263000001378 ], [ -122.570332000001216, 38.159415000000706 ], [ -122.564367000001297, 38.128933000001133 ], [ -122.564946000001299, 38.117622000001177 ], [ -122.561555000001277, 38.096712000001077 ], [ -122.573246000001475, 38.103198000001527 ], [ -122.570114000001766, 38.098153000001126 ], [ -122.586592000000962, 38.085471000001029 ], [ -122.589976000001684, 38.08566800000127 ], [ -122.603717000001438, 38.076063000000715 ], [ -122.606192000000959, 38.058021000001411 ], [ -122.536415000001185, 38.041620000001451 ], [ -122.537292000001003, 38.06625900000094 ], [ -122.536476000001002, 38.066724000001422 ], [ -122.480313000001047, 38.067446000001105 ], [ -122.482661000001514, 38.099174000000659 ], [ -122.483997000001722, 38.107784000001217 ], [ -122.459387000001897, 38.100619000001302 ], [ -122.347454000001633, 38.073260000001454 ], [ -122.269578000001061, 38.06040400000149 ], [ -122.226413000001955, 38.061073000000839 ], [ -122.225178000001222, 38.061006000000965 ], [ -122.213700000001424, 38.059591000001276 ], [ -122.194805000001637, 38.056533000001401 ], [ -122.167577000001359, 38.036721000001485 ], [ -122.17762100000202, 38.015077000001298 ], [ -122.190383000001958, 38.015660000001063 ], [ -122.253672000001416, 38.014187000001414 ], [ -122.24727100000166, 37.996399000000977 ], [ -122.249966000001521, 37.992076000000701 ], [ -122.243152000001047, 37.97110500000111 ], [ -122.271941000000936, 37.953213000000936 ], [ -122.272525000001394, 37.911918000000945 ], [ -122.280160000001473, 37.917691000001042 ], [ -122.284489000001116, 37.917226000001449 ], [ -122.284705000001793, 37.917373000001014 ], [ -122.287805000001583, 37.911335000001088 ], [ -122.288169000001105, 37.897835000000939 ], [ -122.286693000001435, 37.898513000000982 ], [ -122.287047000002005, 37.890918000001271 ], [ -122.282918000001686, 37.882511000001472 ], [ -122.290757000001619, 37.883147000001344 ], [ -122.296882000001844, 37.88347100000145 ], [ -122.302313000001874, 37.88235600000089 ], [ -122.327630000002046, 37.877356000000759 ], [ -122.309592000000961, 37.845543000001399 ], [ -122.298817000001662, 37.847917000001274 ], [ -122.295046000001562, 37.848706000001265 ], [ -122.2887390000012, 37.849991000001495 ], [ -122.286247000001794, 37.850505000001547 ], [ -122.277766000001506, 37.847525000001085 ], [ -122.271236000000997, 37.846465000001352 ], [ -122.269226000001566, 37.847201000000943 ], [ -122.268070000001103, 37.844136000001065 ], [ -122.266653000000943, 37.837482000000911 ], [ -122.275638000001877, 37.836447000001279 ], [ -122.278707000001305, 37.827151000001081 ], [ -122.280950000001127, 37.827689000001101 ], [ -122.286226000001079, 37.82116300000073 ], [ -122.289670000001919, 37.817002000001459 ], [ -122.289669000001354, 37.816835000001319 ], [ -122.291101000001078, 37.802526000000881 ], [ -122.288670000001076, 37.802755000000971 ], [ -122.315064000001286, 37.794579000001136 ], [ -122.284396000001323, 37.793597000001306 ], [ -122.274709000001195, 37.791511000001222 ], [ -122.276628000001722, 37.779684000001225 ], [ -122.291088000001096, 37.776478000000992 ], [ -122.27679600000144, 37.775134000001373 ], [ -122.276849000001107, 37.771384000000758 ], [ -122.282265000001075, 37.76017900000079 ], [ -122.266906000001086, 37.75530400000077 ], [ -122.259468000001917, 37.752594000001558 ], [ -122.264426000001876, 37.732948000000825 ], [ -122.256282000001917, 37.721077000001479 ], [ -122.205473000001078, 37.702619000001505 ], [ -122.199412000001686, 37.691300000000872 ], [ -122.167289000001446, 37.667450000000912 ], [ -122.163603000001515, 37.667121000001536 ], [ -122.145918000001757, 37.665677000001331 ], [ -122.1370020000018, 37.679616000001531 ], [ -122.132929000001539, 37.673297000000943 ], [ -122.117534000001157, 37.676558000000838 ], [ -122.111599000001874, 37.672032000001423 ], [ -122.103352000001166, 37.666519000001287 ], [ -122.107778000001503, 37.66635200000119 ], [ -122.101610000001443, 37.656422000001378 ], [ -122.09259800000136, 37.659886000001464 ], [ -122.088112000001516, 37.67050100000116 ], [ -122.082336000001675, 37.666154000001491 ], [ -122.086718000001696, 37.658182000001283 ], [ -122.076872000001075, 37.649415000001142 ], [ -122.079978000001844, 37.648911000001377 ], [ -122.083491000002041, 37.648448000001174 ], [ -122.083513000001659, 37.639593000001526 ], [ -122.087898000002056, 37.636326000001247 ], [ -122.084513000000953, 37.631558000001107 ], [ -122.096801000002046, 37.630905000001178 ], [ -122.092858000001314, 37.624480000000808 ], [ -122.083905000001124, 37.609872000001445 ], [ -122.071450000001121, 37.613278000001024 ], [ -122.065660000001003, 37.605143000001242 ], [ -122.061052000001922, 37.598688000001637 ], [ -122.074039000001605, 37.596464000000857 ], [ -122.069993000002, 37.592375000001162 ], [ -122.068734000001683, 37.591103000001546 ], [ -122.074061000001421, 37.584622000001161 ], [ -122.067442000000995, 37.579617000001491 ], [ -122.075984000001327, 37.569928000000907 ], [ -122.08347200000172, 37.568328000001266 ], [ -122.084326000001155, 37.568039000001093 ], [ -122.135769000001758, 37.558852000000655 ], [ -122.117393000001684, 37.506894000000813 ], [ -122.281780000001959, 37.708230000001187 ], [ -122.360381000001141, 37.708331000001138 ], [ -122.365822000001401, 37.737123000001191 ], [ -122.372762000001643, 37.745505000000797 ], [ -122.377981000001085, 37.753629000001062 ], [ -122.379681000001796, 37.767629000001058 ], [ -122.381681000001279, 37.78352900000062 ], [ -122.383434000001685, 37.787535000001434 ], [ -122.388981000002019, 37.796628000001249 ], [ -122.396315000000953, 37.793337000001131 ], [ -122.400149000001164, 37.794134000001208 ], [ -122.404613000001206, 37.793565000000861 ], [ -122.407536000001443, 37.792249000001263 ], [ -122.408786000001939, 37.790160000001421 ], [ -122.412076000001178, 37.789740000000741 ], [ -122.415372000001184, 37.78932000000146 ], [ -122.422077000002005, 37.788474000000747 ], [ -122.422420000001125, 37.790358000001319 ], [ -122.425616000001554, 37.789952000000739 ], [ -122.428905000001336, 37.789534000000685 ], [ -122.429625000001977, 37.793098000001002 ], [ -122.436204000001723, 37.792263000000858 ], [ -122.435486000001305, 37.788697000001605 ], [ -122.440488000001764, 37.788061000000781 ], [ -122.441155000001487, 37.791631000000798 ], [ -122.44611700000128, 37.7909990000013 ], [ -122.446300000001017, 37.791879000000989 ], [ -122.446728000001684, 37.794706000001277 ], [ -122.447466000002038, 37.799390000001416 ], [ -122.448682000001355, 37.808628000001406 ], [ -122.453983000001045, 37.839027000001245 ], [ -122.46807900000104, 37.833687000000808 ], [ -122.472830000001522, 37.831892000001325 ], [ -122.534088000001958, 37.815347000001466 ], [ -122.612285000000995, 37.815224000000917 ] ] ], [ [ [ -122.061484000001514, 37.491605000001549 ], [ -122.044587000001641, 37.460666000000835 ], [ -122.059673000001624, 37.464087000001115 ], [ -122.081473000001182, 37.477838000001519 ], [ -122.103995000001035, 37.493706000001595 ], [ -122.061484000001514, 37.491605000001549 ] ] ] ] } },
{ "type": "Feature", "properties": { "opt_all": 3, "population": 763421.0, "voting_age_pop": 589870.0, "dem_votes": 159761.0, "rep_votes": 182757.0, "minority_pop": 194689.0, "dem_pct": 0.46643096115636812, "rep_pct": 0.53356903855167637 }, "geometry": { "type": "Polygon", "coordinates": [ [ [ -121.939172000001477, 39.136145000001399 ], [ -121.937105000001864, 39.194071000001358 ], [ -121.928332000001603, 39.198729000001272 ], [ -121.948177000002019, 39.240387000001341 ], [ -121.908269000001781, 39.303878000000687 ], [ -121.798390000001078, 39.303629000000946 ], [ -121.687589000001438, 39.305030000001224 ], [ -121.672897000001882, 39.305056000000903 ], [ -121.630150000001223, 39.305668000001297 ], [ -121.627528000001803, 39.354956000000648 ], [ -121.6511190000016, 39.380498000001118 ], [ -121.617060000002056, 39.405958000000901 ], [ -121.636412000000945, 39.455025000001477 ], [ -121.614425000001077, 39.456543000001197 ], [ -121.583798000001593, 39.471523000001312 ], [ -121.579089000001161, 39.498034000000672 ], [ -121.572365000001994, 39.511794000000812 ], [ -121.54993100000118, 39.517885000001442 ], [ -121.50955200000196, 39.5388230000014 ], [ -121.46760000000144, 39.555765000000747 ], [ -121.500090000001165, 39.645722000000752 ], [ -121.531221000001565, 39.66587600000107 ], [ -121.562778000001245, 39.693001000001289 ], [ -121.567141000001726, 39.7487670000015 ], [ -121.564176000001837, 39.765339000001319 ], [ -121.597699000001526, 39.770439000000771 ], [ -121.645011000001844, 39.769723000001136 ], [ -121.669755000001203, 39.751908000001308 ], [ -121.666450000001475, 39.747365000000691 ], [ -121.728990000001659, 39.70717500000071 ], [ -121.747717000001003, 39.738989000000771 ], [ -121.787651000001446, 39.738667000001172 ], [ -121.790237000001483, 39.705033000000768 ], [ -121.816965000001815, 39.734365000000821 ], [ -121.819079000001153, 39.736089000000874 ], [ -121.822616000001005, 39.738819000001286 ], [ -121.841974000001073, 39.732009000001241 ], [ -121.851032000001823, 39.745186000001063 ], [ -121.855314000001115, 39.743493000000853 ], [ -121.848405000001236, 39.728960000001059 ], [ -121.850240000001037, 39.726774000000837 ], [ -121.863372000000965, 39.727199000001214 ], [ -121.849695000001759, 39.700154000000587 ], [ -121.85960200000126, 39.674889000001286 ], [ -121.908125000000979, 39.666803000001039 ], [ -121.90807500000092, 39.63702200000067 ], [ -121.974466000001001, 39.61974600000147 ], [ -121.992132000001206, 39.629159000000904 ], [ -121.989831000001473, 39.660273000001162 ], [ -121.941583000001884, 39.69811300000093 ], [ -122.046471000001759, 39.797648000001097 ], [ -122.063930000001122, 39.810634000001301 ], [ -122.04486500000128, 39.883771000001424 ], [ -121.873517000001257, 39.883995000000972 ], [ -121.777103000001816, 39.888519000001345 ], [ -121.750634000001725, 39.906805000000915 ], [ -121.746251000001763, 39.938532000001487 ], [ -121.7019690000011, 39.984365000001326 ], [ -121.667288000001165, 39.983246000000989 ], [ -121.635440000001324, 39.996822000001252 ], [ -121.636174000001034, 40.025810000001087 ], [ -121.595647000000994, 40.05771400000107 ], [ -121.586407000001259, 40.100522000001398 ], [ -121.510559000001479, 40.100515000000676 ], [ -121.480954000001105, 40.122366000000781 ], [ -121.452898000001881, 40.122125000000842 ], [ -121.436886000001707, 40.151905000000667 ], [ -121.404509000001582, 40.151648000000691 ], [ -121.404855000001007, 40.115545000001411 ], [ -121.380671000001797, 40.108625000001069 ], [ -121.367008000001604, 40.077673000001042 ], [ -121.419480000000917, 40.0157660000013 ], [ -121.420577000001757, 39.929450000001445 ], [ -121.427616000001564, 39.914816000000791 ], [ -121.41193600000112, 39.871421000001199 ], [ -121.340940000001922, 39.825759000000851 ], [ -121.298496000001336, 39.789291000001391 ], [ -121.250641000001323, 39.753965000000932 ], [ -121.208687000001262, 39.700358000001003 ], [ -121.155077000001924, 39.656785000000752 ], [ -121.136715000001359, 39.628169000001314 ], [ -121.097538000001606, 39.620903000000723 ], [ -121.076695000001834, 39.597264000000784 ], [ -121.009477000001084, 39.639459000001544 ], [ -121.024383000001237, 39.559049000001274 ], [ -121.058203000001356, 39.537043000000807 ], [ -121.034400000001199, 39.514436000000792 ], [ -121.02208500000124, 39.391558000001005 ], [ -120.992703000001356, 39.414392000001371 ], [ -120.931800000001644, 39.417121000000748 ], [ -120.858036000001619, 39.435104000000919 ], [ -120.810068000001436, 39.436206000001249 ], [ -120.755729000001523, 39.452663000001479 ], [ -120.701903000002005, 39.501690000001325 ], [ -120.659016000001273, 39.523794000000755 ], [ -120.577188000001257, 39.523144000001238 ], [ -120.505445000001757, 39.446117000000726 ], [ -120.003773000001914, 39.445056000000939 ], [ -120.006323000001956, 39.316496000001507 ], [ -120.036657000001441, 39.316334000001227 ], [ -120.152229000001341, 39.316291000001534 ], [ -120.204290000001919, 39.316227000000936 ], [ -120.322378000001819, 39.316427000001305 ], [ -120.554600000001855, 39.315596000001008 ], [ -120.645795000002082, 39.3151550000008 ], [ -120.679173000002095, 39.306449000001074 ], [ -120.727893000001686, 39.288081000001043 ], [ -120.804249000001562, 39.23326600000081 ], [ -120.854735000001, 39.208970000001322 ], [ -120.868849000001561, 39.180737000001351 ], [ -120.896942000001999, 39.17656700000154 ], [ -120.959177000001958, 39.13129000000098 ], [ -120.989387000001116, 39.111229000001401 ], [ -121.002884000001714, 39.062685000001309 ], [ -121.014543000001837, 39.047499000001615 ], [ -121.041608000002114, 39.013791000001056 ], [ -121.065436000001554, 39.00653300000095 ], [ -121.104247000002033, 39.011850000001409 ], [ -121.104017000001761, 38.963922000001133 ], [ -121.125376000001737, 38.949188000000852 ], [ -121.167886000001999, 38.924337000001515 ], [ -121.096766000002077, 38.890639000001059 ], [ -121.099268000001075, 38.885768000000709 ], [ -121.091616000001679, 38.888813000001541 ], [ -121.083975000001601, 38.880537000000807 ], [ -121.061806000001638, 38.859916000001483 ], [ -121.086991000001476, 38.815281000001022 ], [ -121.097757000002076, 38.807328000000872 ], [ -121.1415950000018, 38.711939000000903 ], [ -121.146616000001075, 38.71139500000109 ], [ -121.175168000001477, 38.713444000001246 ], [ -121.188571000001005, 38.714308000000912 ], [ -121.225859000001279, 38.716802000000953 ], [ -121.242795000001877, 38.718241000001129 ], [ -121.260600000001219, 38.719426000001185 ], [ -121.271894000001836, 38.720215000000948 ], [ -121.290403000001234, 38.721501000001297 ], [ -121.293841000001834, 38.721792000000832 ], [ -121.30593500000198, 38.722635000000842 ], [ -121.308830000002004, 38.72279000000114 ], [ -121.311151000001274, 38.722923000000826 ], [ -121.312896000001274, 38.723076000000731 ], [ -121.336887000001354, 38.724703000001334 ], [ -121.346503000001277, 38.72532000000151 ], [ -121.364584000001116, 38.726496000000978 ], [ -121.38165800000192, 38.727796000001057 ], [ -121.39246200000116, 38.728619000001054 ], [ -121.397388000001001, 38.72890600000089 ], [ -121.484396000001567, 38.734598000001526 ], [ -121.489459000001034, 38.734985000001402 ], [ -121.602894000001456, 38.735838000001046 ], [ -121.592622000001299, 38.762860000001574 ], [ -121.620653000001738, 38.784004000001559 ], [ -121.661906000001565, 38.762924000001313 ], [ -121.685998000001845, 38.763371000000767 ], [ -121.702402000001754, 38.802909000000732 ], [ -121.723346000001797, 38.803759000001143 ], [ -121.730455000001456, 38.859086000000772 ], [ -121.814814000000922, 38.876582000000987 ], [ -121.805525000001921, 38.915065000001505 ], [ -121.835488000000964, 38.924481000001535 ], [ -121.840374000000963, 38.954520000001146 ], [ -121.819142000001918, 38.988551000000903 ], [ -121.824375000001154, 39.03178100000089 ], [ -121.847964000001355, 39.070817000000957 ], [ -121.894127000001276, 39.078003000001033 ], [ -121.894369000001561, 39.096126000001235 ], [ -121.939172000001477, 39.136145000001399 ] ] ] } },
{ "type": "Feature", "properties": { "opt_all": 4, "population": 756863.0, "voting_age_pop": 606372.0, "dem_votes": 258993.0, "rep_votes": 90411.0, "minority_pop": 248967.0, "dem_pct": 0.74124222941316009, "rep_pct": 0.25875777030063829 }, "geometry": { "type": "Polygon", "coordinates": [ [ [ -123.065325000000982, 38.295579000001304 ], [ -123.134523000001437, 38.296263000001538 ], [ -123.134312000001515, 38.345786000000643 ], [ -123.164757000001515, 38.388337000000725 ], [ -123.220220000000921, 38.441954000001253 ], [ -123.269188000001506, 38.457569000000895 ], [ -123.323810000001799, 38.498614000001062 ], [ -123.360929000001576, 38.510202000001485 ], [ -123.394157000001684, 38.553942000001143 ], [ -123.456159000001335, 38.614788000001198 ], [ -123.510580000000886, 38.680890000001128 ], [ -123.57800500000144, 38.717583000001277 ], [ -123.591962000001857, 38.74022700000139 ], [ -123.632497000001834, 38.758119000001159 ], [ -123.540569000001398, 38.767693000000754 ], [ -123.537074000001681, 38.768057000000773 ], [ -123.498956000001598, 38.778127000000936 ], [ -123.368236000000877, 38.777066000001021 ], [ -123.368394000001118, 38.806640000000748 ], [ -123.268710000001661, 38.808369000000951 ], [ -123.238964000001118, 38.808557000001457 ], [ -123.136253000001417, 38.809136000000883 ], [ -123.136636000001715, 38.839448000001198 ], [ -123.081082000001516, 38.847283000001234 ], [ -123.029253000001844, 38.85283100000111 ], [ -122.821592000001161, 38.85014000000146 ], [ -122.878801000000976, 38.880879000001528 ], [ -122.911386000001926, 38.901529000000728 ], [ -122.948865000001916, 38.900220000001489 ], [ -122.977712000001745, 38.946693000001346 ], [ -122.986663000001684, 38.988898000000695 ], [ -122.917988000001074, 38.998572000000834 ], [ -122.900051000001966, 39.01124200000136 ], [ -122.904047000001796, 39.049858000001308 ], [ -122.897178000001858, 39.070419000001046 ], [ -122.883408000000998, 39.11258200000124 ], [ -122.854015000001525, 39.052938000001269 ], [ -122.806993000001484, 39.041672000000858 ], [ -122.756941000001063, 39.029513000000676 ], [ -122.7453300000018, 39.068526000001235 ], [ -122.611767000001421, 39.056943000001297 ], [ -122.583084000001307, 39.092160000001002 ], [ -122.610112000001607, 39.130305000000831 ], [ -122.631308000000956, 39.137372000001314 ], [ -122.613055000001481, 39.18639100000091 ], [ -122.578076000001715, 39.209204000001456 ], [ -122.528803000001318, 39.211409000001019 ], [ -122.479527000001625, 39.158038000001355 ], [ -122.500909000001599, 39.121075000001184 ], [ -122.483879000001593, 39.066955000000853 ], [ -122.437290000000999, 39.021357000000854 ], [ -122.409369000001405, 39.01131700000149 ], [ -122.409118000001641, 38.962793000000957 ], [ -122.340172000001417, 38.924246000001155 ], [ -122.40394100000124, 38.925289000000717 ], [ -122.422048000001624, 38.900890000001141 ], [ -122.395056000001404, 38.864245000001347 ], [ -122.348624000001635, 38.83606000000119 ], [ -122.287998000001082, 38.839931000000782 ], [ -122.250111000002065, 38.755262000001309 ], [ -122.198590000001801, 38.669568000000766 ], [ -122.164944000001796, 38.642462000000947 ], [ -122.139948000001084, 38.609889000000784 ], [ -122.103281000001743, 38.513348000000938 ], [ -122.103439000001913, 38.512186000001563 ], [ -122.12638900000124, 38.428918000000728 ], [ -122.073380000001833, 38.360911000001295 ], [ -122.064779000001224, 38.315912000001561 ], [ -122.133743000001274, 38.315611000000928 ], [ -122.179946000001081, 38.315913000001338 ], [ -122.195140000001444, 38.315657000001281 ], [ -122.199382000001407, 38.301591000000919 ], [ -122.212982000002043, 38.259115000001202 ], [ -122.195980000001796, 38.230410000001477 ], [ -122.215080000001294, 38.17971700000119 ], [ -122.20145500000126, 38.168240000001013 ], [ -122.195957000001755, 38.162686000001152 ], [ -122.214612000001296, 38.154988000000941 ], [ -122.221126000001846, 38.155068000001471 ], [ -122.238376000001637, 38.155226000001434 ], [ -122.232654000001276, 38.141439000001526 ], [ -122.251390000001678, 38.142338000000976 ], [ -122.249910000001918, 38.128030000000805 ], [ -122.225380000001323, 38.130569000001309 ], [ -122.229825000001142, 38.123150000001232 ], [ -122.243258000001902, 38.113611000001235 ], [ -122.243328000001114, 38.109839000000704 ], [ -122.243481000001566, 38.104897000001309 ], [ -122.243406000001059, 38.100928000000899 ], [ -122.229667000001797, 38.100756000001489 ], [ -122.230325000001315, 38.091581000000744 ], [ -122.231858000001836, 38.07639700000076 ], [ -122.227350000002076, 38.070399000001395 ], [ -122.225178000001222, 38.061006000000965 ], [ -122.226413000001955, 38.061073000000839 ], [ -122.269578000001061, 38.06040400000149 ], [ -122.347454000001633, 38.073260000001454 ], [ -122.459387000001897, 38.100619000001302 ], [ -122.483997000001722, 38.107784000001217 ], [ -122.482661000001514, 38.099174000000659 ], [ -122.480313000001047, 38.067446000001105 ], [ -122.536476000001002, 38.066724000001422 ], [ -122.537292000001003, 38.06625900000094 ], [ -122.536415000001185, 38.041620000001451 ], [ -122.606192000000959, 38.058021000001411 ], [ -122.603717000001438, 38.076063000000715 ], [ -122.589976000001684, 38.08566800000127 ], [ -122.586592000000962, 38.085471000001029 ], [ -122.570114000001766, 38.098153000001126 ], [ -122.573246000001475, 38.103198000001527 ], [ -122.561555000001277, 38.096712000001077 ], [ -122.564946000001299, 38.117622000001177 ], [ -122.564367000001297, 38.128933000001133 ], [ -122.570332000001216, 38.159415000000706 ], [ -122.600917000001203, 38.185263000001378 ], [ -122.664478000001637, 38.187627000001427 ], [ -122.704443000001007, 38.198455000001438 ], [ -122.739900000001455, 38.207018000001057 ], [ -122.841841000001565, 38.276244000001206 ], [ -122.910943000001737, 38.321222000001306 ], [ -122.93506000000184, 38.313952000000747 ], [ -122.966124000001145, 38.316970000000993 ], [ -123.005061000000936, 38.295686000000785 ], [ -123.041806000000861, 38.2955900000008 ], [ -123.065325000000982, 38.295579000001304 ] ] ] } },
{ "type": "Feature", "properties": { "opt_all": 5, "population": 758117.0, "voting_age_pop": 587668.0, "dem_votes": 135487.0, "rep_votes": 183559.0, "minority_pop": 217870.0, "dem_pct": 0.42466290114132038, "rep_pct": 0.57533709854524517 }, "geometry": { "type": "Polygon", "coordinates": [ [ [ -120.938850000001963, 38.088321000000811 ], [ -120.986446000001223, 38.204647000001039 ], [ -120.995497000001123, 38.225402000001544 ], [ -121.016369000002086, 38.274402000000947 ], [ -121.027084000001153, 38.30025200000113 ], [ -121.027226000001761, 38.386455000001511 ], [ -121.027240000001157, 38.397686000001414 ], [ -121.027285000001285, 38.480833000000814 ], [ -121.027507000001265, 38.508292000000779 ], [ -121.041370000001166, 38.540745000001529 ], [ -121.072656000001558, 38.614069000000882 ], [ -121.079300000001055, 38.632857000001295 ], [ -121.085428000001045, 38.647831000001325 ], [ -121.085556000001446, 38.648097000001052 ], [ -121.089480000001302, 38.656226000001368 ], [ -121.103355000001258, 38.685085000001543 ], [ -121.105361000001764, 38.689279000001328 ], [ -121.110654000001119, 38.700416000001397 ], [ -121.118660000001086, 38.717070000001499 ], [ -121.1415950000018, 38.711939000000903 ], [ -121.097757000002076, 38.807328000000872 ], [ -121.086991000001476, 38.815281000001022 ], [ -121.061806000001638, 38.859916000001483 ], [ -121.083975000001601, 38.880537000000807 ], [ -121.091616000001679, 38.888813000001541 ], [ -121.099268000001075, 38.885768000000709 ], [ -121.096766000002077, 38.890639000001059 ], [ -121.167886000001999, 38.924337000001515 ], [ -121.125376000001737, 38.949188000000852 ], [ -121.104017000001761, 38.963922000001133 ], [ -121.104247000002033, 39.011850000001409 ], [ -121.065436000001554, 39.00653300000095 ], [ -121.041608000002114, 39.013791000001056 ], [ -121.014543000001837, 39.047499000001615 ], [ -121.002884000001714, 39.062685000001309 ], [ -120.989387000001116, 39.111229000001401 ], [ -120.959177000001958, 39.13129000000098 ], [ -120.896942000001999, 39.17656700000154 ], [ -120.868849000001561, 39.180737000001351 ], [ -120.854735000001, 39.208970000001322 ], [ -120.804249000001562, 39.23326600000081 ], [ -120.727893000001686, 39.288081000001043 ], [ -120.679173000002095, 39.306449000001074 ], [ -120.645795000002082, 39.3151550000008 ], [ -120.554600000001855, 39.315596000001008 ], [ -120.322378000001819, 39.316427000001305 ], [ -120.204290000001919, 39.316227000000936 ], [ -120.152229000001341, 39.316291000001534 ], [ -120.036657000001441, 39.316334000001227 ], [ -120.006323000001956, 39.316496000001507 ], [ -120.006446000001944, 39.280828000001478 ], [ -120.005610000001283, 39.221754000001617 ], [ -120.002461000001858, 39.067489000001238 ], [ -120.001014000001163, 38.99957400000131 ], [ -119.95134000000148, 38.965437000001501 ], [ -119.938756000001405, 38.956919000001307 ], [ -119.914590000001127, 38.940406000000955 ], [ -119.904315000001318, 38.933324000001178 ], [ -119.585437000001434, 38.713212000001072 ], [ -119.097159000001739, 38.372851000001425 ], [ -118.797624000002003, 38.160551000000851 ], [ -118.372572000002222, 37.856012000001186 ], [ -117.832726000001898, 37.464929000001717 ], [ -117.712358000001998, 37.374931000001212 ], [ -117.500117000002163, 37.220380000001313 ], [ -117.286036000001801, 37.059869000001342 ], [ -117.000895000002259, 36.847694000001056 ], [ -116.691917000002206, 36.613635000001779 ], [ -116.2508180000018, 36.276939000001597 ], [ -115.918743000001683, 36.019936000001536 ], [ -115.648357000002079, 35.809211000001412 ], [ -115.735745000001515, 35.809097000001898 ], [ -115.735891000002297, 35.793620000001127 ], [ -116.277263000002094, 35.793394000001278 ], [ -116.65109500000186, 35.795433000001537 ], [ -116.935721000001919, 35.795395000001051 ], [ -117.251015000001317, 35.795004000001327 ], [ -117.634283000001446, 35.797260000001124 ], [ -117.634315000001422, 35.709830000001652 ], [ -117.616518000001875, 35.680687000001001 ], [ -117.634390000001616, 35.622510000001029 ], [ -117.652118000002005, 35.622444000000982 ], [ -117.670243000001662, 35.607881000001001 ], [ -117.6700200000016, 35.622450000001422 ], [ -117.687773000002196, 35.622498000001251 ], [ -117.705563000002243, 35.6225290000013 ], [ -117.688451000002161, 35.59342200000134 ], [ -117.670608000001721, 35.593459000001175 ], [ -117.634819000001556, 35.593281000001305 ], [ -117.629994000001304, 35.457509000001508 ], [ -117.630973000001461, 35.247365000001167 ], [ -117.632818000001478, 35.057382000001247 ], [ -117.632616000002287, 34.983245000001141 ], [ -117.632151000001997, 34.822271000001656 ], [ -117.667292000001495, 34.822526000001069 ], [ -117.774368000002113, 34.8233010000014 ], [ -118.140075000001644, 34.820851000001248 ], [ -118.220048000002194, 34.82013800000172 ], [ -118.326281000001515, 34.819726000001786 ], [ -118.587596000001639, 34.818263000001807 ], [ -118.881681000002104, 34.817848000001192 ], [ -118.894634000002156, 34.817972000001255 ], [ -118.880405000001815, 34.788655000001725 ], [ -118.978022000001801, 34.789809000001192 ], [ -118.977926000002341, 34.811714000001167 ], [ -119.023755000002154, 34.81242300000175 ], [ -119.09929300000222, 34.812906000001163 ], [ -119.242534000002024, 34.814323000000918 ], [ -119.242581000001778, 34.857598000001239 ], [ -119.276435000001484, 34.872481000001791 ], [ -119.381854000002164, 34.873990000001569 ], [ -119.383705000001925, 34.900817000001162 ], [ -119.443691000001323, 34.901171000000993 ], [ -119.472494000001447, 34.901378000001387 ], [ -119.473574000002074, 34.937891000001748 ], [ -119.472552000001798, 35.076669000000926 ], [ -119.490380000001807, 35.091646000001589 ], [ -119.561752000002116, 35.087831000001394 ], [ -119.553819000001965, 35.180123000001295 ], [ -119.5768380000018, 35.17993800000162 ], [ -119.66730400000192, 35.174982000001336 ], [ -119.666585000001319, 35.262635000001609 ], [ -119.809407000002281, 35.263693000001176 ], [ -119.809210000002153, 35.350940000001415 ], [ -119.880356000002095, 35.351124000001462 ], [ -119.880045000001687, 35.439133000001085 ], [ -119.9136590000018, 35.439262000001058 ], [ -119.910750000001244, 35.452778000001466 ], [ -119.85801400000156, 35.484049000001541 ], [ -119.806984000001435, 35.499112000001247 ], [ -119.647663000001273, 35.499283000000887 ], [ -119.638612000002084, 35.468663000000994 ], [ -119.597819000002175, 35.414870000001336 ], [ -119.542315000001963, 35.389340000001198 ], [ -119.521314000001283, 35.367887000001481 ], [ -119.394685000001502, 35.321318000001497 ], [ -119.349286000001754, 35.299839000001739 ], [ -119.309803000001807, 35.266270000001406 ], [ -119.252718000001565, 35.267352000001281 ], [ -119.128330000001483, 35.267231000000933 ], [ -119.109856000001542, 35.237999000001317 ], [ -119.003107000002046, 35.23772700000174 ], [ -119.023083000001918, 35.26687400000155 ], [ -119.02494800000224, 35.274010000001844 ], [ -119.003066000001596, 35.281367000000991 ], [ -119.011923000001801, 35.281355000001156 ], [ -119.011909000001523, 35.295882000001413 ], [ -119.003061000001594, 35.29589300000179 ], [ -118.985380000001484, 35.295916000001505 ], [ -118.93208100000146, 35.295984000001042 ], [ -118.914302000002337, 35.325259000001317 ], [ -118.878597000001434, 35.325400000001352 ], [ -118.843174000001397, 35.338165000001688 ], [ -118.787952000001539, 35.31586500000104 ], [ -118.758207000001846, 35.329540000001309 ], [ -118.715212000002126, 35.32368600000148 ], [ -118.632200000001447, 35.289592000001001 ], [ -118.583725000001962, 35.304757000001601 ], [ -118.591250000001665, 35.327727000001516 ], [ -118.553085000001886, 35.359907000001115 ], [ -118.559559000002238, 35.375550000001255 ], [ -118.5021580000016, 35.405867000001194 ], [ -118.414664000001395, 35.3986880000013 ], [ -118.412606000001446, 35.425149000001511 ], [ -118.345774000001356, 35.459706000001383 ], [ -118.316397000001444, 35.430482000001689 ], [ -118.308258000002141, 35.395690000001252 ], [ -118.243168000002001, 35.357085000001724 ], [ -118.223137000001444, 35.377766000001529 ], [ -118.187102000002199, 35.384344000001178 ], [ -118.163064000001597, 35.372671000001439 ], [ -118.117190000002097, 35.373319000001544 ], [ -118.098579000001521, 35.309133000001637 ], [ -118.044676000002354, 35.315497000001734 ], [ -118.024603000002244, 35.421387000001552 ], [ -117.999462000001316, 35.447472000000957 ], [ -118.018094000001526, 35.50076200000116 ], [ -117.994980000002357, 35.545547000001676 ], [ -117.942701000001847, 35.567852000000954 ], [ -117.916642000001318, 35.597530000001839 ], [ -117.886266000001356, 35.659407000000996 ], [ -117.907897000001682, 35.677436000001492 ], [ -117.905126000001886, 35.739875000001057 ], [ -117.913904000001594, 35.778915000001589 ], [ -117.903634000002356, 35.798392000001094 ], [ -117.923003000001927, 35.786686000001076 ], [ -118.008094000002075, 35.788935000001352 ], [ -118.058925000002176, 35.791474000001671 ], [ -118.360993000002125, 35.790256000001349 ], [ -118.448908000001495, 35.792363000001728 ], [ -118.570789000001398, 35.789721000001009 ], [ -118.802440000002036, 35.790166000001264 ], [ -119.053437000002262, 35.790774000001122 ], [ -119.223494000001878, 35.790487000001491 ], [ -119.240942000002235, 35.79045700000124 ], [ -119.249190000002045, 35.790449000001225 ], [ -119.250326000001863, 35.855463000001556 ], [ -119.285908000001257, 35.882108000001388 ], [ -119.281357000002203, 35.913500000001534 ], [ -119.250412000002285, 35.891896000001552 ], [ -119.107851000002114, 35.891766000001006 ], [ -119.107424000001316, 35.97772200000167 ], [ -119.053239000002165, 35.980166000001596 ], [ -119.039437000001442, 36.036729000001138 ], [ -119.008127000001807, 36.051154000001709 ], [ -119.00823400000148, 36.065092000001336 ], [ -119.008297000001718, 36.069347000001628 ], [ -119.0085020000014, 36.076584000001354 ], [ -119.025309000001883, 36.076749000000952 ], [ -119.039279000001841, 36.076840000001042 ], [ -119.039120000002313, 36.080512000001193 ], [ -119.039973000002036, 36.098240000000963 ], [ -119.042940000001764, 36.104345000001317 ], [ -119.08419600000208, 36.167261000001268 ], [ -119.232878000001847, 36.167350000001491 ], [ -119.198829000001282, 36.210764000001468 ], [ -119.206937000002114, 36.254217000001091 ], [ -119.172165000001584, 36.253939000001466 ], [ -119.172058000001584, 36.268513000001334 ], [ -119.118076000002205, 36.275132000001065 ], [ -119.117534000001839, 36.296880000001394 ], [ -119.171989000001844, 36.297560000001383 ], [ -119.171127000002073, 36.311955000001198 ], [ -119.196703000002273, 36.31221700000112 ], [ -119.207050000001558, 36.31229900000104 ], [ -119.224684000002114, 36.31245700000099 ], [ -119.242606000001715, 36.312587000001592 ], [ -119.242862000001324, 36.305505000000991 ], [ -119.278628000001603, 36.312655000001691 ], [ -119.278768000001321, 36.326686000001175 ], [ -119.260755000001566, 36.327572000001467 ], [ -119.260980000001922, 36.341969000001583 ], [ -119.220448000002037, 36.349143000001433 ], [ -119.216123000002042, 36.353713000001683 ], [ -119.215648000001366, 36.370533000001544 ], [ -119.206604000002258, 36.399409000000993 ], [ -119.233523000002137, 36.399515000000896 ], [ -119.23386700000124, 36.385230000001741 ], [ -119.288297000002117, 36.370952000001004 ], [ -119.286671000001377, 36.457659000000888 ], [ -119.241358000001483, 36.450154000001746 ], [ -119.240913000001598, 36.486172000001332 ], [ -119.156642000001526, 36.485075000001309 ], [ -119.185919000001277, 36.505520000001489 ], [ -119.226855000001621, 36.5005470000009 ], [ -119.243754000001857, 36.515120000001133 ], [ -119.214903000001541, 36.545106000001546 ], [ -119.222014000002119, 36.569795000001108 ], [ -119.201486000001793, 36.633663000001775 ], [ -119.174791000002045, 36.658878000001003 ], [ -119.014425000001722, 36.657353000001748 ], [ -118.984779000001524, 36.657147000001117 ], [ -118.982441000002041, 36.741646000001438 ], [ -118.555031000002245, 36.739138000001532 ], [ -118.555487000001222, 36.744746000001662 ], [ -118.360586000002044, 36.744773000001487 ], [ -118.380230000001873, 36.782234000001615 ], [ -118.38975800000226, 36.834466000001171 ], [ -118.361522000001941, 36.845269000001224 ], [ -118.360831000001497, 36.887734000001075 ], [ -118.409133000001844, 36.980535000000913 ], [ -118.422595000001422, 37.024360000001259 ], [ -118.467332000002202, 37.066745000001688 ], [ -118.530932000001513, 37.111180000001333 ], [ -118.568410000001577, 37.115295000001112 ], [ -118.59108600000198, 37.136589000001678 ], [ -118.654593000001285, 37.141826000001565 ], [ -118.672282000001942, 37.168487000001754 ], [ -118.684611000002235, 37.242819000001518 ], [ -118.665167000002285, 37.261009000001629 ], [ -118.716016000002114, 37.328208000001531 ], [ -118.740026000002274, 37.315237000000913 ], [ -118.786736000001795, 37.34338000000109 ], [ -118.769735000002157, 37.368773000001347 ], [ -118.790031000002045, 37.394032000000855 ], [ -118.759581000001205, 37.435573000001675 ], [ -118.775014000002045, 37.46305200000122 ], [ -118.797097000002083, 37.488712000001293 ], [ -118.850474000001356, 37.475796000001203 ], [ -118.917158000001436, 37.550336000001202 ], [ -118.964061000001394, 37.558137000001757 ], [ -119.022363000001405, 37.585737000001217 ], [ -119.031510000002115, 37.617325000001117 ], [ -119.071306000002082, 37.688793000000963 ], [ -119.124312000001979, 37.7339440000016 ], [ -119.19849100000188, 37.736657000001451 ], [ -119.216333000001725, 37.714123000001464 ], [ -119.257878000001995, 37.724631000001153 ], [ -119.268979000001565, 37.739230000001577 ], [ -119.308995000001403, 37.777986000001178 ], [ -119.583585000001918, 37.560335000001089 ], [ -119.584220000001537, 37.4946960000009 ], [ -119.61514800000144, 37.49468100000152 ], [ -119.615495000001758, 37.461522000001395 ], [ -119.651176000001158, 37.445941000001717 ], [ -119.651191000002044, 37.417832000001177 ], [ -119.729843000001622, 37.41774400000093 ], [ -119.761809000001364, 37.417114000001312 ], [ -119.876342000002182, 37.325332000001062 ], [ -120.0520550000019, 37.183108000001504 ], [ -120.093189000001857, 37.222617000001641 ], [ -120.143826000002122, 37.23919200000163 ], [ -120.183757000001577, 37.270492000001191 ], [ -120.18272400000204, 37.291405000001212 ], [ -120.220535000001561, 37.341947000001326 ], [ -120.284428000001839, 37.431685000001011 ], [ -120.283996000001636, 37.462896000001471 ], [ -120.319197000001296, 37.521335000001187 ], [ -120.32152600000164, 37.524400000001172 ], [ -120.387670000001407, 37.633364000001016 ], [ -120.387613000001565, 37.633704000001195 ], [ -120.441447000002, 37.674111000001069 ], [ -120.558637000001838, 37.763000000000915 ], [ -120.653274000001275, 37.831858000001212 ], [ -120.75269500000168, 37.923334000001134 ], [ -120.85251000000126, 38.009344000001533 ], [ -120.918681000001754, 38.070756000001133 ], [ -120.926449000001327, 38.077421000000918 ], [ -120.938850000001963, 38.088321000000811 ] ] ] } },
{ "type": "Feature", "properties": { "opt_all": 6, "population": 759726.0, "voting_age_pop": 584888.0, "dem_votes": 174866.0, "rep_votes": 139870.0, "minority_pop": 272590.0, "dem_pct": 0.5555958007486923, "rep_pct": 0.44440419893358107 }, "geometry": { "type": "Polygon", "coordinates": [ [ [ -121.441005000001795, 38.393842000001015 ], [ -121.440868000001984, 38.408723000001025 ], [ -121.449885000001657, 38.408674000000985 ], [ -121.449028000001675, 38.415987000001024 ], [ -121.447995000001384, 38.423218000001249 ], [ -121.446304000002101, 38.434174000001377 ], [ -121.444652000001042, 38.447177000000856 ], [ -121.424538000001021, 38.440819000001426 ], [ -121.417760000002005, 38.438000000000919 ], [ -121.401816000001034, 38.437777000001553 ], [ -121.410650000001056, 38.45678100000093 ], [ -121.39984400000138, 38.454708000000934 ], [ -121.39585400000108, 38.452924000001254 ], [ -121.380642000001203, 38.452572000001055 ], [ -121.388782000001797, 38.474544000000961 ], [ -121.391444000001542, 38.48166600000107 ], [ -121.371978000001562, 38.48164500000091 ], [ -121.396785000001202, 38.496049000001385 ], [ -121.408944000001156, 38.496045000001025 ], [ -121.409042000002074, 38.503683000001203 ], [ -121.409081000001123, 38.510551000001087 ], [ -121.409108000001524, 38.516156000001011 ], [ -121.409124000001157, 38.525063000000927 ], [ -121.370952000001878, 38.538759000000852 ], [ -121.372302000002122, 38.547093000000878 ], [ -121.375124000001961, 38.553093000001368 ], [ -121.379471000001018, 38.558852000001259 ], [ -121.382639000001006, 38.564114000000927 ], [ -121.382848000001076, 38.566761000001136 ], [ -121.364862000001906, 38.569305000001528 ], [ -121.358652000001925, 38.571055000000705 ], [ -121.346142000001635, 38.577836000001078 ], [ -121.345885000001161, 38.595365000001003 ], [ -121.364587000001563, 38.595529000001591 ], [ -121.364531000001364, 38.610248000001008 ], [ -121.383092000001824, 38.61045200000094 ], [ -121.40143300000102, 38.610647000001521 ], [ -121.401428000001957, 38.595967000000989 ], [ -121.415298000001087, 38.59611900000079 ], [ -121.415269000001274, 38.610801000000855 ], [ -121.415281000001443, 38.624541000000868 ], [ -121.419185000001619, 38.625813000001386 ], [ -121.411775000001725, 38.632640000001011 ], [ -121.4053130000012, 38.638620000000742 ], [ -121.382421000001884, 38.659731000000932 ], [ -121.3730380000016, 38.66842000000112 ], [ -121.36389000000176, 38.676860000001597 ], [ -121.362532000001337, 38.678098000001178 ], [ -121.36374600000164, 38.689038000001375 ], [ -121.363689000002097, 38.694488000001513 ], [ -121.363642000001377, 38.703874000001491 ], [ -121.35696200000136, 38.703761000001464 ], [ -121.354300000001217, 38.703728000001256 ], [ -121.345902000001914, 38.703623000000995 ], [ -121.335178000001861, 38.70307900000109 ], [ -121.329361000001796, 38.708570000001494 ], [ -121.312896000001274, 38.723076000000731 ], [ -121.311151000001274, 38.722923000000826 ], [ -121.308830000002004, 38.72279000000114 ], [ -121.30593500000198, 38.722635000000842 ], [ -121.293841000001834, 38.721792000000832 ], [ -121.290403000001234, 38.721501000001297 ], [ -121.271894000001836, 38.720215000000948 ], [ -121.260600000001219, 38.719426000001185 ], [ -121.242795000001877, 38.718241000001129 ], [ -121.225859000001279, 38.716802000000953 ], [ -121.188571000001005, 38.714308000000912 ], [ -121.175168000001477, 38.713444000001246 ], [ -121.146616000001075, 38.71139500000109 ], [ -121.1415950000018, 38.711939000000903 ], [ -121.118660000001086, 38.717070000001499 ], [ -121.110654000001119, 38.700416000001397 ], [ -121.105361000001764, 38.689279000001328 ], [ -121.103355000001258, 38.685085000001543 ], [ -121.089480000001302, 38.656226000001368 ], [ -121.085556000001446, 38.648097000001052 ], [ -121.085428000001045, 38.647831000001325 ], [ -121.079300000001055, 38.632857000001295 ], [ -121.072656000001558, 38.614069000000882 ], [ -121.041370000001166, 38.540745000001529 ], [ -121.027507000001265, 38.508292000000779 ], [ -121.027285000001285, 38.480833000000814 ], [ -121.027240000001157, 38.397686000001414 ], [ -121.027226000001761, 38.386455000001511 ], [ -121.053701000001723, 38.383414000001288 ], [ -121.106669000001659, 38.351360000000867 ], [ -121.140078000001083, 38.350154000000771 ], [ -121.244779000001785, 38.295499000000952 ], [ -121.244351000001686, 38.389349000001211 ], [ -121.27960100000162, 38.416974000000756 ], [ -121.30014000000196, 38.385048000001113 ], [ -121.343617000002098, 38.357622000001506 ], [ -121.343672000001703, 38.357720000001066 ], [ -121.358519000001607, 38.372757000001528 ], [ -121.41738300000172, 38.379496000001161 ], [ -121.431505000000996, 38.37939700000134 ], [ -121.451157000001658, 38.379237000000977 ], [ -121.477044000001641, 38.375400000001406 ], [ -121.483916000001841, 38.408739000001376 ], [ -121.45461900000106, 38.408752000001513 ], [ -121.452623000001878, 38.391795000000883 ], [ -121.441005000001795, 38.393842000001015 ] ] ] } },
{ "type": "Feature", "properties": { "opt_all": 7, "population": 757027.0, "voting_age_pop": 580387.0, "dem_votes": 192533.0, "rep_votes": 71593.0, "minority_pop": 370630.0, "dem_pct": 0.72894376141351336, "rep_pct": 0.2710562382078795 }, "geometry": { "type": "Polygon", "coordinates": [ [ [ -121.525177000001435, 38.522682000001581 ], [ -121.530767000001475, 38.527906000000854 ], [ -121.513199000001606, 38.540743000001029 ], [ -121.512618000001567, 38.541666000000923 ], [ -121.518451000001306, 38.561275000000904 ], [ -121.51896600000164, 38.568705000001437 ], [ -121.511566000001636, 38.575005000000715 ], [ -121.508266000002038, 38.580505000000841 ], [ -121.506275000001153, 38.58628800000151 ], [ -121.508668000001222, 38.596803000001131 ], [ -121.524954000001983, 38.6041710000015 ], [ -121.525725000001103, 38.604294000000714 ], [ -121.547890000001715, 38.598774000001058 ], [ -121.563929000002034, 38.634448000001079 ], [ -121.565100000001721, 38.642304000000941 ], [ -121.576068000002039, 38.648604000001185 ], [ -121.625760000001236, 38.673133000001179 ], [ -121.540153000000984, 38.667199000000714 ], [ -121.531261000001905, 38.685505000001037 ], [ -121.507423000001367, 38.685217000001494 ], [ -121.4936030000014, 38.685217000001053 ], [ -121.480019000002045, 38.685208000001488 ], [ -121.4828120000018, 38.699991000001482 ], [ -121.489459000001034, 38.734985000001402 ], [ -121.484396000001567, 38.734598000001526 ], [ -121.397388000001001, 38.72890600000089 ], [ -121.39246200000116, 38.728619000001054 ], [ -121.38165800000192, 38.727796000001057 ], [ -121.364584000001116, 38.726496000000978 ], [ -121.346503000001277, 38.72532000000151 ], [ -121.336887000001354, 38.724703000001334 ], [ -121.312896000001274, 38.723076000000731 ], [ -121.329361000001796, 38.708570000001494 ], [ -121.335178000001861, 38.70307900000109 ], [ -121.345902000001914, 38.703623000000995 ], [ -121.354300000001217, 38.703728000001256 ], [ -121.35696200000136, 38.703761000001464 ], [ -121.363642000001377, 38.703874000001491 ], [ -121.363689000002097, 38.694488000001513 ], [ -121.36374600000164, 38.689038000001375 ], [ -121.362532000001337, 38.678098000001178 ], [ -121.36389000000176, 38.676860000001597 ], [ -121.3730380000016, 38.66842000000112 ], [ -121.382421000001884, 38.659731000000932 ], [ -121.4053130000012, 38.638620000000742 ], [ -121.411775000001725, 38.632640000001011 ], [ -121.419185000001619, 38.625813000001386 ], [ -121.415281000001443, 38.624541000000868 ], [ -121.415269000001274, 38.610801000000855 ], [ -121.415298000001087, 38.59611900000079 ], [ -121.401428000001957, 38.595967000000989 ], [ -121.40143300000102, 38.610647000001521 ], [ -121.383092000001824, 38.61045200000094 ], [ -121.364531000001364, 38.610248000001008 ], [ -121.364587000001563, 38.595529000001591 ], [ -121.345885000001161, 38.595365000001003 ], [ -121.346142000001635, 38.577836000001078 ], [ -121.358652000001925, 38.571055000000705 ], [ -121.364862000001906, 38.569305000001528 ], [ -121.382848000001076, 38.566761000001136 ], [ -121.382639000001006, 38.564114000000927 ], [ -121.379471000001018, 38.558852000001259 ], [ -121.375124000001961, 38.553093000001368 ], [ -121.372302000002122, 38.547093000000878 ], [ -121.370952000001878, 38.538759000000852 ], [ -121.409124000001157, 38.525063000000927 ], [ -121.409108000001524, 38.516156000001011 ], [ -121.409081000001123, 38.510551000001087 ], [ -121.409042000002074, 38.503683000001203 ], [ -121.408944000001156, 38.496045000001025 ], [ -121.396785000001202, 38.496049000001385 ], [ -121.371978000001562, 38.48164500000091 ], [ -121.391444000001542, 38.48166600000107 ], [ -121.388782000001797, 38.474544000000961 ], [ -121.380642000001203, 38.452572000001055 ], [ -121.39585400000108, 38.452924000001254 ], [ -121.39984400000138, 38.454708000000934 ], [ -121.410650000001056, 38.45678100000093 ], [ -121.401816000001034, 38.437777000001553 ], [ -121.417760000002005, 38.438000000000919 ], [ -121.424538000001021, 38.440819000001426 ], [ -121.444652000001042, 38.447177000000856 ], [ -121.444649000002002, 38.44880100000146 ], [ -121.446674000001025, 38.463235000001369 ], [ -121.494642000001377, 38.458525000000961 ], [ -121.497895000001776, 38.468173000000931 ], [ -121.503123000002034, 38.467189000000999 ], [ -121.504139000001601, 38.466563000001443 ], [ -121.547328000001954, 38.481289000001198 ], [ -121.548406000000995, 38.482515000000717 ], [ -121.555932000001604, 38.492849000000717 ], [ -121.545480000001518, 38.515615000001453 ], [ -121.531396000001578, 38.517270000001091 ], [ -121.525177000001435, 38.522682000001581 ] ] ] } },
{ "type": "Feature", "properties": { "opt_all": 8, "population": 762773.0, "voting_age_pop": 596562.0, "dem_votes": 205157.0, "rep_votes": 94923.0, "minority_pop": 356918.0, "dem_pct": 0.68367435327790105, "rep_pct": 0.31632564638885441 }, "geometry": { "type": "Polygon", "coordinates": [ [ [ -122.225178000001222, 38.061006000000965 ], [ -122.227350000002076, 38.070399000001395 ], [ -122.231858000001836, 38.07639700000076 ], [ -122.230325000001315, 38.091581000000744 ], [ -122.229667000001797, 38.100756000001489 ], [ -122.243406000001059, 38.100928000000899 ], [ -122.243481000001566, 38.104897000001309 ], [ -122.243328000001114, 38.109839000000704 ], [ -122.243258000001902, 38.113611000001235 ], [ -122.229825000001142, 38.123150000001232 ], [ -122.225380000001323, 38.130569000001309 ], [ -122.249910000001918, 38.128030000000805 ], [ -122.251390000001678, 38.142338000000976 ], [ -122.232654000001276, 38.141439000001526 ], [ -122.238376000001637, 38.155226000001434 ], [ -122.221126000001846, 38.155068000001471 ], [ -122.214612000001296, 38.154988000000941 ], [ -122.195957000001755, 38.162686000001152 ], [ -122.20145500000126, 38.168240000001013 ], [ -122.215080000001294, 38.17971700000119 ], [ -122.195980000001796, 38.230410000001477 ], [ -122.212982000002043, 38.259115000001202 ], [ -122.199382000001407, 38.301591000000919 ], [ -122.195140000001444, 38.315657000001281 ], [ -122.179946000001081, 38.315913000001338 ], [ -122.133743000001274, 38.315611000000928 ], [ -122.064779000001224, 38.315912000001561 ], [ -122.073380000001833, 38.360911000001295 ], [ -122.12638900000124, 38.428918000000728 ], [ -122.103439000001913, 38.512186000001563 ], [ -122.103281000001743, 38.513348000000938 ], [ -122.139948000001084, 38.609889000000784 ], [ -122.164944000001796, 38.642462000000947 ], [ -122.198590000001801, 38.669568000000766 ], [ -122.250111000002065, 38.755262000001309 ], [ -122.287998000001082, 38.839931000000782 ], [ -122.348624000001635, 38.83606000000119 ], [ -122.395056000001404, 38.864245000001347 ], [ -122.422048000001624, 38.900890000001141 ], [ -122.40394100000124, 38.925289000000717 ], [ -122.340172000001417, 38.924246000001155 ], [ -122.261474000001726, 38.924059000001272 ], [ -122.061124000001257, 38.925861000000822 ], [ -121.835488000000964, 38.924481000001535 ], [ -121.805525000001921, 38.915065000001505 ], [ -121.814814000000922, 38.876582000000987 ], [ -121.730455000001456, 38.859086000000772 ], [ -121.723346000001797, 38.803759000001143 ], [ -121.702402000001754, 38.802909000000732 ], [ -121.685998000001845, 38.763371000000767 ], [ -121.661906000001565, 38.762924000001313 ], [ -121.620653000001738, 38.784004000001559 ], [ -121.592622000001299, 38.762860000001574 ], [ -121.602894000001456, 38.735838000001046 ], [ -121.489459000001034, 38.734985000001402 ], [ -121.4828120000018, 38.699991000001482 ], [ -121.480019000002045, 38.685208000001488 ], [ -121.4936030000014, 38.685217000001053 ], [ -121.507423000001367, 38.685217000001494 ], [ -121.531261000001905, 38.685505000001037 ], [ -121.540153000000984, 38.667199000000714 ], [ -121.625760000001236, 38.673133000001179 ], [ -121.576068000002039, 38.648604000001185 ], [ -121.565100000001721, 38.642304000000941 ], [ -121.563929000002034, 38.634448000001079 ], [ -121.547890000001715, 38.598774000001058 ], [ -121.525725000001103, 38.604294000000714 ], [ -121.524954000001983, 38.6041710000015 ], [ -121.508668000001222, 38.596803000001131 ], [ -121.506275000001153, 38.58628800000151 ], [ -121.508266000002038, 38.580505000000841 ], [ -121.511566000001636, 38.575005000000715 ], [ -121.51896600000164, 38.568705000001437 ], [ -121.518451000001306, 38.561275000000904 ], [ -121.512618000001567, 38.541666000000923 ], [ -121.513199000001606, 38.540743000001029 ], [ -121.530767000001475, 38.527906000000854 ], [ -121.525177000001435, 38.522682000001581 ], [ -121.531396000001578, 38.517270000001091 ], [ -121.545480000001518, 38.515615000001453 ], [ -121.555932000001604, 38.492849000000717 ], [ -121.548406000000995, 38.482515000000717 ], [ -121.547328000001954, 38.481289000001198 ], [ -121.504139000001601, 38.466563000001443 ], [ -121.521641000001296, 38.360104000000909 ], [ -121.59327300000146, 38.313089000000744 ], [ -121.602443000001074, 38.220410000001031 ], [ -121.615413000001979, 38.195696000001206 ], [ -121.666985000000963, 38.177036000001266 ], [ -121.676203000001195, 38.166773000001271 ], [ -121.713926000001521, 38.084542000001044 ], [ -121.743164000001954, 38.087229000001138 ], [ -121.796395000001638, 38.060847000000898 ], [ -121.861597000001737, 38.069887000001067 ], [ -121.862462000001045, 38.066030000001327 ], [ -121.830317000001003, 38.029723000001233 ], [ -121.860230000001039, 38.014913000001066 ], [ -121.854893000002093, 38.009033000001097 ], [ -121.855551000001341, 38.009245000001485 ], [ -121.856032000002003, 37.998000000001142 ], [ -121.847483000001276, 37.995041000001571 ], [ -121.852911000001555, 37.98719900000151 ], [ -121.865467000001402, 37.956128000000966 ], [ -121.898882000001635, 37.982917000000789 ], [ -121.910579000001647, 37.974907000001309 ], [ -121.946022000000994, 37.959772000001529 ], [ -121.948657000001646, 37.963084000000833 ], [ -121.959225000001197, 37.967676000001532 ], [ -121.970023000001035, 37.971742000000994 ], [ -121.981603000001158, 37.976618000001608 ], [ -122.01208700000096, 37.985181000000829 ], [ -122.015534000001722, 37.983335000001283 ], [ -122.025327000001965, 38.002871000000702 ], [ -122.022687000001156, 38.009927000001149 ], [ -121.96578100000194, 38.023100000001193 ], [ -121.962071000001885, 38.025420000001112 ], [ -121.987824000001083, 38.03611100000159 ], [ -121.987567000001036, 38.066809000001292 ], [ -122.050386000001282, 38.060198000000717 ], [ -122.0957330000018, 38.048355000001251 ], [ -122.130174000001716, 38.034718000001554 ], [ -122.128412000001475, 38.02331800000097 ], [ -122.117928000001342, 38.014396000001248 ], [ -122.116513000001277, 38.012396000001203 ], [ -122.11335400000192, 38.000742000000734 ], [ -122.10186700000142, 38.005248000001039 ], [ -122.069496000000953, 38.015916000001589 ], [ -122.057078000001084, 38.000077000000744 ], [ -122.070089000001275, 37.9945850000015 ], [ -122.063606000001073, 37.971583000001026 ], [ -122.073860000001304, 37.971312000000736 ], [ -122.09401200000184, 37.960207000000871 ], [ -122.091161000001762, 37.956510000001565 ], [ -122.126154000001961, 37.966789000001391 ], [ -122.130027000001107, 37.990734000000806 ], [ -122.17762100000202, 38.015077000001298 ], [ -122.167577000001359, 38.036721000001485 ], [ -122.194805000001637, 38.056533000001401 ], [ -122.213700000001424, 38.059591000001276 ], [ -122.225178000001222, 38.061006000000965 ] ] ] } },
{ "type": "Feature", "properties": { "opt_all": 9, "population": 756792.0, "voting_age_pop": 560553.0, "dem_votes": 131932.0, "rep_votes": 114913.0, "minority_pop": 355324.0, "dem_pct": 0.53447304967308507, "rep_pct": 0.46552694992180238 }, "geometry": { "type": "Polygon", "coordinates": [ [ [ -121.324974000001944, 37.926617000001073 ], [ -121.333973000001421, 37.937185000001435 ], [ -121.336058000001415, 37.95082300000125 ], [ -121.354358000001326, 37.956923000000998 ], [ -121.368712000001395, 37.967449000001103 ], [ -121.372034000001378, 37.975843000001461 ], [ -121.371042000001381, 37.997446000001325 ], [ -121.371389000001855, 38.001733000001629 ], [ -121.370553000001394, 38.013832000000932 ], [ -121.406804000001458, 38.045340000001502 ], [ -121.41973600000108, 38.043993000001038 ], [ -121.361070000001263, 38.057741000001165 ], [ -121.351862000001844, 38.058054000001391 ], [ -121.351826000001154, 38.05771000000157 ], [ -121.325397000001502, 38.057630000001332 ], [ -121.310375000001684, 38.086519000000997 ], [ -121.274929000001464, 38.086548000001223 ], [ -121.259390000001474, 38.057406000001002 ], [ -121.242253000001497, 38.057560000001018 ], [ -121.210218000001163, 38.057801000001191 ], [ -121.215216000001107, 38.126965000001555 ], [ -121.243024000001924, 38.126680000001471 ], [ -121.242851000001423, 38.115826000000794 ], [ -121.273865000001706, 38.101130000001078 ], [ -121.278674000001644, 38.100942000001069 ], [ -121.288095000001405, 38.100904000000931 ], [ -121.306319000001693, 38.101044000000762 ], [ -121.306397000000999, 38.115414000000911 ], [ -121.334378000001323, 38.145626000000803 ], [ -121.322070000001816, 38.189182000001132 ], [ -121.372829000001545, 38.209346000000842 ], [ -121.411005000001182, 38.231934000000869 ], [ -121.344024000001539, 38.228260000001079 ], [ -121.300685000001039, 38.236716000001621 ], [ -121.288137000001001, 38.245636000001291 ], [ -121.244772000002087, 38.245188000000823 ], [ -121.244779000001785, 38.295499000000952 ], [ -121.140078000001083, 38.350154000000771 ], [ -121.106669000001659, 38.351360000000867 ], [ -121.053701000001723, 38.383414000001288 ], [ -121.027226000001761, 38.386455000001511 ], [ -121.027084000001153, 38.30025200000113 ], [ -121.016369000002086, 38.274402000000947 ], [ -120.995497000001123, 38.225402000001544 ], [ -120.986446000001223, 38.204647000001039 ], [ -120.938850000001963, 38.088321000000811 ], [ -120.926449000001327, 38.077421000000918 ], [ -120.918681000001754, 38.070756000001133 ], [ -120.85251000000126, 38.009344000001533 ], [ -120.75269500000168, 37.923334000001134 ], [ -120.653274000001275, 37.831858000001212 ], [ -120.558637000001838, 37.763000000000915 ], [ -120.441447000002, 37.674111000001069 ], [ -120.476217000001895, 37.667031000001529 ], [ -120.525551000001556, 37.626247000000902 ], [ -120.634614000001662, 37.634501000001464 ], [ -120.675063000001543, 37.645496000000769 ], [ -120.758508000001299, 37.635770000001216 ], [ -120.793329000001776, 37.616399000001543 ], [ -120.845665000001276, 37.618084000001417 ], [ -120.863107000001662, 37.632196000001024 ], [ -120.899247000001367, 37.622977000000866 ], [ -120.938734000002057, 37.617160000001427 ], [ -120.966143000002077, 37.622206000001505 ], [ -120.957044000001176, 37.609236000001012 ], [ -120.975341000001436, 37.609287000001551 ], [ -120.975378000001839, 37.624137000001589 ], [ -120.983556000001798, 37.627415000001186 ], [ -120.984086000001682, 37.637727000001043 ], [ -120.984490000001045, 37.643575000000816 ], [ -120.985388000001137, 37.646769000001115 ], [ -121.009310000001079, 37.646155000001087 ], [ -120.993793000002157, 37.65284700000128 ], [ -120.994012000001234, 37.67056600000096 ], [ -120.994130000001078, 37.678176000001258 ], [ -120.994289000002084, 37.689089000000941 ], [ -120.994891000001175, 37.711017000001178 ], [ -121.013074000001936, 37.711142000000841 ], [ -121.012487000002096, 37.689349000001037 ], [ -121.031530000001496, 37.689668000001348 ], [ -121.031426000002114, 37.681893000001239 ], [ -121.050728000002138, 37.684804000001527 ], [ -121.054023000001663, 37.68291700000119 ], [ -121.07441000000118, 37.699985000001213 ], [ -121.077751000001697, 37.702866000001322 ], [ -121.087272000001576, 37.710863000001574 ], [ -121.110248000001661, 37.730128000001642 ], [ -121.137381000001497, 37.724140000001206 ], [ -121.178450000002002, 37.705529000000851 ], [ -121.179242000001679, 37.773221000001207 ], [ -121.179284000002113, 37.774773000000813 ], [ -121.179375000001841, 37.77937800000138 ], [ -121.180351000001664, 37.808499000000857 ], [ -121.213287000001444, 37.819161000001408 ], [ -121.21581300000156, 37.821825000001233 ], [ -121.217193000001686, 37.826724000001349 ], [ -121.218561000002126, 37.859874000001092 ], [ -121.255478000001403, 37.855592000001501 ], [ -121.323177000001564, 37.864456000001411 ], [ -121.32589600000162, 37.900266000001011 ], [ -121.32463900000208, 37.911136000001378 ], [ -121.3186540000018, 37.920353000000894 ], [ -121.324974000001944, 37.926617000001073 ] ] ] } },
{ "type": "Feature", "properties": { "opt_all": 10, "population": 760476.0, "voting_age_pop": 608438.0, "dem_votes": 281006.0, "rep_votes": 81413.0, "minority_pop": 297272.0, "dem_pct": 0.77536221865427524, "rep_pct": 0.22463778106980103 }, "geometry": { "type": "Polygon", "coordinates": [ [ [ -122.268563000001336, 37.82446200000134 ], [ -122.265631000001207, 37.837636000001005 ], [ -122.266653000000943, 37.837482000000911 ], [ -122.268070000001103, 37.844136000001065 ], [ -122.269226000001566, 37.847201000000943 ], [ -122.271236000000997, 37.846465000001352 ], [ -122.277766000001506, 37.847525000001085 ], [ -122.286247000001794, 37.850505000001547 ], [ -122.2887390000012, 37.849991000001495 ], [ -122.295046000001562, 37.848706000001265 ], [ -122.298817000001662, 37.847917000001274 ], [ -122.309592000000961, 37.845543000001399 ], [ -122.327630000002046, 37.877356000000759 ], [ -122.302313000001874, 37.88235600000089 ], [ -122.296882000001844, 37.88347100000145 ], [ -122.290757000001619, 37.883147000001344 ], [ -122.282918000001686, 37.882511000001472 ], [ -122.287047000002005, 37.890918000001271 ], [ -122.286693000001435, 37.898513000000982 ], [ -122.288169000001105, 37.897835000000939 ], [ -122.287805000001583, 37.911335000001088 ], [ -122.284705000001793, 37.917373000001014 ], [ -122.284489000001116, 37.917226000001449 ], [ -122.280160000001473, 37.917691000001042 ], [ -122.272525000001394, 37.911918000000945 ], [ -122.271941000000936, 37.953213000000936 ], [ -122.243152000001047, 37.97110500000111 ], [ -122.249966000001521, 37.992076000000701 ], [ -122.24727100000166, 37.996399000000977 ], [ -122.253672000001416, 38.014187000001414 ], [ -122.190383000001958, 38.015660000001063 ], [ -122.17762100000202, 38.015077000001298 ], [ -122.130027000001107, 37.990734000000806 ], [ -122.126154000001961, 37.966789000001391 ], [ -122.091161000001762, 37.956510000001565 ], [ -122.09401200000184, 37.960207000000871 ], [ -122.073860000001304, 37.971312000000736 ], [ -122.063606000001073, 37.971583000001026 ], [ -122.070089000001275, 37.9945850000015 ], [ -122.057078000001084, 38.000077000000744 ], [ -122.069496000000953, 38.015916000001589 ], [ -122.10186700000142, 38.005248000001039 ], [ -122.11335400000192, 38.000742000000734 ], [ -122.116513000001277, 38.012396000001203 ], [ -122.117928000001342, 38.014396000001248 ], [ -122.128412000001475, 38.02331800000097 ], [ -122.130174000001716, 38.034718000001554 ], [ -122.0957330000018, 38.048355000001251 ], [ -122.050386000001282, 38.060198000000717 ], [ -121.987567000001036, 38.066809000001292 ], [ -121.987824000001083, 38.03611100000159 ], [ -121.962071000001885, 38.025420000001112 ], [ -121.96578100000194, 38.023100000001193 ], [ -122.022687000001156, 38.009927000001149 ], [ -122.025327000001965, 38.002871000000702 ], [ -122.015534000001722, 37.983335000001283 ], [ -122.01208700000096, 37.985181000000829 ], [ -121.981603000001158, 37.976618000001608 ], [ -121.970023000001035, 37.971742000000994 ], [ -121.959225000001197, 37.967676000001532 ], [ -121.948657000001646, 37.963084000000833 ], [ -121.946022000000994, 37.959772000001529 ], [ -121.910579000001647, 37.974907000001309 ], [ -121.898882000001635, 37.982917000000789 ], [ -121.865467000001402, 37.956128000000966 ], [ -121.852911000001555, 37.98719900000151 ], [ -121.847483000001276, 37.995041000001571 ], [ -121.856032000002003, 37.998000000001142 ], [ -121.855551000001341, 38.009245000001485 ], [ -121.854893000002093, 38.009033000001097 ], [ -121.860230000001039, 38.014913000001066 ], [ -121.830317000001003, 38.029723000001233 ], [ -121.862462000001045, 38.066030000001327 ], [ -121.861597000001737, 38.069887000001067 ], [ -121.796395000001638, 38.060847000000898 ], [ -121.743164000001954, 38.087229000001138 ], [ -121.713926000001521, 38.084542000001044 ], [ -121.676203000001195, 38.166773000001271 ], [ -121.666985000000963, 38.177036000001266 ], [ -121.615413000001979, 38.195696000001206 ], [ -121.602443000001074, 38.220410000001031 ], [ -121.59327300000146, 38.313089000000744 ], [ -121.521641000001296, 38.360104000000909 ], [ -121.504139000001601, 38.466563000001443 ], [ -121.503123000002034, 38.467189000000999 ], [ -121.497895000001776, 38.468173000000931 ], [ -121.494642000001377, 38.458525000000961 ], [ -121.446674000001025, 38.463235000001369 ], [ -121.444649000002002, 38.44880100000146 ], [ -121.444652000001042, 38.447177000000856 ], [ -121.446304000002101, 38.434174000001377 ], [ -121.447995000001384, 38.423218000001249 ], [ -121.449028000001675, 38.415987000001024 ], [ -121.449885000001657, 38.408674000000985 ], [ -121.440868000001984, 38.408723000001025 ], [ -121.441005000001795, 38.393842000001015 ], [ -121.452623000001878, 38.391795000000883 ], [ -121.45461900000106, 38.408752000001513 ], [ -121.483916000001841, 38.408739000001376 ], [ -121.477044000001641, 38.375400000001406 ], [ -121.451157000001658, 38.379237000000977 ], [ -121.431505000000996, 38.37939700000134 ], [ -121.41738300000172, 38.379496000001161 ], [ -121.358519000001607, 38.372757000001528 ], [ -121.343672000001703, 38.357720000001066 ], [ -121.343617000002098, 38.357622000001506 ], [ -121.30014000000196, 38.385048000001113 ], [ -121.27960100000162, 38.416974000000756 ], [ -121.244351000001686, 38.389349000001211 ], [ -121.244779000001785, 38.295499000000952 ], [ -121.244772000002087, 38.245188000000823 ], [ -121.288137000001001, 38.245636000001291 ], [ -121.300685000001039, 38.236716000001621 ], [ -121.344024000001539, 38.228260000001079 ], [ -121.411005000001182, 38.231934000000869 ], [ -121.439911000001075, 38.255531000000765 ], [ -121.448142000001241, 38.255008000001347 ], [ -121.480070000001504, 38.253576000001232 ], [ -121.491669000001835, 38.227690000001409 ], [ -121.529152000001716, 38.193828000001275 ], [ -121.536023000001961, 38.152014000001301 ], [ -121.575534000001056, 38.129531000001535 ], [ -121.580022000001094, 38.094414000001414 ], [ -121.661865000001484, 38.095618000000812 ], [ -121.681470000001937, 38.061244000001579 ], [ -121.732565000001685, 38.029020000001161 ], [ -121.684933000001919, 38.015860000001339 ], [ -121.659160000001521, 37.991134000000812 ], [ -121.620149000001263, 37.976706000001485 ], [ -121.640946000001918, 37.968818000001519 ], [ -121.677631000001057, 37.968842000001054 ], [ -121.696026000001766, 37.968852000001405 ], [ -121.69600100000136, 37.971330000000833 ], [ -121.714118000002074, 37.971467000001311 ], [ -121.729932000001639, 37.96879600000095 ], [ -121.732388000002103, 37.971248000001019 ], [ -121.742744000000982, 37.961506000000803 ], [ -121.743199000002079, 37.947356000001299 ], [ -121.774439000001635, 37.946573000000832 ], [ -121.778112000001499, 37.925269000001315 ], [ -121.778706000002117, 37.917962000000848 ], [ -121.777333000001093, 37.882018000000883 ], [ -121.795252000001582, 37.894350000001545 ], [ -121.842855000001961, 37.885716000001402 ], [ -121.874160000001083, 37.906039000001158 ], [ -121.874630000002043, 37.868653000000918 ], [ -121.921069000001779, 37.843025000000793 ], [ -121.933485000001838, 37.852350000001309 ], [ -121.978479000001897, 37.845146000001172 ], [ -122.028714000001045, 37.851491000001218 ], [ -122.025087000001875, 37.845581000001133 ], [ -122.05300900000168, 37.859145000001526 ], [ -122.052699000001297, 37.852955000000669 ], [ -122.061569000001114, 37.842983000001148 ], [ -122.070776000001203, 37.82876600000116 ], [ -122.074745000001002, 37.83009100000131 ], [ -122.061681000001116, 37.79922000000105 ], [ -122.138651000001261, 37.804632000001263 ], [ -122.177873000001, 37.816323000001184 ], [ -122.18452600000164, 37.835916000001347 ], [ -122.18899200000152, 37.837970000000759 ], [ -122.195348000001601, 37.842626000001395 ], [ -122.215781000001741, 37.831260000000697 ], [ -122.209273000001602, 37.82396300000142 ], [ -122.207288000002038, 37.821554000000909 ], [ -122.210178000001562, 37.818613000001363 ], [ -122.214677000001998, 37.812688000000655 ], [ -122.215174000001397, 37.812276000000963 ], [ -122.220433000002018, 37.813439000000791 ], [ -122.233296000001616, 37.816492000001148 ], [ -122.239310000001396, 37.817841000000698 ], [ -122.244722000001033, 37.819119000001272 ], [ -122.247573000001196, 37.821569000001112 ], [ -122.253679000001782, 37.819001000001315 ], [ -122.25868000000176, 37.824515000000886 ], [ -122.260006000001837, 37.822421000000666 ], [ -122.261996000001915, 37.823012000000723 ], [ -122.268563000001336, 37.82446200000134 ] ] ] } },
{ "type": "Feature", "properties": { "opt_all": 11, "population": 760918.0, "voting_age_pop": 658089.0, "dem_votes": 314316.0, "rep_votes": 40162.0, "minority_pop": 404089.0, "dem_pct": 0.88670100799296403, "rep_pct": 0.11329899172493102 }, "geometry": { "type": "MultiPolygon", "coordinates": [ [ [ [ -122.588174000001402, 37.789362000001283 ], [ -122.612285000000995, 37.815224000000917 ], [ -122.534088000001958, 37.815347000001466 ], [ -122.472830000001522, 37.831892000001325 ], [ -122.46807900000104, 37.833687000000808 ], [ -122.453983000001045, 37.839027000001245 ], [ -122.448682000001355, 37.808628000001406 ], [ -122.447466000002038, 37.799390000001416 ], [ -122.446728000001684, 37.794706000001277 ], [ -122.446300000001017, 37.791879000000989 ], [ -122.44611700000128, 37.7909990000013 ], [ -122.441155000001487, 37.791631000000798 ], [ -122.440488000001764, 37.788061000000781 ], [ -122.435486000001305, 37.788697000001605 ], [ -122.436204000001723, 37.792263000000858 ], [ -122.429625000001977, 37.793098000001002 ], [ -122.428905000001336, 37.789534000000685 ], [ -122.425616000001554, 37.789952000000739 ], [ -122.422420000001125, 37.790358000001319 ], [ -122.422077000002005, 37.788474000000747 ], [ -122.415372000001184, 37.78932000000146 ], [ -122.412076000001178, 37.789740000000741 ], [ -122.408786000001939, 37.790160000001421 ], [ -122.407536000001443, 37.792249000001263 ], [ -122.404613000001206, 37.793565000000861 ], [ -122.400149000001164, 37.794134000001208 ], [ -122.396315000000953, 37.793337000001131 ], [ -122.388981000002019, 37.796628000001249 ], [ -122.383434000001685, 37.787535000001434 ], [ -122.381681000001279, 37.78352900000062 ], [ -122.379681000001796, 37.767629000001058 ], [ -122.377981000001085, 37.753629000001062 ], [ -122.372762000001643, 37.745505000000797 ], [ -122.365822000001401, 37.737123000001191 ], [ -122.360381000001141, 37.708331000001138 ], [ -122.38897600000098, 37.708331000001294 ], [ -122.405292000001438, 37.708262000001142 ], [ -122.405365000001041, 37.708255000001493 ], [ -122.412380000001519, 37.708303000000818 ], [ -122.420082000001258, 37.708231000001071 ], [ -122.423890000001023, 37.708236000000753 ], [ -122.434589000001438, 37.708132000000816 ], [ -122.43781100000146, 37.71192000000098 ], [ -122.444571000001801, 37.712783000000812 ], [ -122.449309000001222, 37.709946000000954 ], [ -122.454356000001496, 37.708232000001338 ], [ -122.468939000001797, 37.708232000001601 ], [ -122.471329000001717, 37.708233000001442 ], [ -122.5069310000017, 37.70808800000102 ], [ -122.507103000001393, 37.708085000001134 ], [ -122.575189000001416, 37.706721000001288 ], [ -122.588174000001402, 37.789362000001283 ] ] ], [ [ [ -123.000912000001165, 37.639930000001357 ], [ -123.06858900000114, 37.67304100000139 ], [ -123.092850000000922, 37.713688000001191 ], [ -123.132597000001965, 37.719393000001105 ], [ -123.172926000001695, 37.763600000001055 ], [ -123.160936000001314, 37.802002000001458 ], [ -123.118289000001042, 37.82305800000136 ], [ -123.070494000001162, 37.813830000000998 ], [ -123.033841000001303, 37.778375000001368 ], [ -122.997538000001882, 37.770784000000951 ], [ -122.94998500000176, 37.732187000001097 ], [ -122.935710000001436, 37.697618000000951 ], [ -122.949068000001887, 37.663377000000686 ], [ -123.000912000001165, 37.639930000001357 ] ] ] ] } },
{ "type": "Feature", "properties": { "opt_all": 12, "population": 756695.0, "voting_age_pop": 602802.0, "dem_votes": 254644.0, "rep_votes": 39171.0, "minority_pop": 447484.0, "dem_pct": 0.86668141488124106, "rep_pct": 0.13331858477840866 }, "geometry": { "type": "Polygon", "coordinates": [ [ [ -122.282265000001075, 37.76017900000079 ], [ -122.276849000001107, 37.771384000000758 ], [ -122.27679600000144, 37.775134000001373 ], [ -122.291088000001096, 37.776478000000992 ], [ -122.276628000001722, 37.779684000001225 ], [ -122.274709000001195, 37.791511000001222 ], [ -122.284396000001323, 37.793597000001306 ], [ -122.315064000001286, 37.794579000001136 ], [ -122.288670000001076, 37.802755000000971 ], [ -122.291101000001078, 37.802526000000881 ], [ -122.289669000001354, 37.816835000001319 ], [ -122.289670000001919, 37.817002000001459 ], [ -122.286226000001079, 37.82116300000073 ], [ -122.280950000001127, 37.827689000001101 ], [ -122.278707000001305, 37.827151000001081 ], [ -122.275638000001877, 37.836447000001279 ], [ -122.266653000000943, 37.837482000000911 ], [ -122.265631000001207, 37.837636000001005 ], [ -122.268563000001336, 37.82446200000134 ], [ -122.261996000001915, 37.823012000000723 ], [ -122.260006000001837, 37.822421000000666 ], [ -122.25868000000176, 37.824515000000886 ], [ -122.253679000001782, 37.819001000001315 ], [ -122.247573000001196, 37.821569000001112 ], [ -122.244722000001033, 37.819119000001272 ], [ -122.239310000001396, 37.817841000000698 ], [ -122.233296000001616, 37.816492000001148 ], [ -122.220433000002018, 37.813439000000791 ], [ -122.215174000001397, 37.812276000000963 ], [ -122.214677000001998, 37.812688000000655 ], [ -122.210178000001562, 37.818613000001363 ], [ -122.207288000002038, 37.821554000000909 ], [ -122.209273000001602, 37.82396300000142 ], [ -122.215781000001741, 37.831260000000697 ], [ -122.195348000001601, 37.842626000001395 ], [ -122.18899200000152, 37.837970000000759 ], [ -122.18452600000164, 37.835916000001347 ], [ -122.177873000001, 37.816323000001184 ], [ -122.138651000001261, 37.804632000001263 ], [ -122.061681000001116, 37.79922000000105 ], [ -122.004081000001634, 37.770147000000755 ], [ -122.027443000002023, 37.76038700000143 ], [ -122.054474000001917, 37.701567000001475 ], [ -122.059972000001736, 37.693590000000867 ], [ -122.044796000001597, 37.696017000001291 ], [ -122.044395000001415, 37.674993000001464 ], [ -122.024254000001164, 37.661269000000708 ], [ -122.035972000001763, 37.645532000001182 ], [ -122.014024000001157, 37.631686000001096 ], [ -122.030028000001522, 37.62885500000101 ], [ -122.020037000001636, 37.606243000000873 ], [ -122.023240000001707, 37.6090480000016 ], [ -122.034500000001003, 37.609060000001271 ], [ -122.065660000001003, 37.605143000001242 ], [ -122.071450000001121, 37.613278000001024 ], [ -122.083905000001124, 37.609872000001445 ], [ -122.092858000001314, 37.624480000000808 ], [ -122.096801000002046, 37.630905000001178 ], [ -122.084513000000953, 37.631558000001107 ], [ -122.087898000002056, 37.636326000001247 ], [ -122.083513000001659, 37.639593000001526 ], [ -122.083491000002041, 37.648448000001174 ], [ -122.079978000001844, 37.648911000001377 ], [ -122.076872000001075, 37.649415000001142 ], [ -122.086718000001696, 37.658182000001283 ], [ -122.082336000001675, 37.666154000001491 ], [ -122.088112000001516, 37.67050100000116 ], [ -122.09259800000136, 37.659886000001464 ], [ -122.101610000001443, 37.656422000001378 ], [ -122.107778000001503, 37.66635200000119 ], [ -122.103352000001166, 37.666519000001287 ], [ -122.111599000001874, 37.672032000001423 ], [ -122.117534000001157, 37.676558000000838 ], [ -122.132929000001539, 37.673297000000943 ], [ -122.1370020000018, 37.679616000001531 ], [ -122.145918000001757, 37.665677000001331 ], [ -122.163603000001515, 37.667121000001536 ], [ -122.167289000001446, 37.667450000000912 ], [ -122.199412000001686, 37.691300000000872 ], [ -122.205473000001078, 37.702619000001505 ], [ -122.256282000001917, 37.721077000001479 ], [ -122.264426000001876, 37.732948000000825 ], [ -122.259468000001917, 37.752594000001558 ], [ -122.266906000001086, 37.75530400000077 ], [ -122.282265000001075, 37.76017900000079 ] ] ] } },
{ "type": "Feature", "properties": { "opt_all": 13, "population": 758790.0, "voting_age_pop": 547276.0, "dem_votes": 116385.0, "rep_votes": 106578.0, "minority_pop": 364155.0, "dem_pct": 0.52199243797312, "rep_pct": 0.4780075615783751 }, "geometry": { "type": "Polygon", "coordinates": [ [ [ -121.354561000001482, 37.183893000001355 ], [ -121.404636000001958, 37.155989000000801 ], [ -121.422711000001726, 37.222360000001288 ], [ -121.455750000002055, 37.249440000001321 ], [ -121.454009000001506, 37.284050000001173 ], [ -121.407480000001058, 37.313114000001143 ], [ -121.423650000001516, 37.358837000000833 ], [ -121.412549000001604, 37.389435000001562 ], [ -121.449804000001038, 37.392288000001187 ], [ -121.472606000001164, 37.423345000000815 ], [ -121.472648000001797, 37.482170000001432 ], [ -121.471925000001036, 37.481783000001357 ], [ -121.285550000002004, 37.62903100000149 ], [ -121.24122900000134, 37.664250000001189 ], [ -121.24003100000202, 37.664923000001387 ], [ -121.178450000002002, 37.705529000000851 ], [ -121.137381000001497, 37.724140000001206 ], [ -121.110248000001661, 37.730128000001642 ], [ -121.087272000001576, 37.710863000001574 ], [ -121.077751000001697, 37.702866000001322 ], [ -121.07441000000118, 37.699985000001213 ], [ -121.054023000001663, 37.68291700000119 ], [ -121.050728000002138, 37.684804000001527 ], [ -121.031426000002114, 37.681893000001239 ], [ -121.031530000001496, 37.689668000001348 ], [ -121.012487000002096, 37.689349000001037 ], [ -121.013074000001936, 37.711142000000841 ], [ -120.994891000001175, 37.711017000001178 ], [ -120.994289000002084, 37.689089000000941 ], [ -120.994130000001078, 37.678176000001258 ], [ -120.994012000001234, 37.67056600000096 ], [ -120.993793000002157, 37.65284700000128 ], [ -121.009310000001079, 37.646155000001087 ], [ -120.985388000001137, 37.646769000001115 ], [ -120.984490000001045, 37.643575000000816 ], [ -120.984086000001682, 37.637727000001043 ], [ -120.983556000001798, 37.627415000001186 ], [ -120.975378000001839, 37.624137000001589 ], [ -120.975341000001436, 37.609287000001551 ], [ -120.957044000001176, 37.609236000001012 ], [ -120.966143000002077, 37.622206000001505 ], [ -120.938734000002057, 37.617160000001427 ], [ -120.899247000001367, 37.622977000000866 ], [ -120.863107000001662, 37.632196000001024 ], [ -120.845665000001276, 37.618084000001417 ], [ -120.793329000001776, 37.616399000001543 ], [ -120.758508000001299, 37.635770000001216 ], [ -120.675063000001543, 37.645496000000769 ], [ -120.634614000001662, 37.634501000001464 ], [ -120.525551000001556, 37.626247000000902 ], [ -120.476217000001895, 37.667031000001529 ], [ -120.441447000002, 37.674111000001069 ], [ -120.387613000001565, 37.633704000001195 ], [ -120.387670000001407, 37.633364000001016 ], [ -120.32152600000164, 37.524400000001172 ], [ -120.319197000001296, 37.521335000001187 ], [ -120.283996000001636, 37.462896000001471 ], [ -120.284428000001839, 37.431685000001011 ], [ -120.220535000001561, 37.341947000001326 ], [ -120.18272400000204, 37.291405000001212 ], [ -120.183757000001577, 37.270492000001191 ], [ -120.143826000002122, 37.23919200000163 ], [ -120.093189000001857, 37.222617000001641 ], [ -120.0520550000019, 37.183108000001504 ], [ -119.876342000002182, 37.325332000001062 ], [ -119.761809000001364, 37.417114000001312 ], [ -119.729843000001622, 37.41774400000093 ], [ -119.651191000002044, 37.417832000001177 ], [ -119.651176000001158, 37.445941000001717 ], [ -119.615495000001758, 37.461522000001395 ], [ -119.61514800000144, 37.49468100000152 ], [ -119.584220000001537, 37.4946960000009 ], [ -119.583585000001918, 37.560335000001089 ], [ -119.308995000001403, 37.777986000001178 ], [ -119.268979000001565, 37.739230000001577 ], [ -119.257878000001995, 37.724631000001153 ], [ -119.216333000001725, 37.714123000001464 ], [ -119.19849100000188, 37.736657000001451 ], [ -119.124312000001979, 37.7339440000016 ], [ -119.071306000002082, 37.688793000000963 ], [ -119.031510000002115, 37.617325000001117 ], [ -119.022363000001405, 37.585737000001217 ], [ -119.286658000001239, 37.374943000001231 ], [ -119.315210000001684, 37.348009000001639 ], [ -119.335189000001563, 37.310774000001523 ], [ -119.330573000001664, 37.205791000001149 ], [ -119.386521000001395, 37.149530000001093 ], [ -119.399787000001936, 37.149835000001083 ], [ -119.462634000001714, 37.144211000001128 ], [ -119.506733000002086, 37.150554000001442 ], [ -119.523541000001487, 37.129302000001751 ], [ -119.559412000001998, 37.14361900000138 ], [ -119.567234000001477, 37.115946000000989 ], [ -119.562979000001761, 37.064095000001501 ], [ -119.604908000001942, 37.071016000001052 ], [ -119.621116000001564, 37.026605000001055 ], [ -119.705356000001601, 36.999794000001032 ], [ -119.713182000001439, 36.991638000001331 ], [ -119.740500000001319, 36.970212000001602 ], [ -119.747201000001283, 36.938428000001728 ], [ -119.772737000001342, 36.918599000001073 ], [ -119.792884000002118, 36.876214000000829 ], [ -119.812425000001284, 36.852657000001173 ], [ -119.818746000001937, 36.848068000001462 ], [ -119.85668300000124, 36.852047000001065 ], [ -119.905965000001842, 36.850105000001214 ], [ -119.932338000001423, 36.843323000001185 ], [ -119.943507000001887, 36.834030000001498 ], [ -120.057776000002136, 36.822860000001597 ], [ -120.168484000001541, 36.803438000001691 ], [ -120.188830000001403, 36.776408000001616 ], [ -120.229179000001963, 36.769687000001184 ], [ -120.285504000002021, 36.773504000001637 ], [ -120.324216000001243, 36.786304000000833 ], [ -120.369052000002156, 36.784805000001533 ], [ -120.379098000001235, 36.817166000001698 ], [ -120.422187000001458, 36.840139000001493 ], [ -120.448984000001843, 36.858345000001144 ], [ -120.459074000001962, 36.876548000000803 ], [ -120.462256000001659, 36.927547000001113 ], [ -120.483795000001606, 36.970985000001619 ], [ -120.541696000001494, 37.044505000000989 ], [ -120.598564000001446, 36.998630000001363 ], [ -120.590566000001601, 36.95264100000152 ], [ -120.653699000001282, 36.952823000001189 ], [ -120.684361000001715, 36.930050000000826 ], [ -120.918731000001742, 36.740381000001101 ], [ -120.933682000001497, 36.751895000001056 ], [ -121.141523000001897, 36.836656000000815 ], [ -121.148544000002076, 36.853789000000901 ], [ -121.188796000001673, 36.91323800000076 ], [ -121.234683000001198, 36.926894000000978 ], [ -121.215406000001806, 36.961248000001561 ], [ -121.245887000001517, 36.983036000000936 ], [ -121.24598900000116, 37.025575000001119 ], [ -121.209637000001834, 37.068243000001139 ], [ -121.243019000001439, 37.092711000000932 ], [ -121.226804000001735, 37.13477400000145 ], [ -121.237712000001579, 37.157580000000848 ], [ -121.328409000002139, 37.165950000001018 ], [ -121.354561000001482, 37.183893000001355 ] ] ] } },
{ "type": "Feature", "properties": { "opt_all": 14, "population": 760557.0, "voting_age_pop": 568696.0, "dem_votes": 196623.0, "rep_votes": 114700.0, "minority_pop": 323758.0, "dem_pct": 0.63157235391166977, "rep_pct": 0.36842764576712045 }, "geometry": { "type": "Polygon", "coordinates": [ [ [ -122.044395000001415, 37.674993000001464 ], [ -122.044796000001597, 37.696017000001291 ], [ -122.059972000001736, 37.693590000000867 ], [ -122.054474000001917, 37.701567000001475 ], [ -122.027443000002023, 37.76038700000143 ], [ -122.004081000001634, 37.770147000000755 ], [ -122.061681000001116, 37.79922000000105 ], [ -122.074745000001002, 37.83009100000131 ], [ -122.070776000001203, 37.82876600000116 ], [ -122.061569000001114, 37.842983000001148 ], [ -122.052699000001297, 37.852955000000669 ], [ -122.05300900000168, 37.859145000001526 ], [ -122.025087000001875, 37.845581000001133 ], [ -122.028714000001045, 37.851491000001218 ], [ -121.978479000001897, 37.845146000001172 ], [ -121.933485000001838, 37.852350000001309 ], [ -121.921069000001779, 37.843025000000793 ], [ -121.874630000002043, 37.868653000000918 ], [ -121.874160000001083, 37.906039000001158 ], [ -121.842855000001961, 37.885716000001402 ], [ -121.795252000001582, 37.894350000001545 ], [ -121.777333000001093, 37.882018000000883 ], [ -121.778706000002117, 37.917962000000848 ], [ -121.778112000001499, 37.925269000001315 ], [ -121.774439000001635, 37.946573000000832 ], [ -121.743199000002079, 37.947356000001299 ], [ -121.742744000000982, 37.961506000000803 ], [ -121.732388000002103, 37.971248000001019 ], [ -121.729932000001639, 37.96879600000095 ], [ -121.714118000002074, 37.971467000001311 ], [ -121.69600100000136, 37.971330000000833 ], [ -121.696026000001766, 37.968852000001405 ], [ -121.677631000001057, 37.968842000001054 ], [ -121.640946000001918, 37.968818000001519 ], [ -121.620149000001263, 37.976706000001485 ], [ -121.659160000001521, 37.991134000000812 ], [ -121.684933000001919, 38.015860000001339 ], [ -121.732565000001685, 38.029020000001161 ], [ -121.681470000001937, 38.061244000001579 ], [ -121.661865000001484, 38.095618000000812 ], [ -121.580022000001094, 38.094414000001414 ], [ -121.575534000001056, 38.129531000001535 ], [ -121.536023000001961, 38.152014000001301 ], [ -121.529152000001716, 38.193828000001275 ], [ -121.491669000001835, 38.227690000001409 ], [ -121.480070000001504, 38.253576000001232 ], [ -121.448142000001241, 38.255008000001347 ], [ -121.439911000001075, 38.255531000000765 ], [ -121.411005000001182, 38.231934000000869 ], [ -121.372829000001545, 38.209346000000842 ], [ -121.322070000001816, 38.189182000001132 ], [ -121.334378000001323, 38.145626000000803 ], [ -121.306397000000999, 38.115414000000911 ], [ -121.306319000001693, 38.101044000000762 ], [ -121.288095000001405, 38.100904000000931 ], [ -121.278674000001644, 38.100942000001069 ], [ -121.273865000001706, 38.101130000001078 ], [ -121.242851000001423, 38.115826000000794 ], [ -121.243024000001924, 38.126680000001471 ], [ -121.215216000001107, 38.126965000001555 ], [ -121.210218000001163, 38.057801000001191 ], [ -121.242253000001497, 38.057560000001018 ], [ -121.259390000001474, 38.057406000001002 ], [ -121.274929000001464, 38.086548000001223 ], [ -121.310375000001684, 38.086519000000997 ], [ -121.325397000001502, 38.057630000001332 ], [ -121.351826000001154, 38.05771000000157 ], [ -121.351862000001844, 38.058054000001391 ], [ -121.361070000001263, 38.057741000001165 ], [ -121.41973600000108, 38.043993000001038 ], [ -121.406804000001458, 38.045340000001502 ], [ -121.370553000001394, 38.013832000000932 ], [ -121.371389000001855, 38.001733000001629 ], [ -121.371042000001381, 37.997446000001325 ], [ -121.372034000001378, 37.975843000001461 ], [ -121.368712000001395, 37.967449000001103 ], [ -121.354358000001326, 37.956923000000998 ], [ -121.336058000001415, 37.95082300000125 ], [ -121.333973000001421, 37.937185000001435 ], [ -121.324974000001944, 37.926617000001073 ], [ -121.3186540000018, 37.920353000000894 ], [ -121.32463900000208, 37.911136000001378 ], [ -121.32589600000162, 37.900266000001011 ], [ -121.323177000001564, 37.864456000001411 ], [ -121.255478000001403, 37.855592000001501 ], [ -121.218561000002126, 37.859874000001092 ], [ -121.217193000001686, 37.826724000001349 ], [ -121.21581300000156, 37.821825000001233 ], [ -121.213287000001444, 37.819161000001408 ], [ -121.180351000001664, 37.808499000000857 ], [ -121.179375000001841, 37.77937800000138 ], [ -121.179284000002113, 37.774773000000813 ], [ -121.179242000001679, 37.773221000001207 ], [ -121.178450000002002, 37.705529000000851 ], [ -121.24003100000202, 37.664923000001387 ], [ -121.24122900000134, 37.664250000001189 ], [ -121.285550000002004, 37.62903100000149 ], [ -121.471925000001036, 37.481783000001357 ], [ -121.472648000001797, 37.482170000001432 ], [ -121.670399000001893, 37.482740000001314 ], [ -121.855762000001164, 37.484537000001332 ], [ -121.870115000001476, 37.480729000000998 ], [ -121.87828400000096, 37.503719000000864 ], [ -121.879065000001233, 37.528855000001641 ], [ -121.915067000001997, 37.556250000001015 ], [ -121.93173900000194, 37.572744000001293 ], [ -121.932767000001718, 37.591732000001151 ], [ -121.947011000001794, 37.597896000000794 ], [ -121.943330000001922, 37.624533000001541 ], [ -121.968900000001085, 37.643085000001172 ], [ -122.014024000001157, 37.631686000001096 ], [ -122.035972000001763, 37.645532000001182 ], [ -122.024254000001164, 37.661269000000708 ], [ -122.044395000001415, 37.674993000001464 ] ] ] } },
{ "type": "Feature", "properties": { "opt_all": 15, "population": 762228.0, "voting_age_pop": 608669.0, "dem_votes": 262303.0, "rep_votes": 66371.0, "minority_pop": 379741.0, "dem_pct": 0.79806434314911912, "rep_pct": 0.20193565654662807 }, "geometry": { "type": "Polygon", "coordinates": [ [ [ -122.313899000001882, 37.05476400000132 ], [ -122.37608600000182, 37.065648000000714 ], [ -122.396916000001966, 37.109888000001 ], [ -122.445632000001524, 37.150037000001042 ], [ -122.464117000002076, 37.177848000001383 ], [ -122.484046000001925, 37.249944000000831 ], [ -122.465869000002002, 37.341240000000731 ], [ -122.503543000001756, 37.411902000001319 ], [ -122.509889000002062, 37.441554000001332 ], [ -122.546996000001741, 37.457857000001319 ], [ -122.574963000002057, 37.499943000001245 ], [ -122.586454000001396, 37.592529000001548 ], [ -122.567497000000998, 37.639185000001412 ], [ -122.575189000001416, 37.706721000001288 ], [ -122.507103000001393, 37.708085000001134 ], [ -122.5069310000017, 37.70808800000102 ], [ -122.471329000001717, 37.708233000001442 ], [ -122.468939000001797, 37.708232000001601 ], [ -122.454356000001496, 37.708232000001338 ], [ -122.449309000001222, 37.709946000000954 ], [ -122.444571000001801, 37.712783000000812 ], [ -122.43781100000146, 37.71192000000098 ], [ -122.434589000001438, 37.708132000000816 ], [ -122.423890000001023, 37.708236000000753 ], [ -122.420082000001258, 37.708231000001071 ], [ -122.412380000001519, 37.708303000000818 ], [ -122.405365000001041, 37.708255000001493 ], [ -122.405292000001438, 37.708262000001142 ], [ -122.38897600000098, 37.708331000001294 ], [ -122.360381000001141, 37.708331000001138 ], [ -122.281780000001959, 37.708230000001187 ], [ -122.117393000001684, 37.506894000000813 ], [ -122.103995000001035, 37.493706000001595 ], [ -122.081473000001182, 37.477838000001519 ], [ -122.111237000001779, 37.466288000001207 ], [ -122.113265000001576, 37.467530000000842 ], [ -122.127856000001117, 37.452737000001633 ], [ -122.136708000001562, 37.454337000001033 ], [ -122.141907000001282, 37.457831000001235 ], [ -122.153513000001439, 37.456677000001477 ], [ -122.162378000001596, 37.453884000001374 ], [ -122.162695000001406, 37.453844000001254 ], [ -122.170303000001198, 37.447185000001326 ], [ -122.175136000001601, 37.443014000001149 ], [ -122.179860000001895, 37.439461000001323 ], [ -122.189879000001383, 37.428830000001533 ], [ -122.190840000001003, 37.424365000000712 ], [ -122.192365000001246, 37.41386800000101 ], [ -122.229247000001195, 37.424671000001027 ], [ -122.243803000001833, 37.420101000001061 ], [ -122.252442000001082, 37.371862000001251 ], [ -122.192513000001995, 37.318795000000989 ], [ -122.1522780000018, 37.286055000000822 ], [ -122.152774000001713, 37.215444000000808 ], [ -122.216684000001905, 37.215207000001051 ], [ -122.242660000001337, 37.190035000001153 ], [ -122.317682000001284, 37.186945000001415 ], [ -122.294887000002007, 37.104146000000881 ], [ -122.313899000001882, 37.05476400000132 ] ] ] } },
{ "type": "Feature", "properties": { "opt_all": 16, "population": 761975.0, "voting_age_pop": 597019.0, "dem_votes": 242226.0, "rep_votes": 81832.0, "minority_pop": 339214.0, "dem_pct": 0.74747730321501793, "rep_pct": 0.25252269647639536 }, "geometry": { "type": "Polygon", "coordinates": [ [ [ -121.984223000002046, 37.23107800000146 ], [ -121.976870000001057, 37.239660000001365 ], [ -121.969180000001685, 37.250840000001389 ], [ -121.995180000001824, 37.250810000001245 ], [ -121.990655000001624, 37.269106000000875 ], [ -121.976679000001965, 37.277356000001276 ], [ -121.970372000001674, 37.277297000001255 ], [ -121.960960000001094, 37.284350000001545 ], [ -121.960706000001665, 37.28696000000101 ], [ -121.976591000001633, 37.285990000001263 ], [ -121.9766500000012, 37.286090000001401 ], [ -121.976621000001344, 37.293795000001417 ], [ -121.960830000001224, 37.294310000001175 ], [ -121.949800000001417, 37.294310000001602 ], [ -121.938320000001497, 37.29438900000136 ], [ -121.93168600000142, 37.29439700000156 ], [ -121.931669000001222, 37.297222000001071 ], [ -121.922689000001483, 37.299831000001198 ], [ -121.921973000001316, 37.306913000000669 ], [ -121.9317900000013, 37.310734000000991 ], [ -121.931841000001882, 37.316949000001358 ], [ -121.922762000001526, 37.323435000001041 ], [ -121.913747000001095, 37.323489000001338 ], [ -121.913733000001656, 37.320753000001318 ], [ -121.902625000001706, 37.321360000001548 ], [ -121.902233000001246, 37.318704000000828 ], [ -121.892170000001244, 37.323753000001417 ], [ -121.885984000001159, 37.330023000000928 ], [ -121.890566000001087, 37.336168000000882 ], [ -121.893828000001378, 37.340548000001526 ], [ -121.894953000001436, 37.342046000000821 ], [ -121.897038000000961, 37.350591000000883 ], [ -121.890661000001444, 37.353617000001421 ], [ -121.877449000001818, 37.36108000000155 ], [ -121.873804000001286, 37.359704000001592 ], [ -121.861728000001719, 37.349762000001206 ], [ -121.855465000001743, 37.352735000000848 ], [ -121.852651000001913, 37.349850000001318 ], [ -121.846326000001298, 37.343204000000874 ], [ -121.843109000001178, 37.339904000000864 ], [ -121.831756000001647, 37.328287000001481 ], [ -121.840183000001957, 37.327249000001061 ], [ -121.831763000001601, 37.31845700000131 ], [ -121.836509000001399, 37.315172000001539 ], [ -121.840205000001845, 37.312787000001315 ], [ -121.840863000001036, 37.312371000000759 ], [ -121.824692000001306, 37.311164000001504 ], [ -121.816774000002042, 37.302981000000869 ], [ -121.824578000001367, 37.298469000000793 ], [ -121.813626000001335, 37.284112000001322 ], [ -121.824947000001686, 37.284447000001052 ], [ -121.833214000001277, 37.293421000001338 ], [ -121.83502800000204, 37.295134000000829 ], [ -121.845266000001047, 37.287454000001205 ], [ -121.843599000002101, 37.285925000001626 ], [ -121.837354000001085, 37.279890000001416 ], [ -121.841897000001154, 37.276928000001277 ], [ -121.852166000001844, 37.274555000001229 ], [ -121.852474000001237, 37.265664000001244 ], [ -121.844786000001065, 37.265966000000887 ], [ -121.8483010000012, 37.255390000001121 ], [ -121.836510000001638, 37.250723000001493 ], [ -121.829988000001435, 37.247493000001278 ], [ -121.817689000001025, 37.24341400000111 ], [ -121.804056000001765, 37.243020000001053 ], [ -121.803840000001756, 37.23699000000088 ], [ -121.803662000001324, 37.224639000000799 ], [ -121.788902000001286, 37.222766000001478 ], [ -121.778987000001877, 37.224585000001241 ], [ -121.774442000001258, 37.222702000000965 ], [ -121.770862000001713, 37.217377000001278 ], [ -121.751149000002002, 37.226434000001653 ], [ -121.747478000001379, 37.22952600000157 ], [ -121.733432000001798, 37.248829000001201 ], [ -121.727571000001404, 37.264056000000913 ], [ -121.712463000001762, 37.289149000001025 ], [ -121.732563000001463, 37.339345000000897 ], [ -121.745513000000997, 37.329407000001439 ], [ -121.770673000001239, 37.332241000001069 ], [ -121.785202000001817, 37.338684000001585 ], [ -121.790636000001797, 37.346218000000867 ], [ -121.801604000001319, 37.355527000001366 ], [ -121.753946000001434, 37.363751000001237 ], [ -121.791975000001457, 37.403516000001332 ], [ -121.819900000001439, 37.435480000000958 ], [ -121.855762000001164, 37.484537000001332 ], [ -121.670399000001893, 37.482740000001314 ], [ -121.472648000001797, 37.482170000001432 ], [ -121.472606000001164, 37.423345000000815 ], [ -121.449804000001038, 37.392288000001187 ], [ -121.412549000001604, 37.389435000001562 ], [ -121.423650000001516, 37.358837000000833 ], [ -121.407480000001058, 37.313114000001143 ], [ -121.454009000001506, 37.284050000001173 ], [ -121.455750000002055, 37.249440000001321 ], [ -121.422711000001726, 37.222360000001288 ], [ -121.404636000001958, 37.155989000000801 ], [ -121.354561000001482, 37.183893000001355 ], [ -121.328409000002139, 37.165950000001018 ], [ -121.237712000001579, 37.157580000000848 ], [ -121.226804000001735, 37.13477400000145 ], [ -121.243019000001439, 37.092711000000932 ], [ -121.209637000001834, 37.068243000001139 ], [ -121.24598900000116, 37.025575000001119 ], [ -121.245887000001517, 36.983036000000936 ], [ -121.215406000001806, 36.961248000001561 ], [ -121.234683000001198, 36.926894000000978 ], [ -121.188796000001673, 36.91323800000076 ], [ -121.148544000002076, 36.853789000000901 ], [ -121.194000000001964, 36.859361000001542 ], [ -121.208816000001434, 36.820853000001335 ], [ -121.269818000001578, 36.798479000001343 ], [ -121.309198000001075, 36.853529000001608 ], [ -121.363663000001182, 36.855143000001142 ], [ -121.401238000001598, 36.866083000001225 ], [ -121.447138000001715, 36.858742000001591 ], [ -121.430792000002043, 36.851478000000867 ], [ -121.457744000001085, 36.84244800000117 ], [ -121.396921000001541, 36.809898000001581 ], [ -121.41237500000156, 36.769829000001351 ], [ -121.453152000001126, 36.790268000001056 ], [ -121.483002000001875, 36.765050000001587 ], [ -121.505748000001844, 36.758909000000749 ], [ -121.560563000001125, 36.805503000001231 ], [ -121.630106000001319, 36.857028000001122 ], [ -121.642565000001937, 36.873700000001008 ], [ -121.644001000001964, 36.893996000000975 ], [ -121.629489000001882, 36.911681000001074 ], [ -121.581354000001639, 36.899152000001187 ], [ -121.581154000001803, 36.919252000001357 ], [ -121.664257000001484, 36.963151000001169 ], [ -121.738697000001835, 36.989991000001488 ], [ -121.736186000001595, 37.015342000001425 ], [ -121.757600000001915, 37.049630000001216 ], [ -121.809076000001554, 37.069301000000991 ], [ -121.846290000001318, 37.097020000000931 ], [ -121.910685000001124, 37.113295000001074 ], [ -121.985032000000999, 37.14322800000123 ], [ -122.026107000001517, 37.166810000001149 ], [ -122.044121000001155, 37.200495000001339 ], [ -122.089810000000995, 37.223270000001229 ], [ -122.1522780000018, 37.286055000000822 ], [ -122.192513000001995, 37.318795000000989 ], [ -122.252442000001082, 37.371862000001251 ], [ -122.243803000001833, 37.420101000001061 ], [ -122.229247000001195, 37.424671000001027 ], [ -122.192365000001246, 37.41386800000101 ], [ -122.190840000001003, 37.424365000000712 ], [ -122.189879000001383, 37.428830000001533 ], [ -122.179860000001895, 37.439461000001323 ], [ -122.175136000001601, 37.443014000001149 ], [ -122.170303000001198, 37.447185000001326 ], [ -122.162695000001406, 37.453844000001254 ], [ -122.162378000001596, 37.453884000001374 ], [ -122.153513000001439, 37.456677000001477 ], [ -122.141907000001282, 37.457831000001235 ], [ -122.136708000001562, 37.454337000001033 ], [ -122.127856000001117, 37.452737000001633 ], [ -122.121105000000995, 37.446846000001592 ], [ -122.110570000001275, 37.436880000001096 ], [ -122.101460000001182, 37.428210000001592 ], [ -122.10331300000172, 37.41620800000122 ], [ -122.108310000001978, 37.408080000001327 ], [ -122.115637000001797, 37.41269900000141 ], [ -122.120053000001207, 37.406258000001017 ], [ -122.113540000001905, 37.401130000001409 ], [ -122.101980000001802, 37.395690000000997 ], [ -122.101116000001483, 37.395307000001623 ], [ -122.096010000001598, 37.386450000001517 ], [ -122.095940000001406, 37.373680000001237 ], [ -122.09603000000196, 37.366898000001214 ], [ -122.077860000001124, 37.365100000001583 ], [ -122.062938000001395, 37.363604000001281 ], [ -122.060610000001944, 37.352040000000962 ], [ -122.063079000002034, 37.352054000000763 ], [ -122.062400000001944, 37.337540000001518 ], [ -122.068710000002, 37.337970000001491 ], [ -122.068515000001554, 37.334190000000923 ], [ -122.068710000001559, 37.333570000001536 ], [ -122.079134000001318, 37.322379000000772 ], [ -122.081572000001216, 37.295342000000929 ], [ -122.078101000001823, 37.28613100000085 ], [ -122.048832000001937, 37.252037000001465 ], [ -122.028800000001553, 37.217522000001146 ], [ -122.024670000001365, 37.215844000001532 ], [ -122.00238300000116, 37.241492000001138 ], [ -121.984581000001199, 37.231291000001178 ], [ -121.984223000002046, 37.23107800000146 ] ] ] } },
{ "type": "Feature", "properties": { "opt_all": 17, "population": 759090.0, "voting_age_pop": 608350.0, "dem_votes": 215241.0, "rep_votes": 60858.0, "minority_pop": 429859.0, "dem_pct": 0.77957906374902508, "rep_pct": 0.22042093588878592 }, "geometry": { "type": "Polygon", "coordinates": [ [ [ -122.062400000001944, 37.337540000001518 ], [ -122.063079000002034, 37.352054000000763 ], [ -122.060610000001944, 37.352040000000962 ], [ -122.062938000001395, 37.363604000001281 ], [ -122.077860000001124, 37.365100000001583 ], [ -122.09603000000196, 37.366898000001214 ], [ -122.095940000001406, 37.373680000001237 ], [ -122.096010000001598, 37.386450000001517 ], [ -122.101116000001483, 37.395307000001623 ], [ -122.101980000001802, 37.395690000000997 ], [ -122.113540000001905, 37.401130000001409 ], [ -122.120053000001207, 37.406258000001017 ], [ -122.115637000001797, 37.41269900000141 ], [ -122.108310000001978, 37.408080000001327 ], [ -122.10331300000172, 37.41620800000122 ], [ -122.101460000001182, 37.428210000001592 ], [ -122.110570000001275, 37.436880000001096 ], [ -122.121105000000995, 37.446846000001592 ], [ -122.127856000001117, 37.452737000001633 ], [ -122.113265000001576, 37.467530000000842 ], [ -122.111237000001779, 37.466288000001207 ], [ -122.081473000001182, 37.477838000001519 ], [ -122.059673000001624, 37.464087000001115 ], [ -122.044587000001641, 37.460666000000835 ], [ -121.996671000001797, 37.46723900000076 ], [ -121.923001000001847, 37.455296000001475 ], [ -121.919898000001155, 37.440032000001594 ], [ -121.916383000001858, 37.425772000000968 ], [ -121.912926000001576, 37.415552000000851 ], [ -121.90890100000172, 37.401725000001413 ], [ -121.90286300000156, 37.40440700000147 ], [ -121.890580000001918, 37.403313000001461 ], [ -121.887876000001526, 37.406952000001191 ], [ -121.88886300000128, 37.407575000001145 ], [ -121.880261000001894, 37.414516000000788 ], [ -121.875045000001165, 37.416007000001123 ], [ -121.870267000001107, 37.40912400000142 ], [ -121.864361000001395, 37.401056000000715 ], [ -121.859413000001723, 37.394099000000821 ], [ -121.846925000001661, 37.399793000001381 ], [ -121.842333000001474, 37.390448000001079 ], [ -121.834225000001993, 37.39258900000123 ], [ -121.828045000001595, 37.380202000001319 ], [ -121.835609000001682, 37.375110000001229 ], [ -121.843013000001847, 37.370077000001572 ], [ -121.846104000001077, 37.368075000001483 ], [ -121.854757000001399, 37.376782000000915 ], [ -121.863251000001753, 37.370940000000978 ], [ -121.854807000001315, 37.362090000001139 ], [ -121.860698000001278, 37.357988000001221 ], [ -121.855465000001743, 37.352735000000848 ], [ -121.861728000001719, 37.349762000001206 ], [ -121.873804000001286, 37.359704000001592 ], [ -121.877449000001818, 37.36108000000155 ], [ -121.890661000001444, 37.353617000001421 ], [ -121.897038000000961, 37.350591000000883 ], [ -121.894953000001436, 37.342046000000821 ], [ -121.893828000001378, 37.340548000001526 ], [ -121.890566000001087, 37.336168000000882 ], [ -121.885984000001159, 37.330023000000928 ], [ -121.892170000001244, 37.323753000001417 ], [ -121.902233000001246, 37.318704000000828 ], [ -121.902625000001706, 37.321360000001548 ], [ -121.913733000001656, 37.320753000001318 ], [ -121.913747000001095, 37.323489000001338 ], [ -121.922762000001526, 37.323435000001041 ], [ -121.931841000001882, 37.316949000001358 ], [ -121.9317900000013, 37.310734000000991 ], [ -121.921973000001316, 37.306913000000669 ], [ -121.922689000001483, 37.299831000001198 ], [ -121.931669000001222, 37.297222000001071 ], [ -121.93168600000142, 37.29439700000156 ], [ -121.938320000001497, 37.29438900000136 ], [ -121.949800000001417, 37.294310000001602 ], [ -121.960830000001224, 37.294310000001175 ], [ -121.976621000001344, 37.293795000001417 ], [ -121.9766500000012, 37.286090000001401 ], [ -121.976591000001633, 37.285990000001263 ], [ -121.960706000001665, 37.28696000000101 ], [ -121.960960000001094, 37.284350000001545 ], [ -121.970372000001674, 37.277297000001255 ], [ -121.976679000001965, 37.277356000001276 ], [ -121.990655000001624, 37.269106000000875 ], [ -121.995180000001824, 37.250810000001245 ], [ -121.969180000001685, 37.250840000001389 ], [ -121.976870000001057, 37.239660000001365 ], [ -121.984223000002046, 37.23107800000146 ], [ -121.984581000001199, 37.231291000001178 ], [ -122.00238300000116, 37.241492000001138 ], [ -122.024670000001365, 37.215844000001532 ], [ -122.028800000001553, 37.217522000001146 ], [ -122.048832000001937, 37.252037000001465 ], [ -122.078101000001823, 37.28613100000085 ], [ -122.081572000001216, 37.295342000000929 ], [ -122.079134000001318, 37.322379000000772 ], [ -122.068710000001559, 37.333570000001536 ], [ -122.068515000001554, 37.334190000000923 ], [ -122.068710000002, 37.337970000001491 ], [ -122.062400000001944, 37.337540000001518 ] ] ] } },
{ "type": "Feature", "properties": { "opt_all": 18, "population": 761955.0, "voting_age_pop": 585823.0, "dem_votes": 218070.0, "rep_votes": 72096.0, "minority_pop": 342559.0, "dem_pct": 0.75153532779459509, "rep_pct": 0.24846467186077464 }, "geometry": { "type": "Polygon", "coordinates": [ [ [ -122.076399000001686, 36.91019900000142 ], [ -122.172024000001841, 36.942681000001258 ], [ -122.251082000001318, 36.985833000001463 ], [ -122.276375000000996, 37.024834000001327 ], [ -122.313899000001882, 37.05476400000132 ], [ -122.294887000002007, 37.104146000000881 ], [ -122.317682000001284, 37.186945000001415 ], [ -122.242660000001337, 37.190035000001153 ], [ -122.216684000001905, 37.215207000001051 ], [ -122.152774000001713, 37.215444000000808 ], [ -122.1522780000018, 37.286055000000822 ], [ -122.089810000000995, 37.223270000001229 ], [ -122.044121000001155, 37.200495000001339 ], [ -122.026107000001517, 37.166810000001149 ], [ -121.985032000000999, 37.14322800000123 ], [ -121.910685000001124, 37.113295000001074 ], [ -121.846290000001318, 37.097020000000931 ], [ -121.809076000001554, 37.069301000000991 ], [ -121.757600000001915, 37.049630000001216 ], [ -121.736186000001595, 37.015342000001425 ], [ -121.738697000001835, 36.989991000001488 ], [ -121.664257000001484, 36.963151000001169 ], [ -121.581154000001803, 36.919252000001357 ], [ -121.581354000001639, 36.899152000001187 ], [ -121.629489000001882, 36.911681000001074 ], [ -121.644001000001964, 36.893996000000975 ], [ -121.642565000001937, 36.873700000001008 ], [ -121.630106000001319, 36.857028000001122 ], [ -121.560563000001125, 36.805503000001231 ], [ -121.505748000001844, 36.758909000000749 ], [ -121.483002000001875, 36.765050000001587 ], [ -121.453152000001126, 36.790268000001056 ], [ -121.41237500000156, 36.769829000001351 ], [ -121.396921000001541, 36.809898000001581 ], [ -121.457744000001085, 36.84244800000117 ], [ -121.430792000002043, 36.851478000000867 ], [ -121.447138000001715, 36.858742000001591 ], [ -121.401238000001598, 36.866083000001225 ], [ -121.363663000001182, 36.855143000001142 ], [ -121.309198000001075, 36.853529000001608 ], [ -121.269818000001578, 36.798479000001343 ], [ -121.208816000001434, 36.820853000001335 ], [ -121.194000000001964, 36.859361000001542 ], [ -121.148544000002076, 36.853789000000901 ], [ -121.141523000001897, 36.836656000000815 ], [ -120.933682000001497, 36.751895000001056 ], [ -120.918731000001742, 36.740381000001101 ], [ -120.855996000001795, 36.689802000001194 ], [ -120.603706000002063, 36.48824200000147 ], [ -120.597103000001937, 36.391314000001664 ], [ -120.596562000001796, 36.328488000000903 ], [ -120.663131000001599, 36.314385000001046 ], [ -120.682723000002142, 36.29444100000098 ], [ -120.678582000001342, 36.267319000001258 ], [ -120.681837000002076, 36.251046000000983 ], [ -120.626910000001857, 36.203227000001114 ], [ -120.667985000001096, 36.160574000001162 ], [ -120.648784000001598, 36.107990000001386 ], [ -120.592311000001715, 36.091831000001392 ], [ -120.592308000001623, 36.071881000001106 ], [ -120.540409000001702, 36.036664000001629 ], [ -120.497549000001925, 36.020177000001489 ], [ -120.449700000001684, 35.988432000000941 ], [ -120.362256000001537, 35.965190000001542 ], [ -120.315068000001517, 35.90718600000087 ], [ -120.275760000002094, 35.905881000001663 ], [ -120.243275000001802, 35.877669000001305 ], [ -120.259302000002222, 35.845053000001606 ], [ -120.220667000001797, 35.819542000001192 ], [ -120.213979000001245, 35.789276000000839 ], [ -120.721938000001998, 35.791113000001666 ], [ -120.730779000001647, 35.791109000000979 ], [ -121.185056000002035, 35.794161000001615 ], [ -121.3497800000018, 35.795193000001284 ], [ -121.354155000002137, 35.795198000000944 ], [ -121.438176000001079, 35.796655000001145 ], [ -121.519192000001482, 35.863400000001022 ], [ -121.561461000001842, 35.943818000001052 ], [ -121.620365000001257, 35.969109000001133 ], [ -121.648180000001616, 35.998617000001602 ], [ -121.674359000001516, 36.064661000001195 ], [ -121.727812000001677, 36.129009000001567 ], [ -121.770693000002083, 36.162014000001285 ], [ -121.8501530000012, 36.19234000000111 ], [ -121.88019300000164, 36.210314000001006 ], [ -121.911267000001118, 36.248756000001329 ], [ -121.959053000001475, 36.287108000001261 ], [ -121.970391000001996, 36.383368000001603 ], [ -121.999472000001802, 36.466451000001577 ], [ -122.021998000001119, 36.508908000001455 ], [ -122.017455000001704, 36.537405000001655 ], [ -122.037459000002102, 36.560381000000902 ], [ -122.042748000001396, 36.596627000000908 ], [ -122.001124000001127, 36.647704000000957 ], [ -122.051878000001835, 36.819600000000989 ], [ -122.076399000001686, 36.91019900000142 ] ] ] } },
{ "type": "Feature", "properties": { "opt_all": 19, "population": 763811.0, "voting_age_pop": 595447.0, "dem_votes": 204933.0, "rep_votes": 68154.0, "minority_pop": 500351.0, "dem_pct": 0.75043118099710671, "rep_pct": 0.2495688186367096 }, "geometry": { "type": "Polygon", "coordinates": [ [ [ -122.044587000001641, 37.460666000000835 ], [ -122.061484000001514, 37.491605000001549 ], [ -122.103995000001035, 37.493706000001595 ], [ -122.117393000001684, 37.506894000000813 ], [ -122.135769000001758, 37.558852000000655 ], [ -122.084326000001155, 37.568039000001093 ], [ -122.08347200000172, 37.568328000001266 ], [ -122.075984000001327, 37.569928000000907 ], [ -122.067442000000995, 37.579617000001491 ], [ -122.074061000001421, 37.584622000001161 ], [ -122.068734000001683, 37.591103000001546 ], [ -122.069993000002, 37.592375000001162 ], [ -122.074039000001605, 37.596464000000857 ], [ -122.061052000001922, 37.598688000001637 ], [ -122.065660000001003, 37.605143000001242 ], [ -122.034500000001003, 37.609060000001271 ], [ -122.023240000001707, 37.6090480000016 ], [ -122.020037000001636, 37.606243000000873 ], [ -122.030028000001522, 37.62885500000101 ], [ -122.014024000001157, 37.631686000001096 ], [ -121.968900000001085, 37.643085000001172 ], [ -121.943330000001922, 37.624533000001541 ], [ -121.947011000001794, 37.597896000000794 ], [ -121.932767000001718, 37.591732000001151 ], [ -121.93173900000194, 37.572744000001293 ], [ -121.915067000001997, 37.556250000001015 ], [ -121.879065000001233, 37.528855000001641 ], [ -121.87828400000096, 37.503719000000864 ], [ -121.870115000001476, 37.480729000000998 ], [ -121.855762000001164, 37.484537000001332 ], [ -121.819900000001439, 37.435480000000958 ], [ -121.791975000001457, 37.403516000001332 ], [ -121.753946000001434, 37.363751000001237 ], [ -121.801604000001319, 37.355527000001366 ], [ -121.790636000001797, 37.346218000000867 ], [ -121.785202000001817, 37.338684000001585 ], [ -121.770673000001239, 37.332241000001069 ], [ -121.745513000000997, 37.329407000001439 ], [ -121.732563000001463, 37.339345000000897 ], [ -121.712463000001762, 37.289149000001025 ], [ -121.727571000001404, 37.264056000000913 ], [ -121.733432000001798, 37.248829000001201 ], [ -121.747478000001379, 37.22952600000157 ], [ -121.751149000002002, 37.226434000001653 ], [ -121.770862000001713, 37.217377000001278 ], [ -121.774442000001258, 37.222702000000965 ], [ -121.778987000001877, 37.224585000001241 ], [ -121.788902000001286, 37.222766000001478 ], [ -121.803662000001324, 37.224639000000799 ], [ -121.803840000001756, 37.23699000000088 ], [ -121.804056000001765, 37.243020000001053 ], [ -121.817689000001025, 37.24341400000111 ], [ -121.829988000001435, 37.247493000001278 ], [ -121.836510000001638, 37.250723000001493 ], [ -121.8483010000012, 37.255390000001121 ], [ -121.844786000001065, 37.265966000000887 ], [ -121.852474000001237, 37.265664000001244 ], [ -121.852166000001844, 37.274555000001229 ], [ -121.841897000001154, 37.276928000001277 ], [ -121.837354000001085, 37.279890000001416 ], [ -121.843599000002101, 37.285925000001626 ], [ -121.845266000001047, 37.287454000001205 ], [ -121.83502800000204, 37.295134000000829 ], [ -121.833214000001277, 37.293421000001338 ], [ -121.824947000001686, 37.284447000001052 ], [ -121.813626000001335, 37.284112000001322 ], [ -121.824578000001367, 37.298469000000793 ], [ -121.816774000002042, 37.302981000000869 ], [ -121.824692000001306, 37.311164000001504 ], [ -121.840863000001036, 37.312371000000759 ], [ -121.840205000001845, 37.312787000001315 ], [ -121.836509000001399, 37.315172000001539 ], [ -121.831763000001601, 37.31845700000131 ], [ -121.840183000001957, 37.327249000001061 ], [ -121.831756000001647, 37.328287000001481 ], [ -121.843109000001178, 37.339904000000864 ], [ -121.846326000001298, 37.343204000000874 ], [ -121.852651000001913, 37.349850000001318 ], [ -121.855465000001743, 37.352735000000848 ], [ -121.860698000001278, 37.357988000001221 ], [ -121.854807000001315, 37.362090000001139 ], [ -121.863251000001753, 37.370940000000978 ], [ -121.854757000001399, 37.376782000000915 ], [ -121.846104000001077, 37.368075000001483 ], [ -121.843013000001847, 37.370077000001572 ], [ -121.835609000001682, 37.375110000001229 ], [ -121.828045000001595, 37.380202000001319 ], [ -121.834225000001993, 37.39258900000123 ], [ -121.842333000001474, 37.390448000001079 ], [ -121.846925000001661, 37.399793000001381 ], [ -121.859413000001723, 37.394099000000821 ], [ -121.864361000001395, 37.401056000000715 ], [ -121.870267000001107, 37.40912400000142 ], [ -121.875045000001165, 37.416007000001123 ], [ -121.880261000001894, 37.414516000000788 ], [ -121.88886300000128, 37.407575000001145 ], [ -121.887876000001526, 37.406952000001191 ], [ -121.890580000001918, 37.403313000001461 ], [ -121.90286300000156, 37.40440700000147 ], [ -121.90890100000172, 37.401725000001413 ], [ -121.912926000001576, 37.415552000000851 ], [ -121.916383000001858, 37.425772000000968 ], [ -121.919898000001155, 37.440032000001594 ], [ -121.923001000001847, 37.455296000001475 ], [ -121.996671000001797, 37.46723900000076 ], [ -122.044587000001641, 37.460666000000835 ] ] ] } },
{ "type": "Feature", "properties": { "opt_all": 20, "population": 761839.0, "voting_age_pop": 539193.0, "dem_votes": 94902.0, "rep_votes": 94598.0, "minority_pop": 394435.0, "dem_pct": 0.50080211055366641, "rep_pct": 0.4991978889186291 }, "geometry": { "type": "Polygon", "coordinates": [ [ [ -120.449700000001684, 35.988432000000941 ], [ -120.497549000001925, 36.020177000001489 ], [ -120.540409000001702, 36.036664000001629 ], [ -120.592308000001623, 36.071881000001106 ], [ -120.592311000001715, 36.091831000001392 ], [ -120.648784000001598, 36.107990000001386 ], [ -120.667985000001096, 36.160574000001162 ], [ -120.626910000001857, 36.203227000001114 ], [ -120.681837000002076, 36.251046000000983 ], [ -120.678582000001342, 36.267319000001258 ], [ -120.682723000002142, 36.29444100000098 ], [ -120.663131000001599, 36.314385000001046 ], [ -120.596562000001796, 36.328488000000903 ], [ -120.597103000001937, 36.391314000001664 ], [ -120.603706000002063, 36.48824200000147 ], [ -120.855996000001795, 36.689802000001194 ], [ -120.918731000001742, 36.740381000001101 ], [ -120.684361000001715, 36.930050000000826 ], [ -120.653699000001282, 36.952823000001189 ], [ -120.590566000001601, 36.95264100000152 ], [ -120.598564000001446, 36.998630000001363 ], [ -120.541696000001494, 37.044505000000989 ], [ -120.483795000001606, 36.970985000001619 ], [ -120.462256000001659, 36.927547000001113 ], [ -120.459074000001962, 36.876548000000803 ], [ -120.448984000001843, 36.858345000001144 ], [ -120.422187000001458, 36.840139000001493 ], [ -120.379098000001235, 36.817166000001698 ], [ -120.369052000002156, 36.784805000001533 ], [ -120.324216000001243, 36.786304000000833 ], [ -120.285504000002021, 36.773504000001637 ], [ -120.229179000001963, 36.769687000001184 ], [ -120.188830000001403, 36.776408000001616 ], [ -120.168484000001541, 36.803438000001691 ], [ -120.057776000002136, 36.822860000001597 ], [ -119.943507000001887, 36.834030000001498 ], [ -119.934517000001335, 36.800491000001074 ], [ -119.898396000002279, 36.800748000000944 ], [ -119.886692000001219, 36.815072000001507 ], [ -119.877094000001961, 36.808229000001759 ], [ -119.844433000001715, 36.808286000001061 ], [ -119.8410790000014, 36.808228000000888 ], [ -119.826379000001836, 36.798657000001519 ], [ -119.817508000001439, 36.792895000001579 ], [ -119.817588000001606, 36.779361000001479 ], [ -119.826542000001524, 36.779311000001215 ], [ -119.826449000001915, 36.786554000001424 ], [ -119.844318000001863, 36.7864540000011 ], [ -119.841965000002006, 36.779230000000915 ], [ -119.834083000002082, 36.771940000001585 ], [ -119.817618000001687, 36.772077000001282 ], [ -119.817640000001447, 36.764793000000893 ], [ -119.829196000001957, 36.764689000000878 ], [ -119.813455000001483, 36.750368000000805 ], [ -119.808363000001293, 36.750369000001534 ], [ -119.802836000001435, 36.750393000001139 ], [ -119.791918000001957, 36.750425000001478 ], [ -119.796781000001715, 36.743287000000933 ], [ -119.790001000001595, 36.730470000000992 ], [ -119.787821000002182, 36.728475000001573 ], [ -119.796693000001881, 36.722119000001342 ], [ -119.791621000001783, 36.720781000001523 ], [ -119.790739000002262, 36.714154000001137 ], [ -119.817891000001964, 36.714015000001069 ], [ -119.817923000001315, 36.706760000001594 ], [ -119.817845000001881, 36.692200000001137 ], [ -119.790714000001458, 36.699556000001223 ], [ -119.772684000001163, 36.699631000001105 ], [ -119.772766000001582, 36.66335700000122 ], [ -119.718103000001818, 36.663598000001251 ], [ -119.654330000001565, 36.605413000001278 ], [ -119.610631000001575, 36.605278000001384 ], [ -119.574854000001295, 36.605132000001639 ], [ -119.575032000002096, 36.568745000000995 ], [ -119.575553000001165, 36.533514000001489 ], [ -119.575359000001924, 36.529312000001283 ], [ -119.575147000001465, 36.488840000001119 ], [ -119.791143000001924, 36.489289000001484 ], [ -119.797526000002193, 36.489292000001278 ], [ -119.798229000001157, 36.402034000001123 ], [ -119.753114000002, 36.401894000001171 ], [ -119.747117000001936, 36.416387000001698 ], [ -119.681318000001838, 36.429648000000917 ], [ -119.666290000001837, 36.418960000001697 ], [ -119.573194000002118, 36.488835000001195 ], [ -119.549995000001644, 36.507764000001117 ], [ -119.537559000001721, 36.517802000001389 ], [ -119.518940000001862, 36.532295000001056 ], [ -119.489911000001939, 36.556724000000926 ], [ -119.457809000001262, 36.57526100000144 ], [ -119.431100000001763, 36.575076000001538 ], [ -119.430715000001314, 36.575165000000887 ], [ -119.41293100000216, 36.575220000001508 ], [ -119.377025000001822, 36.574681000001469 ], [ -119.358980000001324, 36.574455000001457 ], [ -119.318556000001877, 36.573885000001354 ], [ -119.304794000001706, 36.617887000000891 ], [ -119.304625000001423, 36.66060600000111 ], [ -119.224789000001905, 36.660323000001092 ], [ -119.174791000002045, 36.658878000001003 ], [ -119.201486000001793, 36.633663000001775 ], [ -119.222014000002119, 36.569795000001108 ], [ -119.214903000001541, 36.545106000001546 ], [ -119.243754000001857, 36.515120000001133 ], [ -119.226855000001621, 36.5005470000009 ], [ -119.185919000001277, 36.505520000001489 ], [ -119.156642000001526, 36.485075000001309 ], [ -119.240913000001598, 36.486172000001332 ], [ -119.241358000001483, 36.450154000001746 ], [ -119.286671000001377, 36.457659000000888 ], [ -119.288297000002117, 36.370952000001004 ], [ -119.23386700000124, 36.385230000001741 ], [ -119.233523000002137, 36.399515000000896 ], [ -119.206604000002258, 36.399409000000993 ], [ -119.215648000001366, 36.370533000001544 ], [ -119.216123000002042, 36.353713000001683 ], [ -119.220448000002037, 36.349143000001433 ], [ -119.260980000001922, 36.341969000001583 ], [ -119.260755000001566, 36.327572000001467 ], [ -119.278768000001321, 36.326686000001175 ], [ -119.278628000001603, 36.312655000001691 ], [ -119.242862000001324, 36.305505000000991 ], [ -119.242606000001715, 36.312587000001592 ], [ -119.224684000002114, 36.31245700000099 ], [ -119.207050000001558, 36.31229900000104 ], [ -119.196703000002273, 36.31221700000112 ], [ -119.171127000002073, 36.311955000001198 ], [ -119.171989000001844, 36.297560000001383 ], [ -119.117534000001839, 36.296880000001394 ], [ -119.118076000002205, 36.275132000001065 ], [ -119.172058000001584, 36.268513000001334 ], [ -119.172165000001584, 36.253939000001466 ], [ -119.206937000002114, 36.254217000001091 ], [ -119.198829000001282, 36.210764000001468 ], [ -119.232878000001847, 36.167350000001491 ], [ -119.08419600000208, 36.167261000001268 ], [ -119.042940000001764, 36.104345000001317 ], [ -119.039973000002036, 36.098240000000963 ], [ -119.039120000002313, 36.080512000001193 ], [ -119.039279000001841, 36.076840000001042 ], [ -119.025309000001883, 36.076749000000952 ], [ -119.0085020000014, 36.076584000001354 ], [ -119.008297000001718, 36.069347000001628 ], [ -119.00823400000148, 36.065092000001336 ], [ -119.008127000001807, 36.051154000001709 ], [ -119.039437000001442, 36.036729000001138 ], [ -119.053239000002165, 35.980166000001596 ], [ -119.107424000001316, 35.97772200000167 ], [ -119.107851000002114, 35.891766000001006 ], [ -119.250412000002285, 35.891896000001552 ], [ -119.281357000002203, 35.913500000001534 ], [ -119.285908000001257, 35.882108000001388 ], [ -119.250326000001863, 35.855463000001556 ], [ -119.249190000002045, 35.790449000001225 ], [ -119.252862000001883, 35.790433000001826 ], [ -119.258792000002245, 35.790421000001061 ], [ -119.303133000001679, 35.790344000001674 ], [ -119.321192000002043, 35.790313000000879 ], [ -119.355192000001736, 35.790278000001138 ], [ -119.538120000001314, 35.789898000001173 ], [ -119.868836000002204, 35.788977000001076 ], [ -120.194369000001942, 35.789363000001401 ], [ -120.213979000001245, 35.789276000000839 ], [ -120.220667000001797, 35.819542000001192 ], [ -120.259302000002222, 35.845053000001606 ], [ -120.243275000001802, 35.877669000001305 ], [ -120.275760000002094, 35.905881000001663 ], [ -120.315068000001517, 35.90718600000087 ], [ -120.362256000001537, 35.965190000001542 ], [ -120.449700000001684, 35.988432000000941 ] ] ] } },
{ "type": "Feature", "properties": { "opt_all": 21, "population": 760141.0, "voting_age_pop": 555259.0, "dem_votes": 131623.0, "rep_votes": 122121.0, "minority_pop": 360858.0, "dem_pct": 0.51872359523034095, "rep_pct": 0.48127640437556102 }, "geometry": { "type": "Polygon", "coordinates": [ [ [ -119.817891000001964, 36.714015000001069 ], [ -119.790739000002262, 36.714154000001137 ], [ -119.791621000001783, 36.720781000001523 ], [ -119.796693000001881, 36.722119000001342 ], [ -119.787821000002182, 36.728475000001573 ], [ -119.790001000001595, 36.730470000000992 ], [ -119.796781000001715, 36.743287000000933 ], [ -119.791918000001957, 36.750425000001478 ], [ -119.802836000001435, 36.750393000001139 ], [ -119.808363000001293, 36.750369000001534 ], [ -119.813455000001483, 36.750368000000805 ], [ -119.829196000001957, 36.764689000000878 ], [ -119.817640000001447, 36.764793000000893 ], [ -119.817618000001687, 36.772077000001282 ], [ -119.834083000002082, 36.771940000001585 ], [ -119.841965000002006, 36.779230000000915 ], [ -119.844318000001863, 36.7864540000011 ], [ -119.826449000001915, 36.786554000001424 ], [ -119.826542000001524, 36.779311000001215 ], [ -119.817588000001606, 36.779361000001479 ], [ -119.817508000001439, 36.792895000001579 ], [ -119.826379000001836, 36.798657000001519 ], [ -119.8410790000014, 36.808228000000888 ], [ -119.844433000001715, 36.808286000001061 ], [ -119.877094000001961, 36.808229000001759 ], [ -119.886692000001219, 36.815072000001507 ], [ -119.898396000002279, 36.800748000000944 ], [ -119.934517000001335, 36.800491000001074 ], [ -119.943507000001887, 36.834030000001498 ], [ -119.932338000001423, 36.843323000001185 ], [ -119.905965000001842, 36.850105000001214 ], [ -119.85668300000124, 36.852047000001065 ], [ -119.818746000001937, 36.848068000001462 ], [ -119.812425000001284, 36.852657000001173 ], [ -119.792884000002118, 36.876214000000829 ], [ -119.772737000001342, 36.918599000001073 ], [ -119.747201000001283, 36.938428000001728 ], [ -119.740500000001319, 36.970212000001602 ], [ -119.713182000001439, 36.991638000001331 ], [ -119.705356000001601, 36.999794000001032 ], [ -119.621116000001564, 37.026605000001055 ], [ -119.604908000001942, 37.071016000001052 ], [ -119.562979000001761, 37.064095000001501 ], [ -119.567234000001477, 37.115946000000989 ], [ -119.559412000001998, 37.14361900000138 ], [ -119.523541000001487, 37.129302000001751 ], [ -119.506733000002086, 37.150554000001442 ], [ -119.462634000001714, 37.144211000001128 ], [ -119.399787000001936, 37.149835000001083 ], [ -119.386521000001395, 37.149530000001093 ], [ -119.330573000001664, 37.205791000001149 ], [ -119.335189000001563, 37.310774000001523 ], [ -119.315210000001684, 37.348009000001639 ], [ -119.286658000001239, 37.374943000001231 ], [ -119.022363000001405, 37.585737000001217 ], [ -118.964061000001394, 37.558137000001757 ], [ -118.917158000001436, 37.550336000001202 ], [ -118.850474000001356, 37.475796000001203 ], [ -118.797097000002083, 37.488712000001293 ], [ -118.775014000002045, 37.46305200000122 ], [ -118.759581000001205, 37.435573000001675 ], [ -118.790031000002045, 37.394032000000855 ], [ -118.769735000002157, 37.368773000001347 ], [ -118.786736000001795, 37.34338000000109 ], [ -118.740026000002274, 37.315237000000913 ], [ -118.716016000002114, 37.328208000001531 ], [ -118.665167000002285, 37.261009000001629 ], [ -118.684611000002235, 37.242819000001518 ], [ -118.672282000001942, 37.168487000001754 ], [ -118.654593000001285, 37.141826000001565 ], [ -118.59108600000198, 37.136589000001678 ], [ -118.568410000001577, 37.115295000001112 ], [ -118.530932000001513, 37.111180000001333 ], [ -118.467332000002202, 37.066745000001688 ], [ -118.422595000001422, 37.024360000001259 ], [ -118.409133000001844, 36.980535000000913 ], [ -118.360831000001497, 36.887734000001075 ], [ -118.361522000001941, 36.845269000001224 ], [ -118.38975800000226, 36.834466000001171 ], [ -118.380230000001873, 36.782234000001615 ], [ -118.360586000002044, 36.744773000001487 ], [ -118.555487000001222, 36.744746000001662 ], [ -118.555031000002245, 36.739138000001532 ], [ -118.982441000002041, 36.741646000001438 ], [ -118.984779000001524, 36.657147000001117 ], [ -119.014425000001722, 36.657353000001748 ], [ -119.174791000002045, 36.658878000001003 ], [ -119.224789000001905, 36.660323000001092 ], [ -119.304625000001423, 36.66060600000111 ], [ -119.304794000001706, 36.617887000000891 ], [ -119.318556000001877, 36.573885000001354 ], [ -119.358980000001324, 36.574455000001457 ], [ -119.377025000001822, 36.574681000001469 ], [ -119.41293100000216, 36.575220000001508 ], [ -119.430715000001314, 36.575165000000887 ], [ -119.431100000001763, 36.575076000001538 ], [ -119.457809000001262, 36.57526100000144 ], [ -119.489911000001939, 36.556724000000926 ], [ -119.518940000001862, 36.532295000001056 ], [ -119.537559000001721, 36.517802000001389 ], [ -119.549995000001644, 36.507764000001117 ], [ -119.573194000002118, 36.488835000001195 ], [ -119.666290000001837, 36.418960000001697 ], [ -119.681318000001838, 36.429648000000917 ], [ -119.747117000001936, 36.416387000001698 ], [ -119.753114000002, 36.401894000001171 ], [ -119.798229000001157, 36.402034000001123 ], [ -119.797526000002193, 36.489292000001278 ], [ -119.791143000001924, 36.489289000001484 ], [ -119.575147000001465, 36.488840000001119 ], [ -119.575359000001924, 36.529312000001283 ], [ -119.575553000001165, 36.533514000001489 ], [ -119.575032000002096, 36.568745000000995 ], [ -119.574854000001295, 36.605132000001639 ], [ -119.610631000001575, 36.605278000001384 ], [ -119.654330000001565, 36.605413000001278 ], [ -119.718103000001818, 36.663598000001251 ], [ -119.772766000001582, 36.66335700000122 ], [ -119.772684000001163, 36.699631000001105 ], [ -119.790714000001458, 36.699556000001223 ], [ -119.817845000001881, 36.692200000001137 ], [ -119.817923000001315, 36.706760000001594 ], [ -119.817891000001964, 36.714015000001069 ] ] ] } },
{ "type": "Feature", "properties": { "opt_all": 22, "population": 762680.0, "voting_age_pop": 546567.0, "dem_votes": 103564.0, "rep_votes": 123247.0, "minority_pop": 360456.0, "dem_pct": 0.45660924714559292, "rep_pct": 0.54339075241351131 }, "geometry": { "type": "Polygon", "coordinates": [ [ [ -119.309803000001807, 35.266270000001406 ], [ -119.349286000001754, 35.299839000001739 ], [ -119.394685000001502, 35.321318000001497 ], [ -119.521314000001283, 35.367887000001481 ], [ -119.542315000001963, 35.389340000001198 ], [ -119.597819000002175, 35.414870000001336 ], [ -119.638612000002084, 35.468663000000994 ], [ -119.647663000001273, 35.499283000000887 ], [ -119.806984000001435, 35.499112000001247 ], [ -119.85801400000156, 35.484049000001541 ], [ -119.910750000001244, 35.452778000001466 ], [ -119.9136590000018, 35.439262000001058 ], [ -119.993150000001705, 35.439470000001592 ], [ -119.997449000001794, 35.468708000001442 ], [ -120.051016000001241, 35.513066000001594 ], [ -120.086766000001418, 35.526432000001392 ], [ -120.086180000001633, 35.61439700000102 ], [ -120.193988000001639, 35.614389000001545 ], [ -120.193842000001595, 35.726492000001357 ], [ -120.224327000002233, 35.744062000001243 ], [ -120.288793000001505, 35.733645000001118 ], [ -120.366034000001164, 35.662363000001321 ], [ -120.560851000001819, 35.659267000001087 ], [ -120.560792000001996, 35.54758600000163 ], [ -120.657666000001555, 35.564084000000932 ], [ -120.701898000001236, 35.56575100000105 ], [ -120.71382600000166, 35.543805000001171 ], [ -120.749478000001716, 35.53401400000147 ], [ -120.775645000001475, 35.551322000001484 ], [ -120.859271000001513, 35.534043000001496 ], [ -120.909227000001678, 35.578337000001291 ], [ -120.946355000001518, 35.597404000001454 ], [ -120.980605000001646, 35.634023000000951 ], [ -121.0161560000018, 35.646605000000946 ], [ -121.062448000002206, 35.681908000001421 ], [ -121.090266000001719, 35.690611000001596 ], [ -121.183914000001167, 35.778381000001431 ], [ -121.185056000002035, 35.794161000001615 ], [ -120.730779000001647, 35.791109000000979 ], [ -120.721938000001998, 35.791113000001666 ], [ -120.213979000001245, 35.789276000000839 ], [ -120.194369000001942, 35.789363000001401 ], [ -119.868836000002204, 35.788977000001076 ], [ -119.538120000001314, 35.789898000001173 ], [ -119.355192000001736, 35.790278000001138 ], [ -119.321192000002043, 35.790313000000879 ], [ -119.303133000001679, 35.790344000001674 ], [ -119.258792000002245, 35.790421000001061 ], [ -119.252862000001883, 35.790433000001826 ], [ -119.249190000002045, 35.790449000001225 ], [ -119.240942000002235, 35.79045700000124 ], [ -119.223494000001878, 35.790487000001491 ], [ -119.053437000002262, 35.790774000001122 ], [ -118.802440000002036, 35.790166000001264 ], [ -118.570789000001398, 35.789721000001009 ], [ -118.448908000001495, 35.792363000001728 ], [ -118.360993000002125, 35.790256000001349 ], [ -118.058925000002176, 35.791474000001671 ], [ -118.008094000002075, 35.788935000001352 ], [ -117.923003000001927, 35.786686000001076 ], [ -117.903634000002356, 35.798392000001094 ], [ -117.913904000001594, 35.778915000001589 ], [ -117.905126000001886, 35.739875000001057 ], [ -117.907897000001682, 35.677436000001492 ], [ -117.886266000001356, 35.659407000000996 ], [ -117.916642000001318, 35.597530000001839 ], [ -117.942701000001847, 35.567852000000954 ], [ -117.994980000002357, 35.545547000001676 ], [ -118.018094000001526, 35.50076200000116 ], [ -117.999462000001316, 35.447472000000957 ], [ -118.024603000002244, 35.421387000001552 ], [ -118.044676000002354, 35.315497000001734 ], [ -118.098579000001521, 35.309133000001637 ], [ -118.117190000002097, 35.373319000001544 ], [ -118.163064000001597, 35.372671000001439 ], [ -118.187102000002199, 35.384344000001178 ], [ -118.223137000001444, 35.377766000001529 ], [ -118.243168000002001, 35.357085000001724 ], [ -118.308258000002141, 35.395690000001252 ], [ -118.316397000001444, 35.430482000001689 ], [ -118.345774000001356, 35.459706000001383 ], [ -118.412606000001446, 35.425149000001511 ], [ -118.414664000001395, 35.3986880000013 ], [ -118.5021580000016, 35.405867000001194 ], [ -118.559559000002238, 35.375550000001255 ], [ -118.553085000001886, 35.359907000001115 ], [ -118.591250000001665, 35.327727000001516 ], [ -118.583725000001962, 35.304757000001601 ], [ -118.632200000001447, 35.289592000001001 ], [ -118.715212000002126, 35.32368600000148 ], [ -118.758207000001846, 35.329540000001309 ], [ -118.787952000001539, 35.31586500000104 ], [ -118.843174000001397, 35.338165000001688 ], [ -118.878597000001434, 35.325400000001352 ], [ -118.914302000002337, 35.325259000001317 ], [ -118.93208100000146, 35.295984000001042 ], [ -118.985380000001484, 35.295916000001505 ], [ -119.003061000001594, 35.29589300000179 ], [ -119.011909000001523, 35.295882000001413 ], [ -119.011923000001801, 35.281355000001156 ], [ -119.003066000001596, 35.281367000000991 ], [ -119.02494800000224, 35.274010000001844 ], [ -119.023083000001918, 35.26687400000155 ], [ -119.003107000002046, 35.23772700000174 ], [ -119.109856000001542, 35.237999000001317 ], [ -119.128330000001483, 35.267231000000933 ], [ -119.252718000001565, 35.267352000001281 ], [ -119.309803000001807, 35.266270000001406 ] ] ] } },
{ "type": "Feature", "properties": { "opt_all": 23, "population": 760703.0, "voting_age_pop": 565133.0, "dem_votes": 133309.0, "rep_votes": 142169.0, "minority_pop": 336433.0, "dem_pct": 0.4839188608586098, "rep_pct": 0.5160811387783848 }, "geometry": { "type": "Polygon", "coordinates": [ [ [ -118.543439000002081, 34.31668100000136 ], [ -118.598190000002035, 34.329802000001273 ], [ -118.6228190000013, 34.349022000000929 ], [ -118.670593000002, 34.360692000001471 ], [ -118.692900000001401, 34.406088000001702 ], [ -118.726568000001535, 34.474507000001182 ], [ -118.820915000001634, 34.665851000001204 ], [ -118.880405000001815, 34.788655000001725 ], [ -118.894634000002156, 34.817972000001255 ], [ -118.881681000002104, 34.817848000001192 ], [ -118.587596000001639, 34.818263000001807 ], [ -118.326281000001515, 34.819726000001786 ], [ -118.220048000002194, 34.82013800000172 ], [ -118.140075000001644, 34.820851000001248 ], [ -117.774368000002113, 34.8233010000014 ], [ -117.667292000001495, 34.822526000001069 ], [ -117.667244000001858, 34.734334000001539 ], [ -117.613896000002114, 34.719454000001278 ], [ -117.366710000001575, 34.731784000001198 ], [ -117.36531300000162, 34.76229600000147 ], [ -117.330148000001756, 34.77669300000187 ], [ -117.292982000002084, 34.776318000001758 ], [ -117.260889000001967, 34.79851700000134 ], [ -117.234325000002102, 34.799197000001364 ], [ -117.192100000002284, 34.835577000001102 ], [ -117.214550000001822, 34.788779000001831 ], [ -117.183078000001444, 34.765670000001194 ], [ -117.163931000001966, 34.755129000001233 ], [ -117.101680000001593, 34.805330000001526 ], [ -117.046832000001601, 34.824202000001456 ], [ -117.028000000001782, 34.819370000001257 ], [ -117.00856200000176, 34.757348000001713 ], [ -117.044366000002285, 34.732095000001109 ], [ -117.080762000001684, 34.722438000001574 ], [ -117.096512000002377, 34.689067000001195 ], [ -117.051267000002355, 34.66303900000112 ], [ -116.979574000001563, 34.601825000001519 ], [ -116.947191000002434, 34.545751000001886 ], [ -117.007374000001604, 34.480536000001671 ], [ -117.051012000001563, 34.450311000001896 ], [ -117.096765000002165, 34.471925000001896 ], [ -117.125309000001479, 34.47375800000188 ], [ -117.181492000001796, 34.471580000001566 ], [ -117.207616000001366, 34.442545000001566 ], [ -117.237891000001525, 34.41315600000182 ], [ -117.241803000001624, 34.400774000001178 ], [ -117.241546000001819, 34.350869000001239 ], [ -117.241694000002354, 34.340538000001018 ], [ -117.263144000002285, 34.310999000001573 ], [ -117.222156000001405, 34.282867000001431 ], [ -117.222006000002096, 34.280217000001727 ], [ -117.236584000001642, 34.238174000001351 ], [ -117.239968000001838, 34.23768600000114 ], [ -117.251292000002124, 34.228317000001354 ], [ -117.268311000002058, 34.223233000001613 ], [ -117.278435000001579, 34.175673000001588 ], [ -117.291606000002318, 34.181377000001781 ], [ -117.298481000001857, 34.184342000001358 ], [ -117.330426000001793, 34.208190000001764 ], [ -117.349529000002121, 34.210206000001037 ], [ -117.415297000001516, 34.242231000001681 ], [ -117.426291000001726, 34.234623000001584 ], [ -117.466460000002357, 34.258401000001584 ], [ -117.453233000001717, 34.292915000001948 ], [ -117.4820690000018, 34.3331180000011 ], [ -117.437993000002422, 34.35415400000101 ], [ -117.459075000002059, 34.368527000001244 ], [ -117.505457000001542, 34.383124000001338 ], [ -117.569309000002093, 34.383134000001711 ], [ -117.594206000001634, 34.382860000001699 ], [ -117.608322000001493, 34.373657000001906 ], [ -117.607681000001705, 34.327201000001878 ], [ -117.650459000002044, 34.339025000001506 ], [ -117.655213000002178, 34.396953000001446 ], [ -117.655235000001838, 34.397222000001179 ], [ -117.676088000001542, 34.426055000001249 ], [ -117.921730000002086, 34.426104000001807 ], [ -117.973155000001313, 34.438762000001468 ], [ -117.992208000001838, 34.499246000001392 ], [ -118.030366000002019, 34.505927000001066 ], [ -118.003598000002157, 34.521227000001453 ], [ -117.977953000001463, 34.557945000001496 ], [ -118.004968000002094, 34.579572000001185 ], [ -118.031768000001406, 34.579839000001293 ], [ -118.045085000001805, 34.580092000001308 ], [ -118.058341000002244, 34.580248000001674 ], [ -118.094271000001683, 34.587429000001059 ], [ -118.107661000001485, 34.5873360000014 ], [ -118.118658000002256, 34.587170000001827 ], [ -118.120955000001544, 34.601813000001428 ], [ -118.076232000001994, 34.602211000001759 ], [ -118.049770000001416, 34.627792000001115 ], [ -118.058872000002125, 34.660616000001184 ], [ -118.058923000001883, 34.667899000000958 ], [ -118.059240000002276, 34.689939000001857 ], [ -118.077145000001806, 34.718990000001241 ], [ -118.09498000000184, 34.718780000001026 ], [ -118.103554000001395, 34.71883600000163 ], [ -118.139434000001785, 34.718665000001131 ], [ -118.141782000001982, 34.733385000001583 ], [ -118.175082000001879, 34.73322400000179 ], [ -118.175611000001396, 34.76234800000114 ], [ -118.325414000001956, 34.761545000001334 ], [ -118.324273000001824, 34.703839000001651 ], [ -118.329637000001682, 34.662693000001774 ], [ -118.271235000002164, 34.64550900000156 ], [ -118.27119900000136, 34.616732000001527 ], [ -118.233364000001984, 34.61644800000154 ], [ -118.218630000001923, 34.614214000001503 ], [ -118.262352000001542, 34.609465000001286 ], [ -118.287729000001718, 34.581397000001651 ], [ -118.287605000001804, 34.558176000001751 ], [ -118.255505000001961, 34.539293000001877 ], [ -118.198230000001558, 34.542587000001681 ], [ -118.183796000001394, 34.55826600000168 ], [ -118.13602300000224, 34.505909000001473 ], [ -118.118625000001913, 34.502186000001558 ], [ -118.144162000002396, 34.485523000001209 ], [ -118.228070000001907, 34.500468000001426 ], [ -118.248190000001642, 34.50511500000124 ], [ -118.329713000001718, 34.466516000001832 ], [ -118.365688000001967, 34.47884000000132 ], [ -118.392371000002015, 34.433419000001095 ], [ -118.399379000001701, 34.430278000001543 ], [ -118.404197000001403, 34.428386000001716 ], [ -118.40560500000224, 34.38072700000135 ], [ -118.413348000002244, 34.381184000001426 ], [ -118.493485000002039, 34.377541000000988 ], [ -118.499691000001761, 34.371650000001011 ], [ -118.503351000001857, 34.365119000001783 ], [ -118.504007000001707, 34.337157000001412 ], [ -118.508341000001764, 34.333890000001425 ], [ -118.543439000002081, 34.31668100000136 ] ] ] } },
{ "type": "Feature", "properties": { "opt_all": 24, "population": 763440.0, "voting_age_pop": 610323.0, "dem_votes": 209954.0, "rep_votes": 120578.0, "minority_pop": 284810.0, "dem_pct": 0.63520022247915475, "rep_pct": 0.3647997772183027 }, "geometry": { "type": "MultiPolygon", "coordinates": [ [ [ [ -119.584795000001719, 34.361660000001471 ], [ -119.651357000001397, 34.366708000001445 ], [ -119.707593000001921, 34.337324000001566 ], [ -119.797067000002286, 34.365331000001504 ], [ -119.837921000001998, 34.354318000001051 ], [ -119.898502000001315, 34.360358000001334 ], [ -119.927899000002157, 34.374995000001682 ], [ -120.044814000001878, 34.412454000001631 ], [ -120.090670000002035, 34.409286000001686 ], [ -120.135120000002246, 34.422061000001491 ], [ -120.287125000002078, 34.417609000001569 ], [ -120.367335000002043, 34.408486000000948 ], [ -120.450998000001675, 34.391184000000997 ], [ -120.500999000001642, 34.40313600000173 ], [ -120.523646000001705, 34.419505000001124 ], [ -120.559439000001177, 34.488466000001551 ], [ -120.594334000001297, 34.50407200000123 ], [ -120.642360000001915, 34.503765000001167 ], [ -120.684529000002001, 34.527131000001461 ], [ -120.712757000001318, 34.568297000000953 ], [ -120.707183000002161, 34.616211000001506 ], [ -120.664691000001625, 34.696344000001218 ], [ -120.702093000001483, 34.748329000001107 ], [ -120.673281000002206, 34.838624000001168 ], [ -120.7129670000012, 34.862902000001498 ], [ -120.733820000002197, 34.896041000001411 ], [ -120.725745000001325, 34.946500000001635 ], [ -120.702795000002098, 34.999975000001264 ], [ -120.689606000001703, 35.098828000001539 ], [ -120.725503000001723, 35.113576000001139 ], [ -120.800411000001361, 35.116577000001442 ], [ -120.847300000001638, 35.13786900000099 ], [ -120.917792000001441, 35.187378000000983 ], [ -120.960247000002241, 35.243622000001572 ], [ -120.951278000001324, 35.290140000000925 ], [ -120.92343500000122, 35.348413000001663 ], [ -120.933292000001714, 35.392748000001674 ], [ -121.041635000001719, 35.419990000001292 ], [ -121.151056000001518, 35.516412000001495 ], [ -121.201555000002017, 35.583690000001049 ], [ -121.323512000001301, 35.624969000000874 ], [ -121.366362000001502, 35.680419000001194 ], [ -121.399754000002005, 35.765342000000778 ], [ -121.438176000001079, 35.796655000001145 ], [ -121.354155000002137, 35.795198000000944 ], [ -121.3497800000018, 35.795193000001284 ], [ -121.185056000002035, 35.794161000001615 ], [ -121.183914000001167, 35.778381000001431 ], [ -121.090266000001719, 35.690611000001596 ], [ -121.062448000002206, 35.681908000001421 ], [ -121.0161560000018, 35.646605000000946 ], [ -120.980605000001646, 35.634023000000951 ], [ -120.946355000001518, 35.597404000001454 ], [ -120.909227000001678, 35.578337000001291 ], [ -120.859271000001513, 35.534043000001496 ], [ -120.775645000001475, 35.551322000001484 ], [ -120.749478000001716, 35.53401400000147 ], [ -120.71382600000166, 35.543805000001171 ], [ -120.701898000001236, 35.56575100000105 ], [ -120.657666000001555, 35.564084000000932 ], [ -120.560792000001996, 35.54758600000163 ], [ -120.560851000001819, 35.659267000001087 ], [ -120.366034000001164, 35.662363000001321 ], [ -120.288793000001505, 35.733645000001118 ], [ -120.224327000002233, 35.744062000001243 ], [ -120.193842000001595, 35.726492000001357 ], [ -120.193988000001639, 35.614389000001545 ], [ -120.086180000001633, 35.61439700000102 ], [ -120.086766000001418, 35.526432000001392 ], [ -120.051016000001241, 35.513066000001594 ], [ -119.997449000001794, 35.468708000001442 ], [ -119.993150000001705, 35.439470000001592 ], [ -119.9136590000018, 35.439262000001058 ], [ -119.880045000001687, 35.439133000001085 ], [ -119.880356000002095, 35.351124000001462 ], [ -119.809210000002153, 35.350940000001415 ], [ -119.809407000002281, 35.263693000001176 ], [ -119.666585000001319, 35.262635000001609 ], [ -119.66730400000192, 35.174982000001336 ], [ -119.5768380000018, 35.17993800000162 ], [ -119.553819000001965, 35.180123000001295 ], [ -119.561752000002116, 35.087831000001394 ], [ -119.490380000001807, 35.091646000001589 ], [ -119.472552000001798, 35.076669000000926 ], [ -119.473574000002074, 34.937891000001748 ], [ -119.472494000001447, 34.901378000001387 ], [ -119.443691000001323, 34.901171000000993 ], [ -119.442354000001359, 34.490950000000957 ], [ -119.440414000001326, 34.441842000001671 ], [ -119.451365000002141, 34.398147000001387 ], [ -119.377469000002193, 34.391773000001713 ], [ -119.370235000001259, 34.417233000001332 ], [ -119.289765000001594, 34.466197000001763 ], [ -119.302800000002279, 34.424994000001369 ], [ -119.288388000001873, 34.429926000000982 ], [ -119.30217700000226, 34.385665000001708 ], [ -119.304546000001338, 34.380344000001273 ], [ -119.282745000001441, 34.385555000001197 ], [ -119.183845000001966, 34.413942000001214 ], [ -119.171912000001797, 34.361779000001668 ], [ -119.145534000001618, 34.315110000001162 ], [ -119.184676000001602, 34.291706000001007 ], [ -119.196318000001341, 34.287938000001596 ], [ -119.201147000001598, 34.33181600000168 ], [ -119.21822900000214, 34.339699000001559 ], [ -119.253382000001295, 34.307752000001067 ], [ -119.258295000001993, 34.282959000001348 ], [ -119.2635450000014, 34.278699000001652 ], [ -119.241256000001982, 34.282666000001065 ], [ -119.242272000001236, 34.273929000001338 ], [ -119.223493000001923, 34.276697000001292 ], [ -119.243652000001674, 34.264253000001418 ], [ -119.257004000001444, 34.271724000001036 ], [ -119.265281000002247, 34.276493000001693 ], [ -119.277713000001725, 34.279881000001211 ], [ -119.284392000002057, 34.27305300000171 ], [ -119.286084000001964, 34.270860000001413 ], [ -119.266891000001706, 34.234556000001056 ], [ -119.250144000001683, 34.19684800000163 ], [ -119.242441000001421, 34.197776000001269 ], [ -119.221151000001683, 34.197584000001179 ], [ -119.207922000001702, 34.197480000001633 ], [ -119.19475600000132, 34.197694000001697 ], [ -119.194850000002305, 34.190078000001698 ], [ -119.195085000001995, 34.180728000001672 ], [ -119.195056000001884, 34.1756210000012 ], [ -119.186184000001404, 34.175562000001243 ], [ -119.18602800000204, 34.161055000001106 ], [ -119.186488000001447, 34.154731000001505 ], [ -119.195339000001553, 34.154812000001421 ], [ -119.203569000001679, 34.142225000001595 ], [ -119.190350000001914, 34.137833000001095 ], [ -119.16128100000148, 34.1179310000011 ], [ -119.134594000002181, 34.101149000001143 ], [ -119.060871000001455, 34.084049000001293 ], [ -119.038532000001723, 34.081743000001715 ], [ -118.945084000001884, 34.043821000000897 ], [ -118.945180000002296, 34.043086000001253 ], [ -118.951721000001527, 33.992858000000957 ], [ -119.027407000001858, 34.014919000001775 ], [ -119.158963000002203, 34.040253000001755 ], [ -119.2179930000014, 34.06249100000155 ], [ -119.285743000002256, 34.140805000000945 ], [ -119.335926000002161, 34.237523000001246 ], [ -119.375935000001959, 34.249880000001731 ], [ -119.401994000001764, 34.272258000001628 ], [ -119.466995000001759, 34.293660000000912 ], [ -119.500953000001658, 34.326922000001176 ], [ -119.584795000001719, 34.361660000001471 ] ] ], [ [ [ -119.980842000001942, 33.892317000001327 ], [ -120.019339000002276, 33.870555000001282 ], [ -120.104088000001695, 33.842396000001152 ], [ -120.139927000001578, 33.844799000001196 ], [ -120.22112800000194, 33.884187000001532 ], [ -120.273096000001701, 33.929577000001686 ], [ -120.298973000001965, 33.968457000001223 ], [ -120.367073000001682, 33.961036000001357 ], [ -120.411766000001876, 33.977045000001098 ], [ -120.466777000002153, 33.976116000000992 ], [ -120.518784000001759, 34.014080000001741 ], [ -120.523387000002202, 34.051133000001478 ], [ -120.573808000002074, 34.075966000001138 ], [ -120.582264000002127, 34.107517000001629 ], [ -120.560998000001177, 34.1406640000015 ], [ -120.497378000001277, 34.149892000001287 ], [ -120.471654000001678, 34.134102000001086 ], [ -120.418787000001657, 34.160569000000969 ], [ -120.361978000001926, 34.148780000001636 ], [ -120.338562000001843, 34.121687000001764 ], [ -120.284651000001446, 34.094750000001461 ], [ -120.25284600000154, 34.058031000001357 ], [ -120.194114000001562, 34.058721000001256 ], [ -120.171128000001445, 34.073318000001173 ], [ -120.080285000002036, 34.086401000001075 ], [ -120.019503000001762, 34.087718000001232 ], [ -120.000963000001434, 34.076819000000974 ], [ -119.965471000001287, 34.112560000001281 ], [ -119.928795000001557, 34.129902000001628 ], [ -119.829220000001484, 34.118702000001164 ], [ -119.792601000002165, 34.106375000001194 ], [ -119.745222000002073, 34.110917000001528 ], [ -119.693007000001444, 34.094854000001398 ], [ -119.654931000002136, 34.071218000000968 ], [ -119.614268000001445, 34.099432000001187 ], [ -119.565522000001877, 34.108809000001777 ], [ -119.512106000001566, 34.093460000001237 ], [ -119.468064000001576, 34.063139000001414 ], [ -119.342462000001575, 34.06896400000123 ], [ -119.305153000002036, 34.047449000001407 ], [ -119.296238000001779, 33.997240000001135 ], [ -119.318443000001821, 33.974899000001031 ], [ -119.380456000002141, 33.95361100000175 ], [ -119.432961000001399, 33.955905000001792 ], [ -119.492290000001887, 33.983215000001366 ], [ -119.532825000001523, 33.949874000001778 ], [ -119.602085000001793, 33.936768000001805 ], [ -119.636730000002004, 33.938277000001463 ], [ -119.707491000001255, 33.910388000001127 ], [ -119.789372000001364, 33.910131000001158 ], [ -119.823208000001486, 33.899390000001098 ], [ -119.861952000001338, 33.910836000000977 ], [ -119.904762000002179, 33.939674000001489 ], [ -119.92879900000122, 33.905471000000936 ], [ -119.980842000001942, 33.892317000001327 ] ] ], [ [ [ -119.605282000001822, 33.20691900000174 ], [ -119.631283000001474, 33.244974000001044 ], [ -119.625944000001681, 33.305036000001643 ], [ -119.592520000002239, 33.325823000001748 ], [ -119.525313000002356, 33.334862000001216 ], [ -119.426177000001545, 33.298941000001719 ], [ -119.379730000002084, 33.267632000001278 ], [ -119.360926000001555, 33.242060000001793 ], [ -119.375937000001599, 33.192186000001648 ], [ -119.433717000002247, 33.166987000001072 ], [ -119.510250000001321, 33.167417000001372 ], [ -119.574192000002114, 33.186484000001073 ], [ -119.605282000001822, 33.20691900000174 ] ] ], [ [ [ -119.098700000001514, 33.526442000001147 ], [ -119.023943000002177, 33.540003000001612 ], [ -118.982149000002096, 33.524260000001313 ], [ -118.962728000002215, 33.473301000001427 ], [ -118.98051200000188, 33.428593000001101 ], [ -119.027044000001894, 33.412874000001437 ], [ -119.071893000002007, 33.413799000001127 ], [ -119.108879000002318, 33.451151000001616 ], [ -119.108718000001318, 33.519264000001705 ], [ -119.098700000001514, 33.526442000001147 ] ] ] ] } },
{ "type": "Feature", "properties": { "opt_all": 25, "population": 762884.0, "voting_age_pop": 599177.0, "dem_votes": 143786.0, "rep_votes": 128688.0, "minority_pop": 305359.0, "dem_pct": 0.52770539555050922, "rep_pct": 0.47229460408248325 }, "geometry": { "type": "Polygon", "coordinates": [ [ [ -117.032602000002157, 33.717576000001884 ], [ -117.032653000001474, 33.724886000001284 ], [ -117.032777000002042, 33.743897000001468 ], [ -117.087261000001646, 33.738847000001456 ], [ -117.083033000002075, 33.787021000001758 ], [ -117.098881000002137, 33.808741000001405 ], [ -117.082615000001681, 33.819166000001474 ], [ -117.033692000001977, 33.798002000001482 ], [ -117.03372700000196, 33.823493000001363 ], [ -117.068355000002285, 33.85309900000167 ], [ -117.044067000002002, 33.869754000001734 ], [ -117.004054000002185, 33.845665000001674 ], [ -117.009494000001681, 33.857049000001588 ], [ -116.980158000002163, 33.911598000001305 ], [ -116.946831000001765, 33.926998000001561 ], [ -116.947006000001565, 33.946565000001556 ], [ -116.929420000002438, 33.947267000001879 ], [ -116.930157000002183, 34.004914000001683 ], [ -116.929558000001677, 34.034113000001305 ], [ -117.034910000001645, 34.077493000001311 ], [ -117.035966000002006, 34.091854000001433 ], [ -117.036536000002002, 34.06842000000163 ], [ -117.060594000002396, 34.048465000001322 ], [ -117.121368000001638, 34.048247000001801 ], [ -117.134065000002082, 34.077317000001436 ], [ -117.13776400000242, 34.090675000001561 ], [ -117.103645000002274, 34.102613000001334 ], [ -117.103630000001957, 34.105669000001413 ], [ -117.100437000001563, 34.107441000001387 ], [ -117.094235000002058, 34.210826000001333 ], [ -117.147042000002344, 34.23338100000165 ], [ -117.144132000002315, 34.246116000001045 ], [ -117.125674000002377, 34.263169000001845 ], [ -117.124305000001542, 34.300823000001124 ], [ -117.175497000002139, 34.343471000001657 ], [ -117.241694000002354, 34.340538000001018 ], [ -117.241546000001819, 34.350869000001239 ], [ -117.241803000001624, 34.400774000001178 ], [ -117.237891000001525, 34.41315600000182 ], [ -117.207616000001366, 34.442545000001566 ], [ -117.181492000001796, 34.471580000001566 ], [ -117.125309000001479, 34.47375800000188 ], [ -117.096765000002165, 34.471925000001896 ], [ -117.051012000001563, 34.450311000001896 ], [ -117.007374000001604, 34.480536000001671 ], [ -116.947191000002434, 34.545751000001886 ], [ -116.979574000001563, 34.601825000001519 ], [ -117.051267000002355, 34.66303900000112 ], [ -117.096512000002377, 34.689067000001195 ], [ -117.080762000001684, 34.722438000001574 ], [ -117.044366000002285, 34.732095000001109 ], [ -117.00856200000176, 34.757348000001713 ], [ -117.028000000001782, 34.819370000001257 ], [ -117.046832000001601, 34.824202000001456 ], [ -117.101680000001593, 34.805330000001526 ], [ -117.163931000001966, 34.755129000001233 ], [ -117.183078000001444, 34.765670000001194 ], [ -117.214550000001822, 34.788779000001831 ], [ -117.192100000002284, 34.835577000001102 ], [ -117.234325000002102, 34.799197000001364 ], [ -117.260889000001967, 34.79851700000134 ], [ -117.292982000002084, 34.776318000001758 ], [ -117.330148000001756, 34.77669300000187 ], [ -117.36531300000162, 34.76229600000147 ], [ -117.366710000001575, 34.731784000001198 ], [ -117.613896000002114, 34.719454000001278 ], [ -117.667244000001858, 34.734334000001539 ], [ -117.667292000001495, 34.822526000001069 ], [ -117.632151000001997, 34.822271000001656 ], [ -117.632616000002287, 34.983245000001141 ], [ -117.632818000001478, 35.057382000001247 ], [ -117.630973000001461, 35.247365000001167 ], [ -117.629994000001304, 35.457509000001508 ], [ -117.634819000001556, 35.593281000001305 ], [ -117.670608000001721, 35.593459000001175 ], [ -117.688451000002161, 35.59342200000134 ], [ -117.705563000002243, 35.6225290000013 ], [ -117.687773000002196, 35.622498000001251 ], [ -117.6700200000016, 35.622450000001422 ], [ -117.670243000001662, 35.607881000001001 ], [ -117.652118000002005, 35.622444000000982 ], [ -117.634390000001616, 35.622510000001029 ], [ -117.616518000001875, 35.680687000001001 ], [ -117.634315000001422, 35.709830000001652 ], [ -117.634283000001446, 35.797260000001124 ], [ -117.251015000001317, 35.795004000001327 ], [ -116.935721000001919, 35.795395000001051 ], [ -116.65109500000186, 35.795433000001537 ], [ -116.277263000002094, 35.793394000001278 ], [ -115.735891000002297, 35.793620000001127 ], [ -115.735745000001515, 35.809097000001898 ], [ -115.648357000002079, 35.809211000001412 ], [ -115.259720000001678, 35.50354100000105 ], [ -115.100957000001927, 35.375681000001094 ], [ -114.849290000002483, 35.175840000001472 ], [ -114.633432000002401, 35.001773000001869 ], [ -114.628276000001847, 34.863596000001642 ], [ -114.592339000001516, 34.84115300000142 ], [ -114.552682000001838, 34.766871000001288 ], [ -114.471620000002062, 34.712966000001849 ], [ -114.442363000002601, 34.644153000001147 ], [ -114.435671000001605, 34.593841000001952 ], [ -114.405228000001685, 34.569637000001428 ], [ -114.380838000002242, 34.529724000001572 ], [ -114.386699000002181, 34.457911000001729 ], [ -114.339627000001698, 34.451435000001723 ], [ -114.262909000002281, 34.40037300000148 ], [ -114.226107000001718, 34.365916000001718 ], [ -114.176909000001658, 34.349306000001889 ], [ -114.138282000002079, 34.303230000001818 ], [ -114.135450000002038, 34.257886000001896 ], [ -114.164476000002438, 34.251667000001284 ], [ -114.225861000002098, 34.201774000001663 ], [ -114.229023000001803, 34.187427000001492 ], [ -114.255253000002327, 34.281202000001727 ], [ -114.450152000001538, 34.079764000001816 ], [ -114.829523000002283, 34.07959900000175 ], [ -115.316065000002439, 34.077843000001252 ], [ -115.316212000002238, 34.034110000001576 ], [ -115.595696000001823, 34.035389000001949 ], [ -116.046447000002019, 34.034297000001779 ], [ -116.457775000002101, 34.032881000001396 ], [ -116.458531000002395, 33.975299000001726 ], [ -116.444094000002224, 33.971899000001166 ], [ -116.385504000002157, 33.93934100000186 ], [ -116.42310200000216, 33.924918000001419 ], [ -116.42326700000244, 33.910375000001345 ], [ -116.371012000002239, 33.903809000001353 ], [ -116.301807000001673, 33.875564000001269 ], [ -116.241828000002158, 33.844541000001165 ], [ -116.187005000001434, 33.801541000001421 ], [ -116.164178000002295, 33.726792000001474 ], [ -116.148201000001819, 33.709333000001415 ], [ -116.164190000002321, 33.714157000001777 ], [ -116.199030000001883, 33.715017000001964 ], [ -116.199011000002486, 33.709351000001561 ], [ -116.199049000002006, 33.707764000001234 ], [ -116.19906000000168, 33.700386000001679 ], [ -116.216453000001806, 33.700350000001805 ], [ -116.216526000002276, 33.685514000001582 ], [ -116.199098000001896, 33.685483000001796 ], [ -116.199077000002106, 33.67820400000155 ], [ -116.199077000002276, 33.663754000001447 ], [ -116.199282000001915, 33.656552000001597 ], [ -116.233997000001807, 33.656642000001511 ], [ -116.233458000002244, 33.612832000002001 ], [ -116.181237000001843, 33.612903000001708 ], [ -116.180834000001497, 33.56907600000153 ], [ -116.215732000001964, 33.56361700000113 ], [ -116.250310000002258, 33.56329700000115 ], [ -116.268103000002156, 33.612652000001461 ], [ -116.321458000001513, 33.612645000001102 ], [ -116.321470000001682, 33.642012000001081 ], [ -116.399232000001646, 33.642022000001575 ], [ -116.421444000001557, 33.59822900000146 ], [ -116.425544000002105, 33.627214000001594 ], [ -116.460447000002034, 33.627225000001438 ], [ -116.494840000002199, 33.627025000001581 ], [ -116.512453000001997, 33.685284000001808 ], [ -116.547649000002039, 33.684923000001213 ], [ -116.614244000002401, 33.687764000001671 ], [ -116.615048000001593, 33.859197000001529 ], [ -116.667009000002281, 33.873423000001615 ], [ -116.669679000001963, 33.911488000001931 ], [ -116.691305000002103, 33.917755000001087 ], [ -116.728676000002039, 33.916619000001106 ], [ -116.737008000001495, 33.906074000001581 ], [ -116.719930000001796, 33.886167000001102 ], [ -116.824264000002117, 33.886207000001789 ], [ -116.83524300000208, 33.857036000001337 ], [ -116.859448000002359, 33.841986000001214 ], [ -116.859854000001675, 33.802118000001428 ], [ -116.841945000001559, 33.802001000001255 ], [ -116.841151000001517, 33.739253000001696 ], [ -116.893159000001916, 33.755108000001485 ], [ -116.908393000002434, 33.762346000001607 ], [ -116.915135000002437, 33.762286000001183 ], [ -116.919495000002243, 33.755024000001598 ], [ -116.919511000001478, 33.744134000001431 ], [ -116.895417000002055, 33.744201000001247 ], [ -116.843219000002279, 33.686486000001452 ], [ -116.858532000001944, 33.686521000001562 ], [ -116.858422000002363, 33.62178400000176 ], [ -116.822980000002033, 33.62013500000154 ], [ -116.823220000001442, 33.54010000000148 ], [ -116.787987000002246, 33.540499000001766 ], [ -116.800875000002037, 33.499846000001192 ], [ -116.850631000001741, 33.476734000001755 ], [ -116.863429000001446, 33.442199000001274 ], [ -116.914495000002006, 33.463931000001693 ], [ -116.896787000002419, 33.50297300000193 ], [ -116.908941000002201, 33.554054000001123 ], [ -116.939127000001676, 33.591976000001502 ], [ -116.934767000002196, 33.611262000001155 ], [ -116.949820000001907, 33.671312000001592 ], [ -116.971172000001459, 33.678535000001261 ], [ -116.971239000001759, 33.685762000001191 ], [ -117.005920000001566, 33.685577000001373 ], [ -117.046172000001505, 33.69869700000136 ], [ -117.032602000002157, 33.717576000001884 ] ] ] } },
{ "type": "Feature", "properties": { "opt_all": 26, "population": 757484.0, "voting_age_pop": 587308.0, "dem_votes": 198509.0, "rep_votes": 135302.0, "minority_pop": 312557.0, "dem_pct": 0.59467483078907679, "rep_pct": 0.40532516891135245 }, "geometry": { "type": "Polygon", "coordinates": [ [ [ -119.186488000001447, 34.154731000001505 ], [ -119.18602800000204, 34.161055000001106 ], [ -119.186184000001404, 34.175562000001243 ], [ -119.195056000001884, 34.1756210000012 ], [ -119.195085000001995, 34.180728000001672 ], [ -119.194850000002305, 34.190078000001698 ], [ -119.19475600000132, 34.197694000001697 ], [ -119.207922000001702, 34.197480000001633 ], [ -119.221151000001683, 34.197584000001179 ], [ -119.242441000001421, 34.197776000001269 ], [ -119.250144000001683, 34.19684800000163 ], [ -119.266891000001706, 34.234556000001056 ], [ -119.286084000001964, 34.270860000001413 ], [ -119.284392000002057, 34.27305300000171 ], [ -119.277713000001725, 34.279881000001211 ], [ -119.265281000002247, 34.276493000001693 ], [ -119.257004000001444, 34.271724000001036 ], [ -119.243652000001674, 34.264253000001418 ], [ -119.223493000001923, 34.276697000001292 ], [ -119.242272000001236, 34.273929000001338 ], [ -119.241256000001982, 34.282666000001065 ], [ -119.2635450000014, 34.278699000001652 ], [ -119.258295000001993, 34.282959000001348 ], [ -119.253382000001295, 34.307752000001067 ], [ -119.21822900000214, 34.339699000001559 ], [ -119.201147000001598, 34.33181600000168 ], [ -119.196318000001341, 34.287938000001596 ], [ -119.184676000001602, 34.291706000001007 ], [ -119.145534000001618, 34.315110000001162 ], [ -119.171912000001797, 34.361779000001668 ], [ -119.183845000001966, 34.413942000001214 ], [ -119.282745000001441, 34.385555000001197 ], [ -119.304546000001338, 34.380344000001273 ], [ -119.30217700000226, 34.385665000001708 ], [ -119.288388000001873, 34.429926000000982 ], [ -119.302800000002279, 34.424994000001369 ], [ -119.289765000001594, 34.466197000001763 ], [ -119.370235000001259, 34.417233000001332 ], [ -119.377469000002193, 34.391773000001713 ], [ -119.451365000002141, 34.398147000001387 ], [ -119.440414000001326, 34.441842000001671 ], [ -119.442354000001359, 34.490950000000957 ], [ -119.443691000001323, 34.901171000000993 ], [ -119.383705000001925, 34.900817000001162 ], [ -119.381854000002164, 34.873990000001569 ], [ -119.276435000001484, 34.872481000001791 ], [ -119.242581000001778, 34.857598000001239 ], [ -119.242534000002024, 34.814323000000918 ], [ -119.09929300000222, 34.812906000001163 ], [ -119.023755000002154, 34.81242300000175 ], [ -118.977926000002341, 34.811714000001167 ], [ -118.978022000001801, 34.789809000001192 ], [ -118.880405000001815, 34.788655000001725 ], [ -118.820915000001634, 34.665851000001204 ], [ -118.726568000001535, 34.474507000001182 ], [ -118.692900000001401, 34.406088000001702 ], [ -118.670593000002, 34.360692000001471 ], [ -118.652285000001839, 34.323392000001796 ], [ -118.633494000002159, 34.269812000001785 ], [ -118.63346100000156, 34.269522000001423 ], [ -118.633281000001702, 34.268322000001199 ], [ -118.63260200000164, 34.254930000001558 ], [ -118.632537000001662, 34.241948000001287 ], [ -118.632494000001486, 34.240391000000947 ], [ -118.667742000001923, 34.236694000001854 ], [ -118.667773000002342, 34.223426000001119 ], [ -118.667800000001378, 34.206773000001355 ], [ -118.667944000002194, 34.199166000001178 ], [ -118.668162000001601, 34.184141000001624 ], [ -118.668153000001297, 34.176750000001377 ], [ -118.693834000001615, 34.168557000001378 ], [ -118.703392000001855, 34.168591000001221 ], [ -118.728689000001765, 34.167892000001316 ], [ -118.758468000001514, 34.168073000001236 ], [ -118.75859900000188, 34.168073000001648 ], [ -118.7887490000018, 34.168213000000932 ], [ -118.814880000001835, 34.152266000001383 ], [ -118.833456000002101, 34.140882000001682 ], [ -118.856473000001955, 34.126765000001079 ], [ -118.892195000002019, 34.104817000001098 ], [ -118.940965000002322, 34.074830000001811 ], [ -118.945084000001884, 34.043821000000897 ], [ -119.038532000001723, 34.081743000001715 ], [ -119.060871000001455, 34.084049000001293 ], [ -119.134594000002181, 34.101149000001143 ], [ -119.16128100000148, 34.1179310000011 ], [ -119.190350000001914, 34.137833000001095 ], [ -119.203569000001679, 34.142225000001595 ], [ -119.195339000001553, 34.154812000001421 ], [ -119.186488000001447, 34.154731000001505 ] ] ] } },
{ "type": "Feature", "properties": { "opt_all": 27, "population": 763872.0, "voting_age_pop": 581486.0, "dem_votes": 170786.0, "rep_votes": 102319.0, "minority_pop": 427660.0, "dem_pct": 0.62534922442820551, "rep_pct": 0.37465077520563489 }, "geometry": { "type": "Polygon", "coordinates": [ [ [ -118.487080000001725, 34.269465000001404 ], [ -118.486102000002106, 34.276650000001446 ], [ -118.484651000002344, 34.279169000001303 ], [ -118.500920000002097, 34.304375000001073 ], [ -118.501026000002042, 34.30353200000097 ], [ -118.517280000001406, 34.301935000001521 ], [ -118.539219000001935, 34.296201000001183 ], [ -118.540019000001436, 34.297201000001849 ], [ -118.540943000001917, 34.298794000001095 ], [ -118.543439000002081, 34.31668100000136 ], [ -118.508341000001764, 34.333890000001425 ], [ -118.504007000001707, 34.337157000001412 ], [ -118.503351000001857, 34.365119000001783 ], [ -118.499691000001761, 34.371650000001011 ], [ -118.493485000002039, 34.377541000000988 ], [ -118.413348000002244, 34.381184000001426 ], [ -118.40560500000224, 34.38072700000135 ], [ -118.404197000001403, 34.428386000001716 ], [ -118.399379000001701, 34.430278000001543 ], [ -118.392371000002015, 34.433419000001095 ], [ -118.365688000001967, 34.47884000000132 ], [ -118.329713000001718, 34.466516000001832 ], [ -118.248190000001642, 34.50511500000124 ], [ -118.228070000001907, 34.500468000001426 ], [ -118.144162000002396, 34.485523000001209 ], [ -118.118625000001913, 34.502186000001558 ], [ -118.13602300000224, 34.505909000001473 ], [ -118.183796000001394, 34.55826600000168 ], [ -118.198230000001558, 34.542587000001681 ], [ -118.255505000001961, 34.539293000001877 ], [ -118.287605000001804, 34.558176000001751 ], [ -118.287729000001718, 34.581397000001651 ], [ -118.262352000001542, 34.609465000001286 ], [ -118.218630000001923, 34.614214000001503 ], [ -118.233364000001984, 34.61644800000154 ], [ -118.27119900000136, 34.616732000001527 ], [ -118.271235000002164, 34.64550900000156 ], [ -118.329637000001682, 34.662693000001774 ], [ -118.324273000001824, 34.703839000001651 ], [ -118.325414000001956, 34.761545000001334 ], [ -118.175611000001396, 34.76234800000114 ], [ -118.175082000001879, 34.73322400000179 ], [ -118.141782000001982, 34.733385000001583 ], [ -118.139434000001785, 34.718665000001131 ], [ -118.103554000001395, 34.71883600000163 ], [ -118.09498000000184, 34.718780000001026 ], [ -118.077145000001806, 34.718990000001241 ], [ -118.059240000002276, 34.689939000001857 ], [ -118.058923000001883, 34.667899000000958 ], [ -118.058872000002125, 34.660616000001184 ], [ -118.049770000001416, 34.627792000001115 ], [ -118.076232000001994, 34.602211000001759 ], [ -118.120955000001544, 34.601813000001428 ], [ -118.118658000002256, 34.587170000001827 ], [ -118.107661000001485, 34.5873360000014 ], [ -118.094271000001683, 34.587429000001059 ], [ -118.058341000002244, 34.580248000001674 ], [ -118.045085000001805, 34.580092000001308 ], [ -118.031768000001406, 34.579839000001293 ], [ -118.004968000002094, 34.579572000001185 ], [ -117.977953000001463, 34.557945000001496 ], [ -118.003598000002157, 34.521227000001453 ], [ -118.030366000002019, 34.505927000001066 ], [ -117.992208000001838, 34.499246000001392 ], [ -117.973155000001313, 34.438762000001468 ], [ -117.921730000002086, 34.426104000001807 ], [ -117.676088000001542, 34.426055000001249 ], [ -117.655235000001838, 34.397222000001179 ], [ -117.655213000002178, 34.396953000001446 ], [ -117.650459000002044, 34.339025000001506 ], [ -117.646374000001799, 34.289170000001228 ], [ -117.677155000001406, 34.167377000001856 ], [ -117.677706000002402, 34.165173000001921 ], [ -117.750362000001658, 34.158167000001832 ], [ -117.776111000001563, 34.146992000001688 ], [ -117.793861000002337, 34.165149000001172 ], [ -117.811600000002286, 34.150416000001364 ], [ -117.811793000001487, 34.125439000001172 ], [ -117.820298000001927, 34.126861000001746 ], [ -117.820200000001506, 34.120128000001216 ], [ -117.821455000001563, 34.106597000001273 ], [ -117.837641000001739, 34.106611000001685 ], [ -117.837653000002021, 34.099423000001728 ], [ -117.855090000001795, 34.099402000001334 ], [ -117.863806000001375, 34.099423000001487 ], [ -117.881415000002121, 34.099402000001334 ], [ -117.881490000001605, 34.106588000000933 ], [ -117.890262000001954, 34.10680500000111 ], [ -117.898936000002095, 34.106790000001119 ], [ -117.907738000001757, 34.10676000000182 ], [ -117.916561000002218, 34.107086000001836 ], [ -117.925363000001724, 34.106965000001409 ], [ -117.925393000002316, 34.099528000001527 ], [ -117.925392000001395, 34.09930100000134 ], [ -117.936777000001555, 34.091925000001787 ], [ -117.948761000001639, 34.092369000001774 ], [ -117.953129000001496, 34.090496000001714 ], [ -117.954778000001639, 34.092343000001812 ], [ -117.954795000002036, 34.099614000000969 ], [ -117.955042000001683, 34.106751000001402 ], [ -117.978012000002238, 34.099379000001747 ], [ -117.982407000001601, 34.092018000001623 ], [ -117.982383000001377, 34.081337000001483 ], [ -117.989136000002205, 34.079742000001303 ], [ -118.001464000001405, 34.076865000001348 ], [ -117.998926000001873, 34.087265000001203 ], [ -118.00805400000192, 34.104109000001422 ], [ -118.01028300000192, 34.09956500000132 ], [ -118.02012500000184, 34.096528000001015 ], [ -118.027808000002125, 34.095181000001396 ], [ -118.030768000001359, 34.107182000001664 ], [ -118.038009000001935, 34.105285000001238 ], [ -118.051534000001979, 34.104304000001065 ], [ -118.053033000001435, 34.107768000001485 ], [ -118.055863000002375, 34.114768000001291 ], [ -118.054854000002365, 34.126080000001217 ], [ -118.067698000002039, 34.124204000001164 ], [ -118.067333000001724, 34.128102000001036 ], [ -118.067888000002085, 34.130726000001211 ], [ -118.067785000001635, 34.148903000001305 ], [ -118.067824000001579, 34.150287000001768 ], [ -118.067958000001397, 34.156821000001727 ], [ -118.068039000001406, 34.161796000001367 ], [ -118.068113000001603, 34.166692000001646 ], [ -118.065634000001978, 34.175104000001326 ], [ -118.078446000002273, 34.161656000001734 ], [ -118.081155000002084, 34.16162100000161 ], [ -118.089569000001944, 34.161506000001637 ], [ -118.093037000001473, 34.174291000001411 ], [ -118.100416000001644, 34.189805000001229 ], [ -118.125135000002061, 34.208432000001345 ], [ -118.13502800000218, 34.213889000001068 ], [ -118.178950000001961, 34.219676000001314 ], [ -118.198208000001557, 34.236789000001068 ], [ -118.20738700000156, 34.23726400000141 ], [ -118.221679000001643, 34.242733000001245 ], [ -118.238808000002024, 34.252260000001662 ], [ -118.238903000002296, 34.267084000001844 ], [ -118.238789000002342, 34.281589000001496 ], [ -118.29947800000204, 34.286096000001244 ], [ -118.351734000001358, 34.27943500000157 ], [ -118.370754000002279, 34.282117000001172 ], [ -118.373013000001563, 34.273902000001058 ], [ -118.389114000001996, 34.276993000001006 ], [ -118.392071000002034, 34.277431000001705 ], [ -118.386127000001366, 34.284840000001189 ], [ -118.382938000001943, 34.293965000001705 ], [ -118.407490000001644, 34.287184000001702 ], [ -118.408143000002141, 34.286821000001197 ], [ -118.411424000002356, 34.284430000001002 ], [ -118.41799100000172, 34.27964200000126 ], [ -118.418623000001318, 34.280239000001522 ], [ -118.424018000001638, 34.285327000001729 ], [ -118.415667000001918, 34.293932000001234 ], [ -118.418123000001842, 34.296245000001335 ], [ -118.42635400000232, 34.299041000001715 ], [ -118.432863000001305, 34.30442500000165 ], [ -118.438821000002207, 34.2991120000016 ], [ -118.441788000001694, 34.296467000001421 ], [ -118.44478100000164, 34.293803000001425 ], [ -118.448813000001579, 34.291463000001336 ], [ -118.45252200000148, 34.287494000001466 ], [ -118.452347000002007, 34.281454000001489 ], [ -118.455301000001455, 34.279336000001315 ], [ -118.450016000001682, 34.274057000001534 ], [ -118.467299000001844, 34.265841000001622 ], [ -118.458581000002184, 34.265751000001842 ], [ -118.458643000001459, 34.257234000001077 ], [ -118.472121000001962, 34.257323000001577 ], [ -118.490000000001359, 34.257438000001272 ], [ -118.488420000001526, 34.264684000001104 ], [ -118.487080000001725, 34.269465000001404 ] ] ] } },
{ "type": "Feature", "properties": { "opt_all": 28, "population": 760316.0, "voting_age_pop": 599713.0, "dem_votes": 177378.0, "rep_votes": 56410.0, "minority_pop": 560412.0, "dem_pct": 0.75871302172963839, "rep_pct": 0.24128697784262365 }, "geometry": { "type": "Polygon", "coordinates": [ [ [ -118.170285000001741, 33.954103000001339 ], [ -118.172955000002119, 33.954369000001563 ], [ -118.179522000001526, 33.957918000001065 ], [ -118.183934000001884, 33.955538000001226 ], [ -118.192782000001799, 33.961622000001647 ], [ -118.194930000001563, 33.963621000001851 ], [ -118.199526000001725, 33.970954000001811 ], [ -118.194059000002156, 33.969229000001157 ], [ -118.187894000002316, 33.969149000001089 ], [ -118.188009000001514, 33.970304000001178 ], [ -118.178009000001538, 33.968098000001127 ], [ -118.178057000001559, 33.967778000001182 ], [ -118.169094000002204, 33.963786000001889 ], [ -118.167049000002024, 33.979358000001348 ], [ -118.170045000002162, 33.980149000001347 ], [ -118.172554000001725, 33.986482000001132 ], [ -118.17213100000204, 34.000129000001678 ], [ -118.192125000001326, 34.012921000001043 ], [ -118.192231000001698, 34.016546000001441 ], [ -118.1922640000016, 34.0203110000012 ], [ -118.192296000001804, 34.02396400000125 ], [ -118.19232500000156, 34.027283000001539 ], [ -118.192331000001644, 34.027955000001207 ], [ -118.192359000002327, 34.031161000001326 ], [ -118.192479000002294, 34.040466000001821 ], [ -118.19248900000224, 34.04608100000133 ], [ -118.184682000002326, 34.045833000001188 ], [ -118.184692000001817, 34.046136000001823 ], [ -118.183076000002274, 34.056039000001611 ], [ -118.178298000001845, 34.058254000001774 ], [ -118.169256000001994, 34.061489000001174 ], [ -118.169259000002356, 34.062290000001632 ], [ -118.165293000001341, 34.062298000001789 ], [ -118.161761000001576, 34.074635000001244 ], [ -118.160493000002319, 34.075315000000991 ], [ -118.160496000002084, 34.081082000001459 ], [ -118.160524000002241, 34.086348000001124 ], [ -118.160660000001442, 34.093441000001469 ], [ -118.159066000001999, 34.094589000001079 ], [ -118.155290000001713, 34.098672000001322 ], [ -118.149072000001723, 34.098693000001361 ], [ -118.141784000002303, 34.098765000001279 ], [ -118.135296000001659, 34.106450000001672 ], [ -118.140682000002116, 34.11616900000179 ], [ -118.141995000001501, 34.119530000001525 ], [ -118.13117400000236, 34.129678000001284 ], [ -118.121693000002224, 34.132021000001309 ], [ -118.119460000001325, 34.132495000001235 ], [ -118.110021000002405, 34.13717500000098 ], [ -118.098708000001665, 34.141642000001376 ], [ -118.0951750000022, 34.136930000001598 ], [ -118.094293000001926, 34.135245000001269 ], [ -118.086955000002078, 34.146209000001271 ], [ -118.08209100000164, 34.14793200000144 ], [ -118.067824000001579, 34.150287000001768 ], [ -118.067785000001635, 34.148903000001305 ], [ -118.067888000002085, 34.130726000001211 ], [ -118.067333000001724, 34.128102000001036 ], [ -118.067698000002039, 34.124204000001164 ], [ -118.054854000002365, 34.126080000001217 ], [ -118.055863000002375, 34.114768000001291 ], [ -118.053033000001435, 34.107768000001485 ], [ -118.051534000001979, 34.104304000001065 ], [ -118.038009000001935, 34.105285000001238 ], [ -118.030768000001359, 34.107182000001664 ], [ -118.027808000002125, 34.095181000001396 ], [ -118.02012500000184, 34.096528000001015 ], [ -118.01028300000192, 34.09956500000132 ], [ -118.00805400000192, 34.104109000001422 ], [ -117.998926000001873, 34.087265000001203 ], [ -118.001464000001405, 34.076865000001348 ], [ -118.00525100000236, 34.064298000001841 ], [ -118.007111000001316, 34.059795000001685 ], [ -118.008071000001806, 34.056761000001188 ], [ -117.9883050000022, 34.044504000001538 ], [ -117.990454000001407, 34.030982000000996 ], [ -117.998071000002199, 34.02957000000103 ], [ -118.02590900000142, 34.032451000001615 ], [ -118.03761100000186, 34.027158000001648 ], [ -118.037927000001673, 34.033802000001579 ], [ -118.038162000001762, 34.034761000001431 ], [ -118.028097000001623, 34.039057000001613 ], [ -118.029846000001953, 34.045691000001845 ], [ -118.028312000001876, 34.047002000001406 ], [ -118.034629000001715, 34.05602600000163 ], [ -118.03905100000236, 34.058597000001072 ], [ -118.04236500000232, 34.058611000001349 ], [ -118.055640000002114, 34.056373000001727 ], [ -118.055310000001526, 34.06270700000097 ], [ -118.068568000001434, 34.062836000001134 ], [ -118.070260000002307, 34.057241000001277 ], [ -118.081949000001885, 34.051719000001647 ], [ -118.080756000001486, 34.039405000001175 ], [ -118.080698000002286, 34.039328000001859 ], [ -118.085787000001758, 34.018785000001373 ], [ -118.078797000002325, 34.016970000001443 ], [ -118.069358000002282, 34.020448000001217 ], [ -118.054224000001341, 34.02222900000146 ], [ -118.060966000002239, 34.00653500000147 ], [ -118.070719000002143, 33.994429000001801 ], [ -118.07127200000204, 33.994800000001661 ], [ -118.075182000001405, 33.985165000001061 ], [ -118.082675000001757, 33.975324000001507 ], [ -118.088837000001618, 33.966913000001796 ], [ -118.088827000001842, 33.966758000001839 ], [ -118.087308000001599, 33.963186000001066 ], [ -118.093230000002194, 33.950305000000917 ], [ -118.093369000002355, 33.950362000001697 ], [ -118.102595000002225, 33.955839000001859 ], [ -118.110004000001567, 33.960965000001217 ], [ -118.117994000002327, 33.969531000001339 ], [ -118.121284000002163, 33.972968000001586 ], [ -118.129370000002126, 33.970986000001091 ], [ -118.144270000002194, 33.960924000001583 ], [ -118.15860400000156, 33.951894000001666 ], [ -118.163973000001917, 33.953287000001062 ], [ -118.170285000001741, 33.954103000001339 ] ] ] } },
{ "type": "Feature", "properties": { "opt_all": 29, "population": 760983.0, "voting_age_pop": 603601.0, "dem_votes": 190460.0, "rep_votes": 62036.0, "minority_pop": 406911.0, "dem_pct": 0.75430897885340398, "rep_pct": 0.2456910207505501 }, "geometry": { "type": "Polygon", "coordinates": [ [ [ -118.490194000002035, 34.186635000001459 ], [ -118.49020100000196, 34.193898000001013 ], [ -118.485835000002339, 34.193902000001167 ], [ -118.48583900000196, 34.197532000001225 ], [ -118.474127000002198, 34.197598000001825 ], [ -118.473381000001595, 34.201060000001839 ], [ -118.473124000001647, 34.216449000001404 ], [ -118.473075000001558, 34.221388000001241 ], [ -118.47300600000176, 34.228309000001602 ], [ -118.472970000001638, 34.23190400000135 ], [ -118.472935000002181, 34.235563000001079 ], [ -118.472187000001895, 34.250069000001538 ], [ -118.467351000001486, 34.250037000001733 ], [ -118.458714000002317, 34.249980000001543 ], [ -118.458643000001459, 34.257234000001077 ], [ -118.458581000002184, 34.265751000001842 ], [ -118.467299000001844, 34.265841000001622 ], [ -118.450016000001682, 34.274057000001534 ], [ -118.455301000001455, 34.279336000001315 ], [ -118.452347000002007, 34.281454000001489 ], [ -118.45252200000148, 34.287494000001466 ], [ -118.448813000001579, 34.291463000001336 ], [ -118.44478100000164, 34.293803000001425 ], [ -118.441788000001694, 34.296467000001421 ], [ -118.438821000002207, 34.2991120000016 ], [ -118.432863000001305, 34.30442500000165 ], [ -118.42635400000232, 34.299041000001715 ], [ -118.418123000001842, 34.296245000001335 ], [ -118.415667000001918, 34.293932000001234 ], [ -118.424018000001638, 34.285327000001729 ], [ -118.418623000001318, 34.280239000001522 ], [ -118.41799100000172, 34.27964200000126 ], [ -118.411424000002356, 34.284430000001002 ], [ -118.408143000002141, 34.286821000001197 ], [ -118.407490000001644, 34.287184000001702 ], [ -118.382938000001943, 34.293965000001705 ], [ -118.386127000001366, 34.284840000001189 ], [ -118.392071000002034, 34.277431000001705 ], [ -118.389114000001996, 34.276993000001006 ], [ -118.373013000001563, 34.273902000001058 ], [ -118.370754000002279, 34.282117000001172 ], [ -118.351734000001358, 34.27943500000157 ], [ -118.29947800000204, 34.286096000001244 ], [ -118.238789000002342, 34.281589000001496 ], [ -118.238903000002296, 34.267084000001844 ], [ -118.265264000002063, 34.252380000001118 ], [ -118.26602400000192, 34.240356000001036 ], [ -118.266803000002284, 34.231235000001902 ], [ -118.266807000001833, 34.230677000001002 ], [ -118.292761000001605, 34.221654000001571 ], [ -118.289523000002319, 34.217976000001343 ], [ -118.279981000002337, 34.190696000001132 ], [ -118.288272000001598, 34.187154000001442 ], [ -118.292981000001447, 34.181710000001345 ], [ -118.295403000001315, 34.179411000001352 ], [ -118.296516000001944, 34.175980000001481 ], [ -118.300766000001317, 34.167839000001301 ], [ -118.30781200000132, 34.161140000001858 ], [ -118.310270000001367, 34.160797000001835 ], [ -118.325341000002325, 34.15351400000101 ], [ -118.332571000002005, 34.147831000001815 ], [ -118.340901000001423, 34.145455000001668 ], [ -118.345166000001797, 34.142747000001371 ], [ -118.349740000001376, 34.153432000001359 ], [ -118.361488000001984, 34.153118000001577 ], [ -118.36745300000176, 34.153031000001818 ], [ -118.378990000002162, 34.154093000001339 ], [ -118.378996000002019, 34.157638000001782 ], [ -118.387738000001434, 34.157627000000971 ], [ -118.396484000001635, 34.157614000001828 ], [ -118.405259000002275, 34.157618000001357 ], [ -118.41314900000134, 34.168292000001792 ], [ -118.418193000002034, 34.168347000001567 ], [ -118.422508000001599, 34.168347000001461 ], [ -118.422504000001638, 34.156529000001647 ], [ -118.422502000001401, 34.150356000001693 ], [ -118.422502000001842, 34.149328000001411 ], [ -118.424875000001379, 34.1469680000016 ], [ -118.431232000001685, 34.155523000001025 ], [ -118.431237000002085, 34.164866000001489 ], [ -118.439968000001741, 34.164861000001096 ], [ -118.439975000002164, 34.175750000001131 ], [ -118.448707000001562, 34.17574500000125 ], [ -118.448710000002166, 34.180506000001316 ], [ -118.457443000002115, 34.180498000000966 ], [ -118.466175000001982, 34.180402000001514 ], [ -118.473801000001842, 34.185598000001228 ], [ -118.474024000001776, 34.186645000001754 ], [ -118.474212000001643, 34.193911000001023 ], [ -118.481469000001837, 34.193906000001228 ], [ -118.481461000002113, 34.186641000001281 ], [ -118.490194000002035, 34.186635000001459 ] ] ] } },
{ "type": "Feature", "properties": { "opt_all": 30, "population": 756766.0, "voting_age_pop": 629825.0, "dem_votes": 263534.0, "rep_votes": 82219.0, "minority_pop": 309830.0, "dem_pct": 0.76220307538554888, "rep_pct": 0.23779692432522728 }, "geometry": { "type": "Polygon", "coordinates": [ [ [ -118.383666000001895, 34.05709900000172 ], [ -118.389853000001835, 34.057085000001003 ], [ -118.399080000001419, 34.057035000001711 ], [ -118.399080000001319, 34.057096000001181 ], [ -118.406106000001515, 34.052781000001694 ], [ -118.414344000001819, 34.064324000001115 ], [ -118.416319000001863, 34.067079000001435 ], [ -118.423023000001763, 34.079931000001729 ], [ -118.426968000001438, 34.083614000001624 ], [ -118.427035000001567, 34.090076000001268 ], [ -118.413934000002115, 34.094268000001364 ], [ -118.406908000001437, 34.128960000001307 ], [ -118.407513000001941, 34.129449000001017 ], [ -118.428174000001917, 34.131274000001028 ], [ -118.424875000001521, 34.143699000001192 ], [ -118.424875000001379, 34.1469680000016 ], [ -118.422502000001842, 34.149328000001411 ], [ -118.422502000001401, 34.150356000001693 ], [ -118.422504000001638, 34.156529000001647 ], [ -118.422508000001599, 34.168347000001461 ], [ -118.418193000002034, 34.168347000001567 ], [ -118.41314900000134, 34.168292000001792 ], [ -118.405259000002275, 34.157618000001357 ], [ -118.396484000001635, 34.157614000001828 ], [ -118.387738000001434, 34.157627000000971 ], [ -118.378996000002019, 34.157638000001782 ], [ -118.378990000002162, 34.154093000001339 ], [ -118.36745300000176, 34.153031000001818 ], [ -118.361488000001984, 34.153118000001577 ], [ -118.349740000001376, 34.153432000001359 ], [ -118.345166000001797, 34.142747000001371 ], [ -118.340901000001423, 34.145455000001668 ], [ -118.332571000002005, 34.147831000001815 ], [ -118.325341000002325, 34.15351400000101 ], [ -118.310270000001367, 34.160797000001835 ], [ -118.30781200000132, 34.161140000001858 ], [ -118.300766000001317, 34.167839000001301 ], [ -118.296516000001944, 34.175980000001481 ], [ -118.295403000001315, 34.179411000001352 ], [ -118.292981000001447, 34.181710000001345 ], [ -118.288272000001598, 34.187154000001442 ], [ -118.279981000002337, 34.190696000001132 ], [ -118.289523000002319, 34.217976000001343 ], [ -118.292761000001605, 34.221654000001571 ], [ -118.266807000001833, 34.230677000001002 ], [ -118.266803000002284, 34.231235000001902 ], [ -118.26602400000192, 34.240356000001036 ], [ -118.265264000002063, 34.252380000001118 ], [ -118.238903000002296, 34.267084000001844 ], [ -118.238808000002024, 34.252260000001662 ], [ -118.221679000001643, 34.242733000001245 ], [ -118.20738700000156, 34.23726400000141 ], [ -118.198208000001557, 34.236789000001068 ], [ -118.178950000001961, 34.219676000001314 ], [ -118.13502800000218, 34.213889000001068 ], [ -118.125135000002061, 34.208432000001345 ], [ -118.100416000001644, 34.189805000001229 ], [ -118.093037000001473, 34.174291000001411 ], [ -118.089569000001944, 34.161506000001637 ], [ -118.081155000002084, 34.16162100000161 ], [ -118.078446000002273, 34.161656000001734 ], [ -118.065634000001978, 34.175104000001326 ], [ -118.068113000001603, 34.166692000001646 ], [ -118.068039000001406, 34.161796000001367 ], [ -118.067958000001397, 34.156821000001727 ], [ -118.067824000001579, 34.150287000001768 ], [ -118.08209100000164, 34.14793200000144 ], [ -118.086955000002078, 34.146209000001271 ], [ -118.094293000001926, 34.135245000001269 ], [ -118.0951750000022, 34.136930000001598 ], [ -118.098708000001665, 34.141642000001376 ], [ -118.110021000002405, 34.13717500000098 ], [ -118.119460000001325, 34.132495000001235 ], [ -118.121693000002224, 34.132021000001309 ], [ -118.13117400000236, 34.129678000001284 ], [ -118.141995000001501, 34.119530000001525 ], [ -118.140682000002116, 34.11616900000179 ], [ -118.135296000001659, 34.106450000001672 ], [ -118.141784000002303, 34.098765000001279 ], [ -118.149072000001723, 34.098693000001361 ], [ -118.155290000001713, 34.098672000001322 ], [ -118.156778000001793, 34.098670000001306 ], [ -118.160266000001641, 34.098669000001784 ], [ -118.168415000001602, 34.098662000001362 ], [ -118.177996000001357, 34.101921000001688 ], [ -118.177995000001687, 34.104044000001153 ], [ -118.177414000002145, 34.110828000001739 ], [ -118.180322000002036, 34.111142000001301 ], [ -118.191022000002107, 34.103962000001239 ], [ -118.192047000001907, 34.103255000001738 ], [ -118.200556000001967, 34.101324000001092 ], [ -118.205511000001493, 34.095234000001689 ], [ -118.209330000002183, 34.095898000001149 ], [ -118.209668000002239, 34.095388000001655 ], [ -118.211445000001319, 34.090835000001533 ], [ -118.215618000001484, 34.08852400000108 ], [ -118.219036000001935, 34.086431000001063 ], [ -118.22636100000166, 34.082718000001165 ], [ -118.227606000002083, 34.083083000001245 ], [ -118.224793000001597, 34.071974000001177 ], [ -118.226706000001485, 34.062411000001205 ], [ -118.235235000001694, 34.061302000001461 ], [ -118.239236000002322, 34.06725700000176 ], [ -118.245572000002113, 34.06469600000154 ], [ -118.247502000002385, 34.063676000001173 ], [ -118.251972000001402, 34.074194000001292 ], [ -118.250121000001513, 34.073668000001469 ], [ -118.246191000002, 34.087738000001309 ], [ -118.251778000001437, 34.086181000001325 ], [ -118.259352000001954, 34.088909000001145 ], [ -118.260174000001555, 34.08194500000117 ], [ -118.273356000001797, 34.082962000001508 ], [ -118.274478000001679, 34.084680000001441 ], [ -118.26727000000156, 34.092871000001587 ], [ -118.277162000002363, 34.095776000001102 ], [ -118.273361000002197, 34.104053000001052 ], [ -118.285233000001583, 34.105425000001716 ], [ -118.285237000002127, 34.107691000001644 ], [ -118.291789000001316, 34.107676000001142 ], [ -118.291782000002044, 34.105409000001885 ], [ -118.291770000001776, 34.101780000001064 ], [ -118.300536000001344, 34.101757000000937 ], [ -118.30055600000216, 34.10538500000137 ], [ -118.299190000002156, 34.116017000001676 ], [ -118.31625500000176, 34.119848000001468 ], [ -118.317116000002073, 34.112204000001441 ], [ -118.3169040000016, 34.105262000001808 ], [ -118.321260000001601, 34.105249000001564 ], [ -118.321482000002362, 34.110082000001491 ], [ -118.325969000002075, 34.110365000001792 ], [ -118.325125000002075, 34.12041400000107 ], [ -118.33581200000188, 34.112606000001726 ], [ -118.341746000001805, 34.123377000001376 ], [ -118.346936000001918, 34.118277000001591 ], [ -118.358789000001366, 34.124664000001324 ], [ -118.371676000001926, 34.130588000001239 ], [ -118.375305000002115, 34.12353800000102 ], [ -118.374201000002245, 34.114816000001817 ], [ -118.365476000001919, 34.101708000001736 ], [ -118.35820700000194, 34.101684000001192 ], [ -118.353938000001961, 34.101654000001716 ], [ -118.349967000001641, 34.103442000001671 ], [ -118.345873000002285, 34.103690000001599 ], [ -118.345206000001355, 34.101601000001423 ], [ -118.34481200000134, 34.100326000001203 ], [ -118.34411900000228, 34.097963000001648 ], [ -118.348957000001604, 34.097996000001174 ], [ -118.349561000001742, 34.098000000001093 ], [ -118.349537000002314, 34.094368000001602 ], [ -118.353908000002122, 34.094401000001625 ], [ -118.358166000002285, 34.094431000001194 ], [ -118.361542000001606, 34.094455000001716 ], [ -118.365946000002126, 34.09711900000125 ], [ -118.368961000001804, 34.097810000001324 ], [ -118.377385000002207, 34.094212000001214 ], [ -118.379881000002314, 34.092683000001507 ], [ -118.384459000002323, 34.093557000001304 ], [ -118.39584400000156, 34.091055000001489 ], [ -118.389745000001881, 34.081164000001145 ], [ -118.389727000001983, 34.080881000001106 ], [ -118.389733000001357, 34.076490000001016 ], [ -118.389701000002034, 34.072078000001106 ], [ -118.386744000002324, 34.072083000001342 ], [ -118.383764000002202, 34.072122000001407 ], [ -118.37575500000176, 34.070097000001631 ], [ -118.372258000001764, 34.0642450000012 ], [ -118.376164000002206, 34.059600000001659 ], [ -118.377268000001806, 34.059522000001238 ], [ -118.377330000002274, 34.062954000001682 ], [ -118.383534000002058, 34.062937000001327 ], [ -118.383615000001839, 34.059366000001823 ], [ -118.383666000001895, 34.05709900000172 ] ] ] } },
{ "type": "Feature", "properties": { "opt_all": 31, "population": 761417.0, "voting_age_pop": 606347.0, "dem_votes": 189526.0, "rep_votes": 101261.0, "minority_pop": 494394.0, "dem_pct": 0.65176916414703234, "rep_pct": 0.34823083550907336 }, "geometry": { "type": "Polygon", "coordinates": [ [ [ -118.003805000001634, 33.994734000001607 ], [ -118.012607000001495, 34.016004000001267 ], [ -118.03761100000186, 34.027158000001648 ], [ -118.02590900000142, 34.032451000001615 ], [ -117.998071000002199, 34.02957000000103 ], [ -117.990454000001407, 34.030982000000996 ], [ -117.9883050000022, 34.044504000001538 ], [ -118.008071000001806, 34.056761000001188 ], [ -118.007111000001316, 34.059795000001685 ], [ -118.00525100000236, 34.064298000001841 ], [ -118.001464000001405, 34.076865000001348 ], [ -117.989136000002205, 34.079742000001303 ], [ -117.982383000001377, 34.081337000001483 ], [ -117.982407000001601, 34.092018000001623 ], [ -117.978012000002238, 34.099379000001747 ], [ -117.955042000001683, 34.106751000001402 ], [ -117.954795000002036, 34.099614000000969 ], [ -117.954778000001639, 34.092343000001812 ], [ -117.953129000001496, 34.090496000001714 ], [ -117.948761000001639, 34.092369000001774 ], [ -117.936777000001555, 34.091925000001787 ], [ -117.925392000001395, 34.09930100000134 ], [ -117.925393000002316, 34.099528000001527 ], [ -117.925363000001724, 34.106965000001409 ], [ -117.916561000002218, 34.107086000001836 ], [ -117.907738000001757, 34.10676000000182 ], [ -117.898936000002095, 34.106790000001119 ], [ -117.890262000001954, 34.10680500000111 ], [ -117.881490000001605, 34.106588000000933 ], [ -117.881415000002121, 34.099402000001334 ], [ -117.863806000001375, 34.099423000001487 ], [ -117.855090000001795, 34.099402000001334 ], [ -117.837653000002021, 34.099423000001728 ], [ -117.837641000001739, 34.106611000001685 ], [ -117.821455000001563, 34.106597000001273 ], [ -117.820200000001506, 34.120128000001216 ], [ -117.820298000001927, 34.126861000001746 ], [ -117.811793000001487, 34.125439000001172 ], [ -117.811600000002286, 34.150416000001364 ], [ -117.793861000002337, 34.165149000001172 ], [ -117.776111000001563, 34.146992000001688 ], [ -117.750362000001658, 34.158167000001832 ], [ -117.677706000002402, 34.165173000001921 ], [ -117.677155000001406, 34.167377000001856 ], [ -117.636609000001798, 34.165178000001774 ], [ -117.636916000002216, 34.150577000001334 ], [ -117.651366000002326, 34.15057400000159 ], [ -117.670412000001505, 34.146900000000954 ], [ -117.683264000001515, 34.150488000001552 ], [ -117.689171000002361, 34.132318000001256 ], [ -117.693563000002058, 34.121627000001318 ], [ -117.699629000002403, 34.106825000001301 ], [ -117.704356000001795, 34.095290000001221 ], [ -117.704900000001402, 34.093953000001818 ], [ -117.710092000001481, 34.081981000001036 ], [ -117.711170000002326, 34.079536000001006 ], [ -117.712824000002115, 34.075892000001211 ], [ -117.726334000001899, 34.075859000001472 ], [ -117.72628000000222, 34.066730000001755 ], [ -117.736656000002085, 34.068722000001529 ], [ -117.736702000001955, 34.075825000001409 ], [ -117.736732000001439, 34.080141000001774 ], [ -117.741582000001983, 34.078153000001372 ], [ -117.752228000001679, 34.073790000001814 ], [ -117.759355000002003, 34.071156000001736 ], [ -117.761391000001538, 34.064163000001159 ], [ -117.759041000001446, 34.062160000001683 ], [ -117.758907000001642, 34.058592000001163 ], [ -117.767655000002236, 34.058380000001023 ], [ -117.772491000001921, 34.050907000001885 ], [ -117.771820000001398, 34.046257000001262 ], [ -117.773522000002444, 34.046197000001072 ], [ -117.77074400000204, 34.043568000001457 ], [ -117.749906000002156, 34.024122000001711 ], [ -117.748865000001985, 34.023143000001895 ], [ -117.740524000002083, 34.033527000001868 ], [ -117.728026000002004, 34.033534000001197 ], [ -117.745417000002206, 34.020024000001456 ], [ -117.746005000002313, 34.020119000001372 ], [ -117.733660000001507, 34.011209000001095 ], [ -117.724064000002002, 34.000781000001872 ], [ -117.715689000002314, 33.989782000001206 ], [ -117.715863000002074, 33.989635000001208 ], [ -117.70915900000216, 33.982727000001503 ], [ -117.688893000001457, 33.982817000001774 ], [ -117.688836000001999, 33.977350000001607 ], [ -117.650532000001562, 33.968552000001353 ], [ -117.659515000001633, 33.930690000001761 ], [ -117.655375000001882, 33.924343000001329 ], [ -117.675478000001362, 33.888119000001723 ], [ -117.673019000001844, 33.871039000001701 ], [ -117.675794000001716, 33.873950000001464 ], [ -117.71028500000196, 33.896668000001441 ], [ -117.735464000001514, 33.913251000001814 ], [ -117.737752000001905, 33.914732000001678 ], [ -117.748097000001593, 33.921432000001467 ], [ -117.768225000001721, 33.935767000001313 ], [ -117.783252000002079, 33.946261000001073 ], [ -117.868374000001722, 33.945936000001595 ], [ -117.848834000002057, 33.968372000001274 ], [ -117.855095000001896, 33.974843000001108 ], [ -117.84265600000198, 33.984312000001651 ], [ -117.844231000001841, 33.99990500000164 ], [ -117.869769000001924, 33.986837000001209 ], [ -117.871037000001365, 33.999047000001696 ], [ -117.871543000001878, 34.003045000001642 ], [ -117.872790000002084, 34.002645000001259 ], [ -117.881054000001527, 34.001844000000936 ], [ -117.887681000002104, 34.002874000001093 ], [ -117.888313000001418, 33.996312000001005 ], [ -117.912009000002243, 33.989372000001843 ], [ -117.931749000002156, 33.990977000001273 ], [ -117.931760000001361, 33.990858000001559 ], [ -117.932370000001526, 33.981786000001115 ], [ -117.942235000001503, 33.974754000000985 ], [ -117.950655000002016, 33.974370000001144 ], [ -117.966449000001404, 33.972578000001825 ], [ -117.976661000001982, 33.974829000001314 ], [ -117.982791000002365, 33.976834000001894 ], [ -118.002431000001863, 33.994454000001795 ], [ -118.003805000001634, 33.994734000001607 ] ] ] } },
{ "type": "Feature", "properties": { "opt_all": 32, "population": 761976.0, "voting_age_pop": 613993.0, "dem_votes": 229336.0, "rep_votes": 103332.0, "minority_pop": 306652.0, "dem_pct": 0.68938401027769902, "rep_pct": 0.31061598942170093 }, "geometry": { "type": "Polygon", "coordinates": [ [ [ -118.951721000001527, 33.992858000000957 ], [ -118.945180000002296, 34.043086000001253 ], [ -118.945084000001884, 34.043821000000897 ], [ -118.940965000002322, 34.074830000001811 ], [ -118.892195000002019, 34.104817000001098 ], [ -118.856473000001955, 34.126765000001079 ], [ -118.833456000002101, 34.140882000001682 ], [ -118.814880000001835, 34.152266000001383 ], [ -118.7887490000018, 34.168213000000932 ], [ -118.75859900000188, 34.168073000001648 ], [ -118.758468000001514, 34.168073000001236 ], [ -118.728689000001765, 34.167892000001316 ], [ -118.703392000001855, 34.168591000001221 ], [ -118.693834000001615, 34.168557000001378 ], [ -118.668153000001297, 34.176750000001377 ], [ -118.668162000001601, 34.184141000001624 ], [ -118.667944000002194, 34.199166000001178 ], [ -118.667800000001378, 34.206773000001355 ], [ -118.667773000002342, 34.223426000001119 ], [ -118.667742000001923, 34.236694000001854 ], [ -118.632494000001486, 34.240391000000947 ], [ -118.632537000001662, 34.241948000001287 ], [ -118.63260200000164, 34.254930000001558 ], [ -118.633281000001702, 34.268322000001199 ], [ -118.63346100000156, 34.269522000001423 ], [ -118.633494000002159, 34.269812000001785 ], [ -118.652285000001839, 34.323392000001796 ], [ -118.670593000002, 34.360692000001471 ], [ -118.6228190000013, 34.349022000000929 ], [ -118.598190000002035, 34.329802000001273 ], [ -118.543439000002081, 34.31668100000136 ], [ -118.540943000001917, 34.298794000001095 ], [ -118.540019000001436, 34.297201000001849 ], [ -118.539219000001935, 34.296201000001183 ], [ -118.517280000001406, 34.301935000001521 ], [ -118.501026000002042, 34.30353200000097 ], [ -118.500920000002097, 34.304375000001073 ], [ -118.484651000002344, 34.279169000001303 ], [ -118.486102000002106, 34.276650000001446 ], [ -118.487080000001725, 34.269465000001404 ], [ -118.488420000001526, 34.264684000001104 ], [ -118.490000000001359, 34.257438000001272 ], [ -118.472121000001962, 34.257323000001577 ], [ -118.458643000001459, 34.257234000001077 ], [ -118.458714000002317, 34.249980000001543 ], [ -118.467351000001486, 34.250037000001733 ], [ -118.472187000001895, 34.250069000001538 ], [ -118.472935000002181, 34.235563000001079 ], [ -118.472970000001638, 34.23190400000135 ], [ -118.47300600000176, 34.228309000001602 ], [ -118.473075000001558, 34.221388000001241 ], [ -118.473124000001647, 34.216449000001404 ], [ -118.473381000001595, 34.201060000001839 ], [ -118.474127000002198, 34.197598000001825 ], [ -118.48583900000196, 34.197532000001225 ], [ -118.485835000002339, 34.193902000001167 ], [ -118.49020100000196, 34.193898000001013 ], [ -118.490194000002035, 34.186635000001459 ], [ -118.481461000002113, 34.186641000001281 ], [ -118.481469000001837, 34.193906000001228 ], [ -118.474212000001643, 34.193911000001023 ], [ -118.474024000001776, 34.186645000001754 ], [ -118.473801000001842, 34.185598000001228 ], [ -118.466175000001982, 34.180402000001514 ], [ -118.457443000002115, 34.180498000000966 ], [ -118.448710000002166, 34.180506000001316 ], [ -118.448707000001562, 34.17574500000125 ], [ -118.439975000002164, 34.175750000001131 ], [ -118.439968000001741, 34.164861000001096 ], [ -118.448700000001637, 34.164855000001545 ], [ -118.46179500000224, 34.164849000001077 ], [ -118.469485000001541, 34.164823000001057 ], [ -118.469468000002323, 34.160006000001125 ], [ -118.483624000001484, 34.165180000001541 ], [ -118.483615000002061, 34.155187000001327 ], [ -118.483612000001841, 34.153316000001716 ], [ -118.469562000002, 34.148351000001632 ], [ -118.475744000001399, 34.126340000001512 ], [ -118.479292000001436, 34.122976000001671 ], [ -118.475682000001555, 34.092139000001787 ], [ -118.466494000001816, 34.072855000001674 ], [ -118.470066000001722, 34.065088000001502 ], [ -118.471712000001801, 34.063753000001789 ], [ -118.470451000001276, 34.054035000001441 ], [ -118.470013000001444, 34.052588000001833 ], [ -118.491825000002279, 34.048302000001527 ], [ -118.493862000001698, 34.050045000001084 ], [ -118.50396500000204, 34.040724000001624 ], [ -118.519421000001316, 34.023543000001588 ], [ -118.521865000001782, 34.02499900000111 ], [ -118.537667000001278, 34.032636000001084 ], [ -118.55677300000184, 34.035276000001282 ], [ -118.56725100000132, 34.038401000001336 ], [ -118.635977000001802, 34.032554000001632 ], [ -118.628862000001675, 33.98615300000111 ], [ -118.746391000002262, 33.975501000001692 ], [ -118.779039000001845, 33.954527000001072 ], [ -118.82489300000212, 33.949042000000986 ], [ -118.887301000002324, 33.987223000001798 ], [ -118.951721000001527, 33.992858000000957 ] ] ] } },
{ "type": "Feature", "properties": { "opt_all": 33, "population": 761281.0, "voting_age_pop": 562965.0, "dem_votes": 141551.0, "rep_votes": 100791.0, "minority_pop": 406823.0, "dem_pct": 0.58409602933701299, "rep_pct": 0.41590397025034703 }, "geometry": { "type": "Polygon", "coordinates": [ [ [ -117.414178000001513, 34.034306000001536 ], [ -117.409459000001917, 34.041478000001057 ], [ -117.409508000002305, 34.067841000001273 ], [ -117.40953500000208, 34.077680000001223 ], [ -117.418265000002293, 34.077654000001623 ], [ -117.418276000001455, 34.08492700000177 ], [ -117.418276000002081, 34.084952000001408 ], [ -117.409591000002436, 34.092214000001341 ], [ -117.400867000001497, 34.092157000001706 ], [ -117.400874000002418, 34.092275000001081 ], [ -117.400923000001555, 34.101392000001702 ], [ -117.400934000002422, 34.10674400000137 ], [ -117.400961000002155, 34.114035000001181 ], [ -117.405324000001542, 34.114043000001381 ], [ -117.427174000001344, 34.121337000001112 ], [ -117.431682000001402, 34.136460000001364 ], [ -117.401012000002325, 34.136239000001488 ], [ -117.40102600000192, 34.150477000001231 ], [ -117.418554000001436, 34.157782000001106 ], [ -117.431812000001599, 34.176105000001279 ], [ -117.416480000001997, 34.166671000001834 ], [ -117.399047000001701, 34.155896000001839 ], [ -117.383570000001782, 34.135922000001173 ], [ -117.370476000001858, 34.136028000001176 ], [ -117.360702000002405, 34.135895000001639 ], [ -117.347943000001834, 34.136018000001357 ], [ -117.345814000002122, 34.136044000001874 ], [ -117.345799000001719, 34.138443000001345 ], [ -117.361568000002165, 34.165113000001917 ], [ -117.345110000001995, 34.178315000001191 ], [ -117.347897000001964, 34.18149200000105 ], [ -117.361303000002025, 34.191149000001438 ], [ -117.409686000002239, 34.225282000001371 ], [ -117.426291000001726, 34.234623000001584 ], [ -117.415297000001516, 34.242231000001681 ], [ -117.349529000002121, 34.210206000001037 ], [ -117.330426000001793, 34.208190000001764 ], [ -117.298481000001857, 34.184342000001358 ], [ -117.291606000002318, 34.181377000001781 ], [ -117.278435000001579, 34.175673000001588 ], [ -117.268311000002058, 34.223233000001613 ], [ -117.251292000002124, 34.228317000001354 ], [ -117.239968000001838, 34.23768600000114 ], [ -117.236584000001642, 34.238174000001351 ], [ -117.222006000002096, 34.280217000001727 ], [ -117.222156000001405, 34.282867000001431 ], [ -117.263144000002285, 34.310999000001573 ], [ -117.241694000002354, 34.340538000001018 ], [ -117.175497000002139, 34.343471000001657 ], [ -117.124305000001542, 34.300823000001124 ], [ -117.125674000002377, 34.263169000001845 ], [ -117.144132000002315, 34.246116000001045 ], [ -117.147042000002344, 34.23338100000165 ], [ -117.094235000002058, 34.210826000001333 ], [ -117.100437000001563, 34.107441000001387 ], [ -117.103630000001957, 34.105669000001413 ], [ -117.103645000002274, 34.102613000001334 ], [ -117.13776400000242, 34.090675000001561 ], [ -117.134065000002082, 34.077317000001436 ], [ -117.121368000001638, 34.048247000001801 ], [ -117.060594000002396, 34.048465000001322 ], [ -117.036536000002002, 34.06842000000163 ], [ -117.035966000002006, 34.091854000001433 ], [ -117.034910000001645, 34.077493000001311 ], [ -116.929558000001677, 34.034113000001305 ], [ -116.930157000002183, 34.004914000001683 ], [ -116.929420000002438, 33.947267000001879 ], [ -116.947006000001565, 33.946565000001556 ], [ -116.946831000001765, 33.926998000001561 ], [ -116.980158000002163, 33.911598000001305 ], [ -117.009494000001681, 33.857049000001588 ], [ -117.004054000002185, 33.845665000001674 ], [ -117.044067000002002, 33.869754000001734 ], [ -117.077211000002023, 33.890932000001484 ], [ -117.126789000001764, 33.938186000001906 ], [ -117.120134000001926, 33.962741000001621 ], [ -117.155631000002415, 33.981613000001609 ], [ -117.212372000001736, 34.004215000001579 ], [ -117.225373000001539, 34.018715000001862 ], [ -117.270602000002057, 34.018715000001784 ], [ -117.283336000001896, 34.018989000001575 ], [ -117.290192000002165, 34.00574000000119 ], [ -117.324078000002345, 34.008865000001691 ], [ -117.352089000001726, 34.001387000001671 ], [ -117.362575000002167, 34.019323000001144 ], [ -117.370274000001444, 34.019444000001258 ], [ -117.375278000001842, 34.033875000001665 ], [ -117.414178000001513, 34.034306000001536 ] ] ] } },
{ "type": "Feature", "properties": { "opt_all": 34, "population": 757173.0, "voting_age_pop": 601871.0, "dem_votes": 168931.0, "rep_votes": 25949.0, "minority_pop": 532819.0, "dem_pct": 0.86684626392300579, "rep_pct": 0.1331537355638579 }, "geometry": { "type": "Polygon", "coordinates": [ [ [ -118.31766200000196, 34.030831000001236 ], [ -118.308940000002281, 34.030862000001726 ], [ -118.308953000002077, 34.032694000001769 ], [ -118.308985000001783, 34.037018000001723 ], [ -118.317685000001319, 34.036589000001264 ], [ -118.317698000002082, 34.0399120000016 ], [ -118.305268000002116, 34.039952000001591 ], [ -118.300349000001845, 34.039969000001271 ], [ -118.300272000002167, 34.036939000001006 ], [ -118.291549000001339, 34.036837000001334 ], [ -118.284009000001362, 34.037034000001348 ], [ -118.284102000001724, 34.039855000001076 ], [ -118.291563000002085, 34.040004000001524 ], [ -118.291589000002176, 34.04423500000145 ], [ -118.284141000001995, 34.043780000001064 ], [ -118.284128000002354, 34.047283000001116 ], [ -118.291597000001559, 34.04726000000101 ], [ -118.295858000002397, 34.047244000001015 ], [ -118.295800000001606, 34.054507000001003 ], [ -118.296520000001834, 34.054504000001536 ], [ -118.299888000001943, 34.054488000001236 ], [ -118.299800000001483, 34.057707000001315 ], [ -118.29652900000228, 34.057726000001523 ], [ -118.295390000002143, 34.057733000001662 ], [ -118.29162700000208, 34.057755000001521 ], [ -118.291638000001925, 34.061793000001408 ], [ -118.291644000001881, 34.063683000001248 ], [ -118.291649000001783, 34.065422000001107 ], [ -118.294142000001443, 34.065412000001835 ], [ -118.296642000001967, 34.06540400000145 ], [ -118.300358000002234, 34.06538200000157 ], [ -118.300358000001722, 34.069017000001388 ], [ -118.300384000002282, 34.07276200000144 ], [ -118.300410000002046, 34.076288000001547 ], [ -118.300423000001516, 34.079016000001658 ], [ -118.300446000001315, 34.083555000001503 ], [ -118.300451000001473, 34.08468100000146 ], [ -118.300482000001921, 34.090822000001843 ], [ -118.300499000001579, 34.09522100000131 ], [ -118.296115000001478, 34.095385000001762 ], [ -118.291750000001926, 34.095548000001465 ], [ -118.291768000001696, 34.101228000001491 ], [ -118.284127000002059, 34.095812000001182 ], [ -118.278667000001846, 34.09578400000148 ], [ -118.277162000002363, 34.095776000001102 ], [ -118.26727000000156, 34.092871000001587 ], [ -118.274478000001679, 34.084680000001441 ], [ -118.273356000001797, 34.082962000001508 ], [ -118.260174000001555, 34.08194500000117 ], [ -118.259352000001954, 34.088909000001145 ], [ -118.251778000001437, 34.086181000001325 ], [ -118.246191000002, 34.087738000001309 ], [ -118.250121000001513, 34.073668000001469 ], [ -118.251972000001402, 34.074194000001292 ], [ -118.247502000002385, 34.063676000001173 ], [ -118.245572000002113, 34.06469600000154 ], [ -118.239236000002322, 34.06725700000176 ], [ -118.235235000001694, 34.061302000001461 ], [ -118.226706000001485, 34.062411000001205 ], [ -118.224793000001597, 34.071974000001177 ], [ -118.227606000002083, 34.083083000001245 ], [ -118.22636100000166, 34.082718000001165 ], [ -118.219036000001935, 34.086431000001063 ], [ -118.215618000001484, 34.08852400000108 ], [ -118.211445000001319, 34.090835000001533 ], [ -118.209668000002239, 34.095388000001655 ], [ -118.209330000002183, 34.095898000001149 ], [ -118.205511000001493, 34.095234000001689 ], [ -118.200556000001967, 34.101324000001092 ], [ -118.192047000001907, 34.103255000001738 ], [ -118.191022000002107, 34.103962000001239 ], [ -118.180322000002036, 34.111142000001301 ], [ -118.177414000002145, 34.110828000001739 ], [ -118.177995000001687, 34.104044000001153 ], [ -118.177996000001357, 34.101921000001688 ], [ -118.168415000001602, 34.098662000001362 ], [ -118.160266000001641, 34.098669000001784 ], [ -118.156778000001793, 34.098670000001306 ], [ -118.155290000001713, 34.098672000001322 ], [ -118.159066000001999, 34.094589000001079 ], [ -118.160660000001442, 34.093441000001469 ], [ -118.160524000002241, 34.086348000001124 ], [ -118.160496000002084, 34.081082000001459 ], [ -118.160493000002319, 34.075315000000991 ], [ -118.161761000001576, 34.074635000001244 ], [ -118.165293000001341, 34.062298000001789 ], [ -118.169259000002356, 34.062290000001632 ], [ -118.169256000001994, 34.061489000001174 ], [ -118.178298000001845, 34.058254000001774 ], [ -118.183076000002274, 34.056039000001611 ], [ -118.184692000001817, 34.046136000001823 ], [ -118.184682000002326, 34.045833000001188 ], [ -118.19248900000224, 34.04608100000133 ], [ -118.192479000002294, 34.040466000001821 ], [ -118.192359000002327, 34.031161000001326 ], [ -118.192331000001644, 34.027955000001207 ], [ -118.19232500000156, 34.027283000001539 ], [ -118.192296000001804, 34.02396400000125 ], [ -118.1922640000016, 34.0203110000012 ], [ -118.192231000001698, 34.016546000001441 ], [ -118.192125000001326, 34.012921000001043 ], [ -118.17213100000204, 34.000129000001678 ], [ -118.172554000001725, 33.986482000001132 ], [ -118.170045000002162, 33.980149000001347 ], [ -118.167049000002024, 33.979358000001348 ], [ -118.169094000002204, 33.963786000001889 ], [ -118.178057000001559, 33.967778000001182 ], [ -118.178009000001538, 33.968098000001127 ], [ -118.188009000001514, 33.970304000001178 ], [ -118.187894000002316, 33.969149000001089 ], [ -118.194059000002156, 33.969229000001157 ], [ -118.199526000001725, 33.970954000001811 ], [ -118.194930000001563, 33.963621000001851 ], [ -118.192782000001799, 33.961622000001647 ], [ -118.196652000001521, 33.962052000001698 ], [ -118.204748000001558, 33.962885000001812 ], [ -118.210864000002246, 33.963523000001516 ], [ -118.211888000001565, 33.964049000001779 ], [ -118.218786000002083, 33.96476800000157 ], [ -118.225203000001514, 33.966265000001265 ], [ -118.225477000002243, 33.959299000001401 ], [ -118.229647000001762, 33.961200000001504 ], [ -118.230191000001341, 33.967281000001556 ], [ -118.230233000001959, 33.974745000001668 ], [ -118.237632000001355, 33.974738000001523 ], [ -118.238953000001985, 33.980400000001758 ], [ -118.239021000001415, 33.98940300000119 ], [ -118.24774800000138, 33.989493000001247 ], [ -118.256436000002196, 33.989498000001724 ], [ -118.256436000001315, 33.989317000001293 ], [ -118.265185000001765, 33.989227000001634 ], [ -118.265204000001802, 33.995298000001569 ], [ -118.265205000001842, 33.995743000001681 ], [ -118.265219000001565, 34.00068800000161 ], [ -118.273968000001901, 34.001059000001149 ], [ -118.273978000001847, 34.003828000001619 ], [ -118.274003000002139, 34.011133000001763 ], [ -118.272815000001685, 34.011137000001817 ], [ -118.267947000001399, 34.011152000001402 ], [ -118.265252000001993, 34.015373000001041 ], [ -118.261449000001377, 34.013729000001561 ], [ -118.266450000002322, 34.021826000001354 ], [ -118.2659690000024, 34.022578000001353 ], [ -118.265436000002353, 34.023412000001002 ], [ -118.274476000002082, 34.027466000001482 ], [ -118.274283000002001, 34.035398000001102 ], [ -118.281460000001914, 34.030583000001435 ], [ -118.276002000002279, 34.0281540000015 ], [ -118.283955000002081, 34.027423000001534 ], [ -118.283952000001861, 34.028384000001374 ], [ -118.288820000002019, 34.028388000001627 ], [ -118.295896000002315, 34.02865300000105 ], [ -118.295903000001857, 34.025507000001816 ], [ -118.300210000001897, 34.025516000001673 ], [ -118.308887000001718, 34.025553000001594 ], [ -118.317641000001402, 34.025541000001368 ], [ -118.317657000001645, 34.029651000001778 ], [ -118.31766200000196, 34.030831000001236 ] ] ] } },
{ "type": "Feature", "properties": { "opt_all": 35, "population": 762662.0, "voting_age_pop": 578750.0, "dem_votes": 158498.0, "rep_votes": 105212.0, "minority_pop": 441459.0, "dem_pct": 0.60103143581925922, "rep_pct": 0.39896856380153634 }, "geometry": { "type": "Polygon", "coordinates": [ [ [ -117.740524000002083, 34.033527000001868 ], [ -117.748865000001985, 34.023143000001895 ], [ -117.749906000002156, 34.024122000001711 ], [ -117.77074400000204, 34.043568000001457 ], [ -117.773522000002444, 34.046197000001072 ], [ -117.771820000001398, 34.046257000001262 ], [ -117.772491000001921, 34.050907000001885 ], [ -117.767655000002236, 34.058380000001023 ], [ -117.758907000001642, 34.058592000001163 ], [ -117.759041000001446, 34.062160000001683 ], [ -117.761391000001538, 34.064163000001159 ], [ -117.759355000002003, 34.071156000001736 ], [ -117.752228000001679, 34.073790000001814 ], [ -117.741582000001983, 34.078153000001372 ], [ -117.736732000001439, 34.080141000001774 ], [ -117.736702000001955, 34.075825000001409 ], [ -117.736656000002085, 34.068722000001529 ], [ -117.72628000000222, 34.066730000001755 ], [ -117.726334000001899, 34.075859000001472 ], [ -117.712824000002115, 34.075892000001211 ], [ -117.711170000002326, 34.079536000001006 ], [ -117.710092000001481, 34.081981000001036 ], [ -117.704900000001402, 34.093953000001818 ], [ -117.704356000001795, 34.095290000001221 ], [ -117.699629000002403, 34.106825000001301 ], [ -117.693563000002058, 34.121627000001318 ], [ -117.689171000002361, 34.132318000001256 ], [ -117.683264000001515, 34.150488000001552 ], [ -117.670412000001505, 34.146900000000954 ], [ -117.651366000002326, 34.15057400000159 ], [ -117.636916000002216, 34.150577000001334 ], [ -117.636609000001798, 34.165178000001774 ], [ -117.677155000001406, 34.167377000001856 ], [ -117.646374000001799, 34.289170000001228 ], [ -117.650459000002044, 34.339025000001506 ], [ -117.607681000001705, 34.327201000001878 ], [ -117.608322000001493, 34.373657000001906 ], [ -117.594206000001634, 34.382860000001699 ], [ -117.569309000002093, 34.383134000001711 ], [ -117.505457000001542, 34.383124000001338 ], [ -117.459075000002059, 34.368527000001244 ], [ -117.437993000002422, 34.35415400000101 ], [ -117.4820690000018, 34.3331180000011 ], [ -117.453233000001717, 34.292915000001948 ], [ -117.466460000002357, 34.258401000001584 ], [ -117.426291000001726, 34.234623000001584 ], [ -117.409686000002239, 34.225282000001371 ], [ -117.361303000002025, 34.191149000001438 ], [ -117.347897000001964, 34.18149200000105 ], [ -117.345110000001995, 34.178315000001191 ], [ -117.361568000002165, 34.165113000001917 ], [ -117.345799000001719, 34.138443000001345 ], [ -117.345814000002122, 34.136044000001874 ], [ -117.347943000001834, 34.136018000001357 ], [ -117.360702000002405, 34.135895000001639 ], [ -117.370476000001858, 34.136028000001176 ], [ -117.383570000001782, 34.135922000001173 ], [ -117.399047000001701, 34.155896000001839 ], [ -117.416480000001997, 34.166671000001834 ], [ -117.431812000001599, 34.176105000001279 ], [ -117.418554000001436, 34.157782000001106 ], [ -117.40102600000192, 34.150477000001231 ], [ -117.401012000002325, 34.136239000001488 ], [ -117.431682000001402, 34.136460000001364 ], [ -117.427174000001344, 34.121337000001112 ], [ -117.405324000001542, 34.114043000001381 ], [ -117.400961000002155, 34.114035000001181 ], [ -117.400934000002422, 34.10674400000137 ], [ -117.400923000001555, 34.101392000001702 ], [ -117.400874000002418, 34.092275000001081 ], [ -117.400867000001497, 34.092157000001706 ], [ -117.409591000002436, 34.092214000001341 ], [ -117.418276000002081, 34.084952000001408 ], [ -117.418319000001418, 34.09218500000145 ], [ -117.427031000002003, 34.092159000001445 ], [ -117.427142000001965, 34.113939000001551 ], [ -117.435856000001436, 34.113912000001406 ], [ -117.453601000002323, 34.113861000001449 ], [ -117.453589000002083, 34.12138100000108 ], [ -117.464568000001563, 34.12140600000135 ], [ -117.468984000001953, 34.106496000001869 ], [ -117.471197000001439, 34.106495000001694 ], [ -117.471225000001766, 34.099260000001266 ], [ -117.488793000001806, 34.099312000001554 ], [ -117.488793000001863, 34.106573000001468 ], [ -117.506235000001396, 34.106425000001295 ], [ -117.514099000001977, 34.106357000001886 ], [ -117.524027000002278, 34.077180000001306 ], [ -117.524313000002039, 34.033469000001141 ], [ -117.558269000002255, 34.018906000001671 ], [ -117.558429000002022, 33.997112000001074 ], [ -117.558377000001457, 33.988420000001781 ], [ -117.593274000001514, 33.977589000001814 ], [ -117.60006600000176, 33.975316000001776 ], [ -117.610482000001738, 33.968822000001147 ], [ -117.610947000001474, 33.925114000001663 ], [ -117.655375000001882, 33.924343000001329 ], [ -117.659515000001633, 33.930690000001761 ], [ -117.650532000001562, 33.968552000001353 ], [ -117.688836000001999, 33.977350000001607 ], [ -117.688893000001457, 33.982817000001774 ], [ -117.70915900000216, 33.982727000001503 ], [ -117.715863000002074, 33.989635000001208 ], [ -117.715689000002314, 33.989782000001206 ], [ -117.724064000002002, 34.000781000001872 ], [ -117.733660000001507, 34.011209000001095 ], [ -117.746005000002313, 34.020119000001372 ], [ -117.745417000002206, 34.020024000001456 ], [ -117.728026000002004, 34.033534000001197 ], [ -117.740524000002083, 34.033527000001868 ] ] ] } },
{ "type": "Feature", "properties": { "opt_all": 36, "population": 761167.0, "voting_age_pop": 661884.0, "dem_votes": 283832.0, "rep_votes": 60154.0, "minority_pop": 302421.0, "dem_pct": 0.82512660374982505, "rep_pct": 0.17487339595946538 }, "geometry": { "type": "Polygon", "coordinates": [ [ [ -118.519421000001316, 34.023543000001588 ], [ -118.50396500000204, 34.040724000001624 ], [ -118.493862000001698, 34.050045000001084 ], [ -118.491825000002279, 34.048302000001527 ], [ -118.470013000001444, 34.052588000001833 ], [ -118.470451000001276, 34.054035000001441 ], [ -118.471712000001801, 34.063753000001789 ], [ -118.470066000001722, 34.065088000001502 ], [ -118.466494000001816, 34.072855000001674 ], [ -118.475682000001555, 34.092139000001787 ], [ -118.479292000001436, 34.122976000001671 ], [ -118.475744000001399, 34.126340000001512 ], [ -118.469562000002, 34.148351000001632 ], [ -118.483612000001841, 34.153316000001716 ], [ -118.483615000002061, 34.155187000001327 ], [ -118.483624000001484, 34.165180000001541 ], [ -118.469468000002323, 34.160006000001125 ], [ -118.469485000001541, 34.164823000001057 ], [ -118.46179500000224, 34.164849000001077 ], [ -118.448700000001637, 34.164855000001545 ], [ -118.439968000001741, 34.164861000001096 ], [ -118.431237000002085, 34.164866000001489 ], [ -118.431232000001685, 34.155523000001025 ], [ -118.424875000001379, 34.1469680000016 ], [ -118.424875000001521, 34.143699000001192 ], [ -118.428174000001917, 34.131274000001028 ], [ -118.407513000001941, 34.129449000001017 ], [ -118.406908000001437, 34.128960000001307 ], [ -118.413934000002115, 34.094268000001364 ], [ -118.427035000001567, 34.090076000001268 ], [ -118.426968000001438, 34.083614000001624 ], [ -118.423023000001763, 34.079931000001729 ], [ -118.416319000001863, 34.067079000001435 ], [ -118.414344000001819, 34.064324000001115 ], [ -118.406106000001515, 34.052781000001694 ], [ -118.399080000001319, 34.057096000001181 ], [ -118.399080000001419, 34.057035000001711 ], [ -118.389853000001835, 34.057085000001003 ], [ -118.383666000001895, 34.05709900000172 ], [ -118.383615000001839, 34.059366000001823 ], [ -118.383534000002058, 34.062937000001327 ], [ -118.377330000002274, 34.062954000001682 ], [ -118.377268000001806, 34.059522000001238 ], [ -118.376164000002206, 34.059600000001659 ], [ -118.372258000001764, 34.0642450000012 ], [ -118.37575500000176, 34.070097000001631 ], [ -118.383764000002202, 34.072122000001407 ], [ -118.386744000002324, 34.072083000001342 ], [ -118.389701000002034, 34.072078000001106 ], [ -118.389733000001357, 34.076490000001016 ], [ -118.389727000001983, 34.080881000001106 ], [ -118.389745000001881, 34.081164000001145 ], [ -118.39584400000156, 34.091055000001489 ], [ -118.384459000002323, 34.093557000001304 ], [ -118.379881000002314, 34.092683000001507 ], [ -118.377385000002207, 34.094212000001214 ], [ -118.368961000001804, 34.097810000001324 ], [ -118.365946000002126, 34.09711900000125 ], [ -118.361542000001606, 34.094455000001716 ], [ -118.358166000002285, 34.094431000001194 ], [ -118.353908000002122, 34.094401000001625 ], [ -118.349537000002314, 34.094368000001602 ], [ -118.349561000001742, 34.098000000001093 ], [ -118.348957000001604, 34.097996000001174 ], [ -118.34411900000228, 34.097963000001648 ], [ -118.34481200000134, 34.100326000001203 ], [ -118.345206000001355, 34.101601000001423 ], [ -118.345873000002285, 34.103690000001599 ], [ -118.349967000001641, 34.103442000001671 ], [ -118.353938000001961, 34.101654000001716 ], [ -118.35820700000194, 34.101684000001192 ], [ -118.365476000001919, 34.101708000001736 ], [ -118.374201000002245, 34.114816000001817 ], [ -118.375305000002115, 34.12353800000102 ], [ -118.371676000001926, 34.130588000001239 ], [ -118.358789000001366, 34.124664000001324 ], [ -118.346936000001918, 34.118277000001591 ], [ -118.341746000001805, 34.123377000001376 ], [ -118.33581200000188, 34.112606000001726 ], [ -118.325125000002075, 34.12041400000107 ], [ -118.325969000002075, 34.110365000001792 ], [ -118.321482000002362, 34.110082000001491 ], [ -118.321260000001601, 34.105249000001564 ], [ -118.3169040000016, 34.105262000001808 ], [ -118.317116000002073, 34.112204000001441 ], [ -118.31625500000176, 34.119848000001468 ], [ -118.299190000002156, 34.116017000001676 ], [ -118.30055600000216, 34.10538500000137 ], [ -118.300536000001344, 34.101757000000937 ], [ -118.291770000001776, 34.101780000001064 ], [ -118.291782000002044, 34.105409000001885 ], [ -118.291789000001316, 34.107676000001142 ], [ -118.285237000002127, 34.107691000001644 ], [ -118.285233000001583, 34.105425000001716 ], [ -118.273361000002197, 34.104053000001052 ], [ -118.277162000002363, 34.095776000001102 ], [ -118.278667000001846, 34.09578400000148 ], [ -118.284127000002059, 34.095812000001182 ], [ -118.291768000001696, 34.101228000001491 ], [ -118.291750000001926, 34.095548000001465 ], [ -118.296115000001478, 34.095385000001762 ], [ -118.300499000001579, 34.09522100000131 ], [ -118.300482000001921, 34.090822000001843 ], [ -118.300451000001473, 34.08468100000146 ], [ -118.300446000001315, 34.083555000001503 ], [ -118.300423000001516, 34.079016000001658 ], [ -118.300410000002046, 34.076288000001547 ], [ -118.300384000002282, 34.07276200000144 ], [ -118.300358000001722, 34.069017000001388 ], [ -118.300358000002234, 34.06538200000157 ], [ -118.296642000001967, 34.06540400000145 ], [ -118.294142000001443, 34.065412000001835 ], [ -118.291649000001783, 34.065422000001107 ], [ -118.291644000001881, 34.063683000001248 ], [ -118.291638000001925, 34.061793000001408 ], [ -118.29162700000208, 34.057755000001521 ], [ -118.295390000002143, 34.057733000001662 ], [ -118.29652900000228, 34.057726000001523 ], [ -118.299800000001483, 34.057707000001315 ], [ -118.299888000001943, 34.054488000001236 ], [ -118.296520000001834, 34.054504000001536 ], [ -118.295800000001606, 34.054507000001003 ], [ -118.295858000002397, 34.047244000001015 ], [ -118.299967000001601, 34.047228000001333 ], [ -118.299976000001436, 34.050871000001692 ], [ -118.309046000001914, 34.050824000001022 ], [ -118.309059000001824, 34.05443800000171 ], [ -118.31544700000164, 34.054436000001523 ], [ -118.317380000002316, 34.058081000001472 ], [ -118.30907200000226, 34.058038000001318 ], [ -118.309085000002042, 34.061693000001185 ], [ -118.314192000001881, 34.061695000001038 ], [ -118.317879000001525, 34.061699000001028 ], [ -118.319472000001994, 34.058717000001167 ], [ -118.323857000002278, 34.053066000001188 ], [ -118.326704000002096, 34.047820000001501 ], [ -118.333317000001983, 34.048441000001517 ], [ -118.335381000001604, 34.052739000001843 ], [ -118.343604000001619, 34.053373000001422 ], [ -118.347898000002118, 34.051443000001342 ], [ -118.349272000002202, 34.047982000001518 ], [ -118.358862000001764, 34.049404000001466 ], [ -118.358313000001644, 34.051848000001428 ], [ -118.366639000001754, 34.051502000001314 ], [ -118.369187000002199, 34.043095000001038 ], [ -118.376819000001603, 34.044532000001176 ], [ -118.377206000001763, 34.038242000001773 ], [ -118.377533000001634, 34.036827000001487 ], [ -118.390469000001545, 34.031010000001487 ], [ -118.403202000001642, 34.029546000001041 ], [ -118.402149000001685, 34.027681000001628 ], [ -118.407360000001759, 34.024898000001848 ], [ -118.410461000001874, 34.023242000001837 ], [ -118.409929000001483, 34.02255200000149 ], [ -118.40686400000196, 34.018574000001657 ], [ -118.410835000001356, 34.01635200000117 ], [ -118.412762000001834, 34.015263000001539 ], [ -118.418235000001616, 34.01210900000131 ], [ -118.421411000001356, 34.010324000001667 ], [ -118.418239000001975, 34.000619000001144 ], [ -118.421700000001422, 33.998537000001434 ], [ -118.430836000002316, 34.000102000001057 ], [ -118.434720000001874, 33.997206000001306 ], [ -118.443350000002141, 33.995317000001471 ], [ -118.448472000001999, 33.993359000001675 ], [ -118.458688000002127, 33.987955000001023 ], [ -118.462331000001441, 33.988969000001411 ], [ -118.462677000001676, 33.989195000001153 ], [ -118.476100000001637, 33.981632000001746 ], [ -118.479841000002196, 33.985520000001287 ], [ -118.486583000002, 33.993732000001252 ], [ -118.490096000001714, 33.99813200000137 ], [ -118.495200000002313, 34.004094000001039 ], [ -118.505885000001925, 34.013035000001125 ], [ -118.512260000001419, 34.018217000001492 ], [ -118.519421000001316, 34.023543000001588 ] ] ] } },
{ "type": "Feature", "properties": { "opt_all": 37, "population": 757025.0, "voting_age_pop": 599214.0, "dem_votes": 237322.0, "rep_votes": 33317.0, "minority_pop": 482707.0, "dem_pct": 0.87689505175643756, "rep_pct": 0.12310494787406658 }, "geometry": { "type": "Polygon", "coordinates": [ [ [ -118.464085000001958, 33.958798000000996 ], [ -118.471863000002003, 33.97651900000141 ], [ -118.476100000001637, 33.981632000001746 ], [ -118.462677000001676, 33.989195000001153 ], [ -118.462331000001441, 33.988969000001411 ], [ -118.458688000002127, 33.987955000001023 ], [ -118.448472000001999, 33.993359000001675 ], [ -118.443350000002141, 33.995317000001471 ], [ -118.434720000001874, 33.997206000001306 ], [ -118.430836000002316, 34.000102000001057 ], [ -118.421700000001422, 33.998537000001434 ], [ -118.418239000001975, 34.000619000001144 ], [ -118.421411000001356, 34.010324000001667 ], [ -118.418235000001616, 34.01210900000131 ], [ -118.412762000001834, 34.015263000001539 ], [ -118.410835000001356, 34.01635200000117 ], [ -118.40686400000196, 34.018574000001657 ], [ -118.409929000001483, 34.02255200000149 ], [ -118.410461000001874, 34.023242000001837 ], [ -118.407360000001759, 34.024898000001848 ], [ -118.402149000001685, 34.027681000001628 ], [ -118.403202000001642, 34.029546000001041 ], [ -118.390469000001545, 34.031010000001487 ], [ -118.377533000001634, 34.036827000001487 ], [ -118.377206000001763, 34.038242000001773 ], [ -118.376819000001603, 34.044532000001176 ], [ -118.369187000002199, 34.043095000001038 ], [ -118.366639000001754, 34.051502000001314 ], [ -118.358313000001644, 34.051848000001428 ], [ -118.358862000001764, 34.049404000001466 ], [ -118.349272000002202, 34.047982000001518 ], [ -118.347898000002118, 34.051443000001342 ], [ -118.343604000001619, 34.053373000001422 ], [ -118.335381000001604, 34.052739000001843 ], [ -118.333317000001983, 34.048441000001517 ], [ -118.326704000002096, 34.047820000001501 ], [ -118.323857000002278, 34.053066000001188 ], [ -118.319472000001994, 34.058717000001167 ], [ -118.317879000001525, 34.061699000001028 ], [ -118.314192000001881, 34.061695000001038 ], [ -118.309085000002042, 34.061693000001185 ], [ -118.30907200000226, 34.058038000001318 ], [ -118.317380000002316, 34.058081000001472 ], [ -118.31544700000164, 34.054436000001523 ], [ -118.309059000001824, 34.05443800000171 ], [ -118.309046000001914, 34.050824000001022 ], [ -118.299976000001436, 34.050871000001692 ], [ -118.299967000001601, 34.047228000001333 ], [ -118.295858000002397, 34.047244000001015 ], [ -118.291597000001559, 34.04726000000101 ], [ -118.284128000002354, 34.047283000001116 ], [ -118.284141000001995, 34.043780000001064 ], [ -118.291589000002176, 34.04423500000145 ], [ -118.291563000002085, 34.040004000001524 ], [ -118.284102000001724, 34.039855000001076 ], [ -118.284009000001362, 34.037034000001348 ], [ -118.291549000001339, 34.036837000001334 ], [ -118.300272000002167, 34.036939000001006 ], [ -118.300349000001845, 34.039969000001271 ], [ -118.305268000002116, 34.039952000001591 ], [ -118.317698000002082, 34.0399120000016 ], [ -118.317685000001319, 34.036589000001264 ], [ -118.308985000001783, 34.037018000001723 ], [ -118.308953000002077, 34.032694000001769 ], [ -118.308940000002281, 34.030862000001726 ], [ -118.31766200000196, 34.030831000001236 ], [ -118.317657000001645, 34.029651000001778 ], [ -118.317641000001402, 34.025541000001368 ], [ -118.308887000001718, 34.025553000001594 ], [ -118.300210000001897, 34.025516000001673 ], [ -118.295903000001857, 34.025507000001816 ], [ -118.295896000002315, 34.02865300000105 ], [ -118.288820000002019, 34.028388000001627 ], [ -118.283952000001861, 34.028384000001374 ], [ -118.283955000002081, 34.027423000001534 ], [ -118.276002000002279, 34.0281540000015 ], [ -118.281460000001914, 34.030583000001435 ], [ -118.274283000002001, 34.035398000001102 ], [ -118.274476000002082, 34.027466000001482 ], [ -118.265436000002353, 34.023412000001002 ], [ -118.2659690000024, 34.022578000001353 ], [ -118.266450000002322, 34.021826000001354 ], [ -118.261449000001377, 34.013729000001561 ], [ -118.265252000001993, 34.015373000001041 ], [ -118.267947000001399, 34.011152000001402 ], [ -118.272815000001685, 34.011137000001817 ], [ -118.274003000002139, 34.011133000001763 ], [ -118.273978000001847, 34.003828000001619 ], [ -118.273968000001901, 34.001059000001149 ], [ -118.265219000001565, 34.00068800000161 ], [ -118.265205000001842, 33.995743000001681 ], [ -118.265204000001802, 33.995298000001569 ], [ -118.265185000001765, 33.989227000001634 ], [ -118.256436000001315, 33.989317000001293 ], [ -118.256436000002196, 33.989498000001724 ], [ -118.24774800000138, 33.989493000001247 ], [ -118.239021000001415, 33.98940300000119 ], [ -118.238953000001985, 33.980400000001758 ], [ -118.237632000001355, 33.974738000001523 ], [ -118.230233000001959, 33.974745000001668 ], [ -118.230191000001341, 33.967281000001556 ], [ -118.229647000001762, 33.961200000001504 ], [ -118.230677000002217, 33.957687000001428 ], [ -118.229699000001517, 33.953293000001636 ], [ -118.228966000001378, 33.949909000001611 ], [ -118.228602000001899, 33.948301000001294 ], [ -118.234026000001464, 33.948243000001469 ], [ -118.241902000001517, 33.953274000001876 ], [ -118.243255000001838, 33.953263000001478 ], [ -118.249138000002219, 33.943273000001476 ], [ -118.25364000000144, 33.943277000001579 ], [ -118.255929000002126, 33.953276000001793 ], [ -118.255914000001638, 33.956525000001363 ], [ -118.271689000002326, 33.956470000001104 ], [ -118.271668000001355, 33.960099000001563 ], [ -118.280707000001996, 33.960026000001399 ], [ -118.28071900000154, 33.964165000001287 ], [ -118.280718000001556, 33.967874000001189 ], [ -118.280717000002099, 33.97079400000159 ], [ -118.291547000001657, 33.970721000001184 ], [ -118.291647000001603, 33.967801000001764 ], [ -118.304636000002162, 33.967288000001531 ], [ -118.304646000001824, 33.959988000001282 ], [ -118.300267000001483, 33.959481000001411 ], [ -118.300257000002318, 33.95273400000125 ], [ -118.300258000001577, 33.952139000001587 ], [ -118.302454000002399, 33.94547400000166 ], [ -118.309019000001314, 33.940020000001219 ], [ -118.30902500000154, 33.938210000001149 ], [ -118.317720000002353, 33.945463000001162 ], [ -118.317724000002286, 33.952717000001506 ], [ -118.31776100000144, 33.959972000001194 ], [ -118.317752000001462, 33.967279000001049 ], [ -118.317747000001475, 33.970923000001108 ], [ -118.326471000001817, 33.970909000001804 ], [ -118.326480000001638, 33.967267000001762 ], [ -118.33521000000232, 33.974447000001682 ], [ -118.335196000001758, 33.978108000001534 ], [ -118.338557000001515, 33.981739000001106 ], [ -118.347334000001823, 33.981700000000998 ], [ -118.358544000002126, 33.981667000001636 ], [ -118.370118000002194, 33.977272000001186 ], [ -118.370797000001303, 33.96799200000148 ], [ -118.371295000001766, 33.963345000001581 ], [ -118.377759000001404, 33.95990400000133 ], [ -118.378615000001645, 33.952646000001025 ], [ -118.370057000002021, 33.95267200000184 ], [ -118.370037000002355, 33.945420000001484 ], [ -118.370035000001565, 33.943104000001483 ], [ -118.370031000001845, 33.938188000001475 ], [ -118.368387000001277, 33.930946000001803 ], [ -118.368375000001677, 33.929021000001278 ], [ -118.378429000002299, 33.929008000001637 ], [ -118.374341000002076, 33.916306000001143 ], [ -118.378701000001755, 33.901905000001257 ], [ -118.396173000001497, 33.901866000001768 ], [ -118.412505000001559, 33.901905000001072 ], [ -118.415774000001718, 33.901649000001413 ], [ -118.42993600000176, 33.902619000001032 ], [ -118.436981000002035, 33.916308000001557 ], [ -118.45245900000134, 33.943151000001372 ], [ -118.464085000001958, 33.958798000000996 ] ] ] } },
{ "type": "Feature", "properties": { "opt_all": 38, "population": 763465.0, "voting_age_pop": 604059.0, "dem_votes": 199725.0, "rep_votes": 121138.0, "minority_pop": 430476.0, "dem_pct": 0.62246192280740942, "rep_pct": 0.37753807688093111 }, "geometry": { "type": "Polygon", "coordinates": [ [ [ -118.152412000002144, 33.778964000001608 ], [ -118.152404000001923, 33.782586000001359 ], [ -118.156748000001841, 33.782592000001912 ], [ -118.156749000002193, 33.786226000001754 ], [ -118.156743000001313, 33.789769000001392 ], [ -118.167645000001585, 33.791492000001746 ], [ -118.180663000001658, 33.799945000001316 ], [ -118.181734000001384, 33.804231000001074 ], [ -118.184582000001313, 33.804331000001852 ], [ -118.184579000002074, 33.811635000001068 ], [ -118.184455000001407, 33.818622000001206 ], [ -118.171973000001358, 33.818657000000982 ], [ -118.164037000001883, 33.827596000001485 ], [ -118.164310000002061, 33.827802000001498 ], [ -118.164306000002398, 33.832417000001513 ], [ -118.164322000001434, 33.847056000001572 ], [ -118.167559000002115, 33.846940000001389 ], [ -118.167642000002104, 33.851784000001608 ], [ -118.16770400000172, 33.854258000001231 ], [ -118.159849000001714, 33.854361000001681 ], [ -118.156991000001597, 33.860184000001418 ], [ -118.146767000001745, 33.860310000001846 ], [ -118.146651000001555, 33.868936000001575 ], [ -118.142626000001755, 33.868963000001365 ], [ -118.133859000002204, 33.868990000001567 ], [ -118.125140000002361, 33.869035000001269 ], [ -118.117213000001883, 33.868971000001672 ], [ -118.108429000001635, 33.865587000001483 ], [ -118.108004000001401, 33.876790000001925 ], [ -118.108160000001718, 33.88694000000099 ], [ -118.099887000001843, 33.887402000001032 ], [ -118.095533000002263, 33.887426000001433 ], [ -118.087806000001365, 33.880338000001437 ], [ -118.090992000001663, 33.872981000001509 ], [ -118.090991000002077, 33.865684000001536 ], [ -118.086475000001585, 33.858424000001563 ], [ -118.082092000001836, 33.856040000001556 ], [ -118.07224100000218, 33.854512000001627 ], [ -118.07027300000162, 33.865816000001061 ], [ -118.080043000001623, 33.873054000001119 ], [ -118.074895000001419, 33.880383000001181 ], [ -118.072708000001839, 33.880392000001393 ], [ -118.068476000001681, 33.887559000001389 ], [ -118.064085000002365, 33.887165000001552 ], [ -118.055383000001527, 33.887650000001614 ], [ -118.046539000001758, 33.887713000001717 ], [ -118.028888000002325, 33.882629000001145 ], [ -118.029115000002264, 33.902526000001387 ], [ -118.036519000001903, 33.917000000001323 ], [ -118.038259000001759, 33.916976000001277 ], [ -118.046663000001558, 33.916924000001629 ], [ -118.055193000001438, 33.917117000001475 ], [ -118.046414000001477, 33.931739000001123 ], [ -118.041665000001686, 33.936804000001402 ], [ -118.044523000001604, 33.938879000001506 ], [ -118.042735000001557, 33.953338000001892 ], [ -118.045634000002167, 33.955344000001219 ], [ -118.053007000002125, 33.956708000001655 ], [ -118.054922000001596, 33.968176000001364 ], [ -118.064152000001485, 33.970255000001117 ], [ -118.088837000001618, 33.966913000001796 ], [ -118.082675000001757, 33.975324000001507 ], [ -118.075182000001405, 33.985165000001061 ], [ -118.07127200000204, 33.994800000001661 ], [ -118.070719000002143, 33.994429000001801 ], [ -118.060966000002239, 34.00653500000147 ], [ -118.054224000001341, 34.02222900000146 ], [ -118.069358000002282, 34.020448000001217 ], [ -118.078797000002325, 34.016970000001443 ], [ -118.085787000001758, 34.018785000001373 ], [ -118.080698000002286, 34.039328000001859 ], [ -118.080756000001486, 34.039405000001175 ], [ -118.081949000001885, 34.051719000001647 ], [ -118.070260000002307, 34.057241000001277 ], [ -118.068568000001434, 34.062836000001134 ], [ -118.055310000001526, 34.06270700000097 ], [ -118.055640000002114, 34.056373000001727 ], [ -118.04236500000232, 34.058611000001349 ], [ -118.03905100000236, 34.058597000001072 ], [ -118.034629000001715, 34.05602600000163 ], [ -118.028312000001876, 34.047002000001406 ], [ -118.029846000001953, 34.045691000001845 ], [ -118.028097000001623, 34.039057000001613 ], [ -118.038162000001762, 34.034761000001431 ], [ -118.037927000001673, 34.033802000001579 ], [ -118.03761100000186, 34.027158000001648 ], [ -118.012607000001495, 34.016004000001267 ], [ -118.003805000001634, 33.994734000001607 ], [ -118.002431000001863, 33.994454000001795 ], [ -117.982791000002365, 33.976834000001894 ], [ -117.976661000001982, 33.974829000001314 ], [ -117.966449000001404, 33.972578000001825 ], [ -117.950655000002016, 33.974370000001144 ], [ -117.942235000001503, 33.974754000000985 ], [ -117.916481000001937, 33.96853900000179 ], [ -117.931623000001636, 33.946080000001189 ], [ -117.950456000002234, 33.946072000001237 ], [ -117.96477700000176, 33.94605400000119 ], [ -117.966691000002399, 33.946058000001841 ], [ -117.976514000001359, 33.939918000001846 ], [ -117.976514000002084, 33.939844000001116 ], [ -117.976536000001687, 33.928166000001539 ], [ -117.976530000002001, 33.928034000001588 ], [ -117.976563000002002, 33.917418000001184 ], [ -117.976571000001556, 33.91120500000094 ], [ -117.976575000001446, 33.906406000001311 ], [ -117.957544000001647, 33.906457000001225 ], [ -117.954000000001656, 33.892710000001202 ], [ -117.944390000001604, 33.893490000001755 ], [ -117.951030000002206, 33.881280000000991 ], [ -117.942000000002295, 33.881230000001452 ], [ -117.941920000002355, 33.86659000000131 ], [ -117.933030000002375, 33.866460000001439 ], [ -117.933010000001914, 33.854423000001191 ], [ -117.9417900000022, 33.854343000001698 ], [ -117.949826000001494, 33.854271000001667 ], [ -117.967942000001642, 33.854728000001209 ], [ -117.976239000001954, 33.857487000001861 ], [ -117.976222000001314, 33.855995000001776 ], [ -117.976053000002196, 33.839544000001851 ], [ -117.984803000001804, 33.839468000001624 ], [ -117.993481000001566, 33.832058000001496 ], [ -118.002223000001862, 33.831981000001363 ], [ -118.010976000001605, 33.831975000001208 ], [ -118.010785000002116, 33.817251000001228 ], [ -118.010701000002257, 33.809992000001202 ], [ -118.011060000002161, 33.80294000000179 ], [ -118.011064000002165, 33.795625000001444 ], [ -118.028370000001715, 33.795700000001624 ], [ -118.041698000002356, 33.784969000001084 ], [ -118.041727000002041, 33.78116700000195 ], [ -118.072017000001722, 33.784970000001231 ], [ -118.075201000002281, 33.774281000001075 ], [ -118.094875000002261, 33.774200000001777 ], [ -118.097057000002124, 33.774192000001783 ], [ -118.092045000002315, 33.759675000001366 ], [ -118.115120000002165, 33.763047000001123 ], [ -118.120798000001741, 33.760517000001485 ], [ -118.128622000001499, 33.759908000001552 ], [ -118.131676000002003, 33.764027000001811 ], [ -118.141550000001516, 33.766259000001703 ], [ -118.141544000002085, 33.775327000001603 ], [ -118.152412000001874, 33.775331000001721 ], [ -118.152412000002144, 33.778964000001608 ] ] ] } },
{ "type": "Feature", "properties": { "opt_all": 39, "population": 760666.0, "voting_age_pop": 570139.0, "dem_votes": 141507.0, "rep_votes": 96859.0, "minority_pop": 427094.0, "dem_pct": 0.59365429608515718, "rep_pct": 0.4063457034953199 }, "geometry": { "type": "Polygon", "coordinates": [ [ [ -117.536629000001966, 33.825476000001593 ], [ -117.518402000002354, 33.820960000001122 ], [ -117.504056000001725, 33.800257000001558 ], [ -117.537338000001796, 33.794524000001076 ], [ -117.569175000001806, 33.764610000001667 ], [ -117.636650000002405, 33.829975000001042 ], [ -117.675053000001483, 33.868725000001632 ], [ -117.671928000002239, 33.86971000000154 ], [ -117.672439000001802, 33.87025800000135 ], [ -117.673019000001844, 33.871039000001701 ], [ -117.675478000001362, 33.888119000001723 ], [ -117.655375000001882, 33.924343000001329 ], [ -117.610947000001474, 33.925114000001663 ], [ -117.610482000001738, 33.968822000001147 ], [ -117.60006600000176, 33.975316000001776 ], [ -117.593274000001514, 33.977589000001814 ], [ -117.558377000001457, 33.988420000001781 ], [ -117.558429000002022, 33.997112000001074 ], [ -117.558269000002255, 34.018906000001671 ], [ -117.524313000002039, 34.033469000001141 ], [ -117.524027000002278, 34.077180000001306 ], [ -117.514099000001977, 34.106357000001886 ], [ -117.506235000001396, 34.106425000001295 ], [ -117.488793000001863, 34.106573000001468 ], [ -117.488793000001806, 34.099312000001554 ], [ -117.471225000001766, 34.099260000001266 ], [ -117.471197000001439, 34.106495000001694 ], [ -117.468984000001953, 34.106496000001869 ], [ -117.464568000001563, 34.12140600000135 ], [ -117.453589000002083, 34.12138100000108 ], [ -117.453601000002323, 34.113861000001449 ], [ -117.435856000001436, 34.113912000001406 ], [ -117.427142000001965, 34.113939000001551 ], [ -117.427031000002003, 34.092159000001445 ], [ -117.418319000001418, 34.09218500000145 ], [ -117.418276000002081, 34.084952000001408 ], [ -117.418276000001455, 34.08492700000177 ], [ -117.418265000002293, 34.077654000001623 ], [ -117.40953500000208, 34.077680000001223 ], [ -117.409508000002305, 34.067841000001273 ], [ -117.409459000001917, 34.041478000001057 ], [ -117.414178000001513, 34.034306000001536 ], [ -117.375278000001842, 34.033875000001665 ], [ -117.370274000001444, 34.019444000001258 ], [ -117.362575000002167, 34.019323000001144 ], [ -117.352089000001726, 34.001387000001671 ], [ -117.324078000002345, 34.008865000001691 ], [ -117.328950000002393, 33.997528000001225 ], [ -117.332244000001836, 33.99021600000129 ], [ -117.309417000001559, 33.983010000001286 ], [ -117.310324000001756, 33.960448000001712 ], [ -117.312930000002041, 33.9607570000015 ], [ -117.309370000001962, 33.958974000001568 ], [ -117.317747000002356, 33.95580200000159 ], [ -117.322444000001937, 33.954686000001374 ], [ -117.330216000001698, 33.950996000001041 ], [ -117.346371000001923, 33.956036000001447 ], [ -117.347562000002142, 33.959102000001387 ], [ -117.361099000002, 33.960930000001468 ], [ -117.377615000001938, 33.963499000001065 ], [ -117.383848000001777, 33.953642000001523 ], [ -117.388891000001777, 33.946311000001756 ], [ -117.397586000001638, 33.940152000001142 ], [ -117.419748000001562, 33.927482000001753 ], [ -117.406701000002144, 33.924804000001622 ], [ -117.39186300000236, 33.93323300000155 ], [ -117.389241000002059, 33.930044000001402 ], [ -117.383476000001835, 33.922391000001902 ], [ -117.383327000001501, 33.901633000000999 ], [ -117.410233000002265, 33.887000000001677 ], [ -117.432812000001761, 33.886900000001852 ], [ -117.438979000001567, 33.886916000001236 ], [ -117.453445000002361, 33.857760000001328 ], [ -117.460335000001393, 33.829249000001312 ], [ -117.502555000001621, 33.824385000001534 ], [ -117.511454000001464, 33.85212900000105 ], [ -117.536860000001965, 33.85973600000122 ], [ -117.536204000002314, 33.844908000001944 ], [ -117.536436000001842, 33.830537000001847 ], [ -117.536629000001966, 33.825476000001593 ] ] ] } },
{ "type": "Feature", "properties": { "opt_all": 40, "population": 758857.0, "voting_age_pop": 593706.0, "dem_votes": 167601.0, "rep_votes": 166358.0, "minority_pop": 333261.0, "dem_pct": 0.50186100673979106, "rep_pct": 0.49813899296077091 }, "geometry": { "type": "Polygon", "coordinates": [ [ [ -117.922441000001498, 33.842939000001863 ], [ -117.941586000001521, 33.839775000001787 ], [ -117.941669000002221, 33.847087000001821 ], [ -117.9417900000022, 33.854343000001698 ], [ -117.933010000001914, 33.854423000001191 ], [ -117.933030000002375, 33.866460000001439 ], [ -117.941920000002355, 33.86659000000131 ], [ -117.942000000002295, 33.881230000001452 ], [ -117.951030000002206, 33.881280000000991 ], [ -117.944390000001604, 33.893490000001755 ], [ -117.954000000001656, 33.892710000001202 ], [ -117.957544000001647, 33.906457000001225 ], [ -117.976575000001446, 33.906406000001311 ], [ -117.976571000001556, 33.91120500000094 ], [ -117.976563000002002, 33.917418000001184 ], [ -117.976530000002001, 33.928034000001588 ], [ -117.976536000001687, 33.928166000001539 ], [ -117.976514000002084, 33.939844000001116 ], [ -117.976514000001359, 33.939918000001846 ], [ -117.966691000002399, 33.946058000001841 ], [ -117.96477700000176, 33.94605400000119 ], [ -117.950456000002234, 33.946072000001237 ], [ -117.931623000001636, 33.946080000001189 ], [ -117.916481000001937, 33.96853900000179 ], [ -117.942235000001503, 33.974754000000985 ], [ -117.932370000001526, 33.981786000001115 ], [ -117.931760000001361, 33.990858000001559 ], [ -117.931749000002156, 33.990977000001273 ], [ -117.912009000002243, 33.989372000001843 ], [ -117.888313000001418, 33.996312000001005 ], [ -117.887681000002104, 34.002874000001093 ], [ -117.881054000001527, 34.001844000000936 ], [ -117.872790000002084, 34.002645000001259 ], [ -117.871543000001878, 34.003045000001642 ], [ -117.871037000001365, 33.999047000001696 ], [ -117.869769000001924, 33.986837000001209 ], [ -117.844231000001841, 33.99990500000164 ], [ -117.84265600000198, 33.984312000001651 ], [ -117.855095000001896, 33.974843000001108 ], [ -117.848834000002057, 33.968372000001274 ], [ -117.868374000001722, 33.945936000001595 ], [ -117.783252000002079, 33.946261000001073 ], [ -117.768225000001721, 33.935767000001313 ], [ -117.748097000001593, 33.921432000001467 ], [ -117.737752000001905, 33.914732000001678 ], [ -117.735464000001514, 33.913251000001814 ], [ -117.71028500000196, 33.896668000001441 ], [ -117.675794000001716, 33.873950000001464 ], [ -117.673019000001844, 33.871039000001701 ], [ -117.672439000001802, 33.87025800000135 ], [ -117.671928000002239, 33.86971000000154 ], [ -117.675053000001483, 33.868725000001632 ], [ -117.636650000002405, 33.829975000001042 ], [ -117.569175000001806, 33.764610000001667 ], [ -117.537338000001796, 33.794524000001076 ], [ -117.504056000001725, 33.800257000001558 ], [ -117.518402000002354, 33.820960000001122 ], [ -117.536629000001966, 33.825476000001593 ], [ -117.536436000001842, 33.830537000001847 ], [ -117.536204000002314, 33.844908000001944 ], [ -117.536860000001965, 33.85973600000122 ], [ -117.511454000001464, 33.85212900000105 ], [ -117.502555000001621, 33.824385000001534 ], [ -117.460335000001393, 33.829249000001312 ], [ -117.453445000002361, 33.857760000001328 ], [ -117.438979000001567, 33.886916000001236 ], [ -117.432812000001761, 33.886900000001852 ], [ -117.410233000002265, 33.887000000001677 ], [ -117.383327000001501, 33.901633000000999 ], [ -117.374477000001363, 33.901627000001696 ], [ -117.3487610000019, 33.879921000001566 ], [ -117.3313190000014, 33.880078000001618 ], [ -117.340391000002384, 33.858083000001109 ], [ -117.305095000002183, 33.837039000001887 ], [ -117.311737000001756, 33.836978000001238 ], [ -117.362307000001977, 33.832365000001147 ], [ -117.345197000002315, 33.791912000001361 ], [ -117.333629000002006, 33.719886000001864 ], [ -117.393486000001616, 33.729880000001195 ], [ -117.384638000002241, 33.712503000001298 ], [ -117.400699000002362, 33.701876000001796 ], [ -117.393748000001438, 33.687558000001466 ], [ -117.386650000001794, 33.674393000001835 ], [ -117.383571000002036, 33.66315200000151 ], [ -117.375748000001579, 33.658302000001846 ], [ -117.41395300000238, 33.65100100000123 ], [ -117.426756000001717, 33.612017000001508 ], [ -117.457937000001863, 33.602189000001651 ], [ -117.511570000001882, 33.592360000001193 ], [ -117.540900000001557, 33.574250000001527 ], [ -117.549820000001844, 33.533760000001429 ], [ -117.569454000001684, 33.583207000001735 ], [ -117.5620450000023, 33.6445060000013 ], [ -117.578007000001705, 33.642571000001084 ], [ -117.574129000001918, 33.5972470000019 ], [ -117.574501000002044, 33.562229000001345 ], [ -117.5501310000015, 33.533047000001396 ], [ -117.564710000002364, 33.515610000001885 ], [ -117.619780000001782, 33.519760000001142 ], [ -117.624136000002238, 33.534704000001881 ], [ -117.658992000002044, 33.533833000001579 ], [ -117.669827000002286, 33.527746000001834 ], [ -117.672880000001754, 33.559170000001274 ], [ -117.671538000001561, 33.580210000001323 ], [ -117.676343000001836, 33.598124000001278 ], [ -117.694500000001881, 33.60698500000116 ], [ -117.687430000001939, 33.620720000001633 ], [ -117.665350000001837, 33.629060000001317 ], [ -117.675111000001607, 33.631836000001648 ], [ -117.65122700000164, 33.656985000001164 ], [ -117.652590000002363, 33.659760000001427 ], [ -117.637630000002417, 33.66192000000099 ], [ -117.620560000002143, 33.683270000001095 ], [ -117.633220000001799, 33.696920000001832 ], [ -117.636972000001421, 33.698611000001691 ], [ -117.638637000001765, 33.699149000001626 ], [ -117.673060000001513, 33.748280000001664 ], [ -117.699550000002162, 33.757870000001397 ], [ -117.749441000002278, 33.78247500000154 ], [ -117.719521000001606, 33.814853000001492 ], [ -117.768524000002358, 33.828185000001255 ], [ -117.792784000002314, 33.835598000001198 ], [ -117.795233000002284, 33.835614000001698 ], [ -117.811015000001802, 33.837248000001622 ], [ -117.809616000001881, 33.841185000001325 ], [ -117.835605000002261, 33.834972000001173 ], [ -117.830731000001521, 33.842246000001737 ], [ -117.8345670000014, 33.848908000001479 ], [ -117.843018000001436, 33.846896000001351 ], [ -117.863438000001423, 33.835463000001639 ], [ -117.865751000001637, 33.836004000001815 ], [ -117.86720300000168, 33.832639000001215 ], [ -117.889240000001962, 33.832678000001827 ], [ -117.889211000002078, 33.839973000001137 ], [ -117.902654000002144, 33.838084000001011 ], [ -117.904099000001835, 33.84245900000154 ], [ -117.91158400000144, 33.840728000001029 ], [ -117.920971000002325, 33.838558000001662 ], [ -117.922441000001498, 33.842939000001863 ] ] ] } },
{ "type": "Feature", "properties": { "opt_all": 41, "population": 759147.0, "voting_age_pop": 559655.0, "dem_votes": 138281.0, "rep_votes": 123704.0, "minority_pop": 375952.0, "dem_pct": 0.52782029485359072, "rep_pct": 0.472179704764708 }, "geometry": { "type": "Polygon", "coordinates": [ [ [ -117.364272000001861, 33.505025000001808 ], [ -117.509722000002299, 33.505019000001781 ], [ -117.510210000002203, 33.533999000001572 ], [ -117.457937000001863, 33.602189000001651 ], [ -117.426756000001717, 33.612017000001508 ], [ -117.41395300000238, 33.65100100000123 ], [ -117.375748000001579, 33.658302000001846 ], [ -117.383571000002036, 33.66315200000151 ], [ -117.386650000001794, 33.674393000001835 ], [ -117.393748000001438, 33.687558000001466 ], [ -117.400699000002362, 33.701876000001796 ], [ -117.384638000002241, 33.712503000001298 ], [ -117.393486000001616, 33.729880000001195 ], [ -117.333629000002006, 33.719886000001864 ], [ -117.345197000002315, 33.791912000001361 ], [ -117.362307000001977, 33.832365000001147 ], [ -117.311737000001756, 33.836978000001238 ], [ -117.305095000002183, 33.837039000001887 ], [ -117.340391000002384, 33.858083000001109 ], [ -117.3313190000014, 33.880078000001618 ], [ -117.3487610000019, 33.879921000001566 ], [ -117.374477000001363, 33.901627000001696 ], [ -117.383327000001501, 33.901633000000999 ], [ -117.383476000001835, 33.922391000001902 ], [ -117.389241000002059, 33.930044000001402 ], [ -117.39186300000236, 33.93323300000155 ], [ -117.406701000002144, 33.924804000001622 ], [ -117.419748000001562, 33.927482000001753 ], [ -117.397586000001638, 33.940152000001142 ], [ -117.388891000001777, 33.946311000001756 ], [ -117.383848000001777, 33.953642000001523 ], [ -117.377615000001938, 33.963499000001065 ], [ -117.361099000002, 33.960930000001468 ], [ -117.347562000002142, 33.959102000001387 ], [ -117.346371000001923, 33.956036000001447 ], [ -117.330216000001698, 33.950996000001041 ], [ -117.322444000001937, 33.954686000001374 ], [ -117.317747000002356, 33.95580200000159 ], [ -117.309370000001962, 33.958974000001568 ], [ -117.312930000002041, 33.9607570000015 ], [ -117.310324000001756, 33.960448000001712 ], [ -117.309417000001559, 33.983010000001286 ], [ -117.332244000001836, 33.99021600000129 ], [ -117.328950000002393, 33.997528000001225 ], [ -117.324078000002345, 34.008865000001691 ], [ -117.290192000002165, 34.00574000000119 ], [ -117.283336000001896, 34.018989000001575 ], [ -117.270602000002057, 34.018715000001784 ], [ -117.225373000001539, 34.018715000001862 ], [ -117.212372000001736, 34.004215000001579 ], [ -117.155631000002415, 33.981613000001609 ], [ -117.120134000001926, 33.962741000001621 ], [ -117.126789000001764, 33.938186000001906 ], [ -117.077211000002023, 33.890932000001484 ], [ -117.044067000002002, 33.869754000001734 ], [ -117.068355000002285, 33.85309900000167 ], [ -117.03372700000196, 33.823493000001363 ], [ -117.033692000001977, 33.798002000001482 ], [ -117.082615000001681, 33.819166000001474 ], [ -117.098881000002137, 33.808741000001405 ], [ -117.083033000002075, 33.787021000001758 ], [ -117.087261000001646, 33.738847000001456 ], [ -117.032777000002042, 33.743897000001468 ], [ -117.032653000001474, 33.724886000001284 ], [ -117.032602000002157, 33.717576000001884 ], [ -117.046172000001505, 33.69869700000136 ], [ -117.076144000001463, 33.699905000001458 ], [ -117.123250000001477, 33.714345000001671 ], [ -117.136501000001644, 33.743211000001061 ], [ -117.154049000002274, 33.743142000001875 ], [ -117.154055000002074, 33.721413000001355 ], [ -117.153931000001805, 33.706858000001127 ], [ -117.145231000002155, 33.701348000001147 ], [ -117.14519000000152, 33.685066000001925 ], [ -117.136643000001982, 33.670520000001794 ], [ -117.136842000001479, 33.641500000001706 ], [ -117.127070000002362, 33.597967000001681 ], [ -117.118455000001561, 33.598044000001472 ], [ -117.132734000002444, 33.582373000001887 ], [ -117.136537000001724, 33.568893000001758 ], [ -117.140290000001684, 33.552642000001661 ], [ -117.142284000002377, 33.547423000001572 ], [ -117.15476400000226, 33.545276000001159 ], [ -117.173087000002155, 33.537342000001708 ], [ -117.163068000001715, 33.522318000001832 ], [ -117.1515350000018, 33.500743000001656 ], [ -117.140955000002236, 33.480758000001522 ], [ -117.207359000002057, 33.456469000001867 ], [ -117.250495000001607, 33.451629000001425 ], [ -117.283766000001677, 33.462411000001801 ], [ -117.36360900000156, 33.488056000001684 ], [ -117.364272000001861, 33.505025000001808 ] ] ] } },
{ "type": "Feature", "properties": { "opt_all": 42, "population": 758934.0, "voting_age_pop": 603104.0, "dem_votes": 229352.0, "rep_votes": 86260.0, "minority_pop": 402895.0, "dem_pct": 0.72668973273301085, "rep_pct": 0.27331026695014438 }, "geometry": { "type": "MultiPolygon", "coordinates": [ [ [ [ -118.323819000002246, 32.773514000001612 ], [ -118.378377000002018, 32.770232000001229 ], [ -118.436538000001761, 32.750040000001 ], [ -118.473906000001847, 32.76682400000157 ], [ -118.538197000002285, 32.812770000001116 ], [ -118.596930000002203, 32.890466000001418 ], [ -118.608802000002001, 32.92769000000137 ], [ -118.635522000001501, 32.965600000000975 ], [ -118.644732000001397, 33.000033000001402 ], [ -118.67017300000164, 33.000034000001641 ], [ -118.675605000001795, 33.049349000001094 ], [ -118.632642000001525, 33.08453900000103 ], [ -118.57833700000198, 33.086243000001197 ], [ -118.542103000002001, 33.073788000001791 ], [ -118.495582000002202, 33.026336000001876 ], [ -118.448863000001793, 32.961750000000976 ], [ -118.362519000001924, 32.900117000001245 ], [ -118.297250000001839, 32.845094000001076 ], [ -118.289905000001497, 32.810530000001286 ], [ -118.323819000002246, 32.773514000001612 ] ] ], [ [ [ -118.553376000002061, 33.380226000001059 ], [ -118.607228000001925, 33.398294000001329 ], [ -118.655057000002202, 33.445310000001811 ], [ -118.663710000001743, 33.500025000001663 ], [ -118.612158000001742, 33.531850000001704 ], [ -118.52323600000156, 33.530153000001022 ], [ -118.468961000001798, 33.512999000001415 ], [ -118.436835000001338, 33.489443000001842 ], [ -118.359393000001361, 33.46492200000187 ], [ -118.324653000002101, 33.441983000001208 ], [ -118.285810000002044, 33.389842000001629 ], [ -118.262748000001963, 33.370440000001828 ], [ -118.241051000002074, 33.313029000001556 ], [ -118.259178000001597, 33.27250500000148 ], [ -118.327993000001797, 33.248083000001756 ], [ -118.385589000001403, 33.265358000001228 ], [ -118.455072000001437, 33.269019000001286 ], [ -118.518037000001783, 33.296650000001442 ], [ -118.54747600000232, 33.340480000001122 ], [ -118.553376000002061, 33.380226000001059 ] ] ], [ [ [ -118.484483000001418, 33.803154000001072 ], [ -118.443968000001917, 33.839057000001311 ], [ -118.523447000001838, 33.953049000001059 ], [ -118.557356000001519, 33.987673000001827 ], [ -118.628862000001675, 33.98615300000111 ], [ -118.635977000001802, 34.032554000001632 ], [ -118.56725100000132, 34.038401000001336 ], [ -118.55677300000184, 34.035276000001282 ], [ -118.537667000001278, 34.032636000001084 ], [ -118.521865000001782, 34.02499900000111 ], [ -118.519421000001316, 34.023543000001588 ], [ -118.512260000001419, 34.018217000001492 ], [ -118.505885000001925, 34.013035000001125 ], [ -118.495200000002313, 34.004094000001039 ], [ -118.490096000001714, 33.99813200000137 ], [ -118.486583000002, 33.993732000001252 ], [ -118.479841000002196, 33.985520000001287 ], [ -118.476100000001637, 33.981632000001746 ], [ -118.471863000002003, 33.97651900000141 ], [ -118.464085000001958, 33.958798000000996 ], [ -118.45245900000134, 33.943151000001372 ], [ -118.436981000002035, 33.916308000001557 ], [ -118.42993600000176, 33.902619000001032 ], [ -118.415774000001718, 33.901649000001413 ], [ -118.412505000001559, 33.901905000001072 ], [ -118.396173000001497, 33.901866000001768 ], [ -118.378701000001755, 33.901905000001257 ], [ -118.374341000002076, 33.916306000001143 ], [ -118.378429000002299, 33.929008000001637 ], [ -118.368375000001677, 33.929021000001278 ], [ -118.368387000001277, 33.930946000001803 ], [ -118.370031000001845, 33.938188000001475 ], [ -118.370035000001565, 33.943104000001483 ], [ -118.370037000002355, 33.945420000001484 ], [ -118.370057000002021, 33.95267200000184 ], [ -118.378615000001645, 33.952646000001025 ], [ -118.377759000001404, 33.95990400000133 ], [ -118.371295000001766, 33.963345000001581 ], [ -118.370797000001303, 33.96799200000148 ], [ -118.370118000002194, 33.977272000001186 ], [ -118.358544000002126, 33.981667000001636 ], [ -118.347334000001823, 33.981700000000998 ], [ -118.338557000001515, 33.981739000001106 ], [ -118.335196000001758, 33.978108000001534 ], [ -118.33521000000232, 33.974447000001682 ], [ -118.326480000001638, 33.967267000001762 ], [ -118.326471000001817, 33.970909000001804 ], [ -118.317747000001475, 33.970923000001108 ], [ -118.317752000001462, 33.967279000001049 ], [ -118.31776100000144, 33.959972000001194 ], [ -118.317724000002286, 33.952717000001506 ], [ -118.317720000002353, 33.945463000001162 ], [ -118.317718000001705, 33.938223000001493 ], [ -118.317752000002145, 33.930711000001331 ], [ -118.309110000001553, 33.93090400000132 ], [ -118.308935000002364, 33.930902000001232 ], [ -118.309054000002405, 33.924034000001548 ], [ -118.308997000002137, 33.916443000001422 ], [ -118.309072000001606, 33.916443000001095 ], [ -118.326501000001457, 33.916446000001237 ], [ -118.326502000001881, 33.912820000001204 ], [ -118.326512000002353, 33.909197000001207 ], [ -118.326513000001441, 33.905574000001202 ], [ -118.326492000001593, 33.901932000001075 ], [ -118.326492000002403, 33.901811000001643 ], [ -118.326511000001645, 33.894685000001694 ], [ -118.326488000002399, 33.882821000000931 ], [ -118.317818000001594, 33.885523000001541 ], [ -118.313476000001856, 33.887061000001751 ], [ -118.313487000001743, 33.881945000001387 ], [ -118.313451000001805, 33.87293700000167 ], [ -118.309123000001676, 33.872810000001799 ], [ -118.309148000001457, 33.865608000001622 ], [ -118.30914900000208, 33.859952000001613 ], [ -118.309150000002276, 33.85834800000174 ], [ -118.309137000001684, 33.847393000001723 ], [ -118.309122000002176, 33.838207000001397 ], [ -118.309118000001405, 33.837359000001584 ], [ -118.308915000002045, 33.827934000001008 ], [ -118.30901900000238, 33.825625000001232 ], [ -118.308984000002383, 33.822781000001079 ], [ -118.308924000001795, 33.817038000001851 ], [ -118.308254000001725, 33.809014000001781 ], [ -118.308790000001423, 33.802217000001029 ], [ -118.319916000001726, 33.807661000001829 ], [ -118.327941000001857, 33.806862000001303 ], [ -118.327948000001697, 33.805904000001505 ], [ -118.326446000002321, 33.789545000001297 ], [ -118.326257000001362, 33.7895460000017 ], [ -118.323149000001877, 33.785865000001181 ], [ -118.342017000002073, 33.787585000001222 ], [ -118.351054000002037, 33.795205000001538 ], [ -118.367495000002123, 33.794149000001497 ], [ -118.372592000001873, 33.785559000001562 ], [ -118.36299400000172, 33.778884000001426 ], [ -118.363276000001846, 33.769151000000917 ], [ -118.332779000001835, 33.771821000001083 ], [ -118.318280000001593, 33.775290000001455 ], [ -118.318283000002182, 33.774982000001543 ], [ -118.308923000002238, 33.774964000001781 ], [ -118.310652000001795, 33.766230000001215 ], [ -118.301000000001395, 33.757721000001553 ], [ -118.309271000001459, 33.74952300000141 ], [ -118.309614000002242, 33.746791000001586 ], [ -118.318449000002104, 33.746842000001415 ], [ -118.318500000001876, 33.737477000001114 ], [ -118.318512000001519, 33.734879000001271 ], [ -118.329635000002085, 33.727493000001573 ], [ -118.335337000001559, 33.714210000001188 ], [ -118.328345000001917, 33.709506000001404 ], [ -118.315257000001495, 33.704739000001048 ], [ -118.292972000001527, 33.697778000001755 ], [ -118.271804000001794, 33.704964000000928 ], [ -118.231754000001757, 33.714873000001901 ], [ -118.180838000001842, 33.723072000001395 ], [ -118.188164000001521, 33.751916000001536 ], [ -118.205590000001678, 33.769521000001291 ], [ -118.205511000001337, 33.777000000001628 ], [ -118.205500000001905, 33.782644000001419 ], [ -118.199368000001499, 33.782594000000984 ], [ -118.199362000002182, 33.775332000001306 ], [ -118.19802000000152, 33.775331000001671 ], [ -118.195050000002198, 33.775334000001003 ], [ -118.192381000002399, 33.775344000001546 ], [ -118.185020000001359, 33.775342000001068 ], [ -118.185016000002165, 33.782597000001878 ], [ -118.189376000001843, 33.782589000001359 ], [ -118.189364000001603, 33.789857000001604 ], [ -118.193723000002237, 33.789855000001424 ], [ -118.193703000002159, 33.79711700000172 ], [ -118.189375000001505, 33.797118000001817 ], [ -118.180669000002325, 33.797120000001499 ], [ -118.180663000001658, 33.799945000001316 ], [ -118.167645000001585, 33.791492000001746 ], [ -118.156743000001313, 33.789769000001392 ], [ -118.156749000002193, 33.786226000001754 ], [ -118.156748000001841, 33.782592000001912 ], [ -118.152404000001923, 33.782586000001359 ], [ -118.152412000002144, 33.778964000001608 ], [ -118.152412000001874, 33.775331000001721 ], [ -118.141544000002085, 33.775327000001603 ], [ -118.141550000001516, 33.766259000001703 ], [ -118.131676000002003, 33.764027000001811 ], [ -118.128622000001499, 33.759908000001552 ], [ -118.120798000001741, 33.760517000001485 ], [ -118.115120000002165, 33.763047000001123 ], [ -118.092045000002315, 33.759675000001366 ], [ -118.105849000001399, 33.75066500000117 ], [ -118.113046000001717, 33.747090000001357 ], [ -118.114420000001459, 33.745176000001408 ], [ -118.117803000001715, 33.73965500000191 ], [ -118.124447000002405, 33.729566000001391 ], [ -118.147806000002277, 33.694083000001243 ], [ -118.237008000001623, 33.690595000001814 ], [ -118.274239000001756, 33.663429000001514 ], [ -118.345415000001722, 33.663427000001491 ], [ -118.428637000002325, 33.701266000001311 ], [ -118.466962000002141, 33.725524000001194 ], [ -118.482284000001741, 33.748686000001783 ], [ -118.484483000001418, 33.803154000001072 ] ] ] ] } },
{ "type": "Feature", "properties": { "opt_all": 43, "population": 757069.0, "voting_age_pop": 574078.0, "dem_votes": 193338.0, "rep_votes": 45917.0, "minority_pop": 513809.0, "dem_pct": 0.8080834252959882, "rep_pct": 0.19191657428604769 }, "geometry": { "type": "Polygon", "coordinates": [ [ [ -118.318512000001519, 33.734879000001271 ], [ -118.318500000001876, 33.737477000001114 ], [ -118.318449000002104, 33.746842000001415 ], [ -118.309614000002242, 33.746791000001586 ], [ -118.309271000001459, 33.74952300000141 ], [ -118.301000000001395, 33.757721000001553 ], [ -118.310652000001795, 33.766230000001215 ], [ -118.308923000002238, 33.774964000001781 ], [ -118.318283000002182, 33.774982000001543 ], [ -118.318280000001593, 33.775290000001455 ], [ -118.332779000001835, 33.771821000001083 ], [ -118.363276000001846, 33.769151000000917 ], [ -118.36299400000172, 33.778884000001426 ], [ -118.372592000001873, 33.785559000001562 ], [ -118.367495000002123, 33.794149000001497 ], [ -118.351054000002037, 33.795205000001538 ], [ -118.342017000002073, 33.787585000001222 ], [ -118.323149000001877, 33.785865000001181 ], [ -118.326257000001362, 33.7895460000017 ], [ -118.326446000002321, 33.789545000001297 ], [ -118.327948000001697, 33.805904000001505 ], [ -118.327941000001857, 33.806862000001303 ], [ -118.319916000001726, 33.807661000001829 ], [ -118.308790000001423, 33.802217000001029 ], [ -118.308254000001725, 33.809014000001781 ], [ -118.308924000001795, 33.817038000001851 ], [ -118.308984000002383, 33.822781000001079 ], [ -118.30901900000238, 33.825625000001232 ], [ -118.308915000002045, 33.827934000001008 ], [ -118.309118000001405, 33.837359000001584 ], [ -118.309122000002176, 33.838207000001397 ], [ -118.309137000001684, 33.847393000001723 ], [ -118.309150000002276, 33.85834800000174 ], [ -118.30914900000208, 33.859952000001613 ], [ -118.309148000001457, 33.865608000001622 ], [ -118.309123000001676, 33.872810000001799 ], [ -118.313451000001805, 33.87293700000167 ], [ -118.313487000001743, 33.881945000001387 ], [ -118.313476000001856, 33.887061000001751 ], [ -118.317818000001594, 33.885523000001541 ], [ -118.326488000002399, 33.882821000000931 ], [ -118.326511000001645, 33.894685000001694 ], [ -118.326492000002403, 33.901811000001643 ], [ -118.326492000001593, 33.901932000001075 ], [ -118.326513000001441, 33.905574000001202 ], [ -118.326512000002353, 33.909197000001207 ], [ -118.326502000001881, 33.912820000001204 ], [ -118.326501000001457, 33.916446000001237 ], [ -118.309072000001606, 33.916443000001095 ], [ -118.308997000002137, 33.916443000001422 ], [ -118.309054000002405, 33.924034000001548 ], [ -118.308935000002364, 33.930902000001232 ], [ -118.309110000001553, 33.93090400000132 ], [ -118.317752000002145, 33.930711000001331 ], [ -118.317718000001705, 33.938223000001493 ], [ -118.317720000002353, 33.945463000001162 ], [ -118.30902500000154, 33.938210000001149 ], [ -118.309019000001314, 33.940020000001219 ], [ -118.302454000002399, 33.94547400000166 ], [ -118.300258000001577, 33.952139000001587 ], [ -118.300257000002318, 33.95273400000125 ], [ -118.300267000001483, 33.959481000001411 ], [ -118.304646000001824, 33.959988000001282 ], [ -118.304636000002162, 33.967288000001531 ], [ -118.291647000001603, 33.967801000001764 ], [ -118.291547000001657, 33.970721000001184 ], [ -118.280717000002099, 33.97079400000159 ], [ -118.280718000001556, 33.967874000001189 ], [ -118.28071900000154, 33.964165000001287 ], [ -118.280707000001996, 33.960026000001399 ], [ -118.271668000001355, 33.960099000001563 ], [ -118.271689000002326, 33.956470000001104 ], [ -118.255914000001638, 33.956525000001363 ], [ -118.255929000002126, 33.953276000001793 ], [ -118.25364000000144, 33.943277000001579 ], [ -118.249138000002219, 33.943273000001476 ], [ -118.243255000001838, 33.953263000001478 ], [ -118.241902000001517, 33.953274000001876 ], [ -118.234026000001464, 33.948243000001469 ], [ -118.228602000001899, 33.948301000001294 ], [ -118.228237000002366, 33.946625000001021 ], [ -118.22747600000136, 33.943091000001743 ], [ -118.229497000002056, 33.943100000001856 ], [ -118.229213000001806, 33.937331000001102 ], [ -118.230212000001856, 33.93398700000126 ], [ -118.230324000001801, 33.929001000001854 ], [ -118.2288050000016, 33.922685000001451 ], [ -118.218207000001485, 33.920406000001002 ], [ -118.21681400000142, 33.912326000001862 ], [ -118.208971000001782, 33.911414000001862 ], [ -118.206433000001979, 33.910535000001445 ], [ -118.198425000001706, 33.910570000001698 ], [ -118.199485000001999, 33.906625000001597 ], [ -118.193753000001479, 33.906147000001539 ], [ -118.193590000001763, 33.906133000001091 ], [ -118.187787000001506, 33.90356900000107 ], [ -118.187961000001877, 33.896215000000943 ], [ -118.182402000001886, 33.889106000001192 ], [ -118.187446000001685, 33.889189000001863 ], [ -118.18718000000176, 33.885443000001111 ], [ -118.18757500000234, 33.882659000001183 ], [ -118.188343000001922, 33.881453000001699 ], [ -118.20055700000232, 33.881396000001793 ], [ -118.204850000001642, 33.881322000001553 ], [ -118.205498000002294, 33.874287000001068 ], [ -118.205490000002087, 33.872971000001279 ], [ -118.206165000002244, 33.870353000001558 ], [ -118.201334000001822, 33.860138000001477 ], [ -118.206594000002156, 33.846677000001549 ], [ -118.207691000001446, 33.839331000001117 ], [ -118.20754200000188, 33.838665000001413 ], [ -118.207368000001779, 33.826429000001241 ], [ -118.215640000002153, 33.825351000001618 ], [ -118.224576000001804, 33.82438100000163 ], [ -118.222442000002019, 33.811879000001333 ], [ -118.222436000001878, 33.804448000001294 ], [ -118.227463000001904, 33.790344000001198 ], [ -118.220749000002314, 33.782623000001671 ], [ -118.245450000002322, 33.763889000000979 ], [ -118.231754000001757, 33.714873000001901 ], [ -118.271804000001794, 33.704964000000928 ], [ -118.292972000001527, 33.697778000001755 ], [ -118.315257000001495, 33.704739000001048 ], [ -118.328345000001917, 33.709506000001404 ], [ -118.335337000001559, 33.714210000001188 ], [ -118.329635000002085, 33.727493000001573 ], [ -118.318512000001519, 33.734879000001271 ] ] ] } },
{ "type": "Feature", "properties": { "opt_all": 44, "population": 757261.0, "voting_age_pop": 579723.0, "dem_votes": 186778.0, "rep_votes": 55507.0, "minority_pop": 518365.0, "dem_pct": 0.77090203653924017, "rep_pct": 0.2290979630480228 }, "geometry": { "type": "Polygon", "coordinates": [ [ [ -118.220749000002314, 33.782623000001671 ], [ -118.227463000001904, 33.790344000001198 ], [ -118.222436000001878, 33.804448000001294 ], [ -118.222442000002019, 33.811879000001333 ], [ -118.224576000001804, 33.82438100000163 ], [ -118.215640000002153, 33.825351000001618 ], [ -118.207368000001779, 33.826429000001241 ], [ -118.20754200000188, 33.838665000001413 ], [ -118.207691000001446, 33.839331000001117 ], [ -118.206594000002156, 33.846677000001549 ], [ -118.201334000001822, 33.860138000001477 ], [ -118.206165000002244, 33.870353000001558 ], [ -118.205490000002087, 33.872971000001279 ], [ -118.205498000002294, 33.874287000001068 ], [ -118.204850000001642, 33.881322000001553 ], [ -118.20055700000232, 33.881396000001793 ], [ -118.188343000001922, 33.881453000001699 ], [ -118.18757500000234, 33.882659000001183 ], [ -118.18718000000176, 33.885443000001111 ], [ -118.187446000001685, 33.889189000001863 ], [ -118.182402000001886, 33.889106000001192 ], [ -118.187961000001877, 33.896215000000943 ], [ -118.187787000001506, 33.90356900000107 ], [ -118.193590000001763, 33.906133000001091 ], [ -118.193753000001479, 33.906147000001539 ], [ -118.199485000001999, 33.906625000001597 ], [ -118.198425000001706, 33.910570000001698 ], [ -118.206433000001979, 33.910535000001445 ], [ -118.208971000001782, 33.911414000001862 ], [ -118.21681400000142, 33.912326000001862 ], [ -118.218207000001485, 33.920406000001002 ], [ -118.2288050000016, 33.922685000001451 ], [ -118.230324000001801, 33.929001000001854 ], [ -118.230212000001856, 33.93398700000126 ], [ -118.229213000001806, 33.937331000001102 ], [ -118.229497000002056, 33.943100000001856 ], [ -118.22747600000136, 33.943091000001743 ], [ -118.228237000002366, 33.946625000001021 ], [ -118.228602000001899, 33.948301000001294 ], [ -118.228966000001378, 33.949909000001611 ], [ -118.229699000001517, 33.953293000001636 ], [ -118.230677000002217, 33.957687000001428 ], [ -118.229647000001762, 33.961200000001504 ], [ -118.225477000002243, 33.959299000001401 ], [ -118.225203000001514, 33.966265000001265 ], [ -118.218786000002083, 33.96476800000157 ], [ -118.211888000001565, 33.964049000001779 ], [ -118.210864000002246, 33.963523000001516 ], [ -118.204748000001558, 33.962885000001812 ], [ -118.196652000001521, 33.962052000001698 ], [ -118.192782000001799, 33.961622000001647 ], [ -118.183934000001884, 33.955538000001226 ], [ -118.179522000001526, 33.957918000001065 ], [ -118.172955000002119, 33.954369000001563 ], [ -118.170285000001741, 33.954103000001339 ], [ -118.163973000001917, 33.953287000001062 ], [ -118.15860400000156, 33.951894000001666 ], [ -118.144270000002194, 33.960924000001583 ], [ -118.129370000002126, 33.970986000001091 ], [ -118.121284000002163, 33.972968000001586 ], [ -118.117994000002327, 33.969531000001339 ], [ -118.110004000001567, 33.960965000001217 ], [ -118.102595000002225, 33.955839000001859 ], [ -118.093369000002355, 33.950362000001697 ], [ -118.093230000002194, 33.950305000000917 ], [ -118.087308000001599, 33.963186000001066 ], [ -118.088827000001842, 33.966758000001839 ], [ -118.088837000001618, 33.966913000001796 ], [ -118.064152000001485, 33.970255000001117 ], [ -118.054922000001596, 33.968176000001364 ], [ -118.053007000002125, 33.956708000001655 ], [ -118.045634000002167, 33.955344000001219 ], [ -118.042735000001557, 33.953338000001892 ], [ -118.044523000001604, 33.938879000001506 ], [ -118.041665000001686, 33.936804000001402 ], [ -118.046414000001477, 33.931739000001123 ], [ -118.055193000001438, 33.917117000001475 ], [ -118.046663000001558, 33.916924000001629 ], [ -118.038259000001759, 33.916976000001277 ], [ -118.036519000001903, 33.917000000001323 ], [ -118.029115000002264, 33.902526000001387 ], [ -118.028888000002325, 33.882629000001145 ], [ -118.046539000001758, 33.887713000001717 ], [ -118.055383000001527, 33.887650000001614 ], [ -118.064085000002365, 33.887165000001552 ], [ -118.068476000001681, 33.887559000001389 ], [ -118.072708000001839, 33.880392000001393 ], [ -118.074895000001419, 33.880383000001181 ], [ -118.080043000001623, 33.873054000001119 ], [ -118.07027300000162, 33.865816000001061 ], [ -118.07224100000218, 33.854512000001627 ], [ -118.082092000001836, 33.856040000001556 ], [ -118.086475000001585, 33.858424000001563 ], [ -118.090991000002077, 33.865684000001536 ], [ -118.090992000001663, 33.872981000001509 ], [ -118.087806000001365, 33.880338000001437 ], [ -118.095533000002263, 33.887426000001433 ], [ -118.099887000001843, 33.887402000001032 ], [ -118.108160000001718, 33.88694000000099 ], [ -118.108004000001401, 33.876790000001925 ], [ -118.108429000001635, 33.865587000001483 ], [ -118.117213000001883, 33.868971000001672 ], [ -118.125140000002361, 33.869035000001269 ], [ -118.133859000002204, 33.868990000001567 ], [ -118.142626000001755, 33.868963000001365 ], [ -118.146651000001555, 33.868936000001575 ], [ -118.146767000001745, 33.860310000001846 ], [ -118.156991000001597, 33.860184000001418 ], [ -118.159849000001714, 33.854361000001681 ], [ -118.16770400000172, 33.854258000001231 ], [ -118.167642000002104, 33.851784000001608 ], [ -118.167559000002115, 33.846940000001389 ], [ -118.164322000001434, 33.847056000001572 ], [ -118.164306000002398, 33.832417000001513 ], [ -118.164310000002061, 33.827802000001498 ], [ -118.164037000001883, 33.827596000001485 ], [ -118.171973000001358, 33.818657000000982 ], [ -118.184455000001407, 33.818622000001206 ], [ -118.184579000002074, 33.811635000001068 ], [ -118.184582000001313, 33.804331000001852 ], [ -118.181734000001384, 33.804231000001074 ], [ -118.180663000001658, 33.799945000001316 ], [ -118.180669000002325, 33.797120000001499 ], [ -118.189375000001505, 33.797118000001817 ], [ -118.193703000002159, 33.79711700000172 ], [ -118.193723000002237, 33.789855000001424 ], [ -118.189364000001603, 33.789857000001604 ], [ -118.189376000001843, 33.782589000001359 ], [ -118.185016000002165, 33.782597000001878 ], [ -118.185020000001359, 33.775342000001068 ], [ -118.192381000002399, 33.775344000001546 ], [ -118.195050000002198, 33.775334000001003 ], [ -118.19802000000152, 33.775331000001671 ], [ -118.199362000002182, 33.775332000001306 ], [ -118.199368000001499, 33.782594000000984 ], [ -118.205500000001905, 33.782644000001419 ], [ -118.205511000001337, 33.777000000001628 ], [ -118.205590000001678, 33.769521000001291 ], [ -118.188164000001521, 33.751916000001536 ], [ -118.180838000001842, 33.723072000001395 ], [ -118.231754000001757, 33.714873000001901 ], [ -118.245450000002322, 33.763889000000979 ], [ -118.220749000002314, 33.782623000001671 ] ] ] } },
{ "type": "Feature", "properties": { "opt_all": 45, "population": 759946.0, "voting_age_pop": 606566.0, "dem_votes": 157782.0, "rep_votes": 133226.0, "minority_pop": 408128.0, "dem_pct": 0.54219127977849702, "rep_pct": 0.45780871987786975 }, "geometry": { "type": "Polygon", "coordinates": [ [ [ -118.073057000002379, 33.71073600000166 ], [ -118.100815000002356, 33.726902000001445 ], [ -118.117803000001715, 33.73965500000191 ], [ -118.114420000001459, 33.745176000001408 ], [ -118.113046000001717, 33.747090000001357 ], [ -118.105849000001399, 33.75066500000117 ], [ -118.092045000002315, 33.759675000001366 ], [ -118.097057000002124, 33.774192000001783 ], [ -118.094875000002261, 33.774200000001777 ], [ -118.075201000002281, 33.774281000001075 ], [ -118.072017000001722, 33.784970000001231 ], [ -118.041727000002041, 33.78116700000195 ], [ -118.041698000002356, 33.784969000001084 ], [ -118.028370000001715, 33.795700000001624 ], [ -118.011064000002165, 33.795625000001444 ], [ -118.011060000002161, 33.80294000000179 ], [ -118.010701000002257, 33.809992000001202 ], [ -118.010785000002116, 33.817251000001228 ], [ -118.010976000001605, 33.831975000001208 ], [ -118.002223000001862, 33.831981000001363 ], [ -117.993481000001566, 33.832058000001496 ], [ -117.984803000001804, 33.839468000001624 ], [ -117.976053000002196, 33.839544000001851 ], [ -117.976222000001314, 33.855995000001776 ], [ -117.976239000001954, 33.857487000001861 ], [ -117.967942000001642, 33.854728000001209 ], [ -117.949826000001494, 33.854271000001667 ], [ -117.9417900000022, 33.854343000001698 ], [ -117.941669000002221, 33.847087000001821 ], [ -117.941586000001521, 33.839775000001787 ], [ -117.922441000001498, 33.842939000001863 ], [ -117.920971000002325, 33.838558000001662 ], [ -117.91158400000144, 33.840728000001029 ], [ -117.904099000001835, 33.84245900000154 ], [ -117.902654000002144, 33.838084000001011 ], [ -117.889211000002078, 33.839973000001137 ], [ -117.889240000001962, 33.832678000001827 ], [ -117.86720300000168, 33.832639000001215 ], [ -117.865751000001637, 33.836004000001815 ], [ -117.863438000001423, 33.835463000001639 ], [ -117.870513000002006, 33.816727000001855 ], [ -117.877289000001994, 33.802293000001384 ], [ -117.878182000002099, 33.800554000001135 ], [ -117.8942520000016, 33.796127000001306 ], [ -117.897600000002313, 33.792506000001353 ], [ -117.897433000002394, 33.774467000001209 ], [ -117.889169000001957, 33.773940000001261 ], [ -117.891703000002039, 33.770277000001798 ], [ -117.894490000001596, 33.767216000001824 ], [ -117.900880000002005, 33.759881000001222 ], [ -117.920251000001898, 33.759791000001442 ], [ -117.928943000002306, 33.759714000001175 ], [ -117.937633000001441, 33.759635000001659 ], [ -117.937510000001566, 33.745040000001275 ], [ -117.94616700000212, 33.744992000001467 ], [ -117.945970000002376, 33.730600000001822 ], [ -117.954570000002363, 33.730370000001358 ], [ -117.963298000001714, 33.730350000001714 ], [ -117.971958000002275, 33.73028400000117 ], [ -117.971917000001966, 33.719843000001525 ], [ -117.971780000001999, 33.715760000001708 ], [ -117.98054000000144, 33.715670000001481 ], [ -117.980350000001593, 33.701210000001012 ], [ -117.980120000001435, 33.686783000001768 ], [ -117.971351000001647, 33.686808000001562 ], [ -117.967068000001674, 33.686852000001601 ], [ -117.953990000001397, 33.686870000001662 ], [ -117.945400000001953, 33.68695000000185 ], [ -117.939512000001358, 33.687083000001621 ], [ -117.945132000001962, 33.672386000001453 ], [ -117.95131300000152, 33.650644000001812 ], [ -117.953675000002178, 33.643188000001075 ], [ -117.956939000001483, 33.630905000001484 ], [ -117.960457000001924, 33.625511000001197 ], [ -117.968096000001779, 33.630077000001464 ], [ -117.972734000001367, 33.631699000001291 ], [ -117.988622000001797, 33.640196000001893 ], [ -118.005518000001842, 33.651471000001173 ], [ -118.020093000001438, 33.664883000001311 ], [ -118.034286000001558, 33.671683000001778 ], [ -118.060127000001941, 33.699282000001411 ], [ -118.073057000002379, 33.71073600000166 ] ] ] } },
{ "type": "Feature", "properties": { "opt_all": 46, "population": 757818.0, "voting_age_pop": 589939.0, "dem_votes": 159933.0, "rep_votes": 110281.0, "minority_pop": 401921.0, "dem_pct": 0.59187532822434241, "rep_pct": 0.40812467140558051 }, "geometry": { "type": "Polygon", "coordinates": [ [ [ -117.953675000002178, 33.643188000001075 ], [ -117.95131300000152, 33.650644000001812 ], [ -117.945132000001962, 33.672386000001453 ], [ -117.939512000001358, 33.687083000001621 ], [ -117.945400000001953, 33.68695000000185 ], [ -117.953990000001397, 33.686870000001662 ], [ -117.967068000001674, 33.686852000001601 ], [ -117.971351000001647, 33.686808000001562 ], [ -117.980120000001435, 33.686783000001768 ], [ -117.980350000001593, 33.701210000001012 ], [ -117.98054000000144, 33.715670000001481 ], [ -117.971780000001999, 33.715760000001708 ], [ -117.971917000001966, 33.719843000001525 ], [ -117.971958000002275, 33.73028400000117 ], [ -117.963298000001714, 33.730350000001714 ], [ -117.954570000002363, 33.730370000001358 ], [ -117.945970000002376, 33.730600000001822 ], [ -117.94616700000212, 33.744992000001467 ], [ -117.937510000001566, 33.745040000001275 ], [ -117.937633000001441, 33.759635000001659 ], [ -117.928943000002306, 33.759714000001175 ], [ -117.920251000001898, 33.759791000001442 ], [ -117.900880000002005, 33.759881000001222 ], [ -117.894490000001596, 33.767216000001824 ], [ -117.891703000002039, 33.770277000001798 ], [ -117.889169000001957, 33.773940000001261 ], [ -117.897433000002394, 33.774467000001209 ], [ -117.897600000002313, 33.792506000001353 ], [ -117.8942520000016, 33.796127000001306 ], [ -117.878182000002099, 33.800554000001135 ], [ -117.877289000001994, 33.802293000001384 ], [ -117.870513000002006, 33.816727000001855 ], [ -117.863438000001423, 33.835463000001639 ], [ -117.843018000001436, 33.846896000001351 ], [ -117.8345670000014, 33.848908000001479 ], [ -117.830731000001521, 33.842246000001737 ], [ -117.835605000002261, 33.834972000001173 ], [ -117.809616000001881, 33.841185000001325 ], [ -117.811015000001802, 33.837248000001622 ], [ -117.795233000002284, 33.835614000001698 ], [ -117.792784000002314, 33.835598000001198 ], [ -117.768524000002358, 33.828185000001255 ], [ -117.719521000001606, 33.814853000001492 ], [ -117.749441000002278, 33.78247500000154 ], [ -117.761380000002077, 33.792430000001573 ], [ -117.758510000001763, 33.782170000001635 ], [ -117.762637000002059, 33.76034400000124 ], [ -117.767513000002197, 33.747677000001055 ], [ -117.786926000001486, 33.730409000001366 ], [ -117.794985000002256, 33.719687000001393 ], [ -117.797933000002061, 33.721771000001723 ], [ -117.803774000001965, 33.706538000001423 ], [ -117.802528000001885, 33.700917000001887 ], [ -117.808412000001354, 33.695007000001873 ], [ -117.814392000002286, 33.697179000001761 ], [ -117.837640000001457, 33.711260000001296 ], [ -117.844650000002119, 33.715550000001791 ], [ -117.867630000002094, 33.691780000001174 ], [ -117.872126000001643, 33.687259000001106 ], [ -117.886060000001876, 33.673400000001116 ], [ -117.887940000001521, 33.67191000000107 ], [ -117.869937000002153, 33.65819800000137 ], [ -117.865498000001367, 33.655034000001166 ], [ -117.866750000001673, 33.651150000001635 ], [ -117.890243000001362, 33.635647000001683 ], [ -117.904389000001999, 33.616761000001823 ], [ -117.906590000001799, 33.610621000001238 ], [ -117.927971000001861, 33.619346000001471 ], [ -117.929365000001596, 33.621289000001482 ], [ -117.925514000002124, 33.630694000001014 ], [ -117.925117000002118, 33.631058000001573 ], [ -117.931848000001395, 33.632486000001272 ], [ -117.943627000001996, 33.643334000001246 ], [ -117.953675000002178, 33.643188000001075 ] ] ] } },
{ "type": "Feature", "properties": { "opt_all": 47, "population": 759955.0, "voting_age_pop": 612582.0, "dem_votes": 189185.0, "rep_votes": 154992.0, "minority_pop": 278831.0, "dem_pct": 0.54967356896315744, "rep_pct": 0.45032643074629436 }, "geometry": { "type": "Polygon", "coordinates": [ [ [ -118.096473000001779, 33.653651000001041 ], [ -118.125900000002318, 33.69713900000162 ], [ -118.147806000002277, 33.694083000001243 ], [ -118.124447000002405, 33.729566000001391 ], [ -118.117803000001715, 33.73965500000191 ], [ -118.100815000002356, 33.726902000001445 ], [ -118.073057000002379, 33.71073600000166 ], [ -118.060127000001941, 33.699282000001411 ], [ -118.034286000001558, 33.671683000001778 ], [ -118.020093000001438, 33.664883000001311 ], [ -118.005518000001842, 33.651471000001173 ], [ -117.988622000001797, 33.640196000001893 ], [ -117.972734000001367, 33.631699000001291 ], [ -117.968096000001779, 33.630077000001464 ], [ -117.960457000001924, 33.625511000001197 ], [ -117.956939000001483, 33.630905000001484 ], [ -117.953675000002178, 33.643188000001075 ], [ -117.943627000001996, 33.643334000001246 ], [ -117.931848000001395, 33.632486000001272 ], [ -117.925117000002118, 33.631058000001573 ], [ -117.925514000002124, 33.630694000001014 ], [ -117.929365000001596, 33.621289000001482 ], [ -117.927971000001861, 33.619346000001471 ], [ -117.906590000001799, 33.610621000001238 ], [ -117.904389000001999, 33.616761000001823 ], [ -117.890243000001362, 33.635647000001683 ], [ -117.866750000001673, 33.651150000001635 ], [ -117.865498000001367, 33.655034000001166 ], [ -117.869937000002153, 33.65819800000137 ], [ -117.887940000001521, 33.67191000000107 ], [ -117.886060000001876, 33.673400000001116 ], [ -117.872126000001643, 33.687259000001106 ], [ -117.867630000002094, 33.691780000001174 ], [ -117.844650000002119, 33.715550000001791 ], [ -117.837640000001457, 33.711260000001296 ], [ -117.814392000002286, 33.697179000001761 ], [ -117.808412000001354, 33.695007000001873 ], [ -117.802528000001885, 33.700917000001887 ], [ -117.803774000001965, 33.706538000001423 ], [ -117.797933000002061, 33.721771000001723 ], [ -117.794985000002256, 33.719687000001393 ], [ -117.786926000001486, 33.730409000001366 ], [ -117.767513000002197, 33.747677000001055 ], [ -117.762637000002059, 33.76034400000124 ], [ -117.758510000001763, 33.782170000001635 ], [ -117.761380000002077, 33.792430000001573 ], [ -117.749441000002278, 33.78247500000154 ], [ -117.699550000002162, 33.757870000001397 ], [ -117.673060000001513, 33.748280000001664 ], [ -117.638637000001765, 33.699149000001626 ], [ -117.636972000001421, 33.698611000001691 ], [ -117.633220000001799, 33.696920000001832 ], [ -117.620560000002143, 33.683270000001095 ], [ -117.637630000002417, 33.66192000000099 ], [ -117.652590000002363, 33.659760000001427 ], [ -117.65122700000164, 33.656985000001164 ], [ -117.675111000001607, 33.631836000001648 ], [ -117.665350000001837, 33.629060000001317 ], [ -117.687430000001939, 33.620720000001633 ], [ -117.694500000001881, 33.60698500000116 ], [ -117.676343000001836, 33.598124000001278 ], [ -117.671538000001561, 33.580210000001323 ], [ -117.672880000001754, 33.559170000001274 ], [ -117.669827000002286, 33.527746000001834 ], [ -117.671395000001965, 33.520305000001798 ], [ -117.665891000001807, 33.497931000001351 ], [ -117.665977000002357, 33.489772000001828 ], [ -117.660516000001962, 33.493362000001298 ], [ -117.669750000002225, 33.467150000001652 ], [ -117.616704000002073, 33.491912000001456 ], [ -117.615738000001585, 33.494610000001217 ], [ -117.609503000001425, 33.483496000001225 ], [ -117.577988000001923, 33.483441000001051 ], [ -117.573339000002377, 33.453339000001058 ], [ -117.578480000001846, 33.453927000001237 ], [ -117.583416000002202, 33.435383000001302 ], [ -117.593599000002342, 33.396819000001685 ], [ -117.596554000002357, 33.384377000001685 ], [ -117.596780000001914, 33.383629000001605 ], [ -117.611081000002144, 33.333992000001331 ], [ -117.713571000002418, 33.408777000001251 ], [ -117.741409000002264, 33.410118000001759 ], [ -117.816356000001321, 33.490872000001808 ], [ -117.934046000002326, 33.549254000001888 ], [ -118.033611000001756, 33.609354000001524 ], [ -118.096473000001779, 33.653651000001041 ] ] ] } },
{ "type": "Feature", "properties": { "opt_all": 48, "population": 762731.0, "voting_age_pop": 570224.0, "dem_votes": 134280.0, "rep_votes": 135703.0, "minority_pop": 357150.0, "dem_pct": 0.49736464870107944, "rep_pct": 0.50263535092852685 }, "geometry": { "type": "Polygon", "coordinates": [ [ [ -117.163337000002343, 33.072829000001434 ], [ -117.13051500000212, 33.099082000001445 ], [ -117.121488000001918, 33.13200200000194 ], [ -117.116515000001442, 33.138340000001165 ], [ -117.112599000001794, 33.141272000001862 ], [ -117.127627000002207, 33.156324000001291 ], [ -117.128928000002063, 33.156986000001595 ], [ -117.139819000001864, 33.154781000001549 ], [ -117.156640000002199, 33.181014000001234 ], [ -117.155880000001815, 33.182743000001238 ], [ -117.12591700000192, 33.197190000001832 ], [ -117.085780000001705, 33.21049400000156 ], [ -117.033573000001525, 33.209991000001175 ], [ -117.036695000001885, 33.222325000001227 ], [ -117.023704000001544, 33.240904000001258 ], [ -116.964190000002205, 33.242337000001413 ], [ -116.927734000002033, 33.255932000001778 ], [ -116.927934000001784, 33.287346000001499 ], [ -116.967791000002464, 33.290747000001225 ], [ -116.992899000001643, 33.318915000001674 ], [ -117.026027000001406, 33.352459000001424 ], [ -117.099605000001887, 33.364223000001225 ], [ -117.133006000001643, 33.342922000001714 ], [ -117.127336000002245, 33.40960200000179 ], [ -117.098815000001821, 33.430260000001446 ], [ -117.143677000001802, 33.432630000001865 ], [ -117.241271000001717, 33.43199300000132 ], [ -117.250495000001607, 33.451629000001425 ], [ -117.207359000002057, 33.456469000001867 ], [ -117.140955000002236, 33.480758000001522 ], [ -117.1515350000018, 33.500743000001656 ], [ -117.163068000001715, 33.522318000001832 ], [ -117.173087000002155, 33.537342000001708 ], [ -117.15476400000226, 33.545276000001159 ], [ -117.142284000002377, 33.547423000001572 ], [ -117.140290000001684, 33.552642000001661 ], [ -117.136537000001724, 33.568893000001758 ], [ -117.132734000002444, 33.582373000001887 ], [ -117.118455000001561, 33.598044000001472 ], [ -117.127070000002362, 33.597967000001681 ], [ -117.136842000001479, 33.641500000001706 ], [ -117.136643000001982, 33.670520000001794 ], [ -117.14519000000152, 33.685066000001925 ], [ -117.145231000002155, 33.701348000001147 ], [ -117.153931000001805, 33.706858000001127 ], [ -117.154055000002074, 33.721413000001355 ], [ -117.154049000002274, 33.743142000001875 ], [ -117.136501000001644, 33.743211000001061 ], [ -117.123250000001477, 33.714345000001671 ], [ -117.076144000001463, 33.699905000001458 ], [ -117.046172000001505, 33.69869700000136 ], [ -117.005920000001566, 33.685577000001373 ], [ -116.971239000001759, 33.685762000001191 ], [ -116.971172000001459, 33.678535000001261 ], [ -116.949820000001907, 33.671312000001592 ], [ -116.934767000002196, 33.611262000001155 ], [ -116.939127000001676, 33.591976000001502 ], [ -116.908941000002201, 33.554054000001123 ], [ -116.896787000002419, 33.50297300000193 ], [ -116.914495000002006, 33.463931000001693 ], [ -116.863429000001446, 33.442199000001274 ], [ -116.850631000001741, 33.476734000001755 ], [ -116.800875000002037, 33.499846000001192 ], [ -116.787987000002246, 33.540499000001766 ], [ -116.823220000001442, 33.54010000000148 ], [ -116.822980000002033, 33.62013500000154 ], [ -116.858422000002363, 33.62178400000176 ], [ -116.858532000001944, 33.686521000001562 ], [ -116.843219000002279, 33.686486000001452 ], [ -116.895417000002055, 33.744201000001247 ], [ -116.919511000001478, 33.744134000001431 ], [ -116.919495000002243, 33.755024000001598 ], [ -116.915135000002437, 33.762286000001183 ], [ -116.908393000002434, 33.762346000001607 ], [ -116.893159000001916, 33.755108000001485 ], [ -116.841151000001517, 33.739253000001696 ], [ -116.841945000001559, 33.802001000001255 ], [ -116.859854000001675, 33.802118000001428 ], [ -116.859448000002359, 33.841986000001214 ], [ -116.83524300000208, 33.857036000001337 ], [ -116.824264000002117, 33.886207000001789 ], [ -116.719930000001796, 33.886167000001102 ], [ -116.737008000001495, 33.906074000001581 ], [ -116.728676000002039, 33.916619000001106 ], [ -116.691305000002103, 33.917755000001087 ], [ -116.669679000001963, 33.911488000001931 ], [ -116.667009000002281, 33.873423000001615 ], [ -116.615048000001593, 33.859197000001529 ], [ -116.614244000002401, 33.687764000001671 ], [ -116.547649000002039, 33.684923000001213 ], [ -116.512453000001997, 33.685284000001808 ], [ -116.494840000002199, 33.627025000001581 ], [ -116.460447000002034, 33.627225000001438 ], [ -116.425544000002105, 33.627214000001594 ], [ -116.421444000001557, 33.59822900000146 ], [ -116.399232000001646, 33.642022000001575 ], [ -116.321470000001682, 33.642012000001081 ], [ -116.321458000001513, 33.612645000001102 ], [ -116.268103000002156, 33.612652000001461 ], [ -116.250310000002258, 33.56329700000115 ], [ -116.215732000001964, 33.56361700000113 ], [ -116.180834000001497, 33.56907600000153 ], [ -116.181237000001843, 33.612903000001708 ], [ -116.233458000002244, 33.612832000002001 ], [ -116.233997000001807, 33.656642000001511 ], [ -116.199282000001915, 33.656552000001597 ], [ -116.199077000002276, 33.663754000001447 ], [ -116.199077000002106, 33.67820400000155 ], [ -116.199098000001896, 33.685483000001796 ], [ -116.216526000002276, 33.685514000001582 ], [ -116.216453000001806, 33.700350000001805 ], [ -116.19906000000168, 33.700386000001679 ], [ -116.199049000002006, 33.707764000001234 ], [ -116.199011000002486, 33.709351000001561 ], [ -116.199030000001883, 33.715017000001964 ], [ -116.164190000002321, 33.714157000001777 ], [ -116.148201000001819, 33.709333000001415 ], [ -116.164178000002295, 33.726792000001474 ], [ -116.187005000001434, 33.801541000001421 ], [ -116.241828000002158, 33.844541000001165 ], [ -116.301807000001673, 33.875564000001269 ], [ -116.371012000002239, 33.903809000001353 ], [ -116.42326700000244, 33.910375000001345 ], [ -116.42310200000216, 33.924918000001419 ], [ -116.385504000002157, 33.93934100000186 ], [ -116.444094000002224, 33.971899000001166 ], [ -116.458531000002395, 33.975299000001726 ], [ -116.457775000002101, 34.032881000001396 ], [ -116.046447000002019, 34.034297000001779 ], [ -115.595696000001823, 34.035389000001949 ], [ -115.316212000002238, 34.034110000001576 ], [ -115.316065000002439, 34.077843000001252 ], [ -114.829523000002283, 34.07959900000175 ], [ -114.450152000001538, 34.079764000001816 ], [ -114.255253000002327, 34.281202000001727 ], [ -114.229023000001803, 34.187427000001492 ], [ -114.286724000001684, 34.170715000001486 ], [ -114.324576000002153, 34.136759000001483 ], [ -114.415908000001963, 34.107636000001996 ], [ -114.435429000002358, 34.079727000001483 ], [ -114.438266000001605, 34.022609000001637 ], [ -114.499883000002313, 33.96178900000195 ], [ -114.522002000001919, 33.955623000001268 ], [ -114.535478000002016, 33.934651000001686 ], [ -114.534146000002437, 33.925187000001245 ], [ -114.514503000002193, 33.914214000001529 ], [ -114.524813000001686, 33.895684000001175 ], [ -114.503887000001981, 33.865754000001822 ], [ -114.52959700000234, 33.848063000001758 ], [ -114.528050000002196, 33.814963000001867 ], [ -114.504839000002221, 33.760205000001349 ], [ -114.511972000001805, 33.735019000001529 ], [ -114.496489000002242, 33.696901000001809 ], [ -114.523959000001881, 33.685879000001854 ], [ -114.533215000001846, 33.648443000001826 ], [ -114.522071000002313, 33.611277000001401 ], [ -114.540617000002541, 33.591412000001959 ], [ -114.524215000001675, 33.553068000001375 ], [ -114.598758000002107, 33.486804000001747 ], [ -114.627125000002479, 33.433554000001365 ], [ -114.643302000002478, 33.416746000001787 ], [ -114.720065000002464, 33.40789100000206 ], [ -114.699056000002216, 33.361148000001791 ], [ -114.700938000001898, 33.337014000001609 ], [ -114.731223000001833, 33.302433000001841 ], [ -114.677032000002143, 33.270169000001971 ], [ -114.689421000001644, 33.245250000001384 ], [ -114.674479000002179, 33.225504000001933 ], [ -114.679350000002003, 33.162433000001904 ], [ -114.707896000002165, 33.097431000001997 ], [ -114.689020000001918, 33.08403500000145 ], [ -114.670803000002437, 33.03798300000156 ], [ -114.639552000001757, 33.045290000001849 ], [ -114.618788000002155, 33.027202000001843 ], [ -114.578287000002206, 33.03537500000143 ], [ -114.520130000001913, 33.029984000001768 ], [ -114.50636200000244, 33.017403000001345 ], [ -114.465312000002285, 32.883083000001726 ], [ -114.468971000002, 32.845155000001348 ], [ -114.531669000002481, 32.791185000001668 ], [ -114.526856000002056, 32.757094000001267 ], [ -114.615976000002362, 32.728489000001957 ], [ -114.689618000001914, 32.738171000001962 ], [ -114.726519000002284, 32.718274000001237 ], [ -115.335567000001561, 32.676431000001664 ], [ -115.465219000001994, 32.667169000001437 ], [ -115.482567000001495, 32.665910000001929 ], [ -115.490460000002003, 32.665330000001688 ], [ -115.496775000001762, 32.664867000001465 ], [ -115.499150000002444, 32.66469200000148 ], [ -115.533493000002281, 32.662159000001175 ], [ -115.662232000002561, 32.652551000001651 ], [ -116.106168000001475, 32.618480000001504 ], [ -116.389753000002074, 32.595818000001479 ], [ -116.7572960000021, 32.565507000001361 ], [ -116.852606000002083, 32.557463000001071 ], [ -116.86129600000244, 32.571706000001669 ], [ -116.919199000001953, 32.582104000001763 ], [ -116.935953000001717, 32.599246000001472 ], [ -116.930304000001641, 32.6476750000013 ], [ -116.937622000001738, 32.658688000001156 ], [ -116.902161000001982, 32.702679000001638 ], [ -116.875901000002202, 32.716832000001311 ], [ -116.940591000001575, 32.733375000001281 ], [ -116.942962000001955, 32.739618000001599 ], [ -116.934204000001515, 32.743125000001719 ], [ -116.929316000002316, 32.744815000001978 ], [ -116.902978000002193, 32.757399000001229 ], [ -116.888189000002342, 32.788490000001829 ], [ -116.852390000001563, 32.781409000001588 ], [ -116.849920000002115, 32.834283000001726 ], [ -116.819547000001563, 32.857152000001285 ], [ -116.853416000001687, 32.853657000001348 ], [ -116.893345000002398, 32.852530000001906 ], [ -116.900580000001682, 32.859891000001127 ], [ -116.893558000002344, 32.870861000001661 ], [ -116.923343000001765, 32.870197000001397 ], [ -116.926444000002235, 32.916379000001378 ], [ -116.956189000001643, 32.941650000001815 ], [ -116.973352000001555, 32.978517000001908 ], [ -116.953161000002154, 33.013242000001782 ], [ -116.972665000001484, 33.036591000001089 ], [ -116.971175000002319, 33.056733000001216 ], [ -116.947982000002042, 33.087774000001552 ], [ -116.99059800000218, 33.086139000001431 ], [ -117.021030000002156, 33.097521000001393 ], [ -117.058776000002354, 33.073995000001268 ], [ -117.069550000001513, 33.069280000001079 ], [ -117.069961000001598, 33.059494000001642 ], [ -117.117118000001639, 33.063019000001169 ], [ -117.124359000002286, 33.06250400000151 ], [ -117.172356000002367, 33.063637000001791 ], [ -117.163337000002343, 33.072829000001434 ] ] ] } },
{ "type": "Feature", "properties": { "opt_all": 49, "population": 762449.0, "voting_age_pop": 597486.0, "dem_votes": 187185.0, "rep_votes": 149451.0, "minority_pop": 261195.0, "dem_pct": 0.55604569904702827, "rep_pct": 0.4439543006559149 }, "geometry": { "type": "Polygon", "coordinates": [ [ [ -117.30923900000198, 32.656401000001864 ], [ -117.320939000002042, 32.68984700000135 ], [ -117.330300000001927, 32.80481700000125 ], [ -117.342000000001562, 32.840354000001383 ], [ -117.323279000001477, 32.90306400000167 ], [ -117.375872000002161, 33.075217000001558 ], [ -117.435563000001807, 33.177512000001407 ], [ -117.520999000001922, 33.268872000001224 ], [ -117.571531000001883, 33.312302000001132 ], [ -117.611081000002144, 33.333992000001331 ], [ -117.596780000001914, 33.383629000001605 ], [ -117.596554000002357, 33.384377000001685 ], [ -117.593599000002342, 33.396819000001685 ], [ -117.583416000002202, 33.435383000001302 ], [ -117.578480000001846, 33.453927000001237 ], [ -117.573339000002377, 33.453339000001058 ], [ -117.577988000001923, 33.483441000001051 ], [ -117.609503000001425, 33.483496000001225 ], [ -117.615738000001585, 33.494610000001217 ], [ -117.616704000002073, 33.491912000001456 ], [ -117.669750000002225, 33.467150000001652 ], [ -117.660516000001962, 33.493362000001298 ], [ -117.665977000002357, 33.489772000001828 ], [ -117.665891000001807, 33.497931000001351 ], [ -117.671395000001965, 33.520305000001798 ], [ -117.669827000002286, 33.527746000001834 ], [ -117.658992000002044, 33.533833000001579 ], [ -117.624136000002238, 33.534704000001881 ], [ -117.619780000001782, 33.519760000001142 ], [ -117.564710000002364, 33.515610000001885 ], [ -117.5501310000015, 33.533047000001396 ], [ -117.574501000002044, 33.562229000001345 ], [ -117.574129000001918, 33.5972470000019 ], [ -117.578007000001705, 33.642571000001084 ], [ -117.5620450000023, 33.6445060000013 ], [ -117.569454000001684, 33.583207000001735 ], [ -117.549820000001844, 33.533760000001429 ], [ -117.540900000001557, 33.574250000001527 ], [ -117.511570000001882, 33.592360000001193 ], [ -117.457937000001863, 33.602189000001651 ], [ -117.510210000002203, 33.533999000001572 ], [ -117.509722000002299, 33.505019000001781 ], [ -117.364272000001861, 33.505025000001808 ], [ -117.36360900000156, 33.488056000001684 ], [ -117.283766000001677, 33.462411000001801 ], [ -117.250495000001607, 33.451629000001425 ], [ -117.241271000001717, 33.43199300000132 ], [ -117.143677000001802, 33.432630000001865 ], [ -117.098815000001821, 33.430260000001446 ], [ -117.127336000002245, 33.40960200000179 ], [ -117.133006000001643, 33.342922000001714 ], [ -117.099605000001887, 33.364223000001225 ], [ -117.026027000001406, 33.352459000001424 ], [ -116.992899000001643, 33.318915000001674 ], [ -116.967791000002464, 33.290747000001225 ], [ -116.927934000001784, 33.287346000001499 ], [ -116.927734000002033, 33.255932000001778 ], [ -116.964190000002205, 33.242337000001413 ], [ -117.023704000001544, 33.240904000001258 ], [ -117.036695000001885, 33.222325000001227 ], [ -117.033573000001525, 33.209991000001175 ], [ -117.085780000001705, 33.21049400000156 ], [ -117.12591700000192, 33.197190000001832 ], [ -117.155880000001815, 33.182743000001238 ], [ -117.156640000002199, 33.181014000001234 ], [ -117.139819000001864, 33.154781000001549 ], [ -117.128928000002063, 33.156986000001595 ], [ -117.127627000002207, 33.156324000001291 ], [ -117.112599000001794, 33.141272000001862 ], [ -117.116515000001442, 33.138340000001165 ], [ -117.121488000001918, 33.13200200000194 ], [ -117.13051500000212, 33.099082000001445 ], [ -117.163337000002343, 33.072829000001434 ], [ -117.172356000002367, 33.063637000001791 ], [ -117.124359000002286, 33.06250400000151 ], [ -117.117118000001639, 33.063019000001169 ], [ -117.069961000001598, 33.059494000001642 ], [ -117.071694000001884, 33.055927000001624 ], [ -117.090359000002124, 33.030296000001549 ], [ -117.09211200000172, 33.024254000001413 ], [ -117.079090000001599, 33.023168000001661 ], [ -117.080187000001644, 33.01218300000123 ], [ -117.086763000002435, 33.000172000001612 ], [ -117.097350000001597, 32.998306000001747 ], [ -117.109337000002185, 32.998793000001697 ], [ -117.121413000002235, 33.002476000001487 ], [ -117.120026000002255, 33.019157000001918 ], [ -117.145849000002158, 33.004800000001552 ], [ -117.173018000002074, 33.01236400000186 ], [ -117.226752000001639, 32.983185000001868 ], [ -117.230514000001634, 32.982696000001603 ], [ -117.253222000002282, 32.979959000001706 ], [ -117.256815000002078, 32.979366000001399 ], [ -117.264375000002005, 32.980343000001263 ], [ -117.269109000001578, 32.980241000001804 ], [ -117.273870000001395, 32.980544000001473 ], [ -117.264967000002244, 32.939539000001986 ], [ -117.255131000002436, 32.874752000001791 ], [ -117.269004000002241, 32.851158000001533 ], [ -117.284404000001558, 32.83649800000147 ], [ -117.282403000002105, 32.826183000001755 ], [ -117.275141000001639, 32.812547000001572 ], [ -117.262041000002284, 32.80021200000111 ], [ -117.258315000002298, 32.790003000001377 ], [ -117.255851000002338, 32.75371300000154 ], [ -117.256439000002473, 32.748957000001319 ], [ -117.258264000001518, 32.73859200000129 ], [ -117.258960000002361, 32.713236000001501 ], [ -117.236187000002317, 32.671355000001661 ], [ -117.226442000002322, 32.680557000001166 ], [ -117.194756000002101, 32.684339000001813 ], [ -117.169624000001562, 32.669944000001173 ], [ -117.146826000001639, 32.636476000001224 ], [ -117.135263000002396, 32.585616000001608 ], [ -117.134263000001596, 32.584055000001754 ], [ -117.126103000001962, 32.53433200000179 ], [ -117.204917000001714, 32.528832000001231 ], [ -117.223302000001979, 32.62123800000132 ], [ -117.276916000002245, 32.623474000001806 ], [ -117.30923900000198, 32.656401000001864 ] ] ] } },
{ "type": "Feature", "properties": { "opt_all": 50, "population": 760842.0, "voting_age_pop": 609533.0, "dem_votes": 208817.0, "rep_votes": 136980.0, "minority_pop": 271198.0, "dem_pct": 0.60387163549600731, "rep_pct": 0.39612836421480568 }, "geometry": { "type": "Polygon", "coordinates": [ [ [ -117.282403000002105, 32.826183000001755 ], [ -117.284404000001558, 32.83649800000147 ], [ -117.269004000002241, 32.851158000001533 ], [ -117.255131000002436, 32.874752000001791 ], [ -117.264967000002244, 32.939539000001986 ], [ -117.273870000001395, 32.980544000001473 ], [ -117.269109000001578, 32.980241000001804 ], [ -117.264375000002005, 32.980343000001263 ], [ -117.256815000002078, 32.979366000001399 ], [ -117.253222000002282, 32.979959000001706 ], [ -117.230514000001634, 32.982696000001603 ], [ -117.226752000001639, 32.983185000001868 ], [ -117.173018000002074, 33.01236400000186 ], [ -117.145849000002158, 33.004800000001552 ], [ -117.120026000002255, 33.019157000001918 ], [ -117.121413000002235, 33.002476000001487 ], [ -117.109337000002185, 32.998793000001697 ], [ -117.097350000001597, 32.998306000001747 ], [ -117.086763000002435, 33.000172000001612 ], [ -117.080187000001644, 33.01218300000123 ], [ -117.079090000001599, 33.023168000001661 ], [ -117.09211200000172, 33.024254000001413 ], [ -117.090359000002124, 33.030296000001549 ], [ -117.071694000001884, 33.055927000001624 ], [ -117.069961000001598, 33.059494000001642 ], [ -117.069550000001513, 33.069280000001079 ], [ -117.058776000002354, 33.073995000001268 ], [ -117.021030000002156, 33.097521000001393 ], [ -116.99059800000218, 33.086139000001431 ], [ -116.947982000002042, 33.087774000001552 ], [ -116.971175000002319, 33.056733000001216 ], [ -116.972665000001484, 33.036591000001089 ], [ -116.953161000002154, 33.013242000001782 ], [ -116.973352000001555, 32.978517000001908 ], [ -116.956189000001643, 32.941650000001815 ], [ -116.926444000002235, 32.916379000001378 ], [ -116.923343000001765, 32.870197000001397 ], [ -116.926019000002398, 32.860008000001976 ], [ -116.925868000002282, 32.854503000001898 ], [ -116.919481000002122, 32.855286000001655 ], [ -116.907843000001563, 32.836046000001062 ], [ -116.905491000001561, 32.832348000001957 ], [ -116.91676800000144, 32.814802000001769 ], [ -116.921999000001577, 32.82078100000129 ], [ -116.934534000002358, 32.820806000001298 ], [ -116.949497000002239, 32.823569000001662 ], [ -116.961633000001527, 32.825141000001146 ], [ -116.961795000001715, 32.831018000001073 ], [ -116.983771000001497, 32.831399000001923 ], [ -116.983809000002495, 32.827624000001286 ], [ -116.999563000001402, 32.819148000001867 ], [ -117.004075000001961, 32.811771000001791 ], [ -117.013638000001535, 32.817974000001215 ], [ -117.034982000001762, 32.831449000001541 ], [ -117.038173000001876, 32.831446000001812 ], [ -117.058994000002158, 32.817201000001837 ], [ -117.059553000001884, 32.817054000001903 ], [ -117.074642000001873, 32.80790000000168 ], [ -117.076619000002381, 32.801818000001177 ], [ -117.064355000001797, 32.796348000001139 ], [ -117.067763000001875, 32.793684000001093 ], [ -117.085611000002316, 32.784701000001391 ], [ -117.080669000002445, 32.7927180000015 ], [ -117.097495000002041, 32.792989000001704 ], [ -117.098167000001723, 32.791437000001345 ], [ -117.114061000001556, 32.788259000001716 ], [ -117.120202000002365, 32.786721000001322 ], [ -117.128940000002203, 32.801850000001728 ], [ -117.129749000002462, 32.809867000001162 ], [ -117.140124000002004, 32.809710000001246 ], [ -117.140001000002201, 32.804371000001368 ], [ -117.148787000001917, 32.78921700000123 ], [ -117.152868000002016, 32.809107000001411 ], [ -117.153721000002363, 32.809919000001727 ], [ -117.173876000001655, 32.802127000001384 ], [ -117.16584900000224, 32.791563000001872 ], [ -117.171731000001998, 32.783345000001944 ], [ -117.180533000001461, 32.772022000001385 ], [ -117.195146000001742, 32.767428000001168 ], [ -117.200726000002078, 32.775238000001643 ], [ -117.208375000001723, 32.780916000001973 ], [ -117.207622000002047, 32.785189000001232 ], [ -117.207216000001623, 32.790612000001815 ], [ -117.209418000001776, 32.796386000001611 ], [ -117.229956000001593, 32.796197000001072 ], [ -117.230868000002275, 32.795986000001491 ], [ -117.236298000002037, 32.779873000001665 ], [ -117.24824500000156, 32.792156000001484 ], [ -117.258315000002298, 32.790003000001377 ], [ -117.262041000002284, 32.80021200000111 ], [ -117.275141000001639, 32.812547000001572 ], [ -117.282403000002105, 32.826183000001755 ] ] ] } },
{ "type": "Feature", "properties": { "opt_all": 51, "population": 759793.0, "voting_age_pop": 622866.0, "dem_votes": 217847.0, "rep_votes": 107153.0, "minority_pop": 295261.0, "dem_pct": 0.67029846133221582, "rep_pct": 0.32970153836009181 }, "geometry": { "type": "Polygon", "coordinates": [ [ [ -117.13383100000236, 32.694912000001111 ], [ -117.145431000001565, 32.70300800000193 ], [ -117.154828000001913, 32.688285000001429 ], [ -117.163166000002377, 32.693052000001408 ], [ -117.170638000002384, 32.700696000001059 ], [ -117.173394000002162, 32.701359000001069 ], [ -117.180428000001498, 32.703728000001462 ], [ -117.226468000002257, 32.701651000001718 ], [ -117.226442000002322, 32.680557000001166 ], [ -117.236187000002317, 32.671355000001661 ], [ -117.258960000002361, 32.713236000001501 ], [ -117.258264000001518, 32.73859200000129 ], [ -117.256439000002473, 32.748957000001319 ], [ -117.255851000002338, 32.75371300000154 ], [ -117.258315000002298, 32.790003000001377 ], [ -117.24824500000156, 32.792156000001484 ], [ -117.236298000002037, 32.779873000001665 ], [ -117.230868000002275, 32.795986000001491 ], [ -117.229956000001593, 32.796197000001072 ], [ -117.209418000001776, 32.796386000001611 ], [ -117.207216000001623, 32.790612000001815 ], [ -117.207622000002047, 32.785189000001232 ], [ -117.208375000001723, 32.780916000001973 ], [ -117.200726000002078, 32.775238000001643 ], [ -117.195146000001742, 32.767428000001168 ], [ -117.180533000001461, 32.772022000001385 ], [ -117.171731000001998, 32.783345000001944 ], [ -117.16584900000224, 32.791563000001872 ], [ -117.173876000001655, 32.802127000001384 ], [ -117.153721000002363, 32.809919000001727 ], [ -117.152868000002016, 32.809107000001411 ], [ -117.148787000001917, 32.78921700000123 ], [ -117.140001000002201, 32.804371000001368 ], [ -117.140124000002004, 32.809710000001246 ], [ -117.129749000002462, 32.809867000001162 ], [ -117.128940000002203, 32.801850000001728 ], [ -117.120202000002365, 32.786721000001322 ], [ -117.114061000001556, 32.788259000001716 ], [ -117.098167000001723, 32.791437000001345 ], [ -117.097495000002041, 32.792989000001704 ], [ -117.080669000002445, 32.7927180000015 ], [ -117.085611000002316, 32.784701000001391 ], [ -117.067763000001875, 32.793684000001093 ], [ -117.064355000001797, 32.796348000001139 ], [ -117.076619000002381, 32.801818000001177 ], [ -117.074642000001873, 32.80790000000168 ], [ -117.059553000001884, 32.817054000001903 ], [ -117.058994000002158, 32.817201000001837 ], [ -117.038173000001876, 32.831446000001812 ], [ -117.034982000001762, 32.831449000001541 ], [ -117.013638000001535, 32.817974000001215 ], [ -117.004075000001961, 32.811771000001791 ], [ -116.999563000001402, 32.819148000001867 ], [ -116.983809000002495, 32.827624000001286 ], [ -116.983771000001497, 32.831399000001923 ], [ -116.961795000001715, 32.831018000001073 ], [ -116.961633000001527, 32.825141000001146 ], [ -116.949497000002239, 32.823569000001662 ], [ -116.934534000002358, 32.820806000001298 ], [ -116.921999000001577, 32.82078100000129 ], [ -116.91676800000144, 32.814802000001769 ], [ -116.905491000001561, 32.832348000001957 ], [ -116.907843000001563, 32.836046000001062 ], [ -116.919481000002122, 32.855286000001655 ], [ -116.925868000002282, 32.854503000001898 ], [ -116.926019000002398, 32.860008000001976 ], [ -116.923343000001765, 32.870197000001397 ], [ -116.893558000002344, 32.870861000001661 ], [ -116.900580000001682, 32.859891000001127 ], [ -116.893345000002398, 32.852530000001906 ], [ -116.853416000001687, 32.853657000001348 ], [ -116.819547000001563, 32.857152000001285 ], [ -116.849920000002115, 32.834283000001726 ], [ -116.852390000001563, 32.781409000001588 ], [ -116.888189000002342, 32.788490000001829 ], [ -116.902978000002193, 32.757399000001229 ], [ -116.929316000002316, 32.744815000001978 ], [ -116.934204000001515, 32.743125000001719 ], [ -116.942962000001955, 32.739618000001599 ], [ -116.951543000001521, 32.740031000001395 ], [ -116.9643340000016, 32.744947000001901 ], [ -116.97473900000216, 32.744675000001365 ], [ -116.987356000002237, 32.747994000001469 ], [ -116.989736000001756, 32.74673200000155 ], [ -117.001483000001954, 32.750473000001584 ], [ -117.002167000002103, 32.759795000001667 ], [ -117.004303000002096, 32.759647000001834 ], [ -117.011697000001959, 32.75343400000127 ], [ -117.034457000002362, 32.745436000001249 ], [ -117.050837000002005, 32.742041000001393 ], [ -117.054329000002113, 32.738717000001934 ], [ -117.071445000001461, 32.727215000001834 ], [ -117.067978000001958, 32.716642000001713 ], [ -117.071067000001676, 32.709373000001868 ], [ -117.084986000001564, 32.709532000001587 ], [ -117.097324000001677, 32.707659000001257 ], [ -117.102928000001896, 32.719121000001728 ], [ -117.110507000002244, 32.718311000001449 ], [ -117.117821000001882, 32.71719900000123 ], [ -117.118839000002239, 32.711621000001095 ], [ -117.120347000002042, 32.706545000001917 ], [ -117.133881000001793, 32.705342000001956 ], [ -117.133839000001515, 32.701148000001581 ], [ -117.13383100000236, 32.694912000001111 ] ] ] } },
{ "type": "Feature", "properties": { "opt_all": 52, "population": 762652.0, "voting_age_pop": 583337.0, "dem_votes": 189468.0, "rep_votes": 88025.0, "minority_pop": 471974.0, "dem_pct": 0.68278479072164533, "rep_pct": 0.31721520891798521 }, "geometry": { "type": "Polygon", "coordinates": [ [ [ -117.135263000002396, 32.585616000001608 ], [ -117.146826000001639, 32.636476000001224 ], [ -117.169624000001562, 32.669944000001173 ], [ -117.194756000002101, 32.684339000001813 ], [ -117.226442000002322, 32.680557000001166 ], [ -117.226468000002257, 32.701651000001718 ], [ -117.180428000001498, 32.703728000001462 ], [ -117.173394000002162, 32.701359000001069 ], [ -117.170638000002384, 32.700696000001059 ], [ -117.163166000002377, 32.693052000001408 ], [ -117.154828000001913, 32.688285000001429 ], [ -117.145431000001565, 32.70300800000193 ], [ -117.13383100000236, 32.694912000001111 ], [ -117.133839000001515, 32.701148000001581 ], [ -117.133881000001793, 32.705342000001956 ], [ -117.120347000002042, 32.706545000001917 ], [ -117.118839000002239, 32.711621000001095 ], [ -117.117821000001882, 32.71719900000123 ], [ -117.110507000002244, 32.718311000001449 ], [ -117.102928000001896, 32.719121000001728 ], [ -117.097324000001677, 32.707659000001257 ], [ -117.084986000001564, 32.709532000001587 ], [ -117.071067000001676, 32.709373000001868 ], [ -117.067978000001958, 32.716642000001713 ], [ -117.071445000001461, 32.727215000001834 ], [ -117.054329000002113, 32.738717000001934 ], [ -117.050837000002005, 32.742041000001393 ], [ -117.034457000002362, 32.745436000001249 ], [ -117.011697000001959, 32.75343400000127 ], [ -117.004303000002096, 32.759647000001834 ], [ -117.002167000002103, 32.759795000001667 ], [ -117.001483000001954, 32.750473000001584 ], [ -116.989736000001756, 32.74673200000155 ], [ -116.987356000002237, 32.747994000001469 ], [ -116.97473900000216, 32.744675000001365 ], [ -116.9643340000016, 32.744947000001901 ], [ -116.951543000001521, 32.740031000001395 ], [ -116.942962000001955, 32.739618000001599 ], [ -116.940591000001575, 32.733375000001281 ], [ -116.875901000002202, 32.716832000001311 ], [ -116.902161000001982, 32.702679000001638 ], [ -116.937622000001738, 32.658688000001156 ], [ -116.930304000001641, 32.6476750000013 ], [ -116.935953000001717, 32.599246000001472 ], [ -116.919199000001953, 32.582104000001763 ], [ -116.86129600000244, 32.571706000001669 ], [ -116.852606000002083, 32.557463000001071 ], [ -117.029881000002007, 32.542399000001339 ], [ -117.062636000001518, 32.539612000001483 ], [ -117.118879000001797, 32.534774000001491 ], [ -117.126103000001962, 32.53433200000179 ], [ -117.134263000001596, 32.584055000001754 ], [ -117.135263000002396, 32.585616000001608 ] ] ] } }
]
}
