{
"type": "FeatureCollection",
"name": "louisiana_optimized_districts_county",
"crs": { "type": "name", "properties": { "name": "urn:ogc:def:crs:OGC:1.3:CRS84" } },
"features": [
{ "type": "Feature", "properties": { "district_id": 0, "voting_age_pop": 554977, "lib_votes": 0, "grn_votes": 0, "con_votes": 0, "ref_votes": 0, "total_pop": 747687, "dem_votes_sum": 113558, "rep_votes_sum": 227437, "lib_votes_sum": 0, "grn_votes_sum": 0, "con_votes_sum": 0, "ref_votes_sum": 0, "minority_pop_sum": 412706, "dem_pct": 0.3330195457411399, "rep_pct": 0.6669804542588601, "lib_pct": 0.0, "grn_pct": 0.0, "con_pct": 0.0, "ref_pct": 0.0, "minority_pct": 0.55197696362247839, "compactness": 0.13392328119984626 }, "geometry": { "type": "Polygon", "coordinates": [ [ [ -91.316547, 30.585244 ], [ -91.261522, 30.571071 ], [ -91.242449, 30.549882 ], [ -91.246058, 30.535851 ], [ -91.284359, 30.515339 ], [ -91.271588, 30.499334 ], [ -91.279291, 30.468419 ], [ -91.347493, 30.468598 ], [ -91.352606, 30.51466 ], [ -91.414925, 30.535609 ], [ -91.41476, 30.511516 ], [ -91.481794, 30.51083 ], [ -91.48147, 30.497275 ], [ -91.516259, 30.497065 ], [ -91.478493, 30.524566 ], [ -91.490492, 30.536815 ], [ -91.48197, 30.552379 ], [ -91.576761, 30.554535 ], [ -91.544258, 30.576361 ], [ -91.538636, 30.60576 ], [ -91.607911, 30.604772 ], [ -91.600258, 30.578599 ], [ -91.63318, 30.588106 ], [ -91.638153, 30.607547 ], [ -91.622694, 30.603164 ], [ -91.64019, 30.621821 ], [ -91.734395, 30.690915 ], [ -91.73871, 30.724894 ], [ -91.718109, 30.757328 ], [ -91.731429, 30.785794 ], [ -91.710949, 30.814288 ], [ -91.677679, 30.806785 ], [ -91.69043, 30.848194 ], [ -91.672362, 30.877583 ], [ -91.702257, 30.857832 ], [ -91.769324, 30.869733 ], [ -91.764368, 30.923875 ], [ -91.790551, 30.915994 ], [ -91.80764, 30.97987 ], [ -91.81787, 30.96488 ], [ -91.844118, 30.96261 ], [ -91.852591, 30.975785 ], [ -91.837846, 30.999107 ], [ -91.78216, 30.985827 ], [ -91.723804, 31.044254 ], [ -91.664385, 31.044794 ], [ -91.643796, 31.025151 ], [ -91.662506, 30.970362 ], [ -91.636942, 30.999416 ], [ -89.731673, 31.004817 ], [ -89.727072, 30.967395 ], [ -89.756513, 30.942861 ], [ -89.744789, 30.918933 ], [ -89.764202, 30.911906 ], [ -89.758719, 30.897319 ], [ -89.77341, 30.897693 ], [ -89.771722, 30.854677 ], [ -89.79247, 30.850386 ], [ -89.781502, 30.818945 ], [ -89.798654, 30.820855 ], [ -89.804632, 30.802511 ], [ -89.815738, 30.803353 ], [ -89.803466, 30.791141 ], [ -89.819154, 30.795233 ], [ -89.835124, 30.771092 ], [ -89.833167, 30.753314 ], [ -89.822459, 30.754628 ], [ -89.828692, 30.738089 ], [ -89.816075, 30.738908 ], [ -89.836698, 30.735063 ], [ -89.825634, 30.727374 ], [ -89.830981, 30.715529 ], [ -89.842529, 30.720418 ], [ -89.835294, 30.691793 ], [ -89.847201, 30.670038 ], [ -89.837835, 30.671917 ], [ -89.852203, 30.661684 ], [ -89.814002, 30.638246 ], [ -89.830711, 30.617221 ], [ -89.813919, 30.607717 ], [ -89.807952, 30.567653 ], [ -89.786865, 30.569053 ], [ -89.803977, 30.560522 ], [ -89.792205, 30.548345 ], [ -89.803919, 30.549349 ], [ -89.779159, 30.544029 ], [ -89.757484, 30.499553 ], [ -89.724822, 30.492129 ], [ -89.683403, 30.451536 ], [ -89.683837, 30.40582 ], [ -89.657249, 30.356632 ], [ -89.629592, 30.33896 ], [ -89.62619, 30.314291 ], [ -89.647514, 30.290534 ], [ -89.614044, 30.244773 ], [ -89.615737, 30.223371 ], [ -89.571907, 30.180721 ], [ -89.53334, 30.194881 ], [ -89.504735, 30.157923 ], [ -89.593398, 30.139067 ], [ -89.684071, 30.175132 ], [ -89.716652, 30.160762 ], [ -89.745064, 30.17724 ], [ -89.80054, 30.150916 ], [ -89.822639, 30.182618 ], [ -89.877004, 30.199332 ], [ -89.997664, 30.149555 ], [ -90.036539, 30.171317 ], [ -90.243034, 30.224447 ], [ -90.243555, 30.363827 ], [ -90.279632, 30.338026 ], [ -90.271039, 30.347712 ], [ -90.283299, 30.379736 ], [ -90.337077, 30.405918 ], [ -90.334391, 30.443658 ], [ -90.439539, 30.432241 ], [ -90.505742, 30.47365 ], [ -90.502625, 30.449352 ], [ -90.5159, 30.45375 ], [ -90.527564, 30.438395 ], [ -90.528909, 30.466759 ], [ -90.562499, 30.478859 ], [ -90.596393, 30.476294 ], [ -90.61139, 30.4386 ], [ -90.679498, 30.436929 ], [ -90.67444, 30.500331 ], [ -90.693101, 30.529636 ], [ -90.626879, 30.616399 ], [ -90.634603, 30.649827 ], [ -90.852662, 30.649564 ], [ -90.841616, 30.501232 ], [ -90.86307, 30.51114 ], [ -90.86162, 30.48817 ], [ -90.892951, 30.485015 ], [ -90.894767, 30.466181 ], [ -90.836645, 30.473251 ], [ -90.849275, 30.445383 ], [ -90.816155, 30.397258 ], [ -90.854236, 30.395645 ], [ -90.853861, 30.373303 ], [ -90.900135, 30.347396 ], [ -90.905379, 30.36105 ], [ -90.936957, 30.363913 ], [ -90.949197, 30.394445 ], [ -90.980937, 30.390142 ], [ -90.971632, 30.353081 ], [ -90.992703, 30.355416 ], [ -91.039282, 30.393748 ], [ -91.036768, 30.419429 ], [ -91.014464, 30.414514 ], [ -91.01431, 30.426793 ], [ -91.039628, 30.431519 ], [ -91.040107, 30.442107 ], [ -91.057345, 30.436813 ], [ -91.072095, 30.456706 ], [ -91.139033, 30.45091 ], [ -91.130286, 30.479238 ], [ -91.115193, 30.480128 ], [ -91.127503, 30.497309 ], [ -91.197205, 30.506864 ], [ -91.208879, 30.534173 ], [ -91.188436, 30.532881 ], [ -91.176607, 30.516192 ], [ -91.125269, 30.510325 ], [ -91.121822, 30.518984 ], [ -91.085321, 30.504373 ], [ -91.074057, 30.513471 ], [ -91.108141, 30.529336 ], [ -91.121117, 30.559295 ], [ -91.138394, 30.542399 ], [ -91.174085, 30.558705 ], [ -91.179094, 30.583015 ], [ -91.156995, 30.587773 ], [ -91.156013, 30.602179 ], [ -91.201997, 30.612873 ], [ -91.193302, 30.654695 ], [ -91.294211, 30.641591 ], [ -91.316547, 30.585244 ] ], [ [ -90.8994, 30.45591 ], [ -90.8994, 30.45591 ], [ -90.899387742826391, 30.455799685477093 ], [ -90.8994, 30.45591 ] ], [ [ -90.899938429670911, 30.455458763184602 ], [ -90.9, 30.45539 ], [ -90.9, 30.45539 ], [ -90.899938429670911, 30.455458763184602 ] ], [ [ -90.899902, 30.453778 ], [ -90.89994, 30.45395 ], [ -90.89991, 30.45381 ], [ -90.899902, 30.453778 ] ], [ [ -90.89956, 30.45243 ], [ -90.899696820671579, 30.452954479686451 ], [ -90.899534252464306, 30.45228838861069 ], [ -90.89956, 30.45243 ] ], [ [ -90.899409592729626, 30.450756769579836 ], [ -90.89966, 30.44998 ], [ -90.89944, 30.45055 ], [ -90.899409592729626, 30.450756769579836 ] ], [ [ -90.90023, 30.44866 ], [ -90.90019, 30.448748000059584 ], [ -90.900415, 30.448240000904875 ], [ -90.90023, 30.44866 ] ], [ [ -90.90102, 30.44691 ], [ -90.90109, 30.44672 ], [ -90.901114335584253, 30.446628741586498 ], [ -90.90102, 30.44691 ], [ -90.90074, 30.4475 ], [ -90.90071, 30.44757 ], [ -90.900655503345973, 30.447699429593499 ], [ -90.90102, 30.44691 ] ], [ [ -90.901375333319095, 30.445106333468775 ], [ -90.9014, 30.44502 ], [ -90.9014, 30.44502 ], [ -90.901375333319095, 30.445106333468775 ] ], [ [ -90.90144, 30.44495 ], [ -90.90166, 30.44475 ], [ -90.9018, 30.444636 ], [ -90.90144, 30.44495 ] ], [ [ -90.901331511197412, 30.443947239993427 ], [ -90.901689, 30.444496 ], [ -90.901715293983827, 30.444529163601356 ], [ -90.9016, 30.444326 ], [ -90.901331511197412, 30.443947239993427 ] ], [ [ -90.901289, 30.44388 ], [ -90.901258, 30.443864 ], [ -90.901289, 30.44388 ], [ -90.901289, 30.44388 ] ], [ [ -90.900325, 30.442593 ], [ -90.900325, 30.442593 ], [ -90.900123, 30.442395 ], [ -90.900325, 30.442593 ] ], [ [ -90.899691, 30.442126 ], [ -90.899691, 30.442126 ], [ -90.899720624921869, 30.442144178930157 ], [ -90.899691, 30.442126 ] ], [ [ -90.898925902202578, 30.441620320759188 ], [ -90.89919, 30.441774 ], [ -90.899368, 30.441911 ], [ -90.899500363636349, 30.441971227273203 ], [ -90.899368, 30.441911 ], [ -90.89919, 30.441774 ], [ -90.898925902202578, 30.441620320759188 ] ], [ [ -90.898321, 30.441262 ], [ -90.898739, 30.441515 ], [ -90.898775, 30.44152966666887 ], [ -90.898454, 30.441323 ], [ -90.898321, 30.441262 ], [ -90.898163492157053, 30.441148058188915 ], [ -90.898321, 30.441262 ] ], [ [ -90.897813, 30.440954 ], [ -90.897813, 30.440954 ], [ -90.898024110951866, 30.441060715443328 ], [ -90.897813, 30.440954 ] ], [ [ -90.897331, 30.44058 ], [ -90.897331, 30.44058 ], [ -90.897312766367492, 30.440571425017644 ], [ -90.897331, 30.44058 ] ], [ [ -90.896399, 30.440195 ], [ -90.895809, 30.439689 ], [ -90.896622848123812, 30.440291446149146 ], [ -90.896399, 30.440195 ] ], [ [ -90.895809, 30.439689 ], [ -90.895618, 30.439639 ], [ -90.895454555977921, 30.439658734729072 ], [ -90.895809, 30.439689 ] ], [ [ -90.895003, 30.439777 ], [ -90.895003, 30.439777 ], [ -90.894727310086481, 30.439905711737627 ], [ -90.895003, 30.439777 ] ], [ [ -90.893771, 30.44037 ], [ -90.893771, 30.44037 ], [ -90.893466858456648, 30.440457699957101 ], [ -90.893771, 30.44037 ] ], [ [ -90.892984, 30.44065 ], [ -90.892945051429649, 30.44066502740376 ], [ -90.892984, 30.44065 ], [ -90.892984, 30.44065 ] ], [ [ -90.892712, 30.440815 ], [ -90.892673, 30.440826 ], [ -90.892673, 30.440826 ], [ -90.892712, 30.440815 ] ], [ [ -90.892356, 30.441073 ], [ -90.892356, 30.441073 ], [ -90.891850270680919, 30.44119001975853 ], [ -90.892356, 30.441073 ] ], [ [ -90.891461, 30.441276 ], [ -90.891461, 30.441276 ], [ -90.891146548744004, 30.441290927437226 ], [ -90.891461, 30.441276 ] ], [ [ -90.890681, 30.441232 ], [ -90.890681, 30.441232 ], [ -90.890511629142054, 30.441154340883859 ], [ -90.890681, 30.441232 ] ], [ [ -90.890313, 30.441001 ], [ -90.890313, 30.441001 ], [ -90.890407371563143, 30.441086545463431 ], [ -90.890313, 30.441001 ] ], [ [ -90.889869, 30.440473 ], [ -90.889869, 30.440473 ], [ -90.889923595624495, 30.440516553818913 ], [ -90.889869, 30.440473 ] ], [ [ -90.889679, 30.44028 ], [ -90.88966, 30.440231 ], [ -90.88966, 30.440231 ], [ -90.889679, 30.44028 ] ], [ [ -90.889374, 30.440033 ], [ -90.889374, 30.440033 ], [ -90.889406, 30.440027 ], [ -90.889374, 30.440033 ] ], [ [ -90.888946411979532, 30.439721240909236 ], [ -90.889298, 30.439956 ], [ -90.889095, 30.439807 ], [ -90.888946411979532, 30.439721240909236 ] ], [ [ -90.888556, 30.439565 ], [ -90.888486, 30.439571 ], [ -90.888702080279558, 30.439602369377198 ], [ -90.888556, 30.439565 ] ], [ [ -90.888423, 30.439472 ], [ -90.888423, 30.439472 ], [ -90.8884545, 30.439521500012535 ], [ -90.888423, 30.439472 ] ], [ [ -90.888112, 30.439026 ], [ -90.888112, 30.439026 ], [ -90.888271287850586, 30.439278152202103 ], [ -90.888112, 30.439026 ] ], [ [ -90.88756, 30.43819 ], [ -90.887908037327364, 30.438714152463966 ], [ -90.887833, 30.438559 ], [ -90.88756, 30.43819 ] ], [ [ -90.886299, 30.436485 ], [ -90.886076, 30.436337 ], [ -90.886299, 30.436485 ], [ -90.886508, 30.436705 ], [ -90.886641, 30.436909 ], [ -90.886767881097441, 30.437055915026566 ], [ -90.886508, 30.436705 ], [ -90.886299, 30.436485 ] ], [ [ -90.885182, 30.435665 ], [ -90.885182, 30.435665 ], [ -90.88451, 30.435231 ], [ -90.885182, 30.435665 ] ], [ [ -90.884418, 30.435155 ], [ -90.884418, 30.435155 ], [ -90.88449757719772, 30.435220737688514 ], [ -90.884418, 30.435155 ] ], [ [ -90.883977, 30.434884 ], [ -90.883964213880532, 30.434872896265901 ], [ -90.883977, 30.434884 ], [ -90.883977, 30.434884 ] ], [ [ -90.88288750626127, 30.434072297416833 ], [ -90.883339, 30.434381 ], [ -90.883446364892578, 30.434464004833867 ], [ -90.883108, 30.434202 ], [ -90.88288750626127, 30.434072297416833 ] ], [ [ -90.881668, 30.433278 ], [ -90.881668, 30.433278 ], [ -90.881681898568857, 30.433287203122141 ], [ -90.881668, 30.433278 ] ], [ [ -90.881129, 30.432859 ], [ -90.881129, 30.432859 ], [ -90.881452885562069, 30.433101739417076 ], [ -90.881129, 30.432859 ] ], [ [ -90.880311, 30.432348 ], [ -90.880311, 30.432348 ], [ -90.879772, 30.431919 ], [ -90.879763727582684, 30.431915299181952 ], [ -90.880311, 30.432348 ] ], [ [ -90.878878, 30.431247 ], [ -90.878878, 30.431247 ], [ -90.878891940443907, 30.43127134046826 ], [ -90.878878, 30.431247 ] ], [ [ -90.87787, 30.429526 ], [ -90.877642, 30.429262 ], [ -90.87787, 30.429526 ], [ -90.87806, 30.429905 ], [ -90.878429748433959, 30.430462866430389 ], [ -90.87787, 30.429526 ] ], [ [ -90.877559, 30.429086 ], [ -90.877559, 30.429086 ], [ -90.877571260416332, 30.429126357211743 ], [ -90.877559, 30.429086 ] ], [ [ -90.876818, 30.428316 ], [ -90.876818, 30.428316 ], [ -90.87692356551274, 30.428418892995044 ], [ -90.876818, 30.428316 ] ], [ [ -90.876697, 30.428228 ], [ -90.876588731812532, 30.428155241043797 ], [ -90.87676, 30.428294 ], [ -90.876697, 30.428228 ] ], [ [ -90.875714, 30.427568 ], [ -90.875625, 30.427524 ], [ -90.875714, 30.427568 ], [ -90.875822, 30.427672 ], [ -90.875854, 30.427678 ], [ -90.875968, 30.427793 ], [ -90.876051708557313, 30.427838258735587 ], [ -90.875968, 30.427793 ], [ -90.875854, 30.427678 ], [ -90.875822, 30.427672 ], [ -90.875714, 30.427568 ] ], [ [ -90.875280420443346, 30.427165096888775 ], [ -90.875169, 30.427122 ], [ -90.875169, 30.427122 ], [ -90.875280420443346, 30.427165096888775 ] ], [ [ -90.875099, 30.4271 ], [ -90.875099, 30.4271 ], [ -90.875161116442158, 30.427119522310623 ], [ -90.875099, 30.4271 ] ], [ [ -90.874622, 30.42684 ], [ -90.874622, 30.42684 ], [ -90.874647113199046, 30.426867345486428 ], [ -90.874622, 30.42684 ] ], [ [ -90.872909, 30.426401 ], [ -90.872909, 30.426401 ], [ -90.873090606328617, 30.426469678563699 ], [ -90.872909, 30.426401 ] ], [ [ -90.870592, 30.424725 ], [ -90.870592, 30.424725 ], [ -90.870932318424124, 30.424885325231283 ], [ -90.870592, 30.424725 ] ], [ [ -90.868149, 30.424621 ], [ -90.868149, 30.424621 ], [ -90.868232006945348, 30.424625355302954 ], [ -90.868149, 30.424621 ] ], [ [ -90.867731, 30.424473 ], [ -90.867731, 30.424473 ], [ -90.867761230407027, 30.424483556650667 ], [ -90.867731, 30.424473 ] ], [ [ -90.866722, 30.423968 ], [ -90.866722, 30.423968 ], [ -90.866793920153057, 30.424007475007542 ], [ -90.866722, 30.423968 ] ], [ [ -90.865576, 30.422452 ], [ -90.865576, 30.422452 ], [ -90.865703150623858, 30.422633643802651 ], [ -90.865576, 30.422452 ] ], [ [ -90.865051, 30.421751 ], [ -90.865051, 30.421751 ], [ -90.865269491425934, 30.422023715672246 ], [ -90.865051, 30.421751 ] ], [ [ -90.864767943203304, 30.421632331911702 ], [ -90.864869, 30.421523 ], [ -90.864869, 30.421523 ], [ -90.864803, 30.421593 ], [ -90.86477, 30.42163 ], [ -90.864767943203304, 30.421632331911702 ] ], [ [ -90.8638, 30.42292 ], [ -90.8638, 30.42292 ], [ -90.863871497810564, 30.422766004815124 ], [ -90.8638, 30.42292 ] ], [ [ -90.86275, 30.4267 ], [ -90.86275, 30.4267 ], [ -90.862784361764184, 30.42657973392382 ], [ -90.86275, 30.4267 ] ], [ [ -90.86255, 30.42741 ], [ -90.86255, 30.42741 ], [ -90.86258, 30.427305000056499 ], [ -90.86255, 30.42741 ] ], [ [ -90.86231, 30.42824 ], [ -90.86231, 30.42824 ], [ -90.862281497193351, 30.428365412410091 ], [ -90.86231, 30.42824 ] ], [ [ -90.86212, 30.42896 ], [ -90.86212, 30.42896 ], [ -90.862124019018069, 30.428945072219427 ], [ -90.86212, 30.42896 ] ], [ [ -90.86201, 30.42944 ], [ -90.861971397690112, 30.429532645613687 ], [ -90.86211, 30.42902 ], [ -90.86201, 30.42944 ] ], [ [ -90.86183, 30.4299 ], [ -90.86183, 30.4299 ], [ -90.861878375466375, 30.429766967526771 ], [ -90.86183, 30.4299 ] ], [ [ -90.860754, 30.431342 ], [ -90.860754, 30.431342 ], [ -90.860928302792729, 30.431134312165586 ], [ -90.860754, 30.431342 ] ], [ [ -90.860508, 30.43166 ], [ -90.860508, 30.43166 ], [ -90.860523545399772, 30.431639941425797 ], [ -90.860508, 30.43166 ] ], [ [ -90.86015, 30.43213 ], [ -90.86015, 30.43213 ], [ -90.860160232114836, 30.432116288969855 ], [ -90.86015, 30.43213 ] ], [ [ -90.859686699990078, 30.432681932958243 ], [ -90.85987, 30.43246 ], [ -90.85976, 30.4326 ], [ -90.859686699990078, 30.432681932958243 ] ], [ [ -90.858996001812613, 30.433519510690207 ], [ -90.8591, 30.43336 ], [ -90.859011, 30.433496 ], [ -90.858996001812613, 30.433519510690207 ] ], [ [ -90.858735, 30.433898 ], [ -90.858735, 30.433898 ], [ -90.858803053401758, 30.43380396263667 ], [ -90.858735, 30.433898 ] ], [ [ -90.859095, 30.435435 ], [ -90.858716408608942, 30.434254089257074 ], [ -90.859124788777024, 30.435532877418844 ], [ -90.859095, 30.435435 ] ], [ [ -90.8592, 30.43579 ], [ -90.8592, 30.43579 ], [ -90.859148725225452, 30.43561420083082 ], [ -90.8592, 30.43579 ] ], [ [ -90.859504841272013, 30.436767973329975 ], [ -90.85946, 30.43661 ], [ -90.85935, 30.43627 ], [ -90.85946, 30.43661 ], [ -90.85946, 30.43663 ], [ -90.859504841272013, 30.436767973329975 ] ], [ [ -90.85964, 30.43724 ], [ -90.85964, 30.43724 ], [ -90.859623618077734, 30.437171195976237 ], [ -90.85964, 30.43724 ] ], [ [ -90.86008, 30.43876 ], [ -90.860055815595331, 30.439368014245645 ], [ -90.859741579306871, 30.437633352428602 ], [ -90.86008, 30.43876 ] ], [ [ -90.85996, 30.43977 ], [ -90.85996, 30.43977 ], [ -90.860013414983129, 30.439556340096352 ], [ -90.85996, 30.43977 ] ], [ [ -90.891118830093433, 30.453211673468516 ], [ -90.89357, 30.45325 ], [ -90.89429, 30.45346 ], [ -90.89466, 30.45355 ], [ -90.894844084226236, 30.453581557300527 ], [ -90.891118830093433, 30.453211673468516 ] ], [ [ -90.88999, 30.45336 ], [ -90.890374801212801, 30.453305802658811 ], [ -90.889709490278065, 30.45342990621155 ], [ -90.88999, 30.45336 ] ], [ [ -90.88883, 30.45365 ], [ -90.88915653764667, 30.453568365591803 ], [ -90.887965, 30.453819 ], [ -90.88883, 30.45365 ] ], [ [ -90.88644, 30.45412 ], [ -90.885149151686264, 30.4541998613381 ], [ -90.887965, 30.453819 ], [ -90.88644, 30.45412 ] ], [ [ -90.88402, 30.45419 ], [ -90.879341937695898, 30.454185290030409 ], [ -90.87955, 30.45419 ], [ -90.88402, 30.45419 ], [ -90.88514, 30.4542 ], [ -90.88402, 30.45419 ] ], [ [ -90.878702, 30.454174 ], [ -90.878702, 30.454174 ], [ -90.878814263788172, 30.454175736037982 ], [ -90.878702, 30.454174 ] ], [ [ -90.87308, 30.45416 ], [ -90.87263, 30.45416 ], [ -90.872251041286376, 30.454156062766604 ], [ -90.87263, 30.45416 ], [ -90.87308, 30.45416 ], [ -90.87361036977822, 30.454166843481467 ], [ -90.87308, 30.45416 ] ], [ [ -90.872238039725772, 30.454155928612561 ], [ -90.871402, 30.454148 ], [ -90.870760073305192, 30.454143994217244 ], [ -90.872238039725772, 30.454155928612561 ] ], [ [ -90.86579, 30.4541 ], [ -90.86733, 30.45413 ], [ -90.868430789354193, 30.454133527247116 ], [ -90.86579, 30.4541 ] ], [ [ -90.865134, 30.454091 ], [ -90.864645271370989, 30.454086497372177 ], [ -90.86579, 30.4541 ], [ -90.865134, 30.454091 ] ], [ [ -90.862768948996418, 30.454063259405789 ], [ -90.8625, 30.45406 ], [ -90.862556, 30.454061 ], [ -90.862768948996418, 30.454063259405789 ] ], [ [ -90.898187, 30.454206 ], [ -90.898250859347698, 30.454245233858622 ], [ -90.898154952745514, 30.454186232539286 ], [ -90.898187, 30.454206 ] ], [ [ -90.897922295202079, 30.45406298143029 ], [ -90.89722, 30.45377 ], [ -90.8970977945161, 30.453742405219302 ], [ -90.897922295202079, 30.45406298143029 ] ], [ [ -90.896559534146846, 30.453662111800075 ], [ -90.89572, 30.45365 ], [ -90.895390551718009, 30.453631439535432 ], [ -90.89572, 30.45365 ], [ -90.896559534146846, 30.453662111800075 ] ], [ [ -90.862649099429504, 30.449365510944677 ], [ -90.862149, 30.450305 ], [ -90.86212, 30.451163 ], [ -90.86212, 30.45181 ], [ -90.862101030295321, 30.451900106143412 ], [ -90.862649099429504, 30.449365510944677 ] ], [ [ -90.862887293986731, 30.44869190666212 ], [ -90.86316, 30.44803 ], [ -90.862913, 30.448629 ], [ -90.862887293986731, 30.44869190666212 ] ], [ [ -90.86297, 30.44615 ], [ -90.86297, 30.44615 ], [ -90.8629, 30.4459 ], [ -90.86297, 30.44615 ] ], [ [ -90.86226, 30.44516 ], [ -90.861361599812639, 30.444352148808022 ], [ -90.862398026396207, 30.445301163583359 ], [ -90.86226, 30.44516 ] ], [ [ -90.86079, 30.44385 ], [ -90.86079, 30.44385 ], [ -90.86062, 30.44365 ], [ -90.86079, 30.44385 ] ], [ [ -90.86041, 30.4434 ], [ -90.860185578297106, 30.442992716341607 ], [ -90.86062, 30.44365 ], [ -90.86041, 30.4434 ] ], [ [ -90.86009, 30.44281 ], [ -90.860063486630565, 30.442717989824271 ], [ -90.860130744342925, 30.442891488693597 ], [ -90.86009, 30.44281 ] ], [ [ -90.859795, 30.441565000015498 ], [ -90.85997, 30.44237 ], [ -90.85987, 30.44192 ], [ -90.8598, 30.44162 ], [ -90.859795, 30.441565000015498 ] ], [ [ -90.423834, 30.511619 ], [ -90.423834, 30.511619 ], [ -90.42378856099343, 30.511630726195467 ], [ -90.423834, 30.511619 ] ], [ [ -90.423589, 30.511684 ], [ -90.423589, 30.511684 ], [ -90.423581714088854, 30.511686015252121 ], [ -90.423589, 30.511684 ] ], [ [ -90.423244, 30.511768 ], [ -90.423244, 30.511768 ], [ -90.423235705900751, 30.511770103869601 ], [ -90.423244, 30.511768 ] ], [ [ -90.42154, 30.512092 ], [ -90.42154, 30.512092 ], [ -90.421502256219995, 30.512095612441446 ], [ -90.42154, 30.512092 ] ], [ [ -90.421075, 30.512124 ], [ -90.421075, 30.512124 ], [ -90.421070896808118, 30.512124341932637 ], [ -90.421075, 30.512124 ] ], [ [ -90.416236, 30.512169 ], [ -90.416236, 30.512169 ], [ -90.416073371916809, 30.512170227381777 ], [ -90.416236, 30.512169 ] ], [ [ -90.415177, 30.512178 ], [ -90.415177, 30.512178 ], [ -90.415175923055273, 30.512178010256598 ], [ -90.415177, 30.512178 ] ], [ [ -90.413917, 30.51219 ], [ -90.413917, 30.51219 ], [ -90.413842772148215, 30.512190945577725 ], [ -90.413917, 30.51219 ] ], [ [ -90.408541462517846, 30.512233019711282 ], [ -90.408913, 30.512231 ], [ -90.409055148258716, 30.512229936546692 ], [ -90.408913, 30.512231 ], [ -90.408543, 30.512233 ], [ -90.408541462517846, 30.512233019711282 ] ], [ [ -90.404871, 30.51227 ], [ -90.404871, 30.51227 ], [ -90.40486268189072, 30.512270042223903 ], [ -90.404871, 30.51227 ] ], [ [ -90.402208, 30.512285 ], [ -90.402208, 30.512285 ], [ -90.402201035567259, 30.512285069721784 ], [ -90.402208, 30.512285 ] ], [ [ -90.400489, 30.5123 ], [ -90.400489, 30.5123 ], [ -90.400466183662147, 30.512300175510273 ], [ -90.400489, 30.5123 ] ], [ [ -90.399945, 30.512304 ], [ -90.399945, 30.512304 ], [ -90.399905923422324, 30.512304398740561 ], [ -90.399945, 30.512304 ] ], [ [ -90.398704, 30.512322 ], [ -90.398704, 30.512322 ], [ -90.398698630169648, 30.512322091014074 ], [ -90.398704, 30.512322 ] ], [ [ -90.395814, 30.512321 ], [ -90.395814, 30.512321 ], [ -90.395509427401905, 30.512320499880762 ], [ -90.395814, 30.512321 ] ], [ [ -90.390585, 30.512347 ], [ -90.391073, 30.512343 ], [ -90.391131366960479, 30.512342812324878 ], [ -90.391073, 30.512343 ], [ -90.390585, 30.512347 ], [ -90.39048955638637, 30.512345495258376 ], [ -90.390585, 30.512347 ] ], [ [ -90.388389, 30.512339 ], [ -90.388389, 30.512339 ], [ -90.388389448851584, 30.512338998441468 ], [ -90.388389, 30.512339 ] ], [ [ -90.38825, 30.512339 ], [ -90.388248840869906, 30.512339002773022 ], [ -90.38825, 30.512339 ], [ -90.38825, 30.512339 ] ], [ [ -90.387576, 30.512341 ], [ -90.387709237320678, 30.512340889584621 ], [ -90.387575999999896, 30.512341 ], [ -90.387576, 30.512341 ] ], [ [ -90.387225, 30.512341 ], [ -90.387212, 30.512341111111098 ], [ -90.387575999999896, 30.512341 ], [ -90.387225, 30.512341 ] ], [ [ -90.38599, 30.512345 ], [ -90.38599, 30.512345 ], [ -90.385912, 30.512345 ], [ -90.38599, 30.512345 ] ], [ [ -90.38568, 30.512345 ], [ -90.385676982924636, 30.512345039182776 ], [ -90.385912, 30.512345 ], [ -90.38568, 30.512345 ] ], [ [ -90.385221, 30.512347 ], [ -90.385221, 30.512347 ], [ -90.385059395217581, 30.512346293273545 ], [ -90.385221, 30.512347 ] ], [ [ -90.383128, 30.512349 ], [ -90.383627263820813, 30.512348602947633 ], [ -90.383128, 30.512349 ], [ -90.383128, 30.512349 ] ], [ [ -90.382843, 30.512349 ], [ -90.382727516919104, 30.51234863684564 ], [ -90.383128, 30.512349 ], [ -90.382843, 30.512349 ] ], [ [ -90.381572, 30.512347 ], [ -90.381572, 30.512347 ], [ -90.381497699828628, 30.512346296843802 ], [ -90.381572, 30.512347 ] ], [ [ -90.378824958475803, 30.512144866067057 ], [ -90.379449, 30.5123 ], [ -90.37947975579084, 30.51230353514903 ], [ -90.378824958475803, 30.512144866067057 ] ], [ [ -90.376282, 30.510915 ], [ -90.376282, 30.510915 ], [ -90.376153157018507, 30.510845379612121 ], [ -90.376282, 30.510915 ] ], [ [ -90.375142980865874, 30.510270617417387 ], [ -90.37596, 30.510739 ], [ -90.375965502290995, 30.51074227163279 ], [ -90.375142980865874, 30.510270617417387 ] ], [ [ -90.371859, 30.508459 ], [ -90.371859, 30.508459 ], [ -90.371738560355297, 30.508403358367275 ], [ -90.371859, 30.508459 ] ], [ [ -90.370634, 30.507931 ], [ -90.370616274106709, 30.507925663430761 ], [ -90.370634, 30.507931 ], [ -90.370634, 30.507931 ] ], [ [ -90.368034, 30.507325 ], [ -90.368033999999895, 30.507324999999891 ], [ -90.367638847369903, 30.507286791865045 ], [ -90.368034, 30.507325 ] ], [ [ -90.366745, 30.507214 ], [ -90.366745, 30.507214 ], [ -90.366084, 30.507169000010386 ], [ -90.366745, 30.507214 ] ], [ [ -90.361756, 30.506847 ], [ -90.361756, 30.506847 ], [ -90.361707, 30.506844 ], [ -90.361756, 30.506847 ] ], [ [ -90.397492, 30.478817 ], [ -90.397492, 30.478817 ], [ -90.396210399627236, 30.478817 ], [ -90.397492, 30.478817 ] ], [ [ -90.391087, 30.478818 ], [ -90.391087, 30.478818 ], [ -90.390280590926437, 30.478818841763111 ], [ -90.391087, 30.478818 ] ], [ [ -90.376316, 30.478805 ], [ -90.376316, 30.478805 ], [ -90.389486596619832, 30.478812999732217 ], [ -90.376316, 30.478805 ] ], [ [ -90.374201, 30.478796 ], [ -90.37285, 30.478796 ], [ -90.374257416954094, 30.478796397302478 ], [ -90.374201, 30.478796 ] ] ] } },
{ "type": "Feature", "properties": { "district_id": 1, "voting_age_pop": 595914, "lib_votes": 0, "grn_votes": 0, "con_votes": 0, "ref_votes": 0, "total_pop": 769247, "dem_votes_sum": 205943, "rep_votes_sum": 121787, "lib_votes_sum": 0, "grn_votes_sum": 0, "con_votes_sum": 0, "ref_votes_sum": 0, "minority_pop_sum": 726486, "dem_pct": 0.62839227412809329, "rep_pct": 0.37160772587190677, "lib_pct": 0.0, "grn_pct": 0.0, "con_pct": 0.0, "ref_pct": 0.0, "minority_pct": 0.94441187290948159, "compactness": 0.35891879802521071 }, "geometry": { "type": "Polygon", "coordinates": [ [ [ -90.241359, 29.869171 ], [ -90.268493, 29.905838 ], [ -90.279533, 29.967971 ], [ -90.25074, 29.981719 ], [ -90.243301, 30.006708 ], [ -90.280037, 29.991675 ], [ -90.279434, 30.042793 ], [ -90.242897, 30.036491 ], [ -90.245216, 30.009435 ], [ -90.202774, 30.028173 ], [ -90.169548, 30.021408 ], [ -90.154624, 29.977418 ], [ -90.143569, 29.980003 ], [ -90.145713, 30.002408 ], [ -90.127563, 29.987129 ], [ -90.115804, 30.005603 ], [ -90.100278, 30.004013 ], [ -90.119373, 30.036637 ], [ -90.105456, 30.191801 ], [ -89.997664, 30.149555 ], [ -89.875572, 30.199326 ], [ -89.822639, 30.182618 ], [ -89.803028, 30.151432 ], [ -89.746664, 30.177113 ], [ -89.716652, 30.160762 ], [ -89.686852, 30.175487 ], [ -89.586772, 30.138814 ], [ -89.421578, 30.177003 ], [ -89.260976999999855, 30.181998 ], [ -89.183668999999881, 30.212155 ], [ -89.074653, 30.154294 ], [ -89.033967, 30.184584 ], [ -89.005916, 30.162977 ], [ -88.971908999999883, 30.156954 ], [ -88.90033, 30.16998 ], [ -88.875025, 30.102495 ], [ -88.824862, 30.080362 ], [ -88.778233999999884, 30.014066 ], [ -88.758388, 29.918271 ], [ -88.770556, 29.830126 ], [ -88.804734999999809, 29.744754 ], [ -88.869937, 29.657099 ], [ -89.052859, 29.480001 ], [ -89.119451, 29.458065 ], [ -89.142073, 29.429465 ], [ -89.137612, 29.381429 ], [ -89.069426, 29.294297 ], [ -88.91831, 29.236276 ], [ -88.908812, 29.210226 ], [ -88.921713, 29.124971 ], [ -88.996902, 29.085304 ], [ -89.012688, 29.02768 ], [ -89.045638, 29.006942 ], [ -89.11485, 28.926368 ], [ -89.150994, 28.919096 ], [ -89.185332, 28.930478 ], [ -89.234903, 28.987152 ], [ -89.279604, 28.977783 ], [ -89.400993, 28.860631 ], [ -89.462478, 28.863649 ], [ -89.492858, 28.90796 ], [ -89.465736, 28.974437 ], [ -89.463424, 29.08282 ], [ -89.486137, 29.137218 ], [ -89.520469, 29.172187 ], [ -89.610427, 29.198635 ], [ -89.899664, 29.155009 ], [ -89.902267, 29.292284 ], [ -89.97747, 29.449371 ], [ -89.985235, 29.618923 ], [ -90.002201, 29.623421 ], [ -90.015884, 29.674413 ], [ -90.067242, 29.738664 ], [ -90.075683, 29.77185 ], [ -90.128585, 29.758543 ], [ -90.141052, 29.74031 ], [ -90.211288, 29.730504 ], [ -90.167274, 29.81846 ], [ -90.241359, 29.869171 ] ], [ [ -90.033899173687288, 29.847976864690729 ], [ -90.034127, 29.847849 ], [ -90.034127, 29.847849 ], [ -90.033899173687288, 29.847976864690729 ] ], [ [ -90.032080999999835, 29.849093 ], [ -90.032081, 29.849093 ], [ -90.033271431200447, 29.848330333739561 ], [ -90.032080999999835, 29.849093 ] ], [ [ -90.030612, 29.849995 ], [ -90.030612, 29.849995 ], [ -90.031467862740769, 29.849429637168484 ], [ -90.030612, 29.849995 ] ], [ [ -90.029869, 29.850489 ], [ -90.029869, 29.850489 ], [ -90.030007355905383, 29.850403712192008 ], [ -90.029869, 29.850489 ] ], [ [ -90.028334, 29.852013 ], [ -90.027546321809496, 29.852763896275327 ], [ -90.029027, 29.851262 ], [ -90.028334, 29.852013 ] ], [ [ -90.027402330160243, 29.852947044000835 ], [ -90.027456, 29.85285 ], [ -90.027456, 29.85285 ], [ -90.027402330160243, 29.852947044000835 ] ], [ [ -90.027134321130831, 29.853333435184311 ], [ -90.025976, 29.854981 ], [ -90.025686, 29.855785 ], [ -90.025476999999896, 29.85648 ], [ -90.025468999999831, 29.857145 ], [ -90.025599999999883, 29.85921 ], [ -90.025541, 29.859439 ], [ -90.024701, 29.86047 ], [ -90.025384, 29.859705 ], [ -90.025541, 29.859439 ], [ -90.0256, 29.85921 ], [ -90.025686, 29.855785 ], [ -90.027134321130831, 29.853333435184311 ] ], [ [ -90.02296856363543, 29.864282288387297 ], [ -90.022994, 29.862317 ], [ -90.02293, 29.862482 ], [ -90.02296856363543, 29.864282288387297 ] ], [ [ -90.022615, 29.864998 ], [ -90.022615, 29.864998 ], [ -90.022838980839921, 29.864588964240703 ], [ -90.022615, 29.864998 ] ], [ [ -90.022832833333325, 29.865162000002471 ], [ -90.023434, 29.865488 ], [ -90.023506, 29.865519 ], [ -90.022832833333325, 29.865162000002471 ] ], [ [ -90.023462, 29.865673 ], [ -90.023004000351335, 29.868041514433056 ], [ -90.023504556097265, 29.86552333170992 ], [ -90.023462, 29.865673 ] ], [ [ -90.022772651667083, 29.868517155222037 ], [ -90.020859999999828, 29.871885 ], [ -90.020787053860502, 29.872065980309046 ], [ -90.022772651667083, 29.868517155222037 ] ], [ [ -90.020370999999898, 29.872852 ], [ -90.019851, 29.873853 ], [ -90.019669, 29.874199 ], [ -90.019633, 29.874268 ], [ -90.019943, 29.873687 ], [ -90.020371, 29.872852 ], [ -90.020466895540196, 29.872689230016057 ], [ -90.020370999999898, 29.872852 ] ], [ [ -90.0195, 29.874521 ], [ -90.018426201281912, 29.876993282008261 ], [ -90.019633, 29.874268 ], [ -90.0195, 29.874521 ] ], [ [ -90.017626038038969, 29.878730374235765 ], [ -90.017704999999836, 29.878618 ], [ -90.017669, 29.878669 ], [ -90.017626038038969, 29.878730374235765 ] ], [ [ -89.999738, 29.864477 ], [ -89.999738, 29.864477 ], [ -89.999349, 29.864871 ], [ -89.999738, 29.864477 ] ], [ [ -90.001467, 29.863031 ], [ -90.002119641571028, 29.863522412209907 ], [ -90.0013, 29.862906 ], [ -90.001467, 29.863031 ] ], [ [ -90.003608781648524, 29.864631518530725 ], [ -90.00296499999989, 29.864165 ], [ -90.003134, 29.864288 ], [ -90.003608781648524, 29.864631518530725 ] ], [ [ -90.00365457747003, 29.86466460836002 ], [ -90.004411, 29.865187 ], [ -90.004561, 29.865289 ], [ -90.00365457747003, 29.86466460836002 ] ], [ [ -90.005751, 29.863829 ], [ -90.010527405189805, 29.857966303127068 ], [ -90.00932, 29.859448 ], [ -90.005751, 29.863829 ] ], [ [ -90.010877, 29.857537 ], [ -90.010833629566818, 29.857589747833959 ], [ -90.010877, 29.857537 ], [ -90.010877, 29.857537 ] ], [ [ -90.012024, 29.828739 ], [ -90.0120816, 29.828442000094125 ], [ -90.012026321143821, 29.828755248011717 ], [ -90.012024, 29.828739 ] ], [ [ -90.012016, 29.828245 ], [ -90.012016, 29.828245 ], [ -90.0120588, 29.828256600001001 ], [ -90.012016, 29.828245 ] ], [ [ -90.011314, 29.827583 ], [ -90.011314, 29.827583 ], [ -90.01181, 29.828129 ], [ -90.011314, 29.827583 ] ], [ [ -90.011276, 29.826317 ], [ -90.011276, 29.826317 ], [ -90.010998421954568, 29.826554471964357 ], [ -90.011276, 29.826317 ] ], [ [ -90.012225, 29.825432 ], [ -90.012225, 29.825432 ], [ -90.012201150266279, 29.825456408756828 ], [ -90.012225, 29.825432 ] ], [ [ -90.013917999999805, 29.823996 ], [ -90.013026176977931, 29.823921612543337 ], [ -90.013918, 29.823996 ], [ -90.013917999999805, 29.823996 ] ], [ [ -90.013834, 29.823924 ], [ -90.017556, 29.824366 ], [ -90.018501627689616, 29.824824271477166 ], [ -90.017556, 29.824366 ], [ -90.017333, 29.824332 ], [ -90.014004, 29.823941 ], [ -90.013834, 29.823924 ] ], [ [ -90.018590086893596, 29.824873236508822 ], [ -90.018577, 29.824885 ], [ -90.018577, 29.824885 ], [ -90.018590086893596, 29.824873236508822 ] ], [ [ -90.019289, 29.824249 ], [ -90.019289, 29.824249 ], [ -90.019140105890472, 29.824381722318055 ], [ -90.019289, 29.824249 ] ], [ [ -90.021872, 29.821753 ], [ -90.021872, 29.821753 ], [ -90.021874653071393, 29.82176245877961 ], [ -90.021872, 29.821753 ] ], [ [ -90.02209, 29.821189 ], [ -90.02209, 29.821189 ], [ -90.022046066328429, 29.82129366554166 ], [ -90.02209, 29.821189 ] ], [ [ -90.019787, 29.819693 ], [ -90.019787, 29.819693 ], [ -90.020317699721105, 29.820006021513642 ], [ -90.019787, 29.819693 ] ], [ [ -90.018471, 29.819052 ], [ -90.018471, 29.819052 ], [ -90.018600198807178, 29.819095655093925 ], [ -90.018471, 29.819052 ] ], [ [ -90.016471, 29.81808 ], [ -90.016470700768508, 29.818085813644135 ], [ -90.016471, 29.81808 ], [ -90.016471, 29.81808 ] ], [ [ -90.015025, 29.814747 ], [ -90.015025, 29.814747 ], [ -90.015525, 29.814937 ], [ -90.015025, 29.814747 ] ], [ [ -90.014223, 29.815129 ], [ -90.012314999999802, 29.819084 ], [ -90.011885877880658, 29.819889157388417 ], [ -90.012477, 29.818781 ], [ -90.014223, 29.815129 ], [ -90.014528095569446, 29.814862390259517 ], [ -90.014223, 29.815129 ] ], [ [ -90.011786610996353, 29.820075927153777 ], [ -90.010882999999879, 29.822395 ], [ -90.010707637311299, 29.822864721617467 ], [ -90.011786610996353, 29.820075927153777 ] ], [ [ -90.010687, 29.82292 ], [ -90.010687, 29.82292 ], [ -90.010656401352392, 29.822914992949119 ], [ -90.010687, 29.82292 ] ], [ [ -90.006498, 29.821081 ], [ -90.006498, 29.821081 ], [ -90.006483403208208, 29.821153644549966 ], [ -90.006498, 29.821081 ] ], [ [ -90.006799, 29.820182 ], [ -90.00691350000001, 29.819949500585292 ], [ -90.006724383932607, 29.820356104206748 ], [ -90.006799, 29.820182 ] ], [ [ -90.008421, 29.817099 ], [ -90.008509877189198, 29.816934292890835 ], [ -90.008347268170681, 29.817216970984738 ], [ -90.008421, 29.817099 ] ], [ [ -90.008824, 29.816367 ], [ -90.008824, 29.816367 ], [ -90.008811811508679, 29.816390208236623 ], [ -90.008824, 29.816367 ] ], [ [ -90.010076, 29.813966 ], [ -90.010076, 29.813966 ], [ -90.009701949561759, 29.814686326462802 ], [ -90.010076, 29.813966 ] ], [ [ -90.011827, 29.81054 ], [ -90.011827, 29.81054 ], [ -90.011531706253152, 29.81111618540929 ], [ -90.011827, 29.81054 ] ], [ [ -90.013487, 29.807335 ], [ -90.013487, 29.807335 ], [ -90.013444418768742, 29.807416578382515 ], [ -90.013487, 29.807335 ] ], [ [ -90.014049, 29.80626 ], [ -90.01555904540524, 29.803335462127372 ], [ -90.013905297497558, 29.806535614681177 ], [ -90.014049, 29.80626 ] ], [ [ -90.015562717515152, 29.803249081872192 ], [ -90.015596, 29.803263 ], [ -90.015596, 29.803263 ], [ -90.015562717515152, 29.803249081872192 ] ], [ [ -90.013792999999893, 29.802892 ], [ -90.013793, 29.802892 ], [ -90.013955, 29.802581 ], [ -90.013792999999893, 29.802892 ] ], [ [ -90.01313, 29.799451 ], [ -90.013351, 29.799064 ], [ -90.013015857690732, 29.799583609504541 ], [ -90.01313, 29.799451 ] ], [ [ -90.017005, 29.794258 ], [ -90.017005, 29.794258 ], [ -90.016616460790061, 29.794712636426418 ], [ -90.017005, 29.794258 ] ], [ [ -90.020683, 29.789371 ], [ -90.020683, 29.789371 ], [ -90.020644551482278, 29.789420046266265 ], [ -90.020683, 29.789371 ] ], [ [ -90.021858, 29.787351 ], [ -90.021858, 29.787351 ], [ -90.021466378693717, 29.788047995460435 ], [ -90.021858, 29.787351 ] ], [ [ -90.023454, 29.787458 ], [ -90.023661, 29.787537 ], [ -90.02357, 29.787502 ], [ -90.023454, 29.787458 ], [ -90.023346685782244, 29.787416444291885 ], [ -90.023454, 29.787458 ] ], [ [ -90.030867, 29.790138 ], [ -90.02663, 29.788479 ], [ -90.028237, 29.789059 ], [ -90.029963999999836, 29.789674 ], [ -90.030867, 29.790138 ] ], [ [ -90.030923, 29.790101 ], [ -90.030966358997333, 29.789995521227315 ], [ -90.030897628271575, 29.790117763465087 ], [ -90.030923, 29.790101 ] ], [ [ -90.030959, 29.789506 ], [ -90.030959, 29.789506 ], [ -90.030959516445861, 29.789504568036826 ], [ -90.030959, 29.789506 ] ], [ [ -90.046508464824555, 29.794272346237079 ], [ -90.035561, 29.790493 ], [ -90.036354, 29.790781 ], [ -90.03654399999985, 29.79085 ], [ -90.037615, 29.791234 ], [ -90.038711, 29.791626 ], [ -90.04079, 29.792363 ], [ -90.041345, 29.792566 ], [ -90.046508464824555, 29.794272346237079 ] ], [ [ -90.047449999999898, 29.79448 ], [ -90.047951044008428, 29.794668356172433 ], [ -90.047260981070025, 29.794426458160505 ], [ -90.047449999999898, 29.79448 ] ], [ [ -90.059148954504721, 29.799082290666057 ], [ -90.049594999999897, 29.7953 ], [ -90.054073, 29.79702 ], [ -90.059148954504721, 29.799082290666057 ] ], [ [ -90.067257141185834, 29.802304965712587 ], [ -90.067199, 29.802286 ], [ -90.067256, 29.802307 ], [ -90.067257141185834, 29.802304965712587 ] ], [ [ -90.06735, 29.802146 ], [ -90.06737579271352, 29.802081260558769 ], [ -90.067343631791999, 29.802156763174278 ], [ -90.06735, 29.802146 ] ], [ [ -90.067790999999843, 29.801968 ], [ -90.067564, 29.80189 ], [ -90.067564, 29.80189 ], [ -90.067790999999843, 29.801968 ] ], [ [ -90.068999999999875, 29.802484 ], [ -90.070373, 29.803738 ], [ -90.070950059069759, 29.804788592830558 ], [ -90.070373, 29.803738 ], [ -90.069679, 29.802911 ], [ -90.069, 29.802484 ], [ -90.068496, 29.801765 ], [ -90.068999999999875, 29.802484 ] ], [ [ -90.057939, 29.836873 ], [ -90.057331000000502, 29.836747 ], [ -90.057331, 29.836747 ], [ -90.057939, 29.836873 ] ], [ [ -90.058493999999811, 29.836685 ], [ -90.058238484781427, 29.836758831603291 ], [ -90.05872950596175, 29.836489186079934 ], [ -90.058493999999811, 29.836685 ] ], [ [ -90.058745296992271, 29.836459026950163 ], [ -90.058678, 29.836442 ], [ -90.058678, 29.836442 ], [ -90.058745296992271, 29.836459026950163 ] ], [ [ -90.058974, 29.836165 ], [ -90.059253, 29.835765 ], [ -90.058974, 29.836165 ], [ -90.058771741717635, 29.836354275570287 ], [ -90.058974, 29.836165 ] ], [ [ -90.060056611874273, 29.834920800935553 ], [ -90.060578999999876, 29.834548 ], [ -90.060265, 29.834749 ], [ -90.060056611874273, 29.834920800935553 ] ], [ [ -90.062624, 29.833872 ], [ -90.062083288337291, 29.834031117595831 ], [ -90.063472757297276, 29.833518769767061 ], [ -90.062624, 29.833872 ] ], [ [ -90.065176, 29.832306 ], [ -90.065838, 29.831522 ], [ -90.064321, 29.833047 ], [ -90.065176, 29.832306 ] ], [ [ -90.066048, 29.831291 ], [ -90.066298026925196, 29.831040973764082 ], [ -90.065838, 29.831522 ], [ -90.066048, 29.831291 ] ], [ [ -90.0679, 29.829673 ], [ -90.067899999999881, 29.829673 ], [ -90.067649, 29.829994 ], [ -90.0679, 29.829673 ] ], [ [ -90.06861, 29.82883 ], [ -90.068579062510295, 29.828888662974951 ], [ -90.068657948387965, 29.828567640932285 ], [ -90.06861, 29.82883 ] ], [ [ -90.068678999999889, 29.828162 ], [ -90.068663121472056, 29.828537130227971 ], [ -90.068651691808427, 29.827691594527359 ], [ -90.068678999999889, 29.828162 ] ], [ [ -90.067544999999853, 29.823656 ], [ -90.067545, 29.823656 ], [ -90.069650548461382, 29.816628897163667 ], [ -90.067544999999853, 29.823656 ] ], [ [ -90.070000095177534, 29.815524204613837 ], [ -90.071861, 29.807896 ], [ -90.071708, 29.806841 ], [ -90.071357, 29.805716 ], [ -90.070997595190079, 29.804886170262595 ], [ -90.070000095177534, 29.815524204613837 ] ], [ [ -90.041001824193884, 29.845243259471065 ], [ -90.040249822801528, 29.845837833097995 ], [ -90.040516, 29.845706 ], [ -90.041001824193884, 29.845243259471065 ] ], [ [ -90.039859, 29.846046 ], [ -90.039859, 29.846046 ], [ -90.039984425485741, 29.845976020136273 ], [ -90.039859, 29.846046 ] ], [ [ -90.057739, 29.836963 ], [ -90.057915222883722, 29.83688111901666 ], [ -90.057816, 29.836915 ], [ -90.057739, 29.836963 ] ], [ [ -90.057181808639896, 29.837016984481476 ], [ -90.05714, 29.837021 ], [ -90.05714, 29.837021 ], [ -90.057181808639896, 29.837016984481476 ] ], [ [ -90.056848, 29.836891 ], [ -90.056744438464747, 29.836870424861502 ], [ -90.056971277788563, 29.836945883967569 ], [ -90.056848, 29.836891 ] ], [ [ -90.056697, 29.836861 ], [ -90.05633199999987, 29.837216 ], [ -90.056332, 29.837216 ], [ -90.056697, 29.836861 ] ], [ [ -90.054282, 29.83801 ], [ -90.055716, 29.83687 ], [ -90.054280801469361, 29.83801057400963 ], [ -90.054282, 29.83801 ] ], [ [ -90.053268321776883, 29.838211024239957 ], [ -90.053248, 29.838209 ], [ -90.053248, 29.838209 ], [ -90.053268321776883, 29.838211024239957 ] ], [ [ -90.051728, 29.837854 ], [ -90.051727999999855, 29.837854 ], [ -90.051545508778702, 29.837947764774455 ], [ -90.051728, 29.837854 ] ], [ [ -90.049327983751155, 29.83943815216147 ], [ -90.047605, 29.840096 ], [ -90.046806762880735, 29.840430516926503 ], [ -90.049227, 29.839624 ], [ -90.049327983751155, 29.83943815216147 ] ], [ [ -90.042877, 29.843707 ], [ -90.045479837254717, 29.840988355422375 ], [ -90.044014, 29.841917 ], [ -90.04260699999989, 29.84332 ], [ -90.042877, 29.843707 ], [ -90.041931979111681, 29.844486708933918 ], [ -90.042877, 29.843707 ] ], [ [ -90.041643, 29.844646 ], [ -90.041173291387068, 29.845149366130386 ], [ -90.041364, 29.845033 ], [ -90.041643, 29.844646 ] ], [ [ -89.999332, 29.864858 ], [ -89.999281, 29.86482 ], [ -89.999331999999896, 29.864858 ], [ -89.99934409207404, 29.864867246880298 ], [ -89.999332, 29.864858 ] ], [ [ -89.999113, 29.864694 ], [ -89.999168587930612, 29.864735690963069 ], [ -89.998672488006662, 29.864362649989246 ], [ -89.999113, 29.864694 ] ], [ [ -89.991439073854664, 29.859570127062081 ], [ -89.99769, 29.863623 ], [ -89.997024, 29.863124 ], [ -89.996858, 29.863 ], [ -89.996683, 29.862873 ], [ -89.996158, 29.862492 ], [ -89.995984, 29.862366 ], [ -89.994349, 29.861113 ], [ -89.994179, 29.86099 ], [ -89.99384, 29.860745 ], [ -89.993661, 29.860642 ], [ -89.99348, 29.860539 ], [ -89.992972, 29.86025 ], [ -89.992209, 29.859896 ], [ -89.991439073854664, 29.859570127062081 ] ], [ [ -89.99091, 29.859345 ], [ -89.987997911808421, 29.8581147433427 ], [ -89.991179012826365, 29.859459450842035 ], [ -89.99091, 29.859345 ] ], [ [ -89.987479, 29.857896 ], [ -89.987655426323926, 29.857969811016098 ], [ -89.987342711594408, 29.857835316841374 ], [ -89.987479, 29.857896 ] ], [ [ -89.987340790339175, 29.857834453326461 ], [ -89.98605, 29.857085 ], [ -89.985476, 29.856268 ], [ -89.987340790339175, 29.857834453326461 ] ], [ [ -89.975844, 29.862411 ], [ -89.975875279002139, 29.862283361733166 ], [ -89.975844, 29.862411 ], [ -89.975844, 29.862411 ] ], [ [ -89.97647, 29.859884 ], [ -89.976458107945277, 29.859931662709503 ], [ -89.976490295545261, 29.859796053073861 ], [ -89.97647, 29.859884 ] ], [ [ -89.977387721345366, 29.855918846463801 ], [ -89.977475, 29.85557 ], [ -89.977447, 29.855663 ], [ -89.977387721345366, 29.855918846463801 ] ], [ [ -89.979808, 29.851126 ], [ -89.979749419881472, 29.851196296151251 ], [ -89.984431762963183, 29.84561820944889 ], [ -89.979808, 29.851126 ] ], [ [ -89.99002, 29.839052 ], [ -89.987447, 29.842053 ], [ -89.99023502135303, 29.838800028484641 ], [ -89.99002, 29.839052 ] ], [ [ -90.000107, 29.822128 ], [ -90.000107, 29.822128 ], [ -89.999656, 29.822076 ], [ -90.000107, 29.822128 ] ], [ [ -90.0121, 29.828955 ], [ -90.012077241367635, 29.828990722426074 ], [ -90.0121, 29.828955 ], [ -90.0121, 29.828955 ] ], [ [ -90.012021, 29.829079 ], [ -90.011856, 29.829178 ], [ -90.011955, 29.829102 ], [ -90.012021, 29.829079 ] ], [ [ -90.011771999999851, 29.829229 ], [ -90.011756086607107, 29.829228581226499 ], [ -90.011771999999851, 29.829229 ], [ -90.011771999999851, 29.829229 ] ], [ [ -90.011543, 29.829149 ], [ -90.011695999999802, 29.829227 ], [ -90.011696, 29.829227 ], [ -90.011543, 29.829149 ] ], [ [ -90.007446, 29.829662 ], [ -90.008835, 29.830959 ], [ -90.008875859825096, 29.830941538547844 ], [ -90.008293, 29.830231 ], [ -90.007812, 29.829823 ], [ -90.007446, 29.829662 ], [ -90.007570604023513, 29.829425729113591 ], [ -90.007446, 29.829662 ] ], [ [ -90.007797, 29.829002 ], [ -90.007884248491621, 29.828828058860665 ], [ -90.007688854750242, 29.829203485012247 ], [ -90.007797, 29.829002 ] ], [ [ -90.008003, 29.828604 ], [ -90.008051213912481, 29.828548252668771 ], [ -90.00797567568975, 29.828651399322609 ], [ -90.008003, 29.828604 ] ], [ [ -90.008153, 29.828333 ], [ -90.008203968239187, 29.828231824257685 ], [ -90.008100712351592, 29.828430947302191 ], [ -90.008153, 29.828333 ] ], [ [ -90.008338458741591, 29.827968076794654 ], [ -90.008741, 29.827236 ], [ -90.008646999999897, 29.827364 ], [ -90.008338458741591, 29.827968076794654 ] ], [ [ -90.009506, 29.826378 ], [ -90.009293497193724, 29.826638174745035 ], [ -90.009376333002294, 29.826327047500925 ], [ -90.009506, 29.826378 ] ], [ [ -90.009365, 29.826323 ], [ -90.009973597898579, 29.825157180917458 ], [ -90.009551, 29.825965 ], [ -90.009365, 29.826323 ] ], [ [ -90.010565, 29.82486 ], [ -90.010638, 29.824832 ], [ -90.010465987274316, 29.824890011642324 ], [ -90.010565, 29.82486 ] ], [ [ -90.010935, 29.824722 ], [ -90.01097177793703, 29.824707090025512 ], [ -90.010896322683024, 29.824736111994916 ], [ -90.010935, 29.824722 ] ], [ [ -90.011084, 29.824666 ], [ -90.011104717262867, 29.82465891251552 ], [ -90.011002157002807, 29.824695960384535 ], [ -90.011084, 29.824666 ] ], [ [ -90.011122, 29.824653 ], [ -90.011122, 29.824653 ], [ -90.011158715038633, 29.824627758411879 ], [ -90.011122, 29.824653 ] ], [ [ -90.011236, 29.824576 ], [ -90.011292274355696, 29.824532712037669 ], [ -90.011182937377654, 29.824611375083052 ], [ -90.011236, 29.824576 ] ], [ [ -90.011513999999877, 29.824317 ], [ -90.011514, 29.824317 ], [ -90.011630153048969, 29.82385270026678 ], [ -90.011513999999877, 29.824317 ] ], [ [ -90.011719, 29.823764 ], [ -90.011631433871329, 29.823728324912004 ], [ -90.011660093840391, 29.823809373666105 ], [ -90.011719, 29.823764 ] ], [ [ -90.011568, 29.823715 ], [ -90.011009203930612, 29.823651381778287 ], [ -90.011598668498323, 29.823718566104464 ], [ -90.011568, 29.823715 ] ], [ [ -90.006171, 29.823109 ], [ -90.006171, 29.823109 ], [ -90.007259105554169, 29.82323070301458 ], [ -90.006171, 29.823109 ] ], [ [ -90.006050333333334, 29.822964333333687 ], [ -90.004864, 29.822687 ], [ -90.004666, 29.822648 ], [ -90.006050333333334, 29.822964333333687 ] ], [ [ -90.008099, 29.85628 ], [ -90.008099, 29.85628 ], [ -90.009224891500608, 29.856700122008831 ], [ -90.008099, 29.85628 ] ], [ [ -90.001189, 29.853349 ], [ -90.001189, 29.853349 ], [ -90.00123625400586, 29.853368073454476 ], [ -90.001189, 29.853349 ] ], [ [ -89.99674, 29.847416 ], [ -89.99674, 29.847416 ], [ -89.99638609208273, 29.847767862530286 ], [ -89.99674, 29.847416 ] ], [ [ -90.001533, 29.841001 ], [ -90.001533, 29.841001 ], [ -89.999952, 29.843753 ], [ -90.001533, 29.841001 ] ], [ [ -89.998692, 29.843649 ], [ -89.998692, 29.843649 ], [ -89.998968263702139, 29.84336900303261 ], [ -89.998692, 29.843649 ] ], [ [ -89.994304069255364, 29.845057558640452 ], [ -89.994659, 29.844721 ], [ -89.994360999999898, 29.845003 ], [ -89.994304069255364, 29.845057558640452 ] ], [ [ -89.992405, 29.846832 ], [ -89.991877999999801, 29.847358 ], [ -89.991720213530726, 29.847504516109488 ], [ -89.992405, 29.846832 ] ], [ [ -89.991360172182937, 29.847839611277795 ], [ -89.991399, 29.847805 ], [ -89.991453535773616, 29.847753653481075 ], [ -89.991360172182937, 29.847839611277795 ] ], [ [ -89.990347, 29.848719 ], [ -89.990347, 29.848719 ], [ -89.991327, 29.847871 ], [ -89.990347, 29.848719 ] ], [ [ -89.98859896989002, 29.850191019820745 ], [ -89.98919, 29.849692 ], [ -89.989518948342052, 29.849420063785711 ], [ -89.98859896989002, 29.850191019820745 ] ], [ [ -89.988061595422764, 29.850717722044585 ], [ -89.988282, 29.850481 ], [ -89.988307197639656, 29.850457848344753 ], [ -89.988061595422764, 29.850717722044585 ] ], [ [ -89.987171, 29.851772 ], [ -89.987171, 29.851772 ], [ -89.988000261503842, 29.850783935259436 ], [ -89.987171, 29.851772 ] ], [ [ -89.98617, 29.853147 ], [ -89.986138333333329, 29.853190400132053 ], [ -89.986235, 29.85306 ], [ -89.98617, 29.853147 ] ], [ [ -89.98546, 29.854223 ], [ -89.98546, 29.854223 ], [ -89.98554773652495, 29.854064327772893 ], [ -89.98546, 29.854223 ] ], [ [ -89.985312999999891, 29.854623 ], [ -89.985313, 29.854623 ], [ -89.985396509421264, 29.85439313390378 ], [ -89.985312999999891, 29.854623 ] ], [ [ -89.985468349959106, 29.856247479320849 ], [ -89.985249, 29.855357 ], [ -89.985271984382393, 29.854833457453061 ], [ -89.985468349959106, 29.856247479320849 ] ], [ [ -89.98738, 29.904422 ], [ -89.987301508817779, 29.904822718505482 ], [ -89.987399589444237, 29.904238744006953 ], [ -89.98738, 29.904422 ] ], [ [ -89.987451514629399, 29.903641027721687 ], [ -89.987571, 29.902305 ], [ -89.987487, 29.903211 ], [ -89.987451514629399, 29.903641027721687 ] ], [ [ -89.988296, 29.897115 ], [ -89.988346, 29.896712 ], [ -89.988496788191824, 29.895184661867674 ], [ -89.988296, 29.897115 ], [ -89.987968, 29.898706 ], [ -89.987882346985245, 29.899717596061805 ], [ -89.988296, 29.897115 ] ], [ [ -89.98855, 29.894806 ], [ -89.988743, 29.893068 ], [ -89.98855, 29.894806 ], [ -89.988504514011339, 29.895117903959882 ], [ -89.98855, 29.894806 ] ], [ [ -89.994184, 29.892679 ], [ -89.9940215, 29.892572000057424 ], [ -89.994250138534312, 29.892752889169412 ], [ -89.994184, 29.892679 ] ], [ [ -89.996436, 29.894147 ], [ -89.996288335934096, 29.894050630110584 ], [ -89.996442029961955, 29.89415066104856 ], [ -89.996436, 29.894147 ] ], [ [ -90.002295, 29.897287 ], [ -90.002295, 29.897287 ], [ -90.002273, 29.897806 ], [ -90.002295, 29.897287 ] ], [ [ -90.008753, 29.894001 ], [ -90.009427824589181, 29.892444728218909 ], [ -90.008121370954953, 29.895384694218873 ], [ -90.008753, 29.894001 ] ], [ [ -90.013251, 29.886308 ], [ -90.013251, 29.886308 ], [ -90.011969999999849, 29.888211 ], [ -90.010333900845723, 29.89073639315993 ], [ -90.013251, 29.886308 ] ], [ [ -90.01374699999981, 29.885374 ], [ -90.0136114399414, 29.885630948135432 ], [ -90.013774913647595, 29.885320319920879 ], [ -90.01374699999981, 29.885374 ] ], [ [ -90.014937, 29.883104 ], [ -90.014728034382458, 29.883503412649262 ], [ -90.014962579262033, 29.883055177069277 ], [ -90.014937, 29.883104 ] ], [ [ -90.015246387444989, 29.882513610060442 ], [ -90.015373999999881, 29.882284 ], [ -90.015296, 29.882419 ], [ -90.015246387444989, 29.882513610060442 ] ], [ [ -90.01561, 29.882044 ], [ -90.015492100113164, 29.882087134105326 ], [ -90.015613560139457, 29.882034743637547 ], [ -90.01561, 29.882044 ] ], [ [ -90.01571891195421, 29.881812336757022 ], [ -90.016146, 29.88105 ], [ -90.015893, 29.881446 ], [ -90.01571891195421, 29.881812336757022 ] ], [ [ -90.017401237095882, 29.87908345613652 ], [ -90.017591, 29.87878 ], [ -90.017577, 29.878802 ], [ -90.017401237095882, 29.87908345613652 ] ] ] } },
{ "type": "Feature", "properties": { "district_id": 2, "voting_age_pop": 567339, "lib_votes": 0, "grn_votes": 0, "con_votes": 0, "ref_votes": 0, "total_pop": 748671, "dem_votes_sum": 135954, "rep_votes_sum": 184379, "lib_votes_sum": 0, "grn_votes_sum": 0, "con_votes_sum": 0, "ref_votes_sum": 0, "minority_pop_sum": 560607, "dem_pct": 0.42441459356357292, "rep_pct": 0.57558540643642708, "lib_pct": 0.0, "grn_pct": 0.0, "con_pct": 0.0, "ref_pct": 0.0, "minority_pct": 0.74880287870105833, "compactness": 0.080416447016406642 }, "geometry": { "type": "Polygon", "coordinates": [ [ [ -92.816395, 32.147666 ], [ -92.8223, 32.162784 ], [ -92.798816, 32.181325 ], [ -92.800963, 32.210725 ], [ -92.773173, 32.235984 ], [ -92.78402, 32.361202 ], [ -92.836605, 32.371854 ], [ -92.902491, 32.349615 ], [ -92.911802, 32.371182 ], [ -92.961019, 32.359979 ], [ -92.953086, 32.398881 ], [ -92.9735, 32.42025 ], [ -92.997031, 32.43247 ], [ -93.02779, 32.40999 ], [ -93.05818, 32.4291 ], [ -93.056151, 32.459884 ], [ -93.087364, 32.464659 ], [ -93.146916, 32.436008 ], [ -93.156574, 32.405864 ], [ -93.236693, 32.411506 ], [ -93.23969, 32.52649 ], [ -93.220667, 32.528957 ], [ -93.227764, 32.576378 ], [ -93.195174, 32.568883 ], [ -93.231459, 32.628295 ], [ -93.245615, 32.629371 ], [ -93.235854, 32.636355 ], [ -93.249833, 32.636296 ], [ -93.25878, 32.619604 ], [ -93.253243, 32.602238 ], [ -93.291236, 32.611019 ], [ -93.298769, 32.627448 ], [ -93.25794, 32.664323 ], [ -93.234188, 32.665822 ], [ -93.222053, 32.6498 ], [ -93.186422, 32.68712 ], [ -93.186571, 32.716755 ], [ -93.237381, 32.71625 ], [ -93.237988, 32.752934 ], [ -93.256549, 32.772329 ], [ -93.346101, 32.759672 ], [ -93.328488, 32.820273 ], [ -93.356009, 32.84599 ], [ -93.359751, 32.8746 ], [ -93.394104, 32.900942 ], [ -93.369631, 32.931392 ], [ -93.398379, 32.972782 ], [ -93.392917, 33.0183 ], [ -91.166073, 33.004106 ], [ -91.214027, 32.93032 ], [ -91.199775, 32.908512 ], [ -91.170235, 32.899391 ], [ -91.133269, 32.919351 ], [ -91.135095, 32.980108 ], [ -91.106581, 32.988937 ], [ -91.090887, 32.981174 ], [ -91.064449, 32.901063 ], [ -91.105631, 32.858396 ], [ -91.145002, 32.842869 ], [ -91.161669, 32.812465 ], [ -91.165696, 32.753399 ], [ -91.054749, 32.719229 ], [ -91.149753, 32.644041 ], [ -91.152486, 32.620319 ], [ -91.119854, 32.584795 ], [ -91.049796, 32.607186 ], [ -91.037182, 32.637861 ], [ -91.0158, 32.641644 ], [ -91.008245, 32.604239 ], [ -91.080411, 32.556468 ], [ -90.987202, 32.495663 ], [ -91.000506, 32.482239 ], [ -91.038106, 32.49044 ], [ -91.093742, 32.549127 ], [ -91.116008, 32.48314 ], [ -91.093508, 32.457441 ], [ -91.051407, 32.437842 ], [ -91.028206, 32.433742 ], [ -90.995487, 32.450885 ], [ -90.969587, 32.439492 ], [ -90.965987, 32.420654 ], [ -90.99408, 32.403861 ], [ -91.001406, 32.379444 ], [ -90.993625, 32.354047 ], [ -90.912363, 32.339454 ], [ -90.890712, 32.372246 ], [ -90.877289, 32.366945 ], [ -90.928881, 32.293849 ], [ -90.949781, 32.283056 ], [ -90.964149, 32.296872 ], [ -90.979475, 32.293702 ], [ -90.982985, 32.270294 ], [ -90.969403, 32.25252 ], [ -90.994944, 32.193141 ], [ -91.002906, 32.22305 ], [ -91.039007, 32.242348 ], [ -91.061408, 32.21865 ], [ -91.083708, 32.22645 ], [ -91.108509, 32.20815 ], [ -91.133587, 32.213431 ], [ -91.164171, 32.196888 ], [ -91.174552, 32.154978 ], [ -91.162822, 32.132694 ], [ -91.053555, 32.124412 ], [ -91.058307, 32.180951 ], [ -91.002906, 32.162052 ], [ -91.004106, 32.146152 ], [ -91.035207, 32.100453 ], [ -91.081108, 32.078353 ], [ -91.080908, 32.047855 ], [ -91.103708, 32.050255 ], [ -91.135709, 32.080654 ], [ -91.15851, 32.072854 ], [ -91.15381, 32.050655 ], [ -91.091408, 32.036054 ], [ -91.075908, 32.016827 ], [ -91.102808, 31.990957 ], [ -91.16441, 31.982557 ], [ -91.18481, 31.965557 ], [ -91.19321, 31.935658 ], [ -91.182277, 31.915814 ], [ -91.267712, 31.86266 ], [ -91.244995, 31.832188 ], [ -91.254311, 31.813662 ], [ -91.283212, 31.815762 ], [ -91.294013, 31.86046 ], [ -91.345214, 31.843861 ], [ -91.365614, 31.760763 ], [ -91.281212, 31.772263 ], [ -91.262511, 31.766563 ], [ -91.263111, 31.754764 ], [ -91.277111, 31.744883 ], [ -91.369375, 31.746903 ], [ -91.397915, 31.709364 ], [ -91.401015, 31.620365 ], [ -91.436216, 31.612465 ], [ -91.49613, 31.64531 ], [ -91.515462, 31.630372 ], [ -91.516567, 31.611818 ], [ -91.486518, 31.586566 ], [ -91.422716, 31.597065 ], [ -91.404115, 31.585666 ], [ -91.442416, 31.543266 ], [ -91.522536, 31.522078 ], [ -91.51513, 31.449206 ], [ -91.472067, 31.397076 ], [ -91.474809, 31.368646 ], [ -91.504756, 31.36498 ], [ -91.521836, 31.37517 ], [ -91.543366, 31.432608 ], [ -91.576265, 31.410498 ], [ -91.568953, 31.377629 ], [ -91.546059, 31.382221 ], [ -91.548213, 31.346084 ], [ -91.50866, 31.315131 ], [ -91.515614, 31.27821 ], [ -91.564192, 31.261633 ], [ -91.637672, 31.26768 ], [ -91.654681, 31.253662 ], [ -91.590051, 31.193693 ], [ -91.591502, 31.173118 ], [ -91.628298, 31.124609 ], [ -91.56415, 31.06683 ], [ -91.566465, 31.035938 ], [ -91.636942, 30.999416 ], [ -91.662506, 30.970362 ], [ -91.643796, 31.025151 ], [ -91.664385, 31.044794 ], [ -91.723804, 31.044254 ], [ -91.780473, 30.986694 ], [ -91.837846, 30.999107 ], [ -91.852681, 30.974637 ], [ -91.843902, 30.962425 ], [ -91.798206, 30.975125 ], [ -91.790551, 30.915994 ], [ -91.764368, 30.923875 ], [ -91.769324, 30.869733 ], [ -91.702257, 30.857832 ], [ -91.672362, 30.877583 ], [ -91.69043, 30.848194 ], [ -91.677679, 30.806785 ], [ -91.710949, 30.814288 ], [ -91.731429, 30.785794 ], [ -91.718109, 30.757328 ], [ -91.73871, 30.724894 ], [ -91.734395, 30.690915 ], [ -91.64019, 30.621821 ], [ -91.622694, 30.603164 ], [ -91.638153, 30.607547 ], [ -91.63318, 30.588106 ], [ -91.600258, 30.578599 ], [ -91.607911, 30.604772 ], [ -91.538636, 30.60576 ], [ -91.544258, 30.576361 ], [ -91.576761, 30.554535 ], [ -91.48197, 30.552379 ], [ -91.490492, 30.536815 ], [ -91.478493, 30.524566 ], [ -91.516259, 30.497065 ], [ -91.48147, 30.497275 ], [ -91.481794, 30.51083 ], [ -91.41476, 30.511516 ], [ -91.414925, 30.535609 ], [ -91.352606, 30.51466 ], [ -91.347493, 30.468598 ], [ -91.279291, 30.468419 ], [ -91.271588, 30.499334 ], [ -91.284359, 30.515339 ], [ -91.246058, 30.535851 ], [ -91.242449, 30.549882 ], [ -91.261522, 30.571071 ], [ -91.314406, 30.578817 ], [ -91.294211, 30.641591 ], [ -91.193302, 30.654695 ], [ -91.201997, 30.612873 ], [ -91.156013, 30.602179 ], [ -91.156995, 30.587773 ], [ -91.179094, 30.583015 ], [ -91.174085, 30.558705 ], [ -91.138394, 30.542399 ], [ -91.121117, 30.559295 ], [ -91.108141, 30.529336 ], [ -91.074057, 30.513471 ], [ -91.085321, 30.504373 ], [ -91.121822, 30.518984 ], [ -91.125269, 30.510325 ], [ -91.176607, 30.516192 ], [ -91.188436, 30.532881 ], [ -91.208879, 30.534173 ], [ -91.197205, 30.506864 ], [ -91.127503, 30.497309 ], [ -91.115193, 30.480128 ], [ -91.130286, 30.479238 ], [ -91.139033, 30.45091 ], [ -91.095801, 30.452937 ], [ -91.088914, 30.443304 ], [ -91.139567, 30.436015 ], [ -91.152674, 30.401709 ], [ -91.119554, 30.393995 ], [ -91.126992, 30.371506 ], [ -91.106617, 30.360468 ], [ -91.121293, 30.364489 ], [ -91.145268, 30.34264 ], [ -91.137906, 30.317194 ], [ -91.021014, 30.321489 ], [ -91.044718, 30.251857 ], [ -91.102825, 30.253234 ], [ -91.071548, 30.260606 ], [ -91.076014, 30.280058 ], [ -91.100882, 30.261269 ], [ -91.115191, 30.270927 ], [ -91.105765, 30.253332 ], [ -91.160411, 30.20831 ], [ -91.165889, 30.177825 ], [ -91.203975, 30.236041 ], [ -91.22866, 30.235291 ], [ -91.242952, 30.205551 ], [ -91.284227, 30.187547 ], [ -91.276278, 30.126395 ], [ -91.301295, 30.140044 ], [ -91.323478, 30.138665 ], [ -91.323864, 30.127162 ], [ -91.351991, 30.164986 ], [ -91.464822, 30.12283 ], [ -91.471797, 30.186266 ], [ -91.490295, 30.201568 ], [ -91.475303, 30.229491 ], [ -91.573222, 30.246412 ], [ -91.621055, 30.309938 ], [ -91.625483, 30.354209 ], [ -91.647934, 30.365327 ], [ -91.624655, 30.394369 ], [ -91.640099, 30.442728 ], [ -91.700933, 30.497433 ], [ -91.756193, 30.497738 ], [ -91.739685, 30.453044 ], [ -91.718679, 30.448898 ], [ -91.678896, 30.394731 ], [ -91.784194, 30.400602 ], [ -91.8258, 30.45556 ], [ -91.971592, 30.439362 ], [ -91.986533, 30.423018 ], [ -91.986457, 30.407143 ], [ -91.965698, 30.410367 ], [ -91.937905, 30.395035 ], [ -91.932388, 30.414354 ], [ -91.925481, 30.398267 ], [ -91.869273, 30.417235 ], [ -91.816752, 30.397996 ], [ -91.801629, 30.361326 ], [ -91.829351, 30.359783 ], [ -91.824413, 30.344871 ], [ -91.855586, 30.336007 ], [ -91.82687, 30.32383 ], [ -91.832383, 30.313786 ], [ -91.804736, 30.307663 ], [ -91.78714, 30.280933 ], [ -91.810726, 30.280023 ], [ -91.839451, 30.306829 ], [ -91.871033, 30.288982 ], [ -91.890303, 30.293741 ], [ -91.867686, 30.275861 ], [ -91.888825, 30.264656 ], [ -91.884716, 30.243099 ], [ -91.943618, 30.226 ], [ -91.977018, 30.260699 ], [ -92.013309, 30.237722 ], [ -92.016366, 30.256975 ], [ -92.021971, 30.241779 ], [ -92.095307, 30.257844 ], [ -92.124916, 30.247215 ], [ -92.125128, 30.235211 ], [ -92.17607, 30.235396 ], [ -92.176279, 30.269923 ], [ -92.142014, 30.284523 ], [ -92.141507, 30.319704 ], [ -92.15846, 30.320791 ], [ -92.1586, 30.349736 ], [ -92.175775, 30.349572 ], [ -92.176059, 30.400471 ], [ -92.125044, 30.407855 ], [ -92.124757, 30.375535 ], [ -92.137397, 30.36425 ], [ -92.107839, 30.364218 ], [ -92.106529, 30.378014 ], [ -92.081025, 30.383854 ], [ -92.080877, 30.373336 ], [ -92.052801, 30.379075 ], [ -92.057216, 30.401395 ], [ -92.042436, 30.395969 ], [ -92.039137, 30.409988 ], [ -92.056591, 30.410509 ], [ -92.056541, 30.43196 ], [ -92.042403, 30.431957 ], [ -92.023281, 30.481976 ], [ -92.045224, 30.495596 ], [ -92.045107, 30.519926 ], [ -91.989767, 30.53988 ], [ -92.029244, 30.538125 ], [ -92.017219, 30.564195 ], [ -92.046302, 30.583784 ], [ -92.070469, 30.575173 ], [ -92.065934, 30.608511 ], [ -92.042499, 30.614694 ], [ -92.06928, 30.632817 ], [ -92.061121, 30.648625 ], [ -92.084419, 30.661156 ], [ -92.082005, 30.69068 ], [ -92.172414, 30.762461 ], [ -92.177158, 30.707472 ], [ -92.238375, 30.700837 ], [ -92.191129, 30.778372 ], [ -92.229138, 30.816896 ], [ -92.260154, 30.814845 ], [ -92.269615, 30.789429 ], [ -92.313148, 30.802863 ], [ -92.322415, 30.829363 ], [ -92.298085, 30.83656 ], [ -92.31164, 30.871291 ], [ -92.29575, 30.878242 ], [ -92.3197, 30.891894 ], [ -92.353559, 30.854067 ], [ -92.338131, 30.921314 ], [ -92.357379, 30.94102 ], [ -92.375467, 30.936403 ], [ -92.374698, 30.950527 ], [ -92.36479, 30.970883 ], [ -92.348589, 30.973526 ], [ -92.327834, 30.971969 ], [ -92.330877, 30.963236 ], [ -92.208376, 30.962221 ], [ -92.232265, 31.116243 ], [ -92.209202, 31.114166 ], [ -92.18696, 31.170897 ], [ -92.117416, 31.226669 ], [ -92.09654, 31.224643 ], [ -92.075447, 31.199226 ], [ -92.042626, 31.196957 ], [ -92.035175, 31.21486 ], [ -91.990666, 31.235632 ], [ -92.00437, 31.242989 ], [ -91.98729, 31.250183 ], [ -92.00427, 31.261989 ], [ -91.991726, 31.273536 ], [ -92.023468, 31.283793 ], [ -92.016531, 31.302445 ], [ -92.010887, 31.292424 ], [ -91.996058, 31.298143 ], [ -92.008354, 31.309952 ], [ -92.008093, 31.541024 ], [ -92.089158, 31.508891 ], [ -92.083988, 31.54755 ], [ -92.110707, 31.554181 ], [ -92.142174, 31.586132 ], [ -92.143002, 31.630938 ], [ -92.171454, 31.652451 ], [ -92.159985, 31.675001 ], [ -92.215216, 31.65409 ], [ -92.223242, 31.698908 ], [ -92.255508, 31.690787 ], [ -92.285701, 31.663002 ], [ -92.356727, 31.670056 ], [ -92.347739, 31.696584 ], [ -92.373061, 31.702844 ], [ -92.350521, 31.736058 ], [ -92.358311, 31.743573 ], [ -92.336841, 31.76055 ], [ -92.361287, 31.78136 ], [ -92.362629, 31.806898 ], [ -92.34036, 31.813482 ], [ -92.337713, 31.853973 ], [ -92.321633, 31.861583 ], [ -92.324778, 31.8869 ], [ -92.312586, 31.89618 ], [ -92.312634, 31.936567 ], [ -92.34082, 31.971314 ], [ -92.448738, 31.967342 ], [ -92.489381, 32.002133 ], [ -92.526352, 31.973636 ], [ -92.534486, 32.007573 ], [ -92.554365, 32.005769 ], [ -92.55353, 32.017752 ], [ -92.571301, 32.0152 ], [ -92.580255, 31.999033 ], [ -92.56402, 31.99509 ], [ -92.585588, 31.994033 ], [ -92.586443, 31.973481 ], [ -92.592466, 31.981644 ], [ -92.617557, 31.970852 ], [ -92.595186, 31.998419 ], [ -92.637259, 32.022542 ], [ -92.66035, 32.058557 ], [ -92.721892, 32.055123 ], [ -92.645609, 32.146721 ], [ -92.816395, 32.147666 ] ] ] } },
{ "type": "Feature", "properties": { "district_id": 3, "voting_age_pop": 559597, "lib_votes": 0, "grn_votes": 0, "con_votes": 0, "ref_votes": 0, "total_pop": 743988, "dem_votes_sum": 108209, "rep_votes_sum": 217023, "lib_votes_sum": 0, "grn_votes_sum": 0, "con_votes_sum": 0, "ref_votes_sum": 0, "minority_pop_sum": 397462, "dem_pct": 0.33271326314753774, "rep_pct": 0.6672867368524622, "lib_pct": 0.0, "grn_pct": 0.0, "con_pct": 0.0, "ref_pct": 0.0, "minority_pct": 0.53423173492045573, "compactness": 0.20460359679477771 }, "geometry": { "type": "Polygon", "coordinates": [ [ [ -91.318698, 29.208357 ], [ -91.421128, 29.302828 ], [ -91.591864, 29.359375 ], [ -91.5913, 29.507701 ], [ -91.723254, 29.661297 ], [ -91.935162, 29.672578 ], [ -91.80104, 29.77965 ], [ -91.768172, 29.76362 ], [ -91.60447, 29.758805 ], [ -91.549811, 29.81358 ], [ -91.577252, 29.82434 ], [ -91.569072, 29.838131 ], [ -91.626852, 29.863353 ], [ -91.61338, 29.893169 ], [ -91.656619, 29.908139 ], [ -91.624709, 29.945275 ], [ -91.254808, 29.971755 ], [ -91.259388, 30.0002 ], [ -91.235889, 30.001128 ], [ -91.225448, 30.042273 ], [ -91.2407, 30.02935 ], [ -91.269085, 30.059308 ], [ -91.366735, 30.054699 ], [ -91.380027, 30.096479 ], [ -91.463833, 30.102493 ], [ -91.467721, 30.121132 ], [ -91.351991, 30.164986 ], [ -91.323864, 30.127162 ], [ -91.323478, 30.138665 ], [ -91.301295, 30.140044 ], [ -91.276278, 30.126395 ], [ -91.284227, 30.187547 ], [ -91.242952, 30.205551 ], [ -91.22866, 30.235291 ], [ -91.203975, 30.236041 ], [ -91.165889, 30.177825 ], [ -91.160411, 30.20831 ], [ -91.105765, 30.253332 ], [ -91.115191, 30.270927 ], [ -91.100882, 30.261269 ], [ -91.076014, 30.280058 ], [ -91.071548, 30.260606 ], [ -91.102825, 30.253234 ], [ -91.044718, 30.251857 ], [ -91.019406, 30.319375 ], [ -91.136277, 30.315112 ], [ -91.145268, 30.34264 ], [ -91.121293, 30.364489 ], [ -91.108024, 30.358272 ], [ -91.106617, 30.360468 ], [ -91.126992, 30.371506 ], [ -91.119554, 30.393995 ], [ -91.152674, 30.401709 ], [ -91.139567, 30.436015 ], [ -91.11065, 30.43301 ], [ -91.110604, 30.442272 ], [ -91.088914, 30.443304 ], [ -91.095801, 30.452937 ], [ -91.072095, 30.456706 ], [ -91.057345, 30.436813 ], [ -91.040107, 30.442107 ], [ -91.039628, 30.431519 ], [ -91.013672, 30.422788 ], [ -91.014464, 30.414514 ], [ -91.036768, 30.419429 ], [ -91.039282, 30.393748 ], [ -90.992703, 30.355416 ], [ -90.971632, 30.353081 ], [ -90.980937, 30.390142 ], [ -90.968901, 30.393292 ], [ -90.945184, 30.392644 ], [ -90.936957, 30.363913 ], [ -90.905379, 30.36105 ], [ -90.900135, 30.347396 ], [ -90.853861, 30.373303 ], [ -90.854236, 30.395645 ], [ -90.816155, 30.397258 ], [ -90.849275, 30.445383 ], [ -90.836645, 30.473251 ], [ -90.894767, 30.466181 ], [ -90.892951, 30.485015 ], [ -90.86162, 30.48817 ], [ -90.86307, 30.51114 ], [ -90.841616, 30.501232 ], [ -90.852662, 30.649564 ], [ -90.634603, 30.649827 ], [ -90.626879, 30.616399 ], [ -90.693101, 30.529636 ], [ -90.67444, 30.500331 ], [ -90.678169, 30.435612 ], [ -90.61139, 30.4386 ], [ -90.596393, 30.476294 ], [ -90.563969, 30.478829 ], [ -90.535963, 30.474678 ], [ -90.527564, 30.438395 ], [ -90.5159, 30.45375 ], [ -90.502625, 30.449352 ], [ -90.505742, 30.47365 ], [ -90.439539, 30.432241 ], [ -90.334391, 30.443658 ], [ -90.337077, 30.405918 ], [ -90.283299, 30.379736 ], [ -90.271039, 30.347712 ], [ -90.279632, 30.338026 ], [ -90.243555, 30.363827 ], [ -90.243034, 30.224447 ], [ -90.105456, 30.191801 ], [ -90.119373, 30.036637 ], [ -90.100278, 30.004013 ], [ -90.115804, 30.005603 ], [ -90.127563, 29.987129 ], [ -90.145713, 30.002408 ], [ -90.143569, 29.980003 ], [ -90.154624, 29.977418 ], [ -90.169548, 30.021408 ], [ -90.202774, 30.028173 ], [ -90.245216, 30.009435 ], [ -90.242897, 30.036491 ], [ -90.279434, 30.042793 ], [ -90.280037, 29.991675 ], [ -90.243301, 30.006708 ], [ -90.25074, 29.981719 ], [ -90.279533, 29.967971 ], [ -90.27349, 29.92176 ], [ -90.240173, 29.862117 ], [ -90.167274, 29.81846 ], [ -90.211288, 29.730504 ], [ -90.141052, 29.74031 ], [ -90.128585, 29.758543 ], [ -90.075683, 29.77185 ], [ -90.067242, 29.738664 ], [ -90.015884, 29.674413 ], [ -90.002201, 29.623421 ], [ -89.985235, 29.618923 ], [ -89.97747, 29.449371 ], [ -89.902267, 29.292284 ], [ -89.899664, 29.155009 ], [ -90.032325, 29.135044 ], [ -90.162662, 29.051249 ], [ -90.344319, 29.003178 ], [ -90.40938, 28.99534 ], [ -90.552547, 29.036806 ], [ -90.746858, 28.988595 ], [ -90.90708, 28.991132 ], [ -90.98187, 29.009546 ], [ -91.017447, 29.038653 ], [ -91.017447, 29.082584 ], [ -90.989396, 29.106446 ], [ -90.960372, 29.111064 ], [ -90.969234, 29.118382 ], [ -91.103303, 29.138377 ], [ -91.159817, 29.168422 ], [ -91.274583, 29.189593 ], [ -91.318698, 29.208357 ] ], [ [ -90.391118942445146, 29.960036518194112 ], [ -90.383605, 29.94713 ], [ -90.383041, 29.946861 ], [ -90.391118942445146, 29.960036518194112 ] ], [ [ -90.372612, 29.941624 ], [ -90.361893, 29.938425 ], [ -90.35928762386186, 29.937637367687067 ], [ -90.369051, 29.940656 ], [ -90.372612, 29.941624 ] ], [ [ -90.35088399999988, 29.935526 ], [ -90.350884, 29.935526 ], [ -90.350854654018249, 29.935520497629003 ], [ -90.35088399999988, 29.935526 ] ], [ [ -90.344926, 29.934782 ], [ -90.349915608134552, 29.935386523379339 ], [ -90.347603, 29.935071 ], [ -90.344926, 29.934782 ] ], [ [ -90.371978, 29.945392 ], [ -90.373737, 29.942106 ], [ -90.371811285011077, 29.945745379473884 ], [ -90.371978, 29.945392 ] ], [ [ -90.464683, 29.998279 ], [ -90.454808, 29.995746 ], [ -90.442297965346896, 29.994664616287562 ], [ -90.464683, 29.998279 ] ], [ [ -90.427668771669289, 29.994297998301015 ], [ -90.437034, 29.994335 ], [ -90.440263490120742, 29.994502125322285 ], [ -90.437034, 29.994335 ], [ -90.427668771669289, 29.994297998301015 ] ], [ [ -90.42131, 29.993961 ], [ -90.414103683228603, 29.992078002943657 ], [ -90.427665, 29.994298 ], [ -90.42131, 29.993961 ] ], [ [ -90.407691, 29.989547 ], [ -90.397399, 29.978265 ], [ -90.413378399610068, 29.991830541354446 ], [ -90.407691, 29.989547 ] ], [ [ -90.397193, 29.976276 ], [ -90.397349162539726, 29.977783806038303 ], [ -90.397193, 29.976276 ], [ -90.397193, 29.976276 ] ], [ [ -90.392623, 29.976762 ], [ -90.392829, 29.977664 ], [ -90.394221467738831, 29.977221118234031 ], [ -90.392623, 29.976762 ] ], [ [ -90.391606, 29.97783 ], [ -90.391920068690098, 29.977500182778094 ], [ -90.391329993823234, 29.978129391050597 ], [ -90.391606, 29.97783 ] ], [ [ -90.38698, 29.982356 ], [ -90.388437, 29.98129 ], [ -90.386886393242335, 29.982424854999895 ], [ -90.38698, 29.982356 ] ], [ [ -90.38655, 29.982633 ], [ -90.386270462724084, 29.982692839600567 ], [ -90.386337, 29.982822 ], [ -90.38655, 29.982633 ] ], [ [ -90.385902, 29.981979 ], [ -90.385902, 29.981979 ], [ -90.385414, 29.981019 ], [ -90.385902, 29.981979 ] ], [ [ -90.384429, 29.981626 ], [ -90.384461400564277, 29.981605534614314 ], [ -90.384429, 29.981626 ], [ -90.384429, 29.981626 ] ], [ [ -90.382789, 29.983036 ], [ -90.382675717234505, 29.983123946525936 ], [ -90.383018723972313, 29.98281936619847 ], [ -90.382789, 29.983036 ] ], [ [ -90.382034, 29.983621 ], [ -90.381820303283973, 29.983764139866842 ], [ -90.382166697262193, 29.98351850286706 ], [ -90.382034, 29.983621 ] ], [ [ -90.380958, 29.984453 ], [ -90.381135860070088, 29.984288380364031 ], [ -90.381096, 29.984324 ], [ -90.380958, 29.984453 ], [ -90.380678147425428, 29.984701942089806 ], [ -90.380958, 29.984453 ] ], [ [ -90.37815, 29.986869 ], [ -90.377980605042083, 29.986994889155447 ], [ -90.378692511688257, 29.986412067135031 ], [ -90.37815, 29.986869 ] ], [ [ -90.37789118044843, 29.987060274977853 ], [ -90.3768, 29.987798 ], [ -90.377365, 29.987493 ], [ -90.37789118044843, 29.987060274977853 ] ], [ [ -90.375076, 29.988502 ], [ -90.375608543466157, 29.988296543461896 ], [ -90.374892673523831, 29.988622030124823 ], [ -90.375076, 29.988502 ] ], [ [ -90.373283, 29.988954 ], [ -90.373057008148294, 29.989054360618184 ], [ -90.374090583572084, 29.988943890338522 ], [ -90.373283, 29.988954 ] ], [ [ -90.372779, 29.989305 ], [ -90.372701860855088, 29.989416141328345 ], [ -90.372855094792541, 29.989220538818508 ], [ -90.372779, 29.989305 ] ], [ [ -90.372627, 29.989524 ], [ -90.372627, 29.989524 ], [ -90.372614133715302, 29.989532883870599 ], [ -90.372627, 29.989524 ] ], [ [ -90.372131, 29.989843 ], [ -90.372018394096358, 29.989977757991372 ], [ -90.372222384949879, 29.989788693394743 ], [ -90.372131, 29.989843 ] ], [ [ -90.371871, 29.990208 ], [ -90.37186041877662, 29.990256320941644 ], [ -90.371881103690271, 29.990161901919368 ], [ -90.371871, 29.990208 ] ], [ [ -90.369079, 29.989458 ], [ -90.37184099999989, 29.990345 ], [ -90.365753551342763, 29.988519543980878 ], [ -90.369079, 29.989458 ] ], [ [ -90.363746, 29.987953 ], [ -90.363746, 29.987953 ], [ -90.363813549214711, 29.987838955880399 ], [ -90.363746, 29.987953 ] ], [ [ -90.368156, 30.056783 ], [ -90.368156, 30.056783 ], [ -90.368194, 30.05702 ], [ -90.368156, 30.056783 ] ], [ [ -90.367744, 30.057014 ], [ -90.367454, 30.057109 ], [ -90.367811845634918, 30.057024964953136 ], [ -90.367744, 30.057014 ] ], [ [ -90.366584, 30.057243 ], [ -90.366584, 30.057243 ], [ -90.366294, 30.057426 ], [ -90.366584, 30.057243 ] ], [ [ -90.363807, 30.057636 ], [ -90.363807, 30.057636 ], [ -90.363464, 30.057706 ], [ -90.363807, 30.057636 ] ], [ [ -90.355796, 30.055942 ], [ -90.355822595062762, 30.055946347648806 ], [ -90.355796, 30.055942 ], [ -90.355796, 30.055942 ] ], [ [ -90.354949, 30.056056 ], [ -90.355513666666667, 30.055980000014575 ], [ -90.354949, 30.056056 ], [ -90.354949, 30.056056 ] ], [ [ -90.344963, 30.054056 ], [ -90.344709311255116, 30.054015164077288 ], [ -90.345721245697973, 30.054002954022291 ], [ -90.344963, 30.054056 ] ], [ [ -90.342102, 30.053873 ], [ -90.33919372760657, 30.053809561222728 ], [ -90.342731094703808, 30.053893396776417 ], [ -90.342102, 30.053873 ] ], [ [ -90.328323127524271, 30.053846998075482 ], [ -90.328784, 30.053661 ], [ -90.329309057372342, 30.053498821548803 ], [ -90.328783999999885, 30.053661 ], [ -90.328323127524271, 30.053846998075482 ] ], [ [ -90.326345909020844, 30.053526247173448 ], [ -90.326327, 30.053289 ], [ -90.326343, 30.053522 ], [ -90.326345909020844, 30.053526247173448 ] ], [ [ -90.326043, 30.053434 ], [ -90.326042999999885, 30.053434 ], [ -90.325987521399128, 30.05356807333202 ], [ -90.326043, 30.053434 ] ], [ [ -90.325541, 30.054042 ], [ -90.325540999999873, 30.054042 ], [ -90.325139, 30.054317 ], [ -90.325541, 30.054042 ] ], [ [ -90.322984, 30.054731 ], [ -90.318930845302333, 30.055731933346689 ], [ -90.324327616611399, 30.054562963205687 ], [ -90.322984, 30.054731 ] ], [ [ -90.317251, 30.056164 ], [ -90.317251, 30.056164 ], [ -90.316696, 30.056318 ], [ -90.317251, 30.056164 ] ], [ [ -90.386707544167933, 29.965634778264498 ], [ -90.386306, 29.96527 ], [ -90.386306, 29.96527 ], [ -90.386707544167933, 29.965634778264498 ] ], [ [ -90.385827, 29.965668 ], [ -90.385827, 29.965668 ], [ -90.385412503176596, 29.966013640831882 ], [ -90.385827, 29.965668 ] ], [ [ -90.384727, 29.966573 ], [ -90.384727, 29.966573 ], [ -90.384864, 29.966461 ], [ -90.384727, 29.966573 ] ], [ [ -90.383942300346533, 29.967210606276257 ], [ -90.38295171825466, 29.968014122115122 ], [ -90.383904, 29.967242 ], [ -90.383942300346533, 29.967210606276257 ] ], [ [ -90.382405, 29.968464 ], [ -90.382405, 29.968464 ], [ -90.38225304490345, 29.96858933536037 ], [ -90.382405, 29.968464 ] ], [ [ -90.381854, 29.968918 ], [ -90.381854, 29.968918 ], [ -90.381918542366506, 29.968864983072582 ], [ -90.381854, 29.968918 ] ], [ [ -90.381574, 29.969149 ], [ -90.381574, 29.969149 ], [ -90.381639858092683, 29.969094736659045 ], [ -90.381574, 29.969149 ] ], [ [ -90.380531, 29.97001 ], [ -90.380531, 29.97001 ], [ -90.380287903696285, 29.970252085796858 ], [ -90.380531, 29.97001 ] ], [ [ -90.379577, 29.969552 ], [ -90.379432, 29.969261 ], [ -90.379638, 29.969651500049796 ], [ -90.379577, 29.969552 ] ], [ [ -90.378013, 29.967731 ], [ -90.378013, 29.967731 ], [ -90.378053377892599, 29.967667404879418 ], [ -90.378013, 29.967731 ] ], [ [ -90.376892, 29.968835 ], [ -90.376892, 29.968835 ], [ -90.376905272131779, 29.968826966868193 ], [ -90.376892, 29.968835 ] ], [ [ -90.374855, 29.96976 ], [ -90.374855, 29.96976 ], [ -90.375201572691651, 29.96965340116687 ], [ -90.374855, 29.96976 ] ], [ [ -90.374549, 29.969835 ], [ -90.374549, 29.969835 ], [ -90.374649420235258, 29.969810444692204 ], [ -90.374549, 29.969835 ] ], [ [ -90.374239060071957, 29.969881479604751 ], [ -90.373535, 29.969915 ], [ -90.373832, 29.969921 ], [ -90.374239060071957, 29.969881479604751 ] ], [ [ -90.370803, 29.969688 ], [ -90.370666710498242, 29.969676986707192 ], [ -90.371109, 29.969713 ], [ -90.370803, 29.969688 ] ], [ [ -90.370398512030562, 29.969655497889548 ], [ -90.369621, 29.969608 ], [ -90.369621, 29.969608 ], [ -90.370398512030562, 29.969655497889548 ] ], [ [ -90.369071, 29.969638 ], [ -90.369071, 29.969638 ], [ -90.369589051718435, 29.969609742633754 ], [ -90.369071, 29.969638 ] ], [ [ -90.367744, 29.97009 ], [ -90.367744, 29.97009 ], [ -90.367952289938174, 29.969988395181932 ], [ -90.367744, 29.97009 ] ], [ [ -90.3666026453688, 29.969782095766668 ], [ -90.367537999999897, 29.96919 ], [ -90.367004, 29.969478 ], [ -90.366805999999897, 29.969614 ], [ -90.3666026453688, 29.969782095766668 ] ], [ [ -90.368644, 29.968826 ], [ -90.368644, 29.968826 ], [ -90.36857616265651, 29.968842115213246 ], [ -90.368644, 29.968826 ] ], [ [ -90.369461, 29.968593 ], [ -90.369460999999887, 29.968593 ], [ -90.369485197974242, 29.968715900280998 ], [ -90.369461, 29.968593 ] ], [ [ -90.367638513601079, 29.965138183268227 ], [ -90.368995, 29.967716 ], [ -90.369016793663675, 29.967755909697392 ], [ -90.368522, 29.96676 ], [ -90.36795, 29.9657 ], [ -90.367638513601079, 29.965138183268227 ] ], [ [ -90.367347, 29.964912 ], [ -90.368320898068816, 29.962709863608023 ], [ -90.367568, 29.965011 ], [ -90.367347, 29.964912 ] ], [ [ -90.368396966132849, 29.962538258469454 ], [ -90.368957, 29.960029 ], [ -90.369033, 29.959779 ], [ -90.369438, 29.958984 ], [ -90.369676496494264, 29.958398093115346 ], [ -90.369033, 29.959779 ], [ -90.368523999999866, 29.960984 ], [ -90.368396966132849, 29.962538258469454 ] ], [ [ -90.370735, 29.95594 ], [ -90.370734999999897, 29.95594 ], [ -90.37036600951842, 29.956810089037962 ], [ -90.370735, 29.95594 ] ], [ [ -90.370842200000013, 29.955692000019308 ], [ -90.370872, 29.955608 ], [ -90.370872, 29.955608 ], [ -90.370853, 29.955661 ], [ -90.370842200000013, 29.955692000019308 ] ], [ [ -90.366905, 29.954946 ], [ -90.366905, 29.954946 ], [ -90.366963122446563, 29.954843383897622 ], [ -90.366905, 29.954946 ] ], [ [ -90.364814, 29.958408 ], [ -90.364814, 29.958408 ], [ -90.364374402727918, 29.959016411494339 ], [ -90.364814, 29.958408 ] ], [ [ -90.36361607973204, 29.959921108212381 ], [ -90.362052, 29.961269 ], [ -90.362594, 29.960853 ], [ -90.363517, 29.960021 ], [ -90.36361607973204, 29.959921108212381 ] ], [ [ -90.359573, 29.96265 ], [ -90.359573, 29.96265 ], [ -90.358987267423942, 29.962861860946155 ], [ -90.359573, 29.96265 ] ], [ [ -90.356803, 29.963466 ], [ -90.356803, 29.963466 ], [ -90.357305779310806, 29.963353661091542 ], [ -90.356803, 29.963466 ] ], [ [ -90.341667, 29.965576 ], [ -90.338838849090749, 29.965976048902508 ], [ -90.354053011729832, 29.963869110124836 ], [ -90.341667, 29.965576 ] ], [ [ -90.335401669684927, 29.966715023277384 ], [ -90.337593, 29.966203 ], [ -90.336196, 29.96651 ], [ -90.335401669684927, 29.966715023277384 ] ], [ [ -90.333976, 29.967103 ], [ -90.333976, 29.967103 ], [ -90.334277410438759, 29.967017057347874 ], [ -90.333976, 29.967103 ] ], [ [ -90.331118775667434, 29.968073947984909 ], [ -90.328926, 29.969015 ], [ -90.328926, 29.969015 ], [ -90.331118775667434, 29.968073947984909 ] ], [ [ -90.381584, 29.950477 ], [ -90.382202130316955, 29.948942932855815 ], [ -90.381371208651444, 29.951002449091845 ], [ -90.381584, 29.950477 ] ], [ [ -90.380682, 29.952482 ], [ -90.38068204291416, 29.952481907466353 ], [ -90.380681598707511, 29.952482865948713 ], [ -90.380682, 29.952482 ] ], [ [ -90.380377540994118, 29.953138444476739 ], [ -90.380289, 29.95333 ], [ -90.380265937336702, 29.95338004602138 ], [ -90.380377540994118, 29.953138444476739 ] ], [ [ -90.378623, 29.959415 ], [ -90.378831650091996, 29.959017348168427 ], [ -90.378606, 29.959453500022335 ], [ -90.378623, 29.959415 ] ], [ [ -90.378092, 29.960574 ], [ -90.378187014352463, 29.960383971295663 ], [ -90.377889462854412, 29.960977640659628 ], [ -90.378092, 29.960574 ] ], [ [ -90.376731, 29.963262 ], [ -90.376846010467887, 29.963040578419463 ], [ -90.376720740740225, 29.963281004867206 ], [ -90.376731, 29.963262 ] ], [ [ -90.375335, 29.961185 ], [ -90.376548, 29.963602 ], [ -90.376548, 29.963602 ], [ -90.375335, 29.961185 ] ], [ [ -90.371551, 29.955907 ], [ -90.371551, 29.955907 ], [ -90.371536, 29.956064 ], [ -90.371551, 29.955907 ] ], [ [ -90.371133, 29.94703 ], [ -90.371133, 29.94703 ], [ -90.370983606403399, 29.947299899006122 ], [ -90.371133, 29.94703 ] ], [ [ -90.373942, 29.948692 ], [ -90.372093, 29.947866 ], [ -90.370931786997545, 29.947490759891316 ], [ -90.373942, 29.948692 ] ], [ [ -90.373832, 29.948938 ], [ -90.373831999999894, 29.948938 ], [ -90.37380371125397, 29.949070219194034 ], [ -90.373832, 29.948938 ] ], [ [ -90.373855, 29.949827 ], [ -90.373781723151254, 29.949188355298613 ], [ -90.373770999999891, 29.949277 ], [ -90.373779, 29.949361 ], [ -90.373855, 29.949827 ] ], [ [ -90.373603, 29.950483 ], [ -90.373602999999889, 29.950483 ], [ -90.37343241953343, 29.950924742706675 ], [ -90.373603, 29.950483 ] ], [ [ -90.372037, 29.954626 ], [ -90.372795, 29.952596 ], [ -90.372527999999875, 29.953277 ], [ -90.372037, 29.954626 ] ], [ [ -90.371986, 29.954765 ], [ -90.371662176145151, 29.955613919869904 ], [ -90.372037, 29.954626 ], [ -90.371986, 29.954765 ] ], [ [ -90.363494, 29.952346 ], [ -90.363494, 29.952346 ], [ -90.363289219606145, 29.952259062295891 ], [ -90.363494, 29.952346 ] ], [ [ -90.349512, 29.946349 ], [ -90.347841666986881, 29.945624087928419 ], [ -90.349711474977781, 29.94646594584464 ], [ -90.349512, 29.946349 ] ], [ [ -90.344215, 29.93847 ], [ -90.344260090680805, 29.938067402025442 ], [ -90.344200410286888, 29.938539839360384 ], [ -90.344215, 29.93847 ] ], [ [ -90.389734313860217, 29.961007114091547 ], [ -90.389659, 29.961922 ], [ -90.389632, 29.961799 ], [ -90.389495, 29.961175 ], [ -90.389734313860217, 29.961007114091547 ] ], [ [ -90.387512646374049, 29.965240865510239 ], [ -90.389937999999859, 29.963245 ], [ -90.389423999999877, 29.963667 ], [ -90.388059, 29.96479 ], [ -90.387786, 29.965015 ], [ -90.387731, 29.965061 ], [ -90.387512646374049, 29.965240865510239 ] ], [ [ -90.377998, 29.966451 ], [ -90.377998, 29.966451 ], [ -90.377997236923719, 29.966449495966593 ], [ -90.377998, 29.966451 ] ], [ [ -90.378036, 29.9703 ], [ -90.375579508478395, 29.97210923269704 ], [ -90.378036, 29.9703 ], [ -90.379287, 29.969308 ], [ -90.379337878901211, 29.969302838372379 ], [ -90.379286999999849, 29.969308 ], [ -90.378036, 29.9703 ] ], [ [ -90.364799, 29.986175 ], [ -90.364799, 29.986175 ], [ -90.364915265536297, 29.986059687533459 ], [ -90.364799, 29.986175 ] ], [ [ -90.365905, 29.986282 ], [ -90.365634419528064, 29.986172449569779 ], [ -90.365905, 29.986282 ], [ -90.365905, 29.986282 ] ], [ [ -90.367847, 29.984756 ], [ -90.374737157373858, 29.978927115572635 ], [ -90.366884663883553, 29.985569995884585 ], [ -90.367847, 29.984756 ] ], [ [ -90.375915017126545, 29.977930370225788 ], [ -90.376172904797642, 29.977711602790638 ], [ -90.376132, 29.977746 ], [ -90.375915017126545, 29.977930370225788 ] ], [ [ -90.376296, 29.977647 ], [ -90.377630288026396, 29.976642070547513 ], [ -90.376281998571912, 29.9776526005714 ], [ -90.376296, 29.977647 ] ], [ [ -90.377784, 29.976242 ], [ -90.377784, 29.976242 ], [ -90.377014, 29.974832 ], [ -90.375943, 29.972872 ], [ -90.375870844746416, 29.97273908250256 ], [ -90.375942999999893, 29.972872 ], [ -90.377784, 29.976242 ] ], [ [ -90.375778, 29.972568 ], [ -90.375778, 29.972568 ], [ -90.375785202704819, 29.972581279990052 ], [ -90.375778, 29.972568 ] ], [ [ -90.331588, 29.974067 ], [ -90.331588, 29.974067 ], [ -90.329944038753624, 29.970947085851506 ], [ -90.331588, 29.974067 ] ], [ [ -90.338867, 29.98081 ], [ -90.339554071101674, 29.981009397055701 ], [ -90.338712459300467, 29.98076504977875 ], [ -90.338867, 29.98081 ] ], [ [ -90.341789, 29.981658 ], [ -90.34177954218859, 29.981704859171163 ], [ -90.341789, 29.981658 ], [ -90.341789, 29.981658 ] ], [ [ -90.341659, 29.982184 ], [ -90.341652902104087, 29.982208301938886 ], [ -90.341659985490637, 29.982180390111036 ], [ -90.341659, 29.982184 ] ], [ [ -90.341583, 29.98249 ], [ -90.34151242491015, 29.982780027639649 ], [ -90.34158648284091, 29.982474762572458 ], [ -90.341583, 29.98249 ] ], [ [ -90.340423, 29.98726 ], [ -90.340304456318094, 29.987733998406728 ], [ -90.340523268297758, 29.986847588750333 ], [ -90.340423, 29.98726 ] ], [ [ -90.334922, 30.007678 ], [ -90.334411234322545, 30.009590004578762 ], [ -90.335877085656563, 30.004409487770076 ], [ -90.334922, 30.007678 ] ], [ [ -90.333244, 30.017429 ], [ -90.33316484726906, 30.018195225989512 ], [ -90.333334192158645, 30.015920133590246 ], [ -90.333244, 30.017429 ] ], [ [ -90.332443, 30.021541 ], [ -90.332256241711164, 30.022030621846557 ], [ -90.332783477479722, 30.020203692227227 ], [ -90.332443, 30.021541 ] ], [ [ -90.330986, 30.025587 ], [ -90.330993201509884, 30.025631191103688 ], [ -90.330981168348089, 30.025461377102644 ], [ -90.330986, 30.025587 ] ], [ [ -90.331207, 30.02588 ], [ -90.331222869060014, 30.025919672657096 ], [ -90.331180033268495, 30.025862968380675 ], [ -90.331207, 30.02588 ] ], [ [ -90.331222, 30.026027 ], [ -90.331185994663812, 30.026054477756727 ], [ -90.331222, 30.026027 ], [ -90.331222, 30.026027 ] ], [ [ -90.330859044033545, 30.025943507987748 ], [ -90.330955, 30.025957 ], [ -90.330871, 30.025939 ], [ -90.330859044033545, 30.025943507987748 ] ], [ [ -90.330656243354085, 30.026124231616905 ], [ -90.330543, 30.026176 ], [ -90.330543, 30.026176 ], [ -90.330656243354085, 30.026124231616905 ] ], [ [ -90.33049, 30.026243 ], [ -90.330489839460455, 30.026245588701691 ], [ -90.330516061235315, 30.026210054670418 ], [ -90.33049, 30.026243 ] ], [ [ -90.330398, 30.026424 ], [ -90.330398, 30.026424 ], [ -90.330462285530984, 30.026384204197523 ], [ -90.330398, 30.026424 ] ], [ [ -90.330223, 30.026792 ], [ -90.330233545272975, 30.026858626976175 ], [ -90.330262679650374, 30.026760776671196 ], [ -90.330223, 30.026792 ] ], [ [ -90.330140575586739, 30.027053399120057 ], [ -90.330123, 30.027074 ], [ -90.330123, 30.027074 ], [ -90.330140575586739, 30.027053399120057 ] ], [ [ -90.323763, 30.040958 ], [ -90.323548304299749, 30.041357364297124 ], [ -90.323927909581627, 30.040579807128026 ], [ -90.323763, 30.040958 ] ], [ [ -90.321782, 30.045179 ], [ -90.320915303548375, 30.047065883438691 ], [ -90.321819508965646, 30.04509736306499 ], [ -90.321782, 30.045179 ] ], [ [ -90.318439, 30.052487 ], [ -90.3182976396063, 30.052797426836321 ], [ -90.319375158154855, 30.050431333627852 ], [ -90.318439, 30.052487 ] ], [ [ -90.39698, 30.073169 ], [ -90.39698, 30.073169 ], [ -90.396681120273016, 30.072990355848095 ], [ -90.39698, 30.073169 ] ], [ [ -90.375236, 30.060571 ], [ -90.375208378842856, 30.060550162993579 ], [ -90.375236, 30.060571 ], [ -90.375236, 30.060571 ] ], [ [ -90.373847, 30.059095 ], [ -90.373199, 30.058971 ], [ -90.373199, 30.058971 ], [ -90.373847, 30.059095 ] ], [ [ -90.371166613916657, 30.05757917059848 ], [ -90.371154, 30.057464 ], [ -90.371154, 30.057464 ], [ -90.371166613916657, 30.05757917059848 ] ], [ [ -90.370407, 30.057262 ], [ -90.370407, 30.057262 ], [ -90.370139629266518, 30.057581745512657 ], [ -90.370407, 30.057262 ] ], [ [ -90.463782999999893, 30.000156 ], [ -90.463783, 30.000156 ], [ -90.464514294345037, 29.998630847719504 ], [ -90.463782999999893, 30.000156 ] ], [ [ -90.46405, 30.001256 ], [ -90.464070541535946, 30.001271541301435 ], [ -90.46405, 30.001256 ], [ -90.46405, 30.001256 ] ], [ [ -90.463829, 30.001132 ], [ -90.463829, 30.001132 ], [ -90.46377342949198, 30.001113697021164 ], [ -90.463829, 30.001132 ] ], [ [ -90.463111, 30.001016 ], [ -90.463110999999827, 30.001016 ], [ -90.463028217807718, 30.001036695548077 ], [ -90.463111, 30.001016 ] ], [ [ -90.462944, 30.001092 ], [ -90.462944, 30.001092 ], [ -90.463027, 30.001037 ], [ -90.462944, 30.001092 ] ], [ [ -90.462829, 30.001701 ], [ -90.462829, 30.001701 ], [ -90.462629417501546, 30.002073049238351 ], [ -90.462829, 30.001701 ] ], [ [ -90.462615, 30.002475 ], [ -90.462615, 30.002475 ], [ -90.46247549542656, 30.002544945552724 ], [ -90.462615, 30.002475 ] ], [ [ -90.462081, 30.002466 ], [ -90.462081, 30.002466 ], [ -90.462028166110088, 30.002422455592125 ], [ -90.462081, 30.002466 ] ], [ [ -90.46199, 30.002391 ], [ -90.46199, 30.002391 ], [ -90.461988285131511, 30.002385626746538 ], [ -90.46199, 30.002391 ] ], [ [ -90.462417, 30.00155 ], [ -90.462417, 30.00155 ], [ -90.462425055242747, 30.001516458534635 ], [ -90.462417, 30.00155 ] ], [ [ -90.462126346916847, 30.00093229424284 ], [ -90.462196, 30.000942 ], [ -90.462196, 30.000942 ], [ -90.462126346916847, 30.00093229424284 ] ], [ [ -90.460273, 30.000551 ], [ -90.459891999999897, 30.002264 ], [ -90.459892, 30.002264 ], [ -90.460273, 30.000551 ] ], [ [ -90.457763, 30.001657 ], [ -90.457763, 30.001657 ], [ -90.457000449779059, 30.001597470064432 ], [ -90.457763, 30.001657 ] ], [ [ -90.455856, 30.001611 ], [ -90.455856, 30.001611 ], [ -90.455417728221306, 30.002121217670915 ], [ -90.455856, 30.001611 ] ], [ [ -90.454071, 30.003053 ], [ -90.454071, 30.003053 ], [ -90.453963216427994, 30.003185656722245 ], [ -90.454071, 30.003053 ] ], [ [ -90.453520999999796, 30.004724 ], [ -90.452415, 30.010761 ], [ -90.453927783811181, 30.003260670806846 ], [ -90.453520999999796, 30.004724 ] ], [ [ -90.452415, 30.010761 ], [ -90.450964999999854, 30.018352 ], [ -90.448151196828235, 30.021557109092345 ], [ -90.452415, 30.010761 ] ], [ [ -90.447948867729707, 30.02157968136337 ], [ -90.443114031369575, 30.026868824952494 ], [ -90.445396, 30.024436 ], [ -90.447948867729707, 30.02157968136337 ] ], [ [ -90.438140035744325, 30.032982184890816 ], [ -90.442039, 30.028015 ], [ -90.438423, 30.032447 ], [ -90.438140035744325, 30.032982184890816 ] ], [ [ -90.435005, 30.036378 ], [ -90.435005, 30.036378 ], [ -90.434946810039747, 30.036444330576032 ], [ -90.435005, 30.036378 ] ], [ [ -90.434104, 30.037401 ], [ -90.434104, 30.037401 ], [ -90.434030419578363, 30.03777567927553 ], [ -90.434104, 30.037401 ] ], [ [ -90.432937, 30.039054 ], [ -90.432937, 30.039054 ], [ -90.432175609044748, 30.039930484505863 ], [ -90.432937, 30.039054 ] ], [ [ -90.427570228608985, 30.045275807142339 ], [ -90.416366, 30.058235 ], [ -90.412239, 30.063016 ], [ -90.420585, 30.053388 ], [ -90.427570228608985, 30.045275807142339 ] ], [ [ -90.407218, 30.068807 ], [ -90.407218, 30.068807 ], [ -90.40552598654169, 30.070782028162814 ], [ -90.407218, 30.068807 ] ], [ [ -90.402664, 30.074096 ], [ -90.402663999999874, 30.074096 ], [ -90.40259491927452, 30.074137335194781 ], [ -90.402664, 30.074096 ] ], [ [ -90.40126, 30.073286 ], [ -90.40126, 30.073286 ], [ -90.401074429487281, 30.073183213136257 ], [ -90.40126, 30.073286 ] ], [ [ -90.399482, 30.072158 ], [ -90.399192, 30.072498 ], [ -90.399482, 30.072158 ], [ -90.399482, 30.072158 ] ], [ [ -90.398774227591502, 30.072859200165741 ], [ -90.398704, 30.073118 ], [ -90.39862, 30.073005 ], [ -90.398774227591502, 30.072859200165741 ] ] ] } },
{ "type": "Feature", "properties": { "district_id": 4, "voting_age_pop": 564109, "lib_votes": 0, "grn_votes": 0, "con_votes": 0, "ref_votes": 0, "total_pop": 752959, "dem_votes_sum": 113602, "rep_votes_sum": 190955, "lib_votes_sum": 0, "grn_votes_sum": 0, "con_votes_sum": 0, "ref_votes_sum": 0, "minority_pop_sum": 499863, "dem_pct": 0.37300735166159371, "rep_pct": 0.62699264833840629, "lib_pct": 0.0, "grn_pct": 0.0, "con_pct": 0.0, "ref_pct": 0.0, "minority_pct": 0.66386483194968116, "compactness": 0.1695506204267466 }, "geometry": { "type": "Polygon", "coordinates": [ [ [ -93.825894, 31.766574 ], [ -93.839343, 31.80033 ], [ -93.873253, 31.814886 ], [ -93.889396, 31.8559 ], [ -93.881678, 31.868581 ], [ -93.901676, 31.87457 ], [ -93.900616, 31.896788 ], [ -93.93119, 31.891495 ], [ -93.928651, 31.912645 ], [ -93.97171, 31.920386 ], [ -94.018514, 31.992432 ], [ -94.042566, 31.993502 ], [ -94.042964, 33.019219 ], [ -93.392917, 33.0183 ], [ -93.398379, 32.972782 ], [ -93.369631, 32.931392 ], [ -93.394104, 32.900942 ], [ -93.359751, 32.8746 ], [ -93.356009, 32.84599 ], [ -93.328488, 32.820273 ], [ -93.346101, 32.759672 ], [ -93.256549, 32.772329 ], [ -93.237988, 32.752934 ], [ -93.237381, 32.71625 ], [ -93.186571, 32.716755 ], [ -93.186422, 32.68712 ], [ -93.222053, 32.6498 ], [ -93.234188, 32.665822 ], [ -93.25794, 32.664323 ], [ -93.298769, 32.627448 ], [ -93.291236, 32.611019 ], [ -93.253243, 32.602238 ], [ -93.25878, 32.619604 ], [ -93.249833, 32.636296 ], [ -93.235854, 32.636355 ], [ -93.245615, 32.629371 ], [ -93.231459, 32.628295 ], [ -93.195174, 32.568883 ], [ -93.227764, 32.576378 ], [ -93.220667, 32.528957 ], [ -93.23969, 32.52649 ], [ -93.236693, 32.411506 ], [ -93.156574, 32.405864 ], [ -93.146916, 32.436008 ], [ -93.087364, 32.464659 ], [ -93.056151, 32.459884 ], [ -93.05818, 32.4291 ], [ -93.02779, 32.40999 ], [ -92.997031, 32.43247 ], [ -92.9735, 32.42025 ], [ -92.953086, 32.398881 ], [ -92.961019, 32.359979 ], [ -92.911802, 32.371182 ], [ -92.902491, 32.349615 ], [ -92.841102, 32.371721 ], [ -92.794898, 32.366951 ], [ -92.774562, 32.350741 ], [ -92.773173, 32.235984 ], [ -92.800963, 32.210725 ], [ -92.798816, 32.181325 ], [ -92.821135, 32.151128 ], [ -92.645609, 32.146721 ], [ -92.72185, 32.054988 ], [ -92.66035, 32.058557 ], [ -92.637259, 32.022542 ], [ -92.595186, 31.998419 ], [ -92.617557, 31.970852 ], [ -92.592466, 31.981644 ], [ -92.586443, 31.973481 ], [ -92.585588, 31.994033 ], [ -92.56402, 31.99509 ], [ -92.580255, 31.999033 ], [ -92.571301, 32.0152 ], [ -92.55353, 32.017752 ], [ -92.554365, 32.005769 ], [ -92.534486, 32.007573 ], [ -92.526352, 31.973636 ], [ -92.489381, 32.002133 ], [ -92.448738, 31.967342 ], [ -92.341658, 31.971552 ], [ -92.328479, 31.960941 ], [ -92.312634, 31.936567 ], [ -92.312586, 31.89618 ], [ -92.324778, 31.8869 ], [ -92.321633, 31.861583 ], [ -92.337713, 31.853973 ], [ -92.34036, 31.813482 ], [ -92.362629, 31.806898 ], [ -92.361287, 31.78136 ], [ -92.336886, 31.759989 ], [ -92.358311, 31.743573 ], [ -92.350251, 31.736811 ], [ -92.373055, 31.702237 ], [ -92.348195, 31.697186 ], [ -92.356727, 31.670056 ], [ -92.337747, 31.661776 ], [ -92.285586, 31.663034 ], [ -92.255611, 31.690726 ], [ -92.226216, 31.699207 ], [ -92.215216, 31.65409 ], [ -92.159985, 31.675001 ], [ -92.171454, 31.652451 ], [ -92.143002, 31.630938 ], [ -92.142174, 31.586132 ], [ -92.110707, 31.554181 ], [ -92.083988, 31.54755 ], [ -92.089158, 31.508891 ], [ -92.008093, 31.541024 ], [ -92.008354, 31.309952 ], [ -91.996058, 31.298143 ], [ -92.010887, 31.292424 ], [ -92.016531, 31.302445 ], [ -92.023468, 31.283793 ], [ -91.991726, 31.273536 ], [ -92.00427, 31.261989 ], [ -91.98729, 31.250183 ], [ -92.00437, 31.242989 ], [ -91.990666, 31.235632 ], [ -92.035175, 31.21486 ], [ -92.042626, 31.196957 ], [ -92.075447, 31.199226 ], [ -92.09654, 31.224643 ], [ -92.117416, 31.226669 ], [ -92.18696, 31.170897 ], [ -92.209202, 31.114166 ], [ -92.232265, 31.116243 ], [ -92.208376, 30.962221 ], [ -92.330877, 30.963236 ], [ -92.327834, 30.971969 ], [ -92.348589, 30.973526 ], [ -92.36479, 30.970883 ], [ -92.385705, 30.93451 ], [ -92.401147, 30.946417 ], [ -92.423504, 30.942041 ], [ -92.433865, 30.970986 ], [ -92.48033, 30.952271 ], [ -92.482706, 30.913795 ], [ -92.519018, 30.893072 ], [ -92.548091, 30.90313 ], [ -92.665628, 30.901704 ], [ -92.682029, 30.928295 ], [ -92.673517, 30.996717 ], [ -92.824167, 30.973825 ], [ -92.828045, 31.062422 ], [ -92.833662, 31.056311 ], [ -92.85927, 31.078989 ], [ -92.867564, 31.067389 ], [ -92.97403, 31.159074 ], [ -92.98751, 31.138178 ], [ -92.975436, 31.12224 ], [ -92.989715, 31.076353 ], [ -92.968012, 31.035306 ], [ -92.92181, 31.002881 ], [ -92.950085, 31.003025 ], [ -92.954291, 30.966885 ], [ -92.978074, 30.999961 ], [ -92.997734, 30.985686 ], [ -92.996616, 30.957752 ], [ -92.973376, 30.943447 ], [ -93.025058, 30.933089 ], [ -93.012625, 30.878492 ], [ -93.124935, 30.878147 ], [ -93.123537, 30.859067 ], [ -93.097745, 30.859038 ], [ -93.084831, 30.833397 ], [ -93.150445, 30.833596 ], [ -93.150352, 30.802956 ], [ -93.242149, 30.82473 ], [ -93.258103, 30.817623 ], [ -93.248505, 30.803114 ], [ -93.299744, 30.796224 ], [ -93.284227, 30.779034 ], [ -93.283981, 30.737333 ], [ -93.317361, 30.737338 ], [ -93.329789, 30.714902 ], [ -93.335597, 30.660854 ], [ -93.347002, 30.657097 ], [ -93.335897, 30.606597 ], [ -93.378777, 30.606047 ], [ -93.396599, 30.591545 ], [ -93.405807, 30.617086 ], [ -93.424446, 30.620106 ], [ -93.488533, 30.59347 ], [ -93.476487, 30.617858 ], [ -93.48695, 30.640496 ], [ -93.557677, 30.63745 ], [ -93.571616, 30.628051 ], [ -93.572946, 30.588179 ], [ -93.600413, 30.585555 ], [ -93.599412, 30.573658 ], [ -93.581112, 30.572216 ], [ -93.587616, 30.537251 ], [ -93.660538, 30.541086 ], [ -93.684402, 30.534058 ], [ -93.682284, 30.506634 ], [ -93.702462, 30.518273 ], [ -93.711705, 30.510754 ], [ -93.707683, 30.521337 ], [ -93.740253, 30.539569 ], [ -93.72876, 30.545296 ], [ -93.727844, 30.57407 ], [ -93.678949, 30.593637 ], [ -93.682972, 30.641251 ], [ -93.629887, 30.679935 ], [ -93.617229, 30.71858 ], [ -93.605391, 30.717159 ], [ -93.617719, 30.728897 ], [ -93.614346, 30.760195 ], [ -93.592101, 30.763675 ], [ -93.583775, 30.801779 ], [ -93.56298, 30.806009 ], [ -93.554433, 30.823524 ], [ -93.568717, 30.844182 ], [ -93.558616, 30.869424 ], [ -93.57408, 30.884529 ], [ -93.549202, 30.897439 ], [ -93.558562, 30.913238 ], [ -93.526013, 30.937535 ], [ -93.531758, 30.958217 ], [ -93.573537, 30.971206 ], [ -93.564299, 30.9897 ], [ -93.578207, 30.999995 ], [ -93.566561, 31.013057 ], [ -93.539184, 31.008212 ], [ -93.508039, 31.031532 ], [ -93.531628, 31.053627 ], [ -93.518912, 31.061863 ], [ -93.527645, 31.07451 ], [ -93.552205, 31.078931 ], [ -93.549262, 31.090412 ], [ -93.563746, 31.094522 ], [ -93.539366, 31.115207 ], [ -93.5487, 31.155839 ], [ -93.536481, 31.158471 ], [ -93.532545, 31.183314 ], [ -93.549984, 31.186627 ], [ -93.589119, 31.165889 ], [ -93.607243, 31.204806 ], [ -93.596273, 31.22951 ], [ -93.618107, 31.232685 ], [ -93.620343, 31.271025 ], [ -93.642516, 31.269508 ], [ -93.687278, 31.306068 ], [ -93.668439, 31.353012 ], [ -93.639222, 31.37202 ], [ -93.670999, 31.366221 ], [ -93.674117, 31.397681 ], [ -93.704879, 31.410881 ], [ -93.692526, 31.438201 ], [ -93.709512, 31.442025 ], [ -93.703934, 31.455493 ], [ -93.749476, 31.46869 ], [ -93.752387, 31.48274 ], [ -93.722596, 31.492769 ], [ -93.711046, 31.512161 ], [ -93.742693, 31.515694 ], [ -93.747437, 31.530682 ], [ -93.787687, 31.527344 ], [ -93.834918, 31.586212 ], [ -93.838057, 31.606795 ], [ -93.818717, 31.614556 ], [ -93.82717, 31.620276 ], [ -93.811516, 31.647435 ], [ -93.826462, 31.666919 ], [ -93.794462, 31.70332 ], [ -93.81691, 31.70828 ], [ -93.81493, 31.728688 ], [ -93.836884, 31.750171 ], [ -93.825894, 31.766574 ] ] ] } },
{ "type": "Feature", "properties": { "district_id": 5, "voting_age_pop": 569780, "lib_votes": 0, "grn_votes": 0, "con_votes": 0, "ref_votes": 0, "total_pop": 766246, "dem_votes_sum": 99757, "rep_votes_sum": 234518, "lib_votes_sum": 0, "grn_votes_sum": 0, "con_votes_sum": 0, "ref_votes_sum": 0, "minority_pop_sum": 375782, "dem_pct": 0.29842794106648718, "rep_pct": 0.70157205893351282, "lib_pct": 0.0, "grn_pct": 0.0, "con_pct": 0.0, "ref_pct": 0.0, "minority_pct": 0.49041952584418058, "compactness": 0.17118207726379117 }, "geometry": { "type": "Polygon", "coordinates": [ [ [ -93.287354, 29.724331 ], [ -93.343538, 29.695085 ], [ -93.387246, 29.713771 ], [ -93.487754, 29.717811 ], [ -93.711547, 29.690347 ], [ -93.770147, 29.670825 ], [ -93.77036, 29.623924 ], [ -93.814351, 29.596576 ], [ -93.837412, 29.689885 ], [ -93.87002, 29.735482 ], [ -93.891637, 29.744618 ], [ -93.893863, 29.767294 ], [ -93.926504, 29.78956 ], [ -93.927992, 29.80964 ], [ -93.838374, 29.882853 ], [ -93.788599, 29.988836 ], [ -93.741078, 30.021571 ], [ -93.717884, 30.065554 ], [ -93.711074, 30.054391 ], [ -93.699516, 30.058578 ], [ -93.734085, 30.08613 ], [ -93.724005, 30.082626 ], [ -93.70121, 30.137458 ], [ -93.688205, 30.141357 ], [ -93.697737, 30.152946 ], [ -93.709508, 30.146672 ], [ -93.699953, 30.175529 ], [ -93.721259, 30.209611 ], [ -93.703099, 30.238459 ], [ -93.704584, 30.289949 ], [ -93.742424, 30.301139 ], [ -93.751676, 30.329347 ], [ -93.765851, 30.333105 ], [ -93.750979, 30.359899 ], [ -93.757668, 30.390441 ], [ -93.722749, 30.419557 ], [ -93.726106, 30.43072 ], [ -93.718051, 30.422579 ], [ -93.698135, 30.43888 ], [ -93.717421, 30.483822 ], [ -93.703949, 30.518294 ], [ -93.682284, 30.506634 ], [ -93.684402, 30.534058 ], [ -93.660179, 30.541159 ], [ -93.587616, 30.537251 ], [ -93.581112, 30.572216 ], [ -93.599412, 30.573658 ], [ -93.600413, 30.585555 ], [ -93.572946, 30.588179 ], [ -93.571616, 30.628051 ], [ -93.544266, 30.640846 ], [ -93.48695, 30.640496 ], [ -93.476487, 30.617858 ], [ -93.488533, 30.59347 ], [ -93.424446, 30.620106 ], [ -93.405807, 30.617086 ], [ -93.396599, 30.591545 ], [ -93.378777, 30.606047 ], [ -93.335897, 30.606597 ], [ -93.347002, 30.657097 ], [ -93.335597, 30.660854 ], [ -93.329789, 30.714902 ], [ -93.317361, 30.737338 ], [ -93.283981, 30.737333 ], [ -93.284227, 30.779034 ], [ -93.299744, 30.796224 ], [ -93.248505, 30.803114 ], [ -93.258103, 30.817623 ], [ -93.242149, 30.82473 ], [ -93.150352, 30.802956 ], [ -93.150445, 30.833596 ], [ -93.084831, 30.833397 ], [ -93.097745, 30.859038 ], [ -93.123537, 30.859067 ], [ -93.124935, 30.878147 ], [ -93.012625, 30.878492 ], [ -93.025058, 30.933089 ], [ -92.973376, 30.943447 ], [ -92.996616, 30.957752 ], [ -92.997734, 30.985686 ], [ -92.978074, 30.999961 ], [ -92.954291, 30.966885 ], [ -92.950085, 31.003025 ], [ -92.92181, 31.002881 ], [ -92.968012, 31.035306 ], [ -92.989715, 31.076353 ], [ -92.975436, 31.12224 ], [ -92.98751, 31.138178 ], [ -92.97403, 31.159074 ], [ -92.867564, 31.067389 ], [ -92.85927, 31.078989 ], [ -92.833662, 31.056311 ], [ -92.828045, 31.062422 ], [ -92.824167, 30.973825 ], [ -92.673517, 30.996717 ], [ -92.682029, 30.928295 ], [ -92.665628, 30.901704 ], [ -92.548091, 30.90313 ], [ -92.519018, 30.893072 ], [ -92.482706, 30.913795 ], [ -92.48033, 30.952271 ], [ -92.431149, 30.97094 ], [ -92.423401, 30.941984 ], [ -92.357379, 30.94102 ], [ -92.338335, 30.921848 ], [ -92.353501, 30.85402 ], [ -92.3197, 30.891894 ], [ -92.29575, 30.878242 ], [ -92.31164, 30.871291 ], [ -92.298085, 30.83656 ], [ -92.322415, 30.829363 ], [ -92.313091, 30.802813 ], [ -92.269615, 30.789429 ], [ -92.260154, 30.814845 ], [ -92.229138, 30.816896 ], [ -92.191129, 30.778372 ], [ -92.238375, 30.700837 ], [ -92.177158, 30.707472 ], [ -92.172414, 30.762461 ], [ -92.082799, 30.691877 ], [ -92.084419, 30.661156 ], [ -92.061121, 30.648625 ], [ -92.06928, 30.632817 ], [ -92.042499, 30.614694 ], [ -92.065934, 30.608511 ], [ -92.070469, 30.575173 ], [ -92.055611, 30.573733 ], [ -92.051767, 30.584429 ], [ -92.046302, 30.583784 ], [ -92.017219, 30.564195 ], [ -92.029244, 30.538125 ], [ -91.989684, 30.539379 ], [ -92.045107, 30.519926 ], [ -92.045224, 30.495596 ], [ -92.023281, 30.481976 ], [ -92.042403, 30.431957 ], [ -92.056541, 30.43196 ], [ -92.056591, 30.410509 ], [ -92.039137, 30.409988 ], [ -92.042436, 30.395969 ], [ -92.057216, 30.401395 ], [ -92.052801, 30.379075 ], [ -92.080877, 30.373336 ], [ -92.081025, 30.383854 ], [ -92.106529, 30.378014 ], [ -92.107839, 30.364218 ], [ -92.137397, 30.36425 ], [ -92.124757, 30.375535 ], [ -92.125044, 30.407855 ], [ -92.176059, 30.400471 ], [ -92.175775, 30.349572 ], [ -92.1586, 30.349736 ], [ -92.15846, 30.320791 ], [ -92.141507, 30.319704 ], [ -92.142014, 30.284523 ], [ -92.176279, 30.269923 ], [ -92.17607, 30.235396 ], [ -92.125128, 30.235211 ], [ -92.124916, 30.247215 ], [ -92.095307, 30.257844 ], [ -92.021971, 30.241779 ], [ -92.016366, 30.256975 ], [ -92.013309, 30.237722 ], [ -91.977018, 30.260699 ], [ -91.943618, 30.226 ], [ -91.884716, 30.243099 ], [ -91.888825, 30.264656 ], [ -91.867686, 30.275861 ], [ -91.890303, 30.293741 ], [ -91.871033, 30.288982 ], [ -91.839451, 30.306829 ], [ -91.810726, 30.280023 ], [ -91.78714, 30.280933 ], [ -91.804736, 30.307663 ], [ -91.832383, 30.313786 ], [ -91.82687, 30.32383 ], [ -91.855586, 30.336007 ], [ -91.824413, 30.344871 ], [ -91.829351, 30.359783 ], [ -91.801629, 30.361326 ], [ -91.816752, 30.397996 ], [ -91.869273, 30.417235 ], [ -91.925481, 30.398267 ], [ -91.92171, 30.406313 ], [ -91.932388, 30.414354 ], [ -91.941292, 30.395587 ], [ -91.965698, 30.410367 ], [ -91.986457, 30.407143 ], [ -91.984405, 30.433982 ], [ -91.975615, 30.424033 ], [ -91.971592, 30.439362 ], [ -91.8258, 30.45556 ], [ -91.784194, 30.400602 ], [ -91.678896, 30.394731 ], [ -91.718679, 30.448898 ], [ -91.739685, 30.453044 ], [ -91.756193, 30.497738 ], [ -91.700933, 30.497433 ], [ -91.640099, 30.442728 ], [ -91.624655, 30.394369 ], [ -91.647934, 30.365327 ], [ -91.625483, 30.354209 ], [ -91.621055, 30.309938 ], [ -91.589959, 30.277047 ], [ -91.588039, 30.257113 ], [ -91.56276, 30.241949 ], [ -91.475303, 30.229491 ], [ -91.490295, 30.201568 ], [ -91.471797, 30.186266 ], [ -91.463833, 30.102493 ], [ -91.38895, 30.102294 ], [ -91.366735, 30.054699 ], [ -91.269085, 30.059308 ], [ -91.241909, 30.029532 ], [ -91.221912, 30.037765 ], [ -91.235889, 30.001128 ], [ -91.259388, 30.0002 ], [ -91.255229, 29.971457 ], [ -91.624709, 29.945275 ], [ -91.656619, 29.908139 ], [ -91.61338, 29.893169 ], [ -91.626852, 29.863353 ], [ -91.569072, 29.838131 ], [ -91.577252, 29.82434 ], [ -91.549811, 29.81358 ], [ -91.60447, 29.758805 ], [ -91.768172, 29.76362 ], [ -91.80104, 29.77965 ], [ -91.935162, 29.672578 ], [ -91.723254, 29.661297 ], [ -91.5913, 29.507701 ], [ -91.591864, 29.359375 ], [ -91.644044, 29.375555 ], [ -91.712193, 29.360626 ], [ -91.77749, 29.396084 ], [ -91.832768, 29.362562 ], [ -91.875032, 29.361992 ], [ -91.906348, 29.387404 ], [ -91.913207, 29.420207 ], [ -92.022754, 29.470636 ], [ -92.07805, 29.531489 ], [ -92.146666, 29.532037 ], [ -92.231657, 29.491894 ], [ -92.29367, 29.481496 ], [ -92.55982, 29.518179 ], [ -92.705013, 29.549669 ], [ -92.989918, 29.664497 ], [ -93.12515, 29.706209 ], [ -93.258389, 29.727722 ], [ -93.287354, 29.724331 ] ] ] } }
]
}
