{
"type": "FeatureCollection",
"name": "louisiana_optimized_districts_age",
"crs": { "type": "name", "properties": { "name": "urn:ogc:def:crs:OGC:1.3:CRS84" } },
"features": [
{ "type": "Feature", "properties": { "district_id": 0, "voting_age_pop": 555327, "lib_votes": 0, "grn_votes": 0, "con_votes": 0, "ref_votes": 0, "total_pop": 737638, "dem_votes_sum": 102902, "rep_votes_sum": 204864, "lib_votes_sum": 0, "grn_votes_sum": 0, "con_votes_sum": 0, "ref_votes_sum": 0, "minority_pop_sum": 468183, "dem_pct": 0.33435142283423119, "rep_pct": 0.66564857716576875, "lib_pct": 0.0, "grn_pct": 0.0, "con_pct": 0.0, "ref_pct": 0.0, "minority_pct": 0.63470564152063746, "compactness": 0.21247152490290039 }, "geometry": { "type": "Polygon", "coordinates": [ [ [ -93.598047, 32.384932 ], [ -93.623343, 32.361507 ], [ -93.626224, 32.399258 ], [ -93.649064, 32.377716 ], [ -93.635741, 32.39593 ], [ -93.649693, 32.403567 ], [ -93.667761, 32.404666 ], [ -93.662351, 32.387867 ], [ -93.685569, 32.395498 ], [ -93.685155, 32.408983 ], [ -93.659921, 32.415706 ], [ -93.691569, 32.423561 ], [ -93.680024, 32.433565 ], [ -93.673362, 32.420892 ], [ -93.661396, 32.427624 ], [ -93.691636, 32.448923 ], [ -93.680334, 32.462887 ], [ -93.700323, 32.478482 ], [ -93.697218, 32.497004 ], [ -93.744483, 32.514931 ], [ -93.744228, 32.531237 ], [ -93.767444, 32.538401 ], [ -93.744562, 32.546534 ], [ -93.729246, 32.533943 ], [ -93.74496, 32.56261 ], [ -93.773507, 32.556137 ], [ -93.782673, 32.576797 ], [ -93.888393, 32.627938 ], [ -93.904696, 32.603935 ], [ -93.924436, 32.632813 ], [ -93.994707, 32.5856 ], [ -94.042872, 32.602089 ], [ -94.042964, 33.019219 ], [ -91.166073, 33.004106 ], [ -91.201842, 32.961212 ], [ -91.207046, 32.914091 ], [ -91.175405, 32.899997 ], [ -91.145076, 32.905493 ], [ -91.131304, 32.926918 ], [ -91.135517, 32.979657 ], [ -91.106581, 32.988937 ], [ -91.086802, 32.976266 ], [ -91.063684, 32.906364 ], [ -91.105631, 32.858396 ], [ -91.145002, 32.842869 ], [ -91.161669, 32.812465 ], [ -91.165328, 32.7513 ], [ -91.054481, 32.722259 ], [ -91.063946, 32.702925 ], [ -91.152081, 32.641508 ], [ -91.151318, 32.615918 ], [ -91.119854, 32.584795 ], [ -91.049796, 32.607186 ], [ -91.037182, 32.637861 ], [ -91.0158, 32.641644 ], [ -91.008245, 32.604239 ], [ -91.080411, 32.556468 ], [ -90.987202, 32.495663 ], [ -91.000506, 32.482239 ], [ -91.038106, 32.49044 ], [ -91.093742, 32.549127 ], [ -91.115708, 32.48234 ], [ -91.051407, 32.437842 ], [ -91.028206, 32.433742 ], [ -90.995487, 32.450885 ], [ -90.969587, 32.439492 ], [ -90.965987, 32.420654 ], [ -90.99408, 32.403861 ], [ -91.001406, 32.379444 ], [ -90.993625, 32.354047 ], [ -90.912363, 32.339454 ], [ -90.891598, 32.371452 ], [ -90.875621, 32.373526 ], [ -90.922231, 32.298639 ], [ -90.949781, 32.283056 ], [ -90.964149, 32.296872 ], [ -90.979475, 32.293702 ], [ -90.982985, 32.270294 ], [ -90.969403, 32.25252 ], [ -90.994944, 32.193141 ], [ -91.002906, 32.22305 ], [ -91.039007, 32.242348 ], [ -91.061408, 32.21865 ], [ -91.083708, 32.22645 ], [ -91.108509, 32.20815 ], [ -91.133587, 32.213431 ], [ -91.164171, 32.196888 ], [ -91.174552, 32.154978 ], [ -91.162822, 32.132694 ], [ -91.053555, 32.124412 ], [ -91.058307, 32.180951 ], [ -91.002906, 32.162052 ], [ -91.004106, 32.146152 ], [ -91.035207, 32.100453 ], [ -91.081108, 32.078353 ], [ -91.080908, 32.047855 ], [ -91.103708, 32.050255 ], [ -91.135709, 32.080654 ], [ -91.15851, 32.072854 ], [ -91.15381, 32.050655 ], [ -91.091408, 32.036054 ], [ -91.075908, 32.016827 ], [ -91.102808, 31.990957 ], [ -91.16441, 31.982557 ], [ -91.18481, 31.965557 ], [ -91.19321, 31.935658 ], [ -91.182277, 31.915814 ], [ -91.267712, 31.86266 ], [ -91.244995, 31.832188 ], [ -91.254311, 31.813662 ], [ -91.283212, 31.815762 ], [ -91.294013, 31.86046 ], [ -91.345214, 31.843861 ], [ -91.365614, 31.760763 ], [ -91.281212, 31.772263 ], [ -91.262511, 31.766563 ], [ -91.263111, 31.754764 ], [ -91.277111, 31.744883 ], [ -91.369375, 31.746903 ], [ -91.397915, 31.709364 ], [ -91.401015, 31.620365 ], [ -91.436216, 31.612465 ], [ -91.49613, 31.64531 ], [ -91.515462, 31.630372 ], [ -91.516567, 31.611818 ], [ -91.492918, 31.589565 ], [ -91.418816, 31.596565 ], [ -91.403915, 31.589766 ], [ -91.405615, 31.575466 ], [ -91.447616, 31.540666 ], [ -91.522536, 31.522078 ], [ -91.51513, 31.449206 ], [ -91.472067, 31.397076 ], [ -91.474809, 31.368646 ], [ -91.504756, 31.36498 ], [ -91.521836, 31.37517 ], [ -91.543366, 31.432608 ], [ -91.576265, 31.410498 ], [ -91.568953, 31.377629 ], [ -91.546059, 31.382221 ], [ -91.548213, 31.346084 ], [ -91.50866, 31.315131 ], [ -91.515614, 31.27821 ], [ -91.564192, 31.261633 ], [ -91.637672, 31.26768 ], [ -91.654027, 31.255753 ], [ -91.588939, 31.188959 ], [ -91.626862, 31.118771 ], [ -91.559907, 31.054119 ], [ -91.575243, 31.026464 ], [ -91.636942, 30.999416 ], [ -91.662506, 30.970362 ], [ -91.649246, 31.037183 ], [ -91.723804, 31.044254 ], [ -91.709733, 31.075231 ], [ -91.719373, 31.087658 ], [ -91.703447, 31.105746 ], [ -91.718661, 31.122785 ], [ -91.709336, 31.153846 ], [ -91.734651, 31.161314 ], [ -91.768115, 31.141648 ], [ -91.807092, 31.15715 ], [ -91.841713, 31.137509 ], [ -91.86244, 31.140344 ], [ -91.830725, 31.215056 ], [ -91.8562, 31.204444 ], [ -91.919088, 31.231444 ], [ -91.944366, 31.221083 ], [ -91.955791, 31.245743 ], [ -91.973862, 31.225333 ], [ -91.990596, 31.22521 ], [ -92.00437, 31.242989 ], [ -91.98729, 31.250183 ], [ -92.00427, 31.261989 ], [ -91.991332, 31.272865 ], [ -92.023468, 31.283793 ], [ -92.016531, 31.302445 ], [ -92.010887, 31.292424 ], [ -91.996276, 31.297186 ], [ -92.0026, 31.32264 ], [ -92.028143, 31.343721 ], [ -92.078669, 31.323064 ], [ -92.090683, 31.336293 ], [ -92.114863, 31.31166 ], [ -92.161905, 31.299995 ], [ -92.19335, 31.333904 ], [ -92.220645, 31.332504 ], [ -92.234434, 31.31851 ], [ -92.284309, 31.325943 ], [ -92.324548, 31.349044 ], [ -92.347684, 31.30217 ], [ -92.347812, 31.271403 ], [ -92.330205, 31.254726 ], [ -92.341543, 31.231575 ], [ -92.394346, 31.27343 ], [ -92.427596, 31.252 ], [ -92.429568, 31.233664 ], [ -92.434375, 31.248651 ], [ -92.494298, 31.223651 ], [ -92.521069, 31.26167 ], [ -92.494215, 31.295627 ], [ -92.530196, 31.295779 ], [ -92.527025, 31.313696 ], [ -92.561324, 31.312447 ], [ -92.580945, 31.349887 ], [ -92.569737, 31.35585 ], [ -92.633811, 31.380852 ], [ -92.638958, 31.461878 ], [ -92.660244, 31.484941 ], [ -92.60927, 31.470426 ], [ -92.608927, 31.47837 ], [ -92.723724, 31.578051 ], [ -92.733544, 31.567611 ], [ -92.713741, 31.55102 ], [ -92.71814, 31.533703 ], [ -92.791561, 31.598733 ], [ -92.788274, 31.6179 ], [ -92.848468, 31.653248 ], [ -92.859853, 31.674309 ], [ -92.848074, 31.708785 ], [ -92.892195, 31.708908 ], [ -92.883581, 31.802194 ], [ -92.90033, 31.817356 ], [ -92.872707, 31.833322 ], [ -92.829114, 31.823819 ], [ -92.790253, 31.838921 ], [ -92.785309, 31.874128 ], [ -92.806162, 31.897866 ], [ -92.802725, 31.925197 ], [ -92.874834, 31.942869 ], [ -92.886905, 31.986704 ], [ -92.926368, 31.987916 ], [ -92.94384, 32.016008 ], [ -93.000188, 32.033517 ], [ -93.029171, 32.084242 ], [ -93.0668, 32.089914 ], [ -93.066904, 32.104276 ], [ -93.10073, 32.104276 ], [ -93.101026, 32.075284 ], [ -93.160524, 32.081262 ], [ -93.152395, 32.104512 ], [ -93.2117, 32.1931 ], [ -93.213143, 32.235757 ], [ -93.42819, 32.235897 ], [ -93.408126, 32.250517 ], [ -93.407172, 32.284401 ], [ -93.41843, 32.284147 ], [ -93.426697, 32.309213 ], [ -93.3998, 32.362788 ], [ -93.427224, 32.392101 ], [ -93.416047, 32.401399 ], [ -93.393003, 32.394304 ], [ -93.372781, 32.410153 ], [ -93.441212, 32.410431 ], [ -93.442206, 32.427705 ], [ -93.507683, 32.426365 ], [ -93.598047, 32.384932 ] ], [ [ -92.415263, 32.515724 ], [ -92.415263674094192, 32.515686587787862 ], [ -92.415243893583664, 32.518941979718527 ], [ -92.415263, 32.515724 ] ], [ [ -92.41513, 32.50646 ], [ -92.415138259403676, 32.506403488313737 ], [ -92.41516834489758, 32.506773466360805 ], [ -92.41513, 32.50646 ] ], [ [ -92.415129, 32.504275 ], [ -92.415118832415615, 32.504189913407764 ], [ -92.415132360320655, 32.504888262655001 ], [ -92.415129, 32.504275 ] ], [ [ -92.41535, 32.495486 ], [ -92.415362, 32.500148 ], [ -92.415382, 32.497168 ], [ -92.41535, 32.495486 ] ] ] } },
{ "type": "Feature", "properties": { "district_id": 1, "voting_age_pop": 584765, "lib_votes": 0, "grn_votes": 0, "con_votes": 0, "ref_votes": 0, "total_pop": 786326, "dem_votes_sum": 112781, "rep_votes_sum": 231991, "lib_votes_sum": 0, "grn_votes_sum": 0, "con_votes_sum": 0, "ref_votes_sum": 0, "minority_pop_sum": 455195, "dem_pct": 0.32711763136217559, "rep_pct": 0.67288236863782447, "lib_pct": 0.0, "grn_pct": 0.0, "con_pct": 0.0, "ref_pct": 0.0, "minority_pct": 0.57888839997660002, "compactness": 0.15372658373683815 }, "geometry": { "type": "Polygon", "coordinates": [ [ [ -92.312488, 30.230266 ], [ -92.379595, 30.230213 ], [ -92.379359, 30.252579 ], [ -92.365094, 30.260608 ], [ -92.38855, 30.304454 ], [ -92.413852, 30.303707 ], [ -92.415384, 30.327851 ], [ -92.414084, 30.363421 ], [ -92.363925, 30.363503 ], [ -92.371491, 30.451753 ], [ -92.357985, 30.480087 ], [ -92.39765, 30.480039 ], [ -92.389238, 30.494945 ], [ -92.406221, 30.500988 ], [ -92.389249, 30.501238 ], [ -92.402944, 30.511466 ], [ -92.359761, 30.538745 ], [ -92.426631, 30.538587 ], [ -92.460659, 30.519238 ], [ -92.500377, 30.517184 ], [ -92.513778, 30.524559 ], [ -92.500927, 30.589986 ], [ -92.530333, 30.585729 ], [ -92.534803, 30.597089 ], [ -92.571964, 30.598997 ], [ -92.597402, 30.583928 ], [ -92.597441, 30.898992 ], [ -92.668866, 30.90465 ], [ -92.682029, 30.928295 ], [ -92.673481, 30.99665 ], [ -92.700429, 31.05311 ], [ -92.669646, 31.068198 ], [ -92.618167, 31.06719 ], [ -92.636409, 31.105087 ], [ -92.506012, 31.137198 ], [ -92.502021, 31.126815 ], [ -92.454036, 31.164331 ], [ -92.463555, 31.170856 ], [ -92.487853, 31.147667 ], [ -92.493103, 31.156014 ], [ -92.464096, 31.232275 ], [ -92.434375, 31.248651 ], [ -92.429568, 31.233664 ], [ -92.427596, 31.252 ], [ -92.394346, 31.27343 ], [ -92.341377, 31.231701 ], [ -92.330205, 31.254726 ], [ -92.347812, 31.271403 ], [ -92.347684, 31.30217 ], [ -92.324548, 31.349044 ], [ -92.284309, 31.325943 ], [ -92.234434, 31.31851 ], [ -92.220645, 31.332504 ], [ -92.19335, 31.333904 ], [ -92.161905, 31.299995 ], [ -92.114863, 31.31166 ], [ -92.090683, 31.336293 ], [ -92.078669, 31.323064 ], [ -92.028143, 31.343721 ], [ -92.0026, 31.32264 ], [ -91.996276, 31.297186 ], [ -92.010887, 31.292424 ], [ -92.016531, 31.302445 ], [ -92.023468, 31.283793 ], [ -91.991332, 31.272865 ], [ -92.00427, 31.261989 ], [ -91.98729, 31.250183 ], [ -92.00437, 31.242989 ], [ -91.990596, 31.22521 ], [ -91.973862, 31.225333 ], [ -91.955791, 31.245743 ], [ -91.944366, 31.221083 ], [ -91.919088, 31.231444 ], [ -91.8562, 31.204444 ], [ -91.830725, 31.215056 ], [ -91.86244, 31.140344 ], [ -91.841713, 31.137509 ], [ -91.807092, 31.15715 ], [ -91.768115, 31.141648 ], [ -91.734651, 31.161314 ], [ -91.709336, 31.153846 ], [ -91.718661, 31.122785 ], [ -91.703447, 31.105746 ], [ -91.719373, 31.087658 ], [ -91.709733, 31.075231 ], [ -91.723804, 31.044254 ], [ -91.649246, 31.037183 ], [ -91.662506, 30.970362 ], [ -91.636942, 30.999416 ], [ -91.395754, 30.997733 ], [ -91.40699, 30.963038 ], [ -91.446168, 30.983252 ], [ -91.466223, 30.97134 ], [ -91.470895, 30.949129 ], [ -91.45224, 30.92198 ], [ -91.499907, 30.873281 ], [ -91.515476, 30.872403 ], [ -91.549308, 30.916228 ], [ -91.613955, 30.918146 ], [ -91.611609, 30.899701 ], [ -91.563605, 30.883332 ], [ -91.559064, 30.839794 ], [ -91.619546, 30.841502 ], [ -91.594397, 30.821792 ], [ -91.612545, 30.805771 ], [ -91.654804, 30.805108 ], [ -91.699877, 30.778806 ], [ -91.73871, 30.724894 ], [ -91.730566, 30.710942 ], [ -91.70272, 30.707127 ], [ -91.582675, 30.711153 ], [ -91.609434, 30.680636 ], [ -91.538451, 30.603927 ], [ -91.556189, 30.560706 ], [ -91.576761, 30.554535 ], [ -91.529382, 30.53226 ], [ -91.528081, 30.50941 ], [ -91.538036, 30.510241 ], [ -91.525855, 30.497063 ], [ -91.485089, 30.497138 ], [ -91.422483, 30.435218 ], [ -91.478555, 30.408605 ], [ -91.474301, 30.396228 ], [ -91.517106, 30.373198 ], [ -91.525858, 30.347286 ], [ -91.499483, 30.295535 ], [ -91.441624, 30.257485 ], [ -91.420388, 30.223622 ], [ -91.466273, 30.232632 ], [ -91.488136, 30.21085 ], [ -91.471797, 30.186266 ], [ -91.464822, 30.12283 ], [ -91.351991, 30.164986 ], [ -91.323208, 30.12692 ], [ -91.323478, 30.138665 ], [ -91.301295, 30.140044 ], [ -91.282987, 30.125332 ], [ -91.24511, 30.139368 ], [ -91.203676, 30.130638 ], [ -91.191495, 30.150017 ], [ -91.174397, 30.141772 ], [ -91.155148, 30.172251 ], [ -91.161025, 30.134416 ], [ -91.140535, 30.168215 ], [ -91.046422, 30.116717 ], [ -91.003379, 30.141264 ], [ -91.006871, 30.170532 ], [ -90.986474, 30.184826 ], [ -90.954766, 30.157727 ], [ -90.943732, 30.179965 ], [ -90.917504, 30.191138 ], [ -90.881518, 30.173758 ], [ -90.881626, 30.158913 ], [ -90.87156, 30.170048 ], [ -90.759554, 30.143565 ], [ -90.869262, 30.121713 ], [ -90.868957, 30.066995 ], [ -90.850347, 30.05945 ], [ -90.886459, 30.023479 ], [ -90.88639, 29.994127 ], [ -90.846893, 29.945409 ], [ -90.846115, 29.921569 ], [ -90.947224, 29.919342 ], [ -90.982958, 29.958836 ], [ -91.0224, 29.953971 ], [ -91.029824, 29.93435 ], [ -90.989228, 29.919975 ], [ -90.976552, 29.855859 ], [ -91.004138, 29.825309 ], [ -91.038641, 29.826019 ], [ -90.988965, 29.788942 ], [ -90.979534, 29.83074 ], [ -90.953832, 29.816135 ], [ -90.946267, 29.828493 ], [ -90.968737, 29.835156 ], [ -90.959329, 29.845248 ], [ -90.838408, 29.799486 ], [ -90.845326, 29.779454 ], [ -90.869293, 29.801873 ], [ -90.888264, 29.772592 ], [ -90.840893, 29.746508 ], [ -90.882094, 29.746008 ], [ -90.890357, 29.69885 ], [ -90.842037, 29.702043 ], [ -90.801875, 29.727896 ], [ -90.80419, 29.736328 ], [ -90.811458, 29.743681 ], [ -90.816691, 29.755545 ], [ -90.8351, 29.759273 ], [ -90.808345, 29.769814 ], [ -90.799844, 29.723578 ], [ -90.783692, 29.722867 ], [ -90.760083, 29.681954 ], [ -90.783611, 29.6798 ], [ -90.773379, 29.667647 ], [ -90.747228, 29.658989 ], [ -90.728571, 29.67575 ], [ -90.707639, 29.665283 ], [ -90.657696, 29.607393 ], [ -90.619309, 29.598092 ], [ -90.594184, 29.569886 ], [ -90.605216, 29.553148 ], [ -90.620282, 29.553418 ], [ -90.651701, 29.571153 ], [ -90.648818, 29.593451 ], [ -90.672275, 29.60114 ], [ -90.66823, 29.588835 ], [ -90.678552, 29.591123 ], [ -90.631104, 29.546656 ], [ -90.627291, 29.554018 ], [ -90.592947, 29.534366 ], [ -90.566641, 29.489805 ], [ -90.574049, 29.437665 ], [ -90.643061, 29.33216 ], [ -90.644358, 29.276757 ], [ -90.661958, 29.244925 ], [ -90.678023, 29.246898 ], [ -90.701936, 29.28096 ], [ -90.701805, 29.281693 ], [ -90.698121, 29.285405 ], [ -90.69786, 29.286184 ], [ -90.698095, 29.290515 ], [ -90.700683, 29.296998 ], [ -90.689052, 29.313219 ], [ -90.687509, 29.327837 ], [ -90.693959, 29.316777 ], [ -90.716241, 29.260698 ], [ -90.743442, 29.144255 ], [ -90.732576, 29.136523 ], [ -90.739369, 29.105159 ], [ -90.799867, 29.055896 ], [ -90.856352, 29.059646 ], [ -90.937604, 29.150085 ], [ -90.96916, 29.152412 ], [ -90.972872, 29.12264 ], [ -91.006054, 29.119994 ], [ -91.111348, 29.140486 ], [ -91.159817, 29.168422 ], [ -91.256861, 29.183668 ], [ -91.318698, 29.208357 ], [ -91.421128, 29.302828 ], [ -91.52974, 29.344455 ], [ -91.644044, 29.375555 ], [ -91.717986, 29.361808 ], [ -91.77749, 29.396084 ], [ -91.832768, 29.362562 ], [ -91.875032, 29.361992 ], [ -91.906348, 29.387404 ], [ -91.913207, 29.420207 ], [ -92.022754, 29.470636 ], [ -92.07805, 29.531489 ], [ -92.146666, 29.532037 ], [ -92.231657, 29.491894 ], [ -92.308433, 29.482334 ], [ -92.297468, 29.589845 ], [ -92.26937, 29.628412 ], [ -92.243353, 29.726832 ], [ -92.171686, 29.7751 ], [ -92.25397, 29.80451 ], [ -92.225511, 29.831837 ], [ -92.225431, 29.96176 ], [ -92.198208, 29.957067 ], [ -92.15589, 29.985057 ], [ -92.191303, 29.991406 ], [ -92.191233, 30.005984 ], [ -92.241914, 30.006086 ], [ -92.241862, 30.020627 ], [ -92.253641, 30.020598 ], [ -92.233018, 30.035237 ], [ -92.275992, 30.056557 ], [ -92.276063, 30.123506 ], [ -92.311753, 30.151091 ], [ -92.312488, 30.230266 ] ], [ [ -92.045734999999866, 31.133113 ], [ -92.045957586067829, 31.132733499569817 ], [ -92.045878, 31.132868 ], [ -92.045734999999866, 31.133113 ] ], [ [ -92.047001157845202, 31.129057343584041 ], [ -92.046283, 31.131811 ], [ -92.046336, 31.131657 ], [ -92.046919, 31.12962 ], [ -92.047001157845202, 31.129057343584041 ] ], [ [ -92.047014312262377, 31.12888887917196 ], [ -92.046843, 31.127902 ], [ -92.046730612540344, 31.127703084143374 ], [ -92.047014312262377, 31.12888887917196 ] ], [ [ -92.046728466700671, 31.127699278215612 ], [ -92.046209, 31.126775 ], [ -92.045872, 31.125677 ], [ -92.046728466700671, 31.127699278215612 ] ], [ [ -92.042911, 31.119604 ], [ -92.044058, 31.122967 ], [ -92.04339, 31.12185 ], [ -92.04331, 31.121758 ], [ -92.043203, 31.120841 ], [ -92.043183, 31.120756 ], [ -92.042911, 31.119604 ] ], [ [ -92.042911, 31.119604 ], [ -92.042884, 31.119198 ], [ -92.042384929832849, 31.116450643908685 ], [ -92.042911, 31.119604 ] ], [ [ -92.042378581135665, 31.116416433813008 ], [ -92.042107797526029, 31.115198031957565 ], [ -92.042059, 31.115204 ], [ -92.0423329999998, 31.116246 ], [ -92.042378581135665, 31.116416433813008 ] ], [ [ -92.044879, 31.113958 ], [ -92.045972, 31.113302 ], [ -92.044480325489516, 31.114251097084633 ], [ -92.044879, 31.113958 ] ], [ [ -92.046839, 31.112968 ], [ -92.046838999999878, 31.112968 ], [ -92.045972, 31.113302 ], [ -92.046839, 31.112968 ] ], [ [ -92.049124, 31.112646 ], [ -92.049481339531937, 31.112340381217805 ], [ -92.049124, 31.112646 ], [ -92.049124, 31.112646 ] ], [ [ -92.051729, 31.111225 ], [ -92.050928, 31.111844 ], [ -92.051138, 31.111733 ], [ -92.051729, 31.111225 ] ], [ [ -92.052204917988789, 31.110749449094914 ], [ -92.052096, 31.110997 ], [ -92.052123, 31.110971 ], [ -92.052204917988789, 31.110749449094914 ] ], [ [ -92.052211614770414, 31.110728963011663 ], [ -92.052342, 31.109894 ], [ -92.052189, 31.109691 ], [ -92.052211614770414, 31.110728963011663 ] ], [ [ -92.052070999999856, 31.108567 ], [ -92.052071, 31.108567 ], [ -92.052960071428458, 31.108362 ], [ -92.052202, 31.108481 ], [ -92.052070999999856, 31.108567 ] ], [ [ -92.055377846986445, 31.108660604697263 ], [ -92.055369, 31.108658 ], [ -92.055369, 31.108658 ], [ -92.055377846986445, 31.108660604697263 ] ], [ [ -92.056576, 31.108606 ], [ -92.056598, 31.10859 ], [ -92.056284343046798, 31.108829167668059 ], [ -92.056576, 31.108606 ] ], [ [ -92.057384, 31.109307 ], [ -92.057384, 31.109307 ], [ -92.057355659171577, 31.109233256078053 ], [ -92.057384, 31.109307 ] ], [ [ -92.057594, 31.109349 ], [ -92.057637499999942, 31.109349 ], [ -92.05755102330356, 31.109340308085113 ], [ -92.057594, 31.109349 ] ], [ [ -92.059241, 31.109358 ], [ -92.059257129212511, 31.109355725367561 ], [ -92.059212253607512, 31.109357852582598 ], [ -92.059241, 31.109358 ] ], [ [ -92.060000780670549, 31.109257380190307 ], [ -92.060405, 31.109205 ], [ -92.060577338717366, 31.109181839861606 ], [ -92.060405, 31.109205 ], [ -92.060132999999894, 31.10924 ], [ -92.060000780670549, 31.109257380190307 ] ], [ [ -92.061651, 31.108972 ], [ -92.061665275143483, 31.108971611182849 ], [ -92.061437769432587, 31.10902281665787 ], [ -92.061651, 31.108972 ] ], [ [ -92.062981, 31.109349 ], [ -92.062981, 31.109349 ], [ -92.06295485486153, 31.109335815702586 ], [ -92.062981, 31.109349 ] ], [ [ -92.06338, 31.10814 ], [ -92.06338, 31.10814 ], [ -92.063034643971946, 31.107118342909725 ], [ -92.06338, 31.10814 ] ], [ [ -92.06316, 31.10694 ], [ -92.06316, 31.10694 ], [ -92.063176516090053, 31.10689458076779 ], [ -92.06316, 31.10694 ] ], [ [ -92.0632105853838, 31.10678001347458 ], [ -92.063241, 31.106645 ], [ -92.06326, 31.10656 ], [ -92.063281050612389, 31.106470130087878 ], [ -92.0632105853838, 31.10678001347458 ] ], [ [ -92.06334, 31.10623 ], [ -92.063434649951574, 31.105918263081129 ], [ -92.063293239988866, 31.106419637852294 ], [ -92.06334, 31.10623 ] ], [ [ -92.063528429248549, 31.10563487754164 ], [ -92.063558, 31.10553 ], [ -92.063608110302823, 31.105370694156949 ], [ -92.063528429248549, 31.10563487754164 ] ], [ [ -92.063629531225317, 31.105302802163127 ], [ -92.0637, 31.10486 ], [ -92.06379, 31.10444 ], [ -92.063819632940366, 31.104246907946024 ], [ -92.063699999999898, 31.10486 ], [ -92.063629531225317, 31.105302802163127 ] ], [ [ -92.06391, 31.10368 ], [ -92.06394, 31.10343 ], [ -92.063826359728665, 31.104204396400768 ], [ -92.06391, 31.10368 ] ], [ [ -92.063943, 31.103314 ], [ -92.06395, 31.10312 ], [ -92.06394, 31.10343 ], [ -92.063943, 31.103314 ] ], [ [ -92.063915284220499, 31.10295832636896 ], [ -92.06378, 31.10213 ], [ -92.063716066159785, 31.101914318946264 ], [ -92.06378, 31.10213 ], [ -92.063859999999892, 31.1027 ], [ -92.063882, 31.102805 ], [ -92.063915284220499, 31.10295832636896 ] ], [ [ -92.063752253801766, 31.101850202413196 ], [ -92.0637, 31.10186 ], [ -92.0637, 31.10186 ], [ -92.063752253801766, 31.101850202413196 ] ], [ [ -92.064047286570286, 31.101758814033548 ], [ -92.064496, 31.10161 ], [ -92.064902490730148, 31.101458825784462 ], [ -92.064047286570286, 31.101758814033548 ] ], [ [ -92.070863818012128, 31.099152546669423 ], [ -92.072446, 31.098539 ], [ -92.072503009960187, 31.098517621266886 ], [ -92.070863818012128, 31.099152546669423 ] ], [ [ -92.074865, 31.097613 ], [ -92.075269010706577, 31.097455912736141 ], [ -92.074111062842164, 31.097906574180804 ], [ -92.074865, 31.097613 ] ], [ [ -92.075702527989577, 31.09729186800266 ], [ -92.07621, 31.09706 ], [ -92.07654838535268, 31.096895912327689 ], [ -92.075702527989577, 31.09729186800266 ] ], [ [ -92.076947, 31.096726 ], [ -92.076975911309347, 31.096721090532451 ], [ -92.076938928874284, 31.096727899088418 ], [ -92.076947, 31.096726 ] ], [ [ -92.077306494217012, 31.096691299339742 ], [ -92.07749, 31.09668 ], [ -92.077496688897625, 31.096679942890916 ], [ -92.077306494217012, 31.096691299339742 ] ], [ [ -92.07982, 31.09657 ], [ -92.079834990711603, 31.096549013009167 ], [ -92.079797646960415, 31.096583970652375 ], [ -92.07982, 31.09657 ] ], [ [ -92.079874755837182, 31.096469087074446 ], [ -92.07989, 31.096337 ], [ -92.07989, 31.09601 ], [ -92.079874755837182, 31.096469087074446 ] ], [ [ -92.079893, 31.093936 ], [ -92.079890041679135, 31.093713139832399 ], [ -92.079893893624742, 31.093982468565539 ], [ -92.079893, 31.093936 ] ], [ [ -92.07989, 31.09371 ], [ -92.07991, 31.09242 ], [ -92.07991, 31.091463334709442 ], [ -92.07989, 31.09371 ] ], [ [ -92.08003, 31.08934 ], [ -92.0799, 31.0904 ], [ -92.0799, 31.09005 ], [ -92.07998, 31.08963 ], [ -92.08003, 31.08934 ] ], [ [ -92.08003, 31.08934 ], [ -92.08016, 31.08851 ], [ -92.080181068010944, 31.088264206673589 ], [ -92.08016, 31.08851 ], [ -92.080036999999891, 31.089289 ], [ -92.08003, 31.08934 ] ], [ [ -92.08019, 31.088091166791337 ], [ -92.08019, 31.08774 ], [ -92.080182734164993, 31.087435642361367 ], [ -92.08019, 31.088091166791337 ] ], [ [ -92.08016, 31.08643 ], [ -92.08014, 31.08583 ], [ -92.08012, 31.08497 ], [ -92.080099645387818, 31.084298298922928 ], [ -92.08014, 31.08583 ], [ -92.08016, 31.08643 ], [ -92.080176921435978, 31.087181795943494 ], [ -92.08016, 31.08643 ] ], [ [ -92.08009, 31.08388 ], [ -92.080077780604569, 31.083605063660709 ], [ -92.08009, 31.083967500005709 ], [ -92.08009, 31.08388 ] ], [ [ -92.080070794436566, 31.083433234364993 ], [ -92.08005, 31.08223 ], [ -92.08002, 31.08122 ], [ -92.08001, 31.08022 ], [ -92.080007744554834, 31.080174891181024 ], [ -92.08002, 31.08122 ], [ -92.08005, 31.08223 ], [ -92.08006, 31.08316 ], [ -92.080070794436566, 31.083433234364993 ] ], [ [ -92.079969849056624, 31.079699773584991 ], [ -92.07987, 31.07958 ], [ -92.079844744066108, 31.079565335264423 ], [ -92.079969849056624, 31.079699773584991 ] ], [ [ -92.077247880584707, 31.079132554369977 ], [ -92.07968, 31.0795 ], [ -92.07946, 31.07946 ], [ -92.07902, 31.07939 ], [ -92.07765, 31.07919 ], [ -92.077247880584707, 31.079132554369977 ] ], [ [ -92.077147, 31.079115 ], [ -92.07685, 31.0789 ], [ -92.07688, 31.07837 ], [ -92.07702, 31.07705 ], [ -92.077051335904471, 31.076692560274179 ], [ -92.077147, 31.079115 ] ], [ [ -92.077075, 31.076431 ], [ -92.077269, 31.074258 ], [ -92.077119, 31.074239 ], [ -92.076546, 31.074165 ], [ -92.076380382887876, 31.07414392565159 ], [ -92.077075, 31.076431 ] ], [ [ -92.074136606993804, 31.073858368214044 ], [ -92.070868, 31.073445 ], [ -92.062508, 31.07239 ], [ -92.059722, 31.072039 ], [ -92.059695, 31.072032 ], [ -92.059617, 31.072014 ], [ -92.059591, 31.072009 ], [ -92.058472369288097, 31.071867041812478 ], [ -92.059721999999894, 31.072039 ], [ -92.074136606993804, 31.073858368214044 ] ], [ [ -92.054076, 31.071309 ], [ -92.052623279675188, 31.071125314032869 ], [ -92.057652262836172, 31.071762950360338 ], [ -92.054076, 31.071309 ] ], [ [ -92.050008109610147, 31.070793882843834 ], [ -92.05162, 31.070998 ], [ -92.0516, 31.070996 ], [ -92.051541, 31.070991 ], [ -92.051522, 31.07099 ], [ -92.051364, 31.070969 ], [ -92.050892, 31.070909 ], [ -92.050735, 31.07089 ], [ -92.050582, 31.070869 ], [ -92.050008109610147, 31.070793882843834 ] ], [ [ -92.049882550053283, 31.070921033250904 ], [ -92.04987, 31.07094 ], [ -92.049867971504995, 31.07094311035932 ], [ -92.04988, 31.070925 ], [ -92.049882550053283, 31.070921033250904 ] ], [ [ -92.049870833573436, 31.071239065911865 ], [ -92.04976, 31.07112 ], [ -92.049867, 31.071235 ], [ -92.049870833573436, 31.071239065911865 ] ], [ [ -92.052013, 31.073684 ], [ -92.052074964650913, 31.073789686030061 ], [ -92.052004079702542, 31.073668648795174 ], [ -92.052013, 31.073684 ] ], [ [ -92.052930491764315, 31.075727278601967 ], [ -92.052711, 31.075107 ], [ -92.05292, 31.0757 ], [ -92.052930491764315, 31.075727278601967 ] ], [ [ -92.05248, 31.07935 ], [ -92.052316178796033, 31.079386843326667 ], [ -92.05326627707106, 31.079194573149 ], [ -92.05248, 31.07935 ] ], [ [ -92.05179, 31.0795 ], [ -92.051776666666683, 31.0795 ], [ -92.051804583627373, 31.079497916624742 ], [ -92.05179, 31.0795 ] ], [ [ -92.05091, 31.078949 ], [ -92.05166, 31.07921 ], [ -92.05161, 31.07907 ], [ -92.05157, 31.07899 ], [ -92.0515, 31.07892 ], [ -92.05145, 31.0789 ], [ -92.05135, 31.07888 ], [ -92.05125, 31.07888 ], [ -92.05091, 31.078949 ] ], [ [ -92.04969, 31.07915 ], [ -92.049374153640116, 31.079216107385939 ], [ -92.050278519810263, 31.079054428454334 ], [ -92.04969, 31.07915 ] ], [ [ -92.04903, 31.07933 ], [ -92.049001214707999, 31.079370299415075 ], [ -92.049094773331021, 31.079301211854549 ], [ -92.04903, 31.07933 ] ], [ [ -92.04897, 31.07968 ], [ -92.048991171435617, 31.079762780447478 ], [ -92.048965854221336, 31.079650979566395 ], [ -92.04897, 31.07968 ] ], [ [ -92.04911, 31.08025 ], [ -92.0490946224661, 31.080288066301755 ], [ -92.049100892019908, 31.080207496114706 ], [ -92.04911, 31.08025 ] ], [ [ -92.049076551523285, 31.080312586357881 ], [ -92.04907999999989, 31.08031 ], [ -92.04908, 31.08031 ], [ -92.049076551523285, 31.080312586357881 ] ], [ [ -92.049000396030962, 31.080348800882508 ], [ -92.048203, 31.080495 ], [ -92.048137905531902, 31.080507235803076 ], [ -92.04895, 31.08036 ], [ -92.049000396030962, 31.080348800882508 ] ], [ [ -92.04792, 31.08056 ], [ -92.04792, 31.08056 ], [ -92.04797, 31.080546666668514 ], [ -92.04792, 31.08056 ] ], [ [ -92.04721, 31.08041 ], [ -92.04742, 31.08043 ], [ -92.04732, 31.08041 ], [ -92.04721, 31.08041 ] ], [ [ -92.04699, 31.08046 ], [ -92.046956, 31.080466 ], [ -92.04705539237213, 31.080445138099975 ], [ -92.04699, 31.08046 ] ], [ [ -92.046678, 31.082167 ], [ -92.046641832275014, 31.082390242322788 ], [ -92.046729573833446, 31.081850615964939 ], [ -92.046678, 31.082167 ] ], [ [ -92.04660287258757, 31.082562207832051 ], [ -92.046554, 31.082584 ], [ -92.046409, 31.082572 ], [ -92.046391, 31.082569 ], [ -92.046337, 31.082562 ], [ -92.04632, 31.08256 ], [ -92.04660287258757, 31.082562207832051 ] ], [ [ -92.046329017246791, 31.083026758919189 ], [ -92.04631, 31.08326 ], [ -92.046300524897703, 31.083353889657399 ], [ -92.046329017246791, 31.083026758919189 ] ], [ [ -92.039841, 31.087468 ], [ -92.039666401974102, 31.087561089310345 ], [ -92.039854645345031, 31.087461002387609 ], [ -92.039841, 31.087468 ] ], [ [ -92.038209, 31.087518 ], [ -92.038209, 31.087518 ], [ -92.038856, 31.087701 ], [ -92.038209, 31.087518 ] ], [ [ -92.037886, 31.087657 ], [ -92.037903366502292, 31.087737457587256 ], [ -92.038024428571404, 31.087597428596311 ], [ -92.037886, 31.087657 ] ], [ [ -92.038242, 31.088537 ], [ -92.038257286396529, 31.088565357388156 ], [ -92.038211766001993, 31.088480898059444 ], [ -92.038242, 31.088537 ] ], [ [ -92.03881682092279, 31.09149482434076 ], [ -92.038816, 31.091919 ], [ -92.038780600539354, 31.091986072727522 ], [ -92.03881682092279, 31.09149482434076 ] ], [ [ -92.038683, 31.092171 ], [ -92.037618, 31.092332 ], [ -92.037618, 31.092332 ], [ -92.038683, 31.092171 ] ], [ [ -92.037218, 31.093065 ], [ -92.037218, 31.093065 ], [ -92.037271419632518, 31.092967108850555 ], [ -92.037218, 31.093065 ] ], [ [ -92.035362110082033, 31.093783802643792 ], [ -92.035914, 31.09383 ], [ -92.035461, 31.093752 ], [ -92.035362110082033, 31.093783802643792 ] ], [ [ -92.034183595756261, 31.093667189346469 ], [ -92.035034999999809, 31.093889 ], [ -92.035034999999894, 31.093889 ], [ -92.034183595756261, 31.093667189346469 ] ], [ [ -92.03349, 31.093706 ], [ -92.03349, 31.093706 ], [ -92.033448121836969, 31.09376012557389 ], [ -92.03349, 31.093706 ] ], [ [ -92.03349, 31.094141 ], [ -92.033844529255916, 31.094617409718797 ], [ -92.033467052567417, 31.094076487485758 ], [ -92.03349, 31.094141 ] ], [ [ -92.035512799999978, 31.098294200112814 ], [ -92.035326, 31.098885 ], [ -92.035131333779219, 31.099011121784699 ], [ -92.035512799999978, 31.098294200112814 ] ], [ [ -92.034021, 31.099137 ], [ -92.035113, 31.099023 ], [ -92.035113, 31.099023 ], [ -92.034021, 31.099137 ] ], [ [ -92.033621, 31.099297 ], [ -92.033142, 31.099137 ], [ -92.033046774911242, 31.098869586854061 ], [ -92.033621, 31.099297 ] ], [ [ -92.031944, 31.097762 ], [ -92.031712730497048, 31.097325597879284 ], [ -92.03249, 31.09830050152641 ], [ -92.031944, 31.097762 ] ], [ [ -92.031652, 31.097211 ], [ -92.031039, 31.09728 ], [ -92.031039, 31.09728 ], [ -92.031652, 31.097211 ] ], [ [ -92.030092, 31.098521 ], [ -92.023281, 31.087588 ], [ -92.016157, 31.079159 ], [ -92.023281, 31.087588 ], [ -92.030092, 31.098521 ] ] ] } },
{ "type": "Feature", "properties": { "district_id": 2, "voting_age_pop": 574317, "lib_votes": 0, "grn_votes": 0, "con_votes": 0, "ref_votes": 0, "total_pop": 768257, "dem_votes_sum": 112316, "rep_votes_sum": 200228, "lib_votes_sum": 0, "grn_votes_sum": 0, "con_votes_sum": 0, "ref_votes_sum": 0, "minority_pop_sum": 461729, "dem_pct": 0.35936060202723458, "rep_pct": 0.64063939797276548, "lib_pct": 0.0, "grn_pct": 0.0, "con_pct": 0.0, "ref_pct": 0.0, "minority_pct": 0.60100851668126687, "compactness": 0.19052188899335526 }, "geometry": { "type": "Polygon", "coordinates": [ [ [ -93.825894, 31.766574 ], [ -93.839343, 31.80033 ], [ -93.873253, 31.814886 ], [ -93.889396, 31.8559 ], [ -93.881678, 31.868581 ], [ -93.901676, 31.87457 ], [ -93.900616, 31.896788 ], [ -93.93119, 31.891495 ], [ -93.928651, 31.912645 ], [ -93.97171, 31.920386 ], [ -94.018514, 31.992432 ], [ -94.042636, 31.994025 ], [ -94.042872, 32.602089 ], [ -93.994707, 32.5856 ], [ -93.924436, 32.632813 ], [ -93.904696, 32.603935 ], [ -93.888393, 32.627938 ], [ -93.782673, 32.576797 ], [ -93.773507, 32.556137 ], [ -93.74496, 32.56261 ], [ -93.729246, 32.533943 ], [ -93.744562, 32.546534 ], [ -93.767444, 32.538401 ], [ -93.744228, 32.531237 ], [ -93.744483, 32.514931 ], [ -93.697218, 32.497004 ], [ -93.700323, 32.478482 ], [ -93.680334, 32.462887 ], [ -93.691636, 32.448923 ], [ -93.661396, 32.427624 ], [ -93.673362, 32.420892 ], [ -93.680024, 32.433565 ], [ -93.691569, 32.423561 ], [ -93.659921, 32.415706 ], [ -93.685155, 32.408983 ], [ -93.685569, 32.395498 ], [ -93.662351, 32.387867 ], [ -93.667761, 32.404666 ], [ -93.649693, 32.403567 ], [ -93.635741, 32.39593 ], [ -93.649064, 32.377716 ], [ -93.626224, 32.399258 ], [ -93.625616, 32.361915 ], [ -93.507683, 32.426365 ], [ -93.442206, 32.427705 ], [ -93.441212, 32.410431 ], [ -93.372781, 32.410153 ], [ -93.393003, 32.394304 ], [ -93.416047, 32.401399 ], [ -93.427224, 32.392101 ], [ -93.3998, 32.362788 ], [ -93.426697, 32.309213 ], [ -93.41843, 32.284147 ], [ -93.407172, 32.284401 ], [ -93.408126, 32.250517 ], [ -93.42819, 32.235897 ], [ -93.213143, 32.235757 ], [ -93.2117, 32.1931 ], [ -93.152395, 32.104512 ], [ -93.160524, 32.081262 ], [ -93.101026, 32.075284 ], [ -93.10073, 32.104276 ], [ -93.066904, 32.104276 ], [ -93.0668, 32.089914 ], [ -93.029171, 32.084242 ], [ -93.000188, 32.033517 ], [ -92.94384, 32.016008 ], [ -92.926368, 31.987916 ], [ -92.886905, 31.986704 ], [ -92.874834, 31.942869 ], [ -92.802725, 31.925197 ], [ -92.806162, 31.897866 ], [ -92.785309, 31.874128 ], [ -92.790253, 31.838921 ], [ -92.829114, 31.823819 ], [ -92.872707, 31.833322 ], [ -92.90033, 31.817356 ], [ -92.883581, 31.802194 ], [ -92.892195, 31.708908 ], [ -92.848074, 31.708785 ], [ -92.859853, 31.674309 ], [ -92.848468, 31.653248 ], [ -92.788274, 31.6179 ], [ -92.791561, 31.598733 ], [ -92.71814, 31.533703 ], [ -92.713741, 31.55102 ], [ -92.733544, 31.567611 ], [ -92.723724, 31.578051 ], [ -92.608927, 31.47837 ], [ -92.60927, 31.470426 ], [ -92.660244, 31.484941 ], [ -92.638958, 31.461878 ], [ -92.633811, 31.380852 ], [ -92.569737, 31.35585 ], [ -92.580945, 31.349887 ], [ -92.561324, 31.312447 ], [ -92.527025, 31.313696 ], [ -92.530196, 31.295779 ], [ -92.494215, 31.295627 ], [ -92.521069, 31.26167 ], [ -92.494298, 31.223651 ], [ -92.458682, 31.235629 ], [ -92.493103, 31.156014 ], [ -92.483551, 31.149376 ], [ -92.463555, 31.170856 ], [ -92.46345, 31.163943 ], [ -92.455521, 31.164942 ], [ -92.455867, 31.161715 ], [ -92.502021, 31.126815 ], [ -92.506012, 31.137198 ], [ -92.636409, 31.105087 ], [ -92.618167, 31.06719 ], [ -92.669646, 31.068198 ], [ -92.701119, 31.050601 ], [ -92.673481, 30.99665 ], [ -92.682029, 30.928295 ], [ -92.668866, 30.90465 ], [ -92.597441, 30.898992 ], [ -92.597402, 30.583928 ], [ -92.571964, 30.598997 ], [ -92.534803, 30.597089 ], [ -92.530333, 30.585729 ], [ -92.500927, 30.589986 ], [ -92.513778, 30.524559 ], [ -92.500377, 30.517184 ], [ -92.460659, 30.519238 ], [ -92.426631, 30.538587 ], [ -92.359761, 30.538745 ], [ -92.402944, 30.511466 ], [ -92.389249, 30.501238 ], [ -92.406215, 30.501134 ], [ -92.389238, 30.494945 ], [ -92.39765, 30.480039 ], [ -92.357985, 30.480087 ], [ -92.371491, 30.451753 ], [ -92.363925, 30.363503 ], [ -92.414084, 30.363421 ], [ -92.413852, 30.303707 ], [ -92.38855, 30.304454 ], [ -92.365094, 30.260608 ], [ -92.379359, 30.252579 ], [ -92.374631, 30.223454 ], [ -92.312488, 30.230266 ], [ -92.311753, 30.151091 ], [ -92.276063, 30.123506 ], [ -92.275992, 30.056557 ], [ -92.233018, 30.035237 ], [ -92.253641, 30.020598 ], [ -92.241862, 30.020627 ], [ -92.241914, 30.006086 ], [ -92.191233, 30.005984 ], [ -92.191303, 29.991406 ], [ -92.15589, 29.985057 ], [ -92.198208, 29.957067 ], [ -92.225431, 29.96176 ], [ -92.225511, 29.831837 ], [ -92.25397, 29.80451 ], [ -92.171686, 29.7751 ], [ -92.243353, 29.726832 ], [ -92.26937, 29.628412 ], [ -92.297468, 29.589845 ], [ -92.308433, 29.482334 ], [ -92.665789, 29.537875 ], [ -93.000513, 29.668278 ], [ -93.223516, 29.726425 ], [ -93.287354, 29.724331 ], [ -93.339294, 29.695085 ], [ -93.432758, 29.71853 ], [ -93.711547, 29.690347 ], [ -93.770147, 29.670825 ], [ -93.77036, 29.623924 ], [ -93.814351, 29.596576 ], [ -93.837412, 29.689885 ], [ -93.87002, 29.735482 ], [ -93.891637, 29.744618 ], [ -93.893863, 29.767294 ], [ -93.926504, 29.78956 ], [ -93.927992, 29.80964 ], [ -93.838374, 29.882853 ], [ -93.788599, 29.988836 ], [ -93.741078, 30.021571 ], [ -93.717884, 30.065554 ], [ -93.711074, 30.054391 ], [ -93.699516, 30.058578 ], [ -93.734085, 30.08613 ], [ -93.724005, 30.082626 ], [ -93.70121, 30.137458 ], [ -93.688205, 30.141357 ], [ -93.697737, 30.152946 ], [ -93.709508, 30.146672 ], [ -93.699953, 30.175529 ], [ -93.721259, 30.209611 ], [ -93.703099, 30.238459 ], [ -93.704584, 30.289949 ], [ -93.742424, 30.301139 ], [ -93.751676, 30.329347 ], [ -93.765829, 30.332745 ], [ -93.750979, 30.359899 ], [ -93.757668, 30.390441 ], [ -93.722749, 30.419557 ], [ -93.726106, 30.43072 ], [ -93.718051, 30.422579 ], [ -93.697578, 30.442233 ], [ -93.717421, 30.483822 ], [ -93.707683, 30.521337 ], [ -93.740253, 30.539569 ], [ -93.713782, 30.587584 ], [ -93.678949, 30.593637 ], [ -93.682972, 30.641251 ], [ -93.629887, 30.679935 ], [ -93.617229, 30.71858 ], [ -93.605391, 30.717159 ], [ -93.617719, 30.728897 ], [ -93.614346, 30.760195 ], [ -93.592101, 30.763675 ], [ -93.583775, 30.801779 ], [ -93.56298, 30.806009 ], [ -93.554433, 30.823524 ], [ -93.568717, 30.844182 ], [ -93.558616, 30.869424 ], [ -93.57408, 30.884529 ], [ -93.549202, 30.897439 ], [ -93.558562, 30.913238 ], [ -93.526013, 30.937535 ], [ -93.531758, 30.958217 ], [ -93.573537, 30.971206 ], [ -93.564299, 30.9897 ], [ -93.578207, 30.999995 ], [ -93.566561, 31.013057 ], [ -93.539184, 31.008212 ], [ -93.508039, 31.031532 ], [ -93.531628, 31.053627 ], [ -93.518912, 31.061863 ], [ -93.527645, 31.07451 ], [ -93.552205, 31.078931 ], [ -93.549262, 31.090412 ], [ -93.563746, 31.094522 ], [ -93.539366, 31.115207 ], [ -93.5487, 31.155839 ], [ -93.536481, 31.158471 ], [ -93.532545, 31.183314 ], [ -93.549984, 31.186627 ], [ -93.589119, 31.165889 ], [ -93.607243, 31.204806 ], [ -93.596273, 31.22951 ], [ -93.618107, 31.232685 ], [ -93.620343, 31.271025 ], [ -93.642516, 31.269508 ], [ -93.687278, 31.306068 ], [ -93.668439, 31.353012 ], [ -93.639222, 31.37202 ], [ -93.670999, 31.366221 ], [ -93.674117, 31.397681 ], [ -93.704879, 31.410881 ], [ -93.692526, 31.438201 ], [ -93.709512, 31.442025 ], [ -93.703934, 31.455493 ], [ -93.749476, 31.46869 ], [ -93.752387, 31.48274 ], [ -93.722596, 31.492769 ], [ -93.711046, 31.512161 ], [ -93.742693, 31.515694 ], [ -93.747437, 31.530682 ], [ -93.787687, 31.527344 ], [ -93.834918, 31.586212 ], [ -93.838057, 31.606795 ], [ -93.818717, 31.614556 ], [ -93.82717, 31.620276 ], [ -93.811516, 31.647435 ], [ -93.826462, 31.666919 ], [ -93.794462, 31.70332 ], [ -93.81691, 31.70828 ], [ -93.81493, 31.728688 ], [ -93.836884, 31.750171 ], [ -93.825894, 31.766574 ] ] ] } },
{ "type": "Feature", "properties": { "district_id": 3, "voting_age_pop": 563394, "lib_votes": 0, "grn_votes": 0, "con_votes": 0, "ref_votes": 0, "total_pop": 749855, "dem_votes_sum": 145781, "rep_votes_sum": 186678, "lib_votes_sum": 0, "grn_votes_sum": 0, "con_votes_sum": 0, "ref_votes_sum": 0, "minority_pop_sum": 526351, "dem_pct": 0.43849316757855855, "rep_pct": 0.56150683242144139, "lib_pct": 0.0, "grn_pct": 0.0, "con_pct": 0.0, "ref_pct": 0.0, "minority_pct": 0.70193704116129119, "compactness": 0.24110267315280076 }, "geometry": { "type": "MultiPolygon", "coordinates": [ [ [ [ -91.467072, 30.23193 ], [ -91.420388, 30.223622 ], [ -91.441624, 30.257485 ], [ -91.499483, 30.295535 ], [ -91.525858, 30.347286 ], [ -91.517106, 30.373198 ], [ -91.474301, 30.396228 ], [ -91.478555, 30.408605 ], [ -91.422483, 30.435218 ], [ -91.485089, 30.497138 ], [ -91.525855, 30.497063 ], [ -91.538036, 30.510241 ], [ -91.528081, 30.50941 ], [ -91.529382, 30.53226 ], [ -91.576761, 30.554535 ], [ -91.556189, 30.560706 ], [ -91.538451, 30.603927 ], [ -91.609434, 30.680636 ], [ -91.582675, 30.711153 ], [ -91.70272, 30.707127 ], [ -91.730566, 30.710942 ], [ -91.73871, 30.724894 ], [ -91.699877, 30.778806 ], [ -91.654804, 30.805108 ], [ -91.612545, 30.805771 ], [ -91.594397, 30.821792 ], [ -91.619546, 30.841502 ], [ -91.559064, 30.839794 ], [ -91.563605, 30.883332 ], [ -91.611609, 30.899701 ], [ -91.613955, 30.918146 ], [ -91.549308, 30.916228 ], [ -91.515476, 30.872403 ], [ -91.499907, 30.873281 ], [ -91.45224, 30.92198 ], [ -91.470895, 30.949129 ], [ -91.466223, 30.97134 ], [ -91.446168, 30.983252 ], [ -91.40699, 30.963038 ], [ -91.396515, 30.999044 ], [ -90.456627, 30.999669 ], [ -90.465734, 30.96688 ], [ -90.492326, 30.938818 ], [ -90.416171, 30.927096 ], [ -90.376641, 30.867162 ], [ -90.338102, 30.865358 ], [ -90.315796, 30.879248 ], [ -90.290473, 30.819363 ], [ -90.382617, 30.81488 ], [ -90.469762, 30.795307 ], [ -90.497772, 30.777055 ], [ -90.506338, 30.838276 ], [ -90.492187, 30.87573 ], [ -90.56689, 30.879573 ], [ -90.56673, 30.747784 ], [ -90.577487, 30.756498 ], [ -90.633538, 30.749278 ], [ -90.626979, 30.731228 ], [ -90.645852, 30.689662 ], [ -90.626071, 30.618475 ], [ -90.693089, 30.52967 ], [ -90.677349, 30.503925 ], [ -90.762127, 30.510448 ], [ -90.73734, 30.3725 ], [ -90.71849, 30.37461 ], [ -90.6769, 30.3442 ], [ -90.677291, 30.320916 ], [ -90.656029, 30.303105 ], [ -90.579426, 30.305837 ], [ -90.505095, 30.256869 ], [ -90.542868, 30.200542 ], [ -90.572617, 30.194601 ], [ -90.599105, 30.216987 ], [ -90.632811, 30.221409 ], [ -90.641998, 30.16643 ], [ -90.759554, 30.143565 ], [ -90.87156, 30.170048 ], [ -90.881626, 30.158913 ], [ -90.881518, 30.173758 ], [ -90.917504, 30.191138 ], [ -90.943732, 30.179965 ], [ -90.954766, 30.157727 ], [ -90.986474, 30.184826 ], [ -91.006871, 30.170532 ], [ -91.003379, 30.141264 ], [ -91.046422, 30.116717 ], [ -91.140535, 30.168215 ], [ -91.161025, 30.134416 ], [ -91.155148, 30.172251 ], [ -91.174397, 30.141772 ], [ -91.191495, 30.150017 ], [ -91.203676, 30.130638 ], [ -91.24511, 30.139368 ], [ -91.282987, 30.125332 ], [ -91.301295, 30.140044 ], [ -91.323478, 30.138665 ], [ -91.323208, 30.12692 ], [ -91.351991, 30.164986 ], [ -91.464822, 30.12283 ], [ -91.471797, 30.186266 ], [ -91.490295, 30.201568 ], [ -91.467072, 30.23193 ] ] ], [ [ [ -90.668786, 30.416638 ], [ -90.670106, 30.416815 ], [ -90.668966, 30.417016 ], [ -90.668786, 30.416638 ] ] ] ] } },
{ "type": "Feature", "properties": { "district_id": 4, "voting_age_pop": 552708, "lib_votes": 0, "grn_votes": 0, "con_votes": 0, "ref_votes": 0, "total_pop": 712326, "dem_votes_sum": 193553, "rep_votes_sum": 113553, "lib_votes_sum": 0, "grn_votes_sum": 0, "con_votes_sum": 0, "ref_votes_sum": 0, "minority_pop_sum": 657676, "dem_pct": 0.63024818792208548, "rep_pct": 0.36975181207791447, "lib_pct": 0.0, "grn_pct": 0.0, "con_pct": 0.0, "ref_pct": 0.0, "minority_pct": 0.92327950966271066, "compactness": 0.26144108934422539 }, "geometry": { "type": "Polygon", "coordinates": [ [ [ -90.40938, 28.99534 ], [ -90.552547, 29.036806 ], [ -90.746858, 28.988595 ], [ -90.90708, 28.991132 ], [ -90.993453, 29.01497 ], [ -91.017447, 29.038653 ], [ -91.023031, 29.067398 ], [ -91.000899, 29.100481 ], [ -90.960372, 29.111064 ], [ -90.974925, 29.121509 ], [ -90.96916, 29.152412 ], [ -90.937604, 29.150085 ], [ -90.856352, 29.059646 ], [ -90.799867, 29.055896 ], [ -90.739369, 29.105159 ], [ -90.732576, 29.136523 ], [ -90.743442, 29.144255 ], [ -90.716241, 29.260698 ], [ -90.693518, 29.317731 ], [ -90.687509, 29.327837 ], [ -90.701936, 29.28096 ], [ -90.678023, 29.246898 ], [ -90.661958, 29.244925 ], [ -90.644358, 29.276757 ], [ -90.642884, 29.332586 ], [ -90.574049, 29.437665 ], [ -90.566668, 29.490676 ], [ -90.58354, 29.512674 ], [ -90.568727, 29.536496 ], [ -90.574544, 29.558887 ], [ -90.518382, 29.534233 ], [ -90.518283, 29.50018 ], [ -90.506168, 29.50641 ], [ -90.43767, 29.463609 ], [ -90.398347, 29.543092 ], [ -90.35926, 29.532676 ], [ -90.336342, 29.541981 ], [ -90.335891, 29.52992 ], [ -90.31564, 29.533543 ], [ -90.292958, 29.513649 ], [ -90.278457, 29.524826 ], [ -90.277747, 29.55355 ], [ -90.192016, 29.555059 ], [ -90.158459, 29.570032 ], [ -90.155807, 29.67753 ], [ -90.20259, 29.691606 ], [ -90.352104, 29.695512 ], [ -90.374977, 29.762811 ], [ -90.429887, 29.776387 ], [ -90.467757, 29.803242 ], [ -90.413894, 29.860996 ], [ -90.296768, 29.853033 ], [ -90.243164, 29.869094 ], [ -90.211387, 29.844999 ], [ -90.202995, 29.870452 ], [ -90.228073, 29.872602 ], [ -90.204627, 29.935691 ], [ -90.219039, 29.933963 ], [ -90.229438, 29.955938 ], [ -90.209053, 29.97368 ], [ -90.213455, 29.984928 ], [ -90.172462, 30.00457 ], [ -90.174423, 30.022014 ], [ -90.168518, 30.004301 ], [ -90.155242, 30.003562 ], [ -90.153705, 30.022983 ], [ -90.120985, 30.023548 ], [ -90.105456, 30.191801 ], [ -89.997664, 30.149555 ], [ -89.875572, 30.199326 ], [ -89.822639, 30.182618 ], [ -89.803028, 30.151432 ], [ -89.746664, 30.177113 ], [ -89.716652, 30.160762 ], [ -89.686852, 30.175487 ], [ -89.586772, 30.138814 ], [ -89.421578, 30.177003 ], [ -89.260976999999855, 30.181998 ], [ -89.183668999999881, 30.212155 ], [ -89.074653, 30.154294 ], [ -89.033967, 30.184584 ], [ -89.005916, 30.162977 ], [ -88.971908999999883, 30.156954 ], [ -88.90033, 30.16998 ], [ -88.875025, 30.102495 ], [ -88.824862, 30.080362 ], [ -88.783665999999883, 30.026685 ], [ -88.760150999999823, 29.944553 ], [ -88.762723, 29.866988 ], [ -88.801817, 29.750197 ], [ -88.869937, 29.657099 ], [ -89.052859, 29.480001 ], [ -89.119451, 29.458065 ], [ -89.142073, 29.429465 ], [ -89.137612, 29.381429 ], [ -89.077228, 29.301105 ], [ -88.942054, 29.253742 ], [ -88.908812, 29.210226 ], [ -88.921713, 29.124971 ], [ -88.996902, 29.085304 ], [ -89.012688, 29.02768 ], [ -89.045638, 29.006942 ], [ -89.105091, 28.933008 ], [ -89.133284, 28.919728 ], [ -89.169067, 28.922574 ], [ -89.234903, 28.987152 ], [ -89.279604, 28.977783 ], [ -89.400993, 28.860631 ], [ -89.462478, 28.863649 ], [ -89.492858, 28.90796 ], [ -89.465736, 28.974437 ], [ -89.468673, 29.107461 ], [ -89.520469, 29.172187 ], [ -89.610427, 29.198635 ], [ -90.032325, 29.135044 ], [ -90.162662, 29.051249 ], [ -90.344319, 29.003178 ], [ -90.40938, 28.99534 ] ], [ [ -90.033899173687288, 29.847976864690729 ], [ -90.034127, 29.847849 ], [ -90.034127, 29.847849 ], [ -90.033899173687288, 29.847976864690729 ] ], [ [ -90.032080999999835, 29.849093 ], [ -90.032081, 29.849093 ], [ -90.033271431200447, 29.848330333739561 ], [ -90.032080999999835, 29.849093 ] ], [ [ -90.030612, 29.849995 ], [ -90.030612, 29.849995 ], [ -90.031467862740769, 29.849429637168484 ], [ -90.030612, 29.849995 ] ], [ [ -90.029869, 29.850489 ], [ -90.029869, 29.850489 ], [ -90.030007355905383, 29.850403712192008 ], [ -90.029869, 29.850489 ] ], [ [ -90.028334, 29.852013 ], [ -90.027546321809496, 29.852763896275327 ], [ -90.029027, 29.851262 ], [ -90.028334, 29.852013 ] ], [ [ -90.027402330160243, 29.852947044000835 ], [ -90.027456, 29.85285 ], [ -90.027456, 29.85285 ], [ -90.027402330160243, 29.852947044000835 ] ], [ [ -90.027134321130831, 29.853333435184311 ], [ -90.025976, 29.854981 ], [ -90.025686, 29.855785 ], [ -90.025476999999896, 29.85648 ], [ -90.025468999999831, 29.857145 ], [ -90.025599999999883, 29.85921 ], [ -90.025541, 29.859439 ], [ -90.024701, 29.86047 ], [ -90.025384, 29.859705 ], [ -90.025541, 29.859439 ], [ -90.0256, 29.85921 ], [ -90.025686, 29.855785 ], [ -90.027134321130831, 29.853333435184311 ] ], [ [ -90.02296856363543, 29.864282288387297 ], [ -90.022994, 29.862317 ], [ -90.02293, 29.862482 ], [ -90.02296856363543, 29.864282288387297 ] ], [ [ -90.022615, 29.864998 ], [ -90.022615, 29.864998 ], [ -90.022838980839921, 29.864588964240703 ], [ -90.022615, 29.864998 ] ], [ [ -90.022832833333325, 29.865162000002471 ], [ -90.023434, 29.865488 ], [ -90.023506, 29.865519 ], [ -90.022832833333325, 29.865162000002471 ] ], [ [ -90.023462, 29.865673 ], [ -90.023004000351335, 29.868041514433056 ], [ -90.023504556097265, 29.86552333170992 ], [ -90.023462, 29.865673 ] ], [ [ -90.022772651667083, 29.868517155222037 ], [ -90.020859999999828, 29.871885 ], [ -90.020787053860502, 29.872065980309046 ], [ -90.022772651667083, 29.868517155222037 ] ], [ [ -90.020370999999898, 29.872852 ], [ -90.019851, 29.873853 ], [ -90.019669, 29.874199 ], [ -90.019633, 29.874268 ], [ -90.019943, 29.873687 ], [ -90.020371, 29.872852 ], [ -90.020466895540196, 29.872689230016057 ], [ -90.020370999999898, 29.872852 ] ], [ [ -90.0195, 29.874521 ], [ -90.018426201281912, 29.876993282008261 ], [ -90.019633, 29.874268 ], [ -90.0195, 29.874521 ] ], [ [ -90.017626038038969, 29.878730374235765 ], [ -90.017704999999836, 29.878618 ], [ -90.017669, 29.878669 ], [ -90.017626038038969, 29.878730374235765 ] ], [ [ -89.999738, 29.864477 ], [ -89.999738, 29.864477 ], [ -89.999349, 29.864871 ], [ -89.999738, 29.864477 ] ], [ [ -90.001467, 29.863031 ], [ -90.002119641571028, 29.863522412209907 ], [ -90.0013, 29.862906 ], [ -90.001467, 29.863031 ] ], [ [ -90.003608781648524, 29.864631518530725 ], [ -90.00296499999989, 29.864165 ], [ -90.003134, 29.864288 ], [ -90.003608781648524, 29.864631518530725 ] ], [ [ -90.00365457747003, 29.86466460836002 ], [ -90.004411, 29.865187 ], [ -90.004561, 29.865289 ], [ -90.00365457747003, 29.86466460836002 ] ], [ [ -90.005751, 29.863829 ], [ -90.010527405189805, 29.857966303127068 ], [ -90.00932, 29.859448 ], [ -90.005751, 29.863829 ] ], [ [ -90.010877, 29.857537 ], [ -90.010833629566818, 29.857589747833959 ], [ -90.010877, 29.857537 ], [ -90.010877, 29.857537 ] ], [ [ -90.012035, 29.828816 ], [ -90.012090999999842, 29.828845 ], [ -90.012035, 29.828816 ], [ -90.012035, 29.828816 ] ], [ [ -90.0121, 29.828955 ], [ -90.0121, 29.828955 ], [ -90.012077241367635, 29.828990722426074 ], [ -90.0121, 29.828955 ] ], [ [ -90.011955, 29.829102 ], [ -90.011828331797929, 29.829194798554106 ], [ -90.012021, 29.829079 ], [ -90.011955, 29.829102 ] ], [ [ -90.011771999999851, 29.829229 ], [ -90.011771999999851, 29.829229 ], [ -90.011756086607107, 29.829228581226499 ], [ -90.011771999999851, 29.829229 ] ], [ [ -90.011543, 29.829149 ], [ -90.011695999999802, 29.829227 ], [ -90.011696, 29.829227 ], [ -90.011543, 29.829149 ] ], [ [ -90.007570604023513, 29.829425729113591 ], [ -90.008293, 29.830231 ], [ -90.007812, 29.829823 ], [ -90.007446, 29.829662 ], [ -90.007570604023513, 29.829425729113591 ] ], [ [ -90.007797, 29.829002 ], [ -90.007797, 29.829002 ], [ -90.007688854750242, 29.829203485012247 ], [ -90.007797, 29.829002 ] ], [ [ -90.008003, 29.828604 ], [ -90.008003, 29.828604 ], [ -90.00797567568975, 29.828651399322609 ], [ -90.008003, 29.828604 ] ], [ [ -90.008153, 29.828333 ], [ -90.008152999999865, 29.828333 ], [ -90.008100712351592, 29.828430947302191 ], [ -90.008153, 29.828333 ] ], [ [ -90.008338458741591, 29.827968076794654 ], [ -90.008776, 29.82719 ], [ -90.008907, 29.827087 ], [ -90.009009, 29.826989 ], [ -90.009081504581474, 29.826898918565114 ], [ -90.008338458741591, 29.827968076794654 ] ], [ [ -90.009293497193724, 29.826638174745035 ], [ -90.009477, 29.826366 ], [ -90.009393, 29.826333 ], [ -90.009376333002294, 29.826327047500925 ], [ -90.009293497193724, 29.826638174745035 ] ], [ [ -90.009365, 29.826323 ], [ -90.009973597898579, 29.825157180917458 ], [ -90.009551, 29.825965 ], [ -90.009365, 29.826323 ] ], [ [ -90.010565, 29.82486 ], [ -90.010565, 29.82486 ], [ -90.010465987274316, 29.824890011642324 ], [ -90.010565, 29.82486 ] ], [ [ -90.010935, 29.824722 ], [ -90.010934999999847, 29.824722 ], [ -90.010896322683024, 29.824736111994916 ], [ -90.010935, 29.824722 ] ], [ [ -90.011084, 29.824666 ], [ -90.011084, 29.824666 ], [ -90.011002157002807, 29.824695960384535 ], [ -90.011084, 29.824666 ] ], [ [ -90.011158715038633, 29.824627758411879 ], [ -90.011122, 29.824653 ], [ -90.011122, 29.824653 ], [ -90.011158715038633, 29.824627758411879 ] ], [ [ -90.011236, 29.824576 ], [ -90.011236, 29.824576 ], [ -90.011182937377654, 29.824611375083052 ], [ -90.011236, 29.824576 ] ], [ [ -90.011367471753431, 29.824473881072116 ], [ -90.011514, 29.824317 ], [ -90.011571, 29.823979 ], [ -90.011630153048969, 29.82385270026678 ], [ -90.011571, 29.823979 ], [ -90.011513999999877, 29.824317 ], [ -90.011483, 29.824349 ], [ -90.011390999999875, 29.824448 ], [ -90.011367471753431, 29.824473881072116 ] ], [ [ -90.011719, 29.823764 ], [ -90.011718999999871, 29.823764 ], [ -90.011660093840391, 29.823809373666105 ], [ -90.011719, 29.823764 ] ], [ [ -90.011568, 29.823715 ], [ -90.011568, 29.823715 ], [ -90.011598668498323, 29.823718566104464 ], [ -90.011568, 29.823715 ] ], [ [ -90.006171, 29.823109 ], [ -90.006171, 29.823109 ], [ -90.007259105554169, 29.82323070301458 ], [ -90.006171, 29.823109 ] ], [ [ -90.004666, 29.822648 ], [ -90.006001, 29.822938 ], [ -90.00598, 29.822932 ], [ -90.005973, 29.82293 ], [ -90.00572, 29.822862 ], [ -90.005657, 29.822846 ], [ -90.005458, 29.822806 ], [ -90.004864, 29.822687 ], [ -90.004666, 29.822648 ] ], [ [ -90.000558, 29.822179 ], [ -89.999656, 29.822076 ], [ -90.000627858078616, 29.822186762008844 ], [ -90.000558, 29.822179 ] ], [ [ -90.057939, 29.836873 ], [ -90.057331000000502, 29.836747 ], [ -90.057331, 29.836747 ], [ -90.057939, 29.836873 ] ], [ [ -90.058493999999811, 29.836685 ], [ -90.058238484781427, 29.836758831603291 ], [ -90.05872950596175, 29.836489186079934 ], [ -90.058493999999811, 29.836685 ] ], [ [ -90.058745296992271, 29.836459026950163 ], [ -90.058678, 29.836442 ], [ -90.058678, 29.836442 ], [ -90.058745296992271, 29.836459026950163 ] ], [ [ -90.058974, 29.836165 ], [ -90.059253, 29.835765 ], [ -90.058974, 29.836165 ], [ -90.058771741717635, 29.836354275570287 ], [ -90.058974, 29.836165 ] ], [ [ -90.060056611874273, 29.834920800935553 ], [ -90.060578999999876, 29.834548 ], [ -90.060265, 29.834749 ], [ -90.060056611874273, 29.834920800935553 ] ], [ [ -90.062624, 29.833872 ], [ -90.062083288337291, 29.834031117595831 ], [ -90.063472757297276, 29.833518769767061 ], [ -90.062624, 29.833872 ] ], [ [ -90.065176, 29.832306 ], [ -90.065838, 29.831522 ], [ -90.064321, 29.833047 ], [ -90.065176, 29.832306 ] ], [ [ -90.066048, 29.831291 ], [ -90.066298026925196, 29.831040973764082 ], [ -90.065838, 29.831522 ], [ -90.066048, 29.831291 ] ], [ [ -90.0679, 29.829673 ], [ -90.067899999999881, 29.829673 ], [ -90.067649, 29.829994 ], [ -90.0679, 29.829673 ] ], [ [ -90.06861, 29.82883 ], [ -90.068579062510295, 29.828888662974951 ], [ -90.068657948387965, 29.828567640932285 ], [ -90.06861, 29.82883 ] ], [ [ -90.068678999999889, 29.828162 ], [ -90.068663121472056, 29.828537130227971 ], [ -90.068651691808427, 29.827691594527359 ], [ -90.068678999999889, 29.828162 ] ], [ [ -90.067544999999853, 29.823656 ], [ -90.067545, 29.823656 ], [ -90.069650548461382, 29.816628897163667 ], [ -90.067544999999853, 29.823656 ] ], [ [ -90.070000095177534, 29.815524204613837 ], [ -90.071861, 29.807896 ], [ -90.071708, 29.806841 ], [ -90.071357, 29.805716 ], [ -90.070997595190079, 29.804886170262595 ], [ -90.070000095177534, 29.815524204613837 ] ], [ [ -90.069679, 29.802911 ], [ -90.068496, 29.801765 ], [ -90.068999999999875, 29.802484 ], [ -90.070373, 29.803738 ], [ -90.070950059069759, 29.804788592830558 ], [ -90.070373, 29.803738 ], [ -90.069679, 29.802911 ] ], [ [ -90.057816, 29.836915 ], [ -90.057816, 29.836915 ], [ -90.057915222883722, 29.83688111901666 ], [ -90.057816, 29.836915 ] ], [ [ -90.05714, 29.837021 ], [ -90.05714, 29.837021 ], [ -90.057181808639896, 29.837016984481476 ], [ -90.05714, 29.837021 ] ], [ [ -90.056848, 29.836891 ], [ -90.056971277788563, 29.836945883967569 ], [ -90.056744438464747, 29.836870424861502 ], [ -90.056848, 29.836891 ] ], [ [ -90.056332, 29.837216 ], [ -90.056697, 29.836861 ], [ -90.05633199999987, 29.837216 ], [ -90.056332, 29.837216 ] ], [ [ -90.055716, 29.83687 ], [ -90.054280801469361, 29.83801057400963 ], [ -90.054282, 29.83801 ], [ -90.055716, 29.83687 ] ], [ [ -90.053248, 29.838209 ], [ -90.053248, 29.838209 ], [ -90.053268321776883, 29.838211024239957 ], [ -90.053248, 29.838209 ] ], [ [ -90.051727999999855, 29.837854 ], [ -90.051545508778702, 29.837947764774455 ], [ -90.051728, 29.837854 ], [ -90.051727999999855, 29.837854 ] ], [ [ -90.049227, 29.839624 ], [ -90.049327983751155, 29.83943815216147 ], [ -90.049226999999888, 29.839624 ], [ -90.047605, 29.840096 ], [ -90.046806762880735, 29.840430516926503 ], [ -90.049227, 29.839624 ] ], [ [ -90.042877, 29.843707 ], [ -90.042607, 29.84332 ], [ -90.045479837254717, 29.840988355422375 ], [ -90.044014, 29.841917 ], [ -90.04260699999989, 29.84332 ], [ -90.042877, 29.843707 ], [ -90.041931979111681, 29.844486708933918 ], [ -90.042877, 29.843707 ] ], [ [ -90.041364, 29.845033 ], [ -90.041364, 29.845033 ], [ -90.041173291387068, 29.845149366130386 ], [ -90.041364, 29.845033 ] ], [ [ -90.040516, 29.845706 ], [ -90.040516, 29.845706 ], [ -90.040249822801528, 29.845837833097995 ], [ -90.040516, 29.845706 ] ], [ [ -90.039859, 29.846046 ], [ -90.039859, 29.846046 ], [ -90.039984425485741, 29.845976020136273 ], [ -90.039859, 29.846046 ] ], [ [ -90.067564, 29.80189 ], [ -90.067790999999843, 29.801968 ], [ -90.067791, 29.801968 ], [ -90.067564, 29.80189 ] ], [ [ -90.067374, 29.802106 ], [ -90.067374, 29.802106 ], [ -90.06737579271352, 29.802081260558769 ], [ -90.067374, 29.802106 ] ], [ [ -90.067199, 29.802286 ], [ -90.067257141185834, 29.802304965712587 ], [ -90.067199, 29.802286 ], [ -90.063719, 29.800915 ], [ -90.063304, 29.800752 ], [ -90.060532258314254, 29.799642281609199 ], [ -90.063303999999889, 29.800752 ], [ -90.067199, 29.802286 ] ], [ [ -90.059148954504721, 29.799082290666057 ], [ -90.049594999999897, 29.7953 ], [ -90.054073, 29.79702 ], [ -90.059148954504721, 29.799082290666057 ] ], [ [ -90.04745, 29.79448 ], [ -90.047449999999898, 29.79448 ], [ -90.047951044008428, 29.794668356172433 ], [ -90.04745, 29.79448 ] ], [ [ -90.046508464824555, 29.794272346237079 ], [ -90.035561, 29.790493 ], [ -90.034799, 29.790196 ], [ -90.033287, 29.789619 ], [ -90.032871, 29.789476 ], [ -90.032591, 29.789372 ], [ -90.031749, 29.789063 ], [ -90.031331, 29.788919 ], [ -90.035561, 29.790493 ], [ -90.041345, 29.792566 ], [ -90.046508464824555, 29.794272346237079 ] ], [ [ -90.030959516445861, 29.789504568036826 ], [ -90.030959, 29.789506 ], [ -90.030959, 29.789506 ], [ -90.030959516445861, 29.789504568036826 ] ], [ [ -90.030966358997333, 29.789995521227315 ], [ -90.030923, 29.790101 ], [ -90.030962, 29.790024 ], [ -90.030966358997333, 29.789995521227315 ] ], [ [ -90.029964, 29.789674 ], [ -90.029963999999836, 29.789674 ], [ -90.030867, 29.790138 ], [ -90.029964, 29.789674 ] ], [ [ -90.023661, 29.787537 ], [ -90.023346685782244, 29.787416444291885 ], [ -90.023454, 29.787458 ], [ -90.023661, 29.787537 ] ], [ [ -90.021858, 29.787351 ], [ -90.021466378693717, 29.788047995460435 ], [ -90.022026, 29.786968 ], [ -90.021858, 29.787351 ] ], [ [ -90.020683, 29.789371 ], [ -90.020644551482278, 29.789420046266265 ], [ -90.020693179883835, 29.789355046491234 ], [ -90.020683, 29.789371 ] ], [ [ -90.017005, 29.794258 ], [ -90.016616460790061, 29.794712636426418 ], [ -90.017992377955906, 29.792935963327501 ], [ -90.017005, 29.794258 ] ], [ [ -90.013351, 29.799064 ], [ -90.01313, 29.799451 ], [ -90.013244, 29.799282 ], [ -90.013351, 29.799064 ] ], [ [ -90.013792999999893, 29.802892 ], [ -90.013955, 29.802581 ], [ -90.013955, 29.802581 ], [ -90.013792999999893, 29.802892 ] ], [ [ -90.015562717515152, 29.803249081872192 ], [ -90.015596, 29.803263 ], [ -90.015596, 29.803263 ], [ -90.015562717515152, 29.803249081872192 ] ], [ [ -90.013905297497558, 29.806535614681177 ], [ -90.014781, 29.804863 ], [ -90.014049, 29.80626 ], [ -90.013905297497558, 29.806535614681177 ] ], [ [ -90.013487, 29.807335 ], [ -90.013444418768742, 29.807416578382515 ], [ -90.013593459660314, 29.807132602981152 ], [ -90.013487, 29.807335 ] ], [ [ -90.011827, 29.81054 ], [ -90.011531706253152, 29.81111618540929 ], [ -90.011875543098469, 29.810445936131444 ], [ -90.011827, 29.81054 ] ], [ [ -90.010076, 29.813966 ], [ -90.009701949561759, 29.814686326462802 ], [ -90.010136055184518, 29.813851214877982 ], [ -90.010076, 29.813966 ] ], [ [ -90.008824, 29.816367 ], [ -90.008811811508679, 29.816390208236623 ], [ -90.008872725633395, 29.81627466618615 ], [ -90.008824, 29.816367 ] ], [ [ -90.008421, 29.817099 ], [ -90.008421, 29.817099 ], [ -90.008509877189198, 29.816934292890835 ], [ -90.008421, 29.817099 ] ], [ [ -90.006814, 29.820147 ], [ -90.006814, 29.820147 ], [ -90.00691350000001, 29.819949500585292 ], [ -90.006814, 29.820147 ] ], [ [ -90.006498, 29.821081 ], [ -90.006483403208208, 29.821153644549966 ], [ -90.006503025300375, 29.821056950353338 ], [ -90.006498, 29.821081 ] ], [ [ -90.010656401352392, 29.822914992949119 ], [ -90.010687, 29.82292 ], [ -90.010687, 29.82292 ], [ -90.010656401352392, 29.822914992949119 ] ], [ [ -90.010707637311299, 29.822864721617467 ], [ -90.011669, 29.820298 ], [ -90.011786610996353, 29.820075927153777 ], [ -90.010707637311299, 29.822864721617467 ] ], [ [ -90.011885877880658, 29.819889157388417 ], [ -90.012477, 29.818781 ], [ -90.014223, 29.815129 ], [ -90.014528095569446, 29.814862390259517 ], [ -90.014223, 29.815129 ], [ -90.011885877880658, 29.819889157388417 ] ], [ [ -90.015025, 29.814747 ], [ -90.015525, 29.814937 ], [ -90.01500149601938, 29.814738151446427 ], [ -90.015025, 29.814747 ] ], [ [ -90.016471, 29.81808 ], [ -90.016470700768508, 29.818085813644135 ], [ -90.016471, 29.81808 ], [ -90.016471, 29.81808 ] ], [ [ -90.018471, 29.819052 ], [ -90.018600198807178, 29.819095655093925 ], [ -90.018364185587544, 29.819003086269745 ], [ -90.018471, 29.819052 ] ], [ [ -90.019787, 29.819693 ], [ -90.020317699721105, 29.820006021513642 ], [ -90.019625864904071, 29.819624639709492 ], [ -90.019787, 29.819693 ] ], [ [ -90.02209, 29.821189 ], [ -90.022046066328429, 29.82129366554166 ], [ -90.022111454920065, 29.821083870913657 ], [ -90.02209, 29.821189 ] ], [ [ -90.021872, 29.821753 ], [ -90.021874653071393, 29.82176245877961 ], [ -90.021867156836663, 29.82174550090987 ], [ -90.021872, 29.821753 ] ], [ [ -90.019289, 29.824249 ], [ -90.019140105890472, 29.824381722318055 ], [ -90.019395160139126, 29.824155294432451 ], [ -90.019289, 29.824249 ] ], [ [ -90.018590086893596, 29.824873236508822 ], [ -90.018577, 29.824885 ], [ -90.018577, 29.824885 ], [ -90.018590086893596, 29.824873236508822 ] ], [ [ -90.018501627689616, 29.824824271477166 ], [ -90.014004, 29.823941 ], [ -90.013834, 29.823924 ], [ -90.018501627689616, 29.824824271477166 ] ], [ [ -90.013917999999805, 29.823996 ], [ -90.013026176977931, 29.823921612543337 ], [ -90.013918, 29.823996 ], [ -90.013917999999805, 29.823996 ] ], [ [ -90.012225, 29.825432 ], [ -90.012201150266279, 29.825456408756828 ], [ -90.012227354199155, 29.825429757905741 ], [ -90.012225, 29.825432 ] ], [ [ -90.011276, 29.826317 ], [ -90.010998421954568, 29.826554471964357 ], [ -90.011289128823833, 29.826305494895863 ], [ -90.011276, 29.826317 ] ], [ [ -90.011314, 29.827583 ], [ -90.01181, 29.828129 ], [ -90.011302539156375, 29.827569318072257 ], [ -90.011314, 29.827583 ] ], [ [ -90.012016, 29.828245 ], [ -90.0120588, 29.828256600001001 ], [ -90.011994255507389, 29.828235042243634 ], [ -90.012016, 29.828245 ] ], [ [ -90.012054, 29.828554 ], [ -90.012054, 29.828554 ], [ -90.0120816, 29.828442000094125 ], [ -90.012054, 29.828554 ] ], [ [ -89.999332, 29.864858 ], [ -89.999281, 29.86482 ], [ -89.999331999999896, 29.864858 ], [ -89.99934409207404, 29.864867246880298 ], [ -89.999332, 29.864858 ] ], [ [ -89.999113, 29.864694 ], [ -89.999168587930612, 29.864735690963069 ], [ -89.998672488006662, 29.864362649989246 ], [ -89.999113, 29.864694 ] ], [ [ -89.991439073854664, 29.859570127062081 ], [ -89.99769, 29.863623 ], [ -89.997024, 29.863124 ], [ -89.996858, 29.863 ], [ -89.996683, 29.862873 ], [ -89.996158, 29.862492 ], [ -89.995984, 29.862366 ], [ -89.994349, 29.861113 ], [ -89.994179, 29.86099 ], [ -89.99384, 29.860745 ], [ -89.993661, 29.860642 ], [ -89.99348, 29.860539 ], [ -89.992972, 29.86025 ], [ -89.992209, 29.859896 ], [ -89.991439073854664, 29.859570127062081 ] ], [ [ -89.99091, 29.859345 ], [ -89.987997911808421, 29.8581147433427 ], [ -89.991179012826365, 29.859459450842035 ], [ -89.99091, 29.859345 ] ], [ [ -89.987479, 29.857896 ], [ -89.987655426323926, 29.857969811016098 ], [ -89.987342711594408, 29.857835316841374 ], [ -89.987479, 29.857896 ] ], [ [ -89.987340790339175, 29.857834453326461 ], [ -89.98605, 29.857085 ], [ -89.985476, 29.856268 ], [ -89.987340790339175, 29.857834453326461 ] ], [ [ -89.975844, 29.862411 ], [ -89.975875279002139, 29.862283361733166 ], [ -89.975844, 29.862411 ], [ -89.975844, 29.862411 ] ], [ [ -89.97647, 29.859884 ], [ -89.976458107945277, 29.859931662709503 ], [ -89.976490295545261, 29.859796053073861 ], [ -89.97647, 29.859884 ] ], [ [ -89.977387721345366, 29.855918846463801 ], [ -89.977475, 29.85557 ], [ -89.977447, 29.855663 ], [ -89.977387721345366, 29.855918846463801 ] ], [ [ -89.979808, 29.851126 ], [ -89.979749419881472, 29.851196296151251 ], [ -89.984431762963183, 29.84561820944889 ], [ -89.979808, 29.851126 ] ], [ [ -89.99002, 29.839052 ], [ -89.987447, 29.842053 ], [ -89.99023502135303, 29.838800028484641 ], [ -89.99002, 29.839052 ] ], [ [ -90.008099, 29.85628 ], [ -90.007742228529153, 29.856105048870667 ], [ -90.009224891500608, 29.856700122008831 ], [ -90.008099, 29.85628 ] ], [ [ -90.001189, 29.853349 ], [ -90.001041561141008, 29.853287490414306 ], [ -90.00123625400586, 29.853368073454476 ], [ -90.001189, 29.853349 ] ], [ [ -89.99674, 29.847416 ], [ -89.997281983013366, 29.846885756868723 ], [ -89.99638609208273, 29.847767862530286 ], [ -89.99674, 29.847416 ] ], [ [ -90.001533, 29.841001 ], [ -90.001570441982309, 29.841012814220853 ], [ -89.999952, 29.843753 ], [ -90.001533, 29.841001 ] ], [ [ -89.998692, 29.843649 ], [ -89.998122671108092, 29.84422924143464 ], [ -89.998968263702139, 29.84336900303261 ], [ -89.998692, 29.843649 ] ], [ [ -89.994304069255364, 29.845057558640452 ], [ -89.994659, 29.844721 ], [ -89.994360999999898, 29.845003 ], [ -89.994304069255364, 29.845057558640452 ] ], [ [ -89.992405, 29.846832 ], [ -89.992085, 29.847161 ], [ -89.991877999999801, 29.847358 ], [ -89.991720213530726, 29.847504516109488 ], [ -89.992405, 29.846832 ] ], [ [ -89.991399, 29.847805 ], [ -89.991399, 29.847805 ], [ -89.991453535773616, 29.847753653481075 ], [ -89.991399, 29.847805 ] ], [ [ -89.990347, 29.848719 ], [ -89.990144922166209, 29.848893820996274 ], [ -89.991327, 29.847871 ], [ -89.990347, 29.848719 ] ], [ [ -89.989189999999894, 29.849692 ], [ -89.98919, 29.849692 ], [ -89.989518948342052, 29.849420063785711 ], [ -89.989189999999894, 29.849692 ] ], [ [ -89.988282, 29.850481 ], [ -89.988282, 29.850481 ], [ -89.988307197639656, 29.850457848344753 ], [ -89.988282, 29.850481 ] ], [ [ -89.987171, 29.851772 ], [ -89.986235, 29.85306 ], [ -89.988000261503842, 29.850783935259436 ], [ -89.987171, 29.851772 ] ], [ [ -89.98617, 29.853147 ], [ -89.986138333333329, 29.853190400132053 ], [ -89.986235, 29.85306 ], [ -89.98617, 29.853147 ] ], [ [ -89.98546, 29.854223 ], [ -89.985435463918861, 29.854288265997919 ], [ -89.98554773652495, 29.854064327772893 ], [ -89.98546, 29.854223 ] ], [ [ -89.985312999999891, 29.854623 ], [ -89.985278714285712, 29.854785857164991 ], [ -89.985396509421264, 29.85439313390378 ], [ -89.985312999999891, 29.854623 ] ], [ [ -89.985468349959106, 29.856247479320849 ], [ -89.985249, 29.855357 ], [ -89.985271984382393, 29.854833457453061 ], [ -89.985468349959106, 29.856247479320849 ] ], [ [ -89.98738, 29.904422 ], [ -89.987301508817779, 29.904822718505482 ], [ -89.987399589444237, 29.904238744006953 ], [ -89.98738, 29.904422 ] ], [ [ -89.987451514629399, 29.903641027721687 ], [ -89.987571, 29.902305 ], [ -89.987487, 29.903211 ], [ -89.987451514629399, 29.903641027721687 ] ], [ [ -89.988296, 29.897115 ], [ -89.988346, 29.896712 ], [ -89.988496788191824, 29.895184661867674 ], [ -89.988296, 29.897115 ], [ -89.987968, 29.898706 ], [ -89.987882346985245, 29.899717596061805 ], [ -89.988296, 29.897115 ] ], [ [ -89.98855, 29.894806 ], [ -89.988743, 29.893068 ], [ -89.98855, 29.894806 ], [ -89.988504514011339, 29.895117903959882 ], [ -89.98855, 29.894806 ] ], [ [ -89.994184, 29.892679 ], [ -89.9940215, 29.892572000057424 ], [ -89.994250138534312, 29.892752889169412 ], [ -89.994184, 29.892679 ] ], [ [ -89.996436, 29.894147 ], [ -89.996288335934096, 29.894050630110584 ], [ -89.996442029961955, 29.89415066104856 ], [ -89.996436, 29.894147 ] ], [ [ -90.002295, 29.897287 ], [ -90.002295, 29.897287 ], [ -90.002273, 29.897806 ], [ -90.002295, 29.897287 ] ], [ [ -90.008753, 29.894001 ], [ -90.009427824589181, 29.892444728218909 ], [ -90.008121370954953, 29.895384694218873 ], [ -90.008753, 29.894001 ] ], [ [ -90.013251, 29.886308 ], [ -90.013251, 29.886308 ], [ -90.011969999999849, 29.888211 ], [ -90.010333900845723, 29.89073639315993 ], [ -90.013251, 29.886308 ] ], [ [ -90.01374699999981, 29.885374 ], [ -90.0136114399414, 29.885630948135432 ], [ -90.013774913647595, 29.885320319920879 ], [ -90.01374699999981, 29.885374 ] ], [ [ -90.014937, 29.883104 ], [ -90.014728034382458, 29.883503412649262 ], [ -90.014962579262033, 29.883055177069277 ], [ -90.014937, 29.883104 ] ], [ [ -90.015246387444989, 29.882513610060442 ], [ -90.015373999999881, 29.882284 ], [ -90.015296, 29.882419 ], [ -90.015246387444989, 29.882513610060442 ] ], [ [ -90.01561, 29.882044 ], [ -90.015492100113164, 29.882087134105326 ], [ -90.015613560139457, 29.882034743637547 ], [ -90.01561, 29.882044 ] ], [ [ -90.01571891195421, 29.881812336757022 ], [ -90.016146, 29.88105 ], [ -90.015893, 29.881446 ], [ -90.01571891195421, 29.881812336757022 ] ], [ [ -90.017401237095882, 29.87908345613652 ], [ -90.017591, 29.87878 ], [ -90.017577, 29.878802 ], [ -90.017401237095882, 29.87908345613652 ] ] ] } },
{ "type": "Feature", "properties": { "district_id": 5, "voting_age_pop": 581205, "lib_votes": 0, "grn_votes": 0, "con_votes": 0, "ref_votes": 0, "total_pop": 774396, "dem_votes_sum": 109690, "rep_votes_sum": 238785, "lib_votes_sum": 0, "grn_votes_sum": 0, "con_votes_sum": 0, "ref_votes_sum": 0, "minority_pop_sum": 403772, "dem_pct": 0.31477150441208124, "rep_pct": 0.68522849558791876, "lib_pct": 0.0, "grn_pct": 0.0, "con_pct": 0.0, "ref_pct": 0.0, "minority_pct": 0.52140248658309185, "compactness": 0.11299543443260894 }, "geometry": { "type": "Polygon", "coordinates": [ [ [ -90.727826, 29.675694 ], [ -90.75637, 29.660187 ], [ -90.782764, 29.678426 ], [ -90.760083, 29.681954 ], [ -90.783692, 29.722867 ], [ -90.799844, 29.723578 ], [ -90.815518, 29.77194 ], [ -90.816434, 29.758583 ], [ -90.8351, 29.759273 ], [ -90.816691, 29.755545 ], [ -90.801875, 29.727896 ], [ -90.842037, 29.702043 ], [ -90.890357, 29.69885 ], [ -90.882094, 29.746008 ], [ -90.840893, 29.746508 ], [ -90.888264, 29.772592 ], [ -90.869293, 29.801873 ], [ -90.845326, 29.779454 ], [ -90.838408, 29.799486 ], [ -90.959329, 29.845248 ], [ -90.968737, 29.835156 ], [ -90.946267, 29.828493 ], [ -90.953832, 29.816135 ], [ -90.979534, 29.83074 ], [ -90.988965, 29.788942 ], [ -91.038641, 29.826019 ], [ -91.004138, 29.825309 ], [ -90.976552, 29.855859 ], [ -90.990229, 29.92167 ], [ -91.030683, 29.937352 ], [ -91.0224, 29.953971 ], [ -90.982958, 29.958836 ], [ -90.947224, 29.919342 ], [ -90.846115, 29.921569 ], [ -90.846893, 29.945409 ], [ -90.88639, 29.994127 ], [ -90.886459, 30.023479 ], [ -90.850347, 30.05945 ], [ -90.868957, 30.066995 ], [ -90.869262, 30.121713 ], [ -90.641998, 30.16643 ], [ -90.632811, 30.221409 ], [ -90.558638, 30.193737 ], [ -90.501833, 30.250378 ], [ -90.579426, 30.305837 ], [ -90.656029, 30.303105 ], [ -90.677291, 30.320916 ], [ -90.6769, 30.3442 ], [ -90.71849, 30.37461 ], [ -90.73734, 30.3725 ], [ -90.761933, 30.500229 ], [ -90.762127, 30.510448 ], [ -90.677349, 30.503925 ], [ -90.693089, 30.52967 ], [ -90.626071, 30.618475 ], [ -90.645852, 30.689662 ], [ -90.626979, 30.731228 ], [ -90.633538, 30.749278 ], [ -90.577487, 30.756498 ], [ -90.56673, 30.747784 ], [ -90.56689, 30.879573 ], [ -90.492187, 30.87573 ], [ -90.506338, 30.838276 ], [ -90.497772, 30.777055 ], [ -90.469762, 30.795307 ], [ -90.382617, 30.81488 ], [ -90.290217, 30.819853 ], [ -90.315796, 30.879248 ], [ -90.338102, 30.865358 ], [ -90.376641, 30.867162 ], [ -90.416171, 30.927096 ], [ -90.492326, 30.938818 ], [ -90.465734, 30.96688 ], [ -90.456627, 30.999669 ], [ -89.729616, 31.003927 ], [ -89.737149, 30.976081 ], [ -89.727072, 30.967395 ], [ -89.756513, 30.942861 ], [ -89.744789, 30.918933 ], [ -89.764202, 30.911906 ], [ -89.758719, 30.897319 ], [ -89.77341, 30.897693 ], [ -89.771722, 30.854677 ], [ -89.79247, 30.850386 ], [ -89.781502, 30.818945 ], [ -89.798654, 30.820855 ], [ -89.804632, 30.802511 ], [ -89.815738, 30.803353 ], [ -89.803466, 30.791141 ], [ -89.819154, 30.795233 ], [ -89.835124, 30.771092 ], [ -89.833167, 30.753314 ], [ -89.822459, 30.754628 ], [ -89.828692, 30.738089 ], [ -89.816075, 30.738908 ], [ -89.836698, 30.735063 ], [ -89.825634, 30.727374 ], [ -89.830981, 30.715529 ], [ -89.842529, 30.720418 ], [ -89.835294, 30.691793 ], [ -89.847201, 30.670038 ], [ -89.837835, 30.671917 ], [ -89.852203, 30.661684 ], [ -89.814002, 30.638246 ], [ -89.830711, 30.617221 ], [ -89.813919, 30.607717 ], [ -89.807952, 30.567653 ], [ -89.786865, 30.569053 ], [ -89.803977, 30.560522 ], [ -89.792205, 30.548345 ], [ -89.803919, 30.549349 ], [ -89.779159, 30.544029 ], [ -89.757484, 30.499553 ], [ -89.724822, 30.492129 ], [ -89.683403, 30.451536 ], [ -89.683837, 30.40582 ], [ -89.657249, 30.356632 ], [ -89.629592, 30.33896 ], [ -89.62619, 30.314291 ], [ -89.647514, 30.290534 ], [ -89.614044, 30.244773 ], [ -89.615737, 30.223371 ], [ -89.571907, 30.180721 ], [ -89.53334, 30.194881 ], [ -89.504735, 30.157923 ], [ -89.593398, 30.139067 ], [ -89.684071, 30.175132 ], [ -89.716652, 30.160762 ], [ -89.745064, 30.17724 ], [ -89.80054, 30.150916 ], [ -89.822639, 30.182618 ], [ -89.877004, 30.199332 ], [ -89.997664, 30.149555 ], [ -90.105456, 30.191801 ], [ -90.120985, 30.023548 ], [ -90.153705, 30.022983 ], [ -90.155242, 30.003562 ], [ -90.168518, 30.004301 ], [ -90.174423, 30.022014 ], [ -90.172462, 30.00457 ], [ -90.213455, 29.984928 ], [ -90.209053, 29.97368 ], [ -90.229438, 29.955938 ], [ -90.219039, 29.933963 ], [ -90.204627, 29.935691 ], [ -90.228073, 29.872602 ], [ -90.202995, 29.870452 ], [ -90.211387, 29.844999 ], [ -90.243164, 29.869094 ], [ -90.296768, 29.853033 ], [ -90.413894, 29.860996 ], [ -90.467757, 29.803242 ], [ -90.429887, 29.776387 ], [ -90.374977, 29.762811 ], [ -90.352104, 29.695512 ], [ -90.20259, 29.691606 ], [ -90.155807, 29.67753 ], [ -90.158459, 29.570032 ], [ -90.192016, 29.555059 ], [ -90.277747, 29.55355 ], [ -90.278457, 29.524826 ], [ -90.292958, 29.513649 ], [ -90.31564, 29.533543 ], [ -90.335891, 29.52992 ], [ -90.336342, 29.541981 ], [ -90.35926, 29.532676 ], [ -90.398347, 29.543092 ], [ -90.43767, 29.463609 ], [ -90.506168, 29.50641 ], [ -90.518283, 29.50018 ], [ -90.518221, 29.533988 ], [ -90.54617, 29.553309 ], [ -90.574544, 29.558887 ], [ -90.568727, 29.536496 ], [ -90.58354, 29.512674 ], [ -90.592947, 29.534366 ], [ -90.627291, 29.554018 ], [ -90.631104, 29.546656 ], [ -90.678552, 29.591123 ], [ -90.66823, 29.588835 ], [ -90.672275, 29.60114 ], [ -90.654397, 29.596789 ], [ -90.647605, 29.566127 ], [ -90.605216, 29.553148 ], [ -90.594184, 29.569886 ], [ -90.619309, 29.598092 ], [ -90.657558, 29.607277 ], [ -90.706093, 29.664433 ], [ -90.727826, 29.675694 ] ], [ [ -90.669061, 30.416496 ], [ -90.669898, 30.416932 ], [ -90.670175, 30.416619 ], [ -90.669061, 30.416496 ] ], [ [ -90.39698, 30.073169 ], [ -90.39698, 30.073169 ], [ -90.399307, 30.074766 ], [ -90.39698, 30.073169 ] ], [ [ -90.399055, 30.074346 ], [ -90.398774227591502, 30.072859200165741 ], [ -90.399244, 30.074661000167119 ], [ -90.399055, 30.074346 ] ], [ [ -90.399208, 30.072412 ], [ -90.399208, 30.072412 ], [ -90.399192, 30.072498 ], [ -90.399208, 30.072412 ] ], [ [ -90.40126, 30.073286 ], [ -90.401074429487281, 30.073183213136257 ], [ -90.401313333333334, 30.073320333345237 ], [ -90.40126, 30.073286 ] ], [ [ -90.402663999999874, 30.074096 ], [ -90.40259491927452, 30.074137335194781 ], [ -90.403976600525425, 30.072584087958482 ], [ -90.402663999999874, 30.074096 ] ], [ [ -90.407218, 30.068807 ], [ -90.40552598654169, 30.070782028162814 ], [ -90.412236061517902, 30.063019389214723 ], [ -90.407218, 30.068807 ] ], [ [ -90.420585, 30.053388 ], [ -90.427570228608985, 30.045275807142339 ], [ -90.420584999999889, 30.053388 ], [ -90.416366, 30.058235 ], [ -90.412239, 30.063016 ], [ -90.420585, 30.053388 ] ], [ [ -90.432937, 30.039054 ], [ -90.432175609044748, 30.039930484505863 ], [ -90.433488251752195, 30.038414327669443 ], [ -90.432937, 30.039054 ] ], [ [ -90.434104, 30.037401 ], [ -90.434030419578363, 30.03777567927553 ], [ -90.434646133542856, 30.036786123133172 ], [ -90.434104, 30.037401 ] ], [ [ -90.435005, 30.036378 ], [ -90.434946810039747, 30.036444330576032 ], [ -90.435022684210523, 30.036358000007546 ], [ -90.435005, 30.036378 ] ], [ [ -90.438140035744325, 30.032982184890816 ], [ -90.442121799780153, 30.027926680273538 ], [ -90.442039, 30.028015 ], [ -90.438423, 30.032447 ], [ -90.438140035744325, 30.032982184890816 ] ], [ [ -90.445396, 30.024436 ], [ -90.447936999999868, 30.021581 ], [ -90.445396, 30.024436 ], [ -90.443114031369575, 30.026868824952494 ], [ -90.445396, 30.024436 ] ], [ [ -90.452415, 30.010761 ], [ -90.450965, 30.018352 ], [ -90.451072, 30.017959 ], [ -90.451736, 30.014682 ], [ -90.452415, 30.010761 ] ], [ [ -90.452415, 30.010761 ], [ -90.453712, 30.004039 ], [ -90.453927783811181, 30.003260670806846 ], [ -90.452415, 30.010761 ] ], [ [ -90.454071, 30.003053 ], [ -90.453963216427994, 30.003185656722245 ], [ -90.454154932333154, 30.003018735502334 ], [ -90.454071, 30.003053 ] ], [ [ -90.455856, 30.001611 ], [ -90.455417728221306, 30.002121217670915 ], [ -90.456108538220889, 30.001599384741702 ], [ -90.455856, 30.001611 ] ], [ [ -90.457763, 30.001657 ], [ -90.457000449779059, 30.001597470064432 ], [ -90.458382437466454, 30.001816421254013 ], [ -90.457763, 30.001657 ] ], [ [ -90.460273, 30.000551 ], [ -90.459891999999897, 30.002264 ], [ -90.459892, 30.002264 ], [ -90.460273, 30.000551 ] ], [ [ -90.462126346916847, 30.00093229424284 ], [ -90.462196, 30.000942 ], [ -90.462196, 30.000942 ], [ -90.462126346916847, 30.00093229424284 ] ], [ [ -90.462417, 30.00155 ], [ -90.462425055242747, 30.001516458534635 ], [ -90.462385028943459, 30.001601392757625 ], [ -90.462417, 30.00155 ] ], [ [ -90.461988285131511, 30.002385626746538 ], [ -90.46199, 30.002391 ], [ -90.46199, 30.002391 ], [ -90.461988285131511, 30.002385626746538 ] ], [ [ -90.462028166110088, 30.002422455592125 ], [ -90.462081, 30.002466 ], [ -90.462081, 30.002466 ], [ -90.462028166110088, 30.002422455592125 ] ], [ [ -90.462631, 30.00242 ], [ -90.462591269994917, 30.002233441742945 ], [ -90.46247549542656, 30.002544945552724 ], [ -90.462631, 30.00242 ] ], [ [ -90.462829, 30.001701 ], [ -90.462829, 30.001701 ], [ -90.462629417501546, 30.002073049238351 ], [ -90.462829, 30.001701 ] ], [ [ -90.462944, 30.001092 ], [ -90.462944, 30.001092 ], [ -90.462907572842582, 30.001148975811478 ], [ -90.462944, 30.001092 ] ], [ [ -90.463110999999827, 30.001016 ], [ -90.463028217807718, 30.001036695548077 ], [ -90.463378, 30.001012 ], [ -90.463110999999827, 30.001016 ] ], [ [ -90.463829, 30.001132 ], [ -90.46377342949198, 30.001113697021164 ], [ -90.464011547803878, 30.00123442502327 ], [ -90.463829, 30.001132 ] ], [ [ -90.46405, 30.001256 ], [ -90.464070541535946, 30.001271541301435 ], [ -90.46405, 30.001256 ], [ -90.46405, 30.001256 ] ], [ [ -90.463783, 30.000156 ], [ -90.463782999999893, 30.000156 ], [ -90.464286, 30.001459 ], [ -90.463783, 30.000156 ] ], [ [ -90.442297965346896, 29.994664616287562 ], [ -90.457534, 29.996318 ], [ -90.454808, 29.995746 ], [ -90.442297965346896, 29.994664616287562 ] ], [ [ -90.440263490120742, 29.994502125322285 ], [ -90.429885, 29.994297 ], [ -90.427668771669289, 29.994297998301015 ], [ -90.440263490120742, 29.994502125322285 ] ], [ [ -90.427665, 29.994298 ], [ -90.41883, 29.99345 ], [ -90.414103683228603, 29.992078002943657 ], [ -90.427665, 29.994298 ] ], [ [ -90.413378399610068, 29.991830541354446 ], [ -90.399414, 29.982664 ], [ -90.397399, 29.978265 ], [ -90.413378399610068, 29.991830541354446 ] ], [ [ -90.397354241184985, 29.977832841818529 ], [ -90.397193, 29.976276 ], [ -90.397193, 29.976276 ], [ -90.397354241184985, 29.977832841818529 ] ], [ [ -90.427372, 30.510663 ], [ -90.427367, 30.509929 ], [ -90.427345, 30.508952 ], [ -90.427367, 30.509929 ], [ -90.427367, 30.50998 ], [ -90.427368, 30.510551 ], [ -90.427372, 30.510663 ] ], [ [ -90.427359, 30.507997 ], [ -90.427348, 30.506687 ], [ -90.427345297205107, 30.508931726463423 ], [ -90.427359, 30.507997 ] ], [ [ -90.42735, 30.50645 ], [ -90.427348026142226, 30.506683902147845 ], [ -90.4273555921514, 30.505974667424127 ], [ -90.42735, 30.50645 ] ], [ [ -90.427358055062925, 30.505659001781471 ], [ -90.427361, 30.504801 ], [ -90.427358006526177, 30.504431306218603 ], [ -90.427358055062925, 30.505659001781471 ] ], [ [ -90.427354004703247, 30.503592466372279 ], [ -90.427351, 30.502333 ], [ -90.427352, 30.502826 ], [ -90.427354004703247, 30.503592466372279 ] ], [ [ -90.427347001990185, 30.501985967095006 ], [ -90.427349, 30.500413 ], [ -90.427348020866404, 30.500369918122953 ], [ -90.427347001990185, 30.501985967095006 ] ], [ [ -90.427347, 30.500058 ], [ -90.427347, 30.500058000000106 ], [ -90.427348, 30.500196 ], [ -90.427347, 30.500058 ] ], [ [ -90.427345057084182, 30.499778101952291 ], [ -90.427353, 30.498909 ], [ -90.427349, 30.498514 ], [ -90.427354, 30.498361 ], [ -90.427353, 30.497483 ], [ -90.42735, 30.497288 ], [ -90.427348, 30.497205 ], [ -90.427345057084182, 30.499778101952291 ] ], [ [ -90.427346, 30.497084 ], [ -90.427346, 30.497084 ], [ -90.427348, 30.497205 ], [ -90.427346, 30.497084 ] ], [ [ -90.427354665465586, 30.496491834837798 ], [ -90.427353, 30.496643 ], [ -90.427354, 30.496585 ], [ -90.427354665465586, 30.496491834837798 ] ], [ [ -90.427356619408201, 30.49627617690955 ], [ -90.427361, 30.495889 ], [ -90.427359, 30.496028000000113 ], [ -90.427356619408201, 30.49627617690955 ] ], [ [ -90.427220745341259, 30.484720470819418 ], [ -90.427367, 30.489765 ], [ -90.427328, 30.486991 ], [ -90.427232, 30.484862 ], [ -90.427220745341259, 30.484720470819418 ] ], [ [ -90.427238028222689, 30.484371978603026 ], [ -90.427244, 30.484341 ], [ -90.427244, 30.484341 ], [ -90.427238028222689, 30.484371978603026 ] ], [ [ -90.427827, 30.484008 ], [ -90.427743870637883, 30.484055926638046 ], [ -90.427870074746124, 30.483983863293851 ], [ -90.427827, 30.484008 ] ], [ [ -90.429158, 30.482707 ], [ -90.429147726789125, 30.482738813824817 ], [ -90.429166094798873, 30.48241801578158 ], [ -90.429158, 30.482707 ] ], [ [ -90.429159, 30.481565 ], [ -90.429130817152412, 30.480775880334114 ], [ -90.429168, 30.48235 ], [ -90.429159, 30.481565 ] ], [ [ -90.429129232015569, 30.48073497069527 ], [ -90.429101, 30.480087 ], [ -90.429109, 30.48026 ], [ -90.429129232015569, 30.48073497069527 ] ], [ [ -90.429077596276016, 30.479558022258495 ], [ -90.429087, 30.479159 ], [ -90.429078, 30.479094 ], [ -90.429087, 30.479159 ], [ -90.429083, 30.479206 ], [ -90.429073, 30.479347 ], [ -90.429071, 30.479395 ], [ -90.429077596276016, 30.479558022258495 ] ], [ [ -90.429078, 30.479093 ], [ -90.429078, 30.479093 ], [ -90.429057641620844, 30.478947475325128 ], [ -90.429078, 30.479093 ] ], [ [ -90.429049424235416, 30.478888794565989 ], [ -90.429042, 30.478836 ], [ -90.429042, 30.478836 ], [ -90.429049424235416, 30.478888794565989 ] ], [ [ -90.420176, 30.478837 ], [ -90.426824180970243, 30.478836000123167 ], [ -90.420102408727459, 30.47883747173891 ], [ -90.420176, 30.478837 ] ], [ [ -90.418536, 30.478824 ], [ -90.418536, 30.478824 ], [ -90.419728916984383, 30.478835239465678 ], [ -90.418536, 30.478824 ] ], [ [ -90.417914, 30.478841 ], [ -90.417914, 30.478841 ], [ -90.417937431942377, 30.478840501448012 ], [ -90.417914, 30.478841 ] ], [ [ -90.417067, 30.478845 ], [ -90.417067, 30.478845 ], [ -90.417317430132869, 30.478845755445356 ], [ -90.417067, 30.478845 ] ], [ [ -90.406270045000227, 30.478832585540211 ], [ -90.411219, 30.478828 ], [ -90.411061, 30.478828 ], [ -90.409762, 30.47882 ], [ -90.409721, 30.47882 ], [ -90.406270045000227, 30.478832585540211 ] ], [ [ -90.394221467738831, 29.977221118234031 ], [ -90.392768, 29.977476 ], [ -90.392829, 29.977664 ], [ -90.394221467738831, 29.977221118234031 ] ], [ [ -90.391329993823234, 29.978129391050597 ], [ -90.391606, 29.97783 ], [ -90.391920068690098, 29.977500182778094 ], [ -90.391329993823234, 29.978129391050597 ] ], [ [ -90.386886393242335, 29.982424854999895 ], [ -90.387919, 29.981669 ], [ -90.388437, 29.98129 ], [ -90.386886393242335, 29.982424854999895 ] ], [ [ -90.386270462724084, 29.982692839600567 ], [ -90.38655, 29.982633 ], [ -90.386622042219074, 29.982592760218896 ], [ -90.386270462724084, 29.982692839600567 ] ], [ [ -90.385413999999813, 29.981019 ], [ -90.38605625103969, 29.982277411063528 ], [ -90.385414, 29.981019 ], [ -90.385413999999813, 29.981019 ] ], [ [ -90.384429, 29.981626 ], [ -90.384429, 29.981626 ], [ -90.384461400564277, 29.981605534614314 ], [ -90.384429, 29.981626 ] ], [ [ -90.382789, 29.983036 ], [ -90.382789, 29.983036 ], [ -90.382675717234505, 29.983123946525936 ], [ -90.382789, 29.983036 ] ], [ [ -90.382034, 29.983621 ], [ -90.382034, 29.983621 ], [ -90.381820303283973, 29.983764139866842 ], [ -90.382034, 29.983621 ] ], [ [ -90.380958, 29.984453 ], [ -90.381135860070088, 29.984288380364031 ], [ -90.380678147425428, 29.984701942089806 ], [ -90.380958, 29.984453 ] ], [ [ -90.37815, 29.986869 ], [ -90.37815, 29.986869 ], [ -90.377980605042083, 29.986994889155447 ], [ -90.37815, 29.986869 ] ], [ [ -90.37789118044843, 29.987060274977853 ], [ -90.3768, 29.987798 ], [ -90.377365, 29.987493 ], [ -90.37789118044843, 29.987060274977853 ] ], [ [ -90.374892673523831, 29.988622030124823 ], [ -90.375076, 29.988502 ], [ -90.375608543466157, 29.988296543461896 ], [ -90.374892673523831, 29.988622030124823 ] ], [ [ -90.373283, 29.988954 ], [ -90.373283, 29.988954 ], [ -90.373057008148294, 29.989054360618184 ], [ -90.373283, 29.988954 ] ], [ [ -90.372779, 29.989305 ], [ -90.372779, 29.989305 ], [ -90.372701860855088, 29.989416141328345 ], [ -90.372779, 29.989305 ] ], [ [ -90.372614133715302, 29.989532883870599 ], [ -90.372627, 29.989524 ], [ -90.372627, 29.989524 ], [ -90.372614133715302, 29.989532883870599 ] ], [ [ -90.372131, 29.989843 ], [ -90.372131, 29.989843 ], [ -90.372018394096358, 29.989977757991372 ], [ -90.372131, 29.989843 ] ], [ [ -90.371871, 29.990208 ], [ -90.371871, 29.990208 ], [ -90.37186041877662, 29.990256320941644 ], [ -90.371871, 29.990208 ] ], [ [ -90.37184099999989, 29.990345 ], [ -90.369079, 29.989458 ], [ -90.369514, 29.989561 ], [ -90.37184099999989, 29.990345 ] ], [ [ -90.363813549214711, 29.987838955880399 ], [ -90.363746, 29.987953 ], [ -90.363746, 29.987953 ], [ -90.363813549214711, 29.987838955880399 ] ], [ [ -90.364799, 29.986175 ], [ -90.364799, 29.986175 ], [ -90.364915265536297, 29.986059687533459 ], [ -90.364799, 29.986175 ] ], [ [ -90.365905, 29.986282 ], [ -90.365905, 29.986282 ], [ -90.365634419528064, 29.986172449569779 ], [ -90.365905, 29.986282 ] ], [ [ -90.374737157373858, 29.978927115572635 ], [ -90.367846999999884, 29.984756 ], [ -90.366884663883553, 29.985569995884585 ], [ -90.374737157373858, 29.978927115572635 ] ], [ [ -90.376132, 29.977746 ], [ -90.375944999999888, 29.977905 ], [ -90.375915017126545, 29.977930370225788 ], [ -90.375945, 29.977905 ], [ -90.376132, 29.977746 ], [ -90.376172904797642, 29.977711602790638 ], [ -90.376132, 29.977746 ] ], [ [ -90.377630288026396, 29.976642070547513 ], [ -90.376295999999897, 29.977647 ], [ -90.376281998571912, 29.9776526005714 ], [ -90.377630288026396, 29.976642070547513 ] ], [ [ -90.377784, 29.976242 ], [ -90.375942999999893, 29.972872 ], [ -90.377784, 29.976242 ], [ -90.377869469775177, 29.976404951754542 ], [ -90.377784, 29.976242 ] ], [ [ -90.375503, 29.97216 ], [ -90.375785202704819, 29.972581279990052 ], [ -90.375778, 29.972568 ], [ -90.375503, 29.97216 ] ], [ [ -90.378036, 29.9703 ], [ -90.379337878901211, 29.969302838372379 ], [ -90.379286999999849, 29.969308 ], [ -90.378036, 29.9703 ], [ -90.376388, 29.971483 ], [ -90.375579508478395, 29.97210923269704 ], [ -90.378036, 29.9703 ] ], [ [ -90.379577, 29.969552 ], [ -90.379577, 29.969552 ], [ -90.379638, 29.969651500049796 ], [ -90.379577, 29.969552 ] ], [ [ -90.378013, 29.967731 ], [ -90.378013, 29.967731 ], [ -90.377969528449242, 29.967787059364724 ], [ -90.378013, 29.967731 ] ], [ [ -90.376892, 29.968835 ], [ -90.376892, 29.968835 ], [ -90.376683807188073, 29.968962670473985 ], [ -90.376892, 29.968835 ] ], [ [ -90.374855, 29.96976 ], [ -90.374855, 29.96976 ], [ -90.374834232533814, 29.969765191866593 ], [ -90.374855, 29.96976 ] ], [ [ -90.374549, 29.969835 ], [ -90.374549, 29.969835 ], [ -90.374327816004723, 29.969868358899756 ], [ -90.374549, 29.969835 ] ], [ [ -90.373535, 29.969915 ], [ -90.371109, 29.969713 ], [ -90.374239060071957, 29.969881479604751 ], [ -90.373535, 29.969915 ] ], [ [ -90.370803, 29.969688 ], [ -90.370666710498242, 29.969676986707192 ], [ -90.371109, 29.969713 ], [ -90.370803, 29.969688 ] ], [ [ -90.37011699999988, 29.969633 ], [ -90.370398512030562, 29.969655497889548 ], [ -90.369621, 29.969608 ], [ -90.37011699999988, 29.969633 ] ], [ [ -90.369071, 29.969638 ], [ -90.369071, 29.969638 ], [ -90.368785975768745, 29.969692201330229 ], [ -90.369071, 29.969638 ] ], [ [ -90.367744, 29.97009 ], [ -90.367744, 29.97009 ], [ -90.367565170241747, 29.970200815860977 ], [ -90.367744, 29.97009 ] ], [ [ -90.367004, 29.969478 ], [ -90.368070806870293, 29.968977106226514 ], [ -90.3666026453688, 29.969782095766668 ], [ -90.367004, 29.969478 ] ], [ [ -90.368644, 29.968826 ], [ -90.368644, 29.968826 ], [ -90.368681554168006, 29.968822812746588 ], [ -90.368644, 29.968826 ] ], [ [ -90.369460999999887, 29.968593 ], [ -90.369461, 29.968593 ], [ -90.369281650810478, 29.968250713074202 ], [ -90.369460999999887, 29.968593 ] ], [ [ -90.368522, 29.96676 ], [ -90.368521999999885, 29.96676 ], [ -90.368995, 29.967716 ], [ -90.369016793663675, 29.967755909697392 ], [ -90.368522, 29.96676 ] ], [ [ -90.368320898068816, 29.962709863608023 ], [ -90.368104, 29.963194 ], [ -90.368217, 29.962944 ], [ -90.368320898068816, 29.962709863608023 ] ], [ [ -90.368396966132849, 29.962538258469454 ], [ -90.368644, 29.960748 ], [ -90.368904, 29.960153 ], [ -90.368957, 29.960029 ], [ -90.369033, 29.959779 ], [ -90.369438, 29.958984 ], [ -90.369676496494264, 29.958398093115346 ], [ -90.369033, 29.959779 ], [ -90.368523999999866, 29.960984 ], [ -90.368396966132849, 29.962538258469454 ] ], [ [ -90.370734999999897, 29.95594 ], [ -90.370735, 29.95594 ], [ -90.370756304723685, 29.955915816261758 ], [ -90.370734999999897, 29.95594 ] ], [ [ -90.370853, 29.955661 ], [ -90.370842200000013, 29.955692000019308 ], [ -90.370872, 29.955608 ], [ -90.370853, 29.955661 ] ], [ [ -90.366905, 29.954946 ], [ -90.366905, 29.954946 ], [ -90.36657633316446, 29.955476175302728 ], [ -90.366905, 29.954946 ] ], [ [ -90.364374402727918, 29.959016411494339 ], [ -90.364814, 29.958408 ], [ -90.365969618632064, 29.956472941322644 ], [ -90.364374402727918, 29.959016411494339 ] ], [ [ -90.362594, 29.960853 ], [ -90.360796570612209, 29.962059876446453 ], [ -90.36361607973204, 29.959921108212381 ], [ -90.362594, 29.960853 ] ], [ [ -90.358987267423942, 29.962861860946155 ], [ -90.360099, 29.962419 ], [ -90.360220687477025, 29.962358605356123 ], [ -90.358987267423942, 29.962861860946155 ] ], [ [ -90.356803, 29.963466 ], [ -90.356803, 29.963466 ], [ -90.354700187320944, 29.963779164448404 ], [ -90.356803, 29.963466 ] ], [ [ -90.354053011729832, 29.963869110124836 ], [ -90.340522, 29.965728 ], [ -90.339263, 29.965898 ], [ -90.338838849090749, 29.965976048902508 ], [ -90.354053011729832, 29.963869110124836 ] ], [ [ -90.335401669684927, 29.966715023277384 ], [ -90.337593, 29.966203 ], [ -90.338359375035921, 29.966063728301162 ], [ -90.335401669684927, 29.966715023277384 ] ], [ [ -90.333976, 29.967103 ], [ -90.333976, 29.967103 ], [ -90.333221544180759, 29.967341858656013 ], [ -90.333976, 29.967103 ] ], [ [ -90.330589, 29.968286 ], [ -90.331118775667434, 29.968073947984909 ], [ -90.328926, 29.969015 ], [ -90.330589, 29.968286 ] ], [ [ -90.347603, 29.935071 ], [ -90.347603, 29.935071 ], [ -90.349915608134552, 29.935386523379339 ], [ -90.347603, 29.935071 ] ], [ [ -90.384414, 29.947622 ], [ -90.395262999999872, 29.956634 ], [ -90.391118942445146, 29.960036518194112 ], [ -90.395263, 29.956634 ], [ -90.384414, 29.947622 ] ], [ [ -90.381584, 29.950477 ], [ -90.381584, 29.950477 ], [ -90.382202130316955, 29.948942932855815 ], [ -90.381584, 29.950477 ] ], [ [ -90.380682, 29.952482 ], [ -90.380682, 29.952482 ], [ -90.38068204291416, 29.952481907466353 ], [ -90.380682, 29.952482 ] ], [ [ -90.380335, 29.95323 ], [ -90.380335, 29.95323 ], [ -90.380265937336702, 29.95338004602138 ], [ -90.380335, 29.95323 ] ], [ [ -90.378623, 29.959415 ], [ -90.378623, 29.959415 ], [ -90.378831650091996, 29.959017348168427 ], [ -90.378623, 29.959415 ] ], [ [ -90.377944, 29.960869 ], [ -90.378187014352463, 29.960383971295663 ], [ -90.377889462854412, 29.960977640659628 ], [ -90.377944, 29.960869 ] ], [ [ -90.376731, 29.963262 ], [ -90.376731, 29.963262 ], [ -90.376846010467887, 29.963040578419463 ], [ -90.376731, 29.963262 ] ], [ [ -90.376548, 29.963602 ], [ -90.375335, 29.961185 ], [ -90.376548, 29.963602 ], [ -90.376548, 29.963602 ] ], [ [ -90.371551, 29.955907 ], [ -90.371615272888363, 29.955737073068263 ], [ -90.371536, 29.956064 ], [ -90.371551, 29.955907 ] ], [ [ -90.35928762386186, 29.937637367687067 ], [ -90.369051, 29.940656 ], [ -90.372612, 29.941624 ], [ -90.369051, 29.940656 ], [ -90.35928762386186, 29.937637367687067 ] ], [ [ -90.35088399999988, 29.935526 ], [ -90.351393036761181, 29.935624116932171 ], [ -90.350854654018249, 29.935520497629003 ], [ -90.35088399999988, 29.935526 ] ], [ [ -90.373497, 29.942522 ], [ -90.371811285011077, 29.945745379473884 ], [ -90.373737, 29.942106 ], [ -90.373497, 29.942522 ] ], [ [ -90.371133, 29.94703 ], [ -90.371133, 29.94703 ], [ -90.370983606403399, 29.947299899006122 ], [ -90.371133, 29.94703 ] ], [ [ -90.373942, 29.948692 ], [ -90.372093, 29.947866 ], [ -90.370931786997545, 29.947490759891316 ], [ -90.373942, 29.948692 ] ], [ [ -90.373832, 29.948938 ], [ -90.373831999999894, 29.948938 ], [ -90.37380371125397, 29.949070219194034 ], [ -90.373832, 29.948938 ] ], [ [ -90.373855, 29.949827 ], [ -90.373781723151254, 29.949188355298613 ], [ -90.373770999999891, 29.949277 ], [ -90.373779, 29.949361 ], [ -90.373855, 29.949827 ] ], [ [ -90.373603, 29.950483 ], [ -90.373602999999889, 29.950483 ], [ -90.37343241953343, 29.950924742706675 ], [ -90.373603, 29.950483 ] ], [ [ -90.372037, 29.954626 ], [ -90.372795, 29.952596 ], [ -90.372527999999875, 29.953277 ], [ -90.372037, 29.954626 ] ], [ [ -90.371986, 29.954765 ], [ -90.371662176145151, 29.955613919869904 ], [ -90.372037, 29.954626 ], [ -90.371986, 29.954765 ] ], [ [ -90.363494, 29.952346 ], [ -90.363494, 29.952346 ], [ -90.363289219606145, 29.952259062295891 ], [ -90.363494, 29.952346 ] ], [ [ -90.349512, 29.946349 ], [ -90.347841666986881, 29.945624087928419 ], [ -90.349711474977781, 29.94646594584464 ], [ -90.349512, 29.946349 ] ], [ [ -90.344215, 29.93847 ], [ -90.344260090680805, 29.938067402025442 ], [ -90.344200410286888, 29.938539839360384 ], [ -90.344215, 29.93847 ] ], [ [ -90.386306, 29.96527 ], [ -90.386306, 29.96527 ], [ -90.386707544167933, 29.965634778264498 ], [ -90.386306, 29.96527 ] ], [ [ -90.385979, 29.965542 ], [ -90.385573, 29.96588 ], [ -90.385412503176596, 29.966013640831882 ], [ -90.385979, 29.965542 ] ], [ [ -90.384727, 29.966573 ], [ -90.384864, 29.966461 ], [ -90.384669136589451, 29.966620027266483 ], [ -90.384727, 29.966573 ] ], [ [ -90.383904, 29.967242 ], [ -90.383904, 29.967242 ], [ -90.383942300346533, 29.967210606276257 ], [ -90.383904, 29.967242 ] ], [ [ -90.382632230618142, 29.968276717237558 ], [ -90.382405, 29.968464 ], [ -90.38225304490345, 29.96858933536037 ], [ -90.382405, 29.968464 ], [ -90.382581, 29.968319 ], [ -90.382632230618142, 29.968276717237558 ] ], [ [ -90.381854, 29.968918 ], [ -90.381918542366506, 29.968864983072582 ], [ -90.381772409482011, 29.968985400878466 ], [ -90.381854, 29.968918 ] ], [ [ -90.381574, 29.969149 ], [ -90.381639858092683, 29.969094736659045 ], [ -90.381006, 29.969617 ], [ -90.381574, 29.969149 ] ], [ [ -90.380818332820752, 29.969772238536805 ], [ -90.380531, 29.97001 ], [ -90.380287903696285, 29.970252085796858 ], [ -90.380818332820752, 29.969772238536805 ] ], [ [ -90.389734313860217, 29.961007114091547 ], [ -90.389659, 29.961922 ], [ -90.389632, 29.961799 ], [ -90.389495, 29.961175 ], [ -90.389734313860217, 29.961007114091547 ] ], [ [ -90.387512646374049, 29.965240865510239 ], [ -90.389937999999859, 29.963245 ], [ -90.389423999999877, 29.963667 ], [ -90.388059, 29.96479 ], [ -90.387786, 29.965015 ], [ -90.387731, 29.965061 ], [ -90.387512646374049, 29.965240865510239 ] ], [ [ -90.377998, 29.966451 ], [ -90.377998, 29.966451 ], [ -90.377997236923719, 29.966449495966593 ], [ -90.377998, 29.966451 ] ], [ [ -90.371154, 30.057464 ], [ -90.371154, 30.057464 ], [ -90.371166613916657, 30.05757917059848 ], [ -90.371154, 30.057464 ] ], [ [ -90.370407, 30.057262 ], [ -90.370407, 30.057262 ], [ -90.370139629266518, 30.057581745512657 ], [ -90.370407, 30.057262 ] ], [ [ -90.368156, 30.056783 ], [ -90.368156, 30.056783 ], [ -90.368194, 30.05702 ], [ -90.368156, 30.056783 ] ], [ [ -90.367744, 30.057014 ], [ -90.367744, 30.057014 ], [ -90.367811845634918, 30.057024964953136 ], [ -90.367744, 30.057014 ] ], [ [ -90.366584, 30.057243 ], [ -90.366294, 30.057426 ], [ -90.3669353169022, 30.057188889142619 ], [ -90.366584, 30.057243 ] ], [ [ -90.363807, 30.057636 ], [ -90.363464, 30.057706 ], [ -90.364319608006184, 30.057453278458471 ], [ -90.363807, 30.057636 ] ], [ [ -90.355822595062762, 30.055946347648806 ], [ -90.355796, 30.055942 ], [ -90.355796, 30.055942 ], [ -90.355822595062762, 30.055946347648806 ] ], [ [ -90.355513666666667, 30.055980000014575 ], [ -90.354949, 30.056056 ], [ -90.354949, 30.056056 ], [ -90.355513666666667, 30.055980000014575 ] ], [ [ -90.344963, 30.054056 ], [ -90.344963, 30.054056 ], [ -90.345721245697973, 30.054002954022291 ], [ -90.344963, 30.054056 ] ], [ [ -90.342102, 30.053873 ], [ -90.342102, 30.053873 ], [ -90.342731094703808, 30.053893396776417 ], [ -90.342102, 30.053873 ] ], [ [ -90.328323127524271, 30.053846998075482 ], [ -90.329234, 30.053503 ], [ -90.329309057372342, 30.053498821548803 ], [ -90.329233999999815, 30.053503 ], [ -90.328783999999885, 30.053661 ], [ -90.328323127524271, 30.053846998075482 ] ], [ [ -90.326399138833168, 30.052632736692253 ], [ -90.326343, 30.053522 ], [ -90.326345909020844, 30.053526247173448 ], [ -90.326461, 30.052984 ], [ -90.326399138833168, 30.052632736692253 ] ], [ [ -90.326043, 30.053434 ], [ -90.326042999999885, 30.053434 ], [ -90.325987521399128, 30.05356807333202 ], [ -90.326043, 30.053434 ] ], [ [ -90.325540999999873, 30.054042 ], [ -90.325139, 30.054317 ], [ -90.32582084210118, 30.053770861305292 ], [ -90.325540999999873, 30.054042 ] ], [ [ -90.318930845302333, 30.055731933346689 ], [ -90.319391, 30.055489 ], [ -90.320109, 30.055432 ], [ -90.320477, 30.055361 ], [ -90.322984, 30.054731 ], [ -90.323869, 30.054662 ], [ -90.324327616611399, 30.054562963205687 ], [ -90.318930845302333, 30.055731933346689 ] ], [ [ -90.3177711578399, 30.056032430748001 ], [ -90.316696, 30.056318 ], [ -90.316696, 30.056318 ], [ -90.3177711578399, 30.056032430748001 ] ], [ [ -90.329944038753624, 29.970947085851506 ], [ -90.333421883987015, 29.977587264876881 ], [ -90.331588, 29.974067 ], [ -90.329944038753624, 29.970947085851506 ] ], [ [ -90.338867, 29.98081 ], [ -90.338867, 29.98081 ], [ -90.339554071101674, 29.981009397055701 ], [ -90.338867, 29.98081 ] ], [ [ -90.341789, 29.981658 ], [ -90.341789, 29.981658 ], [ -90.34177954218859, 29.981704859171163 ], [ -90.341789, 29.981658 ] ], [ [ -90.341659, 29.982184 ], [ -90.341659, 29.982184 ], [ -90.341652902104087, 29.982208301938886 ], [ -90.341659, 29.982184 ] ], [ [ -90.341583, 29.98249 ], [ -90.341583, 29.98249 ], [ -90.34151242491015, 29.982780027639649 ], [ -90.341583, 29.98249 ] ], [ [ -90.340423, 29.98726 ], [ -90.340423, 29.98726 ], [ -90.340304456318094, 29.987733998406728 ], [ -90.340423, 29.98726 ] ], [ [ -90.334922000000105, 30.007678 ], [ -90.334922, 30.007678 ], [ -90.334411234322545, 30.009590004578762 ], [ -90.334922000000105, 30.007678 ] ], [ [ -90.333244, 30.017429 ], [ -90.333244, 30.017429 ], [ -90.33316484726906, 30.018195225989512 ], [ -90.333244, 30.017429 ] ], [ [ -90.332443, 30.021541 ], [ -90.332443, 30.021541 ], [ -90.332256241711164, 30.022030621846557 ], [ -90.332443, 30.021541 ] ], [ [ -90.330986, 30.025587 ], [ -90.330986, 30.025587 ], [ -90.330993201509884, 30.025631191103688 ], [ -90.330986, 30.025587 ] ], [ [ -90.331207, 30.02588 ], [ -90.331207, 30.02588 ], [ -90.331222869060014, 30.025919672657096 ], [ -90.331207, 30.02588 ] ], [ [ -90.331222, 30.026027 ], [ -90.331222, 30.026027 ], [ -90.331185994663812, 30.026054477756727 ], [ -90.331222, 30.026027 ] ], [ [ -90.330859044033545, 30.025943507987748 ], [ -90.330955, 30.025957 ], [ -90.330871, 30.025939 ], [ -90.330859044033545, 30.025943507987748 ] ], [ [ -90.330543, 30.026176 ], [ -90.330656243354085, 30.026124231616905 ], [ -90.330543, 30.026176 ], [ -90.330543, 30.026176 ] ], [ [ -90.33049, 30.026243 ], [ -90.33049, 30.026243 ], [ -90.330489839460455, 30.026245588701691 ], [ -90.33049, 30.026243 ] ], [ [ -90.330398, 30.026424 ], [ -90.330398, 30.026424 ], [ -90.330462285530984, 30.026384204197523 ], [ -90.330398, 30.026424 ] ], [ [ -90.330223, 30.026792 ], [ -90.330223, 30.026792 ], [ -90.330233545272975, 30.026858626976175 ], [ -90.330223, 30.026792 ] ], [ [ -90.330123, 30.027074 ], [ -90.330140575586739, 30.027053399120057 ], [ -90.330123, 30.027074 ], [ -90.330123, 30.027074 ] ], [ [ -90.323763, 30.040958 ], [ -90.323763, 30.040958 ], [ -90.323548304299749, 30.041357364297124 ], [ -90.323763, 30.040958 ] ], [ [ -90.321782, 30.045179 ], [ -90.321782, 30.045179 ], [ -90.320915303548375, 30.047065883438691 ], [ -90.321782, 30.045179 ] ], [ [ -90.318439, 30.052487 ], [ -90.318439, 30.052487 ], [ -90.3182976396063, 30.052797426836321 ], [ -90.318439, 30.052487 ] ], [ [ -90.375236, 30.060571 ], [ -90.375236, 30.060571 ], [ -90.375208378842856, 30.060550162993579 ], [ -90.375236, 30.060571 ] ], [ [ -90.373199, 30.058971 ], [ -90.373847, 30.059095 ], [ -90.373199, 30.058971 ], [ -90.373199, 30.058971 ] ] ] } }
]
}
