{
"type": "FeatureCollection",
"name": "michigan_optimized_districts_all",
"crs": { "type": "name", "properties": { "name": "urn:ogc:def:crs:OGC:1.3:CRS84" } },
"features": [
{ "type": "Feature", "properties": { "opt_all": 1, "population": 774487.0, "voting_age_pop": 631682.0, "dem_votes": 156647.0, "rep_votes": 224840.0, "minority_pop": 57850.0, "dem_pct": 0.41062211807725502, "rep_pct": 0.58937788166061289 }, "geometry": { "type": "MultiPolygon", "coordinates": [ [ [ [ -88.782073000002299, 46.016185000002721 ], [ -88.851133000001695, 46.040444000002061 ], [ -88.990864000002077, 46.097381000002237 ], [ -89.091638000002305, 46.138447000002287 ], [ -89.49058600000258, 46.215355000002511 ], [ -89.740671000001868, 46.263573000002395 ], [ -89.990502000001527, 46.311636000002125 ], [ -90.120572000002255, 46.337039000002171 ], [ -90.118822000001884, 46.359531000002299 ], [ -90.1583450000022, 46.40969600000232 ], [ -90.160503000001881, 46.426680000001866 ], [ -90.178442000002036, 46.449899000002418 ], [ -90.189642000001925, 46.467028000002713 ], [ -90.229601000002276, 46.508416000002335 ], [ -90.263139000002354, 46.502668000002018 ], [ -90.310839000002019, 46.536289000002128 ], [ -90.395069000001996, 46.533768000002077 ], [ -90.417496000001577, 46.56619700000261 ], [ -90.330584000002247, 46.608815000002679 ], [ -90.305318000002316, 46.603058000002243 ], [ -90.16274000000152, 46.645859000001877 ], [ -90.097467000001842, 46.655579000002469 ], [ -90.018215000002129, 46.679593000001908 ], [ -89.989014000002413, 46.70003500000248 ], [ -89.921832000002468, 46.737306000002548 ], [ -89.888178000002569, 46.765488000002435 ], [ -89.834886000001461, 46.803320000002088 ], [ -89.786293000002246, 46.81920800000217 ], [ -89.666764000002502, 46.83260900000213 ], [ -89.629036000002145, 46.818460000002723 ], [ -89.51397600000206, 46.841684000002012 ], [ -89.439974000002394, 46.839355000002527 ], [ -89.348555000002364, 46.864381000002439 ], [ -89.217587000001799, 46.919224000001975 ], [ -89.174562000001742, 46.963031000001912 ], [ -89.118128000001605, 46.994005000002069 ], [ -89.059598000002126, 46.989924000002418 ], [ -88.970348000001593, 47.002895000002361 ], [ -88.933303000001771, 47.031256000002017 ], [ -88.904030000001569, 47.085784000002619 ], [ -88.846761000002601, 47.114608000002029 ], [ -88.819777000002034, 47.13895500000244 ], [ -88.764630000001489, 47.155446000002613 ], [ -88.682618000001639, 47.214275000002658 ], [ -88.628650000001599, 47.230137000002557 ], [ -88.576033000001601, 47.244726000002714 ], [ -88.55217100000246, 47.261895000002184 ], [ -88.51253500000243, 47.285945000002478 ], [ -88.425056000001689, 47.369062000002074 ], [ -88.371708000001391, 47.392726000002071 ], [ -88.299189000002102, 47.414930000001988 ], [ -88.236970000001563, 47.43077500000242 ], [ -88.217604000001927, 47.449657000002183 ], [ -88.047846000002195, 47.475015000001889 ], [ -87.9200360000019, 47.478241000002384 ], [ -87.91999300000208, 47.495235000002509 ], [ -87.771565000001431, 47.49475300000244 ], [ -87.687205000002393, 47.455462000002072 ], [ -87.566913000002273, 47.453800000002602 ], [ -87.566183000001985, 47.387717000002311 ], [ -87.687939000001734, 47.390180000002239 ], [ -87.813709000001907, 47.367652000002252 ], [ -87.861571000001703, 47.378324000002323 ], [ -87.904244000001583, 47.357272000002105 ], [ -87.925116000002205, 47.322456000002241 ], [ -87.968751000002214, 47.310374000002163 ], [ -88.000203000001946, 47.28903200000191 ], [ -88.105997000001949, 47.249432000002216 ], [ -88.176406000002245, 47.199727000002589 ], [ -88.227403000001374, 47.199939000002409 ], [ -88.24212600000223, 47.171125000002469 ], [ -88.24697000000144, 47.135970000002636 ], [ -88.288817000002098, 47.130597000002211 ], [ -88.296842000002371, 47.099452000002493 ], [ -88.348608000002372, 47.078061000002563 ], [ -88.374517000002299, 47.01161500000223 ], [ -88.406756000001693, 46.982003000002585 ], [ -88.434215000002126, 46.974933000001855 ], [ -88.451200000001933, 46.938976000002249 ], [ -88.475511000001816, 46.887592000002407 ], [ -88.478178000002146, 46.852093000002611 ], [ -88.403911000001798, 46.851592000002334 ], [ -88.364515000002399, 46.856795000002109 ], [ -88.298558000002188, 46.896452000002505 ], [ -88.243099000001905, 46.930137000002027 ], [ -88.144715000001611, 46.966893000002067 ], [ -88.187881000002335, 46.918952000001958 ], [ -88.175232000001273, 46.904481000002122 ], [ -88.081702000002025, 46.920562000002732 ], [ -88.044554000001853, 46.911936000002747 ], [ -87.989710000001665, 46.904899000002025 ], [ -87.900982000002287, 46.909762000002146 ], [ -87.847239000001352, 46.884184000002655 ], [ -87.817934000001628, 46.890818000002305 ], [ -87.740873000001741, 46.864740000002293 ], [ -87.732817000001759, 46.832714000002468 ], [ -87.633306000001483, 46.812301000002456 ], [ -87.593049000001955, 46.778670000002471 ], [ -87.574419000002493, 46.721148000002607 ], [ -87.522975000002035, 46.678880000002039 ], [ -87.503850000001748, 46.648161000002553 ], [ -87.401767000002536, 46.601365000001984 ], [ -87.361766000002106, 46.600862000002707 ], [ -87.363227000002183, 46.549488000002107 ], [ -87.363996000002302, 46.520683000002812 ], [ -87.352499000002538, 46.500858000002417 ], [ -87.282566000002063, 46.489278000002479 ], [ -87.116634000002193, 46.494808000001953 ], [ -87.083864000001498, 46.528685000002142 ], [ -87.046280000001701, 46.529609000002623 ], [ -87.012599000002126, 46.54658300000203 ], [ -86.965108000001806, 46.534036000002814 ], [ -86.940169000002228, 46.499456000002333 ], [ -86.880510000001365, 46.49103400000255 ], [ -86.866364000002051, 46.456107000002163 ], [ -86.835479000002138, 46.445168000002759 ], [ -86.773304000002156, 46.507447000002664 ], [ -86.751387000001301, 46.517891000002216 ], [ -86.685332000002177, 46.567075000001978 ], [ -86.6269030000025, 46.559240000002717 ], [ -86.612580000001813, 46.505530000002771 ], [ -86.576384000002093, 46.491243000002058 ], [ -86.523545000001533, 46.525384000002589 ], [ -86.499989000001349, 46.55271700000268 ], [ -86.438109000001859, 46.560294000002457 ], [ -86.365049000001946, 46.587457000002075 ], [ -86.203055000002294, 46.655498000002794 ], [ -86.163710000002226, 46.678033000002365 ], [ -86.131438000002504, 46.682281000002163 ], [ -86.077219000002401, 46.672380000002384 ], [ -85.995971000001347, 46.684498000002812 ], [ -85.864558000001921, 46.689921000002769 ], [ -85.753903000002225, 46.677444000002637 ], [ -85.655764000002506, 46.680199000002375 ], [ -85.576667000001436, 46.673940000002275 ], [ -85.483325000002452, 46.680190000002163 ], [ -85.360280000001566, 46.717087000002877 ], [ -85.307752000001685, 46.738849000002766 ], [ -85.237886000001296, 46.755533000002046 ], [ -85.175671000002083, 46.774487000002381 ], [ -85.053831000002475, 46.771042000002048 ], [ -84.970931000002224, 46.781907000002057 ], [ -84.941063000001506, 46.757520000002856 ], [ -84.987120000002335, 46.723672000002473 ], [ -85.009940000001606, 46.687257000002155 ], [ -85.014331000001704, 46.558544000002165 ], [ -84.954719000001461, 46.544397000002732 ], [ -84.932108000002188, 46.500020000002777 ], [ -84.894876000001958, 46.474729000002711 ], [ -84.856549000001252, 46.477053000002918 ], [ -84.812824000002166, 46.45536100000222 ], [ -84.683751000001607, 46.496393000002215 ], [ -84.590378000001891, 46.489171000002592 ], [ -84.556976000001512, 46.460650000002197 ], [ -84.475594000001379, 46.452864000002108 ], [ -84.466910000001391, 46.463174000002688 ], [ -84.445149000001521, 46.489016000002145 ], [ -84.388296000001432, 46.502337000002363 ], [ -84.329466000001219, 46.501862000002284 ], [ -84.306944000002048, 46.49590000000255 ], [ -84.265391000001188, 46.494393000002241 ], [ -84.226131000002383, 46.533920000002311 ], [ -84.128925000002241, 46.530119000002465 ], [ -84.111225000001539, 46.504119000002582 ], [ -84.146172000002167, 46.418520000002829 ], [ -84.138906000002407, 46.372221000002078 ], [ -84.106247000001574, 46.321963000002143 ], [ -84.119332000002231, 46.315173000002666 ], [ -84.108089000001954, 46.241238000002248 ], [ -84.077027000002246, 46.187558000002653 ], [ -84.005685000001918, 46.149551000002077 ], [ -84.005873000002438, 46.118469000002079 ], [ -83.976134000001679, 46.102554000002712 ], [ -83.955424000002097, 46.057188000002931 ], [ -83.945239000001251, 46.057875000002696 ], [ -83.903737000002323, 46.060819000002986 ], [ -83.826243000001753, 46.119288000002562 ], [ -83.759529000002388, 46.103173000002343 ], [ -83.654647000001205, 46.122055000002909 ], [ -83.571467000002158, 46.10599800000233 ], [ -83.433558000001284, 45.998895000002392 ], [ -83.518515000001713, 45.906694000002126 ], [ -83.56311800000195, 45.905626000002385 ], [ -83.665419000001307, 45.936294000002427 ], [ -83.716911000001744, 45.928571000002513 ], [ -83.835420000002074, 45.931761000002894 ], [ -83.889896000001812, 45.951413000002567 ], [ -83.941189000001444, 45.958977000002626 ], [ -83.995392000002383, 45.942376000002326 ], [ -84.108148000001435, 45.962331000002173 ], [ -84.114287000002335, 45.978239000002127 ], [ -84.169424000001484, 45.966995000002647 ], [ -84.238323000002097, 45.967660000002077 ], [ -84.254815000002068, 45.955818000002942 ], [ -84.33427500000127, 45.95518300000289 ], [ -84.376443000002183, 45.931953000002345 ], [ -84.488535000002116, 45.988858000002338 ], [ -84.4898600000013, 45.917457000002969 ], [ -84.615732000002311, 45.914711000002242 ], [ -84.63889300000146, 45.898498000002483 ], [ -84.588226000001612, 45.866698000002387 ], [ -84.569260000002174, 45.823311000002136 ], [ -84.500039000001365, 45.815880000002196 ], [ -84.438727000001478, 45.794538000002802 ], [ -84.349811000001353, 45.775021000002695 ], [ -84.368156000002003, 45.73993300000253 ], [ -84.424650000001705, 45.71566900000289 ], [ -84.50836800000198, 45.7378350000022 ], [ -84.555155000001363, 45.787175000002335 ], [ -84.610816000001819, 45.814185000002531 ], [ -84.672285000001267, 45.858612000002331 ], [ -84.659490000002336, 45.896537000002837 ], [ -84.734081000002021, 45.897201000002646 ], [ -84.716960000001535, 45.848570000002546 ], [ -84.744444000001849, 45.837154000002563 ], [ -84.81104000000137, 45.869190000002369 ], [ -84.842197000002258, 45.898096000002809 ], [ -84.908583000002054, 45.923202000002433 ], [ -84.938182000001376, 45.957257000002215 ], [ -85.015322000001746, 46.011295000002669 ], [ -85.112964000002194, 46.037486000002829 ], [ -85.13586000000123, 46.048273000002681 ], [ -85.204774000002388, 46.044412000002289 ], [ -85.237193000002279, 46.059769000002071 ], [ -85.297166000001567, 46.073768000002211 ], [ -85.326461000001942, 46.090552000002717 ], [ -85.362223000001265, 46.090092000002883 ], [ -85.42725700000139, 46.102059000002065 ], [ -85.458108000001999, 46.090588000002349 ], [ -85.528003000002158, 46.087818000002109 ], [ -85.613437000002335, 46.014615000002422 ], [ -85.654397000001779, 45.967101000002344 ], [ -85.742923000002008, 45.965043000002296 ], [ -85.811914000002389, 45.980035000002609 ], [ -85.865402000001509, 45.968253000002271 ], [ -85.922901000002497, 45.947499000002146 ], [ -85.925737000002016, 45.924663000002077 ], [ -85.991461000002118, 45.948709000002125 ], [ -86.068378000002213, 45.965102000002055 ], [ -86.116654000001716, 45.964815000002233 ], [ -86.162818000002147, 45.953995000002543 ], [ -86.221690000001345, 45.957822000002231 ], [ -86.237868000001257, 45.947097000002593 ], [ -86.271713000001895, 45.944903000002142 ], [ -86.325090000002064, 45.905769000002458 ], [ -86.349488000002239, 45.831796000002278 ], [ -86.351876000001923, 45.798035000002152 ], [ -86.42477800000222, 45.789355000002544 ], [ -86.459868000001961, 45.757044000002502 ], [ -86.496496000001812, 45.737183000002162 ], [ -86.519855000002423, 45.705299000002334 ], [ -86.568896000002439, 45.692079000002487 ], [ -86.54177900000245, 45.666731000002734 ], [ -86.607687000001789, 45.499988000002467 ], [ -86.639448000002204, 45.396806000002314 ], [ -86.754236000002194, 45.443610000002259 ], [ -86.871985000002539, 45.443897000002515 ], [ -86.87079500000246, 45.571276000002243 ], [ -86.847850000002424, 45.571332000002563 ], [ -86.756559000002568, 45.739699000002837 ], [ -86.751884000002192, 45.748079000002335 ], [ -86.702940000001689, 45.824418000002225 ], [ -86.75727900000237, 45.82471600000256 ], [ -86.75419700000144, 45.795372000002509 ], [ -86.855433000002165, 45.70385400000238 ], [ -86.893942000002497, 45.700644000002008 ], [ -86.977341000002227, 45.658634000002614 ], [ -86.999956000002342, 45.706207000002493 ], [ -86.991288000002299, 45.750976000002325 ], [ -87.003325000002064, 45.824150000002646 ], [ -87.006216000001587, 45.832327000002451 ], [ -87.030469000001517, 45.829752000002131 ], [ -87.043643000001452, 45.829823000002712 ], [ -87.057763000001827, 45.810866000002392 ], [ -87.05626000000187, 45.775646000002737 ], [ -87.044242000001873, 45.73114100000199 ], [ -87.079619000002467, 45.70455000000284 ], [ -87.100026000002515, 45.687224000002459 ], [ -87.167545000002136, 45.664462000002537 ], [ -87.197210000002329, 45.638470000002478 ], [ -87.264205000002377, 45.550545000002856 ], [ -87.129118000001512, 45.550485000002659 ], [ -87.127826000001349, 45.409487000002102 ], [ -87.171170000001297, 45.352540000002612 ], [ -87.315422000002187, 45.240657000002521 ], [ -87.405694000002356, 45.201969000002073 ], [ -87.44250800000151, 45.076434000002365 ], [ -87.585486000002319, 45.096891000002493 ], [ -87.62512200000242, 45.102951000002612 ], [ -87.664444000001822, 45.115580000002275 ], [ -87.708201000001594, 45.157688000002082 ], [ -87.741799000002175, 45.197051000002617 ], [ -87.690176000002168, 45.29063300000206 ], [ -87.647768000002387, 45.340563000002199 ], [ -87.658175000002075, 45.369476000002365 ], [ -87.698729000002032, 45.388356000002538 ], [ -87.754104000002286, 45.349442000002725 ], [ -87.850418000001582, 45.347492000002056 ], [ -87.884855000001494, 45.362792000002301 ], [ -87.849668000001984, 45.409518000002272 ], [ -87.861697000002252, 45.434473000002008 ], [ -87.812928000001421, 45.464421000002297 ], [ -87.792769000002025, 45.499967000002187 ], [ -87.808366000001442, 45.544662000002809 ], [ -87.777494000002037, 45.59383500000272 ], [ -87.824392000002575, 45.647710000002398 ], [ -87.781007000002305, 45.673934000002781 ], [ -87.812338000001404, 45.711303000002829 ], [ -87.846602000001454, 45.722544000002678 ], [ -87.879812000002403, 45.754843000002367 ], [ -87.942245000001719, 45.757693000002547 ], [ -87.986429000002161, 45.769596000002203 ], [ -88.005855000002498, 45.792604000002527 ], [ -88.050640000002531, 45.780999000002105 ], [ -88.087206000001643, 45.784743000002422 ], [ -88.134243000002201, 45.822741000002679 ], [ -88.074396000002082, 45.866190000002639 ], [ -88.101757000002351, 45.883192000002715 ], [ -88.116845000002115, 45.921627000002779 ], [ -88.197126000002413, 45.953213000002215 ], [ -88.219139000001377, 45.947503000002619 ], [ -88.328041000002244, 45.963539000002349 ], [ -88.380891000002222, 45.991813000002338 ], [ -88.423493000001869, 45.982072000001992 ], [ -88.464731000001862, 46.000738000002791 ], [ -88.492706000001405, 45.992493000002561 ], [ -88.507480000002232, 46.018516000002144 ], [ -88.565127000002363, 46.015729000002679 ], [ -88.616471000001937, 45.987732000002637 ], [ -88.658654000001874, 45.989290000002349 ], [ -88.678868000002154, 46.013595000002425 ], [ -88.739671000001309, 46.027423000001974 ], [ -88.782073000002299, 46.016185000002721 ] ] ], [ [ [ -89.359822000002211, 47.980063000001778 ], [ -89.33755000000248, 47.974261000002123 ], [ -88.802509000002075, 48.194102000001877 ], [ -88.677442000002429, 48.245397000002228 ], [ -88.369862000001788, 48.306063000002304 ], [ -88.30834400000154, 48.282707000002297 ], [ -88.307078000002221, 48.043811000002648 ], [ -88.472365000001972, 47.997818000002255 ], [ -88.805515000002458, 47.882957000002051 ], [ -89.125094000001411, 47.772478000002117 ], [ -89.356462000002324, 47.770833000002149 ], [ -89.359822000002211, 47.980063000001778 ] ] ], [ [ [ -86.257971000001376, 44.677203000002777 ], [ -86.238529000002444, 44.704014000002687 ], [ -86.156377000002237, 44.731868000002621 ], [ -86.091252000001504, 44.73994300000237 ], [ -86.074488000002432, 44.778102000002619 ], [ -86.093799000001283, 44.794074000002283 ], [ -86.081009000001444, 44.831525000002863 ], [ -86.08588800000237, 44.863011000002359 ], [ -86.078631000001948, 44.912166000002905 ], [ -86.12471000000204, 44.935409000002302 ], [ -86.12509600000206, 44.988305000002335 ], [ -86.172949000001381, 45.009369000002515 ], [ -86.141867000001525, 45.053426000002673 ], [ -86.08042500000164, 45.050215000002098 ], [ -86.062246000001295, 45.038267000002747 ], [ -86.059693000001914, 44.999992000002749 ], [ -86.000093000002153, 44.999992000002706 ], [ -86.000092000001999, 45.046785000002913 ], [ -86.062552000001418, 45.088454000002265 ], [ -86.078112000001468, 45.110747000002384 ], [ -86.078401000001634, 45.145215000002402 ], [ -86.04655500000176, 45.171471000002647 ], [ -85.985539000001623, 45.162053000002821 ], [ -85.960801000001325, 45.137207000002398 ], [ -85.826700000002148, 45.083137000002701 ], [ -85.823906000001273, 45.187044000002182 ], [ -85.829067000001643, 45.249710000002722 ], [ -85.856976000002049, 45.387300000002213 ], [ -85.890750000002541, 45.421741000002797 ], [ -85.894211000002144, 45.452426000002745 ], [ -85.862625000001813, 45.451303000002888 ], [ -85.811505000002427, 45.492520000002081 ], [ -85.766167000002298, 45.498816000002357 ], [ -85.751827000002507, 45.48128100000249 ], [ -85.753195000002023, 45.22552000000276 ], [ -85.649517000001595, 45.187600000002732 ], [ -85.591022000001743, 45.194771000002767 ], [ -85.545794000001436, 45.221057000002183 ], [ -85.510222000002145, 45.189615000002092 ], [ -85.546846000002475, 45.156019000002473 ], [ -85.542725000001724, 45.130314000002379 ], [ -85.552528000002496, 45.040459000002592 ], [ -85.561745000002489, 44.952258000002153 ], [ -85.59472500000166, 44.901090000002384 ], [ -85.597619000001387, 44.862809000002919 ], [ -85.612962000001559, 44.83202700000227 ], [ -85.612318000002134, 44.785381000002907 ], [ -85.641011000001413, 44.775068000002626 ], [ -85.612895000002197, 44.76492400000285 ], [ -85.605424000002145, 44.765428000002267 ], [ -85.594334000002434, 44.774490000002487 ], [ -85.573364000002428, 44.821553000002119 ], [ -85.592049000001737, 44.862352000002346 ], [ -85.579081000001509, 44.877177000002547 ], [ -85.532682000001344, 44.873361000002113 ], [ -85.5454360000017, 44.901218000002523 ], [ -85.521101000002346, 44.973182000002325 ], [ -85.474311000001478, 44.99097000000269 ], [ -85.485506000002232, 44.953593000002385 ], [ -85.499697000002016, 44.856357000002909 ], [ -85.534957000002095, 44.835643000002712 ], [ -85.557210000001916, 44.816348000002819 ], [ -85.565470000002023, 44.778026000002193 ], [ -85.575232000002188, 44.758428000002986 ], [ -85.534264000002196, 44.746883000002121 ], [ -85.526340000002051, 44.747920000002907 ], [ -85.50446400000159, 44.774316000002109 ], [ -85.499058000001966, 44.804475000002711 ], [ -85.470595000002277, 44.817118000002182 ], [ -85.443110000002321, 44.859818000002591 ], [ -85.409221000002432, 44.905410000002227 ], [ -85.390170000002286, 44.946372000002725 ], [ -85.382687000001866, 44.990785000002539 ], [ -85.38044800000192, 45.046746000002855 ], [ -85.36697100000184, 45.067902000002761 ], [ -85.369805000002117, 45.121542000002869 ], [ -85.399460000002023, 45.142851000002743 ], [ -85.405365000001524, 45.195773000002767 ], [ -85.388673000002441, 45.207766000002565 ], [ -85.371417000001813, 45.27176300000265 ], [ -85.334949000001671, 45.293665000002257 ], [ -85.270776000002442, 45.316244000002534 ], [ -85.263071000002455, 45.31961800000213 ], [ -85.262562000001239, 45.319835000002989 ], [ -85.255363000001296, 45.32572400000285 ], [ -85.219174000001459, 45.349623000002765 ], [ -85.136922000002158, 45.373524000002639 ], [ -85.096003000002071, 45.366431000002493 ], [ -85.035730000002019, 45.362705000002656 ], [ -84.96530100000227, 45.376569000002704 ], [ -84.964673000002051, 45.414370000002108 ], [ -84.971068000002376, 45.427406000002712 ], [ -85.012253000001508, 45.431114000002545 ], [ -85.041564000001429, 45.436497000002099 ], [ -85.091959000001879, 45.479193000002397 ], [ -85.116563000002188, 45.55090100000205 ], [ -85.118971000001295, 45.574800000002845 ], [ -85.076043000001789, 45.623139000002915 ], [ -85.070333000001511, 45.633952000002949 ], [ -85.002907000002253, 45.65948300000214 ], [ -84.975780000002359, 45.683340000002332 ], [ -84.940981000001344, 45.727080000002907 ], [ -84.938660000002031, 45.759873000002628 ], [ -84.853252000002044, 45.748961000002659 ], [ -84.799848000002186, 45.747011000002367 ], [ -84.7819000000015, 45.760187000002361 ], [ -84.774140000001736, 45.812819000002911 ], [ -84.732595000001751, 45.810330000002089 ], [ -84.71598800000244, 45.766299000002952 ], [ -84.608799000001838, 45.723864000002607 ], [ -84.497678000001869, 45.669849000002849 ], [ -84.442247000001331, 45.65493900000228 ], [ -84.41340200000235, 45.669554000002222 ], [ -84.37504500000145, 45.655536000002648 ], [ -84.330162000001835, 45.664440000002536 ], [ -84.20426300000193, 45.626247000002152 ], [ -84.128931000002368, 45.562408000002605 ], [ -84.125090000002444, 45.533279000002977 ], [ -84.081546000001964, 45.49157900000283 ], [ -84.00947600000147, 45.494624000002332 ], [ -83.938849000001468, 45.493110000002609 ], [ -83.907669000002059, 45.4848900000027 ], [ -83.845582000001713, 45.438422000002554 ], [ -83.762522000001852, 45.425998000002146 ], [ -83.761812000001541, 45.412960000002521 ], [ -83.716281000001402, 45.414924000002785 ], [ -83.698433000001657, 45.396722000002391 ], [ -83.639803000001493, 45.370603000002149 ], [ -83.598087000001755, 45.351766000002698 ], [ -83.520276000002099, 45.347529000002211 ], [ -83.490782000001488, 45.358942000002799 ], [ -83.470895000001775, 45.332019000002376 ], [ -83.418007000001509, 45.288770000002977 ], [ -83.381436000001827, 45.269461000002515 ], [ -83.413069000001443, 45.24095900000237 ], [ -83.388467000001725, 45.207108000002371 ], [ -83.346783000001906, 45.158297000002165 ], [ -83.317162000002142, 45.142184000002359 ], [ -83.302518000002209, 45.095430000002189 ], [ -83.317014000001365, 45.075865000002963 ], [ -83.307843000001469, 45.049357000002665 ], [ -83.339798000001224, 45.041346000002264 ], [ -83.36958200000241, 45.076125000002669 ], [ -83.428752000001623, 45.057498000002184 ], [ -83.449689000001783, 45.042280000002989 ], [ -83.453963000001792, 45.032653000002355 ], [ -83.46259500000231, 44.994128000002554 ], [ -83.441444000001795, 44.946924000002504 ], [ -83.393848000002393, 44.902876000002863 ], [ -83.320300000001183, 44.880431000002709 ], [ -83.321455000002103, 44.858487000002405 ], [ -83.293739000001807, 44.808307000002252 ], [ -83.294560000002306, 44.773128000003091 ], [ -83.293221000001878, 44.734036000002185 ], [ -83.270896000001727, 44.713365000002348 ], [ -83.278896000001595, 44.685413000002349 ], [ -83.285902000001229, 44.663962000002904 ], [ -83.290061000001614, 44.651571000002349 ], [ -83.315280000001749, 44.598266000002653 ], [ -83.306985000002086, 44.542235000002691 ], [ -83.318731000002032, 44.511648000002992 ], [ -83.325314000002237, 44.417383000003028 ], [ -83.333328000001899, 44.337357000002314 ], [ -83.374839000001174, 44.326848000002549 ], [ -83.44009600000193, 44.265337000002368 ], [ -83.46100500000172, 44.278385000002189 ], [ -83.501243000001381, 44.275566000002485 ], [ -83.5353490000021, 44.250869000002517 ], [ -83.565267000001739, 44.163516000002403 ], [ -83.642239000001936, 44.162635000002965 ], [ -83.686977000002159, 44.162206000002286 ], [ -83.762984000002206, 44.161902000002222 ], [ -83.80815500000125, 44.162071000002797 ], [ -83.883977000001437, 44.16178600000223 ], [ -83.927493000002301, 44.161834000002479 ], [ -84.004984000002366, 44.161967000002619 ], [ -84.047519000002367, 44.1618840000028 ], [ -84.125599000001998, 44.161823000002926 ], [ -84.166107000001972, 44.161788000002723 ], [ -84.246596000001347, 44.161663000003003 ], [ -84.288746000002007, 44.161310000002537 ], [ -84.368039000002142, 44.160538000002354 ], [ -84.487295000001396, 44.160491000003013 ], [ -84.608104000002285, 44.160482000002673 ], [ -84.610069000001999, 44.160550000002821 ], [ -84.72875500000201, 44.160859000002382 ], [ -84.848282000001262, 44.161367000002286 ], [ -84.851705000001516, 44.161375000002771 ], [ -84.967927000002135, 44.162409000002846 ], [ -84.97250400000172, 44.162475000002672 ], [ -85.087403000001586, 44.164242000002943 ], [ -85.092765000001449, 44.164302000002657 ], [ -85.206470000002412, 44.164900000002618 ], [ -85.213504000001706, 44.16489200000273 ], [ -85.325969000001777, 44.164802000002631 ], [ -85.334777000001282, 44.165118000002551 ], [ -85.336113000001703, 44.252444000002349 ], [ -85.37623000000238, 44.25262100000257 ], [ -85.406489000002225, 44.266976000002657 ], [ -85.446729000001667, 44.252345000002144 ], [ -85.45709200000185, 44.252361000002935 ], [ -85.578906000001609, 44.251763000002384 ], [ -85.700335000001701, 44.25132800000214 ], [ -85.698898000002501, 44.164622000002801 ], [ -85.803849000002103, 44.164481000002915 ], [ -85.821186000001745, 44.164197000002794 ], [ -85.821066000002332, 44.251297000002843 ], [ -85.820781000001361, 44.337998000002933 ], [ -85.819085000002147, 44.424498000003005 ], [ -85.817802000001578, 44.512969000002734 ], [ -85.938933000001967, 44.513187000002809 ], [ -86.060511000001995, 44.514757000002909 ], [ -86.140719000002179, 44.516701000002627 ], [ -86.180922000001416, 44.517862000002424 ], [ -86.234685000001576, 44.518305000002265 ], [ -86.22428100000171, 44.590282000002823 ], [ -86.244286000001992, 44.629678000002258 ], [ -86.251885000002318, 44.64455900000295 ], [ -86.257971000001376, 44.677203000002777 ] ] ], [ [ [ -85.563294000002315, 45.732840000002817 ], [ -85.544143000002194, 45.75149400000231 ], [ -85.50985300000174, 45.732074000002314 ], [ -85.493891000001526, 45.697982000002646 ], [ -85.504711000001905, 45.67346400000276 ], [ -85.490363000002475, 45.652377000002737 ], [ -85.491593000001416, 45.607603000002918 ], [ -85.56068800000206, 45.571760000002854 ], [ -85.623167000001388, 45.584869000002193 ], [ -85.606392000002359, 45.635308000002105 ], [ -85.604677000001416, 45.681780000002824 ], [ -85.563294000002315, 45.732840000002817 ] ] ], [ [ [ -85.654823000002381, 45.715882000002807 ], [ -85.680454000002015, 45.696062000002541 ], [ -85.701155000001549, 45.738010000002909 ], [ -85.655086000002484, 45.738441000002489 ], [ -85.654823000002381, 45.715882000002807 ] ] ], [ [ [ -85.463844000001771, 45.782056000002811 ], [ -85.533938000001669, 45.800306000002763 ], [ -85.516960000001987, 45.827809000002624 ], [ -85.457509000001238, 45.799592000002932 ], [ -85.463844000001771, 45.782056000002811 ] ] ] ] } },
{ "type": "Feature", "properties": { "opt_all": 2, "population": 778515.0, "voting_age_pop": 604758.0, "dem_votes": 171422.0, "rep_votes": 192390.0, "minority_pop": 104340.0, "dem_pct": 0.47118291852077915, "rep_pct": 0.52881708120435356 }, "geometry": { "type": "Polygon", "coordinates": [ [ [ -86.321104000002506, 43.203399000002669 ], [ -86.343700000002229, 43.235757000002856 ], [ -86.384130000001363, 43.298550000002898 ], [ -86.401689000001639, 43.327141000002818 ], [ -86.42717700000172, 43.375490000002408 ], [ -86.461278000001911, 43.472326000002347 ], [ -86.498594000001361, 43.545569000002317 ], [ -86.530345000002029, 43.594776000002653 ], [ -86.540574000001328, 43.646362000002618 ], [ -86.528461000001812, 43.678613000002812 ], [ -86.474213000001384, 43.733160000002549 ], [ -86.437120000002395, 43.789722000002413 ], [ -86.431022000002486, 43.819406000002729 ], [ -86.446730000002546, 43.891367000002859 ], [ -86.454606000001434, 43.940889000002421 ], [ -86.461710000001517, 43.955554000002557 ], [ -86.462832000002308, 43.970020000002705 ], [ -86.471863000002173, 43.984492000002952 ], [ -86.507613000001427, 44.030611000002445 ], [ -86.514925000002165, 44.048254000002146 ], [ -86.49020800000153, 44.081966000002673 ], [ -86.429961000002478, 44.1196020000027 ], [ -86.388698000002293, 44.178687000002633 ], [ -86.351462000002073, 44.229556000002773 ], [ -86.326760000002352, 44.263780000002406 ], [ -86.31276000000156, 44.311896000002442 ], [ -86.269308000001445, 44.360275000002339 ], [ -86.248340000001576, 44.432069000002627 ], [ -86.249178000002146, 44.483024000002303 ], [ -86.234685000001576, 44.518305000002265 ], [ -86.180922000001416, 44.517862000002424 ], [ -86.140719000002179, 44.516701000002627 ], [ -86.060511000001995, 44.514757000002909 ], [ -85.938933000001967, 44.513187000002809 ], [ -85.817802000001578, 44.512969000002734 ], [ -85.819085000002147, 44.424498000003005 ], [ -85.820781000001361, 44.337998000002933 ], [ -85.821066000002332, 44.251297000002843 ], [ -85.821186000001745, 44.164197000002794 ], [ -85.803849000002103, 44.164481000002915 ], [ -85.698898000002501, 44.164622000002801 ], [ -85.683785000002175, 44.164633000002517 ], [ -85.577123000001436, 44.164914000002256 ], [ -85.564554000002389, 44.164861000002219 ], [ -85.563537000001418, 44.074656000002669 ], [ -85.562744000001615, 43.988348000002127 ], [ -85.562319000002049, 43.901901000002475 ], [ -85.56243300000142, 43.815483000002381 ], [ -85.681516000001537, 43.815530000002141 ], [ -85.800327000002085, 43.814231000002152 ], [ -85.800293000002114, 43.727453000002619 ], [ -85.6814280000021, 43.728428000002545 ], [ -85.681208000001504, 43.641789000002362 ], [ -85.681847000001611, 43.563137000002229 ], [ -85.741698000001691, 43.561525000002966 ], [ -85.751800000002163, 43.547524000002753 ], [ -85.751767000002062, 43.561392000002691 ], [ -85.792389000002345, 43.561158000003033 ], [ -85.79169300000207, 43.546544000002889 ], [ -85.801741000001527, 43.546333000002171 ], [ -85.800823000001841, 43.466952000002919 ], [ -85.800787000001847, 43.430964000002291 ], [ -85.781934000001542, 43.421474000002206 ], [ -85.735735000001497, 43.410199000002429 ], [ -85.716350000002379, 43.428885000002509 ], [ -85.682720000001538, 43.41989200000274 ], [ -85.67682700000158, 43.380930000002508 ], [ -85.68253600000142, 43.380904000002353 ], [ -85.800910000002389, 43.380364000002544 ], [ -85.800520000002052, 43.340206000002198 ], [ -85.818735000001766, 43.340305000002637 ], [ -85.815642000002498, 43.32924000000245 ], [ -85.800651000002176, 43.32916100000228 ], [ -85.800817000001729, 43.292943000002893 ], [ -85.790448000001504, 43.293003000002393 ], [ -85.752157000001901, 43.293230000002957 ], [ -85.681789000002297, 43.293767000002603 ], [ -85.673008000001744, 43.293832000002581 ], [ -85.56253800000205, 43.294271000002574 ], [ -85.55177800000223, 43.294288000002858 ], [ -85.443590000001606, 43.294316000003086 ], [ -85.432009000001258, 43.29432200000246 ], [ -85.422339000001756, 43.294306000002649 ], [ -85.323905000002014, 43.294296000002682 ], [ -85.312376000001478, 43.29420500000284 ], [ -85.312250000002024, 43.206438000002741 ], [ -85.312280000002374, 43.176763000002786 ], [ -85.312474000002396, 43.126058000002409 ], [ -85.312513000001417, 43.118793000002263 ], [ -85.312422000001646, 43.058873000002187 ], [ -85.312393000001578, 43.029730000002992 ], [ -85.311933000002227, 42.943988000002669 ], [ -85.311808000001449, 42.929397000002517 ], [ -85.311388000001969, 42.856955000002912 ], [ -85.309626000001316, 42.769878000002706 ], [ -85.192838000001373, 42.769758000002483 ], [ -85.074245000001298, 42.770784000003069 ], [ -84.955830000002251, 42.770460000003048 ], [ -84.837085000001892, 42.770479000002275 ], [ -84.738048000001768, 42.770299000002275 ], [ -84.737965000002276, 42.770298000002896 ], [ -84.736649000001506, 42.77029200000274 ], [ -84.732617000001667, 42.770281000002313 ], [ -84.729163000001478, 42.77027300000281 ], [ -84.72479400000195, 42.770260000002267 ], [ -84.719800000001584, 42.770242000002646 ], [ -84.669092000001527, 42.769913000002383 ], [ -84.668749000001455, 42.769914000002387 ], [ -84.602761000001649, 42.769880000002829 ], [ -84.602796000001931, 42.762804000002809 ], [ -84.602841000001533, 42.753058000003129 ], [ -84.602860000001911, 42.750794000003026 ], [ -84.602884000001723, 42.74836200000275 ], [ -84.602893000001501, 42.74110900000241 ], [ -84.6029420000024, 42.733902000002374 ], [ -84.603011000001288, 42.726578000002583 ], [ -84.603034000002268, 42.713797000002323 ], [ -84.603122000002088, 42.708499000002291 ], [ -84.603094000001803, 42.703575000002473 ], [ -84.603094000002173, 42.697572000003085 ], [ -84.603094000002031, 42.696565000002259 ], [ -84.603085000002139, 42.685427000002797 ], [ -84.603124000002254, 42.683151000002312 ], [ -84.603041000002008, 42.669773000002607 ], [ -84.603048000001877, 42.665584000003015 ], [ -84.60273500000217, 42.621837000003062 ], [ -84.602479000002347, 42.596819000002277 ], [ -84.60127200000133, 42.50944400000273 ], [ -84.600403000002117, 42.421984000002773 ], [ -84.718493000001899, 42.421520000003014 ], [ -84.829087000001834, 42.42178300000311 ], [ -84.835922000002185, 42.421801000002851 ], [ -84.946897000001314, 42.422182000002671 ], [ -84.954019000002248, 42.422116000002312 ], [ -85.064855000002055, 42.421508000002866 ], [ -85.071609000001573, 42.421428000002905 ], [ -85.181758000001921, 42.42067000000285 ], [ -85.189938000001547, 42.420598000003096 ], [ -85.19563200000222, 42.420620000002479 ], [ -85.208838000001876, 42.420568000002454 ], [ -85.211668000001595, 42.420548000002782 ], [ -85.298879000001293, 42.419849000002763 ], [ -85.308409000001802, 42.419832000003119 ], [ -85.351578000001766, 42.419722000002658 ], [ -85.415477000002355, 42.420160000002234 ], [ -85.425166000001383, 42.420197000002531 ], [ -85.454913000001596, 42.420743000002773 ], [ -85.494104000001343, 42.421121000002266 ], [ -85.532498000001709, 42.421522000002632 ], [ -85.543191000001926, 42.421433000002615 ], [ -85.543435000001494, 42.465290000002909 ], [ -85.543134000001601, 42.508836000002482 ], [ -85.543513000001738, 42.594812000002761 ], [ -85.544159000001372, 42.630868000002977 ], [ -85.545107000001963, 42.681428000002228 ], [ -85.545564000002159, 42.768139000002812 ], [ -85.545591000001835, 42.811697000002553 ], [ -85.545636000002261, 42.826213000002511 ], [ -85.605605000001418, 42.826483000002291 ], [ -85.624687000002297, 42.826418000003045 ], [ -85.62472600000207, 42.841001000002237 ], [ -85.600062000001643, 42.84107900000302 ], [ -85.58931300000242, 42.854552000002805 ], [ -85.59029900000229, 42.854556000002823 ], [ -85.590849000002095, 42.869066000002832 ], [ -85.59789300000152, 42.874343000002852 ], [ -85.596521000001985, 42.883622000002802 ], [ -85.606412000001427, 42.883735000002467 ], [ -85.607118000001648, 42.897729000003032 ], [ -85.61218800000222, 42.897846000002545 ], [ -85.612644000002291, 42.908754000002986 ], [ -85.613400000001306, 42.912623000002746 ], [ -85.628043000002293, 42.912635000002219 ], [ -85.633098000001993, 42.919892000002818 ], [ -85.626397000001759, 42.927094000002761 ], [ -85.633043000002317, 42.927144000002627 ], [ -85.637801000001645, 42.927187000002917 ], [ -85.63870500000165, 42.938059000002269 ], [ -85.634357000001984, 42.938020000002467 ], [ -85.624747000001534, 42.941005000002399 ], [ -85.629661000002386, 42.940990000002543 ], [ -85.639406000001415, 42.941041000003061 ], [ -85.649170000002258, 42.941135000002987 ], [ -85.663904000001679, 42.941412000002899 ], [ -85.663976000001497, 42.948654000002598 ], [ -85.664038000001867, 42.955876000002256 ], [ -85.664193000002101, 42.963146000002531 ], [ -85.659553000001864, 42.971792000002395 ], [ -85.652043000001996, 42.970092000002936 ], [ -85.647126000001947, 42.97359500000271 ], [ -85.649638000002099, 42.980838000002187 ], [ -85.639873000001316, 42.984424000002846 ], [ -85.63006000000135, 42.984444000002235 ], [ -85.629984000002381, 42.99895100000284 ], [ -85.639896000002111, 42.998964000002402 ], [ -85.639827000002271, 43.00621300000261 ], [ -85.646162000001638, 43.013393000002203 ], [ -85.65285900000211, 43.028908000002609 ], [ -85.635820000002496, 43.028642000003046 ], [ -85.631273000002309, 43.028577000002812 ], [ -85.622379000001587, 43.033712000002723 ], [ -85.628990000001693, 43.062002000002749 ], [ -85.609311000001597, 43.061647000002452 ], [ -85.60278300000131, 43.116988000002834 ], [ -85.670247000001709, 43.116613000002381 ], [ -85.789224000001795, 43.118034000002659 ], [ -85.789941000001903, 43.16159900000293 ], [ -85.79066200000247, 43.205167000003058 ], [ -85.908388000001537, 43.205920000003019 ], [ -85.90743500000211, 43.118911000003031 ], [ -86.027027000002278, 43.118272000002776 ], [ -86.066834000002302, 43.118135000002745 ], [ -86.146166000001358, 43.117395000002318 ], [ -86.168182000001636, 43.117580000002668 ], [ -86.205257000002277, 43.117763000002789 ], [ -86.215269000001328, 43.117868000002375 ], [ -86.264321000001573, 43.118297000002748 ], [ -86.27191500000194, 43.118365000002406 ], [ -86.293704000002109, 43.158721000002927 ], [ -86.321104000002506, 43.203399000002669 ] ] ] } },
{ "type": "Feature", "properties": { "opt_all": 3, "population": 777557.0, "voting_age_pop": 592380.0, "dem_votes": 146748.0, "rep_votes": 190269.0, "minority_pop": 135326.0, "dem_pct": 0.43543204039100936, "rep_pct": 0.56456795931226966 }, "geometry": { "type": "Polygon", "coordinates": [ [ [ -86.283928000001382, 42.398071000002226 ], [ -86.273893000001522, 42.419280000003049 ], [ -86.273551000002087, 42.419932000002667 ], [ -86.245406000002234, 42.505942000002889 ], [ -86.226027000002162, 42.593082000002468 ], [ -86.228301000001622, 42.639743000002504 ], [ -86.223691000002134, 42.650404000002851 ], [ -86.213713000001846, 42.676712000002688 ], [ -86.211468000001346, 42.681400000002533 ], [ -86.207098000001338, 42.74678900000233 ], [ -86.209217000002383, 42.767536000002266 ], [ -86.212245000001474, 42.772966000002803 ], [ -86.210588000002176, 42.795687000002182 ], [ -86.210974000002068, 42.804137000002342 ], [ -86.210667000001735, 42.855474000002857 ], [ -86.21566200000197, 42.901462000002809 ], [ -86.219296000001791, 42.942987000002589 ], [ -86.230649000001591, 43.006371000002297 ], [ -86.242279000001332, 43.044047000002863 ], [ -86.250199000002283, 43.057563000003007 ], [ -86.251810000002507, 43.07308200000255 ], [ -86.2568970000017, 43.087443000002402 ], [ -86.27191500000194, 43.118365000002406 ], [ -86.264321000001573, 43.118297000002748 ], [ -86.215269000001328, 43.117868000002375 ], [ -86.205257000002277, 43.117763000002789 ], [ -86.168182000001636, 43.117580000002668 ], [ -86.146166000001358, 43.117395000002318 ], [ -86.066834000002302, 43.118135000002745 ], [ -86.027027000002278, 43.118272000002776 ], [ -85.90743500000211, 43.118911000003031 ], [ -85.908388000001537, 43.205920000003019 ], [ -85.79066200000247, 43.205167000003058 ], [ -85.789941000001903, 43.16159900000293 ], [ -85.789224000001795, 43.118034000002659 ], [ -85.670247000001709, 43.116613000002381 ], [ -85.60278300000131, 43.116988000002834 ], [ -85.609311000001597, 43.061647000002452 ], [ -85.628990000001693, 43.062002000002749 ], [ -85.622379000001587, 43.033712000002723 ], [ -85.631273000002309, 43.028577000002812 ], [ -85.635820000002496, 43.028642000003046 ], [ -85.65285900000211, 43.028908000002609 ], [ -85.646162000001638, 43.013393000002203 ], [ -85.639827000002271, 43.00621300000261 ], [ -85.639896000002111, 42.998964000002402 ], [ -85.629984000002381, 42.99895100000284 ], [ -85.63006000000135, 42.984444000002235 ], [ -85.639873000001316, 42.984424000002846 ], [ -85.649638000002099, 42.980838000002187 ], [ -85.647126000001947, 42.97359500000271 ], [ -85.652043000001996, 42.970092000002936 ], [ -85.659553000001864, 42.971792000002395 ], [ -85.664193000002101, 42.963146000002531 ], [ -85.664038000001867, 42.955876000002256 ], [ -85.663976000001497, 42.948654000002598 ], [ -85.663904000001679, 42.941412000002899 ], [ -85.649170000002258, 42.941135000002987 ], [ -85.639406000001415, 42.941041000003061 ], [ -85.629661000002386, 42.940990000002543 ], [ -85.624747000001534, 42.941005000002399 ], [ -85.634357000001984, 42.938020000002467 ], [ -85.63870500000165, 42.938059000002269 ], [ -85.637801000001645, 42.927187000002917 ], [ -85.633043000002317, 42.927144000002627 ], [ -85.626397000001759, 42.927094000002761 ], [ -85.633098000001993, 42.919892000002818 ], [ -85.628043000002293, 42.912635000002219 ], [ -85.613400000001306, 42.912623000002746 ], [ -85.612644000002291, 42.908754000002986 ], [ -85.61218800000222, 42.897846000002545 ], [ -85.607118000001648, 42.897729000003032 ], [ -85.606412000001427, 42.883735000002467 ], [ -85.596521000001985, 42.883622000002802 ], [ -85.59789300000152, 42.874343000002852 ], [ -85.590849000002095, 42.869066000002832 ], [ -85.59029900000229, 42.854556000002823 ], [ -85.58931300000242, 42.854552000002805 ], [ -85.600062000001643, 42.84107900000302 ], [ -85.62472600000207, 42.841001000002237 ], [ -85.624687000002297, 42.826418000003045 ], [ -85.605605000001418, 42.826483000002291 ], [ -85.545636000002261, 42.826213000002511 ], [ -85.545591000001835, 42.811697000002553 ], [ -85.545564000002159, 42.768139000002812 ], [ -85.545107000001963, 42.681428000002228 ], [ -85.544159000001372, 42.630868000002977 ], [ -85.543513000001738, 42.594812000002761 ], [ -85.543134000001601, 42.508836000002482 ], [ -85.543435000001494, 42.465290000002909 ], [ -85.543191000001926, 42.421433000002615 ], [ -85.608282000002177, 42.421181000002939 ], [ -85.627458000001639, 42.421141000002571 ], [ -85.649957000002473, 42.420963000002871 ], [ -85.661431000002395, 42.420892000002212 ], [ -85.669905000001549, 42.420963000002402 ], [ -85.702480000001799, 42.42102400000271 ], [ -85.764697000001476, 42.42071500000241 ], [ -85.778110000002371, 42.420658000002213 ], [ -85.879614000001951, 42.419998000002721 ], [ -85.894982000001519, 42.419812000002842 ], [ -85.994649000001701, 42.418957000002486 ], [ -86.011619000001986, 42.418906000002735 ], [ -86.110553000001815, 42.419023000002611 ], [ -86.129175000002249, 42.419100000002878 ], [ -86.225500000002256, 42.419401000002502 ], [ -86.224097000001706, 42.331459000002731 ], [ -86.223563000001832, 42.243379000002562 ], [ -86.262458000001658, 42.243526000002291 ], [ -86.340336000001869, 42.242986000002915 ], [ -86.36459900000132, 42.243138000002347 ], [ -86.311526000002274, 42.330823000002297 ], [ -86.287810000001514, 42.384964000002192 ], [ -86.283928000001382, 42.398071000002226 ] ] ] } },
{ "type": "Feature", "properties": { "opt_all": 4, "population": 772762.0, "voting_age_pop": 599429.0, "dem_votes": 156050.0, "rep_votes": 169701.0, "minority_pop": 122402.0, "dem_pct": 0.47904687921785444, "rep_pct": 0.52095312047516262 }, "geometry": { "type": "Polygon", "coordinates": [ [ [ -86.668752000002186, 41.759706000002488 ], [ -86.82495700000139, 41.760296000002349 ], [ -86.765259000001947, 41.791317000003062 ], [ -86.742181000001437, 41.805264000003014 ], [ -86.705472000001606, 41.828202000002847 ], [ -86.61408900000238, 41.899720000002723 ], [ -86.590752000002112, 41.928543000003046 ], [ -86.578541000002346, 41.950136000002878 ], [ -86.562823000001458, 41.985747000002888 ], [ -86.545249000002229, 42.017131000002664 ], [ -86.523188000001355, 42.050732000002846 ], [ -86.511322000002508, 42.068629000003021 ], [ -86.494747000002079, 42.097982000002474 ], [ -86.477448000002255, 42.124470000002212 ], [ -86.470288000002, 42.130758000002906 ], [ -86.442774000001748, 42.157544000002709 ], [ -86.413524000002184, 42.186528000002482 ], [ -86.36459900000132, 42.243138000002347 ], [ -86.340336000001869, 42.242986000002915 ], [ -86.262458000001658, 42.243526000002291 ], [ -86.223563000001832, 42.243379000002562 ], [ -86.224097000001706, 42.331459000002731 ], [ -86.225500000002256, 42.419401000002502 ], [ -86.129175000002249, 42.419100000002878 ], [ -86.110553000001815, 42.419023000002611 ], [ -86.011619000001986, 42.418906000002735 ], [ -85.994649000001701, 42.418957000002486 ], [ -85.894982000001519, 42.419812000002842 ], [ -85.879614000001951, 42.419998000002721 ], [ -85.778110000002371, 42.420658000002213 ], [ -85.764697000001476, 42.42071500000241 ], [ -85.702480000001799, 42.42102400000271 ], [ -85.669905000001549, 42.420963000002402 ], [ -85.661431000002395, 42.420892000002212 ], [ -85.649957000002473, 42.420963000002871 ], [ -85.627458000001639, 42.421141000002571 ], [ -85.608282000002177, 42.421181000002939 ], [ -85.543191000001926, 42.421433000002615 ], [ -85.532498000001709, 42.421522000002632 ], [ -85.494104000001343, 42.421121000002266 ], [ -85.454913000001596, 42.420743000002773 ], [ -85.425166000001383, 42.420197000002531 ], [ -85.415477000002355, 42.420160000002234 ], [ -85.351578000001766, 42.419722000002658 ], [ -85.308409000001802, 42.419832000003119 ], [ -85.298879000001293, 42.419849000002763 ], [ -85.211668000001595, 42.420548000002782 ], [ -85.208838000001876, 42.420568000002454 ], [ -85.19563200000222, 42.420620000002479 ], [ -85.189938000001547, 42.420598000003096 ], [ -85.181758000001921, 42.42067000000285 ], [ -85.071609000001573, 42.421428000002905 ], [ -85.064855000002055, 42.421508000002866 ], [ -84.954019000002248, 42.422116000002312 ], [ -84.946897000001314, 42.422182000002671 ], [ -84.835922000002185, 42.421801000002851 ], [ -84.829087000001834, 42.42178300000311 ], [ -84.718493000001899, 42.421520000003014 ], [ -84.718602000002051, 42.334535000002397 ], [ -84.718601000001655, 42.334476000002226 ], [ -84.716949000001421, 42.24691800000253 ], [ -84.711493000001866, 42.159339000002568 ], [ -84.711481000001783, 42.159146000002686 ], [ -84.709556000002053, 42.070366000002736 ], [ -84.826491000001411, 42.072468000002559 ], [ -84.826090000001656, 41.985672000002303 ], [ -84.825069000001946, 41.897911000002594 ], [ -84.825337000002392, 41.810954000002603 ], [ -84.825130000001337, 41.759999000002281 ], [ -84.942468000002336, 41.759713000002634 ], [ -85.058543000002103, 41.759610000002269 ], [ -85.174891000002276, 41.759603000002571 ], [ -85.292179000002221, 41.75988900000241 ], [ -85.408749000002487, 41.759849000002312 ], [ -85.525757000001363, 41.759355000002785 ], [ -85.662641000001486, 41.759030000002753 ], [ -85.791335000001823, 41.759078000002503 ], [ -85.878016000001566, 41.759329000002786 ], [ -85.99137800000176, 41.760074000002717 ], [ -86.041081000001583, 41.760450000002578 ], [ -86.108465000002283, 41.760697000002637 ], [ -86.226095000001948, 41.760406000002838 ], [ -86.272495000001499, 41.760402000002721 ], [ -86.455232000001629, 41.759614000002465 ], [ -86.572402000001915, 41.759546000002544 ], [ -86.668752000002186, 41.759706000002488 ] ] ] } },
{ "type": "Feature", "properties": { "opt_all": 5, "population": 773369.0, "voting_age_pop": 610860.0, "dem_votes": 185160.0, "rep_votes": 175290.0, "minority_pop": 134361.0, "dem_pct": 0.51369121916668292, "rep_pct": 0.48630878055588606 }, "geometry": { "type": "Polygon", "coordinates": [ [ [ -84.361976000001334, 41.898765000002761 ], [ -84.362349000001956, 41.986194000003159 ], [ -84.363297000001324, 42.073456000002828 ], [ -84.315561000002091, 42.073359000002647 ], [ -84.247627000001998, 42.073266000003123 ], [ -84.230559000002074, 42.0733830000027 ], [ -84.209480000001449, 42.073598000002967 ], [ -84.131963000002372, 42.071577000002534 ], [ -84.008152000001402, 42.073598000002917 ], [ -84.008337000001362, 42.078005000002328 ], [ -83.985810000001905, 42.078371000002477 ], [ -83.95260400000241, 42.07904900000311 ], [ -83.889685000001975, 42.080382000002977 ], [ -83.773922000001576, 42.082430000003185 ], [ -83.711872000001819, 42.083639000002542 ], [ -83.695764000001518, 42.083919000003043 ], [ -83.671940000001754, 42.084328000002969 ], [ -83.671820000002185, 42.084325000002778 ], [ -83.66634600000134, 42.084432000003034 ], [ -83.661570000002158, 42.084525000002628 ], [ -83.657412000002182, 42.084584000002941 ], [ -83.656621000001962, 42.08458100000253 ], [ -83.598172000002279, 42.084611000002546 ], [ -83.539396000001304, 42.085598000002655 ], [ -83.541044000001705, 42.143907000003047 ], [ -83.542102000002103, 42.174344000002627 ], [ -83.542783000001691, 42.193446000002481 ], [ -83.543149000001293, 42.203646000003154 ], [ -83.543442000001662, 42.209414000002468 ], [ -83.543570000001864, 42.218464000002427 ], [ -83.543583000002258, 42.218757000003038 ], [ -83.544172000001439, 42.232758000003031 ], [ -83.544295000002194, 42.251534000003062 ], [ -83.544046000002183, 42.256132000002353 ], [ -83.543728000001295, 42.262462000002813 ], [ -83.544203000002355, 42.276894000002869 ], [ -83.544563000001716, 42.286175000002558 ], [ -83.544839000002128, 42.293007000002561 ], [ -83.546481000001947, 42.3275760000029 ], [ -83.547548000001584, 42.349217000002483 ], [ -83.548226000001449, 42.363936000002887 ], [ -83.548782000001609, 42.374576000002506 ], [ -83.549667000002074, 42.392609000002828 ], [ -83.550363000001724, 42.407081000002769 ], [ -83.551156000001924, 42.421585000002999 ], [ -83.551907000002259, 42.435166000002717 ], [ -83.512502000002044, 42.436482000002812 ], [ -83.512859000001868, 42.443774000002406 ], [ -83.483605000001816, 42.444582000002647 ], [ -83.473737000002174, 42.444863000003046 ], [ -83.47388700000225, 42.437654000002958 ], [ -83.453704000001622, 42.438290000003072 ], [ -83.453068000002233, 42.438308000002841 ], [ -83.433734000002218, 42.438940000002631 ], [ -83.433672000002346, 42.438942000002854 ], [ -83.414357000002198, 42.439523000003092 ], [ -83.394770000002069, 42.440028000002563 ], [ -83.385307000002229, 42.440276000002569 ], [ -83.375469000002155, 42.440557000002634 ], [ -83.369177000001827, 42.440738000003023 ], [ -83.367896000002133, 42.440774000003039 ], [ -83.368501000001714, 42.455331000002488 ], [ -83.355111000001358, 42.455802000002741 ], [ -83.350872000001502, 42.455635000002609 ], [ -83.357192000001561, 42.470170000002994 ], [ -83.337722000001222, 42.470665000003017 ], [ -83.338392000001676, 42.485207000002433 ], [ -83.318878000001618, 42.4855480000029 ], [ -83.318191000001605, 42.471055000002842 ], [ -83.31749600000235, 42.45657100000291 ], [ -83.317170000001724, 42.449710000003101 ], [ -83.317158000001314, 42.449199000002487 ], [ -83.316825000002282, 42.442033000002361 ], [ -83.316530000001691, 42.434780000002512 ], [ -83.316223000001202, 42.427609000002427 ], [ -83.315919000001244, 42.42048700000241 ], [ -83.315606000002219, 42.413211000002789 ], [ -83.314963000001697, 42.398603000002957 ], [ -83.314629000001986, 42.391857000002588 ], [ -83.314252000001815, 42.384428000002586 ], [ -83.314226000002066, 42.384131000002697 ], [ -83.313839000001821, 42.377114000002834 ], [ -83.313492000001816, 42.369892000003013 ], [ -83.313154000001433, 42.362542000003145 ], [ -83.312825000002235, 42.355180000002747 ], [ -83.332311000001212, 42.35472200000283 ], [ -83.340145000002224, 42.354528000002361 ], [ -83.343420000001316, 42.35444900000266 ], [ -83.351774000001228, 42.354263000003087 ], [ -83.361465000001772, 42.354023000002371 ], [ -83.361779000001206, 42.354016000002616 ], [ -83.372017000001364, 42.353804000002626 ], [ -83.376721000001638, 42.353658000002383 ], [ -83.386204000002053, 42.353481000002638 ], [ -83.410316000001714, 42.352936000003183 ], [ -83.420282000001563, 42.352718000002341 ], [ -83.430038000002099, 42.352465000003065 ], [ -83.429714000002235, 42.345005000003063 ], [ -83.429179000002009, 42.331303000002492 ], [ -83.42886300000221, 42.323448000002458 ], [ -83.428283000001272, 42.308981000002568 ], [ -83.42793100000226, 42.300203000002398 ], [ -83.427705000001978, 42.294586000002909 ], [ -83.427436000001222, 42.287465000002427 ], [ -83.401715000002312, 42.287995000002411 ], [ -83.392675000001518, 42.288201000003049 ], [ -83.384778000002228, 42.288372000002305 ], [ -83.378042000001471, 42.288490000002483 ], [ -83.363571000002352, 42.288783000002589 ], [ -83.348737000001961, 42.285631000003171 ], [ -83.348199000001557, 42.274689000002766 ], [ -83.348095000001393, 42.267463000003005 ], [ -83.308999000001805, 42.268230000002937 ], [ -83.289535000002388, 42.268685000002563 ], [ -83.276005000002414, 42.268984000002725 ], [ -83.270483000002187, 42.269131000002531 ], [ -83.270134000002301, 42.26914100000252 ], [ -83.266340000002174, 42.269181000003037 ], [ -83.250606000001483, 42.269487000002961 ], [ -83.240797000002161, 42.26967200000319 ], [ -83.231911000001915, 42.269879000002398 ], [ -83.231223000001521, 42.25639600000261 ], [ -83.230864000001233, 42.24920900000258 ], [ -83.230504000001559, 42.242044000002892 ], [ -83.229902000002255, 42.228622000002701 ], [ -83.229843000002063, 42.227545000003168 ], [ -83.229197000001548, 42.213078000002767 ], [ -83.228995000001618, 42.207896000002719 ], [ -83.228905000002271, 42.205869000003155 ], [ -83.228713000001406, 42.198670000002437 ], [ -83.228123000001503, 42.184279000002448 ], [ -83.226778000001275, 42.18429900000298 ], [ -83.218122000001799, 42.184400000002746 ], [ -83.217679000002221, 42.169804000002948 ], [ -83.224290000001844, 42.155202000002795 ], [ -83.217204000002383, 42.155266000002435 ], [ -83.206382000002321, 42.155453000002382 ], [ -83.188866000002193, 42.155839000003013 ], [ -83.188714000001724, 42.170374000002425 ], [ -83.164756000002214, 42.170859000002807 ], [ -83.176870000001259, 42.12744000000243 ], [ -83.179220000001919, 42.112658000003179 ], [ -83.205442000002151, 42.112129000002696 ], [ -83.214397000001881, 42.111941000002645 ], [ -83.215514000001761, 42.111915000002512 ], [ -83.241666000001501, 42.109643000002698 ], [ -83.241740000001599, 42.102715000002661 ], [ -83.2440020000018, 42.081066000002593 ], [ -83.265564000002087, 42.080658000002451 ], [ -83.268776000002319, 42.074281000003111 ], [ -83.254075000001478, 42.068013000002608 ], [ -83.225464000001224, 42.049104000002906 ], [ -83.200222000002356, 42.037370000002909 ], [ -83.164603000002273, 42.028291000003001 ], [ -83.167728000002384, 42.009943000002451 ], [ -83.245875000001433, 41.976105000002505 ], [ -83.26967200000179, 41.939054000002329 ], [ -83.291919000001215, 41.945094000002378 ], [ -83.310723000001971, 41.939337000002567 ], [ -83.318752000002064, 41.933999000002565 ], [ -83.333724000002107, 41.90657200000301 ], [ -83.335679000002159, 41.891953000003014 ], [ -83.337106000002052, 41.889354000002712 ], [ -83.350783000001599, 41.875920000002708 ], [ -83.394489000002324, 41.855348000003026 ], [ -83.412982000002089, 41.825581000002508 ], [ -83.434304000002271, 41.818250000003069 ], [ -83.442567000001816, 41.783547000002791 ], [ -83.421630000002153, 41.733674000002537 ], [ -83.492387000001926, 41.731944000003026 ], [ -83.528433000002252, 41.730881000002668 ], [ -83.566866000002278, 41.729702000002611 ], [ -83.585542000001368, 41.729237000002882 ], [ -83.605408000001276, 41.728811000002828 ], [ -83.624533000001293, 41.728148000002903 ], [ -83.645731000002243, 41.727476000002341 ], [ -83.685444000001553, 41.726622000002905 ], [ -83.763150000001929, 41.723552000002719 ], [ -83.88039100000212, 41.720212000002938 ], [ -83.998694000001706, 41.716813000002482 ], [ -84.114984000001641, 41.713531000003144 ], [ -84.202242000001817, 41.710775000002329 ], [ -84.21050800000198, 41.710585000002531 ], [ -84.230735000002412, 41.710135000002992 ], [ -84.360416000001763, 41.70658900000231 ], [ -84.361440000001366, 41.811526000002637 ], [ -84.36169600000224, 41.847700000002789 ], [ -84.361912000002107, 41.864399000002571 ], [ -84.361976000001334, 41.898765000002761 ] ] ] } },
{ "type": "Feature", "properties": { "opt_all": 6, "population": 775412.0, "voting_age_pop": 622689.0, "dem_votes": 233558.0, "rep_votes": 165125.0, "minority_pop": 140523.0, "dem_pct": 0.58582382479668715, "rep_pct": 0.41417617495248704 }, "geometry": { "type": "Polygon", "coordinates": [ [ [ -84.131305000001618, 42.30669000000286 ], [ -84.131553000002199, 42.337111000002977 ], [ -84.131136000001575, 42.424567000002988 ], [ -84.023402000001298, 42.423930000002557 ], [ -84.015069000001873, 42.423904000002871 ], [ -84.00357400000216, 42.423977000002793 ], [ -83.944650000002042, 42.424149000002707 ], [ -83.905805000002388, 42.425174000002855 ], [ -83.887364000002151, 42.425717000002628 ], [ -83.834859000001273, 42.427283000002767 ], [ -83.811837000001432, 42.427850000003161 ], [ -83.787247000001614, 42.428591000002697 ], [ -83.789844000002148, 42.476689000002807 ], [ -83.79555400000207, 42.472337000002632 ], [ -83.821847000001597, 42.456641000002911 ], [ -83.833445000001731, 42.463467000002929 ], [ -83.851120000002041, 42.464193000002936 ], [ -83.859002000001624, 42.491769000002698 ], [ -83.857917000001564, 42.512532000002466 ], [ -83.910805000001304, 42.510695000003068 ], [ -83.911196000001581, 42.514534000003003 ], [ -83.913297000002046, 42.555175000003047 ], [ -83.914110000002196, 42.584512000002384 ], [ -83.933491000001553, 42.592427000002345 ], [ -83.933462000001924, 42.592754000002763 ], [ -83.934063000002041, 42.608669000002592 ], [ -83.925292000001704, 42.622636000002579 ], [ -83.914818000002413, 42.622242000003169 ], [ -83.917367000002045, 42.687860000002907 ], [ -83.922516000001352, 42.780821000002341 ], [ -83.845496000001376, 42.781366000003068 ], [ -83.805418000002362, 42.781138000002706 ], [ -83.775960000001845, 42.781726000002855 ], [ -83.766113000001241, 42.781932000002257 ], [ -83.746136000001698, 42.782265000002589 ], [ -83.716414000002047, 42.78278400000228 ], [ -83.699669000002146, 42.783064000002483 ], [ -83.691479000001863, 42.783187000003061 ], [ -83.686493000001462, 42.783263000002378 ], [ -83.685139000001783, 42.744746000002415 ], [ -83.6827800000015, 42.695580000002991 ], [ -83.681003000002121, 42.664576000002334 ], [ -83.680281000001813, 42.654083000002643 ], [ -83.678018000001913, 42.62095300000297 ], [ -83.677115000001606, 42.606255000002761 ], [ -83.674115000001493, 42.562762000002607 ], [ -83.672388000001959, 42.54074000000233 ], [ -83.670904000001428, 42.519609000002895 ], [ -83.670849000002164, 42.518630000002887 ], [ -83.667685000001967, 42.474668000002886 ], [ -83.652544000002024, 42.479633000002288 ], [ -83.652824000001246, 42.484122000002507 ], [ -83.63946700000227, 42.504426000002887 ], [ -83.633594000001551, 42.521006000003005 ], [ -83.596142000002274, 42.522477000002922 ], [ -83.59908000000172, 42.565787000002722 ], [ -83.599566000001801, 42.573044000002596 ], [ -83.613513000002015, 42.572472000003174 ], [ -83.614909000001632, 42.581310000002411 ], [ -83.601127000001938, 42.598295000002352 ], [ -83.601768000001485, 42.609486000003066 ], [ -83.59058200000166, 42.609887000002658 ], [ -83.588857000001369, 42.639015000002829 ], [ -83.587419000001873, 42.675640000002488 ], [ -83.565060000001992, 42.676015000003069 ], [ -83.564101000001571, 42.653794000002357 ], [ -83.562062000001674, 42.610741000002783 ], [ -83.561033000001629, 42.596191000002776 ], [ -83.511114000002209, 42.597643000002506 ], [ -83.517843000001861, 42.612674000002336 ], [ -83.527348000001268, 42.612359000002861 ], [ -83.521033000002049, 42.62748800000287 ], [ -83.491894000001636, 42.62772400000236 ], [ -83.493394000001828, 42.6498470000029 ], [ -83.487520000001368, 42.651847000002384 ], [ -83.444062000001509, 42.660049000002793 ], [ -83.443516000001225, 42.648811000002979 ], [ -83.399148000001631, 42.652756000002853 ], [ -83.386224000001576, 42.660089000002394 ], [ -83.386910000001478, 42.674983000002307 ], [ -83.37166700000239, 42.679949000003091 ], [ -83.372650000002082, 42.695461000002297 ], [ -83.371878000001445, 42.704657000003039 ], [ -83.365644000002035, 42.704819000002431 ], [ -83.361553000001848, 42.704977000002295 ], [ -83.328950000001598, 42.705918000003024 ], [ -83.328733000001733, 42.701340000003135 ], [ -83.327879000002326, 42.683893000002797 ], [ -83.327725000002289, 42.678238000002501 ], [ -83.327667000002265, 42.677148000002468 ], [ -83.327320000001237, 42.6653680000029 ], [ -83.329627000001963, 42.661834000002408 ], [ -83.332996000002296, 42.663980000002695 ], [ -83.334550000001371, 42.662327000003188 ], [ -83.32594100000199, 42.63995800000265 ], [ -83.325695000001673, 42.635200000003053 ], [ -83.334063000002402, 42.625698000003041 ], [ -83.324971000001298, 42.622436000002452 ], [ -83.324892000001512, 42.618331000002648 ], [ -83.295618000001312, 42.610167000002292 ], [ -83.278296000001646, 42.610684000003154 ], [ -83.272728000001791, 42.612824000002483 ], [ -83.252599000001581, 42.603836000002318 ], [ -83.252088000001663, 42.603858000003108 ], [ -83.247920000001884, 42.60444500000235 ], [ -83.248568000001498, 42.619938000003039 ], [ -83.239963000001296, 42.620168000003105 ], [ -83.235843000001907, 42.620291000003 ], [ -83.223788000001463, 42.620633000003011 ], [ -83.209216000001447, 42.620995000002672 ], [ -83.208943000001454, 42.615067000002739 ], [ -83.208862000001247, 42.613378000002726 ], [ -83.208510000001723, 42.604885000002824 ], [ -83.207680000002313, 42.587265000002851 ], [ -83.207467000002381, 42.58285000000302 ], [ -83.207354000001487, 42.580667000002485 ], [ -83.206375000002382, 42.558577000002778 ], [ -83.221569000001679, 42.55624100000297 ], [ -83.225213000002256, 42.560109000002477 ], [ -83.236330000002383, 42.559831000002823 ], [ -83.240781000001235, 42.555198000002882 ], [ -83.238098000001884, 42.546012000003152 ], [ -83.245553000001379, 42.545820000002664 ], [ -83.249165000001383, 42.530851000003139 ], [ -83.264378000002139, 42.530599000002347 ], [ -83.272976000001947, 42.530455000003023 ], [ -83.274187000001206, 42.530428000003013 ], [ -83.284962000001599, 42.530211000003163 ], [ -83.285387000001222, 42.530176000002349 ], [ -83.313303000002065, 42.529456000002519 ], [ -83.320831000002343, 42.529033000002741 ], [ -83.320895000001542, 42.529035000002722 ], [ -83.325376000001825, 42.529107000002419 ], [ -83.360119000001461, 42.528409000002291 ], [ -83.365579000001404, 42.528240000002981 ], [ -83.379434000001794, 42.528028000002521 ], [ -83.379896000001182, 42.528077000002334 ], [ -83.399327000001918, 42.527263000002613 ], [ -83.418813000001919, 42.526690000002446 ], [ -83.432525000001789, 42.526286000002557 ], [ -83.43753800000222, 42.526072000002905 ], [ -83.437586000001716, 42.527102000002436 ], [ -83.466365000001758, 42.52634200000282 ], [ -83.467166000001725, 42.526317000002969 ], [ -83.474455000002393, 42.526225000002952 ], [ -83.492225000001753, 42.525851000002781 ], [ -83.497866000001522, 42.525486000002559 ], [ -83.499246000001307, 42.525456000003018 ], [ -83.516309000002352, 42.524983000002784 ], [ -83.517192000001884, 42.53881600000318 ], [ -83.518354000001494, 42.557460000003033 ], [ -83.53788900000221, 42.553254000002696 ], [ -83.558644000001848, 42.552545000003121 ], [ -83.556784000001301, 42.523911000003025 ], [ -83.55521000000229, 42.493165000003053 ], [ -83.555194000002217, 42.492867000002931 ], [ -83.554420000001969, 42.479871000002944 ], [ -83.553107000001589, 42.456879000003127 ], [ -83.553101000002272, 42.456773000003025 ], [ -83.552722000002163, 42.449442000003152 ], [ -83.551907000002259, 42.435166000002717 ], [ -83.551156000001924, 42.421585000002999 ], [ -83.550363000001724, 42.407081000002769 ], [ -83.549667000002074, 42.392609000002828 ], [ -83.548782000001609, 42.374576000002506 ], [ -83.548226000001449, 42.363936000002887 ], [ -83.547548000001584, 42.349217000002483 ], [ -83.546481000001947, 42.3275760000029 ], [ -83.544839000002128, 42.293007000002561 ], [ -83.544563000001716, 42.286175000002558 ], [ -83.544203000002355, 42.276894000002869 ], [ -83.543728000001295, 42.262462000002813 ], [ -83.544046000002183, 42.256132000002353 ], [ -83.544295000002194, 42.251534000003062 ], [ -83.544172000001439, 42.232758000003031 ], [ -83.543583000002258, 42.218757000003038 ], [ -83.543570000001864, 42.218464000002427 ], [ -83.543442000001662, 42.209414000002468 ], [ -83.543149000001293, 42.203646000003154 ], [ -83.542783000001691, 42.193446000002481 ], [ -83.542102000002103, 42.174344000002627 ], [ -83.541044000001705, 42.143907000003047 ], [ -83.539396000001304, 42.085598000002655 ], [ -83.598172000002279, 42.084611000002546 ], [ -83.656621000001962, 42.08458100000253 ], [ -83.657412000002182, 42.084584000002941 ], [ -83.661570000002158, 42.084525000002628 ], [ -83.66634600000134, 42.084432000003034 ], [ -83.671820000002185, 42.084325000002778 ], [ -83.671940000001754, 42.084328000002969 ], [ -83.695764000001518, 42.083919000003043 ], [ -83.711872000001819, 42.083639000002542 ], [ -83.773922000001576, 42.082430000003185 ], [ -83.889685000001975, 42.080382000002977 ], [ -83.95260400000241, 42.07904900000311 ], [ -83.985810000001905, 42.078371000002477 ], [ -84.008337000001362, 42.078005000002328 ], [ -84.008152000001402, 42.073598000002917 ], [ -84.131963000002372, 42.071577000002534 ], [ -84.133001000001499, 42.118596000002569 ], [ -84.134079000001734, 42.160182000003182 ], [ -84.1329880000023, 42.191344000003113 ], [ -84.131091000002044, 42.242566000003194 ], [ -84.130771000001232, 42.250035000002406 ], [ -84.131305000001618, 42.30669000000286 ] ] ] } },
{ "type": "Feature", "properties": { "opt_all": 7, "population": 775750.0, "voting_age_pop": 613342.0, "dem_votes": 169747.0, "rep_votes": 169267.0, "minority_pop": 112478.0, "dem_pct": 0.50070793521780577, "rep_pct": 0.49929206448722113 }, "geometry": { "type": "Polygon", "coordinates": [ [ [ -84.825069000001946, 41.897911000002594 ], [ -84.826090000001656, 41.985672000002303 ], [ -84.826491000001411, 42.072468000002559 ], [ -84.709556000002053, 42.070366000002736 ], [ -84.711481000001783, 42.159146000002686 ], [ -84.711493000001866, 42.159339000002568 ], [ -84.716949000001421, 42.24691800000253 ], [ -84.718601000001655, 42.334476000002226 ], [ -84.718602000002051, 42.334535000002397 ], [ -84.718493000001899, 42.421520000003014 ], [ -84.600403000002117, 42.421984000002773 ], [ -84.60127200000133, 42.50944400000273 ], [ -84.602479000002347, 42.596819000002277 ], [ -84.60273500000217, 42.621837000003062 ], [ -84.603048000001877, 42.665584000003015 ], [ -84.603041000002008, 42.669773000002607 ], [ -84.603124000002254, 42.683151000002312 ], [ -84.603085000002139, 42.685427000002797 ], [ -84.603094000002031, 42.696565000002259 ], [ -84.603094000002173, 42.697572000003085 ], [ -84.603094000001803, 42.703575000002473 ], [ -84.603122000002088, 42.708499000002291 ], [ -84.603034000002268, 42.713797000002323 ], [ -84.603011000001288, 42.726578000002583 ], [ -84.6029420000024, 42.733902000002374 ], [ -84.602893000001501, 42.74110900000241 ], [ -84.602884000001723, 42.74836200000275 ], [ -84.602860000001911, 42.750794000003026 ], [ -84.602841000001533, 42.753058000003129 ], [ -84.602796000001931, 42.762804000002809 ], [ -84.602761000001649, 42.769880000002829 ], [ -84.668749000001455, 42.769914000002387 ], [ -84.669092000001527, 42.769913000002383 ], [ -84.719800000001584, 42.770242000002646 ], [ -84.72479400000195, 42.770260000002267 ], [ -84.729163000001478, 42.77027300000281 ], [ -84.732617000001667, 42.770281000002313 ], [ -84.736649000001506, 42.77029200000274 ], [ -84.737965000002276, 42.770298000002896 ], [ -84.738048000001768, 42.770299000002275 ], [ -84.837085000001892, 42.770479000002275 ], [ -84.955830000002251, 42.770460000003048 ], [ -85.074245000001298, 42.770784000003069 ], [ -85.192838000001373, 42.769758000002483 ], [ -85.309626000001316, 42.769878000002706 ], [ -85.311388000001969, 42.856955000002912 ], [ -85.311808000001449, 42.929397000002517 ], [ -85.311933000002227, 42.943988000002669 ], [ -85.312393000001578, 43.029730000002992 ], [ -85.312422000001646, 43.058873000002187 ], [ -85.312513000001417, 43.118793000002263 ], [ -85.193600000002121, 43.119534000002744 ], [ -85.075033000001994, 43.120213000002849 ], [ -84.955716000002454, 43.11960800000228 ], [ -84.836889000002103, 43.118851000002742 ], [ -84.719321000001557, 43.118115000003094 ], [ -84.600525000001909, 43.117714000003026 ], [ -84.483715000001766, 43.117637000002702 ], [ -84.367760000001283, 43.11794200000282 ], [ -84.367891000002047, 43.128452000002618 ], [ -84.285381000001394, 43.128923000003077 ], [ -84.16844300000156, 43.128631000002784 ], [ -84.153640000001758, 43.128996000002701 ], [ -84.050388000002002, 43.131709000002374 ], [ -83.929079000001465, 43.132782000002365 ], [ -83.928760000001702, 43.089336000002675 ], [ -83.928322000001984, 43.044511000002402 ], [ -83.92883700000182, 42.956548000002257 ], [ -83.929911000001994, 42.95651200000291 ], [ -83.929825000002097, 42.949981000002388 ], [ -83.928998000001329, 42.924492000002907 ], [ -83.928124000002242, 42.897874000002709 ], [ -83.927164000001227, 42.868344000003034 ], [ -83.924805000001356, 42.824530000002746 ], [ -83.922516000001352, 42.780821000002341 ], [ -83.917367000002045, 42.687860000002907 ], [ -83.914818000002413, 42.622242000003169 ], [ -83.925292000001704, 42.622636000002579 ], [ -83.934063000002041, 42.608669000002592 ], [ -83.933462000001924, 42.592754000002763 ], [ -83.933491000001553, 42.592427000002345 ], [ -83.914110000002196, 42.584512000002384 ], [ -83.913297000002046, 42.555175000003047 ], [ -83.911196000001581, 42.514534000003003 ], [ -83.910805000001304, 42.510695000003068 ], [ -83.857917000001564, 42.512532000002466 ], [ -83.859002000001624, 42.491769000002698 ], [ -83.851120000002041, 42.464193000002936 ], [ -83.833445000001731, 42.463467000002929 ], [ -83.821847000001597, 42.456641000002911 ], [ -83.79555400000207, 42.472337000002632 ], [ -83.789844000002148, 42.476689000002807 ], [ -83.787247000001614, 42.428591000002697 ], [ -83.811837000001432, 42.427850000003161 ], [ -83.834859000001273, 42.427283000002767 ], [ -83.887364000002151, 42.425717000002628 ], [ -83.905805000002388, 42.425174000002855 ], [ -83.944650000002042, 42.424149000002707 ], [ -84.00357400000216, 42.423977000002793 ], [ -84.015069000001873, 42.423904000002871 ], [ -84.023402000001298, 42.423930000002557 ], [ -84.131136000001575, 42.424567000002988 ], [ -84.131553000002199, 42.337111000002977 ], [ -84.131305000001618, 42.30669000000286 ], [ -84.130771000001232, 42.250035000002406 ], [ -84.131091000002044, 42.242566000003194 ], [ -84.1329880000023, 42.191344000003113 ], [ -84.134079000001734, 42.160182000003182 ], [ -84.133001000001499, 42.118596000002569 ], [ -84.131963000002372, 42.071577000002534 ], [ -84.209480000001449, 42.073598000002967 ], [ -84.230559000002074, 42.0733830000027 ], [ -84.247627000001998, 42.073266000003123 ], [ -84.315561000002091, 42.073359000002647 ], [ -84.363297000001324, 42.073456000002828 ], [ -84.362349000001956, 41.986194000003159 ], [ -84.361976000001334, 41.898765000002761 ], [ -84.361912000002107, 41.864399000002571 ], [ -84.36169600000224, 41.847700000002789 ], [ -84.361440000001366, 41.811526000002637 ], [ -84.360416000001763, 41.70658900000231 ], [ -84.475933000001902, 41.703813000002704 ], [ -84.708711000001969, 41.699121000002314 ], [ -84.805996000002082, 41.696118000002976 ], [ -84.805885000001524, 41.760171000002458 ], [ -84.825130000001337, 41.759999000002281 ], [ -84.825337000002392, 41.810954000002603 ], [ -84.825069000001946, 41.897911000002594 ] ] ] } },
{ "type": "Feature", "properties": { "opt_all": 8, "population": 775090.0, "voting_age_pop": 613166.0, "dem_votes": 144727.0, "rep_votes": 192921.0, "minority_pop": 90018.0, "dem_pct": 0.42863277720329074, "rep_pct": 0.57136722250054284 }, "geometry": { "type": "Polygon", "coordinates": [ [ [ -85.312280000002374, 43.176763000002786 ], [ -85.312250000002024, 43.206438000002741 ], [ -85.312376000001478, 43.29420500000284 ], [ -85.323905000002014, 43.294296000002682 ], [ -85.422339000001756, 43.294306000002649 ], [ -85.432009000001258, 43.29432200000246 ], [ -85.443590000001606, 43.294316000003086 ], [ -85.55177800000223, 43.294288000002858 ], [ -85.56253800000205, 43.294271000002574 ], [ -85.673008000001744, 43.293832000002581 ], [ -85.681789000002297, 43.293767000002603 ], [ -85.752157000001901, 43.293230000002957 ], [ -85.790448000001504, 43.293003000002393 ], [ -85.800817000001729, 43.292943000002893 ], [ -85.800651000002176, 43.32916100000228 ], [ -85.815642000002498, 43.32924000000245 ], [ -85.818735000001766, 43.340305000002637 ], [ -85.800520000002052, 43.340206000002198 ], [ -85.800910000002389, 43.380364000002544 ], [ -85.68253600000142, 43.380904000002353 ], [ -85.67682700000158, 43.380930000002508 ], [ -85.682720000001538, 43.41989200000274 ], [ -85.716350000002379, 43.428885000002509 ], [ -85.735735000001497, 43.410199000002429 ], [ -85.781934000001542, 43.421474000002206 ], [ -85.800787000001847, 43.430964000002291 ], [ -85.800823000001841, 43.466952000002919 ], [ -85.801741000001527, 43.546333000002171 ], [ -85.79169300000207, 43.546544000002889 ], [ -85.792389000002345, 43.561158000003033 ], [ -85.751767000002062, 43.561392000002691 ], [ -85.751800000002163, 43.547524000002753 ], [ -85.741698000001691, 43.561525000002966 ], [ -85.681847000001611, 43.563137000002229 ], [ -85.681208000001504, 43.641789000002362 ], [ -85.6814280000021, 43.728428000002545 ], [ -85.800293000002114, 43.727453000002619 ], [ -85.800327000002085, 43.814231000002152 ], [ -85.681516000001537, 43.815530000002141 ], [ -85.56243300000142, 43.815483000002381 ], [ -85.562319000002049, 43.901901000002475 ], [ -85.562744000001615, 43.988348000002127 ], [ -85.563537000001418, 44.074656000002669 ], [ -85.564554000002389, 44.164861000002219 ], [ -85.577123000001436, 44.164914000002256 ], [ -85.683785000002175, 44.164633000002517 ], [ -85.698898000002501, 44.164622000002801 ], [ -85.700335000001701, 44.25132800000214 ], [ -85.578906000001609, 44.251763000002384 ], [ -85.45709200000185, 44.252361000002935 ], [ -85.446729000001667, 44.252345000002144 ], [ -85.406489000002225, 44.266976000002657 ], [ -85.37623000000238, 44.25262100000257 ], [ -85.336113000001703, 44.252444000002349 ], [ -85.334777000001282, 44.165118000002551 ], [ -85.325969000001777, 44.164802000002631 ], [ -85.213504000001706, 44.16489200000273 ], [ -85.206470000002412, 44.164900000002618 ], [ -85.092765000001449, 44.164302000002657 ], [ -85.087403000001586, 44.164242000002943 ], [ -84.97250400000172, 44.162475000002672 ], [ -84.967927000002135, 44.162409000002846 ], [ -84.851705000001516, 44.161375000002771 ], [ -84.848282000001262, 44.161367000002286 ], [ -84.72875500000201, 44.160859000002382 ], [ -84.610069000001999, 44.160550000002821 ], [ -84.608104000002285, 44.160482000002673 ], [ -84.487295000001396, 44.160491000003013 ], [ -84.368039000002142, 44.160538000002354 ], [ -84.288746000002007, 44.161310000002537 ], [ -84.246596000001347, 44.161663000003003 ], [ -84.166107000001972, 44.161788000002723 ], [ -84.125599000001998, 44.161823000002926 ], [ -84.047519000002367, 44.1618840000028 ], [ -84.004984000002366, 44.161967000002619 ], [ -83.927493000002301, 44.161834000002479 ], [ -83.883977000001437, 44.16178600000223 ], [ -83.80815500000125, 44.162071000002797 ], [ -83.762984000002206, 44.161902000002222 ], [ -83.686977000002159, 44.162206000002286 ], [ -83.642239000001936, 44.162635000002965 ], [ -83.565267000001739, 44.163516000002403 ], [ -83.185280000001384, 44.168404000002425 ], [ -83.128315000001436, 44.16890200000293 ], [ -82.999953000001426, 44.171089000002731 ], [ -82.772775000001914, 44.167352000002261 ], [ -82.768871000001539, 44.031551000003077 ], [ -82.597256000002062, 44.033390000002782 ], [ -82.594799000001771, 43.949885000002247 ], [ -82.5936730000018, 43.86370100000233 ], [ -82.592542000001359, 43.777148000002256 ], [ -82.59141100000123, 43.690623000002638 ], [ -82.606582000001424, 43.690475000003019 ], [ -82.758368000002164, 43.685895000002766 ], [ -82.878375000002364, 43.682770000002733 ], [ -82.997932000001683, 43.679304000002439 ], [ -83.117844000002137, 43.675493000002291 ], [ -83.114619000002008, 43.587995000002351 ], [ -83.109506000002014, 43.50108500000254 ], [ -83.229118000002245, 43.498157000002287 ], [ -83.225718000001265, 43.412181000002469 ], [ -83.344177000001778, 43.409691000002312 ], [ -83.46285900000197, 43.407823000002772 ], [ -83.462727000002332, 43.394420000002505 ], [ -83.580311000002013, 43.393541000002891 ], [ -83.581726000001581, 43.479873000002534 ], [ -83.698816000002253, 43.47895700000231 ], [ -83.69850900000128, 43.39271100000277 ], [ -83.695335000002018, 43.306827000002599 ], [ -83.6957580000023, 43.265566000003119 ], [ -83.695754000001259, 43.264425000003151 ], [ -83.695621000001324, 43.221422000002711 ], [ -83.735055000002291, 43.221333000002986 ], [ -83.769166000002045, 43.221292000002727 ], [ -83.814494000002213, 43.221210000003126 ], [ -83.882054000001489, 43.220660000002965 ], [ -83.882125000001253, 43.22066400000287 ], [ -83.9320710000014, 43.220377000003047 ], [ -83.930635000001843, 43.176097000002407 ], [ -83.929079000001465, 43.132782000002365 ], [ -84.050388000002002, 43.131709000002374 ], [ -84.153640000001758, 43.128996000002701 ], [ -84.16844300000156, 43.128631000002784 ], [ -84.285381000001394, 43.128923000003077 ], [ -84.367891000002047, 43.128452000002618 ], [ -84.367760000001283, 43.11794200000282 ], [ -84.483715000001766, 43.117637000002702 ], [ -84.600525000001909, 43.117714000003026 ], [ -84.719321000001557, 43.118115000003094 ], [ -84.836889000002103, 43.118851000002742 ], [ -84.955716000002454, 43.11960800000228 ], [ -85.075033000001994, 43.120213000002849 ], [ -85.193600000002121, 43.119534000002744 ], [ -85.312513000001417, 43.118793000002263 ], [ -85.312474000002396, 43.126058000002409 ], [ -85.312280000002374, 43.176763000002786 ] ], [ [ -83.914380000001771, 43.769582000002814 ], [ -83.929388000002135, 43.73773000000223 ], [ -83.87498000000231, 43.73522100000266 ], [ -83.87497800000223, 43.701193000002291 ], [ -83.929702000001612, 43.701269000002753 ], [ -83.909414000002386, 43.674691000002291 ], [ -83.883220000002225, 43.658969000002294 ], [ -83.849554000002072, 43.645795000002657 ], [ -83.779351000001313, 43.630662000002658 ], [ -83.699371000002287, 43.594744000003018 ], [ -83.674909000001506, 43.593173000003119 ], [ -83.602983000001529, 43.652368000002298 ], [ -83.525298000001328, 43.736440000002368 ], [ -83.512690000001967, 43.716382000002959 ], [ -83.471264000001284, 43.730523000002265 ], [ -83.498480000002374, 43.741935000002393 ], [ -83.713563000001741, 43.830898000002634 ], [ -83.60773400000231, 43.897659000002548 ], [ -83.458214000002414, 43.994038000002739 ], [ -83.569145000001342, 43.984479000002665 ], [ -83.585468000001526, 44.038833000002953 ], [ -83.641029000002007, 44.042515000002851 ], [ -83.656046000001297, 44.011631000003099 ], [ -83.667975000002158, 43.981291000002827 ], [ -83.744804000001949, 43.992179000002231 ], [ -83.806558000001715, 43.9780560000031 ], [ -83.81759800000232, 43.987563000002702 ], [ -83.876238000002104, 43.960345000002341 ], [ -83.879280000002183, 43.915257000002661 ], [ -83.896001000002187, 43.906738000002569 ], [ -83.907158000001246, 43.824334000002459 ], [ -83.914380000001771, 43.769582000002814 ] ] ] } },
{ "type": "Feature", "properties": { "opt_all": 9, "population": 773622.0, "voting_age_pop": 602734.0, "dem_votes": 172866.0, "rep_votes": 191977.0, "minority_pop": 117660.0, "dem_pct": 0.47380928221897933, "rep_pct": 0.52619071750693014 }, "geometry": { "type": "Polygon", "coordinates": [ [ [ -83.927164000001227, 42.868344000003034 ], [ -83.928124000002242, 42.897874000002709 ], [ -83.928998000001329, 42.924492000002907 ], [ -83.929825000002097, 42.949981000002388 ], [ -83.929911000001994, 42.95651200000291 ], [ -83.92883700000182, 42.956548000002257 ], [ -83.928322000001984, 43.044511000002402 ], [ -83.928760000001702, 43.089336000002675 ], [ -83.929079000001465, 43.132782000002365 ], [ -83.930635000001843, 43.176097000002407 ], [ -83.9320710000014, 43.220377000003047 ], [ -83.882125000001253, 43.22066400000287 ], [ -83.882054000001489, 43.220660000002965 ], [ -83.814494000002213, 43.221210000003126 ], [ -83.769166000002045, 43.221292000002727 ], [ -83.735055000002291, 43.221333000002986 ], [ -83.695621000001324, 43.221422000002711 ], [ -83.695754000001259, 43.264425000003151 ], [ -83.6957580000023, 43.265566000003119 ], [ -83.695335000002018, 43.306827000002599 ], [ -83.69850900000128, 43.39271100000277 ], [ -83.698816000002253, 43.47895700000231 ], [ -83.581726000001581, 43.479873000002534 ], [ -83.580311000002013, 43.393541000002891 ], [ -83.462727000002332, 43.394420000002505 ], [ -83.46285900000197, 43.407823000002772 ], [ -83.344177000001778, 43.409691000002312 ], [ -83.225718000001265, 43.412181000002469 ], [ -83.229118000002245, 43.498157000002287 ], [ -83.109506000002014, 43.50108500000254 ], [ -83.106259000001614, 43.414344000002572 ], [ -82.988269000001651, 43.417142000002407 ], [ -82.98443900000126, 43.32990500000281 ], [ -82.885334000002118, 43.332267000002744 ], [ -82.882837000002169, 43.242899000002545 ], [ -82.877221000001271, 43.157212000002573 ], [ -82.996257000002231, 43.154099000003143 ], [ -82.990961000001192, 43.068591000002783 ], [ -82.986554000002286, 42.982436000002522 ], [ -82.98776500000227, 42.982393000002467 ], [ -82.983647000001554, 42.893741000002372 ], [ -83.042970000001759, 42.890195000003168 ], [ -83.102891000001449, 42.888647000002827 ], [ -83.101426000001595, 42.851566000002926 ], [ -83.100531000001212, 42.829654000002606 ], [ -83.099432000001741, 42.800550000002474 ], [ -83.09862300000178, 42.785122000002865 ], [ -83.098000000001207, 42.770547000003091 ], [ -83.097629000001319, 42.763296000002669 ], [ -83.096835000001761, 42.743102000002885 ], [ -83.095441000001912, 42.712499000002495 ], [ -83.140801000002085, 42.711387000002553 ], [ -83.147658000001513, 42.711247000002736 ], [ -83.158337000001865, 42.711071000003038 ], [ -83.16909300000188, 42.710741000002926 ], [ -83.174600000001291, 42.710573000002313 ], [ -83.184639000001553, 42.710306000002539 ], [ -83.195423000001199, 42.7099920000027 ], [ -83.214030000002012, 42.709523000002342 ], [ -83.242705000001351, 42.708717000002672 ], [ -83.286039000001736, 42.707570000002391 ], [ -83.306874000001898, 42.707062000003162 ], [ -83.328950000001598, 42.705918000003024 ], [ -83.361553000001848, 42.704977000002295 ], [ -83.365644000002035, 42.704819000002431 ], [ -83.371878000001445, 42.704657000003039 ], [ -83.372650000002082, 42.695461000002297 ], [ -83.37166700000239, 42.679949000003091 ], [ -83.386910000001478, 42.674983000002307 ], [ -83.386224000001576, 42.660089000002394 ], [ -83.399148000001631, 42.652756000002853 ], [ -83.443516000001225, 42.648811000002979 ], [ -83.444062000001509, 42.660049000002793 ], [ -83.487520000001368, 42.651847000002384 ], [ -83.493394000001828, 42.6498470000029 ], [ -83.491894000001636, 42.62772400000236 ], [ -83.521033000002049, 42.62748800000287 ], [ -83.527348000001268, 42.612359000002861 ], [ -83.517843000001861, 42.612674000002336 ], [ -83.511114000002209, 42.597643000002506 ], [ -83.561033000001629, 42.596191000002776 ], [ -83.562062000001674, 42.610741000002783 ], [ -83.564101000001571, 42.653794000002357 ], [ -83.565060000001992, 42.676015000003069 ], [ -83.587419000001873, 42.675640000002488 ], [ -83.588857000001369, 42.639015000002829 ], [ -83.59058200000166, 42.609887000002658 ], [ -83.601768000001485, 42.609486000003066 ], [ -83.601127000001938, 42.598295000002352 ], [ -83.614909000001632, 42.581310000002411 ], [ -83.613513000002015, 42.572472000003174 ], [ -83.599566000001801, 42.573044000002596 ], [ -83.59908000000172, 42.565787000002722 ], [ -83.596142000002274, 42.522477000002922 ], [ -83.633594000001551, 42.521006000003005 ], [ -83.63946700000227, 42.504426000002887 ], [ -83.652824000001246, 42.484122000002507 ], [ -83.652544000002024, 42.479633000002288 ], [ -83.667685000001967, 42.474668000002886 ], [ -83.670849000002164, 42.518630000002887 ], [ -83.670904000001428, 42.519609000002895 ], [ -83.672388000001959, 42.54074000000233 ], [ -83.674115000001493, 42.562762000002607 ], [ -83.677115000001606, 42.606255000002761 ], [ -83.678018000001913, 42.62095300000297 ], [ -83.680281000001813, 42.654083000002643 ], [ -83.681003000002121, 42.664576000002334 ], [ -83.6827800000015, 42.695580000002991 ], [ -83.685139000001783, 42.744746000002415 ], [ -83.686493000001462, 42.783263000002378 ], [ -83.691479000001863, 42.783187000003061 ], [ -83.699669000002146, 42.783064000002483 ], [ -83.716414000002047, 42.78278400000228 ], [ -83.746136000001698, 42.782265000002589 ], [ -83.766113000001241, 42.781932000002257 ], [ -83.775960000001845, 42.781726000002855 ], [ -83.805418000002362, 42.781138000002706 ], [ -83.845496000001376, 42.781366000003068 ], [ -83.922516000001352, 42.780821000002341 ], [ -83.924805000001356, 42.824530000002746 ], [ -83.927164000001227, 42.868344000003034 ] ] ] } },
{ "type": "Feature", "properties": { "opt_all": 10, "population": 773757.0, "voting_age_pop": 615666.0, "dem_votes": 150733.0, "rep_votes": 195531.0, "minority_pop": 99658.0, "dem_pct": 0.43531236269571416, "rep_pct": 0.56468763701548885 }, "geometry": { "type": "Polygon", "coordinates": [ [ [ -83.006074000001391, 42.537303000002787 ], [ -83.029343000002385, 42.536643000002435 ], [ -83.068562000001819, 42.535429000003042 ], [ -83.086882000001879, 42.534792000003087 ], [ -83.087406000001494, 42.54070900000287 ], [ -83.088157000001928, 42.549379000002737 ], [ -83.088508000001255, 42.557856000002609 ], [ -83.088776000002341, 42.563843000002691 ], [ -83.088786000002074, 42.564110000002877 ], [ -83.089050000001734, 42.570721000002948 ], [ -83.089366000001618, 42.578450000003109 ], [ -83.089610000001528, 42.585061000002447 ], [ -83.089900000002018, 42.593009000002702 ], [ -83.090185000001313, 42.597876000003176 ], [ -83.090687000002291, 42.60747000000304 ], [ -83.09144900000166, 42.624208000002618 ], [ -83.071806000001743, 42.624668000002387 ], [ -83.051897000002114, 42.62518100000279 ], [ -83.04416200000199, 42.625520000002403 ], [ -83.045482000001272, 42.627096000002943 ], [ -83.044041000002295, 42.632980000002455 ], [ -83.032744000002296, 42.634756000002888 ], [ -83.032943000001239, 42.640594000002494 ], [ -83.033435000001361, 42.655115000002304 ], [ -83.033857000001461, 42.669581000002871 ], [ -83.05359900000235, 42.669238000003197 ], [ -83.054108000001833, 42.683681000002643 ], [ -83.05454200000149, 42.698120000002852 ], [ -83.034746000002386, 42.698507000002976 ], [ -83.035330000001181, 42.713712000003163 ], [ -83.016110000001476, 42.714118000002898 ], [ -83.015974000002203, 42.714121000002379 ], [ -82.996321000001615, 42.714719000003086 ], [ -82.976908000002012, 42.715905000002941 ], [ -82.977245000001957, 42.724023000002582 ], [ -82.979688000001715, 42.76022700000302 ], [ -82.979687000001604, 42.790025000002487 ], [ -83.09862300000178, 42.785122000002865 ], [ -83.099432000001741, 42.800550000002474 ], [ -83.100531000001212, 42.829654000002606 ], [ -83.101426000001595, 42.851566000002926 ], [ -83.102891000001449, 42.888647000002827 ], [ -83.042970000001759, 42.890195000003168 ], [ -82.983647000001554, 42.893741000002372 ], [ -82.98776500000227, 42.982393000002467 ], [ -82.986554000002286, 42.982436000002522 ], [ -82.990961000001192, 43.068591000002783 ], [ -82.996257000002231, 43.154099000003143 ], [ -82.877221000001271, 43.157212000002573 ], [ -82.882837000002169, 43.242899000002545 ], [ -82.885334000002118, 43.332267000002744 ], [ -82.98443900000126, 43.32990500000281 ], [ -82.988269000001651, 43.417142000002407 ], [ -83.106259000001614, 43.414344000002572 ], [ -83.109506000002014, 43.50108500000254 ], [ -83.114619000002008, 43.587995000002351 ], [ -83.117844000002137, 43.675493000002291 ], [ -82.997932000001683, 43.679304000002439 ], [ -82.878375000002364, 43.682770000002733 ], [ -82.758368000002164, 43.685895000002766 ], [ -82.606582000001424, 43.690475000003019 ], [ -82.600446000001583, 43.603599000002482 ], [ -82.585420000001363, 43.543665000002719 ], [ -82.555742000001942, 43.473747000002597 ], [ -82.537571000002188, 43.432864000003022 ], [ -82.534414000001831, 43.3438340000029 ], [ -82.525583000001717, 43.254226000002696 ], [ -82.519471000001786, 43.214545000002829 ], [ -82.503163000002004, 43.168946000002435 ], [ -82.334073000001723, 43.170413000002952 ], [ -82.352154000001562, 43.133396000002989 ], [ -82.377837000001847, 43.085421000002576 ], [ -82.399030000001559, 43.041248000002341 ], [ -82.406862000001169, 43.021589000002308 ], [ -82.416054000001864, 43.005477000002784 ], [ -82.423726000001267, 42.990152000002311 ], [ -82.415373000002361, 42.97129900000278 ], [ -82.416698000002341, 42.966424000002831 ], [ -82.437306000002224, 42.945544000003089 ], [ -82.447719000001584, 42.937153000002446 ], [ -82.459530000001266, 42.91511900000274 ], [ -82.467937000001896, 42.892482000003049 ], [ -82.469768000001807, 42.877459000002588 ], [ -82.471452000001449, 42.841000000002744 ], [ -82.477585000001426, 42.826338000002714 ], [ -82.479681000001577, 42.819351000003138 ], [ -82.482127000001796, 42.80680200000274 ], [ -82.467667000001953, 42.761906000002803 ], [ -82.483623000002112, 42.728522000003174 ], [ -82.491922000001409, 42.704571000002538 ], [ -82.497290000001584, 42.695605000003013 ], [ -82.510362000001919, 42.65322500000309 ], [ -82.51003900000174, 42.636793000002413 ], [ -82.524921000001697, 42.605923000002882 ], [ -82.606967000001319, 42.548282000002501 ], [ -82.643070000001671, 42.554321000002446 ], [ -82.723170000001403, 42.477778000002651 ], [ -82.726049000001709, 42.62503300000251 ], [ -82.720439000001264, 42.640790000002589 ], [ -82.709896000001962, 42.670267000002674 ], [ -82.708254000002043, 42.684162000002928 ], [ -82.726237000001717, 42.682829000002968 ], [ -82.742178000001175, 42.67327800000254 ], [ -82.756908000002312, 42.66753500000268 ], [ -82.808197000001329, 42.646241000002391 ], [ -82.817736000001545, 42.631043000002649 ], [ -82.81882100000206, 42.615803000002906 ], [ -82.775829000001409, 42.593729000002661 ], [ -82.810222000001517, 42.571402000003026 ], [ -82.817972000002172, 42.570384000002569 ], [ -82.838718000001847, 42.56422500000285 ], [ -82.848975000001204, 42.555538000003139 ], [ -82.860016000002375, 42.540845000002548 ], [ -82.865107000001899, 42.540731000002481 ], [ -82.882059000001547, 42.540197000002919 ], [ -82.884713000001526, 42.540176000003079 ], [ -82.904298000001234, 42.539784000002541 ], [ -82.904180000001475, 42.532319000002438 ], [ -82.903976000001279, 42.524900000002354 ], [ -82.903369000002314, 42.510299000003016 ], [ -82.898363000002249, 42.510407000002893 ], [ -82.898099000001622, 42.504589000003072 ], [ -82.908024000001191, 42.502812000003132 ], [ -82.907688000001286, 42.495388000002485 ], [ -82.917152000002275, 42.495159000003028 ], [ -82.917397000001515, 42.487849000002591 ], [ -82.917496000002259, 42.480437000002503 ], [ -82.927331000002326, 42.480230000003033 ], [ -82.933927000002029, 42.480026000002375 ], [ -82.947931000001958, 42.480362000002799 ], [ -82.967175000001603, 42.480247000002819 ], [ -82.967430000001372, 42.486856000002632 ], [ -82.96775500000183, 42.493800000002629 ], [ -82.968511000001655, 42.508837000002686 ], [ -82.968698000002092, 42.516204000003171 ], [ -82.968991000001793, 42.523618000002649 ], [ -82.969326000002397, 42.531060000002711 ], [ -82.969413000001921, 42.532959000002627 ], [ -82.969635000002356, 42.538429000002601 ], [ -82.983549000001943, 42.538014000002661 ], [ -82.988939000001565, 42.53786200000259 ], [ -82.993194000001736, 42.537744000003087 ], [ -83.006074000001391, 42.537303000002787 ] ] ] } },
{ "type": "Feature", "properties": { "opt_all": 11, "population": 777410.0, "voting_age_pop": 622326.0, "dem_votes": 237251.0, "rep_votes": 140576.0, "minority_pop": 226493.0, "dem_pct": 0.62793553646829481, "rep_pct": 0.37206446326703374 }, "geometry": { "type": "Polygon", "coordinates": [ [ [ -83.554420000001969, 42.479871000002944 ], [ -83.555194000002217, 42.492867000002931 ], [ -83.55521000000229, 42.493165000003053 ], [ -83.556784000001301, 42.523911000003025 ], [ -83.558644000001848, 42.552545000003121 ], [ -83.53788900000221, 42.553254000002696 ], [ -83.518354000001494, 42.557460000003033 ], [ -83.517192000001884, 42.53881600000318 ], [ -83.516309000002352, 42.524983000002784 ], [ -83.499246000001307, 42.525456000003018 ], [ -83.497866000001522, 42.525486000002559 ], [ -83.492225000001753, 42.525851000002781 ], [ -83.474455000002393, 42.526225000002952 ], [ -83.467166000001725, 42.526317000002969 ], [ -83.466365000001758, 42.52634200000282 ], [ -83.437586000001716, 42.527102000002436 ], [ -83.43753800000222, 42.526072000002905 ], [ -83.432525000001789, 42.526286000002557 ], [ -83.418813000001919, 42.526690000002446 ], [ -83.399327000001918, 42.527263000002613 ], [ -83.379896000001182, 42.528077000002334 ], [ -83.379434000001794, 42.528028000002521 ], [ -83.365579000001404, 42.528240000002981 ], [ -83.360119000001461, 42.528409000002291 ], [ -83.325376000001825, 42.529107000002419 ], [ -83.320895000001542, 42.529035000002722 ], [ -83.320831000002343, 42.529033000002741 ], [ -83.313303000002065, 42.529456000002519 ], [ -83.285387000001222, 42.530176000002349 ], [ -83.284962000001599, 42.530211000003163 ], [ -83.274187000001206, 42.530428000003013 ], [ -83.272976000001947, 42.530455000003023 ], [ -83.264378000002139, 42.530599000002347 ], [ -83.249165000001383, 42.530851000003139 ], [ -83.245553000001379, 42.545820000002664 ], [ -83.238098000001884, 42.546012000003152 ], [ -83.240781000001235, 42.555198000002882 ], [ -83.236330000002383, 42.559831000002823 ], [ -83.225213000002256, 42.560109000002477 ], [ -83.221569000001679, 42.55624100000297 ], [ -83.206375000002382, 42.558577000002778 ], [ -83.207354000001487, 42.580667000002485 ], [ -83.207467000002381, 42.58285000000302 ], [ -83.207680000002313, 42.587265000002851 ], [ -83.208510000001723, 42.604885000002824 ], [ -83.208862000001247, 42.613378000002726 ], [ -83.208943000001454, 42.615067000002739 ], [ -83.209216000001447, 42.620995000002672 ], [ -83.223788000001463, 42.620633000003011 ], [ -83.235843000001907, 42.620291000003 ], [ -83.239963000001296, 42.620168000003105 ], [ -83.248568000001498, 42.619938000003039 ], [ -83.247920000001884, 42.60444500000235 ], [ -83.252088000001663, 42.603858000003108 ], [ -83.252599000001581, 42.603836000002318 ], [ -83.272728000001791, 42.612824000002483 ], [ -83.278296000001646, 42.610684000003154 ], [ -83.295618000001312, 42.610167000002292 ], [ -83.324892000001512, 42.618331000002648 ], [ -83.324971000001298, 42.622436000002452 ], [ -83.334063000002402, 42.625698000003041 ], [ -83.325695000001673, 42.635200000003053 ], [ -83.32594100000199, 42.63995800000265 ], [ -83.334550000001371, 42.662327000003188 ], [ -83.332996000002296, 42.663980000002695 ], [ -83.329627000001963, 42.661834000002408 ], [ -83.327320000001237, 42.6653680000029 ], [ -83.327667000002265, 42.677148000002468 ], [ -83.327725000002289, 42.678238000002501 ], [ -83.327879000002326, 42.683893000002797 ], [ -83.328733000001733, 42.701340000003135 ], [ -83.328950000001598, 42.705918000003024 ], [ -83.306874000001898, 42.707062000003162 ], [ -83.286039000001736, 42.707570000002391 ], [ -83.242705000001351, 42.708717000002672 ], [ -83.214030000002012, 42.709523000002342 ], [ -83.195423000001199, 42.7099920000027 ], [ -83.184639000001553, 42.710306000002539 ], [ -83.174600000001291, 42.710573000002313 ], [ -83.16909300000188, 42.710741000002926 ], [ -83.158337000001865, 42.711071000003038 ], [ -83.147658000001513, 42.711247000002736 ], [ -83.140801000002085, 42.711387000002553 ], [ -83.095441000001912, 42.712499000002495 ], [ -83.096835000001761, 42.743102000002885 ], [ -83.097629000001319, 42.763296000002669 ], [ -83.098000000001207, 42.770547000003091 ], [ -83.09862300000178, 42.785122000002865 ], [ -82.979687000001604, 42.790025000002487 ], [ -82.979688000001715, 42.76022700000302 ], [ -82.977245000001957, 42.724023000002582 ], [ -82.976908000002012, 42.715905000002941 ], [ -82.996321000001615, 42.714719000003086 ], [ -83.015974000002203, 42.714121000002379 ], [ -83.016110000001476, 42.714118000002898 ], [ -83.035330000001181, 42.713712000003163 ], [ -83.034746000002386, 42.698507000002976 ], [ -83.05454200000149, 42.698120000002852 ], [ -83.054108000001833, 42.683681000002643 ], [ -83.05359900000235, 42.669238000003197 ], [ -83.033857000001461, 42.669581000002871 ], [ -83.033435000001361, 42.655115000002304 ], [ -83.032943000001239, 42.640594000002494 ], [ -83.032744000002296, 42.634756000002888 ], [ -83.044041000002295, 42.632980000002455 ], [ -83.045482000001272, 42.627096000002943 ], [ -83.04416200000199, 42.625520000002403 ], [ -83.051897000002114, 42.62518100000279 ], [ -83.071806000001743, 42.624668000002387 ], [ -83.09144900000166, 42.624208000002618 ], [ -83.090687000002291, 42.60747000000304 ], [ -83.090185000001313, 42.597876000003176 ], [ -83.089900000002018, 42.593009000002702 ], [ -83.089610000001528, 42.585061000002447 ], [ -83.089366000001618, 42.578450000003109 ], [ -83.089050000001734, 42.570721000002948 ], [ -83.088786000002074, 42.564110000002877 ], [ -83.088776000002341, 42.563843000002691 ], [ -83.088508000001255, 42.557856000002609 ], [ -83.088157000001928, 42.549379000002737 ], [ -83.087406000001494, 42.54070900000287 ], [ -83.086882000001879, 42.534792000003087 ], [ -83.086417000001532, 42.524324000002814 ], [ -83.086246000001267, 42.520018000002906 ], [ -83.085946000001684, 42.512614000002579 ], [ -83.085924000001725, 42.512106000002561 ], [ -83.085625000001826, 42.505205000002739 ], [ -83.085482000002202, 42.501613000002983 ], [ -83.085356000001511, 42.498046000002589 ], [ -83.085346000002275, 42.497760000003098 ], [ -83.085122000001903, 42.49076000000268 ], [ -83.084846000002187, 42.484132000002816 ], [ -83.084836000001658, 42.483849000002479 ], [ -83.084523000002278, 42.476345000002581 ], [ -83.10465800000209, 42.476155000002755 ], [ -83.110919000001473, 42.475929000002978 ], [ -83.11397100000228, 42.475850000002453 ], [ -83.111216000002173, 42.46489500000299 ], [ -83.110557000001791, 42.461196000002289 ], [ -83.109626000002152, 42.446959000002785 ], [ -83.112630000002341, 42.44679900000245 ], [ -83.112954000001537, 42.446790000003091 ], [ -83.12507300000118, 42.446566000002619 ], [ -83.137684000001954, 42.446320000003055 ], [ -83.142060000001777, 42.446229000002994 ], [ -83.144190000001302, 42.446181000003079 ], [ -83.1509440000019, 42.446031000002613 ], [ -83.15198600000214, 42.44600700000256 ], [ -83.156960000002172, 42.453268000002858 ], [ -83.161804000001979, 42.452891000003007 ], [ -83.161862000001619, 42.454497000002803 ], [ -83.17126500000218, 42.445545000002589 ], [ -83.175605000002108, 42.445453000002487 ], [ -83.181005000001733, 42.445343000003135 ], [ -83.18705700000163, 42.445220000002514 ], [ -83.200522000002223, 42.444839000002915 ], [ -83.203632000002031, 42.444746000002894 ], [ -83.210254000001825, 42.444568000002718 ], [ -83.211368000001514, 42.444539000002827 ], [ -83.219631000001385, 42.444349000002497 ], [ -83.224856000001296, 42.444235000002926 ], [ -83.225608000002282, 42.444219000003166 ], [ -83.228116000001378, 42.444164000003155 ], [ -83.239423000001992, 42.443918000002633 ], [ -83.24425200000222, 42.443791000002989 ], [ -83.255176000001185, 42.443499000003165 ], [ -83.258867000002326, 42.443403000003102 ], [ -83.265308000001426, 42.443237000002696 ], [ -83.268509000001956, 42.443156000002404 ], [ -83.278263000001999, 42.442868000003166 ], [ -83.278517000002211, 42.442864000003205 ], [ -83.287803000002341, 42.442683000002795 ], [ -83.297426000002275, 42.442488000002584 ], [ -83.312072000001294, 42.442121000003006 ], [ -83.316825000002282, 42.442033000002361 ], [ -83.317158000001314, 42.449199000002487 ], [ -83.317170000001724, 42.449710000003101 ], [ -83.31749600000235, 42.45657100000291 ], [ -83.318191000001605, 42.471055000002842 ], [ -83.318878000001618, 42.4855480000029 ], [ -83.338392000001676, 42.485207000002433 ], [ -83.337722000001222, 42.470665000003017 ], [ -83.357192000001561, 42.470170000002994 ], [ -83.350872000001502, 42.455635000002609 ], [ -83.355111000001358, 42.455802000002741 ], [ -83.368501000001714, 42.455331000002488 ], [ -83.367896000002133, 42.440774000003039 ], [ -83.369177000001827, 42.440738000003023 ], [ -83.375469000002155, 42.440557000002634 ], [ -83.385307000002229, 42.440276000002569 ], [ -83.394770000002069, 42.440028000002563 ], [ -83.414357000002198, 42.439523000003092 ], [ -83.433672000002346, 42.438942000002854 ], [ -83.433734000002218, 42.438940000002631 ], [ -83.453068000002233, 42.438308000002841 ], [ -83.453704000001622, 42.438290000003072 ], [ -83.47388700000225, 42.437654000002958 ], [ -83.473737000002174, 42.444863000003046 ], [ -83.483605000001816, 42.444582000002647 ], [ -83.512859000001868, 42.443774000002406 ], [ -83.512502000002044, 42.436482000002812 ], [ -83.551907000002259, 42.435166000002717 ], [ -83.552722000002163, 42.449442000003152 ], [ -83.553101000002272, 42.456773000003025 ], [ -83.553107000001589, 42.456879000003127 ], [ -83.554420000001969, 42.479871000002944 ] ], [ [ -83.195784000002092, 42.479984000002595 ], [ -83.195732000002195, 42.481191000002568 ], [ -83.196659000001603, 42.481263000002329 ], [ -83.195784000002092, 42.479984000002595 ] ], [ [ -83.201805000002352, 42.477588000002974 ], [ -83.20162800000162, 42.473849000003113 ], [ -83.197204000001932, 42.477564000002317 ], [ -83.201805000002352, 42.477588000002974 ] ] ] } },
{ "type": "Feature", "properties": { "opt_all": 12, "population": 776477.0, "voting_age_pop": 588308.0, "dem_votes": 226411.0, "rep_votes": 61602.0, "minority_pop": 333387.0, "dem_pct": 0.78611382097818017, "rep_pct": 0.21388617867461324 }, "geometry": { "type": "MultiPolygon", "coordinates": [ [ [ [ -83.348737000001961, 42.285631000003171 ], [ -83.363571000002352, 42.288783000002589 ], [ -83.378042000001471, 42.288490000002483 ], [ -83.384778000002228, 42.288372000002305 ], [ -83.392675000001518, 42.288201000003049 ], [ -83.401715000002312, 42.287995000002411 ], [ -83.427436000001222, 42.287465000002427 ], [ -83.427705000001978, 42.294586000002909 ], [ -83.42793100000226, 42.300203000002398 ], [ -83.428283000001272, 42.308981000002568 ], [ -83.42886300000221, 42.323448000002458 ], [ -83.429179000002009, 42.331303000002492 ], [ -83.429714000002235, 42.345005000003063 ], [ -83.430038000002099, 42.352465000003065 ], [ -83.420282000001563, 42.352718000002341 ], [ -83.410316000001714, 42.352936000003183 ], [ -83.386204000002053, 42.353481000002638 ], [ -83.376721000001638, 42.353658000002383 ], [ -83.372017000001364, 42.353804000002626 ], [ -83.361779000001206, 42.354016000002616 ], [ -83.361465000001772, 42.354023000002371 ], [ -83.351774000001228, 42.354263000003087 ], [ -83.343420000001316, 42.35444900000266 ], [ -83.340145000002224, 42.354528000002361 ], [ -83.332311000001212, 42.35472200000283 ], [ -83.312825000002235, 42.355180000002747 ], [ -83.313154000001433, 42.362542000003145 ], [ -83.313492000001816, 42.369892000003013 ], [ -83.313839000001821, 42.377114000002834 ], [ -83.314226000002066, 42.384131000002697 ], [ -83.314252000001815, 42.384428000002586 ], [ -83.314629000001986, 42.391857000002588 ], [ -83.314963000001697, 42.398603000002957 ], [ -83.315606000002219, 42.413211000002789 ], [ -83.315919000001244, 42.42048700000241 ], [ -83.316223000001202, 42.427609000002427 ], [ -83.316530000001691, 42.434780000002512 ], [ -83.316825000002282, 42.442033000002361 ], [ -83.312072000001294, 42.442121000003006 ], [ -83.297426000002275, 42.442488000002584 ], [ -83.287803000002341, 42.442683000002795 ], [ -83.278517000002211, 42.442864000003205 ], [ -83.278263000001999, 42.442868000003166 ], [ -83.268509000001956, 42.443156000002404 ], [ -83.265308000001426, 42.443237000002696 ], [ -83.258867000002326, 42.443403000003102 ], [ -83.255176000001185, 42.443499000003165 ], [ -83.24425200000222, 42.443791000002989 ], [ -83.239423000001992, 42.443918000002633 ], [ -83.228116000001378, 42.444164000003155 ], [ -83.225608000002282, 42.444219000003166 ], [ -83.224856000001296, 42.444235000002926 ], [ -83.219631000001385, 42.444349000002497 ], [ -83.211368000001514, 42.444539000002827 ], [ -83.210254000001825, 42.444568000002718 ], [ -83.203632000002031, 42.444746000002894 ], [ -83.200522000002223, 42.444839000002915 ], [ -83.18705700000163, 42.445220000002514 ], [ -83.181005000001733, 42.445343000003135 ], [ -83.175605000002108, 42.445453000002487 ], [ -83.17126500000218, 42.445545000002589 ], [ -83.161862000001619, 42.454497000002803 ], [ -83.161804000001979, 42.452891000003007 ], [ -83.156960000002172, 42.453268000002858 ], [ -83.15198600000214, 42.44600700000256 ], [ -83.1509440000019, 42.446031000002613 ], [ -83.144190000001302, 42.446181000003079 ], [ -83.142060000001777, 42.446229000002994 ], [ -83.137684000001954, 42.446320000003055 ], [ -83.12507300000118, 42.446566000002619 ], [ -83.112954000001537, 42.446790000003091 ], [ -83.112630000002341, 42.44679900000245 ], [ -83.109626000002152, 42.446959000002785 ], [ -83.110557000001791, 42.461196000002289 ], [ -83.111216000002173, 42.46489500000299 ], [ -83.11397100000228, 42.475850000002453 ], [ -83.110919000001473, 42.475929000002978 ], [ -83.10465800000209, 42.476155000002755 ], [ -83.084523000002278, 42.476345000002581 ], [ -83.08436900000126, 42.469044000002938 ], [ -83.083958000001289, 42.46182500000274 ], [ -83.083647000002117, 42.453411000002298 ], [ -83.08339300000155, 42.447153000002629 ], [ -83.075413000002271, 42.447119000002346 ], [ -83.070034000001911, 42.447187000003183 ], [ -83.067992000002079, 42.447211000003151 ], [ -83.063877000001355, 42.447258000003039 ], [ -83.054057000001592, 42.447507000002439 ], [ -83.039417000001677, 42.447874000002386 ], [ -83.039201000002365, 42.44101300000267 ], [ -83.038948000001469, 42.433682000003067 ], [ -83.038440000002325, 42.421712000002792 ], [ -83.046782000001684, 42.426220000002758 ], [ -83.049234000001761, 42.433439000002558 ], [ -83.053320000002159, 42.433344000002606 ], [ -83.053098000001498, 42.427906000003155 ], [ -83.062854000002375, 42.428602000002385 ], [ -83.069677000002045, 42.428456000002882 ], [ -83.070396000001935, 42.428330000002802 ], [ -83.077355000001731, 42.42336600000251 ], [ -83.075179000001697, 42.418613000002907 ], [ -83.082250000001451, 42.41843200000303 ], [ -83.083449000001352, 42.41839100000238 ], [ -83.087750000001904, 42.418235000002696 ], [ -83.089417000002115, 42.418161000002591 ], [ -83.101812000001189, 42.417828000003112 ], [ -83.105293000001922, 42.41774900000312 ], [ -83.11265400000201, 42.417645000002622 ], [ -83.121932000001934, 42.41748200000292 ], [ -83.118684000002062, 42.412719000003008 ], [ -83.112089000002143, 42.403031000002429 ], [ -83.111572000001459, 42.402288000002997 ], [ -83.109048000001877, 42.398585000002392 ], [ -83.102278000001974, 42.388084000002614 ], [ -83.102115000001689, 42.387842000002742 ], [ -83.100401000001582, 42.385317000002622 ], [ -83.099555000002354, 42.38448200000235 ], [ -83.107204000002298, 42.381683000002482 ], [ -83.102890000001352, 42.375122000002769 ], [ -83.111548000002273, 42.372437000002641 ], [ -83.114853000001744, 42.371194000002419 ], [ -83.12346700000198, 42.373880000003105 ], [ -83.124986000002338, 42.381001000003145 ], [ -83.13710400000187, 42.376328000003056 ], [ -83.13910900000171, 42.376140000002749 ], [ -83.14696300000125, 42.381026000003054 ], [ -83.149049000001796, 42.380983000002473 ], [ -83.157757000001524, 42.378997000003181 ], [ -83.157630000002072, 42.376253000002571 ], [ -83.151142000001386, 42.373635000002508 ], [ -83.150720000001627, 42.373468000002731 ], [ -83.151220000001643, 42.366316000003074 ], [ -83.149617000002124, 42.359123000002931 ], [ -83.144358000001546, 42.359234000002751 ], [ -83.143905000001212, 42.351992000003165 ], [ -83.14773600000143, 42.351916000002483 ], [ -83.148431000001267, 42.344688000002336 ], [ -83.150901000001909, 42.338869000002475 ], [ -83.156981000001579, 42.336961000002702 ], [ -83.156737000001741, 42.329925000002447 ], [ -83.156680000002382, 42.328731000002492 ], [ -83.147038000001785, 42.319630000002469 ], [ -83.146948000002112, 42.319525000003203 ], [ -83.140780000001712, 42.311008000002687 ], [ -83.142438000001917, 42.305252000003165 ], [ -83.143773000001701, 42.294383000002966 ], [ -83.151079000002369, 42.296233000002708 ], [ -83.167074000001676, 42.28957100000234 ], [ -83.169676000001488, 42.289644000002653 ], [ -83.184205000001981, 42.294949000002333 ], [ -83.191782000001879, 42.285945000002592 ], [ -83.200756000002087, 42.275319000003186 ], [ -83.195572000001832, 42.27272500000273 ], [ -83.195132000001706, 42.27248700000235 ], [ -83.184696000001807, 42.270641000002946 ], [ -83.176399000001865, 42.266515000003054 ], [ -83.169907000001871, 42.264577000002504 ], [ -83.167264000001381, 42.262281000002787 ], [ -83.161052000002073, 42.25496000000313 ], [ -83.159522000001502, 42.245019000002721 ], [ -83.161202000001765, 42.236564000003021 ], [ -83.155671000001618, 42.234233000003023 ], [ -83.162955000001205, 42.23253400000285 ], [ -83.168872000001471, 42.223324000002549 ], [ -83.180942000001778, 42.221081000002478 ], [ -83.181390000001912, 42.22106300000236 ], [ -83.194093000001672, 42.221034000003115 ], [ -83.200474000001648, 42.223354000002587 ], [ -83.212151000002351, 42.227930000003113 ], [ -83.229843000002063, 42.227545000003168 ], [ -83.229902000002255, 42.228622000002701 ], [ -83.230504000001559, 42.242044000002892 ], [ -83.230864000001233, 42.24920900000258 ], [ -83.231223000001521, 42.25639600000261 ], [ -83.231911000001915, 42.269879000002398 ], [ -83.240797000002161, 42.26967200000319 ], [ -83.250606000001483, 42.269487000002961 ], [ -83.266340000002174, 42.269181000003037 ], [ -83.270134000002301, 42.26914100000252 ], [ -83.270483000002187, 42.269131000002531 ], [ -83.276005000002414, 42.268984000002725 ], [ -83.289535000002388, 42.268685000002563 ], [ -83.308999000001805, 42.268230000002937 ], [ -83.348095000001393, 42.267463000003005 ], [ -83.348199000001557, 42.274689000002766 ], [ -83.348737000001961, 42.285631000003171 ] ] ], [ [ [ -83.20162800000162, 42.473849000003113 ], [ -83.201805000002352, 42.477588000002974 ], [ -83.197204000001932, 42.477564000002317 ], [ -83.20162800000162, 42.473849000003113 ] ] ], [ [ [ -83.195784000002092, 42.479984000002595 ], [ -83.196659000001603, 42.481263000002329 ], [ -83.195732000002195, 42.481191000002568 ], [ -83.195784000002092, 42.479984000002595 ] ] ] ] } },
{ "type": "Feature", "properties": { "opt_all": 13, "population": 773123.0, "voting_age_pop": 597262.0, "dem_votes": 206968.0, "rep_votes": 87011.0, "minority_pop": 311310.0, "dem_pct": 0.70402307623877114, "rep_pct": 0.29597692342106852 }, "geometry": { "type": "Polygon", "coordinates": [ [ [ -83.2440020000018, 42.081066000002593 ], [ -83.241740000001599, 42.102715000002661 ], [ -83.241666000001501, 42.109643000002698 ], [ -83.215514000001761, 42.111915000002512 ], [ -83.214397000001881, 42.111941000002645 ], [ -83.205442000002151, 42.112129000002696 ], [ -83.179220000001919, 42.112658000003179 ], [ -83.176870000001259, 42.12744000000243 ], [ -83.164756000002214, 42.170859000002807 ], [ -83.188714000001724, 42.170374000002425 ], [ -83.188866000002193, 42.155839000003013 ], [ -83.206382000002321, 42.155453000002382 ], [ -83.217204000002383, 42.155266000002435 ], [ -83.224290000001844, 42.155202000002795 ], [ -83.217679000002221, 42.169804000002948 ], [ -83.218122000001799, 42.184400000002746 ], [ -83.226778000001275, 42.18429900000298 ], [ -83.228123000001503, 42.184279000002448 ], [ -83.228713000001406, 42.198670000002437 ], [ -83.228905000002271, 42.205869000003155 ], [ -83.228995000001618, 42.207896000002719 ], [ -83.229197000001548, 42.213078000002767 ], [ -83.229843000002063, 42.227545000003168 ], [ -83.212151000002351, 42.227930000003113 ], [ -83.200474000001648, 42.223354000002587 ], [ -83.194093000001672, 42.221034000003115 ], [ -83.181390000001912, 42.22106300000236 ], [ -83.180942000001778, 42.221081000002478 ], [ -83.168872000001471, 42.223324000002549 ], [ -83.162955000001205, 42.23253400000285 ], [ -83.155671000001618, 42.234233000003023 ], [ -83.161202000001765, 42.236564000003021 ], [ -83.159522000001502, 42.245019000002721 ], [ -83.161052000002073, 42.25496000000313 ], [ -83.167264000001381, 42.262281000002787 ], [ -83.169907000001871, 42.264577000002504 ], [ -83.176399000001865, 42.266515000003054 ], [ -83.184696000001807, 42.270641000002946 ], [ -83.195132000001706, 42.27248700000235 ], [ -83.195572000001832, 42.27272500000273 ], [ -83.200756000002087, 42.275319000003186 ], [ -83.191782000001879, 42.285945000002592 ], [ -83.184205000001981, 42.294949000002333 ], [ -83.169676000001488, 42.289644000002653 ], [ -83.167074000001676, 42.28957100000234 ], [ -83.151079000002369, 42.296233000002708 ], [ -83.143773000001701, 42.294383000002966 ], [ -83.142438000001917, 42.305252000003165 ], [ -83.140780000001712, 42.311008000002687 ], [ -83.146948000002112, 42.319525000003203 ], [ -83.147038000001785, 42.319630000002469 ], [ -83.156680000002382, 42.328731000002492 ], [ -83.156737000001741, 42.329925000002447 ], [ -83.156981000001579, 42.336961000002702 ], [ -83.150901000001909, 42.338869000002475 ], [ -83.148431000001267, 42.344688000002336 ], [ -83.14773600000143, 42.351916000002483 ], [ -83.143905000001212, 42.351992000003165 ], [ -83.144358000001546, 42.359234000002751 ], [ -83.149617000002124, 42.359123000002931 ], [ -83.151220000001643, 42.366316000003074 ], [ -83.150720000001627, 42.373468000002731 ], [ -83.151142000001386, 42.373635000002508 ], [ -83.157630000002072, 42.376253000002571 ], [ -83.157757000001524, 42.378997000003181 ], [ -83.149049000001796, 42.380983000002473 ], [ -83.14696300000125, 42.381026000003054 ], [ -83.13910900000171, 42.376140000002749 ], [ -83.13710400000187, 42.376328000003056 ], [ -83.124986000002338, 42.381001000003145 ], [ -83.12346700000198, 42.373880000003105 ], [ -83.114853000001744, 42.371194000002419 ], [ -83.111548000002273, 42.372437000002641 ], [ -83.102890000001352, 42.375122000002769 ], [ -83.107204000002298, 42.381683000002482 ], [ -83.099555000002354, 42.38448200000235 ], [ -83.100401000001582, 42.385317000002622 ], [ -83.102115000001689, 42.387842000002742 ], [ -83.102278000001974, 42.388084000002614 ], [ -83.109048000001877, 42.398585000002392 ], [ -83.111572000001459, 42.402288000002997 ], [ -83.112089000002143, 42.403031000002429 ], [ -83.118684000002062, 42.412719000003008 ], [ -83.121932000001934, 42.41748200000292 ], [ -83.11265400000201, 42.417645000002622 ], [ -83.105293000001922, 42.41774900000312 ], [ -83.101812000001189, 42.417828000003112 ], [ -83.089417000002115, 42.418161000002591 ], [ -83.087750000001904, 42.418235000002696 ], [ -83.083449000001352, 42.41839100000238 ], [ -83.082250000001451, 42.41843200000303 ], [ -83.075179000001697, 42.418613000002907 ], [ -83.077355000001731, 42.42336600000251 ], [ -83.070396000001935, 42.428330000002802 ], [ -83.069677000002045, 42.428456000002882 ], [ -83.062854000002375, 42.428602000002385 ], [ -83.053098000001498, 42.427906000003155 ], [ -83.053320000002159, 42.433344000002606 ], [ -83.049234000001761, 42.433439000002558 ], [ -83.046782000001684, 42.426220000002758 ], [ -83.038440000002325, 42.421712000002792 ], [ -83.038948000001469, 42.433682000003067 ], [ -83.039201000002365, 42.44101300000267 ], [ -83.039417000001677, 42.447874000002386 ], [ -83.054057000001592, 42.447507000002439 ], [ -83.063877000001355, 42.447258000003039 ], [ -83.067992000002079, 42.447211000003151 ], [ -83.070034000001911, 42.447187000003183 ], [ -83.075413000002271, 42.447119000002346 ], [ -83.08339300000155, 42.447153000002629 ], [ -83.083647000002117, 42.453411000002298 ], [ -83.083958000001289, 42.46182500000274 ], [ -83.08436900000126, 42.469044000002938 ], [ -83.084523000002278, 42.476345000002581 ], [ -83.084836000001658, 42.483849000002479 ], [ -83.084846000002187, 42.484132000002816 ], [ -83.085122000001903, 42.49076000000268 ], [ -83.085346000002275, 42.497760000003098 ], [ -83.085356000001511, 42.498046000002589 ], [ -83.085482000002202, 42.501613000002983 ], [ -83.085625000001826, 42.505205000002739 ], [ -83.085924000001725, 42.512106000002561 ], [ -83.085946000001684, 42.512614000002579 ], [ -83.086246000001267, 42.520018000002906 ], [ -83.086417000001532, 42.524324000002814 ], [ -83.086882000001879, 42.534792000003087 ], [ -83.068562000001819, 42.535429000003042 ], [ -83.029343000002385, 42.536643000002435 ], [ -83.006074000001391, 42.537303000002787 ], [ -82.993194000001736, 42.537744000003087 ], [ -82.988939000001565, 42.53786200000259 ], [ -82.983549000001943, 42.538014000002661 ], [ -82.969635000002356, 42.538429000002601 ], [ -82.969413000001921, 42.532959000002627 ], [ -82.969326000002397, 42.531060000002711 ], [ -82.968991000001793, 42.523618000002649 ], [ -82.968698000002092, 42.516204000003171 ], [ -82.968511000001655, 42.508837000002686 ], [ -82.96775500000183, 42.493800000002629 ], [ -82.967430000001372, 42.486856000002632 ], [ -82.967175000001603, 42.480247000002819 ], [ -82.947931000001958, 42.480362000002799 ], [ -82.933927000002029, 42.480026000002375 ], [ -82.927331000002326, 42.480230000003033 ], [ -82.917496000002259, 42.480437000002503 ], [ -82.917397000001515, 42.487849000002591 ], [ -82.917152000002275, 42.495159000003028 ], [ -82.907688000001286, 42.495388000002485 ], [ -82.908024000001191, 42.502812000003132 ], [ -82.898099000001622, 42.504589000003072 ], [ -82.898363000002249, 42.510407000002893 ], [ -82.903369000002314, 42.510299000003016 ], [ -82.903976000001279, 42.524900000002354 ], [ -82.904180000001475, 42.532319000002438 ], [ -82.904298000001234, 42.539784000002541 ], [ -82.884713000001526, 42.540176000003079 ], [ -82.882059000001547, 42.540197000002919 ], [ -82.865107000001899, 42.540731000002481 ], [ -82.860016000002375, 42.540845000002548 ], [ -82.868035000002209, 42.532021000002715 ], [ -82.87226300000188, 42.525514000002403 ], [ -82.87545700000237, 42.520628000002453 ], [ -82.87950400000237, 42.510770000002829 ], [ -82.881955000001525, 42.500201000003088 ], [ -82.883287000001417, 42.484249000002578 ], [ -82.881161000002265, 42.475609000002699 ], [ -82.882665000002291, 42.468773000002358 ], [ -82.874038000001931, 42.458482000002839 ], [ -82.870045000002179, 42.451008000002759 ], [ -82.749908000001327, 42.451092000002994 ], [ -82.830250000001271, 42.3734920000024 ], [ -82.945485000001597, 42.347396000002881 ], [ -82.959750000001478, 42.340033000002791 ], [ -82.989197000001525, 42.33248100000268 ], [ -83.063637000001293, 42.316857000002315 ], [ -83.099977000001317, 42.286698000002367 ], [ -83.114276000002135, 42.256945000002673 ], [ -83.127237000001472, 42.234762000002739 ], [ -83.134384000001305, 42.174621000002929 ], [ -83.122567000001965, 42.133081000002718 ], [ -83.119386000001441, 42.124685000002799 ], [ -83.133996000002284, 42.084255000002507 ], [ -83.164603000002273, 42.028291000003001 ], [ -83.200222000002356, 42.037370000002909 ], [ -83.225464000001224, 42.049104000002906 ], [ -83.254075000001478, 42.068013000002608 ], [ -83.268776000002319, 42.074281000003111 ], [ -83.265564000002087, 42.080658000002451 ], [ -83.2440020000018, 42.081066000002593 ] ] ] } }
]
}
