{
"type": "FeatureCollection",
"name": "minnesota_optimized_districts_county",
"crs": { "type": "name", "properties": { "name": "urn:ogc:def:crs:OGC:1.3:CRS84" } },
"features": [
{ "type": "Feature", "properties": { "district_id": 0, "voting_age_pop": 501465, "lib_votes": 0, "grn_votes": 0, "con_votes": 0, "ref_votes": 0, "total_pop": 658883, "dem_votes_sum": 175333, "rep_votes_sum": 164739, "lib_votes_sum": 0, "grn_votes_sum": 0, "con_votes_sum": 0, "ref_votes_sum": 0, "minority_pop_sum": 101323, "dem_pct": 0.51557611329365549, "rep_pct": 0.48442388670634456, "lib_pct": 0.0, "grn_pct": 0.0, "con_pct": 0.0, "ref_pct": 0.0, "minority_pct": 0.15377995789844329, "compactness": 0.3824683318602457 }, "geometry": { "type": "Polygon", "coordinates": [ [ [ -91.217705999494541, 43.500549999885216 ], [ -94.368066000599114, 43.500241999646924 ], [ -94.369018000393538, 43.934938999879463 ], [ -94.128638000308626, 43.934985999965768 ], [ -94.128145999935413, 44.108598999709798 ], [ -94.041790999567425, 44.108465999651408 ], [ -94.057732999662335, 44.122419999816209 ], [ -94.033316000322927, 44.154906999617559 ], [ -94.048631999851608, 44.153647000407233 ], [ -94.043742000154865, 44.162965999964392 ], [ -94.068887666050813, 44.173347052445997 ], [ -94.072209464830195, 44.180560075550034 ], [ -94.068691067432837, 44.184589352908993 ], [ -94.058903097708153, 44.183022551047216 ], [ -94.068859202835654, 44.185654062057246 ], [ -94.069579538731091, 44.183821452238547 ], [ -94.073879608952296, 44.188756394846123 ], [ -94.042640000240127, 44.196349999616103 ], [ -94.037379999570632, 44.18093000000367 ], [ -94.008668999629549, 44.189952999741585 ], [ -94.025919000589795, 44.211978999979394 ], [ -94.024809000452279, 44.221932999799762 ], [ -94.01437600020958, 44.217100000057584 ], [ -94.018473000223665, 44.236155999761479 ], [ -93.95911499970363, 44.239433999980356 ], [ -93.95476399942315, 44.289706999835694 ], [ -93.979240000159635, 44.282794999782276 ], [ -93.978971999646404, 44.297127000004387 ], [ -93.954886999605293, 44.290555999637661 ], [ -93.952791000042112, 44.32473800007557 ], [ -93.932685000094025, 44.344884999890652 ], [ -93.962375000539922, 44.369966000123306 ], [ -94.2505999996132, 44.369719999738209 ], [ -94.250340000231603, 44.543170000204213 ], [ -94.132974000139342, 44.543182999931211 ], [ -94.132619999732825, 44.630339999991207 ], [ -93.889200000356539, 44.629900000136438 ], [ -93.888830999433907, 44.67340899989992 ], [ -93.768175999645578, 44.673520000342975 ], [ -93.768039000184885, 44.640302999811837 ], [ -93.756738999645322, 44.634563000276891 ], [ -93.759570999726805, 44.643787000102982 ], [ -93.715401000623459, 44.657364999723946 ], [ -93.720913000353931, 44.663952000211388 ], [ -93.662162000289598, 44.696373000099967 ], [ -93.63344199980132, 44.679770999994815 ], [ -93.621739999762553, 44.685329000343984 ], [ -93.623292000606796, 44.667299000233186 ], [ -93.609090000095762, 44.6673169998774 ], [ -93.623391000158449, 44.661947999962194 ], [ -93.616233999951206, 44.648813999895893 ], [ -93.644165000077322, 44.646530999697902 ], [ -93.643913000596214, 44.630561999726069 ], [ -93.399424999846914, 44.630651999682918 ], [ -93.400468999541758, 44.543818000261382 ], [ -93.349814999850281, 44.544071000322546 ], [ -93.323921999446569, 44.543863999708826 ], [ -93.312927000028424, 44.543994999596805 ], [ -93.258319999375502, 44.543955000259501 ], [ -93.035369999512412, 44.543511999696285 ], [ -93.035028999862405, 44.630343000013383 ], [ -92.913676999934523, 44.630072000173357 ], [ -92.913929999706355, 44.543383000186232 ], [ -92.777921000075523, 44.548889999877773 ], [ -92.76530999960211, 44.542072999884553 ], [ -92.743449999477576, 44.567476999965898 ], [ -92.700212000349723, 44.554423000005023 ], [ -92.672018999889701, 44.568868999873374 ], [ -92.672035000027847, 44.669419999714897 ], [ -92.621847000570042, 44.639017999983729 ], [ -92.619787000375027, 44.613583999673857 ], [ -92.567826000298865, 44.602526000210887 ], [ -92.547172999779022, 44.567503000125647 ], [ -92.519218000188701, 44.57527499975096 ], [ -92.329012999958181, 44.550895000070355 ], [ -92.291005000399338, 44.485464000413991 ], [ -92.230855999484604, 44.4444960001222 ], [ -92.056486000434319, 44.402729000358079 ], [ -91.970265999606966, 44.365842000385051 ], [ -91.925590000265316, 44.333547999932499 ], [ -91.913534000143699, 44.311391999622423 ], [ -91.924613000064326, 44.291814999643087 ], [ -91.896387999554804, 44.274690000043087 ], [ -91.875158000321989, 44.200575000367664 ], [ -91.80806399944106, 44.159262000432491 ], [ -91.721551999411759, 44.130341999656721 ], [ -91.707490999563674, 44.103906000158609 ], [ -91.681530000333751, 44.097400000388824 ], [ -91.592069999957999, 44.031372000408368 ], [ -91.439265000198276, 44.000987999943916 ], [ -91.366642000153306, 43.93746299983956 ], [ -91.284138000537439, 43.847065000314103 ], [ -91.244134999804473, 43.774667000025929 ], [ -91.268455000541096, 43.709823999777257 ], [ -91.268979000175491, 43.616578000059221 ], [ -91.231865000520187, 43.581821999849126 ], [ -91.2431830003447, 43.540308999973803 ], [ -91.217287000164802, 43.510509000101727 ], [ -91.217705999494541, 43.500549999885216 ] ], [ [ -93.633534000201891, 44.652363000162872 ], [ -93.633469000165888, 44.654894000333613 ], [ -93.639027000372153, 44.652345000178933 ], [ -93.633534000201891, 44.652363000162872 ] ], [ [ -93.03940304471422, 44.479052081457588 ], [ -93.039402999706667, 44.479055999892992 ], [ -93.039401999734338, 44.479176999919929 ], [ -93.03940304471422, 44.479052081457588 ] ], [ [ -93.278476000328993, 44.471912000362508 ], [ -93.27142300041308, 44.471770999911207 ], [ -93.268951000271301, 44.471837000359741 ], [ -93.278476000328993, 44.471912000362508 ] ], [ [ -93.254913000358599, 44.47167200024009 ], [ -93.247851999453161, 44.471685000179981 ], [ -93.259039999744815, 44.471755999835018 ], [ -93.254913000358599, 44.47167200024009 ] ], [ [ -93.24124900016264, 44.471592000353674 ], [ -93.237526000260118, 44.47159000018911 ], [ -93.243911999729008, 44.471649000214832 ], [ -93.24124900016264, 44.471592000353674 ] ], [ [ -93.228215000157945, 44.471516000387624 ], [ -93.215705999961315, 44.471226000146451 ], [ -93.215145999683585, 44.471477000053873 ], [ -93.228215000157945, 44.471516000387624 ] ], [ [ -93.205582000055145, 44.471479000324116 ], [ -93.20514700007061, 44.471477999905154 ], [ -93.202849999853541, 44.471480999591634 ], [ -93.205582000055145, 44.471479000324116 ] ], [ [ -93.202849999853541, 44.471480999591634 ], [ -93.200805999997485, 44.471469999922569 ], [ -93.190824000423746, 44.471395999578483 ], [ -93.202849999853541, 44.471480999591634 ] ], [ [ -93.17514000017249, 44.471335000017483 ], [ -93.175140000476404, 44.47133299960305 ], [ -93.174244000529143, 44.471339000112557 ], [ -93.17514000017249, 44.471335000017483 ] ], [ [ -93.171190000305387, 44.471351999821991 ], [ -93.169740999576348, 44.471351999916116 ], [ -93.170720000317132, 44.471353999684545 ], [ -93.171190000305387, 44.471351999821991 ] ], [ [ -93.167708999379485, 44.471346999949859 ], [ -93.167708999590047, 44.471344000228889 ], [ -93.166636999927704, 44.471344000048774 ], [ -93.167708999379485, 44.471346999949859 ] ], [ [ -93.151957000307235, 44.471359000058037 ], [ -93.152484000031251, 44.471358999935987 ], [ -93.152484999481743, 44.471358000195259 ], [ -93.151957000307235, 44.471359000058037 ] ], [ [ -93.145900000073127, 44.4712999999714 ], [ -93.14685599965712, 44.471310999655401 ], [ -93.145729999478789, 44.471297000311615 ], [ -93.145900000073127, 44.4712999999714 ] ], [ [ -93.135771999664328, 44.471298000017129 ], [ -93.119513999698782, 44.471367000217633 ], [ -93.113998000416146, 44.471531000049481 ], [ -93.135771999664328, 44.471298000017129 ] ], [ [ -93.105979999519832, 44.471539000201282 ], [ -93.103105999573046, 44.471635000191327 ], [ -93.107332000233228, 44.471599999932778 ], [ -93.105979999519832, 44.471539000201282 ] ], [ [ -93.090559999895632, 44.471729999581839 ], [ -93.090682999764169, 44.47170999958518 ], [ -93.088898000363741, 44.471737000375953 ], [ -93.090559999895632, 44.471729999581839 ] ], [ [ -93.06116500013114, 44.47179399964061 ], [ -93.057404999492661, 44.471906000131426 ], [ -93.069559999787188, 44.471854000141583 ], [ -93.06116500013114, 44.47179399964061 ] ], [ [ -93.281636000070705, 44.537023000279675 ], [ -93.28152099943506, 44.543955999655466 ], [ -93.281592999899743, 44.529770000424627 ], [ -93.281636000070705, 44.537023000279675 ] ], [ [ -92.964487000513131, 44.514613000179217 ], [ -92.964487009320607, 44.514613000181946 ], [ -92.964501999652811, 44.51461300034051 ], [ -92.964487000513131, 44.514613000179217 ] ], [ [ -92.918784000265561, 44.518068000127556 ], [ -92.918796000249273, 44.518339999718016 ], [ -92.918763999787899, 44.517597999563407 ], [ -92.918784000265561, 44.518068000127556 ] ], [ [ -92.918977999498082, 44.532908000274908 ], [ -92.918977000460075, 44.543247999865478 ], [ -92.918995000443317, 44.543248000029358 ], [ -92.918977999498082, 44.532908000274908 ] ] ] } },
{ "type": "Feature", "properties": { "district_id": 1, "voting_age_pop": 485308, "lib_votes": 0, "grn_votes": 0, "con_votes": 0, "ref_votes": 0, "total_pop": 662666, "dem_votes_sum": 205196, "rep_votes_sum": 159887, "lib_votes_sum": 0, "grn_votes_sum": 0, "con_votes_sum": 0, "ref_votes_sum": 0, "minority_pop_sum": 219730, "dem_pct": 0.56205301260261364, "rep_pct": 0.43794698739738636, "lib_pct": 0.0, "grn_pct": 0.0, "con_pct": 0.0, "ref_pct": 0.0, "minority_pct": 0.33158484062861232, "compactness": 0.35492763965397411 }, "geometry": { "type": "Polygon", "coordinates": [ [ [ -93.035369999512412, 44.543511999696285 ], [ -93.400468999541758, 44.543818000261382 ], [ -93.399424999846914, 44.630651999682918 ], [ -93.331661999514395, 44.630858000273861 ], [ -93.318739000375473, 44.63055000007833 ], [ -93.318707000370622, 44.630577999861217 ], [ -93.318340999477087, 44.717540000359271 ], [ -93.297902999791035, 44.72288200008051 ], [ -93.316724000604268, 44.752591999789566 ], [ -93.277790000266762, 44.753491000095813 ], [ -93.277730999886487, 44.772044999680773 ], [ -93.228389999369696, 44.805670000299813 ], [ -93.22179099960205, 44.838251999793798 ], [ -93.15683999960963, 44.908131999684564 ], [ -93.156832000225563, 44.919722999734489 ], [ -93.187374000052344, 44.917919999921281 ], [ -93.1822859994015, 44.94111800037404 ], [ -93.092817999754899, 44.943940000048485 ], [ -93.079300999954512, 44.955420999998921 ], [ -93.0908970003034, 44.965345000121133 ], [ -93.07620800053229, 44.991914999636663 ], [ -93.066120999761225, 44.9919849998888 ], [ -93.065968000266736, 44.977521999895934 ], [ -93.025291000595885, 44.973396999985383 ], [ -92.943985000302177, 44.997784999818499 ], [ -92.891523999608424, 44.997258000358734 ], [ -92.863287000513807, 45.01090699996017 ], [ -92.862827999732801, 44.992531999762839 ], [ -92.770303999733414, 44.992066999789472 ], [ -92.750645000170962, 44.937299000165801 ], [ -92.77457099982567, 44.898083999664323 ], [ -92.765600000113011, 44.837200999875151 ], [ -92.808414999435868, 44.751604000328932 ], [ -92.732042999602015, 44.714344999555429 ], [ -92.672035000027847, 44.669419999714897 ], [ -92.672018999889701, 44.568868999873374 ], [ -92.700212000349723, 44.554423000005023 ], [ -92.743449999477576, 44.567476999965898 ], [ -92.76530999960211, 44.542072999884553 ], [ -92.777921000075523, 44.548889999877773 ], [ -92.788255000591946, 44.542581999744087 ], [ -92.913929999706355, 44.543383000186232 ], [ -92.913676999934523, 44.630072000173357 ], [ -93.035028999862405, 44.630343000013383 ], [ -93.035369999512412, 44.543511999696285 ] ], [ [ -93.009122979973554, 44.861845849252454 ], [ -93.009122966359385, 44.861845849259801 ], [ -93.009122980042136, 44.861845849380906 ], [ -93.009122979973554, 44.861845849252454 ] ], [ [ -93.008519343500353, 44.859398628044971 ], [ -93.008611999835196, 44.860103999553708 ], [ -93.008843999580378, 44.861845999927802 ], [ -93.008519343500353, 44.859398628044971 ] ], [ [ -93.008427144485168, 44.85870358042699 ], [ -93.008425000241189, 44.858685000145975 ], [ -93.008441509455679, 44.858811872141132 ], [ -93.008427144485168, 44.85870358042699 ] ], [ [ -93.009480542314975, 44.8478938534479 ], [ -93.009511061176326, 44.847788436476108 ], [ -93.008680000492191, 44.852043000360148 ], [ -93.009480542314975, 44.8478938534479 ] ], [ [ -93.021396309723741, 44.789679642145636 ], [ -93.021396310026446, 44.789679635040486 ], [ -93.021396309676462, 44.78967964235153 ], [ -93.021396309723741, 44.789679642145636 ] ], [ [ -93.017865922716439, 44.778017036757518 ], [ -93.016192999918815, 44.775863000044836 ], [ -93.017865923575044, 44.778017038474701 ], [ -93.017865922716439, 44.778017036757518 ] ], [ [ -92.983500999568761, 44.774662999655519 ], [ -92.983952744920586, 44.774725807240777 ], [ -92.983952866080287, 44.774725823134986 ], [ -92.983500999568761, 44.774662999655519 ] ], [ [ -92.982721000519646, 44.774491000100774 ], [ -92.983238754505976, 44.774605172208098 ], [ -92.983500999568761, 44.774662999655519 ], [ -92.982721000519646, 44.774491000100774 ] ], [ [ -92.974244000617233, 44.77187900015506 ], [ -92.968607878949314, 44.770052256788773 ], [ -92.979339000153047, 44.773518999986948 ], [ -92.974244000617233, 44.77187900015506 ] ], [ [ -93.247640999460586, 44.731954999768512 ], [ -93.247641016770871, 44.731954999795981 ], [ -93.244216000250347, 44.731939999647118 ], [ -93.247640999460586, 44.731954999768512 ] ], [ [ -93.23820600067117, 44.731915999442037 ], [ -93.23420900005037, 44.731906999656395 ], [ -93.244216000250347, 44.731939999647118 ], [ -93.23820600067117, 44.731915999442037 ] ], [ [ -93.248345000361567, 44.717448047577449 ], [ -93.248345000594696, 44.717448000398008 ], [ -93.248091866978299, 44.717447628460377 ], [ -93.248345000361567, 44.717448047577449 ] ], [ [ -93.243106000122452, 44.717439000005136 ], [ -93.243106003902852, 44.717439299776125 ], [ -93.244644987562211, 44.717441883529915 ], [ -93.243106000122452, 44.717439000005136 ] ], [ [ -93.240993999546532, 44.718284999946327 ], [ -93.240885751763358, 44.718308851258854 ], [ -93.241406000151059, 44.718240000197355 ], [ -93.240993999546532, 44.718284999946327 ] ], [ [ -93.240265999716883, 44.718493999768704 ], [ -93.239892999497485, 44.718684000212036 ], [ -93.240513289906403, 44.718407382404237 ], [ -93.240265999716883, 44.718493999768704 ] ], [ [ -93.238334000769797, 44.720537000122476 ], [ -93.238911000301485, 44.719523000091598 ], [ -93.238233000097026, 44.720825000363135 ], [ -93.238334000769797, 44.720537000122476 ] ], [ [ -93.238190000117143, 44.725137999662394 ], [ -93.23688199967161, 44.725136000183504 ], [ -93.238193999990145, 44.724179000295592 ], [ -93.238190000117143, 44.725137999662394 ] ], [ [ -93.227487999792288, 44.725955999578531 ], [ -93.226835000593724, 44.726285999772784 ], [ -93.227664497985586, 44.725865501000946 ], [ -93.227487999792288, 44.725955999578531 ] ], [ [ -93.222681999584537, 44.729034999937859 ], [ -93.222680000053799, 44.729939999737731 ], [ -93.222684999511571, 44.728134999752925 ], [ -93.222681999584537, 44.729034999937859 ] ], [ [ -93.228024000507517, 44.73189700017808 ], [ -93.229511000361398, 44.731897999727877 ], [ -93.227559999680253, 44.731896000045651 ], [ -93.228024000507517, 44.73189700017808 ] ], [ [ -93.248304016828186, 44.725553876785639 ], [ -93.248328999851395, 44.720685999832298 ], [ -93.2483396082512, 44.718539245273639 ], [ -93.248304016828186, 44.725553876785639 ] ], [ [ -93.248284000219755, 44.729503000440879 ], [ -93.248288399842991, 44.728614278735549 ], [ -93.248280401435181, 44.730182054890669 ], [ -93.248284000219755, 44.729503000440879 ] ], [ [ -93.17049358928044, 44.887806290366079 ], [ -93.170876000135635, 44.887709999696867 ], [ -93.171059999966204, 44.887662999721783 ], [ -93.17049358928044, 44.887806290366079 ] ], [ [ -93.156570999462787, 44.891966000267225 ], [ -93.156812000002873, 44.891882999745199 ], [ -93.156966000332829, 44.891827999619323 ], [ -93.156570999462787, 44.891966000267225 ] ], [ [ -93.153173000387028, 44.893485999580754 ], [ -93.153591000201502, 44.893148000033534 ], [ -93.153393801567375, 44.89330745723278 ], [ -93.153173000387028, 44.893485999580754 ] ], [ [ -93.150451693598271, 44.896155909704362 ], [ -93.151134999643645, 44.895325999860873 ], [ -93.151210999610527, 44.895233000364364 ], [ -93.150451693598271, 44.896155909704362 ] ], [ [ -93.04065200019663, 44.903651999745293 ], [ -93.040569055598226, 44.903570054501586 ], [ -93.040569009633217, 44.903570009297439 ], [ -93.04065200019663, 44.903651999745293 ] ], [ [ -93.038755000262583, 44.90178600030093 ], [ -93.039800054181669, 44.902813777687122 ], [ -93.038619000189158, 44.901651999958283 ], [ -93.038755000262583, 44.90178600030093 ] ], [ [ -93.096031999986153, 44.923286999648177 ], [ -93.096024000531472, 44.919679000398922 ], [ -93.095991999400624, 44.919679000294714 ], [ -93.096031999986153, 44.923286999648177 ] ], [ [ -93.01599199998256, 44.882923999706456 ], [ -93.016073999842007, 44.883250999821946 ], [ -93.016019177670955, 44.883032378629672 ], [ -93.01599199998256, 44.882923999706456 ] ], [ [ -92.792683000410335, 44.543166000066464 ], [ -92.792699999899725, 44.543205999983385 ], [ -92.792713000354226, 44.543235999699277 ], [ -92.792683000410335, 44.543166000066464 ] ] ] } },
{ "type": "Feature", "properties": { "district_id": 2, "voting_age_pop": 513138, "lib_votes": 0, "grn_votes": 0, "con_votes": 0, "ref_votes": 0, "total_pop": 646597, "dem_votes_sum": 262993, "rep_votes_sum": 102179, "lib_votes_sum": 0, "grn_votes_sum": 0, "con_votes_sum": 0, "ref_votes_sum": 0, "minority_pop_sum": 315204, "dem_pct": 0.72018939020516359, "rep_pct": 0.27981060979483641, "lib_pct": 0.0, "grn_pct": 0.0, "con_pct": 0.0, "ref_pct": 0.0, "minority_pct": 0.48748138330366519, "compactness": 0.12729903563525213 }, "geometry": { "type": "Polygon", "coordinates": [ [ [ -93.397591999962131, 44.890643000332346 ], [ -93.401060000026774, 44.923040999745389 ], [ -93.415492999590057, 44.920844000407975 ], [ -93.419922000500023, 44.929811999736231 ], [ -93.385654999680895, 44.931388999755775 ], [ -93.370804999971824, 44.949523000057283 ], [ -93.376217000220961, 44.968974000403875 ], [ -93.400632000544235, 44.97132899973532 ], [ -93.400419000494637, 44.983154000151202 ], [ -93.457286000614928, 45.010938000447638 ], [ -93.458196999690216, 44.996682999828636 ], [ -93.491617999975432, 44.994925000416828 ], [ -93.481751999878739, 45.018657999854788 ], [ -93.507265000596675, 45.023925000158052 ], [ -93.522460999782808, 44.999759999763597 ], [ -93.676283999575219, 45.004034999605572 ], [ -93.668743000198702, 45.018432999940288 ], [ -93.645662999653013, 45.012438999855931 ], [ -93.645827999777353, 45.065559999902256 ], [ -93.463634999416243, 45.065697000064496 ], [ -93.45927999964411, 45.081672999688614 ], [ -93.435719999437936, 45.075190999646885 ], [ -93.439623999738572, 45.06556999980495 ], [ -93.349819999983495, 45.065701999954406 ], [ -93.350695999497546, 45.076142000263509 ], [ -93.379495000482009, 45.087309000264042 ], [ -93.351026999631415, 45.080078999717941 ], [ -93.341226999374456, 45.098048999721222 ], [ -93.319537999374305, 45.090973000413186 ], [ -93.292157999496965, 45.097385000091286 ], [ -93.282217999507466, 45.051124999970419 ], [ -93.319502999982632, 45.051246000006493 ], [ -93.31938099964988, 45.042016000217551 ], [ -93.338525000149872, 45.039110000426916 ], [ -93.326446999861361, 45.036666000091294 ], [ -93.331919999923741, 45.029208000442317 ], [ -93.356237000530896, 45.025438999631746 ], [ -93.328624000454624, 45.023708999585324 ], [ -93.318437000402298, 45.006044000326 ], [ -93.267811000372063, 44.989833000383733 ], [ -93.237953999953476, 44.998708000395709 ], [ -93.232045000450967, 44.987838999626881 ], [ -93.207587000111815, 44.988072000030385 ], [ -93.20777000015859, 44.959664000078412 ], [ -93.187368999501032, 44.954299000317882 ], [ -93.183550999680506, 44.968724000383041 ], [ -93.176910999998796, 44.955798000368631 ], [ -93.156840999370331, 44.96293800018416 ], [ -93.146603999836501, 44.941428999841328 ], [ -93.1822859994015, 44.94111800037404 ], [ -93.187382000551111, 44.933412999716509 ], [ -93.187374000052344, 44.917919999921281 ], [ -93.156832000225563, 44.919722999734489 ], [ -93.15683999960963, 44.908131999684564 ], [ -93.220529000238372, 44.831037999599374 ], [ -93.278434999928706, 44.840715000147206 ], [ -93.288639999757621, 44.811842999766732 ], [ -93.298449000366645, 44.861907999716379 ], [ -93.328809000148141, 44.8618969998629 ], [ -93.328963000110662, 44.887001000084538 ], [ -93.397591999962131, 44.890643000332346 ] ], [ [ -93.1776630003272, 44.889585999742359 ], [ -93.177677999718185, 44.89005099975423 ], [ -93.17853100008071, 44.888349000437536 ], [ -93.1776630003272, 44.889585999742359 ] ], [ [ -93.360061254173502, 45.018235025256971 ], [ -93.360061205184451, 45.018235025199061 ], [ -93.360065000421855, 45.025567000391504 ], [ -93.360061254173502, 45.018235025256971 ] ], [ [ -93.190876430410142, 44.901607473608493 ], [ -93.190868999759857, 44.90161799955964 ], [ -93.191086000407239, 44.90257399985574 ], [ -93.190876430410142, 44.901607473608493 ] ], [ [ -93.181796999917211, 44.894331000120218 ], [ -93.184682000015755, 44.894570000296092 ], [ -93.185449000521047, 44.894631999812852 ], [ -93.181796999917211, 44.894331000120218 ] ], [ [ -93.178402540941875, 44.893933650949158 ], [ -93.181354999633911, 44.894280000230211 ], [ -93.181796999917211, 44.894331000120218 ], [ -93.178402540941875, 44.893933650949158 ] ], [ [ -93.20102600012666, 44.9154610003364 ], [ -93.201206999586375, 44.917803000198042 ], [ -93.200990774668483, 44.91499588688891 ], [ -93.20102600012666, 44.9154610003364 ] ], [ [ -93.200885000098481, 44.913856999982087 ], [ -93.200891780361403, 44.913908595083328 ], [ -93.200791000240216, 44.912422000375898 ], [ -93.200885000098481, 44.913856999982087 ] ], [ [ -93.198434999466372, 44.907695999917841 ], [ -93.196114000093246, 44.906522000436389 ], [ -93.199086999836538, 44.908097999608188 ], [ -93.198434999466372, 44.907695999917841 ] ], [ [ -93.200426999981289, 44.92407699977803 ], [ -93.199849000532168, 44.926750999791871 ], [ -93.199789000292256, 44.92703300013423 ], [ -93.200426999981289, 44.92407699977803 ] ], [ [ -93.200251999987813, 44.93039099969026 ], [ -93.200295893073914, 44.930708235216905 ], [ -93.199789000292256, 44.92703300013423 ], [ -93.200251999987813, 44.93039099969026 ] ], [ [ -93.201046564752005, 44.921209923838688 ], [ -93.201046666686707, 44.921209415449738 ], [ -93.200426999981289, 44.92407699977803 ], [ -93.201046564752005, 44.921209923838688 ] ], [ [ -93.201352763797189, 44.91968276677396 ], [ -93.201352709691562, 44.91968206904258 ], [ -93.201352763408821, 44.919682768710928 ], [ -93.201352763797189, 44.91968276677396 ] ], [ [ -93.205017999959466, 44.951962000325089 ], [ -93.205041000426803, 44.95187300033902 ], [ -93.204921000280109, 44.95181399964315 ], [ -93.205017999959466, 44.951962000325089 ] ] ] } },
{ "type": "Feature", "properties": { "district_id": 3, "voting_age_pop": 520285, "lib_votes": 0, "grn_votes": 0, "con_votes": 0, "ref_votes": 0, "total_pop": 667149, "dem_votes_sum": 188787, "rep_votes_sum": 159516, "lib_votes_sum": 0, "grn_votes_sum": 0, "con_votes_sum": 0, "ref_votes_sum": 0, "minority_pop_sum": 79515, "dem_pct": 0.54201944858356088, "rep_pct": 0.45798055141643912, "lib_pct": 0.0, "grn_pct": 0.0, "con_pct": 0.0, "ref_pct": 0.0, "minority_pct": 0.11918626873457054, "compactness": 0.2418952285250818 }, "geometry": { "type": "MultiPolygon", "coordinates": [ [ [ [ -96.351727000191701, 47.760299999870178 ], [ -96.626344000178236, 47.752986000283236 ], [ -96.627175999699958, 47.745426999982257 ], [ -96.631919000292541, 47.760355000042786 ], [ -96.938352999814782, 47.761054000457086 ], [ -96.965225000209202, 47.783672000193569 ], [ -96.95787699981625, 47.792155999756837 ], [ -96.99157799970591, 47.808187000321738 ], [ -96.974128000020258, 47.823474000413185 ], [ -96.998337000413201, 47.841932000126739 ], [ -97.001827999426851, 47.86813399965402 ], [ -97.023142000010949, 47.874062999608725 ], [ -97.01785400013641, 47.919911000096633 ], [ -97.055341000303045, 47.947514999662587 ], [ -97.053089000404896, 47.990444000432987 ], [ -97.072239000204988, 48.019106999734888 ], [ -97.072257000392767, 48.048068000381633 ], [ -97.104483000396641, 48.072427999701127 ], [ -97.101876000614979, 48.095895999540559 ], [ -97.123202000276024, 48.106649999855421 ], [ -97.13346799957786, 48.1371010002484 ], [ -97.122876000125231, 48.139750000214462 ], [ -97.146504999898127, 48.142219999846752 ], [ -97.120967999798566, 48.159551999864519 ], [ -97.141949999781517, 48.160201999645622 ], [ -97.147510000361464, 48.170572000373006 ], [ -97.136010000092384, 48.176739999853083 ], [ -97.149809999941468, 48.183497999663402 ], [ -97.140909999904792, 48.204519999557782 ], [ -97.12927699982508, 48.208377000025017 ], [ -97.139295999793831, 48.216754999627312 ], [ -97.117837999736906, 48.20976400024599 ], [ -97.139054999416032, 48.221952000198847 ], [ -97.152190000247757, 48.219635999830899 ], [ -97.137190999616834, 48.226951000408398 ], [ -97.120689999880369, 48.224754000387478 ], [ -97.144645000444584, 48.233562000196365 ], [ -97.133735000463673, 48.23907500031082 ], [ -97.14674399946027, 48.244484000199165 ], [ -97.12510799957731, 48.249983000245983 ], [ -97.122953999810164, 48.261665999830782 ], [ -97.145031999860777, 48.26876599973636 ], [ -97.116569999905266, 48.279660999944483 ], [ -97.13733399956682, 48.291756999850868 ], [ -97.112231000014276, 48.296472000076392 ], [ -97.124166000238702, 48.311142000415543 ], [ -97.137748999816196, 48.309729000002932 ], [ -97.115580999396258, 48.323927999808191 ], [ -97.141714999656116, 48.32572899962112 ], [ -97.125919999539946, 48.340578999963661 ], [ -97.156261000138159, 48.365578000281303 ], [ -97.133341000135786, 48.382196000002267 ], [ -97.163375999706147, 48.392856999931524 ], [ -97.1311750004635, 48.407280999551929 ], [ -97.15399400013392, 48.41812099972946 ], [ -97.122583000106715, 48.417921000299252 ], [ -97.14587300053249, 48.431147999816034 ], [ -97.127818000516612, 48.431256000408048 ], [ -97.124824000232053, 48.4418960000121 ], [ -97.150633000130171, 48.440815999553756 ], [ -97.12854400052791, 48.460300999729384 ], [ -97.147417999887281, 48.472752999702372 ], [ -97.12816299996193, 48.474361999592098 ], [ -97.162667999498595, 48.477782999848529 ], [ -97.140291000345059, 48.484722000347517 ], [ -97.143017000557691, 48.49233400014554 ], [ -97.131499999927556, 48.489005999677929 ], [ -97.150266999648821, 48.511600000201796 ], [ -97.126757999742637, 48.520157000228053 ], [ -97.152422999742896, 48.520364000123614 ], [ -97.141358000381516, 48.535451999925364 ], [ -97.165796999777896, 48.548289999835141 ], [ -97.13895099962248, 48.55511999996363 ], [ -97.175423000532248, 48.561957000272265 ], [ -97.149170000095495, 48.570014000378514 ], [ -97.160631000472733, 48.580935999751759 ], [ -97.143890999763428, 48.582112000447843 ], [ -97.154027000007517, 48.595405999920438 ], [ -97.134291000064195, 48.607400000412092 ], [ -97.150648999678424, 48.611676000108552 ], [ -97.129576000607344, 48.61369299969008 ], [ -97.133859000318623, 48.62277799984755 ], [ -97.11949499983595, 48.618559999795551 ], [ -97.131140000633835, 48.631472999644195 ], [ -97.109450000045683, 48.632468999556693 ], [ -97.115691999825771, 48.644560999582822 ], [ -97.098690999745529, 48.660995000188805 ], [ -97.109228999743394, 48.664250000175329 ], [ -97.090313000422924, 48.684403999956537 ], [ -97.119904000511852, 48.701247999842899 ], [ -97.11011199952641, 48.707977999762925 ], [ -97.137423999672706, 48.726565999767217 ], [ -97.128339999931313, 48.732135999933817 ], [ -97.142132999520868, 48.73617200002888 ], [ -97.137537999401545, 48.749643999994838 ], [ -97.15379499954075, 48.753993000377065 ], [ -97.14545599973853, 48.764790000379961 ], [ -97.15898300063995, 48.775711000303765 ], [ -97.14746900003145, 48.781440999699925 ], [ -97.173771999818356, 48.793524000218802 ], [ -97.163261000341834, 48.800578999704534 ], [ -97.181481000243366, 48.798208000331194 ], [ -97.158117999506914, 48.810319000419575 ], [ -97.190274000308776, 48.815134999994164 ], [ -97.173884000634914, 48.837993000303747 ], [ -97.17916599976013, 48.862843999987284 ], [ -97.190573000282697, 48.864279000416857 ], [ -97.1778140007236, 48.875639000284721 ], [ -97.199393999326929, 48.881112999609336 ], [ -97.190018000560613, 48.89551599954509 ], [ -97.211399000554053, 48.905602000181702 ], [ -97.214406000403159, 48.931641000414679 ], [ -97.233965999371662, 48.947363999766409 ], [ -97.233776000696324, 48.997934999910839 ], [ -95.15371100041871, 48.99890300033519 ], [ -95.153314000122492, 49.384358000197842 ], [ -95.058374999471994, 49.35313000002099 ], [ -94.957439000030533, 49.370065999622355 ], [ -94.854283000395228, 49.324108000193874 ], [ -94.816500999412625, 49.320996999579712 ], [ -94.825555000552342, 49.294389000292831 ], [ -94.798083000524912, 49.197870999658541 ], [ -94.773233000406364, 49.120732000297643 ], [ -94.750277999921352, 49.09927300028798 ], [ -94.75021800031719, 48.999992000354688 ], [ -94.718940999461267, 48.999991000010873 ], [ -94.684347000166269, 48.883958000304936 ], [ -94.685698000277156, 48.840118000214638 ], [ -94.704379000347302, 48.824263000207509 ], [ -94.694347000402146, 48.782184000055814 ], [ -94.641242000099425, 48.74125299992717 ], [ -94.590285000321146, 48.718022000217658 ], [ -94.549074999812746, 48.71464699991121 ], [ -94.533038000226597, 48.701156000025605 ], [ -94.452308999809489, 48.692360999690365 ], [ -94.416183000545558, 48.710916999982004 ], [ -94.291026000640315, 48.707691999676364 ], [ -94.260589999734052, 48.696308999623085 ], [ -94.250281999646631, 48.65636400044049 ], [ -94.22431900004554, 48.649473999813964 ], [ -93.840759999986616, 48.628537000372795 ], [ -93.806805999601195, 48.577605000224843 ], [ -93.818269999697989, 48.530027999997642 ], [ -93.794454999607694, 48.51598600033936 ], [ -93.656650000510666, 48.515721000185955 ], [ -93.628863999649312, 48.531210000139254 ], [ -93.610616999664273, 48.521655000399932 ], [ -93.46942599991884, 48.545206999661346 ], [ -93.45665900012969, 48.561830000149079 ], [ -93.464299000073495, 48.59178000007099 ], [ -93.405265000629754, 48.609330000314145 ], [ -93.371151999386541, 48.605069000072874 ], [ -93.348182000151141, 48.626412999824623 ], [ -93.254870000304365, 48.642746000109248 ], [ -93.207426000478051, 48.642418999877883 ], [ -93.17847000067141, 48.623278999550756 ], [ -92.984963000511797, 48.623730999707256 ], [ -92.954876000554364, 48.631492999642937 ], [ -92.949827000128096, 48.608274000163689 ], [ -92.728046000388247, 48.539289000419636 ], [ -92.634931000036914, 48.542873000224766 ], [ -92.627237000154523, 48.503383000114042 ], [ -92.698814000025337, 48.494884999648043 ], [ -92.712561999885622, 48.463012999683137 ], [ -92.687997999911431, 48.443888999985624 ], [ -92.656027000489644, 48.436708999982663 ], [ -92.507285000533216, 48.447875999911503 ], [ -92.456325000111747, 48.414203999639483 ], [ -92.476749999741088, 48.371760000147702 ], [ -92.469948999874987, 48.351837000278188 ], [ -92.416276000396252, 48.295467000425148 ], [ -92.369945000128538, 48.220154999942388 ], [ -92.269741999739097, 48.248240999755751 ], [ -92.293857000163598, 48.270259000336885 ], [ -92.306239999585117, 48.316383999990769 ], [ -92.288994000154034, 48.342990000221143 ], [ -92.262477000080992, 48.354848000090378 ], [ -92.216982999665873, 48.34511400040784 ], [ -92.145049000661658, 48.365651000104762 ], [ -92.143583000628595, 48.35612099986934 ], [ -92.055228000065696, 48.359212000083438 ], [ -92.046563000076716, 48.334738999902406 ], [ -92.000126000345261, 48.321354000432478 ], [ -92.012972999416689, 48.297391999738963 ], [ -92.006573999608321, 48.265423000003622 ], [ -91.976766999957547, 48.244513000007949 ], [ -91.971026999346947, 48.253343000210641 ], [ -91.95446599937604, 48.251837999782367 ], [ -91.958289999813331, 48.233023999922253 ], [ -91.893470000205866, 48.237698999740793 ], [ -91.86438199981626, 48.207031000111776 ], [ -91.815771999631764, 48.211750000445932 ], [ -91.789003999726631, 48.196548000406068 ], [ -91.756393999975359, 48.205822999854256 ], [ -91.7152330004362, 48.19929700024727 ], [ -91.724573000101898, 48.170658000167187 ], [ -91.705319000559768, 48.17077599998057 ], [ -91.698162000267502, 48.141645000029456 ], [ -91.71184400029658, 48.114604999671272 ], [ -91.682837000115285, 48.122124999903768 ], [ -91.687610999870785, 48.1116990001982 ], [ -91.665211000523811, 48.10701799995639 ], [ -91.653260999459206, 48.114145000285966 ], [ -91.640172999350497, 48.096930999791702 ], [ -91.559267000088198, 48.108274999949856 ], [ -91.575459999336331, 48.06629399975553 ], [ -91.567247999667302, 48.04372600005432 ], [ -91.488650000253116, 48.068072999698636 ], [ -91.450330999877167, 48.068804999938784 ], [ -91.429641999688727, 48.048607999711543 ], [ -91.370874999548036, 48.069417000004847 ], [ -91.266380999423731, 48.078713999841817 ], [ -91.137733000514643, 48.149149999662157 ], [ -91.14290600014526, 48.154375000200979 ], [ -90.885480000366371, 48.245783999590458 ], [ -90.875110000310812, 48.237780000140006 ], [ -90.839175999797234, 48.239510999951968 ], [ -90.836293999398208, 48.176970999960865 ], [ -90.821115000645577, 48.184708999588466 ], [ -90.796610999496409, 48.159361999899495 ], [ -90.77743899961763, 48.1634120002891 ], [ -90.777933999367775, 48.14824699989174 ], [ -90.797971999348135, 48.136893999671962 ], [ -90.782107999527966, 48.135426999970498 ], [ -90.789922999830594, 48.129901000426095 ], [ -90.751608000456599, 48.090967999589985 ], [ -90.641595000462416, 48.103515000094816 ], [ -90.579897000036411, 48.123922000286832 ], [ -90.559294999322731, 48.121681000173368 ], [ -90.569768000105157, 48.106951999850956 ], [ -90.556837999536441, 48.096007999577274 ], [ -90.487077000046199, 48.099082000343124 ], [ -90.467712000534135, 48.108817999684071 ], [ -90.438448999540043, 48.098747000084877 ], [ -90.403219000438128, 48.105113999578535 ], [ -90.374541999538764, 48.090941999975549 ], [ -90.312386000074, 48.105299999719918 ], [ -90.289337000332125, 48.098993000148361 ], [ -90.140862999444963, 48.112502999790948 ], [ -90.023594999596511, 48.084708000236454 ], [ -89.997852000291132, 48.057566999818491 ], [ -89.993764999702776, 48.028197999951132 ], [ -89.953140999634854, 48.010670999545027 ], [ -89.934488999764596, 48.015627999685329 ], [ -89.897414000018216, 47.987599000340474 ], [ -89.847117999633454, 47.992222999607385 ], [ -89.819801999999498, 48.015098999562916 ], [ -89.774999000131444, 48.022630999587044 ], [ -89.651064999540239, 48.00362500008498 ], [ -89.610350999659104, 48.017780000029539 ], [ -89.607821000586483, 48.006566000229085 ], [ -89.58096700052964, 47.995329999989053 ], [ -89.492821000149235, 48.00531500019278 ], [ -89.562589999902599, 47.993322000095404 ], [ -89.600795000517849, 47.979585999814468 ], [ -89.623810999369638, 47.994787000110151 ], [ -89.649591000447487, 47.979289999646852 ], [ -89.639272999653542, 47.953475999689232 ], [ -89.657184000416351, 47.966730000353323 ], [ -89.679393999946669, 47.964357000447833 ], [ -89.690208000202929, 47.954078999767589 ], [ -89.681027999967483, 47.9449190003658 ], [ -89.756645000548602, 47.903953999741923 ], [ -89.923649000665094, 47.862061999983673 ], [ -89.927500999676838, 47.850699999549988 ], [ -89.974295999728383, 47.830513999978685 ], [ -90.071652000500208, 47.811266000214509 ], [ -90.072458000445991, 47.797914000034758 ], [ -90.088159999637085, 47.803040999593655 ], [ -90.164756000245447, 47.792031000253637 ], [ -90.188753999601204, 47.776570000297419 ], [ -90.251274000400883, 47.772280000175407 ], [ -90.3292990003564, 47.745222999753352 ], [ -90.421390000099365, 47.735149999857406 ], [ -90.534700999551106, 47.703968000065572 ], [ -90.77700299956517, 47.606230000304109 ], [ -90.913269000056118, 47.522548000173117 ], [ -91.04629600046826, 47.456652000005398 ], [ -91.155863000226105, 47.379752999742315 ], [ -91.18438000054752, 47.339432999762657 ], [ -91.239521000050374, 47.304585999635322 ], [ -91.247326999956172, 47.293942000094603 ], [ -91.247746000172228, 47.281064000437624 ], [ -91.28017600000419, 47.266559999807399 ], [ -91.287858999747044, 47.249015000275655 ], [ -91.308802000372637, 47.250810000383595 ], [ -91.465625999507012, 47.131234999915776 ], [ -91.572486999905394, 47.090610000235692 ], [ -91.594673999622685, 47.062526000255296 ], [ -91.63495000015179, 47.042964000413853 ], [ -91.637033999504837, 47.026962000420909 ], [ -91.704692000084677, 47.005216000161937 ], [ -91.815524000609273, 46.914560000040531 ], [ -91.839205000494587, 46.915216000141442 ], [ -92.081292999945433, 46.781714999978348 ], [ -92.001741000510862, 46.713010999612294 ], [ -92.020294000293219, 46.704040999936673 ], [ -92.089493000260632, 46.749237000251753 ], [ -92.116590000456767, 46.748640000348402 ], [ -92.143290000493053, 46.734640000094132 ], [ -92.146729999610486, 46.715793999699692 ], [ -92.189090999699872, 46.717540999548412 ], [ -92.204691000338741, 46.704040999856829 ], [ -92.175875000425009, 46.686465999636233 ], [ -92.207091999852835, 46.65194100038282 ], [ -92.242492999968945, 46.649241000356874 ], [ -92.256591999892237, 46.658740999959733 ], [ -92.270591999543953, 46.650741000407969 ], [ -92.291288999680802, 46.668137000126393 ], [ -92.294032999583379, 46.074376999874232 ], [ -92.332912000584173, 46.062696999980361 ], [ -92.350406999388525, 46.016368000253962 ], [ -92.420695999587181, 46.026768999698263 ], [ -92.442259000077385, 46.016176999921456 ], [ -92.469765000389515, 45.973568999794615 ], [ -92.525185999831251, 45.983862000299062 ], [ -92.549805999551481, 45.967986000422052 ], [ -92.551932999752665, 45.951651000270566 ], [ -92.63882399965307, 45.934166000059399 ], [ -92.639119999777208, 45.924557999888719 ], [ -92.659548999930706, 45.922937000034693 ], [ -92.722208999955114, 45.883001000344173 ], [ -92.739990999654381, 45.846283000252484 ], [ -92.76514599954605, 45.830182999938955 ], [ -92.757814999816958, 45.806574000225673 ], [ -92.777001000176597, 45.787809000064023 ], [ -93.021489999583764, 45.788490000029682 ], [ -93.021603000204706, 45.816777999820893 ], [ -93.142096999572345, 45.817302000337499 ], [ -93.141792999768469, 45.730656999885881 ], [ -93.265895000005585, 45.730659000338505 ], [ -93.265985000573551, 45.817406000206937 ], [ -94.010432000480876, 45.823981000033328 ], [ -94.010182999734539, 45.911858000319405 ], [ -94.135733000473493, 45.911655999945317 ], [ -94.134656000200977, 45.983328000157442 ], [ -94.187600999404395, 45.983617999836909 ], [ -94.187673000576609, 46.070705000012495 ], [ -94.340753999618315, 46.07002999976352 ], [ -94.343678999440627, 46.029790999640625 ], [ -94.353692000421958, 46.021625000023292 ], [ -94.366867999874898, 46.00234399993046 ], [ -94.353110999752801, 45.999887999882979 ], [ -94.363562000009154, 46.004609999829128 ], [ -94.334366000368831, 46.039255999684684 ], [ -94.344685000006351, 46.006582999706986 ], [ -94.32361800001884, 45.990325999942137 ], [ -94.323596000186342, 45.983073999657471 ], [ -94.33453200055861, 45.982888000237679 ], [ -94.329403000371954, 45.980719999779161 ], [ -94.32916200000443, 45.976461000296595 ], [ -94.334631000098838, 45.962190000202121 ], [ -94.37039399956646, 45.962748000432896 ], [ -94.373179999429681, 45.955284000258189 ], [ -94.385632999728159, 45.95884200007832 ], [ -94.389021999467616, 45.951577000206328 ], [ -94.399858000608432, 45.951521999635439 ], [ -94.389451999986704, 46.020249999928708 ], [ -94.648217000217443, 46.020416000215754 ], [ -94.647786999549595, 46.107816000023732 ], [ -95.145880000049388, 46.106760999898874 ], [ -95.146336999600067, 46.194072999818566 ], [ -95.02083700009959, 46.194085000162978 ], [ -95.021362000096943, 46.281639999815397 ], [ -94.904236000255054, 46.281750000190584 ], [ -94.904680000472567, 46.455519999892886 ], [ -95.030232999844813, 46.455765999969017 ], [ -95.030145999684009, 46.499280000337158 ], [ -95.15545999988116, 46.499479999873905 ], [ -95.155409999394834, 46.542970000200043 ], [ -95.532394999429243, 46.542096000166786 ], [ -95.540255999372278, 46.976612000151412 ], [ -95.422941000171036, 46.977355000314844 ], [ -95.424593999557914, 47.151314999633797 ], [ -95.933157000389258, 47.151396999983554 ], [ -95.933617000161661, 47.325335000024872 ], [ -95.972772999843443, 47.325220999778018 ], [ -95.949544999960054, 47.318273999730053 ], [ -95.960175000289183, 47.303487000163074 ], [ -95.978394000328777, 47.307456000195778 ], [ -95.976233000295508, 47.32522499983628 ], [ -96.066783999905226, 47.325166000208498 ], [ -96.067621000550332, 47.499136000232319 ], [ -96.195508000488545, 47.499775000321996 ], [ -96.195240000251388, 47.672116999854381 ], [ -96.351762000254453, 47.673534000100609 ], [ -96.351727000191701, 47.760299999870178 ] ], [ [ -94.356083000443689, 46.003553000097639 ], [ -94.355384000554395, 46.004037999837976 ], [ -94.35620199972351, 46.00419800000347 ], [ -94.356083000443689, 46.003553000097639 ] ], [ [ -96.111509999326174, 48.107059999573096 ], [ -96.111509999380459, 48.107060000471463 ], [ -96.111531000122255, 48.105946000214182 ], [ -96.111509999326174, 48.107059999573096 ] ], [ [ -96.170593999416724, 48.100415000475358 ], [ -96.170786000348684, 48.100700000416161 ], [ -96.170246000286014, 48.099918999917257 ], [ -96.170593999416724, 48.100415000475358 ] ], [ [ -94.917513999605973, 47.483166000553723 ], [ -94.917514275420459, 47.483166000247742 ], [ -94.917630000299468, 47.490410000314952 ], [ -94.917513999605973, 47.483166000553723 ] ], [ [ -94.334927999454266, 45.96274999967337 ], [ -94.345339999348397, 45.966680999728609 ], [ -94.34535200044995, 45.962755000119721 ], [ -94.334927999454266, 45.96274999967337 ] ], [ [ -94.353434000160831, 45.965207999670092 ], [ -94.350574000487228, 45.962846000147472 ], [ -94.350750999907248, 45.966254000321001 ], [ -94.353434000160831, 45.965207999670092 ] ], [ [ -94.372842999705128, 45.962211999999205 ], [ -94.373009999870149, 45.961473000138341 ], [ -94.372158000475736, 45.962835000067884 ], [ -94.372842999705128, 45.962211999999205 ] ], [ [ -94.377916000017109, 45.959302999930877 ], [ -94.374502000062179, 45.960132999889517 ], [ -94.37454500053974, 45.960746000126839 ], [ -94.377916000017109, 45.959302999930877 ] ], [ [ -94.359685000479985, 45.99371100032014 ], [ -94.354034999391757, 45.998970000299948 ], [ -94.365726999461017, 45.999725000330479 ], [ -94.359685000479985, 45.99371100032014 ] ], [ [ -94.38955999962414, 45.974804999618783 ], [ -94.390000999451246, 45.975200000083859 ], [ -94.389982000473097, 45.97479500032221 ], [ -94.38955999962414, 45.974804999618783 ] ], [ [ -94.392154000495225, 45.952479999630405 ], [ -94.394726000023098, 45.955245000231024 ], [ -94.394890000346479, 45.952499999692982 ], [ -94.392154000495225, 45.952479999630405 ] ], [ [ -94.323946000509963, 45.988769000353862 ], [ -94.325521999668041, 45.990137999741187 ], [ -94.324556999377222, 45.988786000145133 ], [ -94.323946000509963, 45.988769000353862 ] ], [ [ -94.333433999663654, 45.975628000173465 ], [ -94.334366999528413, 45.978098000126373 ], [ -94.334281999825478, 45.975651999619103 ], [ -94.333433999663654, 45.975628000173465 ] ], [ [ -94.334579000544281, 45.983312999857596 ], [ -94.339432000078375, 45.985511999704357 ], [ -94.339583000400069, 45.983319999733489 ], [ -94.334579000544281, 45.983312999857596 ] ], [ [ -94.33499799978577, 45.982867000439228 ], [ -94.339524999369274, 45.981803999860659 ], [ -94.334936999967297, 45.981789999787402 ], [ -94.33499799978577, 45.982867000439228 ] ], [ [ -94.337255999688509, 46.031502999935029 ], [ -94.339265000039461, 46.029125999660309 ], [ -94.3395690004117, 46.028499999580497 ], [ -94.337255999688509, 46.031502999935029 ] ], [ [ -94.340208999702881, 46.023198999828196 ], [ -94.339656000479209, 46.028213999615197 ], [ -94.345333999620607, 46.023294000411845 ], [ -94.340208999702881, 46.023198999828196 ] ], [ [ -94.345476000315486, 45.995098000271135 ], [ -94.339593000087007, 45.991721000060124 ], [ -94.341888000298141, 45.995577999850013 ], [ -94.345476000315486, 45.995098000271135 ] ], [ [ -94.343870999945239, 46.011933999790926 ], [ -94.346510000425013, 46.008951999884388 ], [ -94.345073999714629, 46.008362999688551 ], [ -94.343870999945239, 46.011933999790926 ] ], [ [ -94.346274999546921, 46.022206000279091 ], [ -94.344386999962452, 46.02148299961425 ], [ -94.344364000453055, 46.022015000028318 ], [ -94.346274999546921, 46.022206000279091 ] ], [ [ -94.345456999840692, 46.002689999651345 ], [ -94.346348000242628, 46.002103000054255 ], [ -94.345633999663761, 46.00209899969056 ], [ -94.345456999840692, 46.002689999651345 ] ], [ [ -94.347785000382828, 46.02066399966187 ], [ -94.346329999648674, 46.02054299990035 ], [ -94.347456999728365, 46.02097100027629 ], [ -94.347785000382828, 46.02066399966187 ] ], [ [ -94.35224099957405, 46.004986000308932 ], [ -94.351514000194172, 46.005467999895195 ], [ -94.352246000237599, 46.00548000032019 ], [ -94.35224099957405, 46.004986000308932 ] ], [ [ -94.351343000346816, 46.005466999918333 ], [ -94.346252999359791, 46.005223999592801 ], [ -94.347912000245628, 46.008515000112332 ], [ -94.351557999805735, 46.008576999643921 ], [ -94.351343000346816, 46.005466999918333 ] ], [ [ -94.347749000618933, 46.020978999824351 ], [ -94.348346000534633, 46.022067000155154 ], [ -94.349459999535725, 46.021011000374692 ], [ -94.347749000618933, 46.020978999824351 ] ], [ [ -94.347711000312358, 46.01936899964096 ], [ -94.348149000217958, 46.020323000100532 ], [ -94.348537000313556, 46.019940000182871 ], [ -94.347711000312358, 46.01936899964096 ] ], [ [ -94.350414000552007, 46.000721000282049 ], [ -94.346829000146855, 46.003590999749171 ], [ -94.349596999886629, 46.004950999934529 ], [ -94.350414000552007, 46.000721000282049 ] ], [ [ -94.349706999898842, 46.018518999599408 ], [ -94.3482470005262, 46.018945999745775 ], [ -94.349143999991796, 46.019234000208819 ], [ -94.349706999898842, 46.018518999599408 ] ], [ [ -94.349825999531035, 45.998922999994797 ], [ -94.348006000169164, 46.000351999638731 ], [ -94.351260999561489, 46.000210000193661 ], [ -94.349825999531035, 45.998922999994797 ] ], [ [ -94.351048000500825, 46.016823999826073 ], [ -94.351408999702883, 46.013766999667787 ], [ -94.353365000362331, 46.01376199979925 ], [ -94.353428000051665, 46.012986999794769 ], [ -94.348608000546932, 46.014105999595735 ], [ -94.351048000500825, 46.016823999826073 ] ], [ [ -94.350747999405414, 45.998219999700325 ], [ -94.349054999682465, 45.997995000036887 ], [ -94.350732000046023, 45.998431999562122 ], [ -94.350747999405414, 45.998219999700325 ] ], [ [ -94.34970700011786, 46.011692000290125 ], [ -94.352761999915202, 46.010468999883713 ], [ -94.35120499938202, 46.009247999756788 ], [ -94.34970700011786, 46.011692000290125 ] ], [ [ -94.34971400004126, 45.996189999896018 ], [ -94.351566999402877, 45.991950000331336 ], [ -94.352315000113535, 45.990998999552197 ], [ -94.351493000310043, 45.990983999594647 ], [ -94.34971400004126, 45.996189999896018 ] ], [ [ -94.350680999754573, 45.997635000401246 ], [ -94.351094000275992, 45.998163000115191 ], [ -94.35212600021643, 45.996802000134089 ], [ -94.350680999754573, 45.997635000401246 ] ], [ [ -94.350522000052308, 45.997019000041035 ], [ -94.351894000633237, 45.99660400037245 ], [ -94.35173299959817, 45.996429999675286 ], [ -94.350522000052308, 45.997019000041035 ] ], [ [ -94.353247999860045, 46.00196699995908 ], [ -94.353951000356872, 46.000477999564851 ], [ -94.350648999425587, 46.000676000044159 ], [ -94.350760999817737, 46.001970000397023 ], [ -94.353247999860045, 46.00196699995908 ] ], [ [ -94.351960000349493, 45.998351999884569 ], [ -94.352707999521641, 45.997477999920257 ], [ -94.351521999844834, 45.998336999567584 ], [ -94.351960000349493, 45.998351999884569 ] ], [ [ -94.352763000323776, 46.002010999835456 ], [ -94.352082999879443, 46.002417999898142 ], [ -94.352809999533804, 46.002466999894757 ], [ -94.352763000323776, 46.002010999835456 ] ], [ [ -94.354458999766095, 46.007498999876901 ], [ -94.352900000071926, 46.008498999798817 ], [ -94.354281000536773, 46.008969000106255 ], [ -94.354458999766095, 46.007498999876901 ] ], [ [ -94.352953999599933, 46.005660000356542 ], [ -94.354443000016616, 46.007352000294624 ], [ -94.355132999459144, 46.005648000242417 ], [ -94.352953999599933, 46.005660000356542 ] ], [ [ -94.354822999393903, 46.011449999735078 ], [ -94.353479000048992, 46.012072999940827 ], [ -94.354390000618267, 46.012225999889743 ], [ -94.354822999393903, 46.011449999735078 ] ], [ [ -94.354231999875125, 46.010756000092371 ], [ -94.355195000608276, 46.009801999757372 ], [ -94.353609000567715, 46.009498000029353 ], [ -94.354231999875125, 46.010756000092371 ] ], [ [ -94.355111999466786, 46.00457299956885 ], [ -94.353663999757885, 46.004198000277597 ], [ -94.353734000630965, 46.004603999981867 ], [ -94.355111999466786, 46.00457299956885 ] ], [ [ -94.354434999837366, 46.003007999642364 ], [ -94.355196000440699, 46.002780000192999 ], [ -94.354419999941825, 46.002784000266082 ], [ -94.354434999837366, 46.003007999642364 ] ], [ [ -94.355249999458678, 46.003317000109028 ], [ -94.354472000275763, 46.003574000038832 ], [ -94.355262000083016, 46.003573999882533 ], [ -94.355249999458678, 46.003317000109028 ] ], [ [ -94.355024000040132, 46.005009000192025 ], [ -94.354572000186451, 46.005390999811354 ], [ -94.355024000085336, 46.00540499981436 ], [ -94.355024000040132, 46.005009000192025 ] ], [ [ -94.356629999577635, 46.008665000155034 ], [ -94.358070000628246, 46.006933999610062 ], [ -94.355423999391618, 46.007308999978832 ], [ -94.356629999577635, 46.008665000155034 ] ], [ [ -94.357162999945771, 46.006017999668884 ], [ -94.355416000196911, 46.004730000258839 ], [ -94.355403999829505, 46.006028999625727 ], [ -94.357162999945771, 46.006017999668884 ] ], [ [ -94.357337999410106, 46.006146999600787 ], [ -94.358083000227907, 46.006663999949147 ], [ -94.358112000305979, 46.006172000161691 ], [ -94.357337999410106, 46.006146999600787 ] ] ], [ [ [ -94.349716000290002, 46.006255999921954 ], [ -94.350385999380364, 46.006715999688012 ], [ -94.349763999464784, 46.006764999747539 ], [ -94.349716000290002, 46.006255999921954 ] ] ], [ [ [ -94.350424999790064, 46.007143000136708 ], [ -94.349883999908215, 46.007763000261129 ], [ -94.349826000519016, 46.007172999736767 ], [ -94.350424999790064, 46.007143000136708 ] ] ], [ [ [ -94.349595999744906, 46.014437000369313 ], [ -94.350496000156426, 46.014865000356075 ], [ -94.349780000363992, 46.014868000429544 ], [ -94.349595999744906, 46.014437000369313 ] ] ], [ [ [ -94.34136199953754, 46.024566000027065 ], [ -94.342384999788734, 46.024150000151224 ], [ -94.342297000400038, 46.024733999968824 ], [ -94.34136199953754, 46.024566000027065 ] ] ], [ [ [ -91.773431999556166, 46.946677999792165 ], [ -91.772932999551514, 46.945740999820934 ], [ -91.774334000468798, 46.945878999993383 ], [ -91.773431999556166, 46.946677999792165 ] ] ], [ [ [ -91.553342000660933, 47.087719999585396 ], [ -91.551967999675512, 47.090510000058892 ], [ -91.551768999765471, 47.087379999829125 ], [ -91.553342000660933, 47.087719999585396 ] ] ], [ [ [ -91.34944300030665, 47.217291000226133 ], [ -91.348297999742982, 47.217314999848568 ], [ -91.349325000537959, 47.21697699979358 ], [ -91.34944300030665, 47.217291000226133 ] ] ], [ [ [ -91.324825999586324, 47.236270000259779 ], [ -91.324069999663891, 47.236727999742072 ], [ -91.324330000004423, 47.236196999681859 ], [ -91.324825999586324, 47.236270000259779 ] ] ], [ [ [ -91.324364999963279, 47.237395999807589 ], [ -91.324505999675239, 47.237638000431986 ], [ -91.324329000549753, 47.237596999661186 ], [ -91.324364999963279, 47.237395999807589 ] ] ], [ [ [ -91.244306000578732, 47.290134000285136 ], [ -91.244451999772892, 47.290736000382459 ], [ -91.244060999628957, 47.290250000270504 ], [ -91.244306000578732, 47.290134000285136 ] ] ], [ [ [ -91.244688999969711, 47.293132999784874 ], [ -91.245617000654661, 47.2933789998999 ], [ -91.243700000061949, 47.293588999742511 ], [ -91.244688999969711, 47.293132999784874 ] ] ], [ [ [ -91.239203999727096, 47.296732999700801 ], [ -91.238112999944988, 47.29733599972009 ], [ -91.237787999409576, 47.297122999743593 ], [ -91.239203999727096, 47.296732999700801 ] ] ], [ [ [ -89.839413000388646, 47.878292000204844 ], [ -89.838766999379473, 47.876396000291912 ], [ -89.839886999834079, 47.876693000088608 ], [ -89.839413000388646, 47.878292000204844 ] ] ], [ [ [ -89.827903999434071, 47.881650999810013 ], [ -89.828074000020933, 47.879938000205705 ], [ -89.829125999536117, 47.879869999934911 ], [ -89.827903999434071, 47.881650999810013 ] ] ], [ [ [ -89.65471000030513, 47.952795999870467 ], [ -89.665284999933391, 47.952957999745813 ], [ -89.661848999608708, 47.955675999546976 ], [ -89.65471000030513, 47.952795999870467 ] ] ], [ [ [ -89.566976999775619, 47.967511000311852 ], [ -89.585612000296194, 47.958828000064756 ], [ -89.586802000226655, 47.959010000293908 ], [ -89.566976999775619, 47.967511000311852 ] ] ], [ [ [ -89.592315999651618, 47.966661000261027 ], [ -89.586941999505356, 47.968056000347552 ], [ -89.586499999423978, 47.967599000030788 ], [ -89.592315999651618, 47.966661000261027 ] ] ], [ [ [ -89.552928999423216, 47.973153000285954 ], [ -89.559051999581584, 47.969726999589774 ], [ -89.561908999897199, 47.96961300024482 ], [ -89.552928999423216, 47.973153000285954 ] ] ], [ [ [ -89.563235999947764, 47.971029000431685 ], [ -89.565617000353186, 47.971782000183595 ], [ -89.562385000095631, 47.97182799997848 ], [ -89.563235999947764, 47.971029000431685 ] ] ], [ [ [ -89.595754000327403, 47.970840000208405 ], [ -89.587796000600378, 47.973423999867521 ], [ -89.589292000580897, 47.972257999883055 ], [ -89.595754000327403, 47.970840000208405 ] ] ], [ [ [ -89.567967000483065, 47.974539999614706 ], [ -89.568919999714055, 47.973649000123551 ], [ -89.570569999524707, 47.973743999759357 ], [ -89.567967000483065, 47.974539999614706 ] ] ], [ [ [ -89.573170999459549, 47.980552000141699 ], [ -89.567285000211399, 47.978292000023998 ], [ -89.585820000187326, 47.967873000284911 ], [ -89.582014999863588, 47.978838000324558 ], [ -89.573170999459549, 47.980552000141699 ] ] ], [ [ [ -89.590449999569046, 47.974610000434723 ], [ -89.587184000005195, 47.974269000028642 ], [ -89.590176999378855, 47.973743000388495 ], [ -89.590449999569046, 47.974610000434723 ] ] ], [ [ [ -89.56167099973338, 47.979274000009788 ], [ -89.563542000113372, 47.977560999559927 ], [ -89.564086999889938, 47.977560999583233 ], [ -89.56167099973338, 47.979274000009788 ] ] ], [ [ [ -89.559254999825427, 47.989759000445268 ], [ -89.558744999401043, 47.988753999887983 ], [ -89.560514000176653, 47.98891399959723 ], [ -89.559254999825427, 47.989759000445268 ] ] ] ] } },
{ "type": "Feature", "properties": { "district_id": 4, "voting_age_pop": 513176, "lib_votes": 0, "grn_votes": 0, "con_votes": 0, "ref_votes": 0, "total_pop": 676547, "dem_votes_sum": 219367, "rep_votes_sum": 151452, "lib_votes_sum": 0, "grn_votes_sum": 0, "con_votes_sum": 0, "ref_votes_sum": 0, "minority_pop_sum": 241943, "dem_pct": 0.59157432601889326, "rep_pct": 0.40842567398110668, "lib_pct": 0.0, "grn_pct": 0.0, "con_pct": 0.0, "ref_pct": 0.0, "minority_pct": 0.3576144746780342, "compactness": 0.13804573298280692 }, "geometry": { "type": "Polygon", "coordinates": [ [ [ -93.254929000354281, 44.991020000296487 ], [ -93.318437000402298, 45.006044000326 ], [ -93.328624000454624, 45.023708999585324 ], [ -93.356237000530896, 45.025438999631746 ], [ -93.331919999923741, 45.029208000442317 ], [ -93.326446999861361, 45.036666000091294 ], [ -93.338525000149872, 45.039110000426916 ], [ -93.31938099964988, 45.042016000217551 ], [ -93.319502999982632, 45.051246000006493 ], [ -93.282217999507466, 45.051124999970419 ], [ -93.277870000389356, 45.090201999939232 ], [ -93.258045000484785, 45.078905000397029 ], [ -93.227682000410283, 45.087744000049021 ], [ -93.227422999513479, 45.075140000108895 ], [ -93.205588000527925, 45.078388000137394 ], [ -93.188764999890154, 45.131432000310419 ], [ -93.16369199970714, 45.131535999798203 ], [ -93.163533999706019, 45.145989999743676 ], [ -93.184298000629781, 45.135226000247542 ], [ -93.192648000054035, 45.152462000337749 ], [ -93.214838999979619, 45.158973000035822 ], [ -93.207888999995077, 45.184534999825679 ], [ -93.179922999555458, 45.19684099985723 ], [ -93.219292999531774, 45.197149000390795 ], [ -93.229530000241766, 45.211481000319196 ], [ -93.245405999628275, 45.1972169996479 ], [ -93.265869999680106, 45.197117000154279 ], [ -93.265192000263141, 45.298035999688565 ], [ -93.206228000361591, 45.297589999781486 ], [ -93.204287000116437, 45.284090999967098 ], [ -93.234191999674181, 45.28798600026024 ], [ -93.234406000562231, 45.266173999870027 ], [ -93.183705999659651, 45.265505999875877 ], [ -93.162817000603468, 45.265685999580498 ], [ -93.172880999660109, 45.284833000135272 ], [ -93.162525000441036, 45.284832999643626 ], [ -93.163102999386609, 45.297177999754538 ], [ -93.142460999880555, 45.297253999795458 ], [ -93.142421000626669, 45.211028000389966 ], [ -92.95311400003348, 45.210447999937863 ], [ -92.958073999707551, 45.260859999595837 ], [ -92.983117000260393, 45.259934999828374 ], [ -92.986781999845164, 45.296816999626266 ], [ -92.896196000161879, 45.296258999938154 ], [ -92.894913000091194, 45.36043499984418 ], [ -92.881645999684594, 45.339514999614828 ], [ -92.875957000526341, 45.360462999845076 ], [ -92.88817199958568, 45.368562000393098 ], [ -92.865271999761191, 45.383452999739553 ], [ -92.89546999991542, 45.381743000247027 ], [ -92.898042000034039, 45.469824000307121 ], [ -93.388833000369814, 45.471092999579689 ], [ -93.38873600052051, 45.558358000325605 ], [ -94.006877999536073, 45.55923200033498 ], [ -94.006657999531853, 45.735583999917893 ], [ -94.132491000587265, 45.735501000143053 ], [ -94.135352999614852, 45.823297999660568 ], [ -93.265985000573551, 45.817406000206937 ], [ -93.265895000005585, 45.730659000338505 ], [ -93.141792999768469, 45.730656999885881 ], [ -93.142096999572345, 45.817302000337499 ], [ -93.021603000204706, 45.816777999820893 ], [ -93.021489999583764, 45.788490000029682 ], [ -92.777001000176597, 45.787809000064023 ], [ -92.805346999982945, 45.747491000144514 ], [ -92.869193000238297, 45.717568000177387 ], [ -92.889432999529916, 45.641202000353907 ], [ -92.883749000605476, 45.575483000432151 ], [ -92.823309000007598, 45.560934000045734 ], [ -92.773412000141036, 45.568234999588718 ], [ -92.745591000154846, 45.553015999933912 ], [ -92.724761999412777, 45.538617000252401 ], [ -92.726676999513685, 45.514462000263812 ], [ -92.646505000145098, 45.440338000309445 ], [ -92.650284000007005, 45.398769000300668 ], [ -92.70272300056169, 45.358468000341006 ], [ -92.704794000219181, 45.326526000179364 ], [ -92.762003999374599, 45.288212999851297 ], [ -92.751707999919333, 45.218665999882319 ], [ -92.766808000283902, 45.185466000272797 ], [ -92.752403999681945, 45.173915999766386 ], [ -92.757351999822234, 45.152351000008167 ], [ -92.739582999919378, 45.115597999979606 ], [ -92.803123999415845, 45.062572999810001 ], [ -92.762059999830726, 45.024320000287645 ], [ -92.770303999733414, 44.992066999789472 ], [ -92.862827999732801, 44.992531999762839 ], [ -92.863287000513807, 45.01090699996017 ], [ -92.891523999608424, 44.997258000358734 ], [ -92.943985000302177, 44.997784999818499 ], [ -93.025291000595885, 44.973396999985383 ], [ -93.065968000266736, 44.977521999895934 ], [ -93.066120999761225, 44.9919849998888 ], [ -93.07620800053229, 44.991914999636663 ], [ -93.0908970003034, 44.965345000121133 ], [ -93.079300999954512, 44.955420999998921 ], [ -93.112353999672024, 44.941362999853844 ], [ -93.146620999536808, 44.945003000172996 ], [ -93.156840999370331, 44.96293800018416 ], [ -93.17719299940731, 44.955860000138657 ], [ -93.17720699953783, 44.968801000317868 ], [ -93.187368999501032, 44.954299000317882 ], [ -93.20777000015859, 44.959664000078412 ], [ -93.207587000111815, 44.988072000030385 ], [ -93.232045000450967, 44.987838999626881 ], [ -93.237953999953476, 44.998708000395709 ], [ -93.25752899972656, 44.998709999623834 ], [ -93.254929000354281, 44.991020000296487 ] ], [ [ -93.173881000121966, 45.146025999911551 ], [ -93.178468999790269, 45.147835000164875 ], [ -93.178590999896386, 45.146073999670627 ], [ -93.173881000121966, 45.146025999911551 ] ], [ [ -93.207897000052299, 45.025570000220426 ], [ -93.207803000513664, 45.02062100031177 ], [ -93.207939000083442, 45.027790000101938 ], [ -93.207897000052299, 45.025570000220426 ] ], [ [ -93.207590999769934, 45.006753000027878 ], [ -93.207520000020551, 45.007174000140822 ], [ -93.20763499974683, 45.006493999716241 ], [ -93.207590999769934, 45.006753000027878 ] ], [ [ -93.263121799011458, 45.035543376113608 ], [ -93.261087999765138, 45.035543999935513 ], [ -93.262496999621064, 45.03554500010133 ], [ -93.263121799011458, 45.035543376113608 ] ], [ [ -93.229188999665666, 45.035659000158695 ], [ -93.228320674914244, 45.03566599379657 ], [ -93.228320278285025, 45.035665997402397 ], [ -93.229188999665666, 45.035659000158695 ] ], [ [ -92.8592370003837, 45.031567000420537 ], [ -92.859250494969316, 45.031254701417602 ], [ -92.859258000573078, 45.031080999631847 ], [ -92.8592370003837, 45.031567000420537 ] ], [ [ -92.943878000256689, 45.002543999553431 ], [ -92.943878000255808, 45.002544000453618 ], [ -92.943879999392976, 45.003994999627167 ], [ -92.943878000256689, 45.002543999553431 ] ], [ [ -92.989264642671472, 45.12376045852092 ], [ -92.990015999553918, 45.123761000165885 ], [ -92.984620999922043, 45.123757000265954 ], [ -92.989264642671472, 45.12376045852092 ] ], [ [ -92.803003000261839, 45.079317999553993 ], [ -92.802543999722161, 45.079313999559524 ], [ -92.80347199996892, 45.07929200020348 ], [ -92.803003000261839, 45.079317999553993 ] ], [ [ -92.864931000019396, 45.384976000081586 ], [ -92.867691000597233, 45.385432000351912 ], [ -92.867720000531449, 45.385182999890006 ], [ -92.864931000019396, 45.384976000081586 ] ], [ [ -92.870752999442786, 45.396259000221534 ], [ -92.877584000399722, 45.399817999927585 ], [ -92.87744400026773, 45.396222999880663 ], [ -92.870752999442786, 45.396259000221534 ] ], [ [ -92.877316999769789, 45.39259199982893 ], [ -92.878600999824783, 45.395670000147888 ], [ -92.878497999505612, 45.39259500035223 ], [ -92.877316999769789, 45.39259199982893 ] ], [ [ -92.88222800010962, 45.385348999639291 ], [ -92.881357000280545, 45.386816999637468 ], [ -92.887036000089168, 45.385347999619221 ], [ -92.88222800010962, 45.385348999639291 ] ], [ [ -92.883971000515857, 45.394137999552377 ], [ -92.883060000539771, 45.393526999936732 ], [ -92.882728999484755, 45.393754000221932 ], [ -92.883971000515857, 45.394137999552377 ] ], [ [ -92.887848000227592, 45.396247000210856 ], [ -92.887700999827345, 45.394246999679538 ], [ -92.885503999966318, 45.395692000201684 ], [ -92.887848000227592, 45.396247000210856 ] ], [ [ -92.885545000021153, 45.391339999711199 ], [ -92.888428000409917, 45.39046000025305 ], [ -92.88564200048981, 45.390462000314074 ], [ -92.885545000021153, 45.391339999711199 ] ] ] } },
{ "type": "Feature", "properties": { "district_id": 5, "voting_age_pop": 500373, "lib_votes": 0, "grn_votes": 0, "con_votes": 0, "ref_votes": 0, "total_pop": 672439, "dem_votes_sum": 179453, "rep_votes_sum": 206886, "lib_votes_sum": 0, "grn_votes_sum": 0, "con_votes_sum": 0, "ref_votes_sum": 0, "minority_pop_sum": 129066, "dem_pct": 0.46449620669929775, "rep_pct": 0.53550379330070219, "lib_pct": 0.0, "grn_pct": 0.0, "con_pct": 0.0, "ref_pct": 0.0, "minority_pct": 0.19193711251132073, "compactness": 0.18208159190073575 }, "geometry": { "type": "MultiPolygon", "coordinates": [ [ [ [ -95.000826000070916, 44.716105999552902 ], [ -95.238743000541291, 44.716197000005415 ], [ -95.239055000406537, 44.803405999661891 ], [ -95.483181000468448, 44.803570000339207 ], [ -95.492460999657297, 45.064444999737233 ], [ -95.370139999890725, 45.065414999618874 ], [ -95.36934900005366, 45.152718999765924 ], [ -95.246489999833543, 45.152384000336312 ], [ -95.246653999457223, 45.238683000436183 ], [ -95.132209999856627, 45.238643999640765 ], [ -95.139420000063723, 45.672150000331108 ], [ -95.015561000258145, 45.672602999781489 ], [ -95.008419999688186, 45.498829999571612 ], [ -94.886009999676375, 45.499320000279468 ], [ -94.884925999655934, 45.585623000365622 ], [ -94.767718999417752, 45.585679999564441 ], [ -94.766898999543031, 45.773911000295072 ], [ -94.643990000396315, 45.773949999720926 ], [ -94.643949999388596, 45.672190000373021 ], [ -94.511157999799295, 45.67308799992697 ], [ -94.51081800033154, 45.619819000005677 ], [ -94.455667000085072, 45.611145000086296 ], [ -94.474710000539432, 45.601606000085802 ], [ -94.433252000032255, 45.602499999687446 ], [ -94.442609999848585, 45.616459999802942 ], [ -94.408245000642609, 45.636819000054814 ], [ -94.387451000562294, 45.627268000224468 ], [ -94.387189000266886, 45.586761000384136 ], [ -94.506138999937406, 45.585941999580413 ], [ -94.505521999698459, 45.499548999566862 ], [ -94.302050000468427, 45.500800000302867 ], [ -94.298673000156001, 45.483210000341138 ], [ -94.260490000564744, 45.496574999633275 ], [ -94.261132999880758, 45.406828999911127 ], [ -94.220268000594203, 45.406785999777654 ], [ -94.221414999850566, 45.355814000390865 ], [ -94.261494999542677, 45.355667000253469 ], [ -94.260188999989239, 45.240749999874474 ], [ -94.134637999374164, 45.239744999984744 ], [ -94.134444000545528, 45.065266999795952 ], [ -94.089824000310173, 45.064976000300113 ], [ -94.078633000533671, 45.065238999594037 ], [ -94.07832499939741, 45.07260799995511 ], [ -94.057221999993544, 45.065406000329688 ], [ -94.064207000161801, 45.083336999593534 ], [ -94.053018000591265, 45.079523000023748 ], [ -94.053096999682239, 45.065391000013967 ], [ -94.012352999892897, 45.065593999882687 ], [ -94.012235999707258, 44.978711999961043 ], [ -93.889903999362247, 44.978141999764517 ], [ -93.890584000223058, 45.108476999779363 ], [ -93.855114000092215, 45.075985999795151 ], [ -93.80741700008889, 45.083018999674437 ], [ -93.791516999970355, 45.096952000387027 ], [ -93.765858999987358, 45.090502999691466 ], [ -93.777117999823105, 45.096914000411623 ], [ -93.758054999660573, 45.093049999677078 ], [ -93.758092000240609, 45.101273999574623 ], [ -93.750803999499681, 45.094276000385037 ], [ -93.745951000535882, 45.104879999879195 ], [ -93.72717900019488, 45.105017000178222 ], [ -93.676170999917304, 45.151069000449759 ], [ -93.645864999583637, 45.145235999660308 ], [ -93.645612999847302, 45.022331000335257 ], [ -93.650781000102995, 45.011202999890685 ], [ -93.676392000221639, 45.014907999989966 ], [ -93.676283999575219, 45.004034999605572 ], [ -93.522460999782808, 44.999759999763597 ], [ -93.507265000596675, 45.023925000158052 ], [ -93.481751999878739, 45.018657999854788 ], [ -93.49171899973669, 45.004120000134044 ], [ -93.483005999772928, 44.994883000104203 ], [ -93.458196999690216, 44.996682999828636 ], [ -93.457286000614928, 45.010938000447638 ], [ -93.400419000494637, 44.983154000151202 ], [ -93.400632000544235, 44.97132899973532 ], [ -93.371065000401074, 44.964035999984247 ], [ -93.385654999680895, 44.931388999755775 ], [ -93.419922000500023, 44.929811999736231 ], [ -93.415492999590057, 44.920844000407975 ], [ -93.401060000026774, 44.923040999745389 ], [ -93.401534999403836, 44.891640000255215 ], [ -93.328963000110662, 44.887001000084538 ], [ -93.328809000148141, 44.8618969998629 ], [ -93.298449000366645, 44.861907999716379 ], [ -93.291414999621949, 44.811842000295506 ], [ -93.27852299957911, 44.816071999685363 ], [ -93.278434999928706, 44.840715000147206 ], [ -93.227464999459031, 44.829071000291464 ], [ -93.228389999369696, 44.805670000299813 ], [ -93.277730999886487, 44.772044999680773 ], [ -93.277790000266762, 44.753491000095813 ], [ -93.316724000604268, 44.752591999789566 ], [ -93.297902999791035, 44.72288200008051 ], [ -93.318340999477087, 44.717540000359271 ], [ -93.318739000375473, 44.63055000007833 ], [ -93.643913000596214, 44.630561999726069 ], [ -93.644165000077322, 44.646530999697902 ], [ -93.616233999951206, 44.648813999895893 ], [ -93.623391000158449, 44.661947999962194 ], [ -93.609090000095762, 44.6673169998774 ], [ -93.623292000606796, 44.667299000233186 ], [ -93.621739999762553, 44.685329000343984 ], [ -93.63344199980132, 44.679770999994815 ], [ -93.662162000289598, 44.696373000099967 ], [ -93.720913000353931, 44.663952000211388 ], [ -93.715401000623459, 44.657364999723946 ], [ -93.759570999726805, 44.643787000102982 ], [ -93.756738999645322, 44.634563000276891 ], [ -93.768039000184885, 44.640302999811837 ], [ -93.768175999645578, 44.673520000342975 ], [ -93.850436000561714, 44.673711000087849 ], [ -93.888830999433907, 44.67340899989992 ], [ -93.889200000356539, 44.629900000136438 ], [ -94.376106000233094, 44.630450999786476 ], [ -94.375904999433629, 44.550345000207606 ], [ -94.332195000348264, 44.54312899959362 ], [ -94.364065000294076, 44.534721999632538 ], [ -94.371670000114747, 44.543039999570901 ], [ -94.49757600029578, 44.542756000377615 ], [ -94.498073999946897, 44.717170999955343 ], [ -94.629488999838003, 44.716663000189726 ], [ -94.633266999716142, 44.629288000212362 ], [ -94.994706000211636, 44.629014999820107 ], [ -95.000826000070916, 44.716105999552902 ] ], [ [ -93.232581000593655, 44.826367999675078 ], [ -93.235131999899679, 44.824449000443551 ], [ -93.236277999519359, 44.823248999864077 ], [ -93.232581000593655, 44.826367999675078 ] ], [ [ -94.483283000088164, 45.604958000337241 ], [ -94.486260000289121, 45.61367399966317 ], [ -94.503168999394973, 45.612778999765005 ], [ -94.483283000088164, 45.604958000337241 ] ], [ [ -94.357109999862473, 44.542825000354952 ], [ -94.356366999895485, 44.542295000331883 ], [ -94.356231000354086, 44.543078999762116 ], [ -94.357109999862473, 44.542825000354952 ] ], [ [ -94.358954999576781, 44.541261999791452 ], [ -94.357630000348664, 44.543071999631785 ], [ -94.358986000568635, 44.543069999896325 ], [ -94.358954999576781, 44.541261999791452 ] ], [ [ -93.520830999943499, 44.828003318741857 ], [ -93.52083100017731, 44.829211999703091 ], [ -93.520831000226764, 44.828078000336383 ], [ -93.520830999943499, 44.828003318741857 ] ], [ [ -93.520830999859868, 44.827571000215315 ], [ -93.520830999924712, 44.82790616187183 ], [ -93.520831000599571, 44.827803000332267 ], [ -93.520830999859868, 44.827571000215315 ] ], [ [ -93.729646000563235, 45.097330999562921 ], [ -93.737777000349013, 45.101291999661449 ], [ -93.73776900033107, 45.099562000355405 ], [ -93.729646000563235, 45.097330999562921 ] ], [ [ -93.729028999830049, 45.089861000444344 ], [ -93.72904199962214, 45.089843000302508 ], [ -93.7290340002059, 45.089852000044161 ], [ -93.729028999830049, 45.089861000444344 ] ], [ [ -93.75026399936749, 45.079194999817076 ], [ -93.749763000255456, 45.081847999802555 ], [ -93.752782999981818, 45.079849999846445 ], [ -93.756238000286757, 45.080572000270742 ], [ -93.757065000211711, 45.082582000295297 ], [ -93.758477999946507, 45.083148999655172 ], [ -93.762206000442788, 45.081733999907421 ], [ -93.75026399936749, 45.079194999817076 ] ], [ [ -93.762538999544844, 45.072411000064434 ], [ -93.762673000249734, 45.072329999907119 ], [ -93.76290299983151, 45.072177000050921 ], [ -93.762538999544844, 45.072411000064434 ] ], [ [ -93.764562000150363, 45.070162000444633 ], [ -93.763868999881993, 45.069925000317156 ], [ -93.763868303651392, 45.069924908153858 ], [ -93.764562000150363, 45.070162000444633 ] ], [ [ -93.76386829333849, 45.0699249067887 ], [ -93.763173999587849, 45.069832999811183 ], [ -93.763322999875797, 45.069867000352254 ], [ -93.76386829333849, 45.0699249067887 ] ], [ [ -93.762428000169493, 45.069773000357081 ], [ -93.76199648448484, 45.069739037731757 ], [ -93.761996484561905, 45.069739037780316 ], [ -93.762428000169493, 45.069773000357081 ] ], [ [ -93.765832000308464, 45.064632999936869 ], [ -93.765837848137039, 45.064510769736323 ], [ -93.765837839402835, 45.064510941036502 ], [ -93.765832000308464, 45.064632999936869 ] ], [ [ -93.766783999920222, 45.058049999676221 ], [ -93.76680799943567, 45.057119000053291 ], [ -93.766812999865209, 45.050202000316098 ], [ -93.766783999920222, 45.058049999676221 ] ], [ [ -93.766813999541625, 45.049814000450304 ], [ -93.766848000119225, 45.042792000311898 ], [ -93.766845000033499, 45.035568999697148 ], [ -93.766813999541625, 45.049814000450304 ] ], [ [ -93.767363999518665, 44.978361999582468 ], [ -93.767344999946616, 44.980425999817385 ], [ -93.767356000582637, 44.98005500028205 ], [ -93.767363999518665, 44.978361999582468 ] ], [ [ -94.058454000489817, 45.078486999815269 ], [ -94.057703000263942, 45.078072999624133 ], [ -94.057673999455815, 45.078504000098334 ], [ -94.058454000489817, 45.078486999815269 ] ], [ [ -93.73778300027152, 45.102995999868909 ], [ -93.735873999500498, 45.102313000427102 ], [ -93.735890999952446, 45.103020000308824 ], [ -93.73778300027152, 45.102995999868909 ] ], [ [ -93.752336999381654, 45.093194999555251 ], [ -93.75147000008478, 45.092871999723052 ], [ -93.751469999584941, 45.093148999834767 ], [ -93.752336999381654, 45.093194999555251 ] ], [ [ -93.70671876421379, 44.890662012626777 ], [ -93.711138999994574, 44.890662000400283 ], [ -93.705438999688241, 44.89066199972558 ], [ -93.70671876421379, 44.890662012626777 ] ], [ [ -93.703456000198585, 44.890830999816508 ], [ -93.702689000455308, 44.890907000436009 ], [ -93.703083349924199, 44.890867925739677 ], [ -93.703456000198585, 44.890830999816508 ] ], [ [ -93.662373999939291, 44.891318000238364 ], [ -93.66233848464978, 44.89131477125423 ], [ -93.662383999487957, 44.891318999986055 ], [ -93.662373999939291, 44.891318000238364 ] ], [ [ -93.645479024013639, 44.891056203419161 ], [ -93.652491999495865, 44.890963999999613 ], [ -93.64503700049211, 44.891062000202055 ], [ -93.645479024013639, 44.891056203419161 ] ], [ [ -93.60817700058908, 44.891362000322815 ], [ -93.607075000036758, 44.891361999700365 ], [ -93.606708000432945, 44.891362000156803 ], [ -93.60817700058908, 44.891362000322815 ] ], [ [ -93.568183982862649, 44.891063001248313 ], [ -93.568689999958693, 44.891062999556809 ], [ -93.567442000281645, 44.89106300041994 ], [ -93.568183982862649, 44.891063001248313 ] ], [ [ -93.566227000215846, 44.891062999574245 ], [ -93.566779324213726, 44.891063000897717 ], [ -93.567164999934192, 44.891063000006866 ], [ -93.566227000215846, 44.891062999574245 ] ], [ [ -93.523345999559865, 44.891460000208589 ], [ -93.523853999649901, 44.891300000289398 ], [ -93.523713999894369, 44.891344000089461 ], [ -93.523345999559865, 44.891460000208589 ] ], [ [ -93.549679593570161, 44.880646453320935 ], [ -93.549690000330358, 44.880304999861742 ], [ -93.549669000356971, 44.880994000286407 ], [ -93.549679593570161, 44.880646453320935 ] ], [ [ -93.598404071435141, 44.924175946214262 ], [ -93.598403999764642, 44.92417599970188 ], [ -93.598499421580954, 44.924116326707214 ], [ -93.598404071435141, 44.924175946214262 ] ], [ [ -93.595034000090635, 44.905884000267449 ], [ -93.595033995571114, 44.90588399673242 ], [ -93.595147501806395, 44.905983443468251 ], [ -93.595034000090635, 44.905884000267449 ] ], [ [ -93.400295999461306, 44.800081999573997 ], [ -93.400426999451298, 44.800133999997961 ], [ -93.399550000523661, 44.799382999660473 ], [ -93.400295999461306, 44.800081999573997 ] ], [ [ -93.481199000603709, 44.80457700023203 ], [ -93.481983000021714, 44.805783738446451 ], [ -93.481983000407908, 44.805783000097371 ], [ -93.481199000603709, 44.80457700023203 ] ], [ [ -93.448643999710512, 44.803774000297047 ], [ -93.448297000362203, 44.803874000424486 ], [ -93.448822000492115, 44.803743000270714 ], [ -93.448643999710512, 44.803774000297047 ] ], [ [ -93.445957999537796, 44.804550000300104 ], [ -93.445557999540483, 44.804753000053033 ], [ -93.446297999383788, 44.804451999832324 ], [ -93.445957999537796, 44.804550000300104 ] ], [ [ -93.444299999642709, 44.805390000111885 ], [ -93.444497999390435, 44.805300999658819 ], [ -93.444660000033039, 44.805207999804097 ], [ -93.444299999642709, 44.805390000111885 ] ], [ [ -93.440312999524267, 44.81262899965958 ], [ -93.440582671217257, 44.812398312951046 ], [ -93.440901000239677, 44.812125999629544 ], [ -93.440312999524267, 44.81262899965958 ] ], [ [ -93.326747999623322, 44.717547999650591 ], [ -93.328511000369915, 44.729209000269364 ], [ -93.328513999935723, 44.729733999906344 ], [ -93.326747999623322, 44.717547999650591 ] ], [ [ -93.328513999935723, 44.729733999906344 ], [ -93.328519999697093, 44.732201999772066 ], [ -93.328521000625287, 44.732228000178978 ], [ -93.328513999935723, 44.729733999906344 ] ], [ [ -93.328521000625287, 44.732228000178978 ], [ -93.328602999580141, 44.73864299955612 ], [ -93.328612000255916, 44.739311999563078 ], [ -93.328521000625287, 44.732228000178978 ] ], [ [ -93.261359000201708, 44.80933399982198 ], [ -93.252689999584774, 44.811173000174279 ], [ -93.255559431986853, 44.810564378070545 ], [ -93.261359000201708, 44.80933399982198 ] ], [ [ -93.382975000510285, 44.790761999840484 ], [ -93.382795000333147, 44.79029800043299 ], [ -93.383359000226307, 44.791861999737051 ], [ -93.382975000510285, 44.790761999840484 ] ], [ [ -93.36356799966255, 44.788909999895615 ], [ -93.364011000236331, 44.788983999791647 ], [ -93.363729000280301, 44.788934999647445 ], [ -93.36356799966255, 44.788909999895615 ] ], [ [ -93.351860000404088, 44.789963999814546 ], [ -93.351915879692314, 44.789903261348037 ], [ -93.351856999770618, 44.789966999609391 ], [ -93.351860000404088, 44.789963999814546 ] ], [ [ -93.329614999484946, 44.791085999557239 ], [ -93.329614000092533, 44.791071000181219 ], [ -93.327312000301603, 44.79219700005612 ], [ -93.329614999484946, 44.791085999557239 ] ], [ [ -93.329655000050607, 44.784873999672939 ], [ -93.329658000584175, 44.78301400006557 ], [ -93.329641999481112, 44.790254999791522 ], [ -93.329655000050607, 44.784873999672939 ] ], [ [ -93.329666000272098, 44.779482999625543 ], [ -93.329666999792678, 44.778643999973021 ], [ -93.32966600033312, 44.779505000284644 ], [ -93.329666000272098, 44.779482999625543 ] ], [ [ -93.329666999792678, 44.778643999973021 ], [ -93.329668000315849, 44.7784420004092 ], [ -93.329668000366183, 44.778212999596597 ], [ -93.329666999792678, 44.778643999973021 ] ], [ [ -93.328711000501528, 44.775760999606483 ], [ -93.32871200024826, 44.775272000024366 ], [ -93.328710999408656, 44.775761024725533 ], [ -93.328711000501528, 44.775760999606483 ] ], [ [ -93.274058999636324, 44.80674000041622 ], [ -93.27610599943921, 44.806570999714779 ], [ -93.272139999508227, 44.806923000040598 ], [ -93.274058999636324, 44.80674000041622 ] ], [ [ -93.289952999471609, 44.800129999974629 ], [ -93.29078077858837, 44.799906178221704 ], [ -93.294106000155963, 44.799007000356525 ], [ -93.289952999471609, 44.800129999974629 ] ] ], [ [ [ -95.243256000416281, 44.781040999723714 ], [ -95.254271999797993, 44.774373999640034 ], [ -95.254257999621544, 44.781127000133559 ], [ -95.243256000416281, 44.781040999723714 ] ] ], [ [ [ -94.373293000024546, 44.534459000295726 ], [ -94.369889000147211, 44.536276999915472 ], [ -94.371819999499337, 44.532915000067142 ], [ -94.373293000024546, 44.534459000295726 ] ] ], [ [ [ -94.438929999887421, 45.604382999789891 ], [ -94.437120999794388, 45.603548999578344 ], [ -94.438913000174239, 45.603527000275996 ], [ -94.438929999887421, 45.604382999789891 ] ] ], [ [ [ -93.766337000363848, 45.101463000091705 ], [ -93.758546999882867, 45.105074000023279 ], [ -93.758092000240609, 45.101273999574623 ], [ -93.766337000363848, 45.101463000091705 ] ] ], [ [ [ -93.633534000201891, 44.652363000162872 ], [ -93.633944999433922, 44.654618000117694 ], [ -93.633469000165888, 44.654894000333613 ], [ -93.633534000201891, 44.652363000162872 ] ] ] ] } },
{ "type": "Feature", "properties": { "district_id": 6, "voting_age_pop": 469957, "lib_votes": 0, "grn_votes": 0, "con_votes": 0, "ref_votes": 0, "total_pop": 649637, "dem_votes_sum": 161948, "rep_votes_sum": 192062, "lib_votes_sum": 0, "grn_votes_sum": 0, "con_votes_sum": 0, "ref_votes_sum": 0, "minority_pop_sum": 134597, "dem_pct": 0.45746730318352591, "rep_pct": 0.54253269681647409, "lib_pct": 0.0, "grn_pct": 0.0, "con_pct": 0.0, "ref_pct": 0.0, "minority_pct": 0.20718801422948507, "compactness": 0.17930851680479781 }, "geometry": { "type": "MultiPolygon", "coordinates": [ [ [ [ -93.890584000223058, 45.108476999779363 ], [ -93.889903999362247, 44.978141999764517 ], [ -94.012235999707258, 44.978711999961043 ], [ -94.012352999892897, 45.065593999882687 ], [ -94.053096999682239, 45.065391000013967 ], [ -94.053018000591265, 45.079523000023748 ], [ -94.064207000161801, 45.083336999593534 ], [ -94.057221999993544, 45.065406000329688 ], [ -94.07832499939741, 45.07260799995511 ], [ -94.078633000533671, 45.065238999594037 ], [ -94.134444000545528, 45.065266999795952 ], [ -94.134637999374164, 45.239744999984744 ], [ -94.260333000129194, 45.241075999988134 ], [ -94.261494999542677, 45.355667000253469 ], [ -94.221414999850566, 45.355814000390865 ], [ -94.220268000594203, 45.406785999777654 ], [ -94.261132999880758, 45.406828999911127 ], [ -94.260571000291378, 45.486129000058135 ], [ -94.153654000350784, 45.485563000209751 ], [ -94.151539999858201, 45.492280000281013 ], [ -94.138129000340783, 45.456300999874756 ], [ -94.101921000585676, 45.456195999549536 ], [ -94.080442000276619, 45.438319000325428 ], [ -94.05219199979912, 45.4352610001363 ], [ -94.025662000154313, 45.404469999804967 ], [ -94.006333999761665, 45.403874999806355 ], [ -94.009813999882127, 45.391149000198482 ], [ -93.987560000583485, 45.399972000413953 ], [ -93.954647999422008, 45.377648999643 ], [ -93.92231599948876, 45.385020999584235 ], [ -93.923370000317618, 45.472299000150052 ], [ -94.006464999926223, 45.472073000308036 ], [ -94.006877999536073, 45.55923200033498 ], [ -93.38873600052051, 45.558358000325605 ], [ -93.388833000369814, 45.471092999579689 ], [ -92.898042000034039, 45.469824000307121 ], [ -92.89546999991542, 45.381743000247027 ], [ -92.865271999761191, 45.383452999739553 ], [ -92.88817199958568, 45.368562000393098 ], [ -92.875957000526341, 45.360462999845076 ], [ -92.881645999684594, 45.339514999614828 ], [ -92.894913000091194, 45.36043499984418 ], [ -92.896196000161879, 45.296258999938154 ], [ -92.986781999845164, 45.296816999626266 ], [ -92.983117000260393, 45.259934999828374 ], [ -92.958073999707551, 45.260859999595837 ], [ -92.95311400003348, 45.210447999937863 ], [ -93.142421000626669, 45.211028000389966 ], [ -93.142460999880555, 45.297253999795458 ], [ -93.163102999386609, 45.297177999754538 ], [ -93.162525000441036, 45.284832999643626 ], [ -93.172880999660109, 45.284833000135272 ], [ -93.162817000603468, 45.265685999580498 ], [ -93.183705999659651, 45.265505999875877 ], [ -93.234406000562231, 45.266173999870027 ], [ -93.234191999674181, 45.28798600026024 ], [ -93.204287000116437, 45.284090999967098 ], [ -93.206228000361591, 45.297589999781486 ], [ -93.265192000263141, 45.298035999688565 ], [ -93.265869999680106, 45.197117000154279 ], [ -93.245405999628275, 45.1972169996479 ], [ -93.229530000241766, 45.211481000319196 ], [ -93.219292999531774, 45.197149000390795 ], [ -93.179922999555458, 45.19684099985723 ], [ -93.207888999995077, 45.184534999825679 ], [ -93.214838999979619, 45.158973000035822 ], [ -93.192648000054035, 45.152462000337749 ], [ -93.184298000629781, 45.135226000247542 ], [ -93.163533999706019, 45.145989999743676 ], [ -93.16369199970714, 45.131535999798203 ], [ -93.188764999890154, 45.131432000310419 ], [ -93.188564000048018, 45.107946000045239 ], [ -93.203880000511674, 45.10805499997894 ], [ -93.205675999998803, 45.078346000412445 ], [ -93.227422999513479, 45.075140000108895 ], [ -93.227682000410283, 45.087744000049021 ], [ -93.258045000484785, 45.078905000397029 ], [ -93.277870000389356, 45.090201999939232 ], [ -93.282574000183729, 45.072774000285925 ], [ -93.281104999824223, 45.087178000383744 ], [ -93.30005100038818, 45.100967000412787 ], [ -93.308256000285212, 45.090872000345598 ], [ -93.341226999374456, 45.098048999721222 ], [ -93.351026999631415, 45.080078999717941 ], [ -93.379495000482009, 45.087309000264042 ], [ -93.350695999497546, 45.076142000263509 ], [ -93.349819999983495, 45.065701999954406 ], [ -93.439623999738572, 45.06556999980495 ], [ -93.435719999437936, 45.075190999646885 ], [ -93.45927999964411, 45.081672999688614 ], [ -93.463634999416243, 45.065697000064496 ], [ -93.645827999777353, 45.065559999902256 ], [ -93.645864999583637, 45.145235999660308 ], [ -93.681240999607283, 45.151263000447493 ], [ -93.72717900019488, 45.105017000178222 ], [ -93.745951000535882, 45.104879999879195 ], [ -93.750803999499681, 45.094276000385037 ], [ -93.758092000240609, 45.101273999574623 ], [ -93.758054999660573, 45.093049999677078 ], [ -93.777117999823105, 45.096914000411623 ], [ -93.777249999606966, 45.094669999728836 ], [ -93.765857000402946, 45.092739000272097 ], [ -93.765858999987358, 45.090502999691466 ], [ -93.791516999970355, 45.096952000387027 ], [ -93.80741700008889, 45.083018999674437 ], [ -93.855114000092215, 45.075985999795151 ], [ -93.890584000223058, 45.108476999779363 ] ], [ [ -93.758092000240609, 45.101273999574623 ], [ -93.766256000539684, 45.107623000106898 ], [ -93.766337000363848, 45.101463000091705 ], [ -93.758092000240609, 45.101273999574623 ] ], [ [ -93.549339000017241, 45.226534000169671 ], [ -93.54940899995259, 45.226538999586076 ], [ -93.549203000521729, 45.226522999900055 ], [ -93.549339000017241, 45.226534000169671 ] ], [ [ -93.547530999526273, 45.22691000027806 ], [ -93.547601999487185, 45.226856999788666 ], [ -93.547546000075656, 45.226882000090512 ], [ -93.547530999526273, 45.22691000027806 ] ], [ [ -93.544752999673207, 45.230189000167428 ], [ -93.544791999520044, 45.230165999673922 ], [ -93.544882000519678, 45.23009800007474 ], [ -93.544752999673207, 45.230189000167428 ] ], [ [ -93.541729999914722, 45.232340000145051 ], [ -93.542066000023169, 45.232513000203213 ], [ -93.541667999978074, 45.232306000060092 ], [ -93.541729999914722, 45.232340000145051 ] ], [ [ -93.531639000076183, 45.223194000175404 ], [ -93.531577000397888, 45.223162000108879 ], [ -93.531933999464329, 45.223548999883604 ], [ -93.531639000076183, 45.223194000175404 ] ], [ [ -93.525458000415327, 45.225488999809372 ], [ -93.525477999441165, 45.225395999864652 ], [ -93.525444999552448, 45.225526000276311 ], [ -93.525458000415327, 45.225488999809372 ] ], [ [ -93.455535000569597, 45.219884000308653 ], [ -93.45582700043046, 45.219908000097675 ], [ -93.45559900006505, 45.219888000072579 ], [ -93.455535000569597, 45.219884000308653 ] ], [ [ -93.452212999562292, 45.219608000077265 ], [ -93.452478999546898, 45.21963099967482 ], [ -93.450717999906374, 45.219478000216903 ], [ -93.452212999562292, 45.219608000077265 ] ], [ [ -93.43895000002621, 45.216792000136095 ], [ -93.439651000523753, 45.216655000145899 ], [ -93.438987999729392, 45.216777999743819 ], [ -93.43895000002621, 45.216792000136095 ] ], [ [ -93.435953000356136, 45.217710000088523 ], [ -93.436151999799264, 45.217660999926323 ], [ -93.435539999855848, 45.217787000075575 ], [ -93.435953000356136, 45.217710000088523 ] ], [ [ -93.522230999794658, 45.209835999903937 ], [ -93.522241000109332, 45.206311999767117 ], [ -93.52223100011652, 45.20983199959273 ], [ -93.522230999794658, 45.209835999903937 ] ], [ [ -93.638713999634064, 45.174294000102293 ], [ -93.638649898387285, 45.174152616809238 ], [ -93.63864989893294, 45.174152618534777 ], [ -93.638713999634064, 45.174294000102293 ] ], [ [ -93.643502999388431, 45.178196999645877 ], [ -93.643443999427348, 45.178148000339547 ], [ -93.643061999436796, 45.177865000401532 ], [ -93.643502999388431, 45.178196999645877 ] ], [ [ -93.650365999814909, 45.181815000280736 ], [ -93.650263999912866, 45.181740999783507 ], [ -93.650081999911393, 45.181615000225747 ], [ -93.650365999814909, 45.181815000280736 ] ], [ [ -93.65467500036246, 45.198602000365845 ], [ -93.655127062250415, 45.198451312350485 ], [ -93.654450000183374, 45.198651000287718 ], [ -93.65467500036246, 45.198602000365845 ] ], [ [ -93.633999000589071, 45.207851000149255 ], [ -93.634034000031846, 45.207989000232594 ], [ -93.633949999850671, 45.207501000038626 ], [ -93.633999000589071, 45.207851000149255 ] ], [ [ -93.601823000625473, 45.209094999959618 ], [ -93.601849000450187, 45.208942999672814 ], [ -93.601849000556896, 45.208921999841522 ], [ -93.601823000625473, 45.209094999959618 ] ], [ [ -93.593751579840429, 45.216635130629534 ], [ -93.593758999554268, 45.216624000032184 ], [ -93.59383800003836, 45.216464000150403 ], [ -93.593751579840429, 45.216635130629534 ] ], [ [ -93.561198000156026, 45.226322165123435 ], [ -93.561188999734526, 45.226389999845068 ], [ -93.561198000035347, 45.226326000354781 ], [ -93.561198000156026, 45.226322165123435 ] ], [ [ -93.555886123800803, 45.226078608439629 ], [ -93.555691000065892, 45.226322000018314 ], [ -93.555928427383321, 45.226025840357984 ], [ -93.555886123800803, 45.226078608439629 ] ], [ [ -93.522213000216865, 45.245294999877629 ], [ -93.522069999488224, 45.245684999995916 ], [ -93.522176999824055, 45.245403000243151 ], [ -93.522213000216865, 45.245294999877629 ] ], [ [ -93.521916701281185, 45.245897074811623 ], [ -93.521896000592918, 45.245956999945584 ], [ -93.521933999414557, 45.245847000305893 ], [ -93.521916701281185, 45.245897074811623 ] ], [ [ -93.521788000388369, 45.246251000327959 ], [ -93.521772935827926, 45.246291594236745 ], [ -93.521786000171474, 45.246258000062085 ], [ -93.521788000388369, 45.246251000327959 ] ], [ [ -93.521744696468247, 45.246367689707249 ], [ -93.521744686400197, 45.246367716837199 ], [ -93.521729999753674, 45.246408000107429 ], [ -93.521744696468247, 45.246367689707249 ] ], [ [ -93.521697000117356, 45.246495000403499 ], [ -93.521673735995762, 45.246560034600883 ], [ -93.521675000383127, 45.246556999978687 ], [ -93.521697000117356, 45.246495000403499 ] ], [ [ -93.521436095972504, 45.246584379187887 ], [ -93.521590999938383, 45.246613999713652 ], [ -93.521599000027749, 45.246615000155067 ], [ -93.521436095972504, 45.246584379187887 ] ], [ [ -93.511088000228668, 45.245319999607091 ], [ -93.512608000175334, 45.245817000226715 ], [ -93.513156915546759, 45.245969521807034 ], [ -93.511088000228668, 45.245319999607091 ] ], [ [ -93.509524000380708, 45.244791999977984 ], [ -93.510490000228174, 45.245120999921106 ], [ -93.511088000228668, 45.245319999607091 ], [ -93.509524000380708, 45.244791999977984 ] ], [ [ -93.520127999732878, 45.242361000414149 ], [ -93.519979999996778, 45.242281999839584 ], [ -93.520134999585778, 45.242365000328348 ], [ -93.520127999732878, 45.242361000414149 ] ], [ [ -93.521449999494379, 45.242961000395255 ], [ -93.521443000062163, 45.242954000345136 ], [ -93.521168000124945, 45.242732000132655 ], [ -93.521449999494379, 45.242961000395255 ] ], [ [ -93.522082999584384, 45.2436710002886 ], [ -93.521973000219376, 45.243520999950086 ], [ -93.522266000468818, 45.243938000038852 ], [ -93.522082999584384, 45.2436710002886 ] ], [ [ -93.522324066252835, 45.244039379028429 ], [ -93.522387999571279, 45.24415100010993 ], [ -93.522266000468818, 45.243938000038852 ], [ -93.522324066252835, 45.244039379028429 ] ], [ [ -93.522430605610538, 45.24436918213835 ], [ -93.522431999884546, 45.244364999567324 ], [ -93.522431548286178, 45.244362880420972 ], [ -93.522430605610538, 45.24436918213835 ] ], [ [ -93.416112999936104, 45.201979999941607 ], [ -93.415916999541167, 45.201665000450674 ], [ -93.415654999380038, 45.201296999903036 ], [ -93.416112999936104, 45.201979999941607 ] ], [ [ -93.284746000533644, 45.108578000218564 ], [ -93.287826000333567, 45.110655000237244 ], [ -93.284862999686695, 45.108647999561121 ], [ -93.284746000533644, 45.108578000218564 ] ], [ [ -93.278547999564012, 45.101505999625076 ], [ -93.278366000417904, 45.103037000040089 ], [ -93.278551000551772, 45.101477000315903 ], [ -93.278547999564012, 45.101505999625076 ] ], [ [ -93.29238999953877, 45.112889999864706 ], [ -93.29314500015731, 45.113420000262877 ], [ -93.292736999855094, 45.113111999658429 ], [ -93.29238999953877, 45.112889999864706 ] ], [ [ -93.296095000636271, 45.121868000265039 ], [ -93.29609500060478, 45.121897000252964 ], [ -93.296128000253731, 45.121948999629318 ], [ -93.296095000636271, 45.121868000265039 ] ] ], [ [ [ -94.057673999455815, 45.078504000098334 ], [ -94.058464999931942, 45.078073000272184 ], [ -94.058454000489817, 45.078486999815269 ], [ -94.057673999455815, 45.078504000098334 ] ] ], [ [ [ -93.762206000442788, 45.081733999907421 ], [ -93.749763000255456, 45.081847999802555 ], [ -93.749730999952334, 45.079277000407934 ], [ -93.762206000442788, 45.081733999907421 ] ] ], [ [ [ -93.752336999381654, 45.093194999555251 ], [ -93.751469999584941, 45.093148999834767 ], [ -93.75147000008478, 45.092871999723052 ], [ -93.752336999381654, 45.093194999555251 ] ] ], [ [ [ -93.737777000349013, 45.101291999661449 ], [ -93.729646000563235, 45.097330999562921 ], [ -93.73776900033107, 45.099562000355405 ], [ -93.737777000349013, 45.101291999661449 ] ] ], [ [ [ -93.737780000171, 45.102304999577669 ], [ -93.735890999952446, 45.103020000308824 ], [ -93.735873999500498, 45.102313000427102 ], [ -93.737780000171, 45.102304999577669 ] ] ], [ [ [ -93.178468999790269, 45.147835000164875 ], [ -93.173881000121966, 45.146025999911551 ], [ -93.178590999896386, 45.146073999670627 ], [ -93.178468999790269, 45.147835000164875 ] ] ], [ [ [ -92.867691000597233, 45.385432000351912 ], [ -92.864931000019396, 45.384976000081586 ], [ -92.867720000531449, 45.385182999890006 ], [ -92.867691000597233, 45.385432000351912 ] ] ], [ [ [ -92.887036000089168, 45.385347999619221 ], [ -92.881357000280545, 45.386816999637468 ], [ -92.880781999779771, 45.385997000365002 ], [ -92.887036000089168, 45.385347999619221 ] ] ], [ [ [ -92.887310000159815, 45.391799000386335 ], [ -92.885773999754932, 45.390461000029077 ], [ -92.888428000409917, 45.39046000025305 ], [ -92.887310000159815, 45.391799000386335 ] ] ], [ [ [ -92.883060000539771, 45.393526999936732 ], [ -92.883971000515857, 45.394137999552377 ], [ -92.882728999484755, 45.393754000221932 ], [ -92.883060000539771, 45.393526999936732 ] ] ], [ [ [ -92.878600999824783, 45.395670000147888 ], [ -92.877316999769789, 45.39259199982893 ], [ -92.878497999505612, 45.39259500035223 ], [ -92.878600999824783, 45.395670000147888 ] ] ], [ [ [ -92.885723999914902, 45.394434999666444 ], [ -92.892933999975952, 45.395684000423145 ], [ -92.885503999966318, 45.395692000201684 ], [ -92.885723999914902, 45.394434999666444 ] ] ], [ [ [ -92.877584000399722, 45.399817999927585 ], [ -92.870752999442786, 45.396259000221534 ], [ -92.87744400026773, 45.396222999880663 ], [ -92.877584000399722, 45.399817999927585 ] ] ] ] } },
{ "type": "Feature", "properties": { "district_id": 7, "voting_age_pop": 516160, "lib_votes": 0, "grn_votes": 0, "con_votes": 0, "ref_votes": 0, "total_pop": 670007, "dem_votes_sum": 153090, "rep_votes_sum": 183504, "lib_votes_sum": 0, "grn_votes_sum": 0, "con_votes_sum": 0, "ref_votes_sum": 0, "minority_pop_sum": 86406, "dem_pct": 0.45482094154976027, "rep_pct": 0.54517905845023973, "lib_pct": 0.0, "grn_pct": 0.0, "con_pct": 0.0, "ref_pct": 0.0, "minority_pct": 0.12896283173160877, "compactness": 0.13850719587612517 }, "geometry": { "type": "MultiPolygon", "coordinates": [ [ [ [ -96.498759000099412, 45.363349999692822 ], [ -96.619751999919714, 45.408883999664369 ], [ -96.690043000528931, 45.415490999974054 ], [ -96.732738999764834, 45.458737000242856 ], [ -96.763432000388462, 45.520007000042469 ], [ -96.856834000514866, 45.605378000062288 ], [ -96.838647999669959, 45.647509000111782 ], [ -96.662595000514003, 45.738681999779168 ], [ -96.627777999471462, 45.786238999940387 ], [ -96.581170000362974, 45.823014999788356 ], [ -96.561334000012423, 45.945654999969761 ], [ -96.577865999821725, 46.027357000256416 ], [ -96.55441100062589, 46.08407899988768 ], [ -96.580273000573783, 46.151076000310745 ], [ -96.57663600041424, 46.173943999688547 ], [ -96.592681999427597, 46.175211000285728 ], [ -96.583760999616672, 46.208059000331204 ], [ -96.598729000608358, 46.242317000324334 ], [ -96.58371499976991, 46.249806999632618 ], [ -96.600401999885165, 46.261750000303103 ], [ -96.599378999390623, 46.329983999914063 ], [ -96.629402999934442, 46.354319000080515 ], [ -96.645194000177796, 46.35066900042348 ], [ -96.685355000171555, 46.414211999959178 ], [ -96.704580999660891, 46.417995000379733 ], [ -96.703268999752765, 46.4372949999645 ], [ -96.721853000267302, 46.439829000316301 ], [ -96.711611000550363, 46.45978300027339 ], [ -96.723083000379717, 46.466717000342548 ], [ -96.714605999718501, 46.472260999855735 ], [ -96.738874999439517, 46.478705999872787 ], [ -96.738259999734368, 46.539293999733403 ], [ -96.750115999777691, 46.540759000342781 ], [ -96.738714999942232, 46.543228000107781 ], [ -96.754396999722672, 46.556818000437453 ], [ -96.741749999964881, 46.563996999915247 ], [ -96.757499999929422, 46.57782999986263 ], [ -96.74726599937226, 46.582021999962699 ], [ -96.760901000440029, 46.581843000246451 ], [ -96.755984000166151, 46.595379000074566 ], [ -96.771578999677786, 46.596212999940313 ], [ -96.770843000542925, 46.615270000265234 ], [ -96.791306000378327, 46.624970999853637 ], [ -96.782178999680141, 46.631412000167728 ], [ -96.798175000601134, 46.629465999750416 ], [ -96.785815000571816, 46.640522999742508 ], [ -96.802040999964944, 46.667851000039548 ], [ -96.784066000604497, 46.685269999555395 ], [ -96.79119699977916, 46.718874000280074 ], [ -96.779136000043849, 46.726641999840837 ], [ -96.789788999545877, 46.756701000000348 ], [ -96.777849999861132, 46.761587999883432 ], [ -96.789519000224161, 46.766023999882741 ], [ -96.775453000595888, 46.766750999708663 ], [ -96.796756000508182, 46.776999000328246 ], [ -96.787136000230376, 46.785651000062373 ], [ -96.802544000206623, 46.81152099957616 ], [ -96.791559000329428, 46.827864000086244 ], [ -96.780270999695489, 46.825763000269006 ], [ -96.793959000052837, 46.833063999562185 ], [ -96.775359000222736, 46.838863000392273 ], [ -96.781183999469661, 46.879276000028888 ], [ -96.768428999473798, 46.879507999741449 ], [ -96.776713000048289, 46.895618999593225 ], [ -96.753257000340952, 46.924563000398997 ], [ -96.763257000620868, 46.93506299972497 ], [ -96.791757999976198, 46.928465000321886 ], [ -96.792656000084008, 46.946764000415385 ], [ -96.804662000621292, 46.947468000122939 ], [ -96.795045000192715, 46.965838000289672 ], [ -96.822663999834788, 46.970020000440343 ], [ -96.820976000489381, 47.003326000094567 ], [ -96.839547999660809, 47.006728000111266 ], [ -96.812659000397261, 47.038634000144249 ], [ -96.822715999373543, 47.036936999823872 ], [ -96.8177080001322, 47.05230900038697 ], [ -96.83038599989591, 47.060823000044088 ], [ -96.819739000635821, 47.061729000032962 ], [ -96.81962999977884, 47.075341999762863 ], [ -96.82927600030618, 47.074620000252828 ], [ -96.815751000591717, 47.078986999754534 ], [ -96.826362999904788, 47.088920000165622 ], [ -96.816191000117385, 47.10848100011475 ], [ -96.837563999791641, 47.121980000127685 ], [ -96.820722999805426, 47.130368999884496 ], [ -96.830416999725571, 47.129224000411057 ], [ -96.828648000025595, 47.146418999772564 ], [ -96.841246999440955, 47.151855999671682 ], [ -96.822358999564429, 47.156341000013462 ], [ -96.833484000576618, 47.176643999607386 ], [ -96.821554999691969, 47.18431399959713 ], [ -96.8448469994634, 47.193580000292755 ], [ -96.827173999721538, 47.201243999765602 ], [ -96.833996000233398, 47.22193399956096 ], [ -96.845587000216284, 47.219261000201968 ], [ -96.831454000279379, 47.226711000037447 ], [ -96.84146899950332, 47.233208000229766 ], [ -96.828671999513276, 47.233286000192734 ], [ -96.843662000623581, 47.239613000331822 ], [ -96.832155000265104, 47.247368999613442 ], [ -96.844412999691357, 47.251154999563312 ], [ -96.835971000054499, 47.262523000326439 ], [ -96.847364999506482, 47.262616000421929 ], [ -96.834604999924011, 47.267156000413728 ], [ -96.847689999900467, 47.271066000232395 ], [ -96.830634000029292, 47.305740999838584 ], [ -96.846888999821445, 47.316262999622474 ], [ -96.828764000575035, 47.327995000314473 ], [ -96.845785999349189, 47.328036999622526 ], [ -96.830642999782668, 47.338786000251801 ], [ -96.858206000503756, 47.367530000104928 ], [ -96.837141000614494, 47.371290999704506 ], [ -96.854622000466009, 47.373780000077716 ], [ -96.837465000664892, 47.389526999834438 ], [ -96.852714000014117, 47.406094000254349 ], [ -96.842072999675906, 47.411737999581433 ], [ -96.871763000022668, 47.419006000086902 ], [ -96.852815999986817, 47.432030000296251 ], [ -96.863619000502226, 47.457010000231222 ], [ -96.851945999402432, 47.479054999634798 ], [ -96.86851899998355, 47.478473000062124 ], [ -96.852157999611293, 47.48635100020914 ], [ -96.86504000053587, 47.491651000000317 ], [ -96.842280000019485, 47.508635999878742 ], [ -96.87117199990773, 47.527268000023412 ], [ -96.853555000220595, 47.536179000227762 ], [ -96.862305999966836, 47.541194999630115 ], [ -96.845322999509406, 47.538752000180729 ], [ -96.861749000260545, 47.559279000068166 ], [ -96.847499000418878, 47.566226000318458 ], [ -96.868933999925162, 47.567002000185731 ], [ -96.851568000484676, 47.568654999639179 ], [ -96.86047600014885, 47.575022000440725 ], [ -96.849914999984023, 47.591113999723717 ], [ -96.888074000163712, 47.638315999796902 ], [ -96.885115999774442, 47.673807999925536 ], [ -96.920874999534121, 47.699975999625352 ], [ -96.919799000603277, 47.716928000157402 ], [ -96.930972999459925, 47.715546999813711 ], [ -96.918430000408605, 47.724187000074906 ], [ -96.938352999814782, 47.761054000457086 ], [ -96.631919000292541, 47.760355000042786 ], [ -96.627175999699958, 47.745426999982257 ], [ -96.607188999366699, 47.759857000004821 ], [ -96.351727000191701, 47.760299999870178 ], [ -96.351762000254453, 47.673534000100609 ], [ -96.195240000251388, 47.672116999854381 ], [ -96.195508000488545, 47.499775000321996 ], [ -96.067621000550332, 47.499136000232319 ], [ -96.066783999905226, 47.325166000208498 ], [ -95.976233000295508, 47.32522499983628 ], [ -95.978394000328777, 47.307456000195778 ], [ -95.960175000289183, 47.303487000163074 ], [ -95.949544999960054, 47.318273999730053 ], [ -95.972772999843443, 47.325220999778018 ], [ -95.933617000161661, 47.325335000024872 ], [ -95.933157000389258, 47.151396999983554 ], [ -95.424593999557914, 47.151314999633797 ], [ -95.422941000171036, 46.977355000314844 ], [ -95.540255999372278, 46.976612000151412 ], [ -95.532394999429243, 46.542096000166786 ], [ -95.155409999394834, 46.542970000200043 ], [ -95.15545999988116, 46.499479999873905 ], [ -95.030145999684009, 46.499280000337158 ], [ -95.030232999844813, 46.455765999969017 ], [ -94.904680000472567, 46.455519999892886 ], [ -94.904236000255054, 46.281750000190584 ], [ -95.021362000096943, 46.281639999815397 ], [ -95.02083700009959, 46.194085000162978 ], [ -95.146336999600067, 46.194072999818566 ], [ -95.145880000049388, 46.106760999898874 ], [ -94.647786999549595, 46.107816000023732 ], [ -94.648217000217443, 46.020416000215754 ], [ -94.389451999986704, 46.020249999928708 ], [ -94.399858000608432, 45.951521999635439 ], [ -94.389021999467616, 45.951577000206328 ], [ -94.385632999728159, 45.95884200007832 ], [ -94.373179999429681, 45.955284000258189 ], [ -94.37039399956646, 45.962748000432896 ], [ -94.334631000098838, 45.962190000202121 ], [ -94.32916200000443, 45.976461000296595 ], [ -94.33453200055861, 45.982888000237679 ], [ -94.323596000186342, 45.983073999657471 ], [ -94.32361800001884, 45.990325999942137 ], [ -94.344685000006351, 46.006582999706986 ], [ -94.334366000368831, 46.039255999684684 ], [ -94.342647999922249, 46.033974999994264 ], [ -94.339805999813123, 46.028580000339929 ], [ -94.353085000557115, 46.020683000028498 ], [ -94.348842000168716, 46.01987499970754 ], [ -94.363562000009154, 46.004609999829128 ], [ -94.353110999752801, 45.999887999882979 ], [ -94.366867999874898, 46.00234399993046 ], [ -94.353692000421958, 46.021625000023292 ], [ -94.343678999440627, 46.029790999640625 ], [ -94.340753999618315, 46.07002999976352 ], [ -94.187673000576609, 46.070705000012495 ], [ -94.187600999404395, 45.983617999836909 ], [ -94.134656000200977, 45.983328000157442 ], [ -94.135733000473493, 45.911655999945317 ], [ -94.010182999734539, 45.911858000319405 ], [ -94.010432000480876, 45.823981000033328 ], [ -94.135352999614852, 45.823297999660568 ], [ -94.132491000587265, 45.735501000143053 ], [ -94.006657999531853, 45.735583999917893 ], [ -94.006464999926223, 45.472073000308036 ], [ -93.923370000317618, 45.472299000150052 ], [ -93.92231599948876, 45.385020999584235 ], [ -93.957400999961393, 45.377948999869467 ], [ -93.996209000421132, 45.401655999650195 ], [ -94.009813999882127, 45.391149000198482 ], [ -94.006333999761665, 45.403874999806355 ], [ -94.025662000154313, 45.404469999804967 ], [ -94.05219199979912, 45.4352610001363 ], [ -94.080442000276619, 45.438319000325428 ], [ -94.101921000585676, 45.456195999549536 ], [ -94.138129000340783, 45.456300999874756 ], [ -94.151539999858201, 45.492280000281013 ], [ -94.153654000350784, 45.485563000209751 ], [ -94.260571000291378, 45.486129000058135 ], [ -94.2643320002541, 45.497067000418291 ], [ -94.298673000156001, 45.483210000341138 ], [ -94.302050000468427, 45.500800000302867 ], [ -94.505521999698459, 45.499548999566862 ], [ -94.506138999937406, 45.585941999580413 ], [ -94.387189000266886, 45.586761000384136 ], [ -94.387451000562294, 45.627268000224468 ], [ -94.408245000642609, 45.636819000054814 ], [ -94.442609999848585, 45.616459999802942 ], [ -94.433252000032255, 45.602499999687446 ], [ -94.449679999610893, 45.598648999931356 ], [ -94.474710000539432, 45.601606000085802 ], [ -94.455667000085072, 45.611145000086296 ], [ -94.51081800033154, 45.619819000005677 ], [ -94.511157999799295, 45.67308799992697 ], [ -94.643949999388596, 45.672190000373021 ], [ -94.643990000396315, 45.773949999720926 ], [ -94.766898999543031, 45.773911000295072 ], [ -94.767718999417752, 45.585679999564441 ], [ -94.884925999655934, 45.585623000365622 ], [ -94.886009999676375, 45.499320000279468 ], [ -95.008419999688186, 45.498829999571612 ], [ -95.015561000258145, 45.672602999781489 ], [ -95.139420000063723, 45.672150000331108 ], [ -95.132209999856627, 45.238643999640765 ], [ -95.246653999457223, 45.238683000436183 ], [ -95.246489999833543, 45.152384000336312 ], [ -95.36934900005366, 45.152718999765924 ], [ -95.370139999890725, 45.065414999618874 ], [ -95.492460999657297, 45.064444999737233 ], [ -95.483181000468448, 44.803570000339207 ], [ -95.239055000406537, 44.803405999661891 ], [ -95.238743000541291, 44.716197000005415 ], [ -94.994996000050008, 44.716169999971022 ], [ -94.994706000211636, 44.629014999820107 ], [ -94.629185000098246, 44.629297000034278 ], [ -94.629488999838003, 44.716663000189726 ], [ -94.498073999946897, 44.717170999955343 ], [ -94.49757600029578, 44.542756000377615 ], [ -94.371670000114747, 44.543039999570901 ], [ -94.365118999776328, 44.534685999557034 ], [ -94.332195000348264, 44.54312899959362 ], [ -94.375904999433629, 44.550345000207606 ], [ -94.376106000233094, 44.630450999786476 ], [ -94.132619999732825, 44.630339999991207 ], [ -94.132974000139342, 44.543182999931211 ], [ -94.250340000231603, 44.543170000204213 ], [ -94.2505999996132, 44.369719999738209 ], [ -93.962375000539922, 44.369966000123306 ], [ -93.932805999989057, 44.344006999806453 ], [ -93.952791000042112, 44.32473800007557 ], [ -93.954886999605293, 44.290555999637661 ], [ -93.978971999646404, 44.297127000004387 ], [ -93.979240000159635, 44.282794999782276 ], [ -93.95476399942315, 44.289706999835694 ], [ -93.95911499970363, 44.239433999980356 ], [ -94.018473000223665, 44.236155999761479 ], [ -94.01437600020958, 44.217100000057584 ], [ -94.024809000452279, 44.221932999799762 ], [ -94.025919000589795, 44.211978999979394 ], [ -94.008668999629549, 44.189952999741585 ], [ -94.037379999570632, 44.18093000000367 ], [ -94.042640000240127, 44.196349999616103 ], [ -94.073879608952296, 44.188756394846123 ], [ -94.058903097708153, 44.183022551047216 ], [ -94.068691067432837, 44.184589352908993 ], [ -94.068887666050813, 44.173347052445997 ], [ -94.043742000154865, 44.162965999964392 ], [ -94.048631999851608, 44.153647000407233 ], [ -94.033316000322927, 44.154906999617559 ], [ -94.057732999662335, 44.122419999816209 ], [ -94.041790999567425, 44.108465999651408 ], [ -94.128145999935413, 44.108598999709798 ], [ -94.128638000308626, 43.934985999965768 ], [ -94.369018000393538, 43.934938999879463 ], [ -94.368066000599114, 43.500241999646924 ], [ -96.453259999877943, 43.500389999591263 ], [ -96.453097000479588, 45.300751000051775 ], [ -96.498759000099412, 45.363349999692822 ] ], [ [ -95.836159999522934, 44.370270000467649 ], [ -95.836159999479506, 44.370269999568464 ], [ -95.836049999631101, 44.370300000273623 ], [ -95.836159999522934, 44.370270000467649 ] ], [ [ -95.254271999797993, 44.774373999640034 ], [ -95.243256000416281, 44.781040999723714 ], [ -95.254257999621544, 44.781127000133559 ], [ -95.254271999797993, 44.774373999640034 ] ], [ [ -95.324231999847783, 45.845720000458286 ], [ -95.324231999810308, 45.84571999955898 ], [ -95.323663999473951, 45.845721999817194 ], [ -95.324231999847783, 45.845720000458286 ] ], [ [ -95.28133100059145, 45.845779000440459 ], [ -95.281331000554687, 45.84577899954111 ], [ -95.280677999390363, 45.845768999593446 ], [ -95.28133100059145, 45.845779000440459 ] ], [ [ -94.369889000147211, 44.536276999915472 ], [ -94.373293000024546, 44.534459000295726 ], [ -94.371819999499337, 44.532915000067142 ], [ -94.369889000147211, 44.536276999915472 ] ], [ [ -94.125996999714275, 44.180493000455499 ], [ -94.12641499976155, 44.181033999667122 ], [ -94.125754000133711, 44.180288000296613 ], [ -94.125996999714275, 44.180493000455499 ] ], [ [ -94.438929999887421, 45.604382999789891 ], [ -94.437120999794388, 45.603548999578344 ], [ -94.4371249996518, 45.604373000447694 ], [ -94.438929999887421, 45.604382999789891 ] ], [ [ -94.126325725749865, 45.57703459655189 ], [ -94.126943000607611, 45.57736699960752 ], [ -94.125371999720556, 45.576521000243645 ], [ -94.126325725749865, 45.57703459655189 ] ], [ [ -94.127113999392648, 45.57825299993516 ], [ -94.127058011185852, 45.578252999730417 ], [ -94.127058009324443, 45.578253000144883 ], [ -94.127113999392648, 45.57825299993516 ] ] ], [ [ [ -94.357630000348664, 44.543071999631785 ], [ -94.358954999576781, 44.541261999791452 ], [ -94.358986000568635, 44.543069999896325 ], [ -94.357630000348664, 44.543071999631785 ] ] ], [ [ [ -94.502018000112429, 45.613613999905091 ], [ -94.474720000058326, 45.606470000357611 ], [ -94.503137999558945, 45.611786000303283 ], [ -94.502018000112429, 45.613613999905091 ] ] ], [ [ [ -94.394726000023098, 45.955245000231024 ], [ -94.392154000495225, 45.952479999630405 ], [ -94.394890000346479, 45.952499999692982 ], [ -94.394726000023098, 45.955245000231024 ] ] ], [ [ [ -94.377916000017109, 45.959302999930877 ], [ -94.377122000116699, 45.957799999762237 ], [ -94.378023000017478, 45.957931000097211 ], [ -94.377916000017109, 45.959302999930877 ] ] ], [ [ [ -94.372158000475736, 45.962835000067884 ], [ -94.372480000349242, 45.962002999753324 ], [ -94.373009999870149, 45.961473000138341 ], [ -94.372158000475736, 45.962835000067884 ] ] ], [ [ [ -94.389982000473097, 45.97479500032221 ], [ -94.389577000157658, 45.975208000445342 ], [ -94.38955999962414, 45.974804999618783 ], [ -94.389982000473097, 45.97479500032221 ] ] ], [ [ [ -94.355546999937175, 45.999483999968518 ], [ -94.359685000479985, 45.99371100032014 ], [ -94.365726999461017, 45.999725000330479 ], [ -94.355546999937175, 45.999483999968518 ] ] ], [ [ [ -94.357109999862473, 44.542825000354952 ], [ -94.356231000354086, 44.543078999762116 ], [ -94.356366999895485, 44.542295000331883 ], [ -94.357109999862473, 44.542825000354952 ] ] ], [ [ [ -94.350574000487228, 45.962846000147472 ], [ -94.353434000160831, 45.965207999670092 ], [ -94.350750999907248, 45.966254000321001 ], [ -94.350574000487228, 45.962846000147472 ] ] ], [ [ [ -94.334927999454266, 45.96274999967337 ], [ -94.345339999348397, 45.966680999728609 ], [ -94.334950000351853, 45.966614000248605 ], [ -94.334927999454266, 45.96274999967337 ] ] ], [ [ [ -94.334366999528413, 45.978098000126373 ], [ -94.333433999663654, 45.975628000173465 ], [ -94.334281999825478, 45.975651999619103 ], [ -94.334366999528413, 45.978098000126373 ] ] ], [ [ [ -94.339524999369274, 45.981803999860659 ], [ -94.33499799978577, 45.982867000439228 ], [ -94.334936999967297, 45.981789999787402 ], [ -94.339524999369274, 45.981803999860659 ] ] ], [ [ [ -94.334579000544281, 45.983312999857596 ], [ -94.339432000078375, 45.985511999704357 ], [ -94.334578000390138, 45.985525999773245 ], [ -94.334579000544281, 45.983312999857596 ] ] ], [ [ [ -94.323946000509963, 45.988769000353862 ], [ -94.325561000530143, 45.989621000350134 ], [ -94.325521999668041, 45.990137999741187 ], [ -94.323991999623971, 45.990134999799544 ], [ -94.323946000509963, 45.988769000353862 ] ] ], [ [ [ -94.341214999901851, 45.995036999764281 ], [ -94.344502999823931, 45.990210000400992 ], [ -94.345476000315486, 45.995098000271135 ], [ -94.341214999901851, 45.995036999764281 ] ] ], [ [ [ -94.350766000038234, 45.996503000378937 ], [ -94.351493000310043, 45.990983999594647 ], [ -94.352315000113535, 45.990998999552197 ], [ -94.350766000038234, 45.996503000378937 ] ] ], [ [ [ -94.351085999974927, 45.997035000380023 ], [ -94.35173299959817, 45.996429999675286 ], [ -94.351894000633237, 45.99660400037245 ], [ -94.351085999974927, 45.997035000380023 ] ] ], [ [ [ -94.350536999651993, 45.997737999590569 ], [ -94.352437000026413, 45.997158000369353 ], [ -94.351094000275992, 45.998163000115191 ], [ -94.350536999651993, 45.997737999590569 ] ] ], [ [ [ -94.352821999445666, 45.997755000390889 ], [ -94.351500999773549, 45.9982070000109 ], [ -94.352707999521641, 45.997477999920257 ], [ -94.352821999445666, 45.997755000390889 ] ] ], [ [ [ -94.34975399944507, 45.998242000399571 ], [ -94.349206999835616, 45.997483999707406 ], [ -94.350732000046023, 45.998431999562122 ], [ -94.34975399944507, 45.998242000399571 ] ] ], [ [ [ -94.349825999531035, 45.998922999994797 ], [ -94.351260999561489, 46.000210000193661 ], [ -94.348006000169164, 46.000351999638731 ], [ -94.349825999531035, 45.998922999994797 ] ] ], [ [ [ -94.350760999817737, 46.001970000397023 ], [ -94.353951000356872, 46.000477999564851 ], [ -94.354981000085601, 46.001956000285645 ], [ -94.350760999817737, 46.001970000397023 ] ] ], [ [ [ -94.352083000197212, 46.001994999715208 ], [ -94.352809999533804, 46.002466999894757 ], [ -94.352082999879443, 46.002417999898142 ], [ -94.352083000197212, 46.001994999715208 ] ] ], [ [ [ -94.346348000242628, 46.002103000054255 ], [ -94.345456999840692, 46.002689999651345 ], [ -94.345633999663761, 46.00209899969056 ], [ -94.346348000242628, 46.002103000054255 ] ] ], [ [ [ -94.346829000146855, 46.003590999749171 ], [ -94.350414000552007, 46.000721000282049 ], [ -94.349596999886629, 46.004950999934529 ], [ -94.346829000146855, 46.003590999749171 ] ] ], [ [ [ -94.355196000440699, 46.002780000192999 ], [ -94.354434999837366, 46.003007999642364 ], [ -94.354419999941825, 46.002784000266082 ], [ -94.355196000440699, 46.002780000192999 ] ] ], [ [ [ -94.355262000083016, 46.003573999882533 ], [ -94.354453999887028, 46.003300000198138 ], [ -94.355249999458678, 46.003317000109028 ], [ -94.355262000083016, 46.003573999882533 ] ] ], [ [ [ -94.355384000554395, 46.004037999837976 ], [ -94.356083000443689, 46.003553000097639 ], [ -94.35620199972351, 46.00419800000347 ], [ -94.355384000554395, 46.004037999837976 ] ] ], [ [ [ -94.355111999466786, 46.00457299956885 ], [ -94.353663999757885, 46.004198000277597 ], [ -94.355062999939705, 46.003789000309261 ], [ -94.355111999466786, 46.00457299956885 ] ] ], [ [ [ -94.355024000040132, 46.005009000192025 ], [ -94.354572000186451, 46.005390999811354 ], [ -94.354521999378704, 46.004989000091591 ], [ -94.355024000040132, 46.005009000192025 ] ] ], [ [ [ -94.35224099957405, 46.004986000308932 ], [ -94.351514000194172, 46.005467999895195 ], [ -94.351521000405597, 46.004991000117613 ], [ -94.35224099957405, 46.004986000308932 ] ] ], [ [ [ -94.356936999988051, 46.004687000337199 ], [ -94.355403999829505, 46.006028999625727 ], [ -94.355416000196911, 46.004730000258839 ], [ -94.356936999988051, 46.004687000337199 ] ] ], [ [ [ -94.357337999410106, 46.006146999600787 ], [ -94.358083000227907, 46.006663999949147 ], [ -94.357351999617293, 46.00663699974659 ], [ -94.357337999410106, 46.006146999600787 ] ] ], [ [ [ -94.352953999599933, 46.005660000356542 ], [ -94.354443000016616, 46.007352000294624 ], [ -94.352898000608604, 46.007327999957766 ], [ -94.352953999599933, 46.005660000356542 ] ] ], [ [ [ -94.350581999805698, 46.004957000297111 ], [ -94.351557999805735, 46.008576999643921 ], [ -94.347912000245628, 46.008515000112332 ], [ -94.346252999359791, 46.005223999592801 ], [ -94.350581999805698, 46.004957000297111 ] ], [ [ -94.349763999464784, 46.006764999747539 ], [ -94.350357999960465, 46.006297000172836 ], [ -94.349716000290002, 46.006255999921954 ], [ -94.349763999464784, 46.006764999747539 ] ], [ [ -94.350424999790064, 46.007143000136708 ], [ -94.349883999908215, 46.007763000261129 ], [ -94.350497999783997, 46.007857000027983 ], [ -94.350424999790064, 46.007143000136708 ] ] ], [ [ [ -94.355423999391618, 46.007308999978832 ], [ -94.358055999371302, 46.007311999980686 ], [ -94.356629999577635, 46.008665000155034 ], [ -94.355423999391618, 46.007308999978832 ] ] ], [ [ [ -94.352900000071926, 46.008498999798817 ], [ -94.354458999766095, 46.007498999876901 ], [ -94.354281000536773, 46.008969000106255 ], [ -94.352900000071926, 46.008498999798817 ] ] ], [ [ [ -94.355195000608276, 46.009801999757372 ], [ -94.354231999875125, 46.010756000092371 ], [ -94.353609000567715, 46.009498000029353 ], [ -94.355195000608276, 46.009801999757372 ] ] ], [ [ [ -94.346953000328639, 46.011425000188417 ], [ -94.343870999945239, 46.011933999790926 ], [ -94.345073999714629, 46.008362999688551 ], [ -94.346953000328639, 46.011425000188417 ] ] ], [ [ [ -94.35046099968099, 46.009735000393093 ], [ -94.352761999915202, 46.010468999883713 ], [ -94.350502000061482, 46.012007000151819 ], [ -94.35046099968099, 46.009735000393093 ] ] ], [ [ [ -94.354390000618267, 46.012225999889743 ], [ -94.353381999937056, 46.011322999713691 ], [ -94.354822999393903, 46.011449999735078 ], [ -94.354390000618267, 46.012225999889743 ] ] ], [ [ [ -94.349081999541752, 46.014085000340117 ], [ -94.350465000208786, 46.013380999781724 ], [ -94.353818000272398, 46.013148000060681 ], [ -94.350509000460676, 46.017431999566249 ], [ -94.349081999541752, 46.014085000340117 ] ], [ [ -94.349595999744906, 46.014437000369313 ], [ -94.350496000156426, 46.014865000356075 ], [ -94.350569999760651, 46.014138999922267 ], [ -94.349595999744906, 46.014437000369313 ] ] ], [ [ [ -94.349143999991796, 46.019234000208819 ], [ -94.348826000571052, 46.018120999879308 ], [ -94.349706999898842, 46.018518999599408 ], [ -94.349143999991796, 46.019234000208819 ] ] ], [ [ [ -94.348149000217958, 46.020323000100532 ], [ -94.347711000312358, 46.01936899964096 ], [ -94.348537000313556, 46.019940000182871 ], [ -94.348149000217958, 46.020323000100532 ] ] ], [ [ [ -94.347456999728365, 46.02097100027629 ], [ -94.346808000609329, 46.020131000135187 ], [ -94.347785000382828, 46.02066399966187 ], [ -94.347456999728365, 46.02097100027629 ] ] ], [ [ [ -94.348346000534633, 46.022067000155154 ], [ -94.347749000618933, 46.020978999824351 ], [ -94.349459999535725, 46.021011000374692 ], [ -94.348346000534633, 46.022067000155154 ] ] ], [ [ [ -94.344386999962452, 46.02148299961425 ], [ -94.346274999546921, 46.022206000279091 ], [ -94.344364000453055, 46.022015000028318 ], [ -94.344386999962452, 46.02148299961425 ] ] ], [ [ [ -94.338429000523632, 46.028203000002648 ], [ -94.340208999702881, 46.023198999828196 ], [ -94.345333999620607, 46.023294000411845 ], [ -94.338429000523632, 46.028203000002648 ] ], [ [ -94.342297000400038, 46.024733999968824 ], [ -94.341778000367512, 46.024116000015482 ], [ -94.34136199953754, 46.024566000027065 ], [ -94.342297000400038, 46.024733999968824 ] ] ], [ [ [ -94.337633999818706, 46.031205999627446 ], [ -94.337255999688509, 46.031502999935029 ], [ -94.3395690004117, 46.028499999580497 ], [ -94.337633999818706, 46.031205999627446 ] ] ] ] } }
]
}
