{
"type": "FeatureCollection",
"name": "new_jersey_optimized_districts_all",
"crs": { "type": "name", "properties": { "name": "urn:ogc:def:crs:OGC:1.3:CRS84" } },
"features": [
{ "type": "Feature", "properties": { "opt_all": 1, "population": 773876.0, "voting_age_pop": 608518.0, "dem_votes": 176579.0, "rep_votes": 167882.0, "minority_pop": 192899.0, "dem_pct": 0.51262407050068826, "rep_pct": 0.48737592920900308 }, "geometry": { "type": "Polygon", "coordinates": [ [ [ -75.560538000001628, 39.455645000002775 ], [ -75.563586000001635, 39.483048000003315 ], [ -75.55909000000139, 39.495806000002993 ], [ -75.52801900000145, 39.50041400000265 ], [ -75.526671000001798, 39.530215000002862 ], [ -75.533412000001036, 39.542044000003372 ], [ -75.511960000000897, 39.567290000003105 ], [ -75.512870000001584, 39.578360000003514 ], [ -75.553398000001437, 39.601766000003238 ], [ -75.558773000001807, 39.629987000003091 ], [ -75.543694000001921, 39.643050000003292 ], [ -75.535083000001336, 39.646814000002671 ], [ -75.531214000001725, 39.649888000003145 ], [ -75.518625000001805, 39.663239000003493 ], [ -75.514960000001139, 39.667153000002855 ], [ -75.510875000000993, 39.67577600000287 ], [ -75.503360000000939, 39.698440000003352 ], [ -75.488384000001162, 39.714708000003512 ], [ -75.476420000001795, 39.720485000003514 ], [ -75.476409000001425, 39.720709000003012 ], [ -75.475525000000857, 39.733271000002681 ], [ -75.472121000001067, 39.739055000003461 ], [ -75.466235000001205, 39.750795000003251 ], [ -75.46392100000169, 39.760763000003152 ], [ -75.438300000001618, 39.784402000002807 ], [ -75.405489000001282, 39.796368000003298 ], [ -75.398417000001601, 39.810467000002951 ], [ -75.345812000001402, 39.84436800000293 ], [ -75.330432000001338, 39.84901300000282 ], [ -75.272202000000973, 39.849076000003137 ], [ -75.256762000001729, 39.851934000002821 ], [ -75.229825000001171, 39.85819300000265 ], [ -75.199941000000905, 39.873182000003389 ], [ -75.188821000000942, 39.88081400000322 ], [ -75.162872000001812, 39.882649000003489 ], [ -75.156289000001934, 39.877029000003439 ], [ -75.168518000001782, 39.862420000002807 ], [ -75.168912000001058, 39.863281000002914 ], [ -75.16937600000081, 39.862676000002828 ], [ -75.181736000001408, 39.856772000003254 ], [ -75.167520000001133, 39.846873000002731 ], [ -75.154416000001262, 39.842105000002718 ], [ -75.151946000001146, 39.844306000002653 ], [ -75.148534000001916, 39.84900000000308 ], [ -75.143830000001273, 39.848749000002734 ], [ -75.144149000001789, 39.841217000003446 ], [ -75.143652000001524, 39.836960000003153 ], [ -75.149755000001122, 39.836548000003326 ], [ -75.15192000000107, 39.831032000002686 ], [ -75.152538000001741, 39.825634000002623 ], [ -75.151531000001469, 39.82600000000334 ], [ -75.145929000001715, 39.807232000003189 ], [ -75.151164000001486, 39.806163000003338 ], [ -75.151092000001412, 39.805939000003349 ], [ -75.150930000001367, 39.801188000003471 ], [ -75.142322000000888, 39.795123000003457 ], [ -75.128990000001494, 39.808464000002807 ], [ -75.135035000001835, 39.814348000003427 ], [ -75.125324000000944, 39.81866800000325 ], [ -75.13605600000156, 39.829125000002684 ], [ -75.125000000001862, 39.837445000003449 ], [ -75.116962000001806, 39.843710000002787 ], [ -75.108601000001897, 39.849990000002897 ], [ -75.099536000001393, 39.854472000003348 ], [ -75.103246000000993, 39.856255000002989 ], [ -75.098941000000906, 39.857288000002647 ], [ -75.086551000001663, 39.85476000000309 ], [ -75.0770650000009, 39.860895000002657 ], [ -75.06470700000088, 39.860487000003317 ], [ -75.063720000001553, 39.859996000003378 ], [ -75.061578000001361, 39.857447000003283 ], [ -75.049252000001871, 39.85867400000285 ], [ -75.041100000000952, 39.862283000003245 ], [ -75.040794000001696, 39.862326000003407 ], [ -75.033691000000957, 39.863004000002945 ], [ -75.021935000001292, 39.857785000003211 ], [ -75.015888000001212, 39.859369000003511 ], [ -75.017407000001455, 39.852429000002637 ], [ -75.002713000001606, 39.838192000003211 ], [ -75.001456000001099, 39.836622000003217 ], [ -74.985775000001539, 39.834159000003247 ], [ -74.982348000001693, 39.829782000003526 ], [ -74.973536000000848, 39.827125000003377 ], [ -74.966718000001052, 39.821777000003522 ], [ -74.957969000001441, 39.817589000002656 ], [ -74.957138000001493, 39.816851000003375 ], [ -74.957651000001761, 39.809363000002847 ], [ -74.932625000001821, 39.798239000002923 ], [ -74.932037000001074, 39.801689000003286 ], [ -74.924489000000946, 39.796096000003203 ], [ -74.907959000001838, 39.783760000002779 ], [ -74.913152000000778, 39.776754000002988 ], [ -74.912011000000945, 39.775728000002978 ], [ -74.899817000001804, 39.764758000003482 ], [ -74.894718000000978, 39.76017100000292 ], [ -74.873942000001563, 39.741468000003209 ], [ -74.891136000001723, 39.734501000003277 ], [ -74.893891000001659, 39.722468000002941 ], [ -74.874601000001419, 39.725994000003325 ], [ -74.859896000001712, 39.728589000002714 ], [ -74.870744000000855, 39.743017000003228 ], [ -74.854306000000761, 39.759916000002704 ], [ -74.832358000001392, 39.741708000003435 ], [ -74.802254000001611, 39.7377240000028 ], [ -74.762884000001804, 39.726532000003225 ], [ -74.749290000000855, 39.718543000002683 ], [ -74.800087000000744, 39.674864000003403 ], [ -74.820638000000841, 39.657156000003035 ], [ -74.827642000000893, 39.651126000002733 ], [ -74.859173000000965, 39.623958000003221 ], [ -74.877260000000959, 39.608352000003222 ], [ -74.882455000001769, 39.60387300000351 ], [ -74.884430000001004, 39.602166000003137 ], [ -74.902606000001626, 39.586468000003251 ], [ -74.911882000001441, 39.578462000002723 ], [ -74.926271000001677, 39.566024000002741 ], [ -74.937793000001548, 39.556060000002709 ], [ -74.968683000001519, 39.529332000002704 ], [ -74.985271000000807, 39.514967000003359 ], [ -74.982621000001316, 39.513103000003348 ], [ -74.974336000001387, 39.50728000000305 ], [ -74.972110000001038, 39.505711000003132 ], [ -74.927346000001663, 39.474184000003412 ], [ -74.91051100000135, 39.462332000003109 ], [ -74.896788000001337, 39.452664000003026 ], [ -74.855978000001699, 39.424238000002646 ], [ -74.85674700000169, 39.420757000003512 ], [ -74.853048000001266, 39.409250000003205 ], [ -74.858215000001294, 39.395548000003068 ], [ -74.852027000001229, 39.380782000003343 ], [ -74.86491100000157, 39.33887900000277 ], [ -74.861294000000981, 39.323815000003393 ], [ -74.837555000001018, 39.31487800000329 ], [ -74.824883000001421, 39.305276000002749 ], [ -74.78471600000185, 39.307290000003022 ], [ -74.752276000000933, 39.295024000003075 ], [ -74.721671000001265, 39.298264000003059 ], [ -74.700325000000873, 39.290802000003261 ], [ -74.675607000000866, 39.296824000002943 ], [ -74.65923300000135, 39.291065000003066 ], [ -74.649982000001799, 39.289259000003348 ], [ -74.640088000000773, 39.295990000002867 ], [ -74.626025000001732, 39.292847000003228 ], [ -74.598797000001156, 39.305196000002681 ], [ -74.597387000001731, 39.306101000002954 ], [ -74.593392000001145, 39.308528000003264 ], [ -74.591011000001714, 39.309599000002962 ], [ -74.586650000001541, 39.309931000003239 ], [ -74.586396000001272, 39.309895000003451 ], [ -74.576383000001755, 39.303791000002825 ], [ -74.569147000001493, 39.299415000002789 ], [ -74.54296200000114, 39.301647000003264 ], [ -74.542025000000748, 39.301070000003094 ], [ -74.540441000001664, 39.29945000000307 ], [ -74.525260000001751, 39.298224000002953 ], [ -74.464930000001814, 39.298230000002825 ], [ -74.50847100000118, 39.260971000003337 ], [ -74.523958000001514, 39.240260000002969 ], [ -74.555609000001809, 39.219755000003246 ], [ -74.583735000001155, 39.187220000002782 ], [ -74.595346000001769, 39.177752000002883 ], [ -74.603602000001047, 39.162945000002949 ], [ -74.624602000001445, 39.143133000002976 ], [ -74.644279000001845, 39.114824000002777 ], [ -74.642169000000862, 39.084574000002874 ], [ -74.661615000001049, 39.061284000003184 ], [ -74.682193000000808, 39.049824000003483 ], [ -74.715571000001546, 39.009216000003185 ], [ -74.728402000001111, 38.974249000003553 ], [ -74.749608000000975, 38.954059000003518 ], [ -74.773938000001067, 38.942794000003275 ], [ -74.800679000001054, 38.920583000003042 ], [ -74.815052000001089, 38.901819000003101 ], [ -74.840798000001868, 38.89009800000288 ], [ -74.872158000001235, 38.887794000002827 ], [ -74.907986000001088, 38.879316000002824 ], [ -74.910968000001532, 38.875112000003263 ], [ -75.015123000000827, 38.788657000003127 ], [ -75.168462000001753, 39.056179000003475 ], [ -75.191671000001108, 39.0790000000028 ], [ -75.249017000001857, 39.158945000003357 ], [ -75.321021000001124, 39.251379000002785 ], [ -75.381130000000866, 39.300845000003513 ], [ -75.444751000001233, 39.355089000003055 ], [ -75.469436000001934, 39.373147000003051 ], [ -75.487640000001463, 39.392844000003329 ], [ -75.560538000001628, 39.455645000002775 ] ] ] } },
{ "type": "Feature", "properties": { "opt_all": 2, "population": 772489.0, "voting_age_pop": 611174.0, "dem_votes": 147539.0, "rep_votes": 211029.0, "minority_pop": 155557.0, "dem_pct": 0.41146728084729611, "rep_pct": 0.58853271887381675 }, "geometry": { "type": "Polygon", "coordinates": [ [ [ -74.649982000001799, 39.289259000003348 ], [ -74.65923300000135, 39.291065000003066 ], [ -74.675607000000866, 39.296824000002943 ], [ -74.700325000000873, 39.290802000003261 ], [ -74.721671000001265, 39.298264000003059 ], [ -74.752276000000933, 39.295024000003075 ], [ -74.78471600000185, 39.307290000003022 ], [ -74.824883000001421, 39.305276000002749 ], [ -74.837555000001018, 39.31487800000329 ], [ -74.861294000000981, 39.323815000003393 ], [ -74.86491100000157, 39.33887900000277 ], [ -74.852027000001229, 39.380782000003343 ], [ -74.858215000001294, 39.395548000003068 ], [ -74.853048000001266, 39.409250000003205 ], [ -74.85674700000169, 39.420757000003512 ], [ -74.855978000001699, 39.424238000002646 ], [ -74.896788000001337, 39.452664000003026 ], [ -74.91051100000135, 39.462332000003109 ], [ -74.927346000001663, 39.474184000003412 ], [ -74.972110000001038, 39.505711000003132 ], [ -74.974336000001387, 39.50728000000305 ], [ -74.982621000001316, 39.513103000003348 ], [ -74.985271000000807, 39.514967000003359 ], [ -74.968683000001519, 39.529332000002704 ], [ -74.937793000001548, 39.556060000002709 ], [ -74.926271000001677, 39.566024000002741 ], [ -74.911882000001441, 39.578462000002723 ], [ -74.902606000001626, 39.586468000003251 ], [ -74.884430000001004, 39.602166000003137 ], [ -74.882455000001769, 39.60387300000351 ], [ -74.877260000000959, 39.608352000003222 ], [ -74.859173000000965, 39.623958000003221 ], [ -74.827642000000893, 39.651126000002733 ], [ -74.820638000000841, 39.657156000003035 ], [ -74.800087000000744, 39.674864000003403 ], [ -74.749290000000855, 39.718543000002683 ], [ -74.73621600000115, 39.72977500000313 ], [ -74.732396000001145, 39.727389000002844 ], [ -74.731982000001395, 39.727133000003519 ], [ -74.723856000001817, 39.722063000003153 ], [ -74.675895000001788, 39.691159000003346 ], [ -74.660479000001288, 39.668799000002785 ], [ -74.657095000001334, 39.644842000002754 ], [ -74.65929500000162, 39.631233000002794 ], [ -74.602818000001776, 39.617964000002786 ], [ -74.588718000001805, 39.611802000003152 ], [ -74.578242000001367, 39.60001000000284 ], [ -74.567090000001599, 39.597691000003117 ], [ -74.553240000000841, 39.597740000003306 ], [ -74.542641000001808, 39.579120000002945 ], [ -74.528631000001127, 39.56999000000301 ], [ -74.505917000001801, 39.569645000003518 ], [ -74.494271000001831, 39.557342000003295 ], [ -74.479613000000938, 39.555531000002908 ], [ -74.442514000000784, 39.543207000002809 ], [ -74.435368000001333, 39.555431000002734 ], [ -74.417393000001113, 39.557255000002975 ], [ -74.405781000001284, 39.542391000002738 ], [ -74.380796000001482, 39.498537000002749 ], [ -74.377770000001632, 39.499121000003285 ], [ -74.374582000001539, 39.500119000003465 ], [ -74.374578000001634, 39.543055000003214 ], [ -74.363661000001358, 39.549674000003172 ], [ -74.370515000001859, 39.559341000002945 ], [ -74.370036000001349, 39.569046000003539 ], [ -74.365645000001336, 39.575817000003411 ], [ -74.369868000001304, 39.582515000003475 ], [ -74.379614000001069, 39.591390000003486 ], [ -74.394132000001264, 39.590527000003249 ], [ -74.390399000000812, 39.596037000003108 ], [ -74.390331000000998, 39.627049000003517 ], [ -74.389708000000809, 39.773283000003353 ], [ -74.390372000001506, 39.774490000003432 ], [ -74.41689100000103, 39.822682000003176 ], [ -74.434223000001566, 39.855157000003366 ], [ -74.470239000001555, 39.922527000003456 ], [ -74.484619000001587, 39.949869000003432 ], [ -74.496851000000788, 39.973137000003334 ], [ -74.506410000001409, 39.991301000003162 ], [ -74.540432000000948, 40.057763000003433 ], [ -74.543220000001369, 40.062364000002781 ], [ -74.517064000001014, 40.066416000002683 ], [ -74.52040200000161, 40.094862000003175 ], [ -74.507415000000933, 40.103507000003354 ], [ -74.469548000000998, 40.128586000002784 ], [ -74.458036000001059, 40.136487000003498 ], [ -74.421718000001192, 40.161866000002931 ], [ -74.416715000001446, 40.165362000003064 ], [ -74.406710000001056, 40.172402000003032 ], [ -74.349772000001266, 40.170298000003172 ], [ -74.325514000001036, 40.169407000003069 ], [ -74.305522000001744, 40.168669000003248 ], [ -74.293061000001103, 40.168206000003352 ], [ -74.261455000000879, 40.167033000003414 ], [ -74.260662000001531, 40.165588000003531 ], [ -74.25970900000074, 40.157267000003053 ], [ -74.253787000000813, 40.14770500000273 ], [ -74.253551000001323, 40.147681000002954 ], [ -74.247805000001279, 40.138988000003074 ], [ -74.24199000000155, 40.129247000003197 ], [ -74.242899000001202, 40.115712000003207 ], [ -74.252294000000745, 40.116713000002832 ], [ -74.258603000001614, 40.120271000002738 ], [ -74.2580800000013, 40.113226000002669 ], [ -74.257943000001404, 40.111443000003128 ], [ -74.256962000001522, 40.098151000003149 ], [ -74.256651000001568, 40.093949000003249 ], [ -74.23893500000149, 40.094123000002767 ], [ -74.244346000001215, 40.088746000003319 ], [ -74.228479000001172, 40.089026000002853 ], [ -74.21542200000124, 40.085381000002741 ], [ -74.215577000000707, 40.084512000002725 ], [ -74.216451000001726, 40.079285000003217 ], [ -74.217609000001531, 40.072349000002873 ], [ -74.158598000001859, 40.063506000003365 ], [ -74.156488000001787, 40.078798000002692 ], [ -74.151219000001063, 40.078961000002749 ], [ -74.133053000000771, 40.066056000002746 ], [ -74.130517000000879, 40.068651000002923 ], [ -74.130406000000733, 40.0687580000032 ], [ -74.117560000001191, 40.078096000002809 ], [ -74.1107520000009, 40.081433000003443 ], [ -74.10918400000142, 40.074915000003159 ], [ -74.105376000001613, 40.075715000002994 ], [ -74.09306600000113, 40.078275000003366 ], [ -74.091659000000817, 40.078566000002724 ], [ -74.0912020000018, 40.07821400000266 ], [ -74.085750000001283, 40.066718000002751 ], [ -74.08097800000148, 40.064894000003008 ], [ -74.073591000001613, 40.060143000003258 ], [ -74.072156000001286, 40.059644000002741 ], [ -74.066687000001309, 40.061085000002791 ], [ -74.051573000000772, 40.059015000003377 ], [ -74.0444970000014, 40.057545000003394 ], [ -74.040694000001295, 40.07555900000321 ], [ -74.046211000001549, 40.077422000003537 ], [ -74.047916000001464, 40.077997000002739 ], [ -74.048172000001799, 40.080236000002699 ], [ -74.055475000001181, 40.089118000003012 ], [ -74.056249000000903, 40.091226000002699 ], [ -74.064348000001104, 40.093473000003158 ], [ -74.057583000001387, 40.097305000003381 ], [ -74.049694000001196, 40.104085000002947 ], [ -74.038643000000803, 40.104456000002827 ], [ -74.031716000001865, 40.10097400000344 ], [ -74.0071790000015, 40.097715000002879 ], [ -73.965414000001488, 40.097642000003383 ], [ -73.973291000001211, 40.075142000003517 ], [ -73.986029000001537, 40.021126000002901 ], [ -73.99957700000077, 39.976798000002951 ], [ -74.019899000001161, 39.875119000002663 ], [ -74.027660000001347, 39.806504000002676 ], [ -74.038158000001843, 39.750120000003449 ], [ -74.049489000000847, 39.723785000002898 ], [ -74.06219500000141, 39.707035000003522 ], [ -74.096531000001093, 39.649949000002792 ], [ -74.124580000001174, 39.615139000003005 ], [ -74.183189000000738, 39.53299400000337 ], [ -74.232062000001264, 39.475198000003331 ], [ -74.249585000000721, 39.452600000003542 ], [ -74.265918000000966, 39.422415000003298 ], [ -74.287271000000842, 39.398252000002962 ], [ -74.325415000001755, 39.362339000002869 ], [ -74.350047000001823, 39.345768000002991 ], [ -74.362513000001073, 39.325781000002905 ], [ -74.392196000001462, 39.312286000002736 ], [ -74.430601000001658, 39.308356000003464 ], [ -74.464930000001814, 39.298230000002825 ], [ -74.525260000001751, 39.298224000002953 ], [ -74.540441000001664, 39.29945000000307 ], [ -74.542025000000748, 39.301070000003094 ], [ -74.54296200000114, 39.301647000003264 ], [ -74.569147000001493, 39.299415000002789 ], [ -74.576383000001755, 39.303791000002825 ], [ -74.586396000001272, 39.309895000003451 ], [ -74.586650000001541, 39.309931000003239 ], [ -74.591011000001714, 39.309599000002962 ], [ -74.593392000001145, 39.308528000003264 ], [ -74.597387000001731, 39.306101000002954 ], [ -74.598797000001156, 39.305196000002681 ], [ -74.626025000001732, 39.292847000003228 ], [ -74.640088000000773, 39.295990000002867 ], [ -74.649982000001799, 39.289259000003348 ] ] ] } },
{ "type": "Feature", "properties": { "opt_all": 3, "population": 772100.0, "voting_age_pop": 604841.0, "dem_votes": 226131.0, "rep_votes": 134442.0, "minority_pop": 229987.0, "dem_pct": 0.62714346314695124, "rep_pct": 0.37285653657571238 }, "geometry": { "type": "Polygon", "coordinates": [ [ [ -75.151164000001486, 39.806163000003338 ], [ -75.145929000001715, 39.807232000003189 ], [ -75.151531000001469, 39.82600000000334 ], [ -75.152538000001741, 39.825634000002623 ], [ -75.15192000000107, 39.831032000002686 ], [ -75.149755000001122, 39.836548000003326 ], [ -75.143652000001524, 39.836960000003153 ], [ -75.144149000001789, 39.841217000003446 ], [ -75.143830000001273, 39.848749000002734 ], [ -75.148534000001916, 39.84900000000308 ], [ -75.151946000001146, 39.844306000002653 ], [ -75.154416000001262, 39.842105000002718 ], [ -75.167520000001133, 39.846873000002731 ], [ -75.181736000001408, 39.856772000003254 ], [ -75.16937600000081, 39.862676000002828 ], [ -75.168912000001058, 39.863281000002914 ], [ -75.168518000001782, 39.862420000002807 ], [ -75.156289000001934, 39.877029000003439 ], [ -75.162872000001812, 39.882649000003489 ], [ -75.145626000001798, 39.884502000003131 ], [ -75.139832000001874, 39.888317000003177 ], [ -75.131919000001687, 39.898288000003348 ], [ -75.130810000001716, 39.90036300000326 ], [ -75.128887000001384, 39.907446000003269 ], [ -75.136177000001652, 39.936548000003185 ], [ -75.136078000001916, 39.944969000002914 ], [ -75.134386000001442, 39.952857000003313 ], [ -75.123821000001385, 39.96274400000285 ], [ -75.108089000001684, 39.970332000003438 ], [ -75.075605000001673, 39.978041000003046 ], [ -75.065652000000995, 39.984728000003052 ], [ -75.059913000001387, 39.991529000003339 ], [ -75.042970000001787, 40.011998000003203 ], [ -75.030583000001386, 40.016194000002685 ], [ -75.021211000001884, 40.018222000003384 ], [ -75.013776000001556, 40.020166000002931 ], [ -74.990068000000932, 40.036435000003337 ], [ -74.98277000000131, 40.041772000003505 ], [ -74.96225300000097, 40.05481100000344 ], [ -74.953545000001753, 40.058889000002857 ], [ -74.942658000001728, 40.064302000002641 ], [ -74.932580000001167, 40.068810000003126 ], [ -74.924361000001127, 40.071186000002768 ], [ -74.920289000001489, 40.071348000003219 ], [ -74.913420000001494, 40.070359000002625 ], [ -74.899153000000965, 40.073205000003426 ], [ -74.880359000001278, 40.07903000000271 ], [ -74.869547000000992, 40.081539000003097 ], [ -74.838152000000932, 40.101074000002875 ], [ -74.828587000001463, 40.12059000000346 ], [ -74.81851900000099, 40.11576800000298 ], [ -74.810776000001212, 40.094889000003079 ], [ -74.807481000000962, 40.085994000003026 ], [ -74.805306000001892, 40.080211000003423 ], [ -74.819932000001728, 40.080418000003313 ], [ -74.812500000001094, 40.074850000003394 ], [ -74.811608000001002, 40.058819000003382 ], [ -74.823785000001934, 40.062139000002766 ], [ -74.817471000001177, 40.047263000003035 ], [ -74.814301000000768, 40.040803000002974 ], [ -74.80428700000121, 40.048152000002759 ], [ -74.797369000001098, 40.04413700000265 ], [ -74.771323000001431, 40.029599000002733 ], [ -74.742661000001476, 40.01401900000279 ], [ -74.733266000001237, 40.008982000003527 ], [ -74.732951000001663, 40.016070000003047 ], [ -74.683777000001115, 40.007842000002789 ], [ -74.668879000001795, 40.013409000002959 ], [ -74.670257000000831, 40.031112000002643 ], [ -74.650882000001459, 40.027906000003526 ], [ -74.631348000000969, 40.033933000003017 ], [ -74.65714000000105, 40.016963000003017 ], [ -74.658877000001738, 40.011722000002663 ], [ -74.649152000001024, 40.006297000003272 ], [ -74.638088000001346, 40.021342000003273 ], [ -74.6033380000016, 40.039163000003235 ], [ -74.588140000001871, 40.039659000002679 ], [ -74.575128000001385, 40.049560000003162 ], [ -74.562607000000824, 40.049615000003371 ], [ -74.540432000000948, 40.057763000003433 ], [ -74.506410000001409, 39.991301000003162 ], [ -74.496851000000788, 39.973137000003334 ], [ -74.484619000001587, 39.949869000003432 ], [ -74.470239000001555, 39.922527000003456 ], [ -74.434223000001566, 39.855157000003366 ], [ -74.41689100000103, 39.822682000003176 ], [ -74.390372000001506, 39.774490000003432 ], [ -74.389708000000809, 39.773283000003353 ], [ -74.390331000000998, 39.627049000003517 ], [ -74.390399000000812, 39.596037000003108 ], [ -74.394132000001264, 39.590527000003249 ], [ -74.379614000001069, 39.591390000003486 ], [ -74.369868000001304, 39.582515000003475 ], [ -74.365645000001336, 39.575817000003411 ], [ -74.370036000001349, 39.569046000003539 ], [ -74.370515000001859, 39.559341000002945 ], [ -74.363661000001358, 39.549674000003172 ], [ -74.374578000001634, 39.543055000003214 ], [ -74.374582000001539, 39.500119000003465 ], [ -74.377770000001632, 39.499121000003285 ], [ -74.380796000001482, 39.498537000002749 ], [ -74.405781000001284, 39.542391000002738 ], [ -74.417393000001113, 39.557255000002975 ], [ -74.435368000001333, 39.555431000002734 ], [ -74.442514000000784, 39.543207000002809 ], [ -74.479613000000938, 39.555531000002908 ], [ -74.494271000001831, 39.557342000003295 ], [ -74.505917000001801, 39.569645000003518 ], [ -74.528631000001127, 39.56999000000301 ], [ -74.542641000001808, 39.579120000002945 ], [ -74.553240000000841, 39.597740000003306 ], [ -74.567090000001599, 39.597691000003117 ], [ -74.578242000001367, 39.60001000000284 ], [ -74.588718000001805, 39.611802000003152 ], [ -74.602818000001776, 39.617964000002786 ], [ -74.65929500000162, 39.631233000002794 ], [ -74.657095000001334, 39.644842000002754 ], [ -74.660479000001288, 39.668799000002785 ], [ -74.675895000001788, 39.691159000003346 ], [ -74.723856000001817, 39.722063000003153 ], [ -74.731982000001395, 39.727133000003519 ], [ -74.732396000001145, 39.727389000002844 ], [ -74.73621600000115, 39.72977500000313 ], [ -74.749290000000855, 39.718543000002683 ], [ -74.762884000001804, 39.726532000003225 ], [ -74.802254000001611, 39.7377240000028 ], [ -74.832358000001392, 39.741708000003435 ], [ -74.854306000000761, 39.759916000002704 ], [ -74.870744000000855, 39.743017000003228 ], [ -74.859896000001712, 39.728589000002714 ], [ -74.874601000001419, 39.725994000003325 ], [ -74.893891000001659, 39.722468000002941 ], [ -74.891136000001723, 39.734501000003277 ], [ -74.873942000001563, 39.741468000003209 ], [ -74.894718000000978, 39.76017100000292 ], [ -74.899817000001804, 39.764758000003482 ], [ -74.912011000000945, 39.775728000002978 ], [ -74.913152000000778, 39.776754000002988 ], [ -74.907959000001838, 39.783760000002779 ], [ -74.924489000000946, 39.796096000003203 ], [ -74.932037000001074, 39.801689000003286 ], [ -74.932625000001821, 39.798239000002923 ], [ -74.957651000001761, 39.809363000002847 ], [ -74.957138000001493, 39.816851000003375 ], [ -74.957969000001441, 39.817589000002656 ], [ -74.966718000001052, 39.821777000003522 ], [ -74.973536000000848, 39.827125000003377 ], [ -74.982348000001693, 39.829782000003526 ], [ -74.985775000001539, 39.834159000003247 ], [ -75.001456000001099, 39.836622000003217 ], [ -75.002713000001606, 39.838192000003211 ], [ -75.017407000001455, 39.852429000002637 ], [ -75.015888000001212, 39.859369000003511 ], [ -75.021935000001292, 39.857785000003211 ], [ -75.033691000000957, 39.863004000002945 ], [ -75.040794000001696, 39.862326000003407 ], [ -75.041100000000952, 39.862283000003245 ], [ -75.049252000001871, 39.85867400000285 ], [ -75.061578000001361, 39.857447000003283 ], [ -75.063720000001553, 39.859996000003378 ], [ -75.06470700000088, 39.860487000003317 ], [ -75.0770650000009, 39.860895000002657 ], [ -75.086551000001663, 39.85476000000309 ], [ -75.098941000000906, 39.857288000002647 ], [ -75.103246000000993, 39.856255000002989 ], [ -75.099536000001393, 39.854472000003348 ], [ -75.108601000001897, 39.849990000002897 ], [ -75.116962000001806, 39.843710000002787 ], [ -75.125000000001862, 39.837445000003449 ], [ -75.13605600000156, 39.829125000002684 ], [ -75.125324000000944, 39.81866800000325 ], [ -75.135035000001835, 39.814348000003427 ], [ -75.128990000001494, 39.808464000002807 ], [ -75.142322000000888, 39.795123000003457 ], [ -75.150930000001367, 39.801188000003471 ], [ -75.151092000001412, 39.805939000003349 ], [ -75.151164000001486, 39.806163000003338 ] ] ] } },
{ "type": "Feature", "properties": { "opt_all": 4, "population": 774659.0, "voting_age_pop": 594175.0, "dem_votes": 164475.0, "rep_votes": 201775.0, "minority_pop": 147801.0, "dem_pct": 0.44907849817090006, "rep_pct": 0.55092150155606234 }, "geometry": { "type": "Polygon", "coordinates": [ [ [ -74.5936750000008, 40.179421000002648 ], [ -74.589480000001657, 40.181430000003083 ], [ -74.58095500000131, 40.18513200000347 ], [ -74.560038000000915, 40.194778000002941 ], [ -74.543268000001078, 40.216692000003363 ], [ -74.523928000001021, 40.219451000003055 ], [ -74.488747000001894, 40.216323000002845 ], [ -74.485406000000793, 40.234402000003342 ], [ -74.465788000001709, 40.232250000002892 ], [ -74.459575000000925, 40.220629000003143 ], [ -74.430526000001308, 40.217136000003428 ], [ -74.442977000001306, 40.234762000003442 ], [ -74.432231000001607, 40.254192000002952 ], [ -74.436503000001153, 40.261578000003169 ], [ -74.408157000001339, 40.273430000002939 ], [ -74.393438000001879, 40.279548000003139 ], [ -74.394231000001554, 40.288390000003339 ], [ -74.381285000001284, 40.301625000003483 ], [ -74.376061000001229, 40.306595000003149 ], [ -74.362638000000899, 40.317077000002989 ], [ -74.356259000000733, 40.322060000002772 ], [ -74.352522000001017, 40.324977000003024 ], [ -74.337894000001072, 40.336371000002949 ], [ -74.327377000001107, 40.344599000002795 ], [ -74.304888000001753, 40.362115000003506 ], [ -74.301332000001821, 40.364874000003134 ], [ -74.299153000001823, 40.36656500000322 ], [ -74.29892400000108, 40.366741000002627 ], [ -74.290883000001216, 40.372978000002973 ], [ -74.267690000000883, 40.391011000002926 ], [ -74.262074000000865, 40.395373000002763 ], [ -74.260402000001037, 40.396666000003016 ], [ -74.247901000001406, 40.407234000002994 ], [ -74.248010000001543, 40.41611900000278 ], [ -74.2478180000018, 40.429740000003321 ], [ -74.247482000000858, 40.431531000002678 ], [ -74.245329000001846, 40.433788000002778 ], [ -74.240427000001105, 40.439071000002912 ], [ -74.231910000001733, 40.444749000002673 ], [ -74.222737000001018, 40.451052000003429 ], [ -74.228196000001248, 40.477621000003474 ], [ -74.206443000001087, 40.479818000003057 ], [ -74.09126400000126, 40.499663000003309 ], [ -73.977874000001336, 40.519095000003212 ], [ -73.889645000000982, 40.486511000002949 ], [ -73.885060000001445, 40.452776000003091 ], [ -73.886746000001551, 40.424227000002652 ], [ -73.887082000000888, 40.345009000002911 ], [ -73.8907910000014, 40.310690000003063 ], [ -73.898208000001347, 40.274353000003195 ], [ -73.906863000001309, 40.250111000003329 ], [ -73.932530000001307, 40.192290000003219 ], [ -73.966265000000831, 40.10859700000308 ], [ -73.965414000001488, 40.097642000003383 ], [ -74.0071790000015, 40.097715000002879 ], [ -74.031716000001865, 40.10097400000344 ], [ -74.038643000000803, 40.104456000002827 ], [ -74.049694000001196, 40.104085000002947 ], [ -74.057583000001387, 40.097305000003381 ], [ -74.064348000001104, 40.093473000003158 ], [ -74.056249000000903, 40.091226000002699 ], [ -74.055475000001181, 40.089118000003012 ], [ -74.048172000001799, 40.080236000002699 ], [ -74.047916000001464, 40.077997000002739 ], [ -74.046211000001549, 40.077422000003537 ], [ -74.040694000001295, 40.07555900000321 ], [ -74.0444970000014, 40.057545000003394 ], [ -74.051573000000772, 40.059015000003377 ], [ -74.066687000001309, 40.061085000002791 ], [ -74.072156000001286, 40.059644000002741 ], [ -74.073591000001613, 40.060143000003258 ], [ -74.08097800000148, 40.064894000003008 ], [ -74.085750000001283, 40.066718000002751 ], [ -74.0912020000018, 40.07821400000266 ], [ -74.091659000000817, 40.078566000002724 ], [ -74.09306600000113, 40.078275000003366 ], [ -74.105376000001613, 40.075715000002994 ], [ -74.10918400000142, 40.074915000003159 ], [ -74.1107520000009, 40.081433000003443 ], [ -74.117560000001191, 40.078096000002809 ], [ -74.130406000000733, 40.0687580000032 ], [ -74.130517000000879, 40.068651000002923 ], [ -74.133053000000771, 40.066056000002746 ], [ -74.151219000001063, 40.078961000002749 ], [ -74.156488000001787, 40.078798000002692 ], [ -74.158598000001859, 40.063506000003365 ], [ -74.217609000001531, 40.072349000002873 ], [ -74.216451000001726, 40.079285000003217 ], [ -74.215577000000707, 40.084512000002725 ], [ -74.21542200000124, 40.085381000002741 ], [ -74.228479000001172, 40.089026000002853 ], [ -74.244346000001215, 40.088746000003319 ], [ -74.23893500000149, 40.094123000002767 ], [ -74.256651000001568, 40.093949000003249 ], [ -74.256962000001522, 40.098151000003149 ], [ -74.257943000001404, 40.111443000003128 ], [ -74.2580800000013, 40.113226000002669 ], [ -74.258603000001614, 40.120271000002738 ], [ -74.252294000000745, 40.116713000002832 ], [ -74.242899000001202, 40.115712000003207 ], [ -74.24199000000155, 40.129247000003197 ], [ -74.247805000001279, 40.138988000003074 ], [ -74.253551000001323, 40.147681000002954 ], [ -74.253787000000813, 40.14770500000273 ], [ -74.25970900000074, 40.157267000003053 ], [ -74.260662000001531, 40.165588000003531 ], [ -74.261455000000879, 40.167033000003414 ], [ -74.293061000001103, 40.168206000003352 ], [ -74.305522000001744, 40.168669000003248 ], [ -74.325514000001036, 40.169407000003069 ], [ -74.349772000001266, 40.170298000003172 ], [ -74.406710000001056, 40.172402000003032 ], [ -74.416715000001446, 40.165362000003064 ], [ -74.421718000001192, 40.161866000002931 ], [ -74.458036000001059, 40.136487000003498 ], [ -74.469548000000998, 40.128586000002784 ], [ -74.507415000000933, 40.103507000003354 ], [ -74.52040200000161, 40.094862000003175 ], [ -74.517064000001014, 40.066416000002683 ], [ -74.543220000001369, 40.062364000002781 ], [ -74.548606000001527, 40.071506000003104 ], [ -74.553105000001409, 40.079130000003062 ], [ -74.587835000001462, 40.138254000003073 ], [ -74.591437000001278, 40.144214000003174 ], [ -74.610336000001425, 40.174058000003122 ], [ -74.614576000001207, 40.182383000003469 ], [ -74.5936750000008, 40.179421000002648 ] ] ] } },
{ "type": "Feature", "properties": { "opt_all": 5, "population": 772695.0, "voting_age_pop": 601912.0, "dem_votes": 199638.0, "rep_votes": 169097.0, "minority_pop": 233238.0, "dem_pct": 0.54141320988205266, "rep_pct": 0.45858678984674989 }, "geometry": { "type": "Polygon", "coordinates": [ [ [ -74.555436000000739, 40.903216000003219 ], [ -74.567902000001112, 40.904305000002935 ], [ -74.567055000001901, 40.910107000002803 ], [ -74.58104600000128, 40.915190000002909 ], [ -74.591476000001435, 40.905557000002652 ], [ -74.594403000001194, 40.902272000002945 ], [ -74.590831000001913, 40.92710000000281 ], [ -74.545386000001002, 40.968219000003394 ], [ -74.520424000001142, 40.98982300000273 ], [ -74.517854000000995, 40.991996000003155 ], [ -74.49165100000107, 41.012807000003306 ], [ -74.450282000001707, 41.039069000003195 ], [ -74.441070000001403, 41.044992000003191 ], [ -74.441877000001767, 41.049659000003487 ], [ -74.438536000001406, 41.054992000002976 ], [ -74.449962000001634, 41.072085000003462 ], [ -74.442304000001528, 41.097510000002963 ], [ -74.418031000000823, 41.125736000003229 ], [ -74.434219000000795, 41.148267000002633 ], [ -74.421232000000998, 41.161293000002793 ], [ -74.401920000000871, 41.176289000002697 ], [ -74.367510000001829, 41.203241000003423 ], [ -74.355228000000849, 41.197049000003176 ], [ -74.344927000001206, 41.192051000002905 ], [ -74.326409000000794, 41.183607000003107 ], [ -74.279677000001456, 41.163055000002885 ], [ -74.237483000001617, 41.144393000002722 ], [ -74.211224000001877, 41.133714000003323 ], [ -74.15829000000133, 41.110985000002962 ], [ -74.149904000001541, 41.107295000003418 ], [ -74.127248000000776, 41.097311000003309 ], [ -74.103981000001241, 41.08705200000275 ], [ -74.071829000001827, 41.072785000003194 ], [ -74.052045000000973, 41.063989000002948 ], [ -74.024543000001628, 41.051779000003393 ], [ -74.012701000001314, 41.046530000002747 ], [ -73.99374900000187, 41.038120000003289 ], [ -73.97728200000104, 41.030797000003105 ], [ -73.958808000001611, 41.022551000002871 ], [ -73.952975000001715, 41.019963000003166 ], [ -73.946332000000808, 41.016982000003011 ], [ -73.939049000001049, 41.013700000003361 ], [ -73.921784000001551, 41.005885000003524 ], [ -73.893628000001044, 40.997165000003278 ], [ -73.896144000001513, 40.9818730000027 ], [ -73.919934000000723, 40.913623000002659 ], [ -73.92711900000117, 40.895496000003192 ], [ -73.932573000000843, 40.884210000003335 ], [ -73.938946000000868, 40.873783000003499 ], [ -73.943042000001782, 40.867092000002842 ], [ -73.948336000001603, 40.858446000003497 ], [ -73.956523000001084, 40.862704000002843 ], [ -73.960981000001055, 40.865245000003199 ], [ -73.967470000000731, 40.86884600000306 ], [ -73.970044000000726, 40.865698000003079 ], [ -73.97340200000086, 40.867676000003172 ], [ -73.975752000001108, 40.869058000003015 ], [ -73.980747000000932, 40.858195000002979 ], [ -73.98114400000172, 40.858538000002653 ], [ -73.988233000000832, 40.851012000003166 ], [ -73.989480000001222, 40.851716000003172 ], [ -73.990868000001413, 40.852612000003134 ], [ -73.993526000000855, 40.853978000002918 ], [ -73.998364000001558, 40.855013000003503 ], [ -74.001016000001655, 40.855603000003001 ], [ -74.006421000001851, 40.856865000003154 ], [ -74.004987000001421, 40.860137000003149 ], [ -73.994116000001739, 40.876498000003011 ], [ -73.99310000000186, 40.879439000002776 ], [ -73.989305000001067, 40.883897000002797 ], [ -73.990005000001645, 40.887063000003216 ], [ -73.993607000001518, 40.890833000003411 ], [ -73.99319900000161, 40.891751000003495 ], [ -73.990852000001453, 40.898406000003376 ], [ -73.98971600000101, 40.902397000003425 ], [ -73.989351000000937, 40.908527000002898 ], [ -73.989148000001293, 40.909300000003128 ], [ -73.988611000001782, 40.91170400000307 ], [ -74.000381000001624, 40.912623000003492 ], [ -74.011746000001693, 40.910095000003082 ], [ -74.017141000000862, 40.912006000002762 ], [ -74.016409000001858, 40.914600000002963 ], [ -74.030195000001868, 40.914009000002643 ], [ -74.029895000001744, 40.913465000003264 ], [ -74.03982200000074, 40.911083000002819 ], [ -74.041843000000895, 40.911666000003251 ], [ -74.050388000001121, 40.910647000002811 ], [ -74.050526000001426, 40.910524000003299 ], [ -74.057048000001799, 40.913015000002687 ], [ -74.063199000000807, 40.916679000003327 ], [ -74.067753000001531, 40.911056000002887 ], [ -74.068929000000807, 40.908544000002657 ], [ -74.072681000000898, 40.910796000003145 ], [ -74.078296000001643, 40.914195000003367 ], [ -74.089507000000779, 40.919844000003437 ], [ -74.09127300000155, 40.926160000002696 ], [ -74.09282900000089, 40.940414000002882 ], [ -74.098350000001062, 40.945843000003343 ], [ -74.10006100000129, 40.955076000002983 ], [ -74.105981000001222, 40.959083000002778 ], [ -74.106169000001785, 40.960067000002887 ], [ -74.109855000001147, 40.967382000003461 ], [ -74.118922000001604, 40.970091000003222 ], [ -74.117422000000758, 40.971702000002892 ], [ -74.125116000001711, 40.972251000002785 ], [ -74.13594900000156, 40.972701000003411 ], [ -74.141048000001078, 40.966348000003073 ], [ -74.148507000001118, 40.970780000002634 ], [ -74.149095000001509, 40.971130000002873 ], [ -74.159953000000769, 40.977644000003494 ], [ -74.160940000001645, 40.978233000002909 ], [ -74.170275000001723, 40.983904000003456 ], [ -74.171141000001299, 40.977066000002957 ], [ -74.183551000000705, 40.978018000003239 ], [ -74.184239000001639, 40.978064000002618 ], [ -74.191798000001398, 40.978564000003132 ], [ -74.198594000001179, 40.979114000002831 ], [ -74.211933000001395, 40.980167000003362 ], [ -74.198013000001339, 40.9698720000031 ], [ -74.196974000001291, 40.956809000003005 ], [ -74.196403000001766, 40.946470000003245 ], [ -74.181757000001056, 40.944689000003358 ], [ -74.17403100000125, 40.945970000002845 ], [ -74.169074000001785, 40.946542000002751 ], [ -74.168812000001836, 40.937274000002979 ], [ -74.16757400000138, 40.935097000002841 ], [ -74.166938000001394, 40.933987000003199 ], [ -74.164288000001818, 40.936369000002905 ], [ -74.161510000001314, 40.937498000003281 ], [ -74.157021000001237, 40.937400000002931 ], [ -74.148071000001138, 40.941643000003012 ], [ -74.143775000001739, 40.940551000003289 ], [ -74.13960700000132, 40.933898000002628 ], [ -74.140072000001453, 40.932169000003121 ], [ -74.142460000001591, 40.929355000002907 ], [ -74.1435950000009, 40.929338000002673 ], [ -74.14820600000148, 40.930056000003269 ], [ -74.149124000001194, 40.930220000003416 ], [ -74.150203000001042, 40.926722000002897 ], [ -74.146472000001495, 40.926292000003045 ], [ -74.148192000000918, 40.923873000002963 ], [ -74.149103000001261, 40.920073000002944 ], [ -74.150032000001133, 40.920178000002743 ], [ -74.150703000001684, 40.916960000002682 ], [ -74.152700000001175, 40.916505000002736 ], [ -74.153376000001501, 40.913228000002725 ], [ -74.15390400000129, 40.910698000002895 ], [ -74.16030000000157, 40.910270000002768 ], [ -74.156459000001192, 40.915752000003032 ], [ -74.156063000001751, 40.917025000002965 ], [ -74.161939000000999, 40.917233000002909 ], [ -74.162041000001068, 40.915985000003481 ], [ -74.16358900000084, 40.915352000003423 ], [ -74.163629000001094, 40.910258000003481 ], [ -74.163637000001117, 40.909020000003338 ], [ -74.166358000001225, 40.906935000002662 ], [ -74.169152000001205, 40.907452000003033 ], [ -74.174174000001273, 40.908353000003245 ], [ -74.171019000001124, 40.898828000003085 ], [ -74.16989500000156, 40.896760000003297 ], [ -74.174548000001494, 40.899472000003037 ], [ -74.186533000001774, 40.904883000003458 ], [ -74.188879000001123, 40.905589000002912 ], [ -74.195548000000883, 40.907578000003483 ], [ -74.195677000001226, 40.907639000003023 ], [ -74.200436000001659, 40.904046000002829 ], [ -74.201186000001186, 40.896223000003147 ], [ -74.219312000001594, 40.890814000002841 ], [ -74.21551900000162, 40.886875000002775 ], [ -74.208939000001621, 40.883126000002626 ], [ -74.201578000001206, 40.875893000002868 ], [ -74.221227000001292, 40.874835000003337 ], [ -74.223424000000904, 40.870998000003439 ], [ -74.222917000000791, 40.870722000002957 ], [ -74.213708000001404, 40.865574000002994 ], [ -74.212789000001194, 40.865062000002808 ], [ -74.205196000001493, 40.861035000002602 ], [ -74.209483000001129, 40.851002000003497 ], [ -74.215472000001085, 40.842950000002915 ], [ -74.223423000001191, 40.844781000002627 ], [ -74.229176000001857, 40.850409000002685 ], [ -74.229384000001716, 40.851727000002818 ], [ -74.230112000001, 40.854990000003284 ], [ -74.240992000001881, 40.846707000002915 ], [ -74.236359000000832, 40.845391000003474 ], [ -74.245571000001391, 40.836824000002913 ], [ -74.256726000000754, 40.834637000002942 ], [ -74.246776000001574, 40.832222000003334 ], [ -74.244172000001043, 40.831120000002834 ], [ -74.241002000000847, 40.828903000002853 ], [ -74.243895000000933, 40.820584000002995 ], [ -74.250866000001551, 40.824342000002957 ], [ -74.264764000001819, 40.825069000003062 ], [ -74.26276200000153, 40.828636000003016 ], [ -74.260056000001399, 40.83345900000343 ], [ -74.259278000001189, 40.834833000002909 ], [ -74.25980500000135, 40.834876000002723 ], [ -74.263610000001208, 40.83517000000267 ], [ -74.265867000001762, 40.84043600000313 ], [ -74.25999800000146, 40.846480000002799 ], [ -74.264905000001903, 40.850504000003298 ], [ -74.268908000000977, 40.854253000002963 ], [ -74.270430000000744, 40.859383000002808 ], [ -74.270096000001075, 40.859838000003315 ], [ -74.273562000001164, 40.871483000003423 ], [ -74.254828000001396, 40.883074000003027 ], [ -74.272063000001481, 40.897427000003496 ], [ -74.272804000001528, 40.897251000002704 ], [ -74.292305000001164, 40.900616000002678 ], [ -74.318546000001348, 40.903229000003392 ], [ -74.322804000001668, 40.908834000003296 ], [ -74.321485000000777, 40.919007000003475 ], [ -74.32145500000162, 40.920145000002606 ], [ -74.321318000001824, 40.925469000003488 ], [ -74.322015000001016, 40.928125000002851 ], [ -74.341215000001498, 40.946396000002899 ], [ -74.329886000001707, 40.952517000003496 ], [ -74.330728000001415, 40.972400000002708 ], [ -74.330733000000848, 40.972530000003495 ], [ -74.331401000001009, 40.988262000003154 ], [ -74.331803000001599, 40.989044000002778 ], [ -74.328679000000861, 40.992888000002637 ], [ -74.336863000001003, 40.990335000002659 ], [ -74.347054000001179, 40.987165000003039 ], [ -74.357637000001219, 40.99401100000324 ], [ -74.35735600000173, 41.002924000003283 ], [ -74.364801000000867, 41.011123000002982 ], [ -74.389920000001737, 41.013861000002855 ], [ -74.406851000001311, 41.02429100000294 ], [ -74.423686000001155, 41.027615000003088 ], [ -74.430172000001562, 41.020174000003088 ], [ -74.430253000001642, 41.013994000002619 ], [ -74.430866000001686, 40.977721000002681 ], [ -74.427156000001432, 40.959228000002611 ], [ -74.44965800000125, 40.938314000002826 ], [ -74.452413000001457, 40.937261000002785 ], [ -74.451529000001358, 40.9342550000027 ], [ -74.47870100000145, 40.930965000003354 ], [ -74.503371000001707, 40.907823000002992 ], [ -74.508025000000728, 40.911298000002823 ], [ -74.509936000001659, 40.911428000003227 ], [ -74.510440000001225, 40.911190000002662 ], [ -74.513076000000751, 40.90992200000273 ], [ -74.524700000001133, 40.90112600000284 ], [ -74.528999000000766, 40.897257000002675 ], [ -74.541052000000917, 40.889187000003375 ], [ -74.543444000001529, 40.890223000003026 ], [ -74.549724000001092, 40.89294300000271 ], [ -74.553000000001092, 40.894359000003099 ], [ -74.554838000000856, 40.895699000003304 ], [ -74.555436000000739, 40.903216000003219 ] ] ] } },
{ "type": "Feature", "properties": { "opt_all": 6, "population": 774220.0, "voting_age_pop": 609321.0, "dem_votes": 178718.0, "rep_votes": 100592.0, "minority_pop": 379432.0, "dem_pct": 0.63985535761703649, "rep_pct": 0.36014464202493834 }, "geometry": { "type": "Polygon", "coordinates": [ [ [ -74.547033000001477, 40.406341000003479 ], [ -74.547616000001597, 40.40880600000272 ], [ -74.54478300000153, 40.426123000003194 ], [ -74.546766000001227, 40.433515000002963 ], [ -74.549305000001439, 40.432407000003408 ], [ -74.551968000001565, 40.431262000003024 ], [ -74.555686000001273, 40.429739000003309 ], [ -74.560467000001523, 40.427970000002723 ], [ -74.569873000001635, 40.424531000003157 ], [ -74.583020000001355, 40.434903000003224 ], [ -74.593013000001733, 40.448588000003376 ], [ -74.581416000001738, 40.460396000003357 ], [ -74.591703000001218, 40.457941000002691 ], [ -74.576812000001723, 40.467219000002906 ], [ -74.574115000001711, 40.469694000003095 ], [ -74.575997000001806, 40.474818000002955 ], [ -74.559756000001016, 40.479393000002794 ], [ -74.548463000001789, 40.498492000002685 ], [ -74.530048000000974, 40.504407000003141 ], [ -74.526202000001661, 40.510121000002833 ], [ -74.516651000001673, 40.516819000003409 ], [ -74.511498000001907, 40.517657000002728 ], [ -74.50709400000143, 40.520197000002895 ], [ -74.510610000000881, 40.522511000003213 ], [ -74.507061000001613, 40.536871000003181 ], [ -74.511542000001555, 40.539684000002637 ], [ -74.511748000001134, 40.539814000003418 ], [ -74.515872000000954, 40.544984000002906 ], [ -74.516725000001188, 40.549250000003134 ], [ -74.519843000001629, 40.555584000002867 ], [ -74.50028700000118, 40.564067000003448 ], [ -74.498269000000988, 40.563325000002649 ], [ -74.490150000001663, 40.569053000002761 ], [ -74.479491000001047, 40.573820000003032 ], [ -74.478388000000933, 40.579941000003203 ], [ -74.477165000001293, 40.580740000003253 ], [ -74.469670000001045, 40.585567000002726 ], [ -74.474850000000927, 40.587050000003288 ], [ -74.476734000001684, 40.588564000003139 ], [ -74.47846200000123, 40.59284500000264 ], [ -74.477536000000867, 40.594109000003002 ], [ -74.474850000001737, 40.595667000002933 ], [ -74.4700810000015, 40.598343000002643 ], [ -74.463291000001334, 40.599187000003297 ], [ -74.456904000001856, 40.595800000002932 ], [ -74.455132000000816, 40.595954000003069 ], [ -74.437998000001755, 40.597391000002851 ], [ -74.437067000001747, 40.597468000002827 ], [ -74.440927000001864, 40.594078000003279 ], [ -74.440737000001377, 40.592794000002989 ], [ -74.433394000000789, 40.592066000002717 ], [ -74.430394000001769, 40.582818000002625 ], [ -74.430232000000842, 40.58161000000338 ], [ -74.426277000001704, 40.580853000002833 ], [ -74.409204000000983, 40.587840000003318 ], [ -74.40553500000172, 40.58859500000338 ], [ -74.399340000001274, 40.593417000002638 ], [ -74.402303000000828, 40.600362000002882 ], [ -74.394720000001797, 40.600989000002912 ], [ -74.377849000001419, 40.602428000002917 ], [ -74.372773000001843, 40.602862000002879 ], [ -74.358717000001249, 40.604061000003213 ], [ -74.356209000001186, 40.604277000002647 ], [ -74.346951000001496, 40.605036000002855 ], [ -74.338472000001019, 40.605735000003349 ], [ -74.323539000001716, 40.606985000003348 ], [ -74.322154000001646, 40.607102000003181 ], [ -74.312997000001715, 40.607874000002823 ], [ -74.310433000001865, 40.608062000003471 ], [ -74.302921000001149, 40.608683000002735 ], [ -74.303142000001174, 40.611195000002922 ], [ -74.302919000001125, 40.612086000003487 ], [ -74.298878000001508, 40.614104000003465 ], [ -74.295226000000952, 40.617647000003338 ], [ -74.290829000000784, 40.619989000002931 ], [ -74.288819000001212, 40.621038000002905 ], [ -74.282479000001032, 40.624386000002652 ], [ -74.27683700000081, 40.627353000003119 ], [ -74.274813000000819, 40.625479000003345 ], [ -74.270764000001435, 40.62174100000324 ], [ -74.267992000001371, 40.619179000003264 ], [ -74.265281000001863, 40.616674000003165 ], [ -74.258289000001014, 40.610212000003273 ], [ -74.256475000000819, 40.605301000003202 ], [ -74.257552000001013, 40.602621000003062 ], [ -74.257689000001079, 40.602276000002838 ], [ -74.246079000001032, 40.599803000003348 ], [ -74.242393000001528, 40.599474000002814 ], [ -74.235899000001496, 40.602552000003158 ], [ -74.230727000000982, 40.59884300000288 ], [ -74.212471000001244, 40.602821000003033 ], [ -74.203605000001701, 40.592635000003007 ], [ -74.20738300000086, 40.587222000002797 ], [ -74.209544000001401, 40.576666000003478 ], [ -74.212030000001505, 40.568111000002659 ], [ -74.228306000000856, 40.558690000002791 ], [ -74.232134000001537, 40.558743000002771 ], [ -74.247527000000744, 40.549270000003283 ], [ -74.249735000000811, 40.539551000002973 ], [ -74.246020000001593, 40.520958000002828 ], [ -74.256984000001381, 40.510688000002659 ], [ -74.258313000001124, 40.50617800000277 ], [ -74.258559000000815, 40.502782000003172 ], [ -74.2581360000014, 40.497389000002919 ], [ -74.256290000001812, 40.493506000003535 ], [ -74.253143000000819, 40.486886000002848 ], [ -74.243811000001358, 40.483301000002726 ], [ -74.228196000001248, 40.477621000003474 ], [ -74.222737000001018, 40.451052000003429 ], [ -74.231910000001733, 40.444749000002673 ], [ -74.240427000001105, 40.439071000002912 ], [ -74.245329000001846, 40.433788000002778 ], [ -74.247482000000858, 40.431531000002678 ], [ -74.2478180000018, 40.429740000003321 ], [ -74.248010000001543, 40.41611900000278 ], [ -74.247901000001406, 40.407234000002994 ], [ -74.260402000001037, 40.396666000003016 ], [ -74.262074000000865, 40.395373000002763 ], [ -74.267690000000883, 40.391011000002926 ], [ -74.284410000001643, 40.393495000002915 ], [ -74.291420000000983, 40.392700000003131 ], [ -74.295928000001041, 40.403174000002863 ], [ -74.302144000001419, 40.402087000002652 ], [ -74.306446000001458, 40.401612000003333 ], [ -74.305827000001329, 40.409419000003297 ], [ -74.311777000001456, 40.401788000003009 ], [ -74.323489000001615, 40.404015000003277 ], [ -74.345883000001891, 40.409861000002863 ], [ -74.353807000000856, 40.421330000003493 ], [ -74.36154000000144, 40.416595000003078 ], [ -74.36695100000172, 40.4130820000032 ], [ -74.369535000001605, 40.402883000003207 ], [ -74.370643000001422, 40.401382000003522 ], [ -74.38179400000088, 40.389490000002723 ], [ -74.381465000000787, 40.383187000003034 ], [ -74.388489000001229, 40.382502000002958 ], [ -74.393559000001233, 40.382074000003264 ], [ -74.405489000000955, 40.381658000002801 ], [ -74.41035100000073, 40.378815000002781 ], [ -74.428533000001309, 40.3667300000034 ], [ -74.432346000000976, 40.368424000003188 ], [ -74.438678000001573, 40.371251000003028 ], [ -74.451863000001666, 40.37755500000339 ], [ -74.4931190000014, 40.397227000002907 ], [ -74.508170000000916, 40.401143000002719 ], [ -74.505586000001443, 40.391680000003262 ], [ -74.516515000001093, 40.382266000003241 ], [ -74.511540000001332, 40.374763000002801 ], [ -74.522282000001397, 40.37711700000316 ], [ -74.52445400000137, 40.381432000003443 ], [ -74.531596000001699, 40.381657000002889 ], [ -74.526783000001856, 40.384761000003195 ], [ -74.530488000001327, 40.390079000003141 ], [ -74.546946000000801, 40.406274000003243 ], [ -74.547033000001477, 40.406341000003479 ] ] ] } },
{ "type": "Feature", "properties": { "opt_all": 7, "population": 772148.0, "voting_age_pop": 596703.0, "dem_votes": 196448.0, "rep_votes": 117423.0, "minority_pop": 330969.0, "dem_pct": 0.62588770525920279, "rep_pct": 0.37411229442219501 }, "geometry": { "type": "Polygon", "coordinates": [ [ [ -74.681452000001144, 40.508251000002701 ], [ -74.671579000001614, 40.516035000003406 ], [ -74.683304000001769, 40.522108000003229 ], [ -74.680824000001891, 40.529775000003141 ], [ -74.659235000000763, 40.529662000003022 ], [ -74.656324000001831, 40.538331000003438 ], [ -74.640038000001269, 40.541826000003425 ], [ -74.63572600000181, 40.564630000002914 ], [ -74.642271000001429, 40.56190100000309 ], [ -74.647957000001313, 40.557086000002975 ], [ -74.650666000001493, 40.554812000002634 ], [ -74.668151000001899, 40.549649000002638 ], [ -74.687409000000997, 40.555354000002765 ], [ -74.678145000001194, 40.56968500000319 ], [ -74.683719000001659, 40.583579000002935 ], [ -74.681167000001352, 40.588841000002709 ], [ -74.676040000001265, 40.597053000003335 ], [ -74.669558000001359, 40.602697000003403 ], [ -74.667209000001193, 40.615910000002799 ], [ -74.65955500000176, 40.62767300000305 ], [ -74.6486310000017, 40.627716000002827 ], [ -74.64524500000104, 40.636864000003094 ], [ -74.636962000001219, 40.641347000002632 ], [ -74.640103000001332, 40.646615000003074 ], [ -74.643723000001842, 40.650577000003281 ], [ -74.642185000001234, 40.658430000003207 ], [ -74.643231000001919, 40.660554000003188 ], [ -74.649871000001298, 40.679183000003192 ], [ -74.65851900000132, 40.695629000002967 ], [ -74.674153000001752, 40.696976000002863 ], [ -74.67944600000186, 40.730134000002671 ], [ -74.673454000000802, 40.731507000002857 ], [ -74.657258000000894, 40.735215000003421 ], [ -74.638290000001263, 40.739560000002797 ], [ -74.631262000001158, 40.741142000003151 ], [ -74.618518000001416, 40.744049000002867 ], [ -74.590077000000804, 40.750532000002941 ], [ -74.570819000001165, 40.754917000002983 ], [ -74.556018000001103, 40.758288000002807 ], [ -74.550095000001676, 40.747327000003118 ], [ -74.549005000001529, 40.740935000002636 ], [ -74.537984000001558, 40.732118000003382 ], [ -74.531496000001681, 40.721216000002848 ], [ -74.51371700000125, 40.697750000003062 ], [ -74.5088280000016, 40.699166000002691 ], [ -74.483316000001892, 40.706551000002982 ], [ -74.478830000001849, 40.676783000002658 ], [ -74.476100000001679, 40.66660600000273 ], [ -74.461035000001132, 40.673504000003227 ], [ -74.451564000001852, 40.679675000002618 ], [ -74.443762000001371, 40.688038000002706 ], [ -74.428573000001023, 40.69911500000326 ], [ -74.424800000001738, 40.694841000003329 ], [ -74.418203000000801, 40.687047000003233 ], [ -74.412931000001066, 40.679469000002626 ], [ -74.410590000001051, 40.679151000002889 ], [ -74.404015000001479, 40.683475000002986 ], [ -74.395311000000817, 40.690196000003013 ], [ -74.391837000000734, 40.691835000003493 ], [ -74.383364000001635, 40.696214000002669 ], [ -74.382117000001415, 40.694781000002948 ], [ -74.379459000001219, 40.685340000003087 ], [ -74.370292000001569, 40.693594000002889 ], [ -74.359552000001159, 40.699490000002875 ], [ -74.352614000001154, 40.701399000002652 ], [ -74.34282600000175, 40.707944000002826 ], [ -74.339801000001486, 40.71065100000272 ], [ -74.338237000001399, 40.711999000003438 ], [ -74.332073000001671, 40.719721000003418 ], [ -74.332360000001216, 40.720320000002808 ], [ -74.326686000001416, 40.717590000002616 ], [ -74.318611000001624, 40.719175000003275 ], [ -74.308725000001004, 40.714334000002957 ], [ -74.308411000001229, 40.714253000002842 ], [ -74.30328500000175, 40.713253000003483 ], [ -74.297212000001537, 40.71518900000337 ], [ -74.297293000000892, 40.714074000002853 ], [ -74.283636000001394, 40.721647000002697 ], [ -74.277133000001328, 40.71958200000352 ], [ -74.276661000001496, 40.719448000003318 ], [ -74.271968000000982, 40.718107000003407 ], [ -74.269487000001291, 40.717403000002733 ], [ -74.268957000001635, 40.71724700000324 ], [ -74.262187000001632, 40.71525300000328 ], [ -74.259903000000932, 40.714576000003291 ], [ -74.256022000001749, 40.71341800000296 ], [ -74.255413000001241, 40.713281000002937 ], [ -74.248389000000742, 40.71200400000302 ], [ -74.245491000000968, 40.711488000003293 ], [ -74.244394000000938, 40.711294000003384 ], [ -74.243967000000794, 40.711218000003399 ], [ -74.23627500000083, 40.709867000002966 ], [ -74.231552000000931, 40.70903700000347 ], [ -74.228551000001147, 40.708506000002906 ], [ -74.227818000001392, 40.708380000003423 ], [ -74.22340200000103, 40.707605000002665 ], [ -74.220370000000855, 40.706200000003456 ], [ -74.218468000000897, 40.704846000003009 ], [ -74.212972000001429, 40.700810000002939 ], [ -74.212402000000807, 40.699264000003289 ], [ -74.209248000000855, 40.690709000003075 ], [ -74.208235000001153, 40.690176000002985 ], [ -74.207473000001428, 40.689775000002669 ], [ -74.201454000000794, 40.686678000003319 ], [ -74.198069000001254, 40.686878000002736 ], [ -74.197217000000819, 40.686924000003351 ], [ -74.179184000000703, 40.688001000002963 ], [ -74.162718000001519, 40.689681000003326 ], [ -74.136703000001589, 40.674444000002794 ], [ -74.138220000001581, 40.672699000003355 ], [ -74.140108000000808, 40.670421000003401 ], [ -74.142516000000967, 40.667515000003498 ], [ -74.153041000001309, 40.65480000000337 ], [ -74.161428000001806, 40.644148000003369 ], [ -74.187756000001443, 40.644575000002746 ], [ -74.200668000001059, 40.632900000003389 ], [ -74.203605000001701, 40.592635000003007 ], [ -74.212471000001244, 40.602821000003033 ], [ -74.230727000000982, 40.59884300000288 ], [ -74.235899000001496, 40.602552000003158 ], [ -74.242393000001528, 40.599474000002814 ], [ -74.246079000001032, 40.599803000003348 ], [ -74.257689000001079, 40.602276000002838 ], [ -74.257552000001013, 40.602621000003062 ], [ -74.256475000000819, 40.605301000003202 ], [ -74.258289000001014, 40.610212000003273 ], [ -74.265281000001863, 40.616674000003165 ], [ -74.267992000001371, 40.619179000003264 ], [ -74.270764000001435, 40.62174100000324 ], [ -74.274813000000819, 40.625479000003345 ], [ -74.27683700000081, 40.627353000003119 ], [ -74.282479000001032, 40.624386000002652 ], [ -74.288819000001212, 40.621038000002905 ], [ -74.290829000000784, 40.619989000002931 ], [ -74.295226000000952, 40.617647000003338 ], [ -74.298878000001508, 40.614104000003465 ], [ -74.302919000001125, 40.612086000003487 ], [ -74.303142000001174, 40.611195000002922 ], [ -74.302921000001149, 40.608683000002735 ], [ -74.310433000001865, 40.608062000003471 ], [ -74.312997000001715, 40.607874000002823 ], [ -74.322154000001646, 40.607102000003181 ], [ -74.323539000001716, 40.606985000003348 ], [ -74.338472000001019, 40.605735000003349 ], [ -74.346951000001496, 40.605036000002855 ], [ -74.356209000001186, 40.604277000002647 ], [ -74.358717000001249, 40.604061000003213 ], [ -74.372773000001843, 40.602862000002879 ], [ -74.377849000001419, 40.602428000002917 ], [ -74.394720000001797, 40.600989000002912 ], [ -74.402303000000828, 40.600362000002882 ], [ -74.399340000001274, 40.593417000002638 ], [ -74.40553500000172, 40.58859500000338 ], [ -74.409204000000983, 40.587840000003318 ], [ -74.426277000001704, 40.580853000002833 ], [ -74.430232000000842, 40.58161000000338 ], [ -74.430394000001769, 40.582818000002625 ], [ -74.433394000000789, 40.592066000002717 ], [ -74.440737000001377, 40.592794000002989 ], [ -74.440927000001864, 40.594078000003279 ], [ -74.437067000001747, 40.597468000002827 ], [ -74.437998000001755, 40.597391000002851 ], [ -74.455132000000816, 40.595954000003069 ], [ -74.456904000001856, 40.595800000002932 ], [ -74.463291000001334, 40.599187000003297 ], [ -74.4700810000015, 40.598343000002643 ], [ -74.474850000001737, 40.595667000002933 ], [ -74.477536000000867, 40.594109000003002 ], [ -74.47846200000123, 40.59284500000264 ], [ -74.476734000001684, 40.588564000003139 ], [ -74.474850000000927, 40.587050000003288 ], [ -74.469670000001045, 40.585567000002726 ], [ -74.477165000001293, 40.580740000003253 ], [ -74.478388000000933, 40.579941000003203 ], [ -74.479491000001047, 40.573820000003032 ], [ -74.490150000001663, 40.569053000002761 ], [ -74.498269000000988, 40.563325000002649 ], [ -74.50028700000118, 40.564067000003448 ], [ -74.519843000001629, 40.555584000002867 ], [ -74.516725000001188, 40.549250000003134 ], [ -74.515872000000954, 40.544984000002906 ], [ -74.511748000001134, 40.539814000003418 ], [ -74.511542000001555, 40.539684000002637 ], [ -74.507061000001613, 40.536871000003181 ], [ -74.510610000000881, 40.522511000003213 ], [ -74.50709400000143, 40.520197000002895 ], [ -74.511498000001907, 40.517657000002728 ], [ -74.516651000001673, 40.516819000003409 ], [ -74.526202000001661, 40.510121000002833 ], [ -74.530048000000974, 40.504407000003141 ], [ -74.548463000001789, 40.498492000002685 ], [ -74.559842000001382, 40.489618000002949 ], [ -74.58314400000188, 40.494716000003486 ], [ -74.583536000000791, 40.495160000002677 ], [ -74.600200000000896, 40.495459000002988 ], [ -74.600662000000895, 40.49805900000279 ], [ -74.605938000001871, 40.497577000002771 ], [ -74.606064000000998, 40.484564000003104 ], [ -74.623292000001115, 40.487875000003491 ], [ -74.626818000001109, 40.477753000003133 ], [ -74.629269000001315, 40.471118000002718 ], [ -74.636053000001482, 40.465564000003305 ], [ -74.648598000001513, 40.468083000002622 ], [ -74.650365000000946, 40.456197000003328 ], [ -74.653255000001238, 40.457456000003461 ], [ -74.660626000000917, 40.464273000002919 ], [ -74.658278000001303, 40.459246000003176 ], [ -74.662466000001785, 40.447762000003138 ], [ -74.675612000001294, 40.437326000003225 ], [ -74.696705000001486, 40.434135000002726 ], [ -74.71755000000131, 40.433616000003283 ], [ -74.720062000000965, 40.441498000002873 ], [ -74.715334000001008, 40.442061000003108 ], [ -74.70182300000134, 40.468242000002931 ], [ -74.691190000001612, 40.469224000002953 ], [ -74.693091000001559, 40.486241000003055 ], [ -74.67252800000125, 40.479572000002626 ], [ -74.669120000000859, 40.488582000002694 ], [ -74.667353000001597, 40.493952000003077 ], [ -74.676715000001863, 40.506389000003395 ], [ -74.681452000001144, 40.508251000002701 ] ] ] } },
{ "type": "Feature", "properties": { "opt_all": 8, "population": 775880.0, "voting_age_pop": 627035.0, "dem_votes": 176615.0, "rep_votes": 59546.0, "minority_pop": 439403.0, "dem_pct": 0.74785845217971703, "rep_pct": 0.25214154739684302 }, "geometry": { "type": "Polygon", "coordinates": [ [ [ -74.10796200000155, 40.697903000003151 ], [ -74.114559000000853, 40.701072000003151 ], [ -74.113338000001534, 40.702477000002823 ], [ -74.117057000001139, 40.710381000003167 ], [ -74.120987000000753, 40.722901000002707 ], [ -74.116993000000846, 40.737125000002628 ], [ -74.13680200000185, 40.741462000003438 ], [ -74.145860000001278, 40.748031000002953 ], [ -74.145204000001456, 40.749612000002848 ], [ -74.150549000001149, 40.753325000002938 ], [ -74.154174000001078, 40.754249000003249 ], [ -74.155419000001345, 40.752196000002961 ], [ -74.157476000001537, 40.752338000003071 ], [ -74.157533000001834, 40.752167000003354 ], [ -74.160517000001803, 40.752925000002648 ], [ -74.164799000001665, 40.754718000002846 ], [ -74.164529000001266, 40.756298000002829 ], [ -74.16214900000125, 40.761373000003132 ], [ -74.160325000001308, 40.763293000003237 ], [ -74.157481000001695, 40.766472000003361 ], [ -74.157387000001364, 40.766642000003209 ], [ -74.155159000000708, 40.771732000003283 ], [ -74.152656000000903, 40.77479700000265 ], [ -74.150372000001809, 40.776893000002801 ], [ -74.148326000001575, 40.779702000002636 ], [ -74.148342000001577, 40.779885000003354 ], [ -74.147529000001654, 40.786491000003217 ], [ -74.140406000001249, 40.782788000003052 ], [ -74.138545000001358, 40.781788000003111 ], [ -74.137015000001824, 40.780985000002786 ], [ -74.136251000001025, 40.78058400000306 ], [ -74.134610000000762, 40.779750000002885 ], [ -74.133816000000778, 40.779355000002624 ], [ -74.132246000000976, 40.778575000002753 ], [ -74.110557000000739, 40.777128000002641 ], [ -74.090787000001583, 40.76198400000321 ], [ -74.088421000001162, 40.769587000002666 ], [ -74.070591000001173, 40.779012000003277 ], [ -74.069561000001173, 40.782745000002969 ], [ -74.066342000001214, 40.788865000002978 ], [ -74.063366000000826, 40.787666000003121 ], [ -74.058740000000952, 40.78914600000337 ], [ -74.047826000001521, 40.783721000002785 ], [ -74.047194000000971, 40.780839000002999 ], [ -74.038639000001638, 40.784684000002962 ], [ -74.034930000001722, 40.790411000003452 ], [ -74.041190000001194, 40.795692000003299 ], [ -74.037253000001357, 40.800315000003096 ], [ -74.033678000000933, 40.803264000002784 ], [ -74.034191000001798, 40.803539000002772 ], [ -74.044923000001575, 40.807555000003411 ], [ -74.060685000000959, 40.805730000003017 ], [ -74.071272000000704, 40.82244100000311 ], [ -74.088408000000726, 40.833202000002643 ], [ -74.091254000000887, 40.834867000002866 ], [ -74.093816000001823, 40.83637100000302 ], [ -74.096698000001268, 40.838049000003487 ], [ -74.098876000001411, 40.839300000003149 ], [ -74.10143400000166, 40.840732000003264 ], [ -74.102770000000774, 40.841478000003463 ], [ -74.099721000001026, 40.848544000003351 ], [ -74.098970000001572, 40.850301000003512 ], [ -74.093761000001081, 40.847269000002683 ], [ -74.092091000001332, 40.846273000002967 ], [ -74.090607000000887, 40.842926000003338 ], [ -74.088493000000895, 40.841716000003338 ], [ -74.083544000001865, 40.841423000002607 ], [ -74.076281000000705, 40.837114000003488 ], [ -74.07488700000124, 40.848577000003189 ], [ -74.070887000000923, 40.848651000002654 ], [ -74.069192000001564, 40.850794000003496 ], [ -74.053926000000814, 40.853956000002945 ], [ -74.051724000000874, 40.857614000003295 ], [ -74.044721000001218, 40.853761000002912 ], [ -74.038268000001509, 40.858881000003407 ], [ -74.036325000001838, 40.858799000003167 ], [ -74.032384000001386, 40.858634000002773 ], [ -74.033083000001469, 40.863617000002755 ], [ -74.035561000001493, 40.866925000002702 ], [ -74.035849000001576, 40.869222000003191 ], [ -74.032026000000982, 40.868077000003439 ], [ -74.022993000000938, 40.865493000002779 ], [ -74.022317000001337, 40.865673000003135 ], [ -74.011210000000929, 40.86268900000276 ], [ -74.004987000001421, 40.860137000003149 ], [ -74.006421000001851, 40.856865000003154 ], [ -74.001016000001655, 40.855603000003001 ], [ -73.998364000001558, 40.855013000003503 ], [ -73.993526000000855, 40.853978000002918 ], [ -73.990868000001413, 40.852612000003134 ], [ -73.989480000001222, 40.851716000003172 ], [ -73.988233000000832, 40.851012000003166 ], [ -73.98114400000172, 40.858538000002653 ], [ -73.980747000000932, 40.858195000002979 ], [ -73.975752000001108, 40.869058000003015 ], [ -73.97340200000086, 40.867676000003172 ], [ -73.970044000000726, 40.865698000003079 ], [ -73.967470000000731, 40.86884600000306 ], [ -73.960981000001055, 40.865245000003199 ], [ -73.956523000001084, 40.862704000002843 ], [ -73.948336000001603, 40.858446000003497 ], [ -73.952565000001684, 40.851537000002928 ], [ -73.954194000001323, 40.848003000003224 ], [ -73.961263000000983, 40.831910000002779 ], [ -73.965719000001812, 40.823709000003461 ], [ -73.973487000001484, 40.813071000003227 ], [ -73.984739000001852, 40.797662000002617 ], [ -73.99169000000083, 40.788143000003338 ], [ -73.992998000001492, 40.786353000002649 ], [ -73.993939000001546, 40.785063000003227 ], [ -73.994845000001177, 40.783823000003096 ], [ -73.995868000000968, 40.782423000003419 ], [ -73.99740800000113, 40.780313000002948 ], [ -73.998640000001231, 40.778625000002641 ], [ -74.000447000000733, 40.776152000002945 ], [ -74.001618000000931, 40.774548000003094 ], [ -74.004086000001763, 40.7711680000033 ], [ -74.012952000001334, 40.759026000002834 ], [ -74.014249000001541, 40.756656000002941 ], [ -74.016013000001806, 40.749396000002896 ], [ -74.017398000001265, 40.743706000003463 ], [ -74.018136000001604, 40.740667000003477 ], [ -74.019427000001386, 40.735369000003509 ], [ -74.02063900000131, 40.73039100000269 ], [ -74.021020000001243, 40.728830000002809 ], [ -74.021890000001093, 40.725251000003411 ], [ -74.023019000001767, 40.720611000003103 ], [ -74.023981000001797, 40.715839000003299 ], [ -74.02427100000105, 40.713940000002793 ], [ -74.02495200000169, 40.709474000003198 ], [ -74.033553000000921, 40.688257000002771 ], [ -74.043519000001439, 40.671754000003517 ], [ -74.047689000000958, 40.664849000003194 ], [ -74.049631000001796, 40.66163400000265 ], [ -74.098259000000979, 40.681035000003469 ], [ -74.098281000001066, 40.68109300000264 ], [ -74.101002000001657, 40.688219000003485 ], [ -74.101322000001488, 40.691595000002806 ], [ -74.101536000001218, 40.693191000003431 ], [ -74.102849000000873, 40.695360000002999 ], [ -74.10796200000155, 40.697903000003151 ] ], [ [ -74.034708000001871, 40.824938000003435 ], [ -74.035363000001354, 40.828618000002798 ], [ -74.03991200000101, 40.830541000003102 ], [ -74.053074000001516, 40.833653000003309 ], [ -74.034708000001871, 40.824938000003435 ] ] ] } },
{ "type": "Feature", "properties": { "opt_all": 9, "population": 774476.0, "voting_age_pop": 608497.0, "dem_votes": 188661.0, "rep_votes": 110297.0, "minority_pop": 332602.0, "dem_pct": 0.63106188808091368, "rep_pct": 0.36893811158459111 }, "geometry": { "type": "MultiPolygon", "coordinates": [ [ [ [ -74.200355000001849, 40.780491000002691 ], [ -74.201563000000746, 40.781808000002606 ], [ -74.204739000000828, 40.783007000002989 ], [ -74.20581000000162, 40.783412000002947 ], [ -74.208292000001236, 40.78434900000272 ], [ -74.211853000001696, 40.785694000003197 ], [ -74.209807000001675, 40.787282000002875 ], [ -74.208573000001522, 40.788819000003102 ], [ -74.206647000001738, 40.791233000002997 ], [ -74.205348000001536, 40.793087000003212 ], [ -74.201564000001511, 40.795703000003513 ], [ -74.201321000001727, 40.798444000002902 ], [ -74.200826000001243, 40.799057000003259 ], [ -74.197608000000741, 40.803693000002795 ], [ -74.196448000000785, 40.807532000002695 ], [ -74.196144000001723, 40.809168000002749 ], [ -74.195479000000844, 40.812623000003299 ], [ -74.196988000000928, 40.814095000003178 ], [ -74.195002000001253, 40.819575000003475 ], [ -74.192544000000964, 40.826078000003243 ], [ -74.194428000001807, 40.828896000003027 ], [ -74.194792000000888, 40.828278000003138 ], [ -74.199608000001504, 40.829341000003488 ], [ -74.206231000001182, 40.830607000003212 ], [ -74.206926000001886, 40.830710000003123 ], [ -74.209649000001221, 40.832009000002806 ], [ -74.219021000001661, 40.835729000003099 ], [ -74.215472000001085, 40.842950000002915 ], [ -74.209483000001129, 40.851002000003497 ], [ -74.205196000001493, 40.861035000002602 ], [ -74.212789000001194, 40.865062000002808 ], [ -74.213708000001404, 40.865574000002994 ], [ -74.222917000000791, 40.870722000002957 ], [ -74.223424000000904, 40.870998000003439 ], [ -74.221227000001292, 40.874835000003337 ], [ -74.201578000001206, 40.875893000002868 ], [ -74.208939000001621, 40.883126000002626 ], [ -74.21551900000162, 40.886875000002775 ], [ -74.219312000001594, 40.890814000002841 ], [ -74.201186000001186, 40.896223000003147 ], [ -74.200436000001659, 40.904046000002829 ], [ -74.195677000001226, 40.907639000003023 ], [ -74.195548000000883, 40.907578000003483 ], [ -74.188879000001123, 40.905589000002912 ], [ -74.186533000001774, 40.904883000003458 ], [ -74.174548000001494, 40.899472000003037 ], [ -74.16989500000156, 40.896760000003297 ], [ -74.171019000001124, 40.898828000003085 ], [ -74.174174000001273, 40.908353000003245 ], [ -74.169152000001205, 40.907452000003033 ], [ -74.166358000001225, 40.906935000002662 ], [ -74.163637000001117, 40.909020000003338 ], [ -74.163629000001094, 40.910258000003481 ], [ -74.16358900000084, 40.915352000003423 ], [ -74.162041000001068, 40.915985000003481 ], [ -74.161939000000999, 40.917233000002909 ], [ -74.156063000001751, 40.917025000002965 ], [ -74.156459000001192, 40.915752000003032 ], [ -74.16030000000157, 40.910270000002768 ], [ -74.15390400000129, 40.910698000002895 ], [ -74.153376000001501, 40.913228000002725 ], [ -74.152700000001175, 40.916505000002736 ], [ -74.150703000001684, 40.916960000002682 ], [ -74.150032000001133, 40.920178000002743 ], [ -74.149103000001261, 40.920073000002944 ], [ -74.148192000000918, 40.923873000002963 ], [ -74.146472000001495, 40.926292000003045 ], [ -74.150203000001042, 40.926722000002897 ], [ -74.149124000001194, 40.930220000003416 ], [ -74.14820600000148, 40.930056000003269 ], [ -74.1435950000009, 40.929338000002673 ], [ -74.142460000001591, 40.929355000002907 ], [ -74.140072000001453, 40.932169000003121 ], [ -74.13960700000132, 40.933898000002628 ], [ -74.143775000001739, 40.940551000003289 ], [ -74.148071000001138, 40.941643000003012 ], [ -74.157021000001237, 40.937400000002931 ], [ -74.161510000001314, 40.937498000003281 ], [ -74.164288000001818, 40.936369000002905 ], [ -74.166938000001394, 40.933987000003199 ], [ -74.16757400000138, 40.935097000002841 ], [ -74.168812000001836, 40.937274000002979 ], [ -74.169074000001785, 40.946542000002751 ], [ -74.17403100000125, 40.945970000002845 ], [ -74.181757000001056, 40.944689000003358 ], [ -74.196403000001766, 40.946470000003245 ], [ -74.196974000001291, 40.956809000003005 ], [ -74.198013000001339, 40.9698720000031 ], [ -74.211933000001395, 40.980167000003362 ], [ -74.198594000001179, 40.979114000002831 ], [ -74.191798000001398, 40.978564000003132 ], [ -74.184239000001639, 40.978064000002618 ], [ -74.183551000000705, 40.978018000003239 ], [ -74.171141000001299, 40.977066000002957 ], [ -74.170275000001723, 40.983904000003456 ], [ -74.160940000001645, 40.978233000002909 ], [ -74.159953000000769, 40.977644000003494 ], [ -74.149095000001509, 40.971130000002873 ], [ -74.148507000001118, 40.970780000002634 ], [ -74.141048000001078, 40.966348000003073 ], [ -74.13594900000156, 40.972701000003411 ], [ -74.125116000001711, 40.972251000002785 ], [ -74.117422000000758, 40.971702000002892 ], [ -74.118922000001604, 40.970091000003222 ], [ -74.109855000001147, 40.967382000003461 ], [ -74.106169000001785, 40.960067000002887 ], [ -74.105981000001222, 40.959083000002778 ], [ -74.10006100000129, 40.955076000002983 ], [ -74.098350000001062, 40.945843000003343 ], [ -74.09282900000089, 40.940414000002882 ], [ -74.09127300000155, 40.926160000002696 ], [ -74.089507000000779, 40.919844000003437 ], [ -74.078296000001643, 40.914195000003367 ], [ -74.072681000000898, 40.910796000003145 ], [ -74.068929000000807, 40.908544000002657 ], [ -74.067753000001531, 40.911056000002887 ], [ -74.063199000000807, 40.916679000003327 ], [ -74.057048000001799, 40.913015000002687 ], [ -74.050526000001426, 40.910524000003299 ], [ -74.050388000001121, 40.910647000002811 ], [ -74.041843000000895, 40.911666000003251 ], [ -74.03982200000074, 40.911083000002819 ], [ -74.029895000001744, 40.913465000003264 ], [ -74.030195000001868, 40.914009000002643 ], [ -74.016409000001858, 40.914600000002963 ], [ -74.017141000000862, 40.912006000002762 ], [ -74.011746000001693, 40.910095000003082 ], [ -74.000381000001624, 40.912623000003492 ], [ -73.988611000001782, 40.91170400000307 ], [ -73.989148000001293, 40.909300000003128 ], [ -73.989351000000937, 40.908527000002898 ], [ -73.98971600000101, 40.902397000003425 ], [ -73.990852000001453, 40.898406000003376 ], [ -73.99319900000161, 40.891751000003495 ], [ -73.993607000001518, 40.890833000003411 ], [ -73.990005000001645, 40.887063000003216 ], [ -73.989305000001067, 40.883897000002797 ], [ -73.99310000000186, 40.879439000002776 ], [ -73.994116000001739, 40.876498000003011 ], [ -74.004987000001421, 40.860137000003149 ], [ -74.011210000000929, 40.86268900000276 ], [ -74.022317000001337, 40.865673000003135 ], [ -74.022993000000938, 40.865493000002779 ], [ -74.032026000000982, 40.868077000003439 ], [ -74.035849000001576, 40.869222000003191 ], [ -74.035561000001493, 40.866925000002702 ], [ -74.033083000001469, 40.863617000002755 ], [ -74.032384000001386, 40.858634000002773 ], [ -74.036325000001838, 40.858799000003167 ], [ -74.038268000001509, 40.858881000003407 ], [ -74.044721000001218, 40.853761000002912 ], [ -74.051724000000874, 40.857614000003295 ], [ -74.053926000000814, 40.853956000002945 ], [ -74.069192000001564, 40.850794000003496 ], [ -74.070887000000923, 40.848651000002654 ], [ -74.07488700000124, 40.848577000003189 ], [ -74.076281000000705, 40.837114000003488 ], [ -74.083544000001865, 40.841423000002607 ], [ -74.088493000000895, 40.841716000003338 ], [ -74.090607000000887, 40.842926000003338 ], [ -74.092091000001332, 40.846273000002967 ], [ -74.093761000001081, 40.847269000002683 ], [ -74.098970000001572, 40.850301000003512 ], [ -74.099721000001026, 40.848544000003351 ], [ -74.102770000000774, 40.841478000003463 ], [ -74.10143400000166, 40.840732000003264 ], [ -74.098876000001411, 40.839300000003149 ], [ -74.096698000001268, 40.838049000003487 ], [ -74.093816000001823, 40.83637100000302 ], [ -74.091254000000887, 40.834867000002866 ], [ -74.088408000000726, 40.833202000002643 ], [ -74.071272000000704, 40.82244100000311 ], [ -74.060685000000959, 40.805730000003017 ], [ -74.044923000001575, 40.807555000003411 ], [ -74.034191000001798, 40.803539000002772 ], [ -74.033678000000933, 40.803264000002784 ], [ -74.037253000001357, 40.800315000003096 ], [ -74.041190000001194, 40.795692000003299 ], [ -74.034930000001722, 40.790411000003452 ], [ -74.038639000001638, 40.784684000002962 ], [ -74.047194000000971, 40.780839000002999 ], [ -74.047826000001521, 40.783721000002785 ], [ -74.058740000000952, 40.78914600000337 ], [ -74.063366000000826, 40.787666000003121 ], [ -74.066342000001214, 40.788865000002978 ], [ -74.069561000001173, 40.782745000002969 ], [ -74.070591000001173, 40.779012000003277 ], [ -74.088421000001162, 40.769587000002666 ], [ -74.090787000001583, 40.76198400000321 ], [ -74.110557000000739, 40.777128000002641 ], [ -74.132246000000976, 40.778575000002753 ], [ -74.133816000000778, 40.779355000002624 ], [ -74.134610000000762, 40.779750000002885 ], [ -74.136251000001025, 40.78058400000306 ], [ -74.137015000001824, 40.780985000002786 ], [ -74.138545000001358, 40.781788000003111 ], [ -74.140406000001249, 40.782788000003052 ], [ -74.147529000001654, 40.786491000003217 ], [ -74.148342000001577, 40.779885000003354 ], [ -74.154515000001183, 40.781286000002922 ], [ -74.161281000001878, 40.784179000003192 ], [ -74.164948000001829, 40.786053000002717 ], [ -74.169830000001497, 40.787009000002634 ], [ -74.171803000001134, 40.788142000003262 ], [ -74.174760000000731, 40.785607000003488 ], [ -74.174871000001133, 40.785504000002966 ], [ -74.176954000001786, 40.78344100000308 ], [ -74.182131000001107, 40.786635000003358 ], [ -74.183231000000703, 40.783404000003081 ], [ -74.186591000001087, 40.775145000003292 ], [ -74.186256000001421, 40.774665000002898 ], [ -74.187904000001296, 40.771987000002866 ], [ -74.188750000001235, 40.769884000002669 ], [ -74.189759000001075, 40.768634000002749 ], [ -74.192105000001291, 40.771260000003309 ], [ -74.194205000000963, 40.773612000002885 ], [ -74.197022000001539, 40.776763000003214 ], [ -74.197500000001142, 40.77729700000279 ], [ -74.200112000001241, 40.780217000002629 ], [ -74.200355000001849, 40.780491000002691 ] ] ], [ [ [ -74.035363000001354, 40.828618000002798 ], [ -74.034708000001871, 40.824938000003435 ], [ -74.053074000001516, 40.833653000003309 ], [ -74.03991200000101, 40.830541000003102 ], [ -74.035363000001354, 40.828618000002798 ] ] ] ] } },
{ "type": "Feature", "properties": { "opt_all": 10, "population": 776550.0, "voting_age_pop": 593702.0, "dem_votes": 207486.0, "rep_votes": 45590.0, "minority_pop": 448530.0, "dem_pct": 0.81985648547477574, "rep_pct": 0.180143514130086 }, "geometry": { "type": "Polygon", "coordinates": [ [ [ -74.308411000001229, 40.714253000002842 ], [ -74.308725000001004, 40.714334000002957 ], [ -74.318611000001624, 40.719175000003275 ], [ -74.326686000001416, 40.717590000002616 ], [ -74.325804000000815, 40.725836000003348 ], [ -74.314869000001252, 40.724407000002827 ], [ -74.308395000000985, 40.725666000003422 ], [ -74.305269000001417, 40.725924000002969 ], [ -74.30500700000097, 40.726593000003056 ], [ -74.30492700000157, 40.737907000002849 ], [ -74.292510000001485, 40.753794000003147 ], [ -74.290214000001626, 40.757477000002787 ], [ -74.291734000001469, 40.757520000002643 ], [ -74.304721000001891, 40.757876000003414 ], [ -74.307936000001092, 40.757805000003486 ], [ -74.32275300000083, 40.75916800000342 ], [ -74.323597000000859, 40.758236000003102 ], [ -74.349414000001858, 40.759100000003428 ], [ -74.367145000001088, 40.761112000003067 ], [ -74.377334000000786, 40.761228000003264 ], [ -74.368866000000935, 40.779138000003215 ], [ -74.365323000000913, 40.795499000002742 ], [ -74.382711000001834, 40.797153000003171 ], [ -74.389878000001843, 40.793992000003342 ], [ -74.405082000001713, 40.793013000003235 ], [ -74.410837000000839, 40.792645000003262 ], [ -74.40394700000185, 40.800388000003387 ], [ -74.394596000000973, 40.810653000003377 ], [ -74.393318000001855, 40.81276600000286 ], [ -74.387307000000959, 40.820545000003442 ], [ -74.383882000001492, 40.824974000002634 ], [ -74.36504700000151, 40.83746000000324 ], [ -74.353475000001822, 40.843482000002986 ], [ -74.348431000001, 40.844897000002788 ], [ -74.348029000001844, 40.845008000003318 ], [ -74.371867000001743, 40.859202000003371 ], [ -74.347648000000746, 40.858256000002761 ], [ -74.340786000000861, 40.845891000003029 ], [ -74.329854000001191, 40.849301000003052 ], [ -74.328995000001512, 40.845725000002943 ], [ -74.329161000001022, 40.838557000003341 ], [ -74.309398000001423, 40.8317920000027 ], [ -74.30479100000079, 40.82911900000321 ], [ -74.301557000001139, 40.826833000002843 ], [ -74.298732000001678, 40.831359000002621 ], [ -74.292618000001141, 40.826800000003495 ], [ -74.291455000001307, 40.823884000003112 ], [ -74.288578000001564, 40.822404000002983 ], [ -74.276426000001138, 40.814568000003327 ], [ -74.273707000001849, 40.819179000002954 ], [ -74.264764000001819, 40.825069000003062 ], [ -74.250866000001551, 40.824342000002957 ], [ -74.243895000000933, 40.820584000002995 ], [ -74.241002000000847, 40.828903000002853 ], [ -74.244172000001043, 40.831120000002834 ], [ -74.246776000001574, 40.832222000003334 ], [ -74.256726000000754, 40.834637000002942 ], [ -74.245571000001391, 40.836824000002913 ], [ -74.236359000000832, 40.845391000003474 ], [ -74.240992000001881, 40.846707000002915 ], [ -74.230112000001, 40.854990000003284 ], [ -74.229384000001716, 40.851727000002818 ], [ -74.229176000001857, 40.850409000002685 ], [ -74.223423000001191, 40.844781000002627 ], [ -74.215472000001085, 40.842950000002915 ], [ -74.219021000001661, 40.835729000003099 ], [ -74.209649000001221, 40.832009000002806 ], [ -74.206926000001886, 40.830710000003123 ], [ -74.206231000001182, 40.830607000003212 ], [ -74.199608000001504, 40.829341000003488 ], [ -74.194792000000888, 40.828278000003138 ], [ -74.194428000001807, 40.828896000003027 ], [ -74.192544000000964, 40.826078000003243 ], [ -74.195002000001253, 40.819575000003475 ], [ -74.196988000000928, 40.814095000003178 ], [ -74.195479000000844, 40.812623000003299 ], [ -74.196144000001723, 40.809168000002749 ], [ -74.196448000000785, 40.807532000002695 ], [ -74.197608000000741, 40.803693000002795 ], [ -74.200826000001243, 40.799057000003259 ], [ -74.201321000001727, 40.798444000002902 ], [ -74.201564000001511, 40.795703000003513 ], [ -74.205348000001536, 40.793087000003212 ], [ -74.206647000001738, 40.791233000002997 ], [ -74.208573000001522, 40.788819000003102 ], [ -74.209807000001675, 40.787282000002875 ], [ -74.211853000001696, 40.785694000003197 ], [ -74.208292000001236, 40.78434900000272 ], [ -74.20581000000162, 40.783412000002947 ], [ -74.204739000000828, 40.783007000002989 ], [ -74.201563000000746, 40.781808000002606 ], [ -74.200355000001849, 40.780491000002691 ], [ -74.200112000001241, 40.780217000002629 ], [ -74.197500000001142, 40.77729700000279 ], [ -74.197022000001539, 40.776763000003214 ], [ -74.194205000000963, 40.773612000002885 ], [ -74.192105000001291, 40.771260000003309 ], [ -74.189759000001075, 40.768634000002749 ], [ -74.188750000001235, 40.769884000002669 ], [ -74.187904000001296, 40.771987000002866 ], [ -74.186256000001421, 40.774665000002898 ], [ -74.186591000001087, 40.775145000003292 ], [ -74.183231000000703, 40.783404000003081 ], [ -74.182131000001107, 40.786635000003358 ], [ -74.176954000001786, 40.78344100000308 ], [ -74.174871000001133, 40.785504000002966 ], [ -74.174760000000731, 40.785607000003488 ], [ -74.171803000001134, 40.788142000003262 ], [ -74.169830000001497, 40.787009000002634 ], [ -74.164948000001829, 40.786053000002717 ], [ -74.161281000001878, 40.784179000003192 ], [ -74.154515000001183, 40.781286000002922 ], [ -74.148342000001577, 40.779885000003354 ], [ -74.148326000001575, 40.779702000002636 ], [ -74.150372000001809, 40.776893000002801 ], [ -74.152656000000903, 40.77479700000265 ], [ -74.155159000000708, 40.771732000003283 ], [ -74.157387000001364, 40.766642000003209 ], [ -74.157481000001695, 40.766472000003361 ], [ -74.160325000001308, 40.763293000003237 ], [ -74.16214900000125, 40.761373000003132 ], [ -74.164529000001266, 40.756298000002829 ], [ -74.164799000001665, 40.754718000002846 ], [ -74.160517000001803, 40.752925000002648 ], [ -74.157533000001834, 40.752167000003354 ], [ -74.157476000001537, 40.752338000003071 ], [ -74.155419000001345, 40.752196000002961 ], [ -74.154174000001078, 40.754249000003249 ], [ -74.150549000001149, 40.753325000002938 ], [ -74.145204000001456, 40.749612000002848 ], [ -74.145860000001278, 40.748031000002953 ], [ -74.13680200000185, 40.741462000003438 ], [ -74.116993000000846, 40.737125000002628 ], [ -74.120987000000753, 40.722901000002707 ], [ -74.117057000001139, 40.710381000003167 ], [ -74.113338000001534, 40.702477000002823 ], [ -74.114559000000853, 40.701072000003151 ], [ -74.10796200000155, 40.697903000003151 ], [ -74.102849000000873, 40.695360000002999 ], [ -74.101536000001218, 40.693191000003431 ], [ -74.101322000001488, 40.691595000002806 ], [ -74.101002000001657, 40.688219000003485 ], [ -74.098281000001066, 40.68109300000264 ], [ -74.098259000000979, 40.681035000003469 ], [ -74.049631000001796, 40.66163400000265 ], [ -74.053229000001508, 40.655657000003117 ], [ -74.055749000000972, 40.651476000002631 ], [ -74.086986000001318, 40.651506000002946 ], [ -74.09419000000095, 40.648065000002795 ], [ -74.126018000001679, 40.642151000003466 ], [ -74.142237000001884, 40.642135000003137 ], [ -74.161428000001806, 40.644148000003369 ], [ -74.153041000001309, 40.65480000000337 ], [ -74.142516000000967, 40.667515000003498 ], [ -74.140108000000808, 40.670421000003401 ], [ -74.138220000001581, 40.672699000003355 ], [ -74.136703000001589, 40.674444000002794 ], [ -74.162718000001519, 40.689681000003326 ], [ -74.179184000000703, 40.688001000002963 ], [ -74.197217000000819, 40.686924000003351 ], [ -74.198069000001254, 40.686878000002736 ], [ -74.201454000000794, 40.686678000003319 ], [ -74.207473000001428, 40.689775000002669 ], [ -74.208235000001153, 40.690176000002985 ], [ -74.209248000000855, 40.690709000003075 ], [ -74.212402000000807, 40.699264000003289 ], [ -74.212972000001429, 40.700810000002939 ], [ -74.218468000000897, 40.704846000003009 ], [ -74.220370000000855, 40.706200000003456 ], [ -74.22340200000103, 40.707605000002665 ], [ -74.227818000001392, 40.708380000003423 ], [ -74.228551000001147, 40.708506000002906 ], [ -74.231552000000931, 40.70903700000347 ], [ -74.23627500000083, 40.709867000002966 ], [ -74.243967000000794, 40.711218000003399 ], [ -74.244394000000938, 40.711294000003384 ], [ -74.245491000000968, 40.711488000003293 ], [ -74.248389000000742, 40.71200400000302 ], [ -74.255413000001241, 40.713281000002937 ], [ -74.256022000001749, 40.71341800000296 ], [ -74.259903000000932, 40.714576000003291 ], [ -74.262187000001632, 40.71525300000328 ], [ -74.268957000001635, 40.71724700000324 ], [ -74.269487000001291, 40.717403000002733 ], [ -74.271968000000982, 40.718107000003407 ], [ -74.276661000001496, 40.719448000003318 ], [ -74.277133000001328, 40.71958200000352 ], [ -74.283636000001394, 40.721647000002697 ], [ -74.297293000000892, 40.714074000002853 ], [ -74.297212000001537, 40.71518900000337 ], [ -74.30328500000175, 40.713253000003483 ], [ -74.308411000001229, 40.714253000002842 ] ] ] } },
{ "type": "Feature", "properties": { "opt_all": 11, "population": 771976.0, "voting_age_pop": 609939.0, "dem_votes": 181382.0, "rep_votes": 205496.0, "minority_pop": 162484.0, "dem_pct": 0.46883513653688369, "rep_pct": 0.53116486320463685 }, "geometry": { "type": "Polygon", "coordinates": [ [ [ -75.200442000001402, 40.61334900000336 ], [ -75.188595000001413, 40.623636000002762 ], [ -75.200452000000965, 40.649219000002986 ], [ -75.182522000001384, 40.666256000003003 ], [ -75.176947000001604, 40.676691000002961 ], [ -75.191924000001265, 40.679756000003373 ], [ -75.203363000001033, 40.690199000003105 ], [ -75.198022000001217, 40.706495000002626 ], [ -75.18610000000082, 40.725427000002789 ], [ -75.182804000001141, 40.73365000000318 ], [ -75.196535000001759, 40.75163100000313 ], [ -75.177477000001844, 40.764225000003243 ], [ -75.171587000000983, 40.777745000002881 ], [ -75.132728000001123, 40.774694000003336 ], [ -75.123088000001687, 40.786746000003411 ], [ -75.111322000001763, 40.789888000003138 ], [ -75.10027700000083, 40.807578000002643 ], [ -75.083956000001194, 40.824425000003295 ], [ -75.084126000001504, 40.828186000002844 ], [ -75.088437000001491, 40.832245000002693 ], [ -75.097572000001335, 40.840967000002877 ], [ -75.090962000001852, 40.849187000002594 ], [ -75.064328000001353, 40.848338000002805 ], [ -75.051448000001571, 40.864209000002774 ], [ -75.05366400000176, 40.873660000002666 ], [ -75.075980000001707, 40.895692000003002 ], [ -75.084229000001841, 40.916936000003389 ], [ -75.095528000000783, 40.924148000003079 ], [ -75.11776700000172, 40.953013000003295 ], [ -75.119560000001329, 40.966361000002671 ], [ -75.135521000001958, 40.9768650000034 ], [ -75.130575000001883, 40.991093000003318 ], [ -75.084495000001809, 41.015920000003184 ], [ -75.070532000001833, 41.018620000002841 ], [ -75.026847000001425, 41.039731000003229 ], [ -75.013469000001265, 41.065941000003335 ], [ -74.970987000001728, 41.08529300000346 ], [ -74.966906000001629, 41.09441000000308 ], [ -74.9920150000018, 41.090395000002921 ], [ -74.97998500000088, 41.11050700000326 ], [ -74.963233000001352, 41.114676000003094 ], [ -74.944498000001204, 41.129974000003379 ], [ -74.92446900000175, 41.137530000003352 ], [ -74.905256000001387, 41.155668000002777 ], [ -74.900738000001482, 41.165189000002741 ], [ -74.882331000001543, 41.180821000002787 ], [ -74.872101000001081, 41.201251000002841 ], [ -74.859473000001302, 41.218773000003466 ], [ -74.867437000001232, 41.227420000003114 ], [ -74.861117000001386, 41.2436450000029 ], [ -74.849617000001317, 41.251114000002858 ], [ -74.836421000001835, 41.279043000003171 ], [ -74.821211000001895, 41.294313000002788 ], [ -74.80007400000143, 41.306929000002611 ], [ -74.791584000001734, 41.323019000002773 ], [ -74.772657000001828, 41.3247810000031 ], [ -74.75239800000098, 41.346536000003013 ], [ -74.725951000001871, 41.346192000002709 ], [ -74.695580000001343, 41.357607000002723 ], [ -74.685353000001413, 41.352970000002699 ], [ -74.649340000000919, 41.336525000003306 ], [ -74.573299000001427, 41.301950000003302 ], [ -74.536653000001692, 41.285247000002599 ], [ -74.468417000000827, 41.253263000003052 ], [ -74.367510000001829, 41.203241000003423 ], [ -74.401920000000871, 41.176289000002697 ], [ -74.421232000000998, 41.161293000002793 ], [ -74.434219000000795, 41.148267000002633 ], [ -74.418031000000823, 41.125736000003229 ], [ -74.442304000001528, 41.097510000002963 ], [ -74.449962000001634, 41.072085000003462 ], [ -74.438536000001406, 41.054992000002976 ], [ -74.441877000001767, 41.049659000003487 ], [ -74.441070000001403, 41.044992000003191 ], [ -74.450282000001707, 41.039069000003195 ], [ -74.49165100000107, 41.012807000003306 ], [ -74.517854000000995, 40.991996000003155 ], [ -74.520424000001142, 40.98982300000273 ], [ -74.545386000001002, 40.968219000003394 ], [ -74.590831000001913, 40.92710000000281 ], [ -74.594403000001194, 40.902272000002945 ], [ -74.591476000001435, 40.905557000002652 ], [ -74.58104600000128, 40.915190000002909 ], [ -74.567055000001901, 40.910107000002803 ], [ -74.567902000001112, 40.904305000002935 ], [ -74.555436000000739, 40.903216000003219 ], [ -74.554838000000856, 40.895699000003304 ], [ -74.553000000001092, 40.894359000003099 ], [ -74.549724000001092, 40.89294300000271 ], [ -74.543444000001529, 40.890223000003026 ], [ -74.541052000000917, 40.889187000003375 ], [ -74.528999000000766, 40.897257000002675 ], [ -74.524700000001133, 40.90112600000284 ], [ -74.513076000000751, 40.90992200000273 ], [ -74.510440000001225, 40.911190000002662 ], [ -74.509936000001659, 40.911428000003227 ], [ -74.508025000000728, 40.911298000002823 ], [ -74.503371000001707, 40.907823000002992 ], [ -74.47870100000145, 40.930965000003354 ], [ -74.451529000001358, 40.9342550000027 ], [ -74.452413000001457, 40.937261000002785 ], [ -74.44965800000125, 40.938314000002826 ], [ -74.427156000001432, 40.959228000002611 ], [ -74.430866000001686, 40.977721000002681 ], [ -74.430253000001642, 41.013994000002619 ], [ -74.430172000001562, 41.020174000003088 ], [ -74.423686000001155, 41.027615000003088 ], [ -74.406851000001311, 41.02429100000294 ], [ -74.389920000001737, 41.013861000002855 ], [ -74.364801000000867, 41.011123000002982 ], [ -74.35735600000173, 41.002924000003283 ], [ -74.357637000001219, 40.99401100000324 ], [ -74.347054000001179, 40.987165000003039 ], [ -74.336863000001003, 40.990335000002659 ], [ -74.328679000000861, 40.992888000002637 ], [ -74.331803000001599, 40.989044000002778 ], [ -74.331401000001009, 40.988262000003154 ], [ -74.330733000000848, 40.972530000003495 ], [ -74.330728000001415, 40.972400000002708 ], [ -74.329886000001707, 40.952517000003496 ], [ -74.341215000001498, 40.946396000002899 ], [ -74.322015000001016, 40.928125000002851 ], [ -74.321318000001824, 40.925469000003488 ], [ -74.32145500000162, 40.920145000002606 ], [ -74.321485000000777, 40.919007000003475 ], [ -74.322804000001668, 40.908834000003296 ], [ -74.318546000001348, 40.903229000003392 ], [ -74.292305000001164, 40.900616000002678 ], [ -74.272804000001528, 40.897251000002704 ], [ -74.272063000001481, 40.897427000003496 ], [ -74.254828000001396, 40.883074000003027 ], [ -74.273562000001164, 40.871483000003423 ], [ -74.270096000001075, 40.859838000003315 ], [ -74.270430000000744, 40.859383000002808 ], [ -74.268908000000977, 40.854253000002963 ], [ -74.264905000001903, 40.850504000003298 ], [ -74.25999800000146, 40.846480000002799 ], [ -74.265867000001762, 40.84043600000313 ], [ -74.263610000001208, 40.83517000000267 ], [ -74.25980500000135, 40.834876000002723 ], [ -74.259278000001189, 40.834833000002909 ], [ -74.260056000001399, 40.83345900000343 ], [ -74.26276200000153, 40.828636000003016 ], [ -74.264764000001819, 40.825069000003062 ], [ -74.273707000001849, 40.819179000002954 ], [ -74.276426000001138, 40.814568000003327 ], [ -74.288578000001564, 40.822404000002983 ], [ -74.291455000001307, 40.823884000003112 ], [ -74.292618000001141, 40.826800000003495 ], [ -74.298732000001678, 40.831359000002621 ], [ -74.301557000001139, 40.826833000002843 ], [ -74.30479100000079, 40.82911900000321 ], [ -74.309398000001423, 40.8317920000027 ], [ -74.329161000001022, 40.838557000003341 ], [ -74.328995000001512, 40.845725000002943 ], [ -74.329854000001191, 40.849301000003052 ], [ -74.340786000000861, 40.845891000003029 ], [ -74.347648000000746, 40.858256000002761 ], [ -74.371867000001743, 40.859202000003371 ], [ -74.348029000001844, 40.845008000003318 ], [ -74.348431000001, 40.844897000002788 ], [ -74.353475000001822, 40.843482000002986 ], [ -74.36504700000151, 40.83746000000324 ], [ -74.383882000001492, 40.824974000002634 ], [ -74.387307000000959, 40.820545000003442 ], [ -74.393318000001855, 40.81276600000286 ], [ -74.394596000000973, 40.810653000003377 ], [ -74.40394700000185, 40.800388000003387 ], [ -74.410837000000839, 40.792645000003262 ], [ -74.405082000001713, 40.793013000003235 ], [ -74.389878000001843, 40.793992000003342 ], [ -74.382711000001834, 40.797153000003171 ], [ -74.365323000000913, 40.795499000002742 ], [ -74.368866000000935, 40.779138000003215 ], [ -74.377334000000786, 40.761228000003264 ], [ -74.367145000001088, 40.761112000003067 ], [ -74.349414000001858, 40.759100000003428 ], [ -74.323597000000859, 40.758236000003102 ], [ -74.32275300000083, 40.75916800000342 ], [ -74.307936000001092, 40.757805000003486 ], [ -74.304721000001891, 40.757876000003414 ], [ -74.291734000001469, 40.757520000002643 ], [ -74.290214000001626, 40.757477000002787 ], [ -74.292510000001485, 40.753794000003147 ], [ -74.30492700000157, 40.737907000002849 ], [ -74.30500700000097, 40.726593000003056 ], [ -74.305269000001417, 40.725924000002969 ], [ -74.308395000000985, 40.725666000003422 ], [ -74.314869000001252, 40.724407000002827 ], [ -74.325804000000815, 40.725836000003348 ], [ -74.326686000001416, 40.717590000002616 ], [ -74.332360000001216, 40.720320000002808 ], [ -74.332073000001671, 40.719721000003418 ], [ -74.338237000001399, 40.711999000003438 ], [ -74.339801000001486, 40.71065100000272 ], [ -74.34282600000175, 40.707944000002826 ], [ -74.352614000001154, 40.701399000002652 ], [ -74.359552000001159, 40.699490000002875 ], [ -74.370292000001569, 40.693594000002889 ], [ -74.379459000001219, 40.685340000003087 ], [ -74.382117000001415, 40.694781000002948 ], [ -74.383364000001635, 40.696214000002669 ], [ -74.391837000000734, 40.691835000003493 ], [ -74.395311000000817, 40.690196000003013 ], [ -74.404015000001479, 40.683475000002986 ], [ -74.410590000001051, 40.679151000002889 ], [ -74.412931000001066, 40.679469000002626 ], [ -74.418203000000801, 40.687047000003233 ], [ -74.424800000001738, 40.694841000003329 ], [ -74.428573000001023, 40.69911500000326 ], [ -74.443762000001371, 40.688038000002706 ], [ -74.451564000001852, 40.679675000002618 ], [ -74.461035000001132, 40.673504000003227 ], [ -74.476100000001679, 40.66660600000273 ], [ -74.478830000001849, 40.676783000002658 ], [ -74.483316000001892, 40.706551000002982 ], [ -74.5088280000016, 40.699166000002691 ], [ -74.51371700000125, 40.697750000003062 ], [ -74.531496000001681, 40.721216000002848 ], [ -74.537984000001558, 40.732118000003382 ], [ -74.549005000001529, 40.740935000002636 ], [ -74.550095000001676, 40.747327000003118 ], [ -74.556018000001103, 40.758288000002807 ], [ -74.570819000001165, 40.754917000002983 ], [ -74.590077000000804, 40.750532000002941 ], [ -74.618518000001416, 40.744049000002867 ], [ -74.631262000001158, 40.741142000003151 ], [ -74.638290000001263, 40.739560000002797 ], [ -74.657258000000894, 40.735215000003421 ], [ -74.673454000000802, 40.731507000002857 ], [ -74.67944600000186, 40.730134000002671 ], [ -74.725666000000999, 40.719532000003255 ], [ -74.769786000001673, 40.735714000002623 ], [ -74.774418000001091, 40.73671400000292 ], [ -74.797973000001733, 40.742186000002931 ], [ -74.82390500000183, 40.742369000002931 ], [ -74.82888100000136, 40.745157000003388 ], [ -74.846692000001852, 40.760277000003299 ], [ -74.848405000000781, 40.761380000003413 ], [ -74.8689360000009, 40.774412000003089 ], [ -74.885055000001842, 40.756147000003473 ], [ -74.888992000001451, 40.743251000002637 ], [ -74.881371000001366, 40.731910000003161 ], [ -74.887887000001513, 40.71940800000305 ], [ -74.882235000000776, 40.721929000003314 ], [ -74.858223000001331, 40.712551000002605 ], [ -74.864510000001331, 40.700852000003309 ], [ -74.860260000001375, 40.688364000002949 ], [ -74.890708000001041, 40.680742000002589 ], [ -74.890995000001638, 40.68067400000271 ], [ -74.911007000001717, 40.676662000002921 ], [ -74.911935000000767, 40.670085000002949 ], [ -74.917355000001834, 40.670903000002831 ], [ -74.923533000001513, 40.680087000003027 ], [ -74.979156000001595, 40.657841000002989 ], [ -74.984528000001873, 40.678057000002859 ], [ -74.960352000001038, 40.698786000002748 ], [ -74.980007000001422, 40.699987000002871 ], [ -74.98131500000143, 40.705997000002597 ], [ -74.983388000001625, 40.705372000003301 ], [ -75.002446000001243, 40.693831000003335 ], [ -75.023181000001927, 40.690950000002672 ], [ -75.071095000001236, 40.666477000003283 ], [ -75.079119000000873, 40.66013100000297 ], [ -75.109389000001002, 40.641778000003399 ], [ -75.108810000001583, 40.639489000002705 ], [ -75.110007000001744, 40.63891500000333 ], [ -75.135195000001133, 40.630507000002794 ], [ -75.161196000001468, 40.618203000002985 ], [ -75.163058000001925, 40.610967000003377 ], [ -75.180989000001745, 40.594204000002797 ], [ -75.189600000000894, 40.591776000002739 ], [ -75.200442000001402, 40.61334900000336 ] ] ] } },
{ "type": "Feature", "properties": { "opt_all": 12, "population": 777925.0, "voting_age_pop": 615493.0, "dem_votes": 208718.0, "rep_votes": 141739.0, "minority_pop": 262012.0, "dem_pct": 0.59555951212400959, "rep_pct": 0.40444048759064866 }, "geometry": { "type": "Polygon", "coordinates": [ [ [ -74.948308000001376, 40.363319000002733 ], [ -74.950342000001612, 40.367943000003294 ], [ -74.951342000001887, 40.369949000002826 ], [ -74.954167000001533, 40.376596000003317 ], [ -74.966529000001358, 40.398134000002912 ], [ -74.985032000000913, 40.405983000002969 ], [ -74.995860000001528, 40.410384000003077 ], [ -75.023028000001332, 40.403693000002718 ], [ -75.044202000001462, 40.412784000003008 ], [ -75.060917000000998, 40.42173700000339 ], [ -75.070608000000789, 40.456196000002635 ], [ -75.064435000001907, 40.476984000003242 ], [ -75.065365000001179, 40.517077000002814 ], [ -75.066821000001823, 40.536451000003218 ], [ -75.087284000000892, 40.556420000003243 ], [ -75.103857000001454, 40.568894000003468 ], [ -75.122322000001716, 40.573826000002704 ], [ -75.140172000001328, 40.575370000002678 ], [ -75.157852000000887, 40.565424000003233 ], [ -75.172877000000952, 40.564423000003003 ], [ -75.191071000001656, 40.573405000003277 ], [ -75.189600000000894, 40.591776000002739 ], [ -75.180989000001745, 40.594204000002797 ], [ -75.163058000001925, 40.610967000003377 ], [ -75.161196000001468, 40.618203000002985 ], [ -75.135195000001133, 40.630507000002794 ], [ -75.110007000001744, 40.63891500000333 ], [ -75.108810000001583, 40.639489000002705 ], [ -75.109389000001002, 40.641778000003399 ], [ -75.079119000000873, 40.66013100000297 ], [ -75.071095000001236, 40.666477000003283 ], [ -75.023181000001927, 40.690950000002672 ], [ -75.002446000001243, 40.693831000003335 ], [ -74.983388000001625, 40.705372000003301 ], [ -74.98131500000143, 40.705997000002597 ], [ -74.980007000001422, 40.699987000002871 ], [ -74.960352000001038, 40.698786000002748 ], [ -74.984528000001873, 40.678057000002859 ], [ -74.979156000001595, 40.657841000002989 ], [ -74.923533000001513, 40.680087000003027 ], [ -74.917355000001834, 40.670903000002831 ], [ -74.911935000000767, 40.670085000002949 ], [ -74.911007000001717, 40.676662000002921 ], [ -74.890995000001638, 40.68067400000271 ], [ -74.890708000001041, 40.680742000002589 ], [ -74.860260000001375, 40.688364000002949 ], [ -74.864510000001331, 40.700852000003309 ], [ -74.858223000001331, 40.712551000002605 ], [ -74.882235000000776, 40.721929000003314 ], [ -74.887887000001513, 40.71940800000305 ], [ -74.881371000001366, 40.731910000003161 ], [ -74.888992000001451, 40.743251000002637 ], [ -74.885055000001842, 40.756147000003473 ], [ -74.8689360000009, 40.774412000003089 ], [ -74.848405000000781, 40.761380000003413 ], [ -74.846692000001852, 40.760277000003299 ], [ -74.82888100000136, 40.745157000003388 ], [ -74.82390500000183, 40.742369000002931 ], [ -74.797973000001733, 40.742186000002931 ], [ -74.774418000001091, 40.73671400000292 ], [ -74.769786000001673, 40.735714000002623 ], [ -74.725666000000999, 40.719532000003255 ], [ -74.67944600000186, 40.730134000002671 ], [ -74.674153000001752, 40.696976000002863 ], [ -74.65851900000132, 40.695629000002967 ], [ -74.649871000001298, 40.679183000003192 ], [ -74.643231000001919, 40.660554000003188 ], [ -74.642185000001234, 40.658430000003207 ], [ -74.643723000001842, 40.650577000003281 ], [ -74.640103000001332, 40.646615000003074 ], [ -74.636962000001219, 40.641347000002632 ], [ -74.64524500000104, 40.636864000003094 ], [ -74.6486310000017, 40.627716000002827 ], [ -74.65955500000176, 40.62767300000305 ], [ -74.667209000001193, 40.615910000002799 ], [ -74.669558000001359, 40.602697000003403 ], [ -74.676040000001265, 40.597053000003335 ], [ -74.681167000001352, 40.588841000002709 ], [ -74.683719000001659, 40.583579000002935 ], [ -74.678145000001194, 40.56968500000319 ], [ -74.687409000000997, 40.555354000002765 ], [ -74.668151000001899, 40.549649000002638 ], [ -74.650666000001493, 40.554812000002634 ], [ -74.647957000001313, 40.557086000002975 ], [ -74.642271000001429, 40.56190100000309 ], [ -74.63572600000181, 40.564630000002914 ], [ -74.640038000001269, 40.541826000003425 ], [ -74.656324000001831, 40.538331000003438 ], [ -74.659235000000763, 40.529662000003022 ], [ -74.680824000001891, 40.529775000003141 ], [ -74.683304000001769, 40.522108000003229 ], [ -74.671579000001614, 40.516035000003406 ], [ -74.681452000001144, 40.508251000002701 ], [ -74.676715000001863, 40.506389000003395 ], [ -74.667353000001597, 40.493952000003077 ], [ -74.669120000000859, 40.488582000002694 ], [ -74.67252800000125, 40.479572000002626 ], [ -74.693091000001559, 40.486241000003055 ], [ -74.691190000001612, 40.469224000002953 ], [ -74.70182300000134, 40.468242000002931 ], [ -74.715334000001008, 40.442061000003108 ], [ -74.720062000000965, 40.441498000002873 ], [ -74.71755000000131, 40.433616000003283 ], [ -74.696705000001486, 40.434135000002726 ], [ -74.675612000001294, 40.437326000003225 ], [ -74.662466000001785, 40.447762000003138 ], [ -74.658278000001303, 40.459246000003176 ], [ -74.660626000000917, 40.464273000002919 ], [ -74.653255000001238, 40.457456000003461 ], [ -74.650365000000946, 40.456197000003328 ], [ -74.648598000001513, 40.468083000002622 ], [ -74.636053000001482, 40.465564000003305 ], [ -74.629269000001315, 40.471118000002718 ], [ -74.626818000001109, 40.477753000003133 ], [ -74.623292000001115, 40.487875000003491 ], [ -74.606064000000998, 40.484564000003104 ], [ -74.605938000001871, 40.497577000002771 ], [ -74.600662000000895, 40.49805900000279 ], [ -74.600200000000896, 40.495459000002988 ], [ -74.583536000000791, 40.495160000002677 ], [ -74.58314400000188, 40.494716000003486 ], [ -74.559842000001382, 40.489618000002949 ], [ -74.548463000001789, 40.498492000002685 ], [ -74.559756000001016, 40.479393000002794 ], [ -74.575997000001806, 40.474818000002955 ], [ -74.574115000001711, 40.469694000003095 ], [ -74.576812000001723, 40.467219000002906 ], [ -74.591703000001218, 40.457941000002691 ], [ -74.581416000001738, 40.460396000003357 ], [ -74.593013000001733, 40.448588000003376 ], [ -74.583020000001355, 40.434903000003224 ], [ -74.569873000001635, 40.424531000003157 ], [ -74.560467000001523, 40.427970000002723 ], [ -74.555686000001273, 40.429739000003309 ], [ -74.551968000001565, 40.431262000003024 ], [ -74.549305000001439, 40.432407000003408 ], [ -74.546766000001227, 40.433515000002963 ], [ -74.54478300000153, 40.426123000003194 ], [ -74.547616000001597, 40.40880600000272 ], [ -74.547033000001477, 40.406341000003479 ], [ -74.546946000000801, 40.406274000003243 ], [ -74.530488000001327, 40.390079000003141 ], [ -74.526783000001856, 40.384761000003195 ], [ -74.531596000001699, 40.381657000002889 ], [ -74.52445400000137, 40.381432000003443 ], [ -74.522282000001397, 40.37711700000316 ], [ -74.511540000001332, 40.374763000002801 ], [ -74.516515000001093, 40.382266000003241 ], [ -74.505586000001443, 40.391680000003262 ], [ -74.508170000000916, 40.401143000002719 ], [ -74.4931190000014, 40.397227000002907 ], [ -74.451863000001666, 40.37755500000339 ], [ -74.438678000001573, 40.371251000003028 ], [ -74.432346000000976, 40.368424000003188 ], [ -74.428533000001309, 40.3667300000034 ], [ -74.41035100000073, 40.378815000002781 ], [ -74.405489000000955, 40.381658000002801 ], [ -74.393559000001233, 40.382074000003264 ], [ -74.388489000001229, 40.382502000002958 ], [ -74.381465000000787, 40.383187000003034 ], [ -74.38179400000088, 40.389490000002723 ], [ -74.370643000001422, 40.401382000003522 ], [ -74.369535000001605, 40.402883000003207 ], [ -74.36695100000172, 40.4130820000032 ], [ -74.36154000000144, 40.416595000003078 ], [ -74.353807000000856, 40.421330000003493 ], [ -74.345883000001891, 40.409861000002863 ], [ -74.323489000001615, 40.404015000003277 ], [ -74.311777000001456, 40.401788000003009 ], [ -74.305827000001329, 40.409419000003297 ], [ -74.306446000001458, 40.401612000003333 ], [ -74.302144000001419, 40.402087000002652 ], [ -74.295928000001041, 40.403174000002863 ], [ -74.291420000000983, 40.392700000003131 ], [ -74.284410000001643, 40.393495000002915 ], [ -74.267690000000883, 40.391011000002926 ], [ -74.290883000001216, 40.372978000002973 ], [ -74.29892400000108, 40.366741000002627 ], [ -74.299153000001823, 40.36656500000322 ], [ -74.301332000001821, 40.364874000003134 ], [ -74.304888000001753, 40.362115000003506 ], [ -74.327377000001107, 40.344599000002795 ], [ -74.337894000001072, 40.336371000002949 ], [ -74.352522000001017, 40.324977000003024 ], [ -74.356259000000733, 40.322060000002772 ], [ -74.362638000000899, 40.317077000002989 ], [ -74.376061000001229, 40.306595000003149 ], [ -74.381285000001284, 40.301625000003483 ], [ -74.394231000001554, 40.288390000003339 ], [ -74.393438000001879, 40.279548000003139 ], [ -74.408157000001339, 40.273430000002939 ], [ -74.436503000001153, 40.261578000003169 ], [ -74.432231000001607, 40.254192000002952 ], [ -74.442977000001306, 40.234762000003442 ], [ -74.430526000001308, 40.217136000003428 ], [ -74.459575000000925, 40.220629000003143 ], [ -74.465788000001709, 40.232250000002892 ], [ -74.485406000000793, 40.234402000003342 ], [ -74.488747000001894, 40.216323000002845 ], [ -74.523928000001021, 40.219451000003055 ], [ -74.543268000001078, 40.216692000003363 ], [ -74.560038000000915, 40.194778000002941 ], [ -74.58095500000131, 40.18513200000347 ], [ -74.589480000001657, 40.181430000003083 ], [ -74.5936750000008, 40.179421000002648 ], [ -74.614576000001207, 40.182383000003469 ], [ -74.610336000001425, 40.174058000003122 ], [ -74.591437000001278, 40.144214000003174 ], [ -74.587835000001462, 40.138254000003073 ], [ -74.553105000001409, 40.079130000003062 ], [ -74.548606000001527, 40.071506000003104 ], [ -74.543220000001369, 40.062364000002781 ], [ -74.540432000000948, 40.057763000003433 ], [ -74.562607000000824, 40.049615000003371 ], [ -74.575128000001385, 40.049560000003162 ], [ -74.588140000001871, 40.039659000002679 ], [ -74.6033380000016, 40.039163000003235 ], [ -74.638088000001346, 40.021342000003273 ], [ -74.649152000001024, 40.006297000003272 ], [ -74.658877000001738, 40.011722000002663 ], [ -74.65714000000105, 40.016963000003017 ], [ -74.631348000000969, 40.033933000003017 ], [ -74.650882000001459, 40.027906000003526 ], [ -74.670257000000831, 40.031112000002643 ], [ -74.668879000001795, 40.013409000002959 ], [ -74.683777000001115, 40.007842000002789 ], [ -74.732951000001663, 40.016070000003047 ], [ -74.733266000001237, 40.008982000003527 ], [ -74.742661000001476, 40.01401900000279 ], [ -74.771323000001431, 40.029599000002733 ], [ -74.797369000001098, 40.04413700000265 ], [ -74.80428700000121, 40.048152000002759 ], [ -74.814301000000768, 40.040803000002974 ], [ -74.817471000001177, 40.047263000003035 ], [ -74.823785000001934, 40.062139000002766 ], [ -74.811608000001002, 40.058819000003382 ], [ -74.812500000001094, 40.074850000003394 ], [ -74.819932000001728, 40.080418000003313 ], [ -74.805306000001892, 40.080211000003423 ], [ -74.807481000000962, 40.085994000003026 ], [ -74.810776000001212, 40.094889000003079 ], [ -74.81851900000099, 40.11576800000298 ], [ -74.828587000001463, 40.12059000000346 ], [ -74.816121000001644, 40.127740000002888 ], [ -74.807137000001489, 40.125229000003245 ], [ -74.791543000001056, 40.121186000002751 ], [ -74.782002000001867, 40.1212540000027 ], [ -74.776027000001321, 40.125004000003152 ], [ -74.762323000001373, 40.132881000002989 ], [ -74.741504000000972, 40.135041000002879 ], [ -74.731691000001106, 40.141942000003425 ], [ -74.722048000001024, 40.150311000003335 ], [ -74.722325000001788, 40.160727000003419 ], [ -74.737205000001126, 40.177609000003045 ], [ -74.751760000001781, 40.183839000003431 ], [ -74.76767700000191, 40.20775200000341 ], [ -74.771115000001089, 40.214742000002815 ], [ -74.778342000001331, 40.2197390000035 ], [ -74.785972000001777, 40.224258000003275 ], [ -74.787389000001752, 40.225075000002967 ], [ -74.789381000001342, 40.226211000003033 ], [ -74.795570000001874, 40.229513000003301 ], [ -74.819032000001172, 40.238334000002986 ], [ -74.824076000001043, 40.241574000003034 ], [ -74.842308000001083, 40.250508000002903 ], [ -74.846742000000887, 40.259084000002879 ], [ -74.856653000001089, 40.27765500000276 ], [ -74.868208000001545, 40.295206000003226 ], [ -74.886409000001237, 40.309807000002934 ], [ -74.908310000001734, 40.316907000003205 ], [ -74.942909000001094, 40.341683000003151 ], [ -74.945906000001457, 40.355396000003047 ], [ -74.948308000001376, 40.363319000002733 ] ] ] } }
]
}
