{
"type": "FeatureCollection",
"name": "ohio_enacted_districts",
"crs": { "type": "name", "properties": { "name": "urn:ogc:def:crs:OGC:1.3:CRS84" } },
"features": [
{ "type": "Feature", "properties": { "enacted_district": 1, "population": 786019.0, "voting_age_pop": 607168.0, "dem_votes": 173059.0, "rep_votes": 165228.0, "minority_pop": 180737.0, "dem_pct": 0.51157449133085975, "rep_pct": 0.48842550837353327 }, "geometry": { "type": "Polygon", "coordinates": [ [ [ -84.689354000001686, 39.103192000003261 ], [ -84.702706000001854, 39.119392000003188 ], [ -84.712160000001589, 39.130388000003073 ], [ -84.695742000001985, 39.124992000003125 ], [ -84.694990000001454, 39.124072000003252 ], [ -84.690247000001492, 39.124259000003143 ], [ -84.684352000001851, 39.123967000002558 ], [ -84.669906000001831, 39.123172000003223 ], [ -84.658762000001943, 39.122169000002472 ], [ -84.63484800000171, 39.120054000002625 ], [ -84.632754000002336, 39.119924000002982 ], [ -84.625327000001803, 39.119426000002733 ], [ -84.623255000001919, 39.119309000002431 ], [ -84.616578000001951, 39.118852000003265 ], [ -84.607509000001585, 39.118656000003092 ], [ -84.607420000001795, 39.120503000002834 ], [ -84.607010000002248, 39.123523000002926 ], [ -84.60535400000164, 39.126351000003297 ], [ -84.619048000001456, 39.133942000002705 ], [ -84.623611000002214, 39.141672000002551 ], [ -84.624667000001651, 39.145724000002794 ], [ -84.622646000002362, 39.148859000002538 ], [ -84.618577000001565, 39.14865300000303 ], [ -84.61550000000129, 39.148412000002828 ], [ -84.604484000001875, 39.15515900000306 ], [ -84.603960000002417, 39.154729000003144 ], [ -84.602722000001748, 39.162381000003037 ], [ -84.601584000001324, 39.162310000002435 ], [ -84.582794000002238, 39.167537000003051 ], [ -84.582564000002449, 39.170069000002762 ], [ -84.582250000001366, 39.173640000002742 ], [ -84.578556000002322, 39.176381000003033 ], [ -84.580645000002391, 39.189373000002981 ], [ -84.579662000002429, 39.20088300000284 ], [ -84.579658000002297, 39.204877000002952 ], [ -84.576140000001899, 39.204569000002643 ], [ -84.570026000001377, 39.206740000002732 ], [ -84.569743000001438, 39.210376000002988 ], [ -84.557576000001504, 39.209685000002878 ], [ -84.557096000001593, 39.209659000002773 ], [ -84.550982000001667, 39.209349000002504 ], [ -84.548104000001942, 39.209880000002798 ], [ -84.538007000001627, 39.21443300000292 ], [ -84.53487800000191, 39.216381000002997 ], [ -84.531538000002115, 39.216821000003094 ], [ -84.531062000002052, 39.216777000002921 ], [ -84.53021100000133, 39.216012000003118 ], [ -84.527585000001594, 39.209261000002691 ], [ -84.535787000002244, 39.202305000003008 ], [ -84.53417200000149, 39.201607000002838 ], [ -84.520889000001361, 39.20118800000251 ], [ -84.510655000002089, 39.200476000002482 ], [ -84.496959000001311, 39.204419000002538 ], [ -84.493235000001377, 39.20594600000252 ], [ -84.492743000001411, 39.215361000003185 ], [ -84.481528000001902, 39.219800000002664 ], [ -84.47362800000235, 39.217665000002498 ], [ -84.468924000002431, 39.217897000002637 ], [ -84.465821000002194, 39.217889000002465 ], [ -84.460716000001909, 39.217820000003215 ], [ -84.453615000001335, 39.218709000003024 ], [ -84.447826000002252, 39.219125000002521 ], [ -84.447595000001797, 39.226249000002632 ], [ -84.445750000001382, 39.232637000003258 ], [ -84.450835000001831, 39.236060000002773 ], [ -84.451720000001714, 39.249755000002416 ], [ -84.450682000002161, 39.261865000002963 ], [ -84.440813000001683, 39.265109000002553 ], [ -84.412259000001299, 39.26463600000303 ], [ -84.401562000001746, 39.258122000002558 ], [ -84.400014000001647, 39.266971000003117 ], [ -84.39052300000175, 39.262461000002574 ], [ -84.388973000001968, 39.271907000003146 ], [ -84.374048000002347, 39.28003000000249 ], [ -84.372808000001555, 39.279876000003007 ], [ -84.368549000001778, 39.279395000003042 ], [ -84.360369000001356, 39.281141000002926 ], [ -84.356409000001463, 39.285252000002963 ], [ -84.370755000001481, 39.294398000002715 ], [ -84.362011000001331, 39.293328000002518 ], [ -84.353209000002181, 39.292287000002574 ], [ -84.352578000002026, 39.299348000003135 ], [ -84.351972000001766, 39.306901000002753 ], [ -84.351717000001869, 39.309666000003205 ], [ -84.350895000001799, 39.318652000002992 ], [ -84.350385000002177, 39.323974000002814 ], [ -84.34960300000165, 39.332664000003227 ], [ -84.349296000001331, 39.336661000002699 ], [ -84.348746000001455, 39.342363000002656 ], [ -84.348116000001838, 39.349431000002603 ], [ -84.348081000001898, 39.349872000002946 ], [ -84.347916000002002, 39.351819000002422 ], [ -84.347769000001918, 39.353330000003261 ], [ -84.346331000002309, 39.36844600000309 ], [ -84.345958000002383, 39.371889000003094 ], [ -84.344667000001579, 39.382709000002428 ], [ -84.343850000001396, 39.390269000003258 ], [ -84.343054000001317, 39.397814000002903 ], [ -84.341405000001672, 39.41242300000296 ], [ -84.33957500000183, 39.430055000003179 ], [ -84.338678000001337, 39.473523000002508 ], [ -84.337359000001499, 39.488584000002561 ], [ -84.337350000002061, 39.488684000002763 ], [ -84.336692000001904, 39.496601000003167 ], [ -84.336312000001953, 39.50174600000318 ], [ -84.335948000001792, 39.506027000002923 ], [ -84.335534000002042, 39.510227000003169 ], [ -84.334808000001729, 39.51807000000246 ], [ -84.334152000002192, 39.524861000002581 ], [ -84.333785000002123, 39.528703000003127 ], [ -84.333385000002181, 39.532524000003043 ], [ -84.331963000002133, 39.547858000002485 ], [ -84.331682000002417, 39.549213000002872 ], [ -84.345371000002231, 39.545914000003194 ], [ -84.364305000002446, 39.543810000003141 ], [ -84.364528000002196, 39.562316000002426 ], [ -84.364601000001798, 39.569475000002988 ], [ -84.365232000002095, 39.589493000003195 ], [ -84.337437000002282, 39.589492000003055 ], [ -84.324559000001486, 39.589518000002634 ], [ -84.286704000002416, 39.589577000002429 ], [ -84.28631900000137, 39.589576000003099 ], [ -84.285050000001419, 39.589510000002477 ], [ -84.248433000001555, 39.587082000002518 ], [ -84.242819000001987, 39.586748000002395 ], [ -84.237497000001525, 39.586432000003178 ], [ -84.230198000001508, 39.585888000002619 ], [ -84.22994900000127, 39.585870000002991 ], [ -84.22316600000137, 39.585419000002588 ], [ -84.214545000002019, 39.584845000003241 ], [ -84.210934000001799, 39.58461100000298 ], [ -84.201408000001294, 39.583948000002742 ], [ -84.19756800000161, 39.583714000002978 ], [ -84.187334000001428, 39.583081000003126 ], [ -84.168675000002168, 39.581815000003282 ], [ -84.162995000001587, 39.581438000002585 ], [ -84.133862000002125, 39.579478000003242 ], [ -84.127745000001966, 39.579088000003125 ], [ -84.114174000002109, 39.578230000002691 ], [ -84.102114000002317, 39.577487000002741 ], [ -84.056885000002126, 39.574657000003214 ], [ -84.027989000002307, 39.572791000003065 ], [ -83.976987000001884, 39.569402000002491 ], [ -83.979269000002247, 39.544207000002423 ], [ -83.979960000002407, 39.536723000002993 ], [ -83.985657000002291, 39.475202000003243 ], [ -83.988504000002024, 39.444424000003032 ], [ -83.989336000001956, 39.435491000003069 ], [ -83.992716000002062, 39.401696000003 ], [ -83.996451000001585, 39.361420000002774 ], [ -83.997452000001729, 39.35136700000308 ], [ -83.997475000001998, 39.351170000002611 ], [ -84.001151000001897, 39.316276000003185 ], [ -84.002074000001429, 39.307554000002696 ], [ -84.002741000002374, 39.301310000002594 ], [ -84.003346000001599, 39.295632000003046 ], [ -84.004108000002233, 39.288510000003292 ], [ -84.007454000001502, 39.255112000002654 ], [ -84.051858000001829, 39.25782100000297 ], [ -84.073692000001898, 39.259157000003057 ], [ -84.078947000002145, 39.25948000000286 ], [ -84.092395000002128, 39.260311000002723 ], [ -84.159672000001464, 39.264512000002931 ], [ -84.19322700000231, 39.266625000002691 ], [ -84.219001000001896, 39.26826600000291 ], [ -84.234960000002388, 39.269280000003249 ], [ -84.237511000001788, 39.269448000002477 ], [ -84.245166000001561, 39.269942000003191 ], [ -84.259431000002209, 39.270860000003253 ], [ -84.26087300000188, 39.266508000002752 ], [ -84.267878000001502, 39.262051000003176 ], [ -84.282224000002174, 39.252263000002941 ], [ -84.296797000002343, 39.238495000002807 ], [ -84.297003000001325, 39.238254000003217 ], [ -84.318700000001556, 39.225009000002828 ], [ -84.312174000002159, 39.210793000003157 ], [ -84.296099000001391, 39.209712000003258 ], [ -84.293617000001646, 39.210674000003273 ], [ -84.27800000000164, 39.19691600000246 ], [ -84.288288000002268, 39.186487000002558 ], [ -84.288463000002437, 39.182344000003098 ], [ -84.294596000001306, 39.17857700000306 ], [ -84.298226000001705, 39.175723000002613 ], [ -84.298358000001883, 39.171789000003251 ], [ -84.295097000002258, 39.167133000003282 ], [ -84.297429000002239, 39.165852000002921 ], [ -84.301828000001407, 39.152566000002984 ], [ -84.301893000001272, 39.152148000002562 ], [ -84.303806000002382, 39.135243000002397 ], [ -84.30688700000195, 39.114499000002525 ], [ -84.307136000001492, 39.112838000002725 ], [ -84.310417000001507, 39.090716000003134 ], [ -84.311020000002372, 39.086612000002454 ], [ -84.311691000001346, 39.082105000002507 ], [ -84.312752000001751, 39.074877000002665 ], [ -84.313208000001779, 39.071821000002984 ], [ -84.314090000001585, 39.06601800000265 ], [ -84.314810000001501, 39.06099900000271 ], [ -84.315240000002021, 39.05733500000315 ], [ -84.3178710000021, 39.038559000002557 ], [ -84.319985000002433, 39.021534000002731 ], [ -84.33515700000136, 39.032043000002503 ], [ -84.360721000002201, 39.041567000003134 ], [ -84.411144000001855, 39.046603000002463 ], [ -84.42353900000208, 39.051856000002807 ], [ -84.433333000002122, 39.077994000002477 ], [ -84.435160000001645, 39.100362000002995 ], [ -84.445860000001318, 39.114663000002423 ], [ -84.462073000001382, 39.12182800000307 ], [ -84.471379000001605, 39.121524000002452 ], [ -84.495999000002271, 39.101330000003209 ], [ -84.50224900000147, 39.096932000003072 ], [ -84.515934000002247, 39.092897000002395 ], [ -84.522572000002199, 39.092205000003013 ], [ -84.543556000001715, 39.099767000002871 ], [ -84.553316000001587, 39.09860400000273 ], [ -84.573264000002268, 39.081941000003233 ], [ -84.600807000002391, 39.074508000002965 ], [ -84.624142000001839, 39.074523000003225 ], [ -84.649630000001395, 39.091038000002456 ], [ -84.689354000001686, 39.103192000003261 ] ] ] } },
{ "type": "Feature", "properties": { "enacted_district": 2, "population": 786108.0, "voting_age_pop": 609225.0, "dem_votes": 89505.0, "rep_votes": 209312.0, "minority_pop": 46096.0, "dem_pct": 0.2995311510725524, "rep_pct": 0.70046884859279468 }, "geometry": { "type": "Polygon", "coordinates": [ [ [ -84.306074000001473, 39.007753000003227 ], [ -84.319985000002433, 39.021534000002731 ], [ -84.3178710000021, 39.038559000002557 ], [ -84.315240000002021, 39.05733500000315 ], [ -84.314810000001501, 39.06099900000271 ], [ -84.314090000001585, 39.06601800000265 ], [ -84.313208000001779, 39.071821000002984 ], [ -84.312752000001751, 39.074877000002665 ], [ -84.311691000001346, 39.082105000002507 ], [ -84.311020000002372, 39.086612000002454 ], [ -84.310417000001507, 39.090716000003134 ], [ -84.307136000001492, 39.112838000002725 ], [ -84.30688700000195, 39.114499000002525 ], [ -84.303806000002382, 39.135243000002397 ], [ -84.301893000001272, 39.152148000002562 ], [ -84.301828000001407, 39.152566000002984 ], [ -84.297429000002239, 39.165852000002921 ], [ -84.295097000002258, 39.167133000003282 ], [ -84.298358000001883, 39.171789000003251 ], [ -84.298226000001705, 39.175723000002613 ], [ -84.294596000001306, 39.17857700000306 ], [ -84.288463000002437, 39.182344000003098 ], [ -84.288288000002268, 39.186487000002558 ], [ -84.27800000000164, 39.19691600000246 ], [ -84.293617000001646, 39.210674000003273 ], [ -84.296099000001391, 39.209712000003258 ], [ -84.312174000002159, 39.210793000003157 ], [ -84.318700000001556, 39.225009000002828 ], [ -84.297003000001325, 39.238254000003217 ], [ -84.296797000002343, 39.238495000002807 ], [ -84.282224000002174, 39.252263000002941 ], [ -84.267878000001502, 39.262051000003176 ], [ -84.26087300000188, 39.266508000002752 ], [ -84.259431000002209, 39.270860000003253 ], [ -84.245166000001561, 39.269942000003191 ], [ -84.237511000001788, 39.269448000002477 ], [ -84.234960000002388, 39.269280000003249 ], [ -84.219001000001896, 39.26826600000291 ], [ -84.19322700000231, 39.266625000002691 ], [ -84.159672000001464, 39.264512000002931 ], [ -84.092395000002128, 39.260311000002723 ], [ -84.078947000002145, 39.25948000000286 ], [ -84.073692000001898, 39.259157000003057 ], [ -84.051858000001829, 39.25782100000297 ], [ -84.007454000001502, 39.255112000002654 ], [ -84.004108000002233, 39.288510000003292 ], [ -84.003346000001599, 39.295632000003046 ], [ -84.002741000002374, 39.301310000002594 ], [ -84.002074000001429, 39.307554000002696 ], [ -84.001151000001897, 39.316276000003185 ], [ -83.997475000001998, 39.351170000002611 ], [ -83.997452000001729, 39.35136700000308 ], [ -83.996451000001585, 39.361420000002774 ], [ -83.992716000002062, 39.401696000003 ], [ -83.989336000001956, 39.435491000003069 ], [ -83.988504000002024, 39.444424000003032 ], [ -83.985657000002291, 39.475202000003243 ], [ -83.979960000002407, 39.536723000002993 ], [ -83.979269000002247, 39.544207000002423 ], [ -83.976987000001884, 39.569402000002491 ], [ -83.922507000001488, 39.566194000002518 ], [ -83.88339900000139, 39.563499000002459 ], [ -83.803126000002294, 39.558586000003217 ], [ -83.723942000002197, 39.553642000003073 ], [ -83.670196000001823, 39.550254000002603 ], [ -83.60297500000145, 39.546284000002863 ], [ -83.576286000001389, 39.544547000002794 ], [ -83.580782000002017, 39.498869000002891 ], [ -83.583455000001877, 39.466630000003008 ], [ -83.590878000001638, 39.378736000003315 ], [ -83.49367400000196, 39.377901000003277 ], [ -83.487704000001372, 39.39765100000271 ], [ -83.48879900000226, 39.431391000003117 ], [ -83.46145400000222, 39.447977000003149 ], [ -83.457369000001847, 39.470173000002859 ], [ -83.418000000001271, 39.461528000002481 ], [ -83.42254500000189, 39.455376000003007 ], [ -83.380289000001298, 39.418489000003198 ], [ -83.383015000002075, 39.401791000002987 ], [ -83.372714000001281, 39.377416000002626 ], [ -83.33344000000163, 39.428810000003239 ], [ -83.313423000002302, 39.455316000002782 ], [ -83.27535200000203, 39.504788000002733 ], [ -83.26673700000164, 39.516249000003043 ], [ -83.258207000001974, 39.619598000003123 ], [ -83.257771000002236, 39.627109000003287 ], [ -83.252435000001554, 39.695438000002667 ], [ -83.251136000001395, 39.713436000002702 ], [ -83.243839000002296, 39.80932700000286 ], [ -83.243702000001946, 39.812503000003233 ], [ -83.165103000002304, 39.808711000002781 ], [ -83.153257000001659, 39.808465000002634 ], [ -83.120355000002121, 39.807823000002948 ], [ -83.06047000000153, 39.80568500000296 ], [ -83.047393000001492, 39.805372000003139 ], [ -83.030193000002143, 39.80519200000326 ], [ -83.01307100000129, 39.804394000002986 ], [ -82.937725000002175, 39.801007000002883 ], [ -82.824254000001474, 39.794996000002989 ], [ -82.826904000002045, 39.766448000002505 ], [ -82.829670000001215, 39.736698000002974 ], [ -82.829693000001342, 39.736455000002458 ], [ -82.835281000001544, 39.676169000002972 ], [ -82.837616000001518, 39.64960600000267 ], [ -82.834378000002076, 39.649445000002828 ], [ -82.836103000002154, 39.63174200000293 ], [ -82.838680000001659, 39.605480000003254 ], [ -82.842953000001444, 39.561480000003293 ], [ -82.826913000002236, 39.560589000002913 ], [ -82.731518000001373, 39.554445000002808 ], [ -82.730272000001378, 39.569066000002692 ], [ -82.717520000001372, 39.568274000002653 ], [ -82.620088000001346, 39.563987000002655 ], [ -82.617546000001582, 39.608605000003209 ], [ -82.549804000002339, 39.605653000002995 ], [ -82.496123000001219, 39.602849000002706 ], [ -82.493133000001833, 39.632420000002689 ], [ -82.490329000001623, 39.661704000002722 ], [ -82.433275000001828, 39.658113000002771 ], [ -82.374531000001767, 39.654959000002975 ], [ -82.379890000001367, 39.596738000002667 ], [ -82.261954000002234, 39.590592000003312 ], [ -82.263566000002115, 39.562137000002735 ], [ -82.240075000002037, 39.560829000002478 ], [ -82.159161000002157, 39.556574000002499 ], [ -82.166647000002214, 39.474360000002576 ], [ -82.167379000001517, 39.466307000003212 ], [ -82.170171000001957, 39.466350000003217 ], [ -82.186223000001689, 39.467327000002953 ], [ -82.202314000002147, 39.468289000002756 ], [ -82.211159000001189, 39.468802000002526 ], [ -82.224272000001818, 39.469545000002562 ], [ -82.233460000001429, 39.470100000003249 ], [ -82.252524000001458, 39.471255000002657 ], [ -82.28041000000178, 39.472906000003199 ], [ -82.289663000001525, 39.384195000002869 ], [ -82.298476000001571, 39.29499600000289 ], [ -82.260243000001324, 39.292915000002914 ], [ -82.268583000001414, 39.203760000003086 ], [ -82.192247000001387, 39.199719000003185 ], [ -82.079193000002249, 39.193802000002542 ], [ -81.960882000001348, 39.188744000002842 ], [ -81.843096000002262, 39.18400700000317 ], [ -81.756080000001532, 39.18056000000302 ], [ -81.746185000002143, 39.151068000002937 ], [ -81.742353000001984, 39.111277000003042 ], [ -81.754154000001819, 39.088377000003028 ], [ -81.781455000001955, 39.078078000003309 ], [ -81.806654000002055, 39.084078000002762 ], [ -81.812654000002112, 39.063343000002831 ], [ -81.803355000001531, 39.047678000003181 ], [ -81.764253000001801, 39.01527900000287 ], [ -81.781820000001304, 38.96493500000259 ], [ -81.756131000001787, 38.933546000002728 ], [ -81.77410500000174, 38.922964000003212 ], [ -81.821304000001959, 38.946874000003184 ], [ -81.844486000001211, 38.928746000003287 ], [ -81.848653000001747, 38.901407000003111 ], [ -81.858921000002226, 38.890190000003052 ], [ -81.89089900000171, 38.873919000003099 ], [ -81.910312000001923, 38.879294000002574 ], [ -81.926670000001451, 38.901311000002856 ], [ -81.89995300000227, 38.925405000002819 ], [ -81.911208000001849, 38.952728000002672 ], [ -81.935813000001573, 38.989647000002918 ], [ -81.967769000001908, 38.992955000003207 ], [ -81.977455000001854, 38.992679000002511 ], [ -81.981159000001782, 38.994351000003107 ], [ -81.982551000001891, 39.000078000002866 ], [ -81.984016000001503, 39.005997000003198 ], [ -82.00046100000155, 39.026778000002722 ], [ -82.034513000002221, 39.025536000002994 ], [ -82.044439000001873, 39.008048000002745 ], [ -82.048188000001517, 38.999465000002552 ], [ -82.055986000001326, 38.991824000003191 ], [ -82.085996000001458, 38.977412000003184 ], [ -82.09896500000157, 38.958378000003329 ], [ -82.113547000002129, 38.930256000002736 ], [ -82.143167000001696, 38.898079000002781 ], [ -82.145167000001706, 38.883179000002755 ], [ -82.139279000001508, 38.866407000002702 ], [ -82.143556000001922, 38.844180000003377 ], [ -82.149374000001416, 38.835549000003347 ], [ -82.163598000001642, 38.82342400000271 ], [ -82.187127000002235, 38.816094000002877 ], [ -82.217058000001671, 38.795908000003287 ], [ -82.21661400000157, 38.76835000000262 ], [ -82.199999000001213, 38.759057000002883 ], [ -82.182467000001552, 38.708782000003097 ], [ -82.190167000001338, 38.687382000002998 ], [ -82.186667000001677, 38.66858300000267 ], [ -82.171966000001248, 38.625384000003258 ], [ -82.181167000001778, 38.599784000002842 ], [ -82.221468000001266, 38.591284000002887 ], [ -82.265003000001713, 38.597383000002765 ], [ -82.273370000001748, 38.594183000003376 ], [ -82.287270000001314, 38.582783000002806 ], [ -82.293471000001702, 38.575383000002695 ], [ -82.295671000002173, 38.538483000003367 ], [ -82.303238000001585, 38.521162000002519 ], [ -82.303530000002169, 38.500084000003355 ], [ -82.31178900000188, 38.477246000003412 ], [ -82.323999000002146, 38.449268000002618 ], [ -82.344723000001963, 38.440522000002623 ], [ -82.356002000002121, 38.439147000002926 ], [ -82.373862000002049, 38.436167000002577 ], [ -82.389080000001755, 38.434468000003015 ], [ -82.410162000002217, 38.437657000003171 ], [ -82.434375000002291, 38.430082000003267 ], [ -82.451998000002007, 38.426070000002696 ], [ -82.463868000001526, 38.423578000002827 ], [ -82.495116000001289, 38.415164000002569 ], [ -82.537690000002044, 38.40415700000306 ], [ -82.560590000002009, 38.404715000002554 ], [ -82.583378000001701, 38.409970000002943 ], [ -82.593192000002233, 38.421008000002892 ], [ -82.597692000001942, 38.429008000002639 ], [ -82.597888000001262, 38.429552000002687 ], [ -82.60084500000184, 38.438654000003183 ], [ -82.611942000001676, 38.473067000002594 ], [ -82.629800000001467, 38.481629000003039 ], [ -82.660107000001915, 38.500181000003131 ], [ -82.679573000001355, 38.521079000002644 ], [ -82.682071000001969, 38.524744000002698 ], [ -82.684528000001393, 38.528598000002795 ], [ -82.687073000002044, 38.532667000003208 ], [ -82.688753000001441, 38.5353200000025 ], [ -82.706011000001524, 38.54731000000298 ], [ -82.716393000001844, 38.552707000002506 ], [ -82.745146000001867, 38.559307000003045 ], [ -82.780183000001614, 38.559183000002974 ], [ -82.815934000001334, 38.570818000003257 ], [ -82.841893000001775, 38.58833300000331 ], [ -82.854968000001378, 38.616544000002598 ], [ -82.856958000002152, 38.64326700000322 ], [ -82.860668000001894, 38.663570000003226 ], [ -82.874596000002157, 38.682705000002869 ], [ -82.877579000002171, 38.691771000002646 ], [ -82.869878000002018, 38.727805000002725 ], [ -82.870026000002227, 38.729180000003275 ], [ -82.873894000002068, 38.744792000002789 ], [ -82.874305000002337, 38.745418000003347 ], [ -82.884793000001352, 38.754126000002948 ], [ -82.909897000002374, 38.753264000003114 ], [ -82.917639000002353, 38.751670000003074 ], [ -82.947807000001774, 38.740710000003006 ], [ -82.953299000002062, 38.737812000002833 ], [ -82.971484000001595, 38.727529000002761 ], [ -82.997055000002291, 38.728922000002918 ], [ -83.01157500000123, 38.729881000002777 ], [ -83.013772000001893, 38.72916400000252 ], [ -83.038276000002057, 38.716413000003186 ], [ -83.054018000002102, 38.695068000003253 ], [ -83.079881000001564, 38.682671000002749 ], [ -83.107646000002205, 38.674986000002633 ], [ -83.122393000002148, 38.659362000003064 ], [ -83.134754000001806, 38.632013000002971 ], [ -83.153644000002203, 38.618839000002666 ], [ -83.20124700000197, 38.616602000002587 ], [ -83.245664000001781, 38.628564000003145 ], [ -83.267564000001542, 38.618411000003086 ], [ -83.288654000001628, 38.598048000002755 ], [ -83.30591200000211, 38.599746000002597 ], [ -83.31995600000171, 38.615269000002897 ], [ -83.327566000002292, 38.637675000003007 ], [ -83.362775000002344, 38.657220000002525 ], [ -83.384858000002183, 38.663111000002935 ], [ -83.45679500000233, 38.673840000003274 ], [ -83.471413000001817, 38.67749900000252 ], [ -83.505665000002026, 38.699773000003155 ], [ -83.533677000001703, 38.702181000002888 ], [ -83.575011000001723, 38.691815000003011 ], [ -83.626300000002217, 38.678457000002616 ], [ -83.637167000001952, 38.665361000002541 ], [ -83.644651000002355, 38.63688900000254 ], [ -83.668893000001859, 38.626562000002885 ], [ -83.705312000001797, 38.639835000002535 ], [ -83.749559000001753, 38.649512000002453 ], [ -83.770178000001565, 38.655857000003117 ], [ -83.783800000002188, 38.695832000003143 ], [ -83.805830000001478, 38.706481000002817 ], [ -83.822813000001304, 38.709915000003086 ], [ -83.842355000002001, 38.72628700000309 ], [ -83.853788000001344, 38.752803000002963 ], [ -83.872415000001808, 38.762255000003307 ], [ -83.915858000001549, 38.769787000003276 ], [ -83.959033000002222, 38.787091000002881 ], [ -83.978095000002327, 38.787363000002983 ], [ -84.018426000001625, 38.776221000003176 ], [ -84.052709000001343, 38.771226000002812 ], [ -84.091623000001405, 38.774236000002453 ], [ -84.15187000000185, 38.793966000003074 ], [ -84.20587900000173, 38.802685000002612 ], [ -84.227363000002143, 38.821303000002608 ], [ -84.233652000002166, 38.847425000003319 ], [ -84.231955000001548, 38.871861000002987 ], [ -84.236567000001656, 38.896125000003096 ], [ -84.262225000001891, 38.927347000003081 ], [ -84.278991000001582, 38.94420500000318 ], [ -84.286536000002286, 38.952542000003106 ], [ -84.298390000001831, 38.99074700000314 ], [ -84.306074000001473, 39.007753000003227 ] ] ] } },
{ "type": "Feature", "properties": { "enacted_district": 3, "population": 786600.0, "voting_age_pop": 615744.0, "dem_votes": 220988.0, "rep_votes": 100049.0, "minority_pop": 249521.0, "dem_pct": 0.68835679355078794, "rep_pct": 0.31164320613772145 }, "geometry": { "type": "MultiPolygon", "coordinates": [ [ [ [ -83.076482000001221, 39.99881800000253 ], [ -83.08051300000227, 40.004659000002725 ], [ -83.090508000001435, 40.014422000002732 ], [ -83.091711000001766, 40.018309000003079 ], [ -83.09147400000208, 40.025983000002611 ], [ -83.092127000001724, 40.030006000003148 ], [ -83.093368000002272, 40.035933000003183 ], [ -83.094712000001323, 40.042858000003079 ], [ -83.095175000001504, 40.047877000002913 ], [ -83.104516000001752, 40.065376000002729 ], [ -83.105252000001741, 40.068233000002699 ], [ -83.108462000001367, 40.07503700000305 ], [ -83.110642000001306, 40.083118000003068 ], [ -83.104264000002274, 40.082059000002445 ], [ -83.107262000001739, 40.072923000002646 ], [ -83.10482900000224, 40.068385000002401 ], [ -83.104253000001677, 40.065513000003193 ], [ -83.093538000001402, 40.062328000002658 ], [ -83.0929140000015, 40.069952000002466 ], [ -83.092696000001354, 40.073599000003277 ], [ -83.092230000001976, 40.082624000002511 ], [ -83.09190000000126, 40.088476000002714 ], [ -83.091834000001896, 40.094539000003195 ], [ -83.09145400000159, 40.10187200000253 ], [ -83.081903000001716, 40.099029000003135 ], [ -83.07446500000124, 40.103628000003255 ], [ -83.07292500000132, 40.102868000002772 ], [ -83.063995000001654, 40.103719000002712 ], [ -83.055391000002103, 40.103705000002485 ], [ -83.056341000001822, 40.108023000002589 ], [ -83.057084000001808, 40.111397000003258 ], [ -83.057241000002165, 40.112110000002943 ], [ -83.058323000001778, 40.117042000003131 ], [ -83.059400000002199, 40.121926000003221 ], [ -83.059278000002308, 40.121923000002894 ], [ -83.061424000001338, 40.132535000003223 ], [ -83.063808000002041, 40.138282000002519 ], [ -83.057399000001936, 40.138051000003081 ], [ -83.041177000002307, 40.137561000002954 ], [ -83.037491000001964, 40.137434000002699 ], [ -83.031692000001613, 40.137296000003111 ], [ -83.017012000002367, 40.13674700000275 ], [ -83.014016000002343, 40.136644000002882 ], [ -83.011885000001755, 40.136565000002598 ], [ -83.011712000002063, 40.136562000002719 ], [ -83.011392000001763, 40.136554000002569 ], [ -83.010529000001583, 40.136516000002779 ], [ -83.005204000002081, 40.136336000003027 ], [ -83.004458000001918, 40.136305000002508 ], [ -82.99180900000195, 40.13576800000331 ], [ -82.98327700000236, 40.135417000003287 ], [ -82.971329000002228, 40.134934000003042 ], [ -82.970870000002165, 40.134917000002837 ], [ -82.970397000001952, 40.134897000002439 ], [ -82.970012000001745, 40.134881000003283 ], [ -82.950847000001573, 40.13410400000253 ], [ -82.947516000001457, 40.133976000002413 ], [ -82.928880000002138, 40.133228000002667 ], [ -82.925590000002003, 40.13309100000307 ], [ -82.917159000002087, 40.132745000003212 ], [ -82.914645000001229, 40.132641000002934 ], [ -82.907790000001398, 40.132353000003 ], [ -82.902840000001703, 40.132148000003092 ], [ -82.895360000002071, 40.131787000002696 ], [ -82.884101000002033, 40.131247000003157 ], [ -82.883954000001751, 40.131238000003052 ], [ -82.858221000001208, 40.129998000002651 ], [ -82.843550000001343, 40.129367000003064 ], [ -82.761827000001958, 40.125855000002517 ], [ -82.763897000001748, 40.095776000003134 ], [ -82.765206000001626, 40.079645000003261 ], [ -82.767483000001747, 40.051028000002589 ], [ -82.770613000001859, 40.013052000003221 ], [ -82.771416000001977, 40.004497000002829 ], [ -82.771879000001661, 39.99845300000279 ], [ -82.771818000001815, 39.998339000003071 ], [ -82.77266100000125, 39.987385000002803 ], [ -82.772667000001732, 39.987293000002829 ], [ -82.772677000001678, 39.987112000002483 ], [ -82.779738000001828, 39.973017000003182 ], [ -82.780110000001343, 39.968640000002587 ], [ -82.780328000001603, 39.966091000002919 ], [ -82.780473000002146, 39.964381000002774 ], [ -82.780988000002154, 39.957719000002506 ], [ -82.781257000002128, 39.955696000002554 ], [ -82.782012000001245, 39.944746000002489 ], [ -82.78249500000139, 39.939662000002492 ], [ -82.791596000001974, 39.940162000002601 ], [ -82.798164000001734, 39.940547000002475 ], [ -82.811476000001264, 39.932116000002544 ], [ -82.817627000001409, 39.932403000003063 ], [ -82.823824000002332, 39.932550000003069 ], [ -82.82380700000239, 39.932752000002942 ], [ -82.830493000001823, 39.935683000002683 ], [ -82.830725000001891, 39.932933000003246 ], [ -82.842223000002278, 39.933558000002527 ], [ -82.852180000002008, 39.934104000002577 ], [ -82.86014100000186, 39.934670000002619 ], [ -82.864318000001944, 39.935676000002751 ], [ -82.864440000002318, 39.935462000002588 ], [ -82.865706000001381, 39.926620000002671 ], [ -82.864731000001242, 39.921980000002769 ], [ -82.870747000002339, 39.914986000002521 ], [ -82.880634000001407, 39.915535000002883 ], [ -82.896980000001903, 39.916446000002544 ], [ -82.920243000001335, 39.917749000002885 ], [ -82.926066000001342, 39.918439000002699 ], [ -82.921821000002126, 39.906800000003102 ], [ -82.9218430000019, 39.906464000002998 ], [ -82.947997000001379, 39.904372000002773 ], [ -82.952654000001928, 39.904591000003215 ], [ -82.957396000001836, 39.904837000002438 ], [ -82.965174000002122, 39.903401000002738 ], [ -82.966857000001326, 39.904509000003287 ], [ -82.966480000001354, 39.90910200000252 ], [ -82.965592000001834, 39.919896000002758 ], [ -82.965582000001476, 39.920032000002799 ], [ -82.964987000001855, 39.927650000003297 ], [ -82.981509000001282, 39.927425000003176 ], [ -82.981406000001385, 39.930185000002986 ], [ -82.978716000001256, 39.935270000002795 ], [ -82.97865500000124, 39.936080000002903 ], [ -82.983572000001445, 39.93631600000289 ], [ -82.983342000002054, 39.93922200000268 ], [ -82.982963000001845, 39.944177000002732 ], [ -82.990018000001783, 39.944550000002806 ], [ -82.989893000001302, 39.945973000002553 ], [ -82.99089100000198, 39.949020000002754 ], [ -82.99269400000172, 39.949094000003242 ], [ -83.003499000001739, 39.94851300000245 ], [ -83.007176000001849, 39.953205000002527 ], [ -83.012001000002044, 39.952061000003035 ], [ -83.011875000001865, 39.952470000002386 ], [ -83.006424000002028, 39.956016000002613 ], [ -82.99507900000124, 39.956644000002733 ], [ -82.995592000001466, 39.959316000002502 ], [ -82.990415000002315, 39.959908000003011 ], [ -82.98967000000205, 39.979849000002609 ], [ -82.993309000001531, 39.977049000002872 ], [ -82.997530000002087, 39.972816000002879 ], [ -82.999014000001438, 39.971799000002505 ], [ -83.002203000001927, 39.970241000002702 ], [ -83.002872000001432, 39.973758000002611 ], [ -83.009282000001562, 39.973824000002992 ], [ -83.009889000002275, 39.964456000003167 ], [ -83.017299000002239, 39.964778000003115 ], [ -83.021127000001741, 39.971953000003253 ], [ -83.045756000002001, 39.974523000002854 ], [ -83.050717000001583, 39.975985000002701 ], [ -83.058195000001433, 39.977389000002653 ], [ -83.065391000001313, 39.984286000002754 ], [ -83.067465000001263, 39.989546000002662 ], [ -83.068362000002082, 39.991303000003043 ], [ -83.076482000001221, 39.99881800000253 ] ] ], [ [ [ -83.108290000001617, 40.092716000002653 ], [ -83.108416000001512, 40.092809000002845 ], [ -83.107886000001727, 40.094350000002976 ], [ -83.108290000001617, 40.092716000002653 ] ] ], [ [ [ -83.086911000001706, 40.130009000002978 ], [ -83.086355000001276, 40.127700000002662 ], [ -83.089745000002338, 40.127825000002886 ], [ -83.086911000001706, 40.130009000002978 ] ] ], [ [ [ -83.079682000002123, 40.132688000002446 ], [ -83.083447000001712, 40.132818000003169 ], [ -83.080257000002291, 40.134414000003147 ], [ -83.079682000002123, 40.132688000002446 ] ] ] ] } },
{ "type": "Feature", "properties": { "enacted_district": 4, "population": 786084.0, "voting_age_pop": 599941.0, "dem_votes": 101921.0, "rep_votes": 215891.0, "minority_pop": 78972.0, "dem_pct": 0.32069588299979362, "rep_pct": 0.6793041166855549 }, "geometry": { "type": "Polygon", "coordinates": [ [ [ -84.208290000002293, 40.31620400000287 ], [ -84.20878600000168, 40.368289000002953 ], [ -84.221199000002372, 40.380401000003062 ], [ -84.297559000002096, 40.379366000003088 ], [ -84.285062000002398, 40.359964000002513 ], [ -84.284164000001354, 40.329673000002892 ], [ -84.37172600000234, 40.328945000002932 ], [ -84.377885000001953, 40.325527000002488 ], [ -84.43461000000211, 40.325293000002553 ], [ -84.434631000001744, 40.354259000003168 ], [ -84.434387000001848, 40.354534000002957 ], [ -84.455418000002197, 40.35858900000283 ], [ -84.455276000001916, 40.422079000002789 ], [ -84.45521300000155, 40.429244000002974 ], [ -84.45516800000172, 40.436618000002795 ], [ -84.455029000001389, 40.451305000002542 ], [ -84.454982000001564, 40.465744000002765 ], [ -84.455149000002066, 40.480334000002955 ], [ -84.455141000001319, 40.516338000002769 ], [ -84.455617000002377, 40.553249000002808 ], [ -84.455713000002433, 40.56788800000259 ], [ -84.456037000002169, 40.626226000002745 ], [ -84.456071000001842, 40.640788000002935 ], [ -84.45618000000222, 40.684862000002646 ], [ -84.396778000001717, 40.68492600000306 ], [ -84.397189000002115, 40.786584000002414 ], [ -84.397374000001491, 40.815941000002852 ], [ -84.378678000001727, 40.815998000003027 ], [ -84.340101000001468, 40.816143000003109 ], [ -84.34024500000146, 40.828383000003065 ], [ -84.340252000001627, 40.82895300000262 ], [ -84.340305000001806, 40.833816000002692 ], [ -84.340390000001463, 40.842718000003018 ], [ -84.340381000002395, 40.845043000002939 ], [ -84.340415000002366, 40.849138000002483 ], [ -84.34053100000142, 40.859099000002914 ], [ -84.33436600000212, 40.859189000002381 ], [ -84.329623000002044, 40.859295000003229 ], [ -84.313068000002275, 40.859426000002415 ], [ -84.29550500000218, 40.859634000002963 ], [ -84.22486300000125, 40.860112000002495 ], [ -84.224850000002377, 40.859307000002623 ], [ -84.109586000002125, 40.860994000003075 ], [ -84.109516000002117, 40.904730000002864 ], [ -84.070163000001884, 40.904905000002763 ], [ -83.995165000002203, 40.905066000003025 ], [ -83.995228000001561, 40.919843000002984 ], [ -83.880423000001528, 40.920429000002422 ], [ -83.880408000002021, 40.90775200000278 ], [ -83.880402000001823, 40.905907000002969 ], [ -83.880395000001755, 40.901954000002426 ], [ -83.88030100000239, 40.881537000003121 ], [ -83.880063000001456, 40.81991900000321 ], [ -83.766305000001864, 40.819258000002485 ], [ -83.689584000001616, 40.81959100000298 ], [ -83.651426000001322, 40.81948700000293 ], [ -83.614405000001909, 40.819231000002823 ], [ -83.576564000001255, 40.818879000002902 ], [ -83.515883000002248, 40.818134000002523 ], [ -83.496296000002303, 40.817940000003141 ], [ -83.419126000001867, 40.817681000002835 ], [ -83.419887000001751, 40.730321000002533 ], [ -83.304456000002247, 40.730563000002697 ], [ -83.304687000002104, 40.702006000002783 ], [ -83.188262000002197, 40.702143000002557 ], [ -83.141571000002145, 40.702623000002873 ], [ -83.111360000001397, 40.702915000002911 ], [ -83.073247000002155, 40.702913000002695 ], [ -82.957773000002248, 40.703287000003066 ], [ -82.858302000001885, 40.70501900000319 ], [ -82.858197000002207, 40.71242300000263 ], [ -82.801512000002106, 40.712246000002921 ], [ -82.796631000002279, 40.712179000003118 ], [ -82.792592000001264, 40.71215700000262 ], [ -82.788254000001999, 40.712130000002944 ], [ -82.765021000001312, 40.711875000002749 ], [ -82.727164000002219, 40.711203000002477 ], [ -82.726751000001769, 40.749524000002914 ], [ -82.726617000001212, 40.756276000003226 ], [ -82.726431000001995, 40.7723180000024 ], [ -82.726254000001944, 40.784933000002603 ], [ -82.725689000002177, 40.814498000003191 ], [ -82.724955000002268, 40.843284000002406 ], [ -82.724526000002172, 40.901369000002617 ], [ -82.724521000002269, 40.901558000003071 ], [ -82.724792000002168, 40.99563800000238 ], [ -82.688134000001199, 40.995416000002407 ], [ -82.654745000001185, 40.994983000003138 ], [ -82.648876000001323, 40.994896000002704 ], [ -82.63059200000211, 40.99464000000313 ], [ -82.57191100000226, 40.994057000002798 ], [ -82.534181000001482, 40.993474000002806 ], [ -82.496595000001975, 40.993036000003038 ], [ -82.432852000002015, 40.992944000002517 ], [ -82.436911000002354, 41.065342000002886 ], [ -82.436916000001887, 41.065379000003226 ], [ -82.41708200000204, 41.065486000003034 ], [ -82.336496000002199, 41.065761000002439 ], [ -82.2703670000014, 41.065089000003219 ], [ -82.171492000002317, 41.063537000002512 ], [ -82.17254000000176, 41.027974000002907 ], [ -82.173359000001923, 40.992082000002995 ], [ -82.163310000001303, 40.992017000002789 ], [ -82.129334000002345, 40.991807000002723 ], [ -82.127900000001645, 40.900902000003285 ], [ -82.127423000002068, 40.900890000002413 ], [ -82.125211000001798, 40.871620000002721 ], [ -82.12688700000173, 40.813787000002961 ], [ -82.126234000001247, 40.726537000002587 ], [ -82.126428000001624, 40.726534000003085 ], [ -82.126196000001755, 40.668357000002537 ], [ -82.220672000001798, 40.667360000003093 ], [ -82.220964000001771, 40.645655000002563 ], [ -82.220662000001937, 40.627537000002718 ], [ -82.220433000001236, 40.59452400000265 ], [ -82.220268000002164, 40.568187000002894 ], [ -82.274904000001811, 40.561891000002653 ], [ -82.336962000002003, 40.555001000002825 ], [ -82.359612000002059, 40.552492000002957 ], [ -82.451630000001259, 40.550762000003026 ], [ -82.509111000002108, 40.550540000002933 ], [ -82.547395000001899, 40.550105000002489 ], [ -82.566497000001249, 40.550007000002992 ], [ -82.62360900000202, 40.549879000002989 ], [ -82.642796000001411, 40.550011000002442 ], [ -82.633181000002153, 40.523066000002792 ], [ -82.635713000001743, 40.492143000002677 ], [ -82.640813000001756, 40.417624000002959 ], [ -82.644151000001344, 40.375576000003058 ], [ -82.646503000001289, 40.345076000002415 ], [ -82.689700000001963, 40.347112000002426 ], [ -82.744931000002225, 40.349603000003093 ], [ -82.792687000001422, 40.351778000002454 ], [ -82.840240000001629, 40.354011000002949 ], [ -82.929588000002141, 40.35812300000277 ], [ -82.93555500000133, 40.285012000003285 ], [ -82.93555800000172, 40.284987000003198 ], [ -82.937105000002077, 40.266879000002426 ], [ -82.93723700000173, 40.26503600000256 ], [ -82.937353000001778, 40.263592000002788 ], [ -82.937833000002328, 40.257649000002687 ], [ -82.938110000002112, 40.254265000002619 ], [ -82.938303000001298, 40.251921000002852 ], [ -82.938507000002133, 40.249290000002958 ], [ -82.939772000001781, 40.233492000002826 ], [ -82.940739000001514, 40.221369000002539 ], [ -82.941648000002104, 40.209786000002509 ], [ -82.942748000002126, 40.1954930000025 ], [ -82.943077000001239, 40.191224000002578 ], [ -82.943807000001783, 40.18164100000331 ], [ -82.943947000001955, 40.179339000002578 ], [ -82.945517000001786, 40.15889600000326 ], [ -82.945631000001541, 40.157496000003185 ], [ -82.946289000001741, 40.149944000002762 ], [ -82.939756000002092, 40.149643000003238 ], [ -82.921197000002195, 40.151144000002418 ], [ -82.921779000001678, 40.146773000003158 ], [ -82.912770000001274, 40.146360000003185 ], [ -82.90154200000174, 40.145925000002656 ], [ -82.89803900000183, 40.144818000003241 ], [ -82.884448000001441, 40.137362000002902 ], [ -82.884101000002033, 40.131247000003157 ], [ -82.895360000002071, 40.131787000002696 ], [ -82.902840000001703, 40.132148000003092 ], [ -82.907790000001398, 40.132353000003 ], [ -82.914645000001229, 40.132641000002934 ], [ -82.917159000002087, 40.132745000003212 ], [ -82.925590000002003, 40.13309100000307 ], [ -82.928880000002138, 40.133228000002667 ], [ -82.947516000001457, 40.133976000002413 ], [ -82.950847000001573, 40.13410400000253 ], [ -82.970012000001745, 40.134881000003283 ], [ -82.970397000001952, 40.134897000002439 ], [ -82.970870000002165, 40.134917000002837 ], [ -82.971329000002228, 40.134934000003042 ], [ -82.98327700000236, 40.135417000003287 ], [ -82.99180900000195, 40.13576800000331 ], [ -83.004458000001918, 40.136305000002508 ], [ -83.005204000002081, 40.136336000003027 ], [ -83.010529000001583, 40.136516000002779 ], [ -83.011392000001763, 40.136554000002569 ], [ -83.011712000002063, 40.136562000002719 ], [ -83.011885000001755, 40.136565000002598 ], [ -83.014016000002343, 40.136644000002882 ], [ -83.017012000002367, 40.13674700000275 ], [ -83.031692000001613, 40.137296000003111 ], [ -83.037491000001964, 40.137434000002699 ], [ -83.041177000002307, 40.137561000002954 ], [ -83.057399000001936, 40.138051000003081 ], [ -83.063808000002041, 40.138282000002519 ], [ -83.072050000002349, 40.138564000003043 ], [ -83.080543000001313, 40.13888100000257 ], [ -83.089778000002369, 40.139212000002949 ], [ -83.100620000001683, 40.13957000000304 ], [ -83.119942000001515, 40.140181000003011 ], [ -83.127082000001707, 40.1405740000028 ], [ -83.137147000002287, 40.141045000002833 ], [ -83.152825000002167, 40.142092000002997 ], [ -83.163026000001977, 40.142464000002597 ], [ -83.169981000001258, 40.143087000002765 ], [ -83.169902000001542, 40.131022000003227 ], [ -83.170060000001669, 40.11855600000289 ], [ -83.17020800000175, 40.107073000002963 ], [ -83.191206000002282, 40.107428000002855 ], [ -83.191612000002223, 40.107437000002619 ], [ -83.2062730000019, 40.107733000002995 ], [ -83.215567000002238, 40.107929000003011 ], [ -83.239343000002108, 40.108260000002574 ], [ -83.245272000002245, 40.108369000003101 ], [ -83.258617000001578, 40.108662000002695 ], [ -83.262903000002026, 40.108756000003147 ], [ -83.278271000001595, 40.109207000002591 ], [ -83.279723000001923, 40.109235000002471 ], [ -83.28598100000147, 40.109293000003028 ], [ -83.292360000001366, 40.109379000002839 ], [ -83.382262000001504, 40.110314000002909 ], [ -83.392587000001541, 40.110405000002494 ], [ -83.503714000001523, 40.111468000002489 ], [ -83.511323000001823, 40.047400000002654 ], [ -83.516155000001675, 40.010188000002628 ], [ -83.591456000001841, 40.014154000002776 ], [ -83.604100000002134, 40.014780000002808 ], [ -83.67289700000174, 40.019096000003273 ], [ -83.691920000001872, 40.02005900000276 ], [ -83.730739000002345, 40.022535000003003 ], [ -83.807225000002262, 40.027342000002477 ], [ -83.86425500000216, 40.030437000002678 ], [ -83.883122000002189, 40.031197000003267 ], [ -83.921005000002296, 40.034058000002979 ], [ -83.97847200000173, 40.037460000002653 ], [ -84.036069000001476, 40.040182000002865 ], [ -84.031935000002235, 40.086072000002723 ], [ -84.029857000001485, 40.111431000003201 ], [ -84.028365000001372, 40.127862000003098 ], [ -84.022919000001409, 40.183945000003142 ], [ -84.021392000001327, 40.20061000000279 ], [ -84.016296000002157, 40.256626000003145 ], [ -84.014763000001565, 40.273459000002894 ], [ -84.010101000001598, 40.317600000002443 ], [ -84.041824000001554, 40.337280000003197 ], [ -84.068321000001475, 40.336742000002573 ], [ -84.095791000002265, 40.326032000002861 ], [ -84.123855000001797, 40.306655000002465 ], [ -84.131698000001492, 40.316822000002738 ], [ -84.131759000002305, 40.32597600000274 ], [ -84.15060900000131, 40.319125000003012 ], [ -84.161483000001809, 40.316535000002737 ], [ -84.170787000001567, 40.316537000003073 ], [ -84.208290000002293, 40.31620400000287 ] ] ] } },
{ "type": "Feature", "properties": { "enacted_district": 5, "population": 785258.0, "voting_age_pop": 611261.0, "dem_votes": 120989.0, "rep_votes": 192331.0, "minority_pop": 85370.0, "dem_pct": 0.38615153824008952, "rep_pct": 0.61384846144074801 }, "geometry": { "type": "Polygon", "coordinates": [ [ [ -84.803894000001435, 40.352758000003199 ], [ -84.804216000002199, 40.402458000002547 ], [ -84.803455000002373, 40.4653900000026 ], [ -84.802613000001983, 40.552943000002664 ], [ -84.802293000002237, 40.64048400000312 ], [ -84.802273000001335, 40.728146000003143 ], [ -84.802379000001352, 40.771651000003224 ], [ -84.802298000001286, 40.815104000002428 ], [ -84.802812000001467, 40.902248000002487 ], [ -84.803251000001424, 40.989394000002797 ], [ -84.803331000001634, 41.077480000002367 ], [ -84.803517000001975, 41.164053000002625 ], [ -84.803544000001438, 41.252562000002854 ], [ -84.689309000002325, 41.252443000002593 ], [ -84.572482000002196, 41.252788000002703 ], [ -84.457217000001592, 41.253485000002541 ], [ -84.45698800000217, 41.223964000002326 ], [ -84.457059000001507, 41.209434000002943 ], [ -84.437188000002024, 41.209176000002472 ], [ -84.341607000001744, 41.209060000002708 ], [ -84.341602000001615, 41.165524000002947 ], [ -84.228222000002347, 41.165862000003017 ], [ -84.227866000001697, 41.208063000003179 ], [ -84.227472000001555, 41.253176000003052 ], [ -84.227387000001471, 41.301280000002812 ], [ -84.227359000002238, 41.340494000002352 ], [ -84.228454000001719, 41.427810000002488 ], [ -84.341664000001913, 41.427568000002871 ], [ -84.341902000001326, 41.485519000002469 ], [ -84.311181000001454, 41.485757000003218 ], [ -84.306064000002166, 41.485715000003168 ], [ -84.267630000001432, 41.485805000003005 ], [ -84.228914000002405, 41.485581000002568 ], [ -84.191993000002114, 41.485793000002815 ], [ -84.114863000001975, 41.486304000003194 ], [ -84.114862000002418, 41.486009000003051 ], [ -83.999001000001471, 41.48676600000303 ], [ -83.882943000002172, 41.487543000002503 ], [ -83.882884000001383, 41.476740000003026 ], [ -83.883234000001934, 41.414503000002462 ], [ -83.873789000002034, 41.416227000002706 ], [ -83.854340000002352, 41.414445000003006 ], [ -83.845620000001432, 41.425028000002598 ], [ -83.820864000002416, 41.432198000002472 ], [ -83.780638000002213, 41.450152000002689 ], [ -83.773282000001998, 41.463616000002943 ], [ -83.748137000001435, 41.465852000002329 ], [ -83.728537000001538, 41.485952000003202 ], [ -83.684883000001818, 41.492291000003021 ], [ -83.684688000002211, 41.507106000002445 ], [ -83.659827000001854, 41.507589000002397 ], [ -83.646434000001463, 41.499959000002761 ], [ -83.64643500000156, 41.492683000002451 ], [ -83.646871000001681, 41.477875000003159 ], [ -83.590435000002074, 41.477899000002758 ], [ -83.531888000002098, 41.477738000002581 ], [ -83.528898000001774, 41.486250000002904 ], [ -83.528754000001243, 41.514642000002759 ], [ -83.433743000002096, 41.514877000002627 ], [ -83.414577000001543, 41.515001000002883 ], [ -83.414626000001803, 41.5002280000027 ], [ -83.414716000001363, 41.493260000002856 ], [ -83.415437000001532, 41.428029000003058 ], [ -83.415944000001375, 41.406405000002984 ], [ -83.417291000001697, 41.341281000003221 ], [ -83.418531000001749, 41.297592000002574 ], [ -83.419843000001933, 41.254003000002861 ], [ -83.302930000002263, 41.254211000002776 ], [ -83.197131000002116, 41.254356000003121 ], [ -83.187755000001331, 41.254913000002901 ], [ -83.072761000001634, 41.25688000000293 ], [ -83.064005000002084, 41.256841000002531 ], [ -83.062113000002014, 41.256822000003183 ], [ -83.042769000001655, 41.256591000002423 ], [ -83.033158000001947, 41.256437000003032 ], [ -83.012326000001877, 41.255911000002527 ], [ -82.95599600000223, 41.256029000002961 ], [ -82.840087000001247, 41.255337000003152 ], [ -82.840131000002302, 41.257004000002752 ], [ -82.840663000001513, 41.270427000002584 ], [ -82.840775000002026, 41.273669000002641 ], [ -82.841192000001882, 41.283462000003205 ], [ -82.841272000002121, 41.285652000002791 ], [ -82.841475000001466, 41.290023000003053 ], [ -82.823327000001242, 41.289534000002597 ], [ -82.742380000002271, 41.287926000002962 ], [ -82.742194000001973, 41.287923000002721 ], [ -82.642364000001464, 41.286474000003231 ], [ -82.642288000001429, 41.286474000002777 ], [ -82.623304000001937, 41.286230000003137 ], [ -82.612124000001472, 41.28632800000323 ], [ -82.596484000002349, 41.286301000003029 ], [ -82.561883000001544, 41.285971000002725 ], [ -82.542409000001825, 41.285684000002909 ], [ -82.442548000001636, 41.283874000002754 ], [ -82.399249000001475, 41.283989000003231 ], [ -82.342337000002232, 41.28424400000295 ], [ -82.345048000001484, 41.353479000002515 ], [ -82.345195000001823, 41.357165000002432 ], [ -82.346638000001747, 41.391388000002415 ], [ -82.346919000001918, 41.402177000002986 ], [ -82.347372000001243, 41.411475000003279 ], [ -82.347310000001855, 41.413208000002939 ], [ -82.347637000001768, 41.420421000002563 ], [ -82.347913000002308, 41.425009000003193 ], [ -82.348084000002316, 41.428568000002848 ], [ -82.337882000002296, 41.429875000003015 ], [ -82.283491000002257, 41.429429000002465 ], [ -82.252245000001878, 41.436850000002451 ], [ -82.233483000002209, 41.444134000003238 ], [ -82.226487000001285, 41.447707000002445 ], [ -82.199814000001169, 41.461778000003036 ], [ -82.189246000002015, 41.468507000003108 ], [ -82.186097000002206, 41.470272000003234 ], [ -82.182650000001445, 41.472536000003046 ], [ -82.154678000002235, 41.477563000002611 ], [ -82.145255000001811, 41.480417000002909 ], [ -82.130653000001317, 41.485087000003034 ], [ -82.113225000002075, 41.49038100000265 ], [ -82.090422000002221, 41.495699000003093 ], [ -82.066565000002313, 41.501599000002763 ], [ -82.046739000001907, 41.50680500000297 ], [ -82.007049000001331, 41.514969000002594 ], [ -81.98654100000131, 41.511228000002461 ], [ -81.975600000001364, 41.507504000003017 ], [ -81.968287000001894, 41.505189000002915 ], [ -81.969177000001579, 41.492684000002512 ], [ -81.969320000002128, 41.485427000002431 ], [ -81.969465000001634, 41.478017000003248 ], [ -81.96961000000114, 41.462457000002992 ], [ -81.969662000002174, 41.458050000002793 ], [ -81.969707000002344, 41.45081000000264 ], [ -81.969857000001497, 41.437502000002603 ], [ -81.969863000001979, 41.431253000002833 ], [ -81.969963000002281, 41.418913000003172 ], [ -81.969963000001798, 41.416927000003234 ], [ -81.970263000002319, 41.411045000002701 ], [ -81.970464000001641, 41.397307000002414 ], [ -81.970464000002281, 41.389837000002665 ], [ -81.970464000001968, 41.386748000002534 ], [ -81.970863000001728, 41.375413000003057 ], [ -81.970962000002032, 41.372518000002664 ], [ -81.970962000001364, 41.369718000002877 ], [ -81.971262000002213, 41.351268000003039 ], [ -81.954393000002256, 41.351162000003029 ], [ -81.937149000001384, 41.350992000002528 ], [ -81.935088000002182, 41.350973000002575 ], [ -81.922266000002224, 41.350874000002932 ], [ -81.917660000002229, 41.350854000002805 ], [ -81.905156000001838, 41.350802000002574 ], [ -81.884356000001603, 41.350729000003241 ], [ -81.876960000001617, 41.350685000002549 ], [ -81.877066000002159, 41.343557000002413 ], [ -81.877073000001914, 41.343020000002845 ], [ -81.877295000001382, 41.330625000002428 ], [ -81.877457000001158, 41.32205400000327 ], [ -81.877636000001232, 41.312445000002711 ], [ -81.877837000001406, 41.297182000002685 ], [ -81.878053000002126, 41.275044000002602 ], [ -81.914568000002291, 41.275471000002547 ], [ -81.972485000001342, 41.274829000003258 ], [ -81.974014000001475, 41.22195900000262 ], [ -81.973895000001264, 41.199831000003208 ], [ -82.023899000002061, 41.199836000003174 ], [ -82.072465000001273, 41.199850000003202 ], [ -82.074266000001586, 41.136456000002546 ], [ -82.169875000001412, 41.137097000002683 ], [ -82.171492000002317, 41.063537000002512 ], [ -82.2703670000014, 41.065089000003219 ], [ -82.336496000002199, 41.065761000002439 ], [ -82.41708200000204, 41.065486000003034 ], [ -82.436916000001887, 41.065379000003226 ], [ -82.436911000002354, 41.065342000002886 ], [ -82.432852000002015, 40.992944000002517 ], [ -82.496595000001975, 40.993036000003038 ], [ -82.534181000001482, 40.993474000002806 ], [ -82.57191100000226, 40.994057000002798 ], [ -82.63059200000211, 40.99464000000313 ], [ -82.648876000001323, 40.994896000002704 ], [ -82.654745000001185, 40.994983000003138 ], [ -82.688134000001199, 40.995416000002407 ], [ -82.724792000002168, 40.99563800000238 ], [ -82.724521000002269, 40.901558000003071 ], [ -82.724526000002172, 40.901369000002617 ], [ -82.724955000002268, 40.843284000002406 ], [ -82.725689000002177, 40.814498000003191 ], [ -82.726254000001944, 40.784933000002603 ], [ -82.726431000001995, 40.7723180000024 ], [ -82.726617000001212, 40.756276000003226 ], [ -82.726751000001769, 40.749524000002914 ], [ -82.727164000002219, 40.711203000002477 ], [ -82.765021000001312, 40.711875000002749 ], [ -82.788254000001999, 40.712130000002944 ], [ -82.792592000001264, 40.71215700000262 ], [ -82.796631000002279, 40.712179000003118 ], [ -82.801512000002106, 40.712246000002921 ], [ -82.858197000002207, 40.71242300000263 ], [ -82.858302000001885, 40.70501900000319 ], [ -82.957773000002248, 40.703287000003066 ], [ -83.073247000002155, 40.702913000002695 ], [ -83.111360000001397, 40.702915000002911 ], [ -83.141571000002145, 40.702623000002873 ], [ -83.188262000002197, 40.702143000002557 ], [ -83.304687000002104, 40.702006000002783 ], [ -83.304456000002247, 40.730563000002697 ], [ -83.419887000001751, 40.730321000002533 ], [ -83.419126000001867, 40.817681000002835 ], [ -83.496296000002303, 40.817940000003141 ], [ -83.515883000002248, 40.818134000002523 ], [ -83.576564000001255, 40.818879000002902 ], [ -83.614405000001909, 40.819231000002823 ], [ -83.651426000001322, 40.81948700000293 ], [ -83.689584000001616, 40.81959100000298 ], [ -83.766305000001864, 40.819258000002485 ], [ -83.880063000001456, 40.81991900000321 ], [ -83.88030100000239, 40.881537000003121 ], [ -83.880395000001755, 40.901954000002426 ], [ -83.880402000001823, 40.905907000002969 ], [ -83.880408000002021, 40.90775200000278 ], [ -83.880423000001528, 40.920429000002422 ], [ -83.995228000001561, 40.919843000002984 ], [ -83.995165000002203, 40.905066000003025 ], [ -84.070163000001884, 40.904905000002763 ], [ -84.109516000002117, 40.904730000002864 ], [ -84.109586000002125, 40.860994000003075 ], [ -84.224850000002377, 40.859307000002623 ], [ -84.22486300000125, 40.860112000002495 ], [ -84.29550500000218, 40.859634000002963 ], [ -84.313068000002275, 40.859426000002415 ], [ -84.329623000002044, 40.859295000003229 ], [ -84.33436600000212, 40.859189000002381 ], [ -84.34053100000142, 40.859099000002914 ], [ -84.340415000002366, 40.849138000002483 ], [ -84.340381000002395, 40.845043000002939 ], [ -84.340390000001463, 40.842718000003018 ], [ -84.340305000001806, 40.833816000002692 ], [ -84.340252000001627, 40.82895300000262 ], [ -84.34024500000146, 40.828383000003065 ], [ -84.340101000001468, 40.816143000003109 ], [ -84.378678000001727, 40.815998000003027 ], [ -84.397374000001491, 40.815941000002852 ], [ -84.397189000002115, 40.786584000002414 ], [ -84.396778000001717, 40.68492600000306 ], [ -84.45618000000222, 40.684862000002646 ], [ -84.456071000001842, 40.640788000002935 ], [ -84.456037000002169, 40.626226000002745 ], [ -84.455713000002433, 40.56788800000259 ], [ -84.455617000002377, 40.553249000002808 ], [ -84.455141000001319, 40.516338000002769 ], [ -84.455149000002066, 40.480334000002955 ], [ -84.454982000001564, 40.465744000002765 ], [ -84.455029000001389, 40.451305000002542 ], [ -84.45516800000172, 40.436618000002795 ], [ -84.45521300000155, 40.429244000002974 ], [ -84.455276000001916, 40.422079000002789 ], [ -84.455418000002197, 40.35858900000283 ], [ -84.434387000001848, 40.354534000002957 ], [ -84.434631000001744, 40.354259000003168 ], [ -84.495106000001968, 40.354155000002855 ], [ -84.515776000002106, 40.354037000003224 ], [ -84.571442000001667, 40.353457000003139 ], [ -84.61857600000144, 40.351728000002545 ], [ -84.632827000002422, 40.351747000002348 ], [ -84.690853000001255, 40.351966000002392 ], [ -84.709858000002129, 40.352067000002698 ], [ -84.803894000001435, 40.352758000003199 ] ] ] } },
{ "type": "Feature", "properties": { "enacted_district": 6, "population": 785964.0, "voting_age_pop": 628124.0, "dem_votes": 129756.0, "rep_votes": 192390.0, "minority_pop": 79324.0, "dem_pct": 0.40278631415482846, "rep_pct": 0.59721368553475329 }, "geometry": { "type": "MultiPolygon", "coordinates": [ [ [ [ -81.816614000001863, 39.302058000003086 ], [ -81.834635000001526, 39.317563000002643 ], [ -81.853668000001548, 39.318165000002686 ], [ -81.850299000002039, 39.362315000003008 ], [ -81.844863000002249, 39.450216000003202 ], [ -81.825757000002014, 39.449172000003273 ], [ -81.823158000001897, 39.494072000002667 ], [ -81.765948000001771, 39.488723000003134 ], [ -81.760955000002298, 39.482773000003334 ], [ -81.708527000001382, 39.480775000003057 ], [ -81.707997000002266, 39.489321000003002 ], [ -81.706138000001985, 39.513515000002812 ], [ -81.705075000002054, 39.530990000002618 ], [ -81.72221700000172, 39.531550000003108 ], [ -81.723511000001963, 39.547608000002697 ], [ -81.714447000002025, 39.584236000002605 ], [ -81.688930000001335, 39.590486000002805 ], [ -81.676791000001572, 39.590102000002489 ], [ -81.58818500000136, 39.586973000003297 ], [ -81.586132000001243, 39.663993000002478 ], [ -81.643200000001343, 39.665681000003318 ], [ -81.63988600000134, 39.753420000003047 ], [ -81.697442000001445, 39.755572000002502 ], [ -81.694146000002235, 39.842636000002926 ], [ -81.599162000001485, 39.839738000003308 ], [ -81.58031300000151, 39.839104000003168 ], [ -81.579449000001532, 39.86868400000278 ], [ -81.578590000001896, 39.897683000002566 ], [ -81.492462000002064, 39.895261000002492 ], [ -81.46410800000163, 39.894550000002624 ], [ -81.462750000001577, 39.923500000003123 ], [ -81.386789000001315, 39.92133000000274 ], [ -81.386006000001188, 39.950694000003161 ], [ -81.367125000001408, 39.950324000002603 ], [ -81.320250000001948, 39.953153000003013 ], [ -81.234053000001936, 39.951270000002708 ], [ -81.234026000002117, 39.953498000003137 ], [ -81.231910000001335, 40.010453000002506 ], [ -81.230659000001722, 40.039474000002912 ], [ -81.229197000001506, 40.082377000002772 ], [ -81.227535000001467, 40.128409000002698 ], [ -81.22592400000174, 40.170075000002598 ], [ -81.339565000001372, 40.171999000002579 ], [ -81.338057000001456, 40.214253000002508 ], [ -81.337524000001721, 40.229877000002972 ], [ -81.335389000001129, 40.288189000002824 ], [ -81.334601000002223, 40.304316000002622 ], [ -81.275319000001232, 40.303434000003101 ], [ -81.274142000001376, 40.332632000002775 ], [ -81.333290000002151, 40.33394300000321 ], [ -81.351650000001612, 40.346670000002554 ], [ -81.3510980000014, 40.361373000003312 ], [ -81.37897200000225, 40.36225700000336 ], [ -81.416110000001439, 40.363929000002472 ], [ -81.420531000002256, 40.36871200000266 ], [ -81.445378000001156, 40.373192000002668 ], [ -81.46395900000222, 40.373658000002592 ], [ -81.461798000001451, 40.401245000003307 ], [ -81.480898000001261, 40.402016000003066 ], [ -81.507718000001731, 40.403011000003247 ], [ -81.518185000001338, 40.426322000002742 ], [ -81.566065000001231, 40.427329000003063 ], [ -81.563411000001381, 40.477973000002528 ], [ -81.483465000002198, 40.478558000002614 ], [ -81.479501000001392, 40.490463000003238 ], [ -81.480635000001143, 40.497630000003134 ], [ -81.489542000001833, 40.521105000003239 ], [ -81.497010000001495, 40.527530000002791 ], [ -81.49015300000184, 40.526949000002944 ], [ -81.493199000001965, 40.532516000002737 ], [ -81.505740000001765, 40.562212000002908 ], [ -81.51189000000133, 40.571731000002494 ], [ -81.511387000002074, 40.583388000003069 ], [ -81.508912000001374, 40.65060700000295 ], [ -81.553957000001731, 40.645330000003241 ], [ -81.577953000001571, 40.642764000003055 ], [ -81.649110000002281, 40.634525000003094 ], [ -81.65002600000129, 40.667774000002545 ], [ -81.649524000001691, 40.702774000002854 ], [ -81.64920800000192, 40.726452000002638 ], [ -81.648970000002166, 40.736863000002664 ], [ -81.547992000001372, 40.733493000002497 ], [ -81.546513000001312, 40.756862000002691 ], [ -81.532385000002208, 40.753826000003002 ], [ -81.538878000002057, 40.733209000002653 ], [ -81.530705000002271, 40.724707000002994 ], [ -81.53031100000166, 40.727553000002494 ], [ -81.528029000001808, 40.732857000003172 ], [ -81.520036000001269, 40.732590000003128 ], [ -81.519806000001481, 40.733002000002998 ], [ -81.517209000002225, 40.743313000002431 ], [ -81.51720500000151, 40.743476000002893 ], [ -81.527540000001551, 40.747627000002829 ], [ -81.533943000001372, 40.763957000003181 ], [ -81.51809100000149, 40.775375000003081 ], [ -81.522594000002101, 40.78780000000252 ], [ -81.525674000001331, 40.791731000002514 ], [ -81.527974000002146, 40.795084000002802 ], [ -81.523647000001972, 40.805401000002945 ], [ -81.518682000001277, 40.805253000003091 ], [ -81.514805000001417, 40.798854000003253 ], [ -81.516686000001229, 40.79228000000294 ], [ -81.504956000001442, 40.788765000002726 ], [ -81.503153000001348, 40.800597000002632 ], [ -81.49376200000215, 40.803159000003063 ], [ -81.48420000000219, 40.802854000003215 ], [ -81.484140000002029, 40.803951000003245 ], [ -81.483869000001334, 40.808770000002539 ], [ -81.49811300000141, 40.809307000003223 ], [ -81.493068000001145, 40.820531000002489 ], [ -81.483097000001649, 40.820275000002816 ], [ -81.466542000002192, 40.8196480000029 ], [ -81.441935000001195, 40.818905000003006 ], [ -81.436998000001594, 40.818664000002578 ], [ -81.434722000001742, 40.818550000003199 ], [ -81.429902000002201, 40.81845100000281 ], [ -81.425055000001578, 40.81824800000318 ], [ -81.425914000001811, 40.803410000002934 ], [ -81.426340000001829, 40.796328000002461 ], [ -81.427514000001423, 40.796186000003082 ], [ -81.426752000001244, 40.788847000002633 ], [ -81.427550000001744, 40.775686000002672 ], [ -81.428820000001949, 40.751910000002574 ], [ -81.428829000001713, 40.751791000003301 ], [ -81.429290000001572, 40.744242000003261 ], [ -81.430172000001704, 40.729586000002755 ], [ -81.383093000001722, 40.728272000003059 ], [ -81.399444000001466, 40.735609000003066 ], [ -81.398277000001315, 40.750816000003041 ], [ -81.397884000001469, 40.758103000002549 ], [ -81.397872000001172, 40.758325000002955 ], [ -81.397556000001913, 40.765371000002865 ], [ -81.383281000001404, 40.767941000003262 ], [ -81.36975300000131, 40.776793000002506 ], [ -81.360251000001426, 40.771872000002958 ], [ -81.349811000001438, 40.784538000002868 ], [ -81.310976000001688, 40.781147000002719 ], [ -81.306871000001664, 40.777059000002843 ], [ -81.290460000001445, 40.772758000002703 ], [ -81.284835000001678, 40.77998700000277 ], [ -81.298223000001997, 40.784096000002982 ], [ -81.310813000001332, 40.78496300000252 ], [ -81.343157000001156, 40.790789000002569 ], [ -81.324874000001273, 40.800800000002965 ], [ -81.309316000001132, 40.80992100000288 ], [ -81.309037000001126, 40.814490000003175 ], [ -81.308243000002008, 40.82912500000316 ], [ -81.301297000001227, 40.843824000002762 ], [ -81.307273000001672, 40.847129000003306 ], [ -81.306779000001811, 40.855352000002902 ], [ -81.306280000002033, 40.866190000002852 ], [ -81.305902000002291, 40.873520000002848 ], [ -81.305364000001234, 40.883676000002502 ], [ -81.304363000002084, 40.903090000002827 ], [ -81.302356000001126, 40.942129000002893 ], [ -81.301659000001834, 40.954422000003319 ], [ -81.300775000001551, 40.969472000003215 ], [ -81.299767000001225, 40.988511000002859 ], [ -81.249390000001398, 40.988359000003314 ], [ -81.233971000001858, 40.988257000003259 ], [ -81.195679000002116, 40.988205000002779 ], [ -81.183849000001885, 40.98820800000302 ], [ -81.14799500000187, 40.98821900000295 ], [ -81.144297000001558, 40.988214000002571 ], [ -81.098820000002021, 40.98807400000301 ], [ -81.086312000002266, 40.988031000003154 ], [ -81.001695000001419, 40.987783000002509 ], [ -81.001920000001817, 41.021698000003163 ], [ -81.002360000001971, 41.062093000002861 ], [ -81.002405000002241, 41.098669000002694 ], [ -81.002290000001352, 41.134189000002998 ], [ -80.905972000001611, 41.134388000003042 ], [ -80.81116300000113, 41.134226000003089 ], [ -80.778336000001104, 41.134069000002498 ], [ -80.768742000001168, 41.134095000002638 ], [ -80.753549000001641, 41.134067000002972 ], [ -80.752521000002034, 41.13406000000289 ], [ -80.738265000001874, 41.133985000002703 ], [ -80.711149000001598, 41.133902000002848 ], [ -80.673411000001437, 41.133684000003157 ], [ -80.665491000001765, 41.133665000002949 ], [ -80.660311000001855, 41.133660000002507 ], [ -80.651649000001086, 41.133577000003129 ], [ -80.645351000001185, 41.133537000002669 ], [ -80.635334000001123, 41.133502000002522 ], [ -80.616847000001897, 41.133360000002696 ], [ -80.611891000001407, 41.133457000002835 ], [ -80.587470000001645, 41.133358000003305 ], [ -80.569098000001858, 41.133317000002769 ], [ -80.519048000002101, 41.133394000002461 ], [ -80.519026000002, 41.090677000002785 ], [ -80.51896000000113, 41.061546000003325 ], [ -80.519099000002171, 41.032796000002712 ], [ -80.519094000001317, 41.024029000002834 ], [ -80.519008000001818, 41.010726000002542 ], [ -80.519000000001498, 40.987380000002837 ], [ -80.519002000001294, 40.953362000003033 ], [ -80.519150000001588, 40.900326000003353 ], [ -80.519093000002073, 40.850103000002662 ], [ -80.519108000001324, 40.81286900000282 ], [ -80.51905600000218, 40.774802000002765 ], [ -80.518940000002161, 40.725822000002886 ], [ -80.51896400000183, 40.688559000003046 ], [ -80.518989000002108, 40.654089000002557 ], [ -80.518990000001907, 40.643044000003343 ], [ -80.548107000001863, 40.629260000002994 ], [ -80.563761000001591, 40.621180000003321 ], [ -80.575146000002164, 40.614608000002598 ], [ -80.589039000002089, 40.620111000002701 ], [ -80.598764000001552, 40.625263000002654 ], [ -80.632563000001184, 40.617199000002991 ], [ -80.643219000001309, 40.606220000003326 ], [ -80.65314000000221, 40.597872000002575 ], [ -80.667957000001124, 40.582496000002578 ], [ -80.623379000001378, 40.523617000003128 ], [ -80.618003000001693, 40.502049000003133 ], [ -80.599574000001553, 40.482914000002587 ], [ -80.595337000001535, 40.467279000003266 ], [ -80.59671000000111, 40.46160300000296 ], [ -80.600062000001301, 40.455456000002506 ], [ -80.611352000002185, 40.437060000002575 ], [ -80.612349000001373, 40.42666000000284 ], [ -80.612325000001832, 40.402762000002532 ], [ -80.631538000001598, 40.385972000003115 ], [ -80.609686000001176, 40.374950000003331 ], [ -80.610256000001399, 40.358546000003102 ], [ -80.611795000002076, 40.355169000003087 ], [ -80.610796000001542, 40.340868000002793 ], [ -80.602895000001936, 40.327868000002901 ], [ -80.607385000001557, 40.302727000003202 ], [ -80.614978000001301, 40.291589000002652 ], [ -80.616209000001476, 40.272271000003357 ], [ -80.635716000001551, 40.254988000003287 ], [ -80.661540000001366, 40.229812000003129 ], [ -80.668083000001957, 40.199689000003055 ], [ -80.67905500000218, 40.186831000002805 ], [ -80.687480000001869, 40.179568000003194 ], [ -80.700017000002191, 40.161647000003178 ], [ -80.702750000001942, 40.157249000002849 ], [ -80.71005500000112, 40.137584000002882 ], [ -80.707102000002067, 40.110851000003237 ], [ -80.71542200000215, 40.095934000002885 ], [ -80.721213000001413, 40.092600000003166 ], [ -80.726032000002249, 40.089932000002982 ], [ -80.733028000001127, 40.084537000002911 ], [ -80.737316000001158, 40.064584000002654 ], [ -80.732542000001345, 40.055871000002767 ], [ -80.732258000002091, 40.0500740000031 ], [ -80.738471000001653, 40.019792000002695 ], [ -80.741328000001815, 40.012329000002808 ], [ -80.739716000002062, 39.991400000002848 ], [ -80.739834000002205, 39.977125000003355 ], [ -80.74085800000158, 39.973528000002602 ], [ -80.75306700000182, 39.962743000002966 ], [ -80.762987000002269, 39.953785000002703 ], [ -80.7612660000012, 39.929974000003135 ], [ -80.770801000002166, 39.910350000002772 ], [ -80.795598000002244, 39.91971700000294 ], [ -80.80786800000206, 39.914512000002901 ], [ -80.809565000001413, 39.905658000003321 ], [ -80.791235000002104, 39.875075000002525 ], [ -80.801086000001462, 39.858438000003275 ], [ -80.821279000001965, 39.849982000003159 ], [ -80.824770000001365, 39.803100000003099 ], [ -80.860583000001228, 39.776912000002817 ], [ -80.869933000001154, 39.763555000003166 ], [ -80.831479000001266, 39.719094000002841 ], [ -80.833882000001509, 39.703497000002621 ], [ -80.865805000001174, 39.686484000003304 ], [ -80.870859000001659, 39.640080000002776 ], [ -80.880360000001772, 39.620706000003409 ], [ -80.917620000002017, 39.618703000002817 ], [ -80.9481240000014, 39.604006000002784 ], [ -81.038712000001979, 39.539886000002646 ], [ -81.092434000002115, 39.496075000002939 ], [ -81.134434000001932, 39.445075000003307 ], [ -81.147542000002048, 39.443311000002758 ], [ -81.182307000001686, 39.433533000002974 ], [ -81.210833000001216, 39.403563000002869 ], [ -81.211654000001147, 39.392977000003327 ], [ -81.268421000001368, 39.386318000002625 ], [ -81.295375000001115, 39.375292000003014 ], [ -81.344927000001732, 39.346794000002809 ], [ -81.364416000001697, 39.342442000002592 ], [ -81.38455600000151, 39.343449000002686 ], [ -81.402770000002079, 39.376914000003268 ], [ -81.417471000001953, 39.398255000003346 ], [ -81.427298000001798, 39.404506000003202 ], [ -81.42951800000192, 39.405735000002799 ], [ -81.446543000001583, 39.410374000002783 ], [ -81.456143000001944, 39.40927400000291 ], [ -81.46773500000144, 39.403779000002586 ], [ -81.480997000001679, 39.391869000002643 ], [ -81.498789000002162, 39.376122000003377 ], [ -81.542346000001629, 39.352874000002522 ], [ -81.559111000001494, 39.332970000002597 ], [ -81.562231000001873, 39.308010000003037 ], [ -81.565047000001655, 39.288174000003067 ], [ -81.56557300000118, 39.275275000002821 ], [ -81.570247000002169, 39.267675000002953 ], [ -81.59984800000187, 39.274635000003052 ], [ -81.639401000001243, 39.276363000002803 ], [ -81.677595000001247, 39.274171000002511 ], [ -81.688927000001399, 39.266510000003258 ], [ -81.69662000000173, 39.256139000002719 ], [ -81.69133900000169, 39.227947000002771 ], [ -81.725622000002033, 39.215905000003268 ], [ -81.721810000001213, 39.269568000003098 ], [ -81.769158000001894, 39.271071000002649 ], [ -81.81836100000163, 39.272581000003044 ], [ -81.816614000001863, 39.302058000003086 ] ] ], [ [ [ -81.528653000001313, 40.813698000003015 ], [ -81.543239000001364, 40.807173000002933 ], [ -81.542370000002236, 40.822281000002526 ], [ -81.525298000001442, 40.821709000002521 ], [ -81.522886000002032, 40.821624000002735 ], [ -81.520700000001384, 40.819361000002857 ], [ -81.528653000001313, 40.813698000003015 ] ] ], [ [ [ -81.33853400000163, 40.808283000002447 ], [ -81.335717000002248, 40.811339000002526 ], [ -81.32582600000201, 40.815014000002883 ], [ -81.321178000001282, 40.815019000002543 ], [ -81.33853400000163, 40.808283000002447 ] ] ] ] } },
{ "type": "Feature", "properties": { "enacted_district": 7, "population": 783999.0, "voting_age_pop": 622024.0, "dem_votes": 155862.0, "rep_votes": 186942.0, "minority_pop": 74459.0, "dem_pct": 0.45466797340326603, "rep_pct": 0.54533202630502209 }, "geometry": { "type": "Polygon", "coordinates": [ [ [ -82.220662000001937, 40.627537000002718 ], [ -82.220964000001771, 40.645655000002563 ], [ -82.220672000001798, 40.667360000003093 ], [ -82.126196000001755, 40.668357000002537 ], [ -82.126428000001624, 40.726534000003085 ], [ -82.126234000001247, 40.726537000002587 ], [ -82.12688700000173, 40.813787000002961 ], [ -82.125211000001798, 40.871620000002721 ], [ -82.127423000002068, 40.900890000002413 ], [ -82.127900000001645, 40.900902000003285 ], [ -82.129334000002345, 40.991807000002723 ], [ -82.163310000001303, 40.992017000002789 ], [ -82.173359000001923, 40.992082000002995 ], [ -82.17254000000176, 41.027974000002907 ], [ -82.171492000002317, 41.063537000002512 ], [ -82.169875000001412, 41.137097000002683 ], [ -82.074266000001586, 41.136456000002546 ], [ -82.072465000001273, 41.199850000003202 ], [ -82.023899000002061, 41.199836000003174 ], [ -81.973895000001264, 41.199831000003208 ], [ -81.974014000001475, 41.22195900000262 ], [ -81.972485000001342, 41.274829000003258 ], [ -81.914568000002291, 41.275471000002547 ], [ -81.878053000002126, 41.275044000002602 ], [ -81.877837000001406, 41.297182000002685 ], [ -81.877636000001232, 41.312445000002711 ], [ -81.877457000001158, 41.32205400000327 ], [ -81.877295000001382, 41.330625000002428 ], [ -81.877073000001914, 41.343020000002845 ], [ -81.877066000002159, 41.343557000002413 ], [ -81.876960000001617, 41.350685000002549 ], [ -81.884356000001603, 41.350729000003241 ], [ -81.905156000001838, 41.350802000002574 ], [ -81.917660000002229, 41.350854000002805 ], [ -81.922266000002224, 41.350874000002932 ], [ -81.935088000002182, 41.350973000002575 ], [ -81.937149000001384, 41.350992000002528 ], [ -81.954393000002256, 41.351162000003029 ], [ -81.971262000002213, 41.351268000003039 ], [ -81.970962000001364, 41.369718000002877 ], [ -81.970962000002032, 41.372518000002664 ], [ -81.970863000001728, 41.375413000003057 ], [ -81.970464000001968, 41.386748000002534 ], [ -81.970464000002281, 41.389837000002665 ], [ -81.970464000001641, 41.397307000002414 ], [ -81.970263000002319, 41.411045000002701 ], [ -81.969963000001798, 41.416927000003234 ], [ -81.969963000002281, 41.418913000003172 ], [ -81.969863000001979, 41.431253000002833 ], [ -81.969857000001497, 41.437502000002603 ], [ -81.969707000002344, 41.45081000000264 ], [ -81.969662000002174, 41.458050000002793 ], [ -81.96961000000114, 41.462457000002992 ], [ -81.969465000001634, 41.478017000003248 ], [ -81.969320000002128, 41.485427000002431 ], [ -81.969177000001579, 41.492684000002512 ], [ -81.968287000001894, 41.505189000002915 ], [ -81.953877000001157, 41.505485000002608 ], [ -81.930008000001166, 41.498634000002468 ], [ -81.907516000001252, 41.494973000002751 ], [ -81.886537000002008, 41.491479000002819 ], [ -81.873800000001253, 41.489473000003194 ], [ -81.86055500000117, 41.492006000003279 ], [ -81.852034000002064, 41.493488000003069 ], [ -81.843982000001134, 41.494593000003043 ], [ -81.831575000001607, 41.48486800000282 ], [ -81.83188500000233, 41.482373000002767 ], [ -81.833234000002079, 41.477050000002421 ], [ -81.827639000001724, 41.477708000003169 ], [ -81.824144000001795, 41.471804000002606 ], [ -81.837258000001825, 41.463447000002517 ], [ -81.831958000001691, 41.463248000002949 ], [ -81.832143000001196, 41.46465100000254 ], [ -81.82212900000232, 41.460115000002894 ], [ -81.823294000001923, 41.453627000002378 ], [ -81.82478300000146, 41.451570000002754 ], [ -81.829664000001415, 41.443135000002663 ], [ -81.832270000001884, 41.440497000002772 ], [ -81.845284000001996, 41.437708000002537 ], [ -81.853466000001987, 41.430441000002723 ], [ -81.855035000001237, 41.424182000002403 ], [ -81.855950000001457, 41.419033000002919 ], [ -81.869059000001911, 41.403048000003103 ], [ -81.84267200000221, 41.39783400000286 ], [ -81.836853000002193, 41.404633000002462 ], [ -81.824462000001915, 41.418676000003153 ], [ -81.823278000001423, 41.419886000002812 ], [ -81.802441000001707, 41.419759000002877 ], [ -81.78094000000209, 41.418450000002515 ], [ -81.769527000002114, 41.418406000002641 ], [ -81.76941000000167, 41.428374000002734 ], [ -81.769171000001791, 41.441227000002918 ], [ -81.769159000001949, 41.44185700000267 ], [ -81.766798000001572, 41.446590000003056 ], [ -81.763746000001902, 41.448812000003109 ], [ -81.763945000001826, 41.444977000002559 ], [ -81.759417000001392, 41.44843700000294 ], [ -81.74846200000178, 41.455616000003275 ], [ -81.738583000001753, 41.462525000003261 ], [ -81.738188000001955, 41.458890000002881 ], [ -81.735262000001882, 41.443400000003066 ], [ -81.735277000001844, 41.441677000002429 ], [ -81.732778000002199, 41.439965000002729 ], [ -81.728576000001794, 41.430336000002583 ], [ -81.734366000001614, 41.423839000002793 ], [ -81.734353000001448, 41.421181000003251 ], [ -81.734437000001662, 41.418637000002789 ], [ -81.728100000002073, 41.418703000003106 ], [ -81.719494000001987, 41.418764000003293 ], [ -81.710209000001143, 41.418908000002745 ], [ -81.698525000002121, 41.419135000003088 ], [ -81.695117000001474, 41.419184000003 ], [ -81.68546500000231, 41.419415000003262 ], [ -81.679733000002287, 41.422091000003149 ], [ -81.666123000001775, 41.432849000002477 ], [ -81.651956000002258, 41.419236000002904 ], [ -81.640575000001945, 41.415481000002842 ], [ -81.638124000001611, 41.417499000003296 ], [ -81.627004000001776, 41.415121000003261 ], [ -81.602411000002093, 41.396674000002712 ], [ -81.586032000001268, 41.385930000002602 ], [ -81.584745000001604, 41.384553000003002 ], [ -81.565585000001533, 41.387459000003176 ], [ -81.546825000001533, 41.387393000002795 ], [ -81.536722000001973, 41.384509000003064 ], [ -81.526812000002053, 41.372788000003091 ], [ -81.508176000001711, 41.380074000003155 ], [ -81.508188000001155, 41.372719000002554 ], [ -81.494542000001331, 41.384897000003264 ], [ -81.494542000001971, 41.384974000002707 ], [ -81.494597000001505, 41.402101000002894 ], [ -81.488840000001176, 41.402069000003287 ], [ -81.488629000002263, 41.416652000002479 ], [ -81.488322000001418, 41.424269000002717 ], [ -81.452535000002172, 41.4244920000029 ], [ -81.450469000001831, 41.42447800000253 ], [ -81.42833700000125, 41.424753000002568 ], [ -81.403825000001632, 41.422068000003279 ], [ -81.391833000001796, 41.41585300000289 ], [ -81.391907000001567, 41.406177000003112 ], [ -81.391934000001342, 41.401853000002475 ], [ -81.391881000001504, 41.386627000003109 ], [ -81.391761000001807, 41.361957000002619 ], [ -81.391694000001806, 41.348272000003007 ], [ -81.399585000002247, 41.348573000003057 ], [ -81.411801000002257, 41.348694000002645 ], [ -81.41901200000197, 41.348753000002709 ], [ -81.431055000001123, 41.34889100000261 ], [ -81.44005300000137, 41.349051000002483 ], [ -81.450331000001327, 41.349148000002941 ], [ -81.461254000002285, 41.349342000002949 ], [ -81.473100000001381, 41.349634000002709 ], [ -81.481443000001548, 41.34969500000286 ], [ -81.488988000001896, 41.349753000002643 ], [ -81.509045000001421, 41.350054000002757 ], [ -81.517658000001632, 41.350154000002725 ], [ -81.518851000001717, 41.350162000003017 ], [ -81.526619000001418, 41.350484000002893 ], [ -81.536077000001242, 41.350614000002672 ], [ -81.558352000002159, 41.350820000002479 ], [ -81.570600000001491, 41.350925000002661 ], [ -81.585249000001269, 41.351088000003053 ], [ -81.59222100000126, 41.351132000003027 ], [ -81.598052000002127, 41.351157000002985 ], [ -81.588099000001918, 41.342651000002498 ], [ -81.587335000001758, 41.321306000003148 ], [ -81.565139000001722, 41.277758000002912 ], [ -81.590542000001449, 41.277554000003086 ], [ -81.610073000002302, 41.277501000002708 ], [ -81.627354000001418, 41.277544000002649 ], [ -81.637849000001353, 41.27748100000268 ], [ -81.670199000001389, 41.277256000002929 ], [ -81.67812800000118, 41.277181000003253 ], [ -81.684950000002132, 41.277146000003114 ], [ -81.685180000002234, 41.261031000002731 ], [ -81.68565400000179, 41.210074000003118 ], [ -81.685646000001711, 41.202132000002429 ], [ -81.686046000001895, 41.188318000002532 ], [ -81.686500000001203, 41.161930000003267 ], [ -81.686990000001543, 41.135956000002643 ], [ -81.687051000001802, 41.127962000003038 ], [ -81.687161000002092, 41.120124000002541 ], [ -81.687292000001335, 41.110548000003185 ], [ -81.687391000002165, 41.099410000002955 ], [ -81.687624000001421, 41.062154000002955 ], [ -81.687724000001154, 41.041934000003153 ], [ -81.687740000001497, 41.039266000002932 ], [ -81.687743000002101, 41.038905000003197 ], [ -81.687801000001954, 41.025663000002723 ], [ -81.687943000001823, 41.015246000003302 ], [ -81.688491000001278, 40.988590000002873 ], [ -81.647661000001818, 40.987259000002474 ], [ -81.647675000001655, 40.970322000002675 ], [ -81.64764000000153, 40.960481000003114 ], [ -81.647667000002187, 40.958119000003315 ], [ -81.647727000001581, 40.943399000003282 ], [ -81.647757000002173, 40.937332000002492 ], [ -81.64773500000183, 40.914016000003194 ], [ -81.647695000002301, 40.902264000002845 ], [ -81.647859000002171, 40.853981000003216 ], [ -81.647991000001767, 40.825776000002627 ], [ -81.648049000002246, 40.814371000002453 ], [ -81.648123000002016, 40.804923000002681 ], [ -81.648123000001263, 40.804623000003197 ], [ -81.648233000001852, 40.777655000003108 ], [ -81.648235000001549, 40.776376000003282 ], [ -81.648970000002166, 40.736863000002664 ], [ -81.64920800000192, 40.726452000002638 ], [ -81.649524000001691, 40.702774000002854 ], [ -81.65002600000129, 40.667774000002545 ], [ -81.765051000001279, 40.66778000000329 ], [ -81.765052000002044, 40.668028000003105 ], [ -81.876906000001682, 40.667341000002658 ], [ -81.877219000001901, 40.66719300000257 ], [ -81.87828300000227, 40.595841000002686 ], [ -81.965877000001527, 40.597487000003234 ], [ -81.981278000001694, 40.595772000002739 ], [ -81.996031000001182, 40.594789000002613 ], [ -82.081058000002287, 40.594975000002833 ], [ -82.106416000001701, 40.59527500000295 ], [ -82.220433000001236, 40.59452400000265 ], [ -82.220662000001937, 40.627537000002718 ] ] ] } },
{ "type": "Feature", "properties": { "enacted_district": 8, "population": 787435.0, "voting_age_pop": 604414.0, "dem_votes": 121968.0, "rep_votes": 204140.0, "minority_pop": 136381.0, "dem_pct": 0.37401106370465886, "rep_pct": 0.62598893598869421 }, "geometry": { "type": "Polygon", "coordinates": [ [ [ -84.784484000002294, 39.11771900000285 ], [ -84.820155000001421, 39.105419000002918 ], [ -84.820076000002359, 39.119978000002419 ], [ -84.820146000001628, 39.218401000002729 ], [ -84.820076000001634, 39.248801000002757 ], [ -84.819995000001555, 39.255184000002949 ], [ -84.819622000002369, 39.270126000002989 ], [ -84.819450000002334, 39.305153000002392 ], [ -84.818259000001433, 39.367910000003 ], [ -84.817647000002381, 39.391816000003047 ], [ -84.816116000001699, 39.477342000002452 ], [ -84.815591000001788, 39.508417000002815 ], [ -84.815055000002161, 39.564718000003225 ], [ -84.814934000002069, 39.567714000002496 ], [ -84.814790000001665, 39.615964000002528 ], [ -84.814585000001699, 39.65584500000287 ], [ -84.814375000001547, 39.743561000003247 ], [ -84.813819000001516, 39.828655000002371 ], [ -84.813603000001905, 39.850197000002424 ], [ -84.812410000001861, 39.916915000003186 ], [ -84.810825000002296, 40.005077000002544 ], [ -84.808916000001474, 40.092644000002686 ], [ -84.806523000002358, 40.179298000003222 ], [ -84.806169000002171, 40.191080000002579 ], [ -84.805740000001521, 40.208804000002424 ], [ -84.804368000001929, 40.26741900000237 ], [ -84.803894000001435, 40.352758000003199 ], [ -84.709858000002129, 40.352067000002698 ], [ -84.690853000001255, 40.351966000002392 ], [ -84.632827000002422, 40.351747000002348 ], [ -84.61857600000144, 40.351728000002545 ], [ -84.571442000001667, 40.353457000003139 ], [ -84.515776000002106, 40.354037000003224 ], [ -84.495106000001968, 40.354155000002855 ], [ -84.434631000001744, 40.354259000003168 ], [ -84.43461000000211, 40.325293000002553 ], [ -84.433959000002062, 40.270149000002725 ], [ -84.432575000001748, 40.197037000002886 ], [ -84.436332000001414, 40.180801000003243 ], [ -84.431157000001491, 40.141209000002959 ], [ -84.430680000001544, 40.122877000002639 ], [ -84.429860000001796, 40.094449000002534 ], [ -84.373130000002234, 40.095068000003188 ], [ -84.316040000001692, 40.095819000003189 ], [ -84.298314000002435, 40.095811000002648 ], [ -84.296262000001974, 40.023424000002464 ], [ -84.24203900000154, 40.024416000003107 ], [ -84.258413000001624, 40.01476900000258 ], [ -84.249563000001871, 40.009709000002402 ], [ -84.230598000001692, 40.017836000003058 ], [ -84.229606000001695, 40.01011100000246 ], [ -84.227224000001314, 40.010170000003207 ], [ -84.20453700000192, 40.025271000002412 ], [ -84.201069000001269, 40.025322000002497 ], [ -84.184450000001348, 40.023637000002402 ], [ -84.184486000001542, 39.995414000003166 ], [ -84.200481000001488, 39.995572000002838 ], [ -84.222310000001841, 39.995624000003232 ], [ -84.273480000002337, 39.99472400000306 ], [ -84.274822000002018, 39.921763000003175 ], [ -84.286062000002374, 39.921554000002814 ], [ -84.315237000001787, 39.921366000002962 ], [ -84.369275000002318, 39.920497000002605 ], [ -84.425902000001741, 39.919622000003088 ], [ -84.446528000002374, 39.919262000002611 ], [ -84.485367000001887, 39.91849100000254 ], [ -84.484930000001583, 39.888694000002886 ], [ -84.483590000002152, 39.830398000002901 ], [ -84.482372000002343, 39.773892000003237 ], [ -84.481885000001569, 39.744800000002854 ], [ -84.480956000002394, 39.699075000002438 ], [ -84.480149000001788, 39.657050000002386 ], [ -84.479416000002303, 39.604091000003095 ], [ -84.479213000002403, 39.591024000003216 ], [ -84.455690000001383, 39.59005200000248 ], [ -84.421200000001619, 39.589958000003293 ], [ -84.365232000002095, 39.589493000003195 ], [ -84.364601000001798, 39.569475000002988 ], [ -84.364528000002196, 39.562316000002426 ], [ -84.364305000002446, 39.543810000003141 ], [ -84.345371000002231, 39.545914000003194 ], [ -84.331682000002417, 39.549213000002872 ], [ -84.331963000002133, 39.547858000002485 ], [ -84.333385000002181, 39.532524000003043 ], [ -84.333785000002123, 39.528703000003127 ], [ -84.334152000002192, 39.524861000002581 ], [ -84.334808000001729, 39.51807000000246 ], [ -84.335534000002042, 39.510227000003169 ], [ -84.335948000001792, 39.506027000002923 ], [ -84.336312000001953, 39.50174600000318 ], [ -84.336692000001904, 39.496601000003167 ], [ -84.337350000002061, 39.488684000002763 ], [ -84.337359000001499, 39.488584000002561 ], [ -84.338678000001337, 39.473523000002508 ], [ -84.33957500000183, 39.430055000003179 ], [ -84.341405000001672, 39.41242300000296 ], [ -84.343054000001317, 39.397814000002903 ], [ -84.343850000001396, 39.390269000003258 ], [ -84.344667000001579, 39.382709000002428 ], [ -84.345958000002383, 39.371889000003094 ], [ -84.346331000002309, 39.36844600000309 ], [ -84.347769000001918, 39.353330000003261 ], [ -84.347916000002002, 39.351819000002422 ], [ -84.348081000001898, 39.349872000002946 ], [ -84.348116000001838, 39.349431000002603 ], [ -84.348746000001455, 39.342363000002656 ], [ -84.349296000001331, 39.336661000002699 ], [ -84.34960300000165, 39.332664000003227 ], [ -84.350385000002177, 39.323974000002814 ], [ -84.350895000001799, 39.318652000002992 ], [ -84.351717000001869, 39.309666000003205 ], [ -84.351972000001766, 39.306901000002753 ], [ -84.352578000002026, 39.299348000003135 ], [ -84.353209000002181, 39.292287000002574 ], [ -84.362011000001331, 39.293328000002518 ], [ -84.370755000001481, 39.294398000002715 ], [ -84.356409000001463, 39.285252000002963 ], [ -84.360369000001356, 39.281141000002926 ], [ -84.368549000001778, 39.279395000003042 ], [ -84.372808000001555, 39.279876000003007 ], [ -84.374048000002347, 39.28003000000249 ], [ -84.388973000001968, 39.271907000003146 ], [ -84.39052300000175, 39.262461000002574 ], [ -84.400014000001647, 39.266971000003117 ], [ -84.401562000001746, 39.258122000002558 ], [ -84.412259000001299, 39.26463600000303 ], [ -84.440813000001683, 39.265109000002553 ], [ -84.450682000002161, 39.261865000002963 ], [ -84.451720000001714, 39.249755000002416 ], [ -84.450835000001831, 39.236060000002773 ], [ -84.445750000001382, 39.232637000003258 ], [ -84.447595000001797, 39.226249000002632 ], [ -84.447826000002252, 39.219125000002521 ], [ -84.453615000001335, 39.218709000003024 ], [ -84.460716000001909, 39.217820000003215 ], [ -84.465821000002194, 39.217889000002465 ], [ -84.468924000002431, 39.217897000002637 ], [ -84.47362800000235, 39.217665000002498 ], [ -84.481528000001902, 39.219800000002664 ], [ -84.492743000001411, 39.215361000003185 ], [ -84.493235000001377, 39.20594600000252 ], [ -84.496959000001311, 39.204419000002538 ], [ -84.510655000002089, 39.200476000002482 ], [ -84.520889000001361, 39.20118800000251 ], [ -84.53417200000149, 39.201607000002838 ], [ -84.535787000002244, 39.202305000003008 ], [ -84.527585000001594, 39.209261000002691 ], [ -84.53021100000133, 39.216012000003118 ], [ -84.531062000002052, 39.216777000002921 ], [ -84.531538000002115, 39.216821000003094 ], [ -84.53487800000191, 39.216381000002997 ], [ -84.538007000001627, 39.21443300000292 ], [ -84.548104000001942, 39.209880000002798 ], [ -84.550982000001667, 39.209349000002504 ], [ -84.557096000001593, 39.209659000002773 ], [ -84.557576000001504, 39.209685000002878 ], [ -84.569743000001438, 39.210376000002988 ], [ -84.570026000001377, 39.206740000002732 ], [ -84.576140000001899, 39.204569000002643 ], [ -84.579658000002297, 39.204877000002952 ], [ -84.579662000002429, 39.20088300000284 ], [ -84.580645000002391, 39.189373000002981 ], [ -84.578556000002322, 39.176381000003033 ], [ -84.582250000001366, 39.173640000002742 ], [ -84.582564000002449, 39.170069000002762 ], [ -84.582794000002238, 39.167537000003051 ], [ -84.601584000001324, 39.162310000002435 ], [ -84.602722000001748, 39.162381000003037 ], [ -84.603960000002417, 39.154729000003144 ], [ -84.604484000001875, 39.15515900000306 ], [ -84.61550000000129, 39.148412000002828 ], [ -84.618577000001565, 39.14865300000303 ], [ -84.622646000002362, 39.148859000002538 ], [ -84.624667000001651, 39.145724000002794 ], [ -84.623611000002214, 39.141672000002551 ], [ -84.619048000001456, 39.133942000002705 ], [ -84.60535400000164, 39.126351000003297 ], [ -84.607010000002248, 39.123523000002926 ], [ -84.607420000001795, 39.120503000002834 ], [ -84.607509000001585, 39.118656000003092 ], [ -84.616578000001951, 39.118852000003265 ], [ -84.623255000001919, 39.119309000002431 ], [ -84.625327000001803, 39.119426000002733 ], [ -84.632754000002336, 39.119924000002982 ], [ -84.63484800000171, 39.120054000002625 ], [ -84.658762000001943, 39.122169000002472 ], [ -84.669906000001831, 39.123172000003223 ], [ -84.684352000001851, 39.123967000002558 ], [ -84.690247000001492, 39.124259000003143 ], [ -84.694990000001454, 39.124072000003252 ], [ -84.695742000001985, 39.124992000003125 ], [ -84.712160000001589, 39.130388000003073 ], [ -84.726410000001479, 39.142100000002998 ], [ -84.759284000001941, 39.144233000003048 ], [ -84.784484000002294, 39.11771900000285 ] ] ] } },
{ "type": "Feature", "properties": { "enacted_district": 9, "population": 788073.0, "voting_age_pop": 614675.0, "dem_votes": 159492.0, "rep_votes": 157769.0, "minority_pop": 136933.0, "dem_pct": 0.50271542972419692, "rep_pct": 0.49728456996060511 }, "geometry": { "type": "Polygon", "coordinates": [ [ [ -84.689309000002325, 41.252443000002593 ], [ -84.803544000001438, 41.252562000002854 ], [ -84.804028000001537, 41.339970000003014 ], [ -84.804063000001833, 41.426051000002893 ], [ -84.804518000001679, 41.51290900000231 ], [ -84.805782000001997, 41.619161000003011 ], [ -84.805972000002086, 41.696118000003011 ], [ -84.689414000002245, 41.699595000002674 ], [ -84.572789000002032, 41.701919000002491 ], [ -84.475933000001959, 41.703813000002718 ], [ -84.399546000001806, 41.705816000002365 ], [ -84.221299000001807, 41.710340000002468 ], [ -84.114984000002195, 41.713531000002803 ], [ -83.998694000001919, 41.71681300000278 ], [ -83.880391000001438, 41.720212000002441 ], [ -83.781444000002068, 41.723024000002667 ], [ -83.770415000002146, 41.723337000002914 ], [ -83.746797000001877, 41.72408900000314 ], [ -83.730784000001279, 41.724656000002632 ], [ -83.720639000001839, 41.724963000003171 ], [ -83.709474000002089, 41.725240000002657 ], [ -83.691276000001309, 41.726257000002597 ], [ -83.685444000001823, 41.726622000002422 ], [ -83.6495550000013, 41.727374000002335 ], [ -83.639991000001572, 41.727667000002675 ], [ -83.62453300000125, 41.728148000003173 ], [ -83.614833000001269, 41.728484000002418 ], [ -83.605408000002114, 41.728811000002572 ], [ -83.602725000001442, 41.72886800000304 ], [ -83.594873000002039, 41.72903700000267 ], [ -83.585542000001681, 41.729237000002499 ], [ -83.566866000002193, 41.729702000002497 ], [ -83.547671000002168, 41.730155000002291 ], [ -83.521589000001441, 41.731087000002532 ], [ -83.492387000002012, 41.731944000003146 ], [ -83.482814000001326, 41.732178000002683 ], [ -83.464416000001521, 41.732447000002502 ], [ -83.449386000001383, 41.733036000003189 ], [ -83.415851000002277, 41.733794000002895 ], [ -83.305007000001396, 41.815279000002441 ], [ -83.249928000002214, 41.857875000002466 ], [ -83.11246000000169, 41.959410000002485 ], [ -83.069312000001588, 41.86421700000286 ], [ -82.995572000001999, 41.82896900000253 ], [ -82.763872000002024, 41.7172900000025 ], [ -82.726427000001891, 41.698308000003017 ], [ -82.681119000001601, 41.676328000002393 ], [ -82.398348000002187, 41.67652400000258 ], [ -82.348122000001837, 41.700057000003149 ], [ -82.348084000002316, 41.428568000002848 ], [ -82.347913000002308, 41.425009000003193 ], [ -82.347637000001768, 41.420421000002563 ], [ -82.347310000001855, 41.413208000002939 ], [ -82.347372000001243, 41.411475000003279 ], [ -82.346919000001918, 41.402177000002986 ], [ -82.346638000001747, 41.391388000002415 ], [ -82.345195000001823, 41.357165000002432 ], [ -82.345048000001484, 41.353479000002515 ], [ -82.342337000002232, 41.28424400000295 ], [ -82.399249000001475, 41.283989000003231 ], [ -82.442548000001636, 41.283874000002754 ], [ -82.542409000001825, 41.285684000002909 ], [ -82.561883000001544, 41.285971000002725 ], [ -82.596484000002349, 41.286301000003029 ], [ -82.612124000001472, 41.28632800000323 ], [ -82.623304000001937, 41.286230000003137 ], [ -82.642288000001429, 41.286474000002777 ], [ -82.642364000001464, 41.286474000003231 ], [ -82.742194000001973, 41.287923000002721 ], [ -82.742380000002271, 41.287926000002962 ], [ -82.823327000001242, 41.289534000002597 ], [ -82.841475000001466, 41.290023000003053 ], [ -82.841272000002121, 41.285652000002791 ], [ -82.841192000001882, 41.283462000003205 ], [ -82.840775000002026, 41.273669000002641 ], [ -82.840663000001513, 41.270427000002584 ], [ -82.840131000002302, 41.257004000002752 ], [ -82.840087000001247, 41.255337000003152 ], [ -82.95599600000223, 41.256029000002961 ], [ -83.012326000001877, 41.255911000002527 ], [ -83.033158000001947, 41.256437000003032 ], [ -83.042769000001655, 41.256591000002423 ], [ -83.062113000002014, 41.256822000003183 ], [ -83.064005000002084, 41.256841000002531 ], [ -83.072761000001634, 41.25688000000293 ], [ -83.187755000001331, 41.254913000002901 ], [ -83.197131000002116, 41.254356000003121 ], [ -83.302930000002263, 41.254211000002776 ], [ -83.419843000001933, 41.254003000002861 ], [ -83.418531000001749, 41.297592000002574 ], [ -83.417291000001697, 41.341281000003221 ], [ -83.415944000001375, 41.406405000002984 ], [ -83.415437000001532, 41.428029000003058 ], [ -83.414716000001363, 41.493260000002856 ], [ -83.414626000001803, 41.5002280000027 ], [ -83.414577000001543, 41.515001000002883 ], [ -83.433743000002096, 41.514877000002627 ], [ -83.528754000001243, 41.514642000002759 ], [ -83.528898000001774, 41.486250000002904 ], [ -83.531888000002098, 41.477738000002581 ], [ -83.590435000002074, 41.477899000002758 ], [ -83.646871000001681, 41.477875000003159 ], [ -83.64643500000156, 41.492683000002451 ], [ -83.646434000001463, 41.499959000002761 ], [ -83.659827000001854, 41.507589000002397 ], [ -83.684688000002211, 41.507106000002445 ], [ -83.684883000001818, 41.492291000003021 ], [ -83.728537000001538, 41.485952000003202 ], [ -83.748137000001435, 41.465852000002329 ], [ -83.773282000001998, 41.463616000002943 ], [ -83.780638000002213, 41.450152000002689 ], [ -83.820864000002416, 41.432198000002472 ], [ -83.845620000001432, 41.425028000002598 ], [ -83.854340000002352, 41.414445000003006 ], [ -83.873789000002034, 41.416227000002706 ], [ -83.883234000001934, 41.414503000002462 ], [ -83.882884000001383, 41.476740000003026 ], [ -83.882943000002172, 41.487543000002503 ], [ -83.999001000001471, 41.48676600000303 ], [ -84.114862000002418, 41.486009000003051 ], [ -84.114863000001975, 41.486304000003194 ], [ -84.191993000002114, 41.485793000002815 ], [ -84.228914000002405, 41.485581000002568 ], [ -84.267630000001432, 41.485805000003005 ], [ -84.306064000002166, 41.485715000003168 ], [ -84.311181000001454, 41.485757000003218 ], [ -84.341902000001326, 41.485519000002469 ], [ -84.341664000001913, 41.427568000002871 ], [ -84.228454000001719, 41.427810000002488 ], [ -84.227359000002238, 41.340494000002352 ], [ -84.227387000001471, 41.301280000002812 ], [ -84.227472000001555, 41.253176000003052 ], [ -84.227866000001697, 41.208063000003179 ], [ -84.228222000002347, 41.165862000003017 ], [ -84.341602000001615, 41.165524000002947 ], [ -84.341607000001744, 41.209060000002708 ], [ -84.437188000002024, 41.209176000002472 ], [ -84.457059000001507, 41.209434000002943 ], [ -84.45698800000217, 41.223964000002326 ], [ -84.457217000001592, 41.253485000002541 ], [ -84.572482000002196, 41.252788000002703 ], [ -84.689309000002325, 41.252443000002593 ] ] ] } },
{ "type": "Feature", "properties": { "enacted_district": 10, "population": 786570.0, "voting_age_pop": 616007.0, "dem_votes": 151490.0, "rep_votes": 173320.0, "minority_pop": 163141.0, "dem_pct": 0.46639573890385277, "rep_pct": 0.53360426078827494 }, "geometry": { "type": "Polygon", "coordinates": [ [ [ -84.455690000001383, 39.59005200000248 ], [ -84.479213000002403, 39.591024000003216 ], [ -84.479416000002303, 39.604091000003095 ], [ -84.480149000001788, 39.657050000002386 ], [ -84.480956000002394, 39.699075000002438 ], [ -84.481885000001569, 39.744800000002854 ], [ -84.482372000002343, 39.773892000003237 ], [ -84.483590000002152, 39.830398000002901 ], [ -84.484930000001583, 39.888694000002886 ], [ -84.485367000001887, 39.91849100000254 ], [ -84.446528000002374, 39.919262000002611 ], [ -84.425902000001741, 39.919622000003088 ], [ -84.369275000002318, 39.920497000002605 ], [ -84.315237000001787, 39.921366000002962 ], [ -84.286062000002374, 39.921554000002814 ], [ -84.274822000002018, 39.921763000003175 ], [ -84.24201400000139, 39.922214000002519 ], [ -84.232105000002136, 39.922348000003211 ], [ -84.227198000002033, 39.922344000002902 ], [ -84.19870300000234, 39.922708000002935 ], [ -84.166988000001936, 39.922761000003248 ], [ -84.166970000001854, 39.922883000002692 ], [ -84.157671000001628, 39.922970000002998 ], [ -84.167065000001472, 39.912197000003097 ], [ -84.163815000001989, 39.895508000002749 ], [ -84.157217000002191, 39.885994000003095 ], [ -84.139237000001671, 39.884947000003017 ], [ -84.136110000002304, 39.884749000002842 ], [ -84.12555100000192, 39.884126000003079 ], [ -84.121376000001916, 39.883904000002893 ], [ -84.110159000001516, 39.883250000003123 ], [ -84.098454000001297, 39.882533000003001 ], [ -84.098182000001373, 39.882525000003184 ], [ -84.051012000002061, 39.879810000002877 ], [ -84.052281000002253, 39.865082000002467 ], [ -84.053736000001919, 39.850458000002462 ], [ -84.037455000001671, 39.849524000003044 ], [ -83.989624000002053, 39.846566000002674 ], [ -83.939583000002102, 39.843797000002745 ], [ -83.938503000001688, 39.844095000003129 ], [ -83.938476000001927, 39.860310000002677 ], [ -83.956813000001873, 39.867016000003147 ], [ -83.937654000001316, 39.866432000002817 ], [ -83.936095000001799, 39.885580000003294 ], [ -83.935455000002094, 39.891929000002641 ], [ -83.913584000001975, 39.903086000002617 ], [ -83.896372000001833, 39.907439000002562 ], [ -83.892993000002036, 39.944253000003137 ], [ -83.879170000001764, 39.943371000003005 ], [ -83.873139000001856, 39.943022000002877 ], [ -83.858567000002012, 39.942196000002909 ], [ -83.849290000002171, 39.943758000002532 ], [ -83.839809000001623, 39.955461000003083 ], [ -83.829989000001362, 39.954857000003081 ], [ -83.821651000002262, 39.963925000002838 ], [ -83.831832000002024, 39.964601000003029 ], [ -83.832626000001255, 39.969616000002993 ], [ -83.830624000001905, 39.978015000002664 ], [ -83.811990000001927, 39.982800000003003 ], [ -83.800371000002002, 39.964041000002496 ], [ -83.785184000002175, 39.966755000002991 ], [ -83.781648000001667, 39.966519000002435 ], [ -83.783518000001891, 39.979223000002975 ], [ -83.783585000002418, 39.981328000002954 ], [ -83.765058000002142, 39.975914000002689 ], [ -83.766108000001964, 39.965666000002628 ], [ -83.759960000002323, 39.962328000003041 ], [ -83.76196200000237, 39.958090000002841 ], [ -83.776208000001787, 39.958813000002614 ], [ -83.777156000002222, 39.951634000003104 ], [ -83.77474600000177, 39.951485000002464 ], [ -83.765185000002134, 39.950893000003191 ], [ -83.753211000001286, 39.950060000003113 ], [ -83.700725000002066, 39.947660000002877 ], [ -83.703440000001763, 39.923602000002454 ], [ -83.703462000001323, 39.923423000003041 ], [ -83.704856000002351, 39.911651000003133 ], [ -83.704891000001268, 39.911359000002989 ], [ -83.711560000002237, 39.858895000003237 ], [ -83.720070000001513, 39.779902000002487 ], [ -83.715411000002135, 39.77962800000298 ], [ -83.647169000001867, 39.773029000002701 ], [ -83.653330000002143, 39.716876000002607 ], [ -83.658034000002061, 39.670348000002669 ], [ -83.659814000002044, 39.653924000002426 ], [ -83.663522000001436, 39.617725000002991 ], [ -83.665343000002352, 39.598772000002526 ], [ -83.670196000001823, 39.550254000002603 ], [ -83.723942000002197, 39.553642000003073 ], [ -83.803126000002294, 39.558586000003217 ], [ -83.88339900000139, 39.563499000002459 ], [ -83.922507000001488, 39.566194000002518 ], [ -83.976987000001884, 39.569402000002491 ], [ -84.027989000002307, 39.572791000003065 ], [ -84.056885000002126, 39.574657000003214 ], [ -84.102114000002317, 39.577487000002741 ], [ -84.114174000002109, 39.578230000002691 ], [ -84.127745000001966, 39.579088000003125 ], [ -84.133862000002125, 39.579478000003242 ], [ -84.162995000001587, 39.581438000002585 ], [ -84.168675000002168, 39.581815000003282 ], [ -84.187334000001428, 39.583081000003126 ], [ -84.19756800000161, 39.583714000002978 ], [ -84.201408000001294, 39.583948000002742 ], [ -84.210934000001799, 39.58461100000298 ], [ -84.214545000002019, 39.584845000003241 ], [ -84.22316600000137, 39.585419000002588 ], [ -84.22994900000127, 39.585870000002991 ], [ -84.230198000001508, 39.585888000002619 ], [ -84.237497000001525, 39.586432000003178 ], [ -84.242819000001987, 39.586748000002395 ], [ -84.248433000001555, 39.587082000002518 ], [ -84.285050000001419, 39.589510000002477 ], [ -84.28631900000137, 39.589576000003099 ], [ -84.286704000002416, 39.589577000002429 ], [ -84.324559000001486, 39.589518000002634 ], [ -84.337437000002282, 39.589492000003055 ], [ -84.365232000002095, 39.589493000003195 ], [ -84.421200000001619, 39.589958000003293 ], [ -84.455690000001383, 39.59005200000248 ] ], [ [ -83.824088000001609, 39.95446100000261 ], [ -83.814625000001783, 39.953953000002905 ], [ -83.818686000001435, 39.956194000002888 ], [ -83.824088000001609, 39.95446100000261 ] ] ] } },
{ "type": "Feature", "properties": { "enacted_district": 11, "population": 787368.0, "voting_age_pop": 622931.0, "dem_votes": 243271.0, "rep_votes": 62114.0, "minority_pop": 345302.0, "dem_pct": 0.79660428613173395, "rep_pct": 0.20339571354081054 }, "geometry": { "type": "Polygon", "coordinates": [ [ [ -81.824462000001915, 41.418676000003153 ], [ -81.836853000002193, 41.404633000002462 ], [ -81.84267200000221, 41.39783400000286 ], [ -81.869059000001911, 41.403048000003103 ], [ -81.855950000001457, 41.419033000002919 ], [ -81.855035000001237, 41.424182000002403 ], [ -81.853466000001987, 41.430441000002723 ], [ -81.845284000001996, 41.437708000002537 ], [ -81.832270000001884, 41.440497000002772 ], [ -81.829664000001415, 41.443135000002663 ], [ -81.82478300000146, 41.451570000002754 ], [ -81.823294000001923, 41.453627000002378 ], [ -81.82212900000232, 41.460115000002894 ], [ -81.832143000001196, 41.46465100000254 ], [ -81.831958000001691, 41.463248000002949 ], [ -81.837258000001825, 41.463447000002517 ], [ -81.824144000001795, 41.471804000002606 ], [ -81.827639000001724, 41.477708000003169 ], [ -81.833234000002079, 41.477050000002421 ], [ -81.83188500000233, 41.482373000002767 ], [ -81.831575000001607, 41.48486800000282 ], [ -81.843982000001134, 41.494593000003043 ], [ -81.810963000001266, 41.499172000002602 ], [ -81.794234000002106, 41.500048000003069 ], [ -81.782212000002261, 41.499655000003223 ], [ -81.776854000001521, 41.498622000002463 ], [ -81.775267000001989, 41.498364000002645 ], [ -81.769032000001772, 41.497326000002523 ], [ -81.749856000001955, 41.494047000002951 ], [ -81.735529000002273, 41.497921000003018 ], [ -81.714806000001275, 41.507297000002957 ], [ -81.701562000002042, 41.51601700000316 ], [ -81.66834600000152, 41.535368000002983 ], [ -81.652344000001236, 41.541588000003081 ], [ -81.626462000001624, 41.545473000003277 ], [ -81.592094000001723, 41.572234000002759 ], [ -81.576025000001749, 41.583950000002545 ], [ -81.573731000002269, 41.585570000002974 ], [ -81.571868000001942, 41.587098000002875 ], [ -81.568219000001477, 41.590101000003038 ], [ -81.560611000001586, 41.595976000002544 ], [ -81.550580000001801, 41.604436000002963 ], [ -81.546080000001155, 41.608007000002573 ], [ -81.539530000001605, 41.612524000002558 ], [ -81.532437000001394, 41.616065000002465 ], [ -81.520074000001131, 41.619630000003234 ], [ -81.516226000002064, 41.620759000002977 ], [ -81.511430000002136, 41.623243000002653 ], [ -81.502582000001965, 41.627308000003083 ], [ -81.50052100000164, 41.628362000002625 ], [ -81.488643000001417, 41.631522000003073 ], [ -81.488739000001374, 41.62404800000305 ], [ -81.488739000001161, 41.622932000003182 ], [ -81.488640000002164, 41.618103000002655 ], [ -81.488640000001453, 41.617437000002639 ], [ -81.488312000001869, 41.60899900000264 ], [ -81.488072000002063, 41.596284000003088 ], [ -81.488040000001632, 41.588249000002946 ], [ -81.487940000002055, 41.586249000002653 ], [ -81.488038000001993, 41.582234000002565 ], [ -81.487929000001799, 41.574350000002532 ], [ -81.487842000001905, 41.570051000003097 ], [ -81.470227000002225, 41.570013000002838 ], [ -81.469871000001788, 41.570011000002744 ], [ -81.457687000001428, 41.569952000003163 ], [ -81.447347000002196, 41.569963000002815 ], [ -81.447279000001828, 41.569964000002585 ], [ -81.419936000001528, 41.569950000003224 ], [ -81.417630000001367, 41.569670000003171 ], [ -81.391005000001243, 41.569716000002749 ], [ -81.390851000001703, 41.556060000003171 ], [ -81.390747000001127, 41.522517000003198 ], [ -81.39085100000203, 41.500748000003249 ], [ -81.39086600000212, 41.499214000002688 ], [ -81.391134000001969, 41.467051000002975 ], [ -81.391332000002095, 41.459264000002989 ], [ -81.391394000002094, 41.454897000002511 ], [ -81.391456000002009, 41.449914000003268 ], [ -81.391518000001867, 41.445222000002872 ], [ -81.374819000002077, 41.432355000002978 ], [ -81.374788000001161, 41.427259000003168 ], [ -81.374772000002025, 41.424427000002808 ], [ -81.387171000002056, 41.424269000002887 ], [ -81.391833000001796, 41.41585300000289 ], [ -81.403825000001632, 41.422068000003279 ], [ -81.42833700000125, 41.424753000002568 ], [ -81.450469000001831, 41.42447800000253 ], [ -81.452535000002172, 41.4244920000029 ], [ -81.488322000001418, 41.424269000002717 ], [ -81.488629000002263, 41.416652000002479 ], [ -81.488840000001176, 41.402069000003287 ], [ -81.494597000001505, 41.402101000002894 ], [ -81.494542000001971, 41.384974000002707 ], [ -81.494542000001331, 41.384897000003264 ], [ -81.508188000001155, 41.372719000002554 ], [ -81.508176000001711, 41.380074000003155 ], [ -81.526812000002053, 41.372788000003091 ], [ -81.536722000001973, 41.384509000003064 ], [ -81.546825000001533, 41.387393000002795 ], [ -81.565585000001533, 41.387459000003176 ], [ -81.584745000001604, 41.384553000003002 ], [ -81.586032000001268, 41.385930000002602 ], [ -81.602411000002093, 41.396674000002712 ], [ -81.627004000001776, 41.415121000003261 ], [ -81.638124000001611, 41.417499000003296 ], [ -81.640575000001945, 41.415481000002842 ], [ -81.651956000002258, 41.419236000002904 ], [ -81.666123000001775, 41.432849000002477 ], [ -81.679733000002287, 41.422091000003149 ], [ -81.68546500000231, 41.419415000003262 ], [ -81.695117000001474, 41.419184000003 ], [ -81.698525000002121, 41.419135000003088 ], [ -81.710209000001143, 41.418908000002745 ], [ -81.719494000001987, 41.418764000003293 ], [ -81.728100000002073, 41.418703000003106 ], [ -81.734437000001662, 41.418637000002789 ], [ -81.734353000001448, 41.421181000003251 ], [ -81.734366000001614, 41.423839000002793 ], [ -81.728576000001794, 41.430336000002583 ], [ -81.732778000002199, 41.439965000002729 ], [ -81.735277000001844, 41.441677000002429 ], [ -81.735262000001882, 41.443400000003066 ], [ -81.738188000001955, 41.458890000002881 ], [ -81.738583000001753, 41.462525000003261 ], [ -81.74846200000178, 41.455616000003275 ], [ -81.759417000001392, 41.44843700000294 ], [ -81.763945000001826, 41.444977000002559 ], [ -81.763746000001902, 41.448812000003109 ], [ -81.766798000001572, 41.446590000003056 ], [ -81.769159000001949, 41.44185700000267 ], [ -81.769171000001791, 41.441227000002918 ], [ -81.76941000000167, 41.428374000002734 ], [ -81.769527000002114, 41.418406000002641 ], [ -81.78094000000209, 41.418450000002515 ], [ -81.802441000001707, 41.419759000002877 ], [ -81.823278000001423, 41.419886000002812 ], [ -81.824462000001915, 41.418676000003153 ] ] ] } },
{ "type": "Feature", "properties": { "enacted_district": 12, "population": 788193.0, "voting_age_pop": 604711.0, "dem_votes": 111669.0, "rep_votes": 197422.0, "minority_pop": 63110.0, "dem_pct": 0.36128195244724631, "rep_pct": 0.63871804722922443 }, "geometry": { "type": "Polygon", "coordinates": [ [ [ -82.837616000001518, 39.64960600000267 ], [ -82.835281000001544, 39.676169000002972 ], [ -82.829693000001342, 39.736455000002458 ], [ -82.829670000001215, 39.736698000002974 ], [ -82.826904000002045, 39.766448000002505 ], [ -82.824254000001474, 39.794996000002989 ], [ -82.824062000002158, 39.797065000002576 ], [ -82.821817000001531, 39.820957000002885 ], [ -82.821496000001687, 39.824271000003328 ], [ -82.802977000002073, 39.82298100000267 ], [ -82.802476000001818, 39.822953000003189 ], [ -82.802417000001498, 39.823979000002446 ], [ -82.802413000002005, 39.82404600000288 ], [ -82.8022510000023, 39.829485000003231 ], [ -82.801604000001376, 39.836157000002864 ], [ -82.800941000002368, 39.845008000002665 ], [ -82.800354000001533, 39.849510000003285 ], [ -82.7992130000016, 39.85968400000278 ], [ -82.798403000001642, 39.867148000002722 ], [ -82.797742000002302, 39.874391000003065 ], [ -82.797707000002035, 39.880035000002785 ], [ -82.797498000001454, 39.884543000003049 ], [ -82.795197000002204, 39.904641000002599 ], [ -82.794383000002057, 39.910785000002818 ], [ -82.799054000001291, 39.911019000002561 ], [ -82.809228000001383, 39.91152400000319 ], [ -82.809682000001501, 39.911550000003047 ], [ -82.813096000001266, 39.911663000002633 ], [ -82.812990000002202, 39.913539000002835 ], [ -82.812568000001988, 39.918175000003231 ], [ -82.812222000001782, 39.922718000003201 ], [ -82.811962000002197, 39.926491000003054 ], [ -82.811476000001264, 39.932116000002544 ], [ -82.798164000001734, 39.940547000002475 ], [ -82.791596000001974, 39.940162000002601 ], [ -82.78249500000139, 39.939662000002492 ], [ -82.782012000001245, 39.944746000002489 ], [ -82.781257000002128, 39.955696000002554 ], [ -82.780988000002154, 39.957719000002506 ], [ -82.780473000002146, 39.964381000002774 ], [ -82.780328000001603, 39.966091000002919 ], [ -82.780110000001343, 39.968640000002587 ], [ -82.779738000001828, 39.973017000003182 ], [ -82.772677000001678, 39.987112000002483 ], [ -82.772667000001732, 39.987293000002829 ], [ -82.77266100000125, 39.987385000002803 ], [ -82.771818000001815, 39.998339000003071 ], [ -82.771879000001661, 39.99845300000279 ], [ -82.771416000001977, 40.004497000002829 ], [ -82.770613000001859, 40.013052000003221 ], [ -82.767483000001747, 40.051028000002589 ], [ -82.765206000001626, 40.079645000003261 ], [ -82.763897000001748, 40.095776000003134 ], [ -82.761827000001958, 40.125855000002517 ], [ -82.843550000001343, 40.129367000003064 ], [ -82.858221000001208, 40.129998000002651 ], [ -82.883954000001751, 40.131238000003052 ], [ -82.884101000002033, 40.131247000003157 ], [ -82.884448000001441, 40.137362000002902 ], [ -82.89803900000183, 40.144818000003241 ], [ -82.90154200000174, 40.145925000002656 ], [ -82.912770000001274, 40.146360000003185 ], [ -82.921779000001678, 40.146773000003158 ], [ -82.921197000002195, 40.151144000002418 ], [ -82.939756000002092, 40.149643000003238 ], [ -82.946289000001741, 40.149944000002762 ], [ -82.945631000001541, 40.157496000003185 ], [ -82.945517000001786, 40.15889600000326 ], [ -82.943947000001955, 40.179339000002578 ], [ -82.943807000001783, 40.18164100000331 ], [ -82.943077000001239, 40.191224000002578 ], [ -82.942748000002126, 40.1954930000025 ], [ -82.941648000002104, 40.209786000002509 ], [ -82.940739000001514, 40.221369000002539 ], [ -82.939772000001781, 40.233492000002826 ], [ -82.938507000002133, 40.249290000002958 ], [ -82.938303000001298, 40.251921000002852 ], [ -82.938110000002112, 40.254265000002619 ], [ -82.937833000002328, 40.257649000002687 ], [ -82.937353000001778, 40.263592000002788 ], [ -82.93723700000173, 40.26503600000256 ], [ -82.937105000002077, 40.266879000002426 ], [ -82.93555800000172, 40.284987000003198 ], [ -82.93555500000133, 40.285012000003285 ], [ -82.929588000002141, 40.35812300000277 ], [ -82.840240000001629, 40.354011000002949 ], [ -82.792687000001422, 40.351778000002454 ], [ -82.744931000002225, 40.349603000003093 ], [ -82.689700000001963, 40.347112000002426 ], [ -82.646503000001289, 40.345076000002415 ], [ -82.644151000001344, 40.375576000003058 ], [ -82.640813000001756, 40.417624000002959 ], [ -82.635713000001743, 40.492143000002677 ], [ -82.633181000002153, 40.523066000002792 ], [ -82.642796000001411, 40.550011000002442 ], [ -82.62360900000202, 40.549879000002989 ], [ -82.566497000001249, 40.550007000002992 ], [ -82.547395000001899, 40.550105000002489 ], [ -82.509111000002108, 40.550540000002933 ], [ -82.451630000001259, 40.550762000003026 ], [ -82.359612000002059, 40.552492000002957 ], [ -82.336962000002003, 40.555001000002825 ], [ -82.274904000001811, 40.561891000002653 ], [ -82.220268000002164, 40.568187000002894 ], [ -82.220433000001236, 40.59452400000265 ], [ -82.106416000001701, 40.59527500000295 ], [ -82.081058000002287, 40.594975000002833 ], [ -81.996031000001182, 40.594789000002613 ], [ -81.981278000001694, 40.595772000002739 ], [ -81.965877000001527, 40.597487000003234 ], [ -81.87828300000227, 40.595841000002686 ], [ -81.877219000001901, 40.66719300000257 ], [ -81.876906000001682, 40.667341000002658 ], [ -81.765052000002044, 40.668028000003105 ], [ -81.765051000001279, 40.66778000000329 ], [ -81.65002600000129, 40.667774000002545 ], [ -81.649110000002281, 40.634525000003094 ], [ -81.577953000001571, 40.642764000003055 ], [ -81.553957000001731, 40.645330000003241 ], [ -81.508912000001374, 40.65060700000295 ], [ -81.511387000002074, 40.583388000003069 ], [ -81.51189000000133, 40.571731000002494 ], [ -81.505740000001765, 40.562212000002908 ], [ -81.493199000001965, 40.532516000002737 ], [ -81.49015300000184, 40.526949000002944 ], [ -81.497010000001495, 40.527530000002791 ], [ -81.489542000001833, 40.521105000003239 ], [ -81.480635000001143, 40.497630000003134 ], [ -81.479501000001392, 40.490463000003238 ], [ -81.483465000002198, 40.478558000002614 ], [ -81.563411000001381, 40.477973000002528 ], [ -81.566065000001231, 40.427329000003063 ], [ -81.518185000001338, 40.426322000002742 ], [ -81.507718000001731, 40.403011000003247 ], [ -81.480898000001261, 40.402016000003066 ], [ -81.461798000001451, 40.401245000003307 ], [ -81.46395900000222, 40.373658000002592 ], [ -81.445378000001156, 40.373192000002668 ], [ -81.420531000002256, 40.36871200000266 ], [ -81.416110000001439, 40.363929000002472 ], [ -81.37897200000225, 40.36225700000336 ], [ -81.3510980000014, 40.361373000003312 ], [ -81.351650000001612, 40.346670000002554 ], [ -81.333290000002151, 40.33394300000321 ], [ -81.274142000001376, 40.332632000002775 ], [ -81.275319000001232, 40.303434000003101 ], [ -81.334601000002223, 40.304316000002622 ], [ -81.335389000001129, 40.288189000002824 ], [ -81.337524000001721, 40.229877000002972 ], [ -81.338057000001456, 40.214253000002508 ], [ -81.339565000001372, 40.171999000002579 ], [ -81.22592400000174, 40.170075000002598 ], [ -81.227535000001467, 40.128409000002698 ], [ -81.229197000001506, 40.082377000002772 ], [ -81.230659000001722, 40.039474000002912 ], [ -81.231910000001335, 40.010453000002506 ], [ -81.234026000002117, 39.953498000003137 ], [ -81.234053000001936, 39.951270000002708 ], [ -81.320250000001948, 39.953153000003013 ], [ -81.367125000001408, 39.950324000002603 ], [ -81.386006000001188, 39.950694000003161 ], [ -81.386789000001315, 39.92133000000274 ], [ -81.462750000001577, 39.923500000003123 ], [ -81.46410800000163, 39.894550000002624 ], [ -81.492462000002064, 39.895261000002492 ], [ -81.578590000001896, 39.897683000002566 ], [ -81.579449000001532, 39.86868400000278 ], [ -81.58031300000151, 39.839104000003168 ], [ -81.599162000001485, 39.839738000003308 ], [ -81.694146000002235, 39.842636000002926 ], [ -81.697442000001445, 39.755572000002502 ], [ -81.63988600000134, 39.753420000003047 ], [ -81.643200000001343, 39.665681000003318 ], [ -81.586132000001243, 39.663993000002478 ], [ -81.58818500000136, 39.586973000003297 ], [ -81.676791000001572, 39.590102000002489 ], [ -81.688930000001335, 39.590486000002805 ], [ -81.714447000002025, 39.584236000002605 ], [ -81.723511000001963, 39.547608000002697 ], [ -81.72221700000172, 39.531550000003108 ], [ -81.705075000002054, 39.530990000002618 ], [ -81.706138000001985, 39.513515000002812 ], [ -81.707997000002266, 39.489321000003002 ], [ -81.708527000001382, 39.480775000003057 ], [ -81.760955000002298, 39.482773000003334 ], [ -81.765948000001771, 39.488723000003134 ], [ -81.823158000001897, 39.494072000002667 ], [ -81.825757000002014, 39.449172000003273 ], [ -81.844863000002249, 39.450216000003202 ], [ -81.850299000002039, 39.362315000003008 ], [ -81.853668000001548, 39.318165000002686 ], [ -81.834635000001526, 39.317563000002643 ], [ -81.816614000001863, 39.302058000003086 ], [ -81.81836100000163, 39.272581000003044 ], [ -81.769158000001894, 39.271071000002649 ], [ -81.721810000001213, 39.269568000003098 ], [ -81.725622000002033, 39.215905000003268 ], [ -81.73999600000198, 39.189930000003194 ], [ -81.753992000002171, 39.183708000003193 ], [ -81.756080000001532, 39.18056000000302 ], [ -81.843096000002262, 39.18400700000317 ], [ -81.960882000001348, 39.188744000002842 ], [ -82.079193000002249, 39.193802000002542 ], [ -82.192247000001387, 39.199719000003185 ], [ -82.268583000001414, 39.203760000003086 ], [ -82.260243000001324, 39.292915000002914 ], [ -82.298476000001571, 39.29499600000289 ], [ -82.289663000001525, 39.384195000002869 ], [ -82.28041000000178, 39.472906000003199 ], [ -82.252524000001458, 39.471255000002657 ], [ -82.233460000001429, 39.470100000003249 ], [ -82.224272000001818, 39.469545000002562 ], [ -82.211159000001189, 39.468802000002526 ], [ -82.202314000002147, 39.468289000002756 ], [ -82.186223000001689, 39.467327000002953 ], [ -82.170171000001957, 39.466350000003217 ], [ -82.167379000001517, 39.466307000003212 ], [ -82.166647000002214, 39.474360000002576 ], [ -82.159161000002157, 39.556574000002499 ], [ -82.240075000002037, 39.560829000002478 ], [ -82.263566000002115, 39.562137000002735 ], [ -82.261954000002234, 39.590592000003312 ], [ -82.379890000001367, 39.596738000002667 ], [ -82.374531000001767, 39.654959000002975 ], [ -82.433275000001828, 39.658113000002771 ], [ -82.490329000001623, 39.661704000002722 ], [ -82.493133000001833, 39.632420000002689 ], [ -82.496123000001219, 39.602849000002706 ], [ -82.549804000002339, 39.605653000002995 ], [ -82.617546000001582, 39.608605000003209 ], [ -82.620088000001346, 39.563987000002655 ], [ -82.717520000001372, 39.568274000002653 ], [ -82.730272000001378, 39.569066000002692 ], [ -82.731518000001373, 39.554445000002808 ], [ -82.826913000002236, 39.560589000002913 ], [ -82.842953000001444, 39.561480000003293 ], [ -82.838680000001659, 39.605480000003254 ], [ -82.836103000002154, 39.63174200000293 ], [ -82.834378000002076, 39.649445000002828 ], [ -82.837616000001518, 39.64960600000267 ] ] ] } },
{ "type": "Feature", "properties": { "enacted_district": 13, "population": 786933.0, "voting_age_pop": 621627.0, "dem_votes": 170672.0, "rep_votes": 157852.0, "minority_pop": 132363.0, "dem_pct": 0.51951151193839373, "rep_pct": 0.48048848775721453 }, "geometry": { "type": "Polygon", "coordinates": [ [ [ -81.648235000001549, 40.776376000003282 ], [ -81.648233000001852, 40.777655000003108 ], [ -81.648123000001263, 40.804623000003197 ], [ -81.648123000002016, 40.804923000002681 ], [ -81.648049000002246, 40.814371000002453 ], [ -81.647991000001767, 40.825776000002627 ], [ -81.647859000002171, 40.853981000003216 ], [ -81.647695000002301, 40.902264000002845 ], [ -81.64773500000183, 40.914016000003194 ], [ -81.647757000002173, 40.937332000002492 ], [ -81.647727000001581, 40.943399000003282 ], [ -81.647667000002187, 40.958119000003315 ], [ -81.64764000000153, 40.960481000003114 ], [ -81.647675000001655, 40.970322000002675 ], [ -81.647661000001818, 40.987259000002474 ], [ -81.688491000001278, 40.988590000002873 ], [ -81.687943000001823, 41.015246000003302 ], [ -81.687801000001954, 41.025663000002723 ], [ -81.687743000002101, 41.038905000003197 ], [ -81.687740000001497, 41.039266000002932 ], [ -81.687724000001154, 41.041934000003153 ], [ -81.687624000001421, 41.062154000002955 ], [ -81.687391000002165, 41.099410000002955 ], [ -81.687292000001335, 41.110548000003185 ], [ -81.687161000002092, 41.120124000002541 ], [ -81.687051000001802, 41.127962000003038 ], [ -81.686990000001543, 41.135956000002643 ], [ -81.686500000001203, 41.161930000003267 ], [ -81.686046000001895, 41.188318000002532 ], [ -81.685646000001711, 41.202132000002429 ], [ -81.68565400000179, 41.210074000003118 ], [ -81.685180000002234, 41.261031000002731 ], [ -81.684950000002132, 41.277146000003114 ], [ -81.67812800000118, 41.277181000003253 ], [ -81.670199000001389, 41.277256000002929 ], [ -81.637849000001353, 41.27748100000268 ], [ -81.627354000001418, 41.277544000002649 ], [ -81.610073000002302, 41.277501000002708 ], [ -81.590542000001449, 41.277554000003086 ], [ -81.565139000001722, 41.277758000002912 ], [ -81.587335000001758, 41.321306000003148 ], [ -81.588099000001918, 41.342651000002498 ], [ -81.598052000002127, 41.351157000002985 ], [ -81.59222100000126, 41.351132000003027 ], [ -81.585249000001269, 41.351088000003053 ], [ -81.570600000001491, 41.350925000002661 ], [ -81.558352000002159, 41.350820000002479 ], [ -81.536077000001242, 41.350614000002672 ], [ -81.526619000001418, 41.350484000002893 ], [ -81.518851000001717, 41.350162000003017 ], [ -81.517658000001632, 41.350154000002725 ], [ -81.509045000001421, 41.350054000002757 ], [ -81.488988000001896, 41.349753000002643 ], [ -81.481443000001548, 41.34969500000286 ], [ -81.473100000001381, 41.349634000002709 ], [ -81.461254000002285, 41.349342000002949 ], [ -81.450331000001327, 41.349148000002941 ], [ -81.44005300000137, 41.349051000002483 ], [ -81.431055000001123, 41.34889100000261 ], [ -81.41901200000197, 41.348753000002709 ], [ -81.411801000002257, 41.348694000002645 ], [ -81.399585000002247, 41.348573000003057 ], [ -81.391694000001806, 41.348272000003007 ], [ -81.391696000001517, 41.342520000002828 ], [ -81.391719000001785, 41.336658000002508 ], [ -81.391571000001747, 41.329999000002985 ], [ -81.391626000002276, 41.324919000002467 ], [ -81.391740000001633, 41.311743000002878 ], [ -81.391746000001987, 41.306956000002401 ], [ -81.391831000001616, 41.276654000002907 ], [ -81.391831000001346, 41.276488000002452 ], [ -81.391931000001662, 41.254189000003173 ], [ -81.392134000001917, 41.239743000002839 ], [ -81.392137000001668, 41.231668000003111 ], [ -81.391931000002202, 41.20285500000324 ], [ -81.392238000001242, 41.180702000003066 ], [ -81.392262000001566, 41.174188000002822 ], [ -81.392269000002116, 41.173631000002693 ], [ -81.392345000001939, 41.166238000002664 ], [ -81.392385000001454, 41.159607000002858 ], [ -81.392427000002243, 41.151357000002591 ], [ -81.392444000001589, 41.148247000003309 ], [ -81.392357000002235, 41.136952000002992 ], [ -81.3921140000013, 41.135722000002872 ], [ -81.392432000001151, 41.111755000003008 ], [ -81.392534000001589, 41.100435000002577 ], [ -81.392766000001558, 41.087056000002441 ], [ -81.392946000002127, 41.06626700000264 ], [ -81.392935000001756, 41.066197000002944 ], [ -81.393056000001835, 41.060666000002755 ], [ -81.393222000001302, 41.039001000002841 ], [ -81.393236000001494, 41.036303000002469 ], [ -81.39326700000133, 41.029035000002821 ], [ -81.383268000001451, 41.027372000002856 ], [ -81.374276000001942, 41.021857000002555 ], [ -81.37433400000161, 40.995549000002882 ], [ -81.34762700000185, 40.996797000003326 ], [ -81.342697000001976, 40.988657000003123 ], [ -81.302728000002219, 40.988534000003277 ], [ -81.299767000001225, 40.988511000002859 ], [ -81.300775000001551, 40.969472000003215 ], [ -81.301659000001834, 40.954422000003319 ], [ -81.302356000001126, 40.942129000002893 ], [ -81.304363000002084, 40.903090000002827 ], [ -81.305364000001234, 40.883676000002502 ], [ -81.305902000002291, 40.873520000002848 ], [ -81.306280000002033, 40.866190000002852 ], [ -81.306779000001811, 40.855352000002902 ], [ -81.307273000001672, 40.847129000003306 ], [ -81.301297000001227, 40.843824000002762 ], [ -81.308243000002008, 40.82912500000316 ], [ -81.309037000001126, 40.814490000003175 ], [ -81.309316000001132, 40.80992100000288 ], [ -81.324874000001273, 40.800800000002965 ], [ -81.343157000001156, 40.790789000002569 ], [ -81.310813000001332, 40.78496300000252 ], [ -81.298223000001997, 40.784096000002982 ], [ -81.284835000001678, 40.77998700000277 ], [ -81.290460000001445, 40.772758000002703 ], [ -81.306871000001664, 40.777059000002843 ], [ -81.310976000001688, 40.781147000002719 ], [ -81.349811000001438, 40.784538000002868 ], [ -81.360251000001426, 40.771872000002958 ], [ -81.36975300000131, 40.776793000002506 ], [ -81.383281000001404, 40.767941000003262 ], [ -81.397556000001913, 40.765371000002865 ], [ -81.397872000001172, 40.758325000002955 ], [ -81.397884000001469, 40.758103000002549 ], [ -81.398277000001315, 40.750816000003041 ], [ -81.399444000001466, 40.735609000003066 ], [ -81.383093000001722, 40.728272000003059 ], [ -81.430172000001704, 40.729586000002755 ], [ -81.429290000001572, 40.744242000003261 ], [ -81.428829000001713, 40.751791000003301 ], [ -81.428820000001949, 40.751910000002574 ], [ -81.427550000001744, 40.775686000002672 ], [ -81.426752000001244, 40.788847000002633 ], [ -81.427514000001423, 40.796186000003082 ], [ -81.426340000001829, 40.796328000002461 ], [ -81.425914000001811, 40.803410000002934 ], [ -81.425055000001578, 40.81824800000318 ], [ -81.429902000002201, 40.81845100000281 ], [ -81.434722000001742, 40.818550000003199 ], [ -81.436998000001594, 40.818664000002578 ], [ -81.441935000001195, 40.818905000003006 ], [ -81.466542000002192, 40.8196480000029 ], [ -81.483097000001649, 40.820275000002816 ], [ -81.493068000001145, 40.820531000002489 ], [ -81.49811300000141, 40.809307000003223 ], [ -81.483869000001334, 40.808770000002539 ], [ -81.484140000002029, 40.803951000003245 ], [ -81.48420000000219, 40.802854000003215 ], [ -81.49376200000215, 40.803159000003063 ], [ -81.503153000001348, 40.800597000002632 ], [ -81.504956000001442, 40.788765000002726 ], [ -81.516686000001229, 40.79228000000294 ], [ -81.514805000001417, 40.798854000003253 ], [ -81.518682000001277, 40.805253000003091 ], [ -81.523647000001972, 40.805401000002945 ], [ -81.527974000002146, 40.795084000002802 ], [ -81.525674000001331, 40.791731000002514 ], [ -81.522594000002101, 40.78780000000252 ], [ -81.51809100000149, 40.775375000003081 ], [ -81.533943000001372, 40.763957000003181 ], [ -81.527540000001551, 40.747627000002829 ], [ -81.51720500000151, 40.743476000002893 ], [ -81.517209000002225, 40.743313000002431 ], [ -81.519806000001481, 40.733002000002998 ], [ -81.520036000001269, 40.732590000003128 ], [ -81.528029000001808, 40.732857000003172 ], [ -81.53031100000166, 40.727553000002494 ], [ -81.530705000002271, 40.724707000002994 ], [ -81.538878000002057, 40.733209000002653 ], [ -81.532385000002208, 40.753826000003002 ], [ -81.546513000001312, 40.756862000002691 ], [ -81.547992000001372, 40.733493000002497 ], [ -81.648970000002166, 40.736863000002664 ], [ -81.648235000001549, 40.776376000003282 ] ], [ [ -81.528653000001313, 40.813698000003015 ], [ -81.520700000001384, 40.819361000002857 ], [ -81.522886000002032, 40.821624000002735 ], [ -81.525298000001442, 40.821709000002521 ], [ -81.542370000002236, 40.822281000002526 ], [ -81.543239000001364, 40.807173000002933 ], [ -81.528653000001313, 40.813698000003015 ] ], [ [ -81.33853400000163, 40.808283000002447 ], [ -81.321178000001282, 40.815019000002543 ], [ -81.32582600000201, 40.815014000002883 ], [ -81.335717000002248, 40.811339000002526 ], [ -81.33853400000163, 40.808283000002447 ] ] ] } },
{ "type": "Feature", "properties": { "enacted_district": 14, "population": 787086.0, "voting_age_pop": 629631.0, "dem_votes": 147918.0, "rep_votes": 181543.0, "minority_pop": 76775.0, "dem_pct": 0.4489696806453663, "rep_pct": 0.55103031905110766 }, "geometry": { "type": "Polygon", "coordinates": [ [ [ -81.392385000001454, 41.159607000002858 ], [ -81.392345000001939, 41.166238000002664 ], [ -81.392269000002116, 41.173631000002693 ], [ -81.392262000001566, 41.174188000002822 ], [ -81.392238000001242, 41.180702000003066 ], [ -81.391931000002202, 41.20285500000324 ], [ -81.392137000001668, 41.231668000003111 ], [ -81.392134000001917, 41.239743000002839 ], [ -81.391931000001662, 41.254189000003173 ], [ -81.391831000001346, 41.276488000002452 ], [ -81.391831000001616, 41.276654000002907 ], [ -81.391746000001987, 41.306956000002401 ], [ -81.391740000001633, 41.311743000002878 ], [ -81.391626000002276, 41.324919000002467 ], [ -81.391571000001747, 41.329999000002985 ], [ -81.391719000001785, 41.336658000002508 ], [ -81.391696000001517, 41.342520000002828 ], [ -81.391694000001806, 41.348272000003007 ], [ -81.391761000001807, 41.361957000002619 ], [ -81.391881000001504, 41.386627000003109 ], [ -81.391934000001342, 41.401853000002475 ], [ -81.391907000001567, 41.406177000003112 ], [ -81.391833000001796, 41.41585300000289 ], [ -81.387171000002056, 41.424269000002887 ], [ -81.374772000002025, 41.424427000002808 ], [ -81.374788000001161, 41.427259000003168 ], [ -81.374819000002077, 41.432355000002978 ], [ -81.391518000001867, 41.445222000002872 ], [ -81.391456000002009, 41.449914000003268 ], [ -81.391394000002094, 41.454897000002511 ], [ -81.391332000002095, 41.459264000002989 ], [ -81.391134000001969, 41.467051000002975 ], [ -81.39086600000212, 41.499214000002688 ], [ -81.39085100000203, 41.500748000003249 ], [ -81.390747000001127, 41.522517000003198 ], [ -81.390851000001703, 41.556060000003171 ], [ -81.391005000001243, 41.569716000002749 ], [ -81.417630000001367, 41.569670000003171 ], [ -81.419936000001528, 41.569950000003224 ], [ -81.447279000001828, 41.569964000002585 ], [ -81.447347000002196, 41.569963000002815 ], [ -81.457687000001428, 41.569952000003163 ], [ -81.469871000001788, 41.570011000002744 ], [ -81.470227000002225, 41.570013000002838 ], [ -81.487842000001905, 41.570051000003097 ], [ -81.487929000001799, 41.574350000002532 ], [ -81.488038000001993, 41.582234000002565 ], [ -81.487940000002055, 41.586249000002653 ], [ -81.488040000001632, 41.588249000002946 ], [ -81.488072000002063, 41.596284000003088 ], [ -81.488312000001869, 41.60899900000264 ], [ -81.488640000001453, 41.617437000002639 ], [ -81.488640000002164, 41.618103000002655 ], [ -81.488739000001161, 41.622932000003182 ], [ -81.488739000001374, 41.62404800000305 ], [ -81.488643000001417, 41.631522000003073 ], [ -81.481450000001686, 41.636641000002513 ], [ -81.473198000001616, 41.643809000002634 ], [ -81.46273100000208, 41.652747000002762 ], [ -81.458941000001573, 41.656957000003288 ], [ -81.45023600000178, 41.665233000003305 ], [ -81.447857000001491, 41.667821000003009 ], [ -81.427969000001951, 41.682131000002883 ], [ -81.408843000002108, 41.694601000002727 ], [ -81.396491000001859, 41.702500000003113 ], [ -81.38863100000124, 41.70725600000263 ], [ -81.365430000001794, 41.720444000002509 ], [ -81.34960300000192, 41.728276000002502 ], [ -81.327349000001647, 41.740134000002762 ], [ -81.320928000001643, 41.742686000002614 ], [ -81.311565000001195, 41.746435000003302 ], [ -81.290829000001665, 41.757452000003248 ], [ -81.280326000001949, 41.760344000002767 ], [ -81.263734000001634, 41.758237000002801 ], [ -81.223483000001892, 41.769174000002991 ], [ -81.191078000001411, 41.784403000002378 ], [ -81.147000000001398, 41.803800000003015 ], [ -81.101869000002168, 41.82015900000286 ], [ -81.084699000001891, 41.825308000002735 ], [ -81.070661000002218, 41.831031000002667 ], [ -81.061849000001857, 41.832264000002624 ], [ -81.043480000001637, 41.83914600000265 ], [ -81.032120000001797, 41.842644000002913 ], [ -81.008011000001886, 41.850429000003118 ], [ -81.002116000001834, 41.854928000003099 ], [ -80.982209000001333, 41.85659300000308 ], [ -80.922817000001089, 41.865487000002808 ], [ -80.903435000001451, 41.868027000003032 ], [ -80.887354000001622, 41.874027000003181 ], [ -80.85978500000175, 41.8828430000029 ], [ -80.82315700000116, 41.894614000002534 ], [ -80.809921000001893, 41.900807000002509 ], [ -80.80541900000199, 41.904602000002718 ], [ -80.798410000001809, 41.909807000003042 ], [ -80.778208000002095, 41.907872000003117 ], [ -80.753255000001673, 41.916049000002765 ], [ -80.712945000002009, 41.922026000002731 ], [ -80.646452000001275, 41.942414000002479 ], [ -80.626978000002055, 41.944655000002449 ], [ -80.594630000001345, 41.954816000002992 ], [ -80.574026000001666, 41.960706000002745 ], [ -80.556735000001623, 41.965958000003177 ], [ -80.549404000001317, 41.971979000002705 ], [ -80.519421000001287, 41.977523000002464 ], [ -80.519385000002217, 41.954936000002633 ], [ -80.519387000001942, 41.950350000002672 ], [ -80.519296000001489, 41.94388200000256 ], [ -80.519310000001241, 41.892136000002637 ], [ -80.519358000001972, 41.791069000002722 ], [ -80.519412000001324, 41.714731000002921 ], [ -80.519375000001247, 41.644596000002927 ], [ -80.519403000001631, 41.606879000003225 ], [ -80.519367000001154, 41.57102200000287 ], [ -80.519225000001327, 41.499924000002899 ], [ -80.518993000001913, 41.423954000002809 ], [ -80.519120000001408, 41.350730000003011 ], [ -80.519088000001517, 41.289912000003007 ], [ -80.519090000002038, 41.272935000003258 ], [ -80.51908900000133, 41.232757000002763 ], [ -80.518871000001482, 41.220509000003098 ], [ -80.519064000001279, 41.202984000002573 ], [ -80.519130000001709, 41.171103000002944 ], [ -80.519048000002101, 41.133394000002461 ], [ -80.569098000001858, 41.133317000002769 ], [ -80.587470000001645, 41.133358000003305 ], [ -80.611891000001407, 41.133457000002835 ], [ -80.616847000001897, 41.133360000002696 ], [ -80.635334000001123, 41.133502000002522 ], [ -80.645351000001185, 41.133537000002669 ], [ -80.651649000001086, 41.133577000003129 ], [ -80.660311000001855, 41.133660000002507 ], [ -80.665491000001765, 41.133665000002949 ], [ -80.673411000001437, 41.133684000003157 ], [ -80.711149000001598, 41.133902000002848 ], [ -80.738265000001874, 41.133985000002703 ], [ -80.752521000002034, 41.13406000000289 ], [ -80.753549000001641, 41.134067000002972 ], [ -80.768742000001168, 41.134095000002638 ], [ -80.778336000001104, 41.134069000002498 ], [ -80.81116300000113, 41.134226000003089 ], [ -80.905972000001611, 41.134388000003042 ], [ -81.002290000001352, 41.134189000002998 ], [ -81.002405000002241, 41.098669000002694 ], [ -81.002360000001971, 41.062093000002861 ], [ -81.001920000001817, 41.021698000003163 ], [ -81.001695000001419, 40.987783000002509 ], [ -81.086312000002266, 40.988031000003154 ], [ -81.098820000002021, 40.98807400000301 ], [ -81.144297000001558, 40.988214000002571 ], [ -81.14799500000187, 40.98821900000295 ], [ -81.183849000001885, 40.98820800000302 ], [ -81.195679000002116, 40.988205000002779 ], [ -81.233971000001858, 40.988257000003259 ], [ -81.249390000001398, 40.988359000003314 ], [ -81.299767000001225, 40.988511000002859 ], [ -81.302728000002219, 40.988534000003277 ], [ -81.342697000001976, 40.988657000003123 ], [ -81.34762700000185, 40.996797000003326 ], [ -81.37433400000161, 40.995549000002882 ], [ -81.374276000001942, 41.021857000002555 ], [ -81.383268000001451, 41.027372000002856 ], [ -81.39326700000133, 41.029035000002821 ], [ -81.393236000001494, 41.036303000002469 ], [ -81.393222000001302, 41.039001000002841 ], [ -81.393056000001835, 41.060666000002755 ], [ -81.392935000001756, 41.066197000002944 ], [ -81.392946000002127, 41.06626700000264 ], [ -81.392766000001558, 41.087056000002441 ], [ -81.392534000001589, 41.100435000002577 ], [ -81.392432000001151, 41.111755000003008 ], [ -81.3921140000013, 41.135722000002872 ], [ -81.392357000002235, 41.136952000002992 ], [ -81.392444000001589, 41.148247000003309 ], [ -81.392427000002243, 41.151357000002591 ], [ -81.392385000001454, 41.159607000002858 ] ] ] } },
{ "type": "Feature", "properties": { "enacted_district": 15, "population": 787758.0, "voting_age_pop": 600079.0, "dem_votes": 134342.0, "rep_votes": 160465.0, "minority_pop": 140186.0, "dem_pct": 0.45569474250757452, "rep_pct": 0.54430525715322053 }, "geometry": { "type": "MultiPolygon", "coordinates": [ [ [ [ -84.274822000002018, 39.921763000003175 ], [ -84.273480000002337, 39.99472400000306 ], [ -84.222310000001841, 39.995624000003232 ], [ -84.200481000001488, 39.995572000002838 ], [ -84.184486000001542, 39.995414000003166 ], [ -84.184450000001348, 40.023637000002402 ], [ -84.201069000001269, 40.025322000002497 ], [ -84.20453700000192, 40.025271000002412 ], [ -84.227224000001314, 40.010170000003207 ], [ -84.229606000001695, 40.01011100000246 ], [ -84.230598000001692, 40.017836000003058 ], [ -84.249563000001871, 40.009709000002402 ], [ -84.258413000001624, 40.01476900000258 ], [ -84.24203900000154, 40.024416000003107 ], [ -84.296262000001974, 40.023424000002464 ], [ -84.298314000002435, 40.095811000002648 ], [ -84.316040000001692, 40.095819000003189 ], [ -84.373130000002234, 40.095068000003188 ], [ -84.429860000001796, 40.094449000002534 ], [ -84.430680000001544, 40.122877000002639 ], [ -84.431157000001491, 40.141209000002959 ], [ -84.436332000001414, 40.180801000003243 ], [ -84.432575000001748, 40.197037000002886 ], [ -84.433959000002062, 40.270149000002725 ], [ -84.43461000000211, 40.325293000002553 ], [ -84.377885000001953, 40.325527000002488 ], [ -84.37172600000234, 40.328945000002932 ], [ -84.284164000001354, 40.329673000002892 ], [ -84.285062000002398, 40.359964000002513 ], [ -84.297559000002096, 40.379366000003088 ], [ -84.221199000002372, 40.380401000003062 ], [ -84.20878600000168, 40.368289000002953 ], [ -84.208290000002293, 40.31620400000287 ], [ -84.170787000001567, 40.316537000003073 ], [ -84.161483000001809, 40.316535000002737 ], [ -84.15060900000131, 40.319125000003012 ], [ -84.131759000002305, 40.32597600000274 ], [ -84.131698000001492, 40.316822000002738 ], [ -84.123855000001797, 40.306655000002465 ], [ -84.095791000002265, 40.326032000002861 ], [ -84.068321000001475, 40.336742000002573 ], [ -84.041824000001554, 40.337280000003197 ], [ -84.010101000001598, 40.317600000002443 ], [ -84.014763000001565, 40.273459000002894 ], [ -84.016296000002157, 40.256626000003145 ], [ -84.021392000001327, 40.20061000000279 ], [ -84.022919000001409, 40.183945000003142 ], [ -84.028365000001372, 40.127862000003098 ], [ -84.029857000001485, 40.111431000003201 ], [ -84.031935000002235, 40.086072000002723 ], [ -84.036069000001476, 40.040182000002865 ], [ -83.97847200000173, 40.037460000002653 ], [ -83.921005000002296, 40.034058000002979 ], [ -83.883122000002189, 40.031197000003267 ], [ -83.86425500000216, 40.030437000002678 ], [ -83.807225000002262, 40.027342000002477 ], [ -83.730739000002345, 40.022535000003003 ], [ -83.691920000001872, 40.02005900000276 ], [ -83.67289700000174, 40.019096000003273 ], [ -83.604100000002134, 40.014780000002808 ], [ -83.591456000001841, 40.014154000002776 ], [ -83.516155000001675, 40.010188000002628 ], [ -83.511323000001823, 40.047400000002654 ], [ -83.503714000001523, 40.111468000002489 ], [ -83.392587000001541, 40.110405000002494 ], [ -83.382262000001504, 40.110314000002909 ], [ -83.292360000001366, 40.109379000002839 ], [ -83.28598100000147, 40.109293000003028 ], [ -83.279723000001923, 40.109235000002471 ], [ -83.278271000001595, 40.109207000002591 ], [ -83.262903000002026, 40.108756000003147 ], [ -83.258617000001578, 40.108662000002695 ], [ -83.245272000002245, 40.108369000003101 ], [ -83.239343000002108, 40.108260000002574 ], [ -83.215567000002238, 40.107929000003011 ], [ -83.2062730000019, 40.107733000002995 ], [ -83.191612000002223, 40.107437000002619 ], [ -83.191206000002282, 40.107428000002855 ], [ -83.17020800000175, 40.107073000002963 ], [ -83.170060000001669, 40.11855600000289 ], [ -83.169902000001542, 40.131022000003227 ], [ -83.169981000001258, 40.143087000002765 ], [ -83.163026000001977, 40.142464000002597 ], [ -83.152825000002167, 40.142092000002997 ], [ -83.137147000002287, 40.141045000002833 ], [ -83.127082000001707, 40.1405740000028 ], [ -83.119942000001515, 40.140181000003011 ], [ -83.100620000001683, 40.13957000000304 ], [ -83.089778000002369, 40.139212000002949 ], [ -83.080543000001313, 40.13888100000257 ], [ -83.072050000002349, 40.138564000003043 ], [ -83.063808000002041, 40.138282000002519 ], [ -83.061424000001338, 40.132535000003223 ], [ -83.059278000002308, 40.121923000002894 ], [ -83.059400000002199, 40.121926000003221 ], [ -83.058323000001778, 40.117042000003131 ], [ -83.057241000002165, 40.112110000002943 ], [ -83.057084000001808, 40.111397000003258 ], [ -83.056341000001822, 40.108023000002589 ], [ -83.055391000002103, 40.103705000002485 ], [ -83.063995000001654, 40.103719000002712 ], [ -83.07292500000132, 40.102868000002772 ], [ -83.07446500000124, 40.103628000003255 ], [ -83.081903000001716, 40.099029000003135 ], [ -83.09145400000159, 40.10187200000253 ], [ -83.091834000001896, 40.094539000003195 ], [ -83.09190000000126, 40.088476000002714 ], [ -83.092230000001976, 40.082624000002511 ], [ -83.092696000001354, 40.073599000003277 ], [ -83.0929140000015, 40.069952000002466 ], [ -83.093538000001402, 40.062328000002658 ], [ -83.104253000001677, 40.065513000003193 ], [ -83.10482900000224, 40.068385000002401 ], [ -83.107262000001739, 40.072923000002646 ], [ -83.104264000002274, 40.082059000002445 ], [ -83.110642000001306, 40.083118000003068 ], [ -83.108462000001367, 40.07503700000305 ], [ -83.105252000001741, 40.068233000002699 ], [ -83.104516000001752, 40.065376000002729 ], [ -83.095175000001504, 40.047877000002913 ], [ -83.094712000001323, 40.042858000003079 ], [ -83.093368000002272, 40.035933000003183 ], [ -83.092127000001724, 40.030006000003148 ], [ -83.09147400000208, 40.025983000002611 ], [ -83.091711000001766, 40.018309000003079 ], [ -83.090508000001435, 40.014422000002732 ], [ -83.08051300000227, 40.004659000002725 ], [ -83.076482000001221, 39.99881800000253 ], [ -83.068362000002082, 39.991303000003043 ], [ -83.067465000001263, 39.989546000002662 ], [ -83.065391000001313, 39.984286000002754 ], [ -83.058195000001433, 39.977389000002653 ], [ -83.050717000001583, 39.975985000002701 ], [ -83.045756000002001, 39.974523000002854 ], [ -83.021127000001741, 39.971953000003253 ], [ -83.017299000002239, 39.964778000003115 ], [ -83.009889000002275, 39.964456000003167 ], [ -83.009282000001562, 39.973824000002992 ], [ -83.002872000001432, 39.973758000002611 ], [ -83.002203000001927, 39.970241000002702 ], [ -82.999014000001438, 39.971799000002505 ], [ -82.997530000002087, 39.972816000002879 ], [ -82.993309000001531, 39.977049000002872 ], [ -82.98967000000205, 39.979849000002609 ], [ -82.990415000002315, 39.959908000003011 ], [ -82.995592000001466, 39.959316000002502 ], [ -82.99507900000124, 39.956644000002733 ], [ -83.006424000002028, 39.956016000002613 ], [ -83.011875000001865, 39.952470000002386 ], [ -83.012001000002044, 39.952061000003035 ], [ -83.007176000001849, 39.953205000002527 ], [ -83.003499000001739, 39.94851300000245 ], [ -82.99269400000172, 39.949094000003242 ], [ -82.99089100000198, 39.949020000002754 ], [ -82.989893000001302, 39.945973000002553 ], [ -82.990018000001783, 39.944550000002806 ], [ -82.982963000001845, 39.944177000002732 ], [ -82.983342000002054, 39.93922200000268 ], [ -82.983572000001445, 39.93631600000289 ], [ -82.97865500000124, 39.936080000002903 ], [ -82.978716000001256, 39.935270000002795 ], [ -82.981406000001385, 39.930185000002986 ], [ -82.981509000001282, 39.927425000003176 ], [ -82.964987000001855, 39.927650000003297 ], [ -82.965582000001476, 39.920032000002799 ], [ -82.965592000001834, 39.919896000002758 ], [ -82.966480000001354, 39.90910200000252 ], [ -82.966857000001326, 39.904509000003287 ], [ -82.965174000002122, 39.903401000002738 ], [ -82.957396000001836, 39.904837000002438 ], [ -82.952654000001928, 39.904591000003215 ], [ -82.947997000001379, 39.904372000002773 ], [ -82.9218430000019, 39.906464000002998 ], [ -82.921821000002126, 39.906800000003102 ], [ -82.926066000001342, 39.918439000002699 ], [ -82.920243000001335, 39.917749000002885 ], [ -82.896980000001903, 39.916446000002544 ], [ -82.880634000001407, 39.915535000002883 ], [ -82.870747000002339, 39.914986000002521 ], [ -82.864731000001242, 39.921980000002769 ], [ -82.865706000001381, 39.926620000002671 ], [ -82.864440000002318, 39.935462000002588 ], [ -82.864318000001944, 39.935676000002751 ], [ -82.86014100000186, 39.934670000002619 ], [ -82.852180000002008, 39.934104000002577 ], [ -82.842223000002278, 39.933558000002527 ], [ -82.830725000001891, 39.932933000003246 ], [ -82.830493000001823, 39.935683000002683 ], [ -82.82380700000239, 39.932752000002942 ], [ -82.823824000002332, 39.932550000003069 ], [ -82.817627000001409, 39.932403000003063 ], [ -82.811476000001264, 39.932116000002544 ], [ -82.811962000002197, 39.926491000003054 ], [ -82.812222000001782, 39.922718000003201 ], [ -82.812568000001988, 39.918175000003231 ], [ -82.812990000002202, 39.913539000002835 ], [ -82.813096000001266, 39.911663000002633 ], [ -82.809682000001501, 39.911550000003047 ], [ -82.809228000001383, 39.91152400000319 ], [ -82.799054000001291, 39.911019000002561 ], [ -82.794383000002057, 39.910785000002818 ], [ -82.795197000002204, 39.904641000002599 ], [ -82.797498000001454, 39.884543000003049 ], [ -82.797707000002035, 39.880035000002785 ], [ -82.797742000002302, 39.874391000003065 ], [ -82.798403000001642, 39.867148000002722 ], [ -82.7992130000016, 39.85968400000278 ], [ -82.800354000001533, 39.849510000003285 ], [ -82.800941000002368, 39.845008000002665 ], [ -82.801604000001376, 39.836157000002864 ], [ -82.8022510000023, 39.829485000003231 ], [ -82.802413000002005, 39.82404600000288 ], [ -82.802417000001498, 39.823979000002446 ], [ -82.802476000001818, 39.822953000003189 ], [ -82.802977000002073, 39.82298100000267 ], [ -82.821496000001687, 39.824271000003328 ], [ -82.821817000001531, 39.820957000002885 ], [ -82.824062000002158, 39.797065000002576 ], [ -82.824254000001474, 39.794996000002989 ], [ -82.937725000002175, 39.801007000002883 ], [ -83.01307100000129, 39.804394000002986 ], [ -83.030193000002143, 39.80519200000326 ], [ -83.047393000001492, 39.805372000003139 ], [ -83.06047000000153, 39.80568500000296 ], [ -83.120355000002121, 39.807823000002948 ], [ -83.153257000001659, 39.808465000002634 ], [ -83.165103000002304, 39.808711000002781 ], [ -83.243702000001946, 39.812503000003233 ], [ -83.243839000002296, 39.80932700000286 ], [ -83.251136000001395, 39.713436000002702 ], [ -83.252435000001554, 39.695438000002667 ], [ -83.257771000002236, 39.627109000003287 ], [ -83.258207000001974, 39.619598000003123 ], [ -83.26673700000164, 39.516249000003043 ], [ -83.27535200000203, 39.504788000002733 ], [ -83.313423000002302, 39.455316000002782 ], [ -83.33344000000163, 39.428810000003239 ], [ -83.372714000001281, 39.377416000002626 ], [ -83.383015000002075, 39.401791000002987 ], [ -83.380289000001298, 39.418489000003198 ], [ -83.42254500000189, 39.455376000003007 ], [ -83.418000000001271, 39.461528000002481 ], [ -83.457369000001847, 39.470173000002859 ], [ -83.46145400000222, 39.447977000003149 ], [ -83.48879900000226, 39.431391000003117 ], [ -83.487704000001372, 39.39765100000271 ], [ -83.49367400000196, 39.377901000003277 ], [ -83.590878000001638, 39.378736000003315 ], [ -83.583455000001877, 39.466630000003008 ], [ -83.580782000002017, 39.498869000002891 ], [ -83.576286000001389, 39.544547000002794 ], [ -83.60297500000145, 39.546284000002863 ], [ -83.670196000001823, 39.550254000002603 ], [ -83.665343000002352, 39.598772000002526 ], [ -83.663522000001436, 39.617725000002991 ], [ -83.659814000002044, 39.653924000002426 ], [ -83.658034000002061, 39.670348000002669 ], [ -83.653330000002143, 39.716876000002607 ], [ -83.647169000001867, 39.773029000002701 ], [ -83.715411000002135, 39.77962800000298 ], [ -83.720070000001513, 39.779902000002487 ], [ -83.711560000002237, 39.858895000003237 ], [ -83.704891000001268, 39.911359000002989 ], [ -83.704856000002351, 39.911651000003133 ], [ -83.703462000001323, 39.923423000003041 ], [ -83.703440000001763, 39.923602000002454 ], [ -83.700725000002066, 39.947660000002877 ], [ -83.753211000001286, 39.950060000003113 ], [ -83.765185000002134, 39.950893000003191 ], [ -83.77474600000177, 39.951485000002464 ], [ -83.777156000002222, 39.951634000003104 ], [ -83.776208000001787, 39.958813000002614 ], [ -83.76196200000237, 39.958090000002841 ], [ -83.759960000002323, 39.962328000003041 ], [ -83.766108000001964, 39.965666000002628 ], [ -83.765058000002142, 39.975914000002689 ], [ -83.783585000002418, 39.981328000002954 ], [ -83.783518000001891, 39.979223000002975 ], [ -83.781648000001667, 39.966519000002435 ], [ -83.785184000002175, 39.966755000002991 ], [ -83.800371000002002, 39.964041000002496 ], [ -83.811990000001927, 39.982800000003003 ], [ -83.830624000001905, 39.978015000002664 ], [ -83.832626000001255, 39.969616000002993 ], [ -83.831832000002024, 39.964601000003029 ], [ -83.821651000002262, 39.963925000002838 ], [ -83.829989000001362, 39.954857000003081 ], [ -83.839809000001623, 39.955461000003083 ], [ -83.849290000002171, 39.943758000002532 ], [ -83.858567000002012, 39.942196000002909 ], [ -83.873139000001856, 39.943022000002877 ], [ -83.879170000001764, 39.943371000003005 ], [ -83.892993000002036, 39.944253000003137 ], [ -83.896372000001833, 39.907439000002562 ], [ -83.913584000001975, 39.903086000002617 ], [ -83.935455000002094, 39.891929000002641 ], [ -83.936095000001799, 39.885580000003294 ], [ -83.937654000001316, 39.866432000002817 ], [ -83.956813000001873, 39.867016000003147 ], [ -83.938476000001927, 39.860310000002677 ], [ -83.938503000001688, 39.844095000003129 ], [ -83.939583000002102, 39.843797000002745 ], [ -83.989624000002053, 39.846566000002674 ], [ -84.037455000001671, 39.849524000003044 ], [ -84.053736000001919, 39.850458000002462 ], [ -84.052281000002253, 39.865082000002467 ], [ -84.051012000002061, 39.879810000002877 ], [ -84.098182000001373, 39.882525000003184 ], [ -84.098454000001297, 39.882533000003001 ], [ -84.110159000001516, 39.883250000003123 ], [ -84.121376000001916, 39.883904000002893 ], [ -84.12555100000192, 39.884126000003079 ], [ -84.136110000002304, 39.884749000002842 ], [ -84.139237000001671, 39.884947000003017 ], [ -84.157217000002191, 39.885994000003095 ], [ -84.163815000001989, 39.895508000002749 ], [ -84.167065000001472, 39.912197000003097 ], [ -84.157671000001628, 39.922970000002998 ], [ -84.166970000001854, 39.922883000002692 ], [ -84.166988000001936, 39.922761000003248 ], [ -84.19870300000234, 39.922708000002935 ], [ -84.227198000002033, 39.922344000002902 ], [ -84.232105000002136, 39.922348000003211 ], [ -84.24201400000139, 39.922214000002519 ], [ -84.274822000002018, 39.921763000003175 ] ], [ [ -83.086911000001706, 40.130009000002978 ], [ -83.089745000002338, 40.127825000002886 ], [ -83.086355000001276, 40.127700000002662 ], [ -83.086911000001706, 40.130009000002978 ] ], [ [ -83.108416000001512, 40.092809000002845 ], [ -83.108290000001617, 40.092716000002653 ], [ -83.107886000001727, 40.094350000002976 ], [ -83.108416000001512, 40.092809000002845 ] ], [ [ -83.083447000001712, 40.132818000003169 ], [ -83.079682000002123, 40.132688000002446 ], [ -83.080257000002291, 40.134414000003147 ], [ -83.083447000001712, 40.132818000003169 ] ] ], [ [ [ -83.814625000001783, 39.953953000002905 ], [ -83.824088000001609, 39.95446100000261 ], [ -83.818686000001435, 39.956194000002888 ], [ -83.814625000001783, 39.953953000002905 ] ] ] ] } }
]
}
