{
"type": "FeatureCollection",
"name": "ohio_optimized_districts_all",
"crs": { "type": "name", "properties": { "name": "urn:ogc:def:crs:OGC:1.3:CRS84" } },
"features": [
{ "type": "Feature", "properties": { "opt_all": 1, "population": 789014.0, "voting_age_pop": 614988.0, "dem_votes": 162969.0, "rep_votes": 167109.0, "minority_pop": 171532.0, "dem_pct": 0.49372875487196094, "rep_pct": 0.50627124482508035 }, "geometry": { "type": "Polygon", "coordinates": [ [ [ -84.702706000001854, 39.119392000003188 ], [ -84.712160000001589, 39.130388000003073 ], [ -84.726410000001479, 39.142100000002998 ], [ -84.759284000001941, 39.144233000003048 ], [ -84.784484000002294, 39.11771900000285 ], [ -84.820155000001421, 39.105419000002918 ], [ -84.820076000002359, 39.119978000002419 ], [ -84.820146000001628, 39.218401000002729 ], [ -84.820076000001634, 39.248801000002757 ], [ -84.819995000001555, 39.255184000002949 ], [ -84.819622000002369, 39.270126000002989 ], [ -84.819450000002334, 39.305153000002392 ], [ -84.795744000001505, 39.305650000002885 ], [ -84.763276000001326, 39.304918000002743 ], [ -84.740403000002317, 39.304754000003037 ], [ -84.703280000001783, 39.30474800000308 ], [ -84.659233000001791, 39.304847000003228 ], [ -84.641814000002142, 39.305044000002717 ], [ -84.630992000001541, 39.311942000003221 ], [ -84.618428000001487, 39.311370000002945 ], [ -84.611163000001937, 39.293621000002993 ], [ -84.628397000002082, 39.2743520000027 ], [ -84.601358000001412, 39.257552000002818 ], [ -84.61023900000157, 39.249656000002872 ], [ -84.624356000001811, 39.239224000002991 ], [ -84.623161000001474, 39.238094000003123 ], [ -84.633807000001894, 39.22936300000277 ], [ -84.64106400000226, 39.22693200000289 ], [ -84.650670000001938, 39.2091620000026 ], [ -84.635891000001422, 39.208350000002397 ], [ -84.627572000002289, 39.216127000003148 ], [ -84.599772000002304, 39.21323400000292 ], [ -84.60153300000178, 39.220700000002779 ], [ -84.599887000001416, 39.227017000003173 ], [ -84.588120000002363, 39.225563000003106 ], [ -84.5861140000017, 39.220032000002611 ], [ -84.585818000002035, 39.218836000002533 ], [ -84.573936000002391, 39.212109000003167 ], [ -84.569110000002027, 39.219064000003208 ], [ -84.56885400000219, 39.222361000002529 ], [ -84.5679960000015, 39.234307000002779 ], [ -84.567246000002342, 39.243198000002899 ], [ -84.557546000002048, 39.240911000003273 ], [ -84.553856000001531, 39.24408500000257 ], [ -84.547302000002304, 39.242658000002812 ], [ -84.534577000001335, 39.231050000003194 ], [ -84.52945500000132, 39.232095000003049 ], [ -84.529850000001346, 39.228226000003055 ], [ -84.524719000002179, 39.223268000002868 ], [ -84.517046000002381, 39.223509000002863 ], [ -84.517827000001816, 39.220657000003094 ], [ -84.495828000001367, 39.21692700000262 ], [ -84.495544000001402, 39.216254000002451 ], [ -84.496959000001311, 39.204419000002538 ], [ -84.493235000001377, 39.20594600000252 ], [ -84.492743000001411, 39.215361000003185 ], [ -84.481528000001902, 39.219800000002664 ], [ -84.47362800000235, 39.217665000002498 ], [ -84.468924000002431, 39.217897000002637 ], [ -84.465821000002194, 39.217889000002465 ], [ -84.460716000001909, 39.217820000003215 ], [ -84.461872000002202, 39.211535000002549 ], [ -84.455556000002105, 39.21142700000258 ], [ -84.450676000001749, 39.207594000003219 ], [ -84.453757000001374, 39.204532000002573 ], [ -84.449072000002303, 39.204293000002693 ], [ -84.4328920000018, 39.210514000002703 ], [ -84.435932000002424, 39.214610000003269 ], [ -84.426285000001897, 39.217493000002989 ], [ -84.423761000002202, 39.216732000002622 ], [ -84.421859000002399, 39.217252000002595 ], [ -84.417040000002032, 39.217111000003086 ], [ -84.416711000001314, 39.220522000002504 ], [ -84.410519000001912, 39.209232000002942 ], [ -84.40830400000236, 39.209084000002569 ], [ -84.408643000001973, 39.205592000003023 ], [ -84.409014000001704, 39.20163100000299 ], [ -84.404116000001778, 39.200927000002572 ], [ -84.39634800000205, 39.201465000003068 ], [ -84.385549000002172, 39.200424000002734 ], [ -84.385192000001624, 39.200391000002931 ], [ -84.394851000002234, 39.194073000002682 ], [ -84.394927000001786, 39.193193000002438 ], [ -84.394643000002262, 39.186634000002563 ], [ -84.395341000001906, 39.175460000002587 ], [ -84.387124000001705, 39.167882000003011 ], [ -84.3863480000024, 39.167860000003174 ], [ -84.380780000001806, 39.162835000003135 ], [ -84.37635000000175, 39.16936400000278 ], [ -84.37555800000132, 39.172584000003134 ], [ -84.36558700000225, 39.166173000002701 ], [ -84.368616000001694, 39.150056000002891 ], [ -84.372358000002109, 39.152968000002872 ], [ -84.372832000001821, 39.152998000002569 ], [ -84.373136000001864, 39.150612000002909 ], [ -84.375594000002053, 39.147836000003153 ], [ -84.385424000001336, 39.148426000002559 ], [ -84.38736700000203, 39.148550000002537 ], [ -84.39946100000175, 39.149298000002503 ], [ -84.404525000001783, 39.149617000002493 ], [ -84.405540000001338, 39.139806000003055 ], [ -84.400933000002013, 39.134494000002412 ], [ -84.39953900000134, 39.134355000002515 ], [ -84.401798000001307, 39.10944700000249 ], [ -84.366999000001925, 39.106961000002464 ], [ -84.357411000002003, 39.108577000003258 ], [ -84.34577000000175, 39.114962000003288 ], [ -84.342307000002336, 39.113122000003045 ], [ -84.339165000002254, 39.100671000002698 ], [ -84.31859900000228, 39.111631000002447 ], [ -84.318867000001333, 39.106363000002936 ], [ -84.310417000001507, 39.090716000003134 ], [ -84.307136000001492, 39.112838000002725 ], [ -84.30688700000195, 39.114499000002525 ], [ -84.303806000002382, 39.135243000002397 ], [ -84.301893000001272, 39.152148000002562 ], [ -84.301828000001407, 39.152566000002984 ], [ -84.297429000002239, 39.165852000002921 ], [ -84.295097000002258, 39.167133000003282 ], [ -84.298358000001883, 39.171789000003251 ], [ -84.298226000001705, 39.175723000002613 ], [ -84.294596000001306, 39.17857700000306 ], [ -84.288463000002437, 39.182344000003098 ], [ -84.288288000002268, 39.186487000002558 ], [ -84.27800000000164, 39.19691600000246 ], [ -84.293617000001646, 39.210674000003273 ], [ -84.296099000001391, 39.209712000003258 ], [ -84.312174000002159, 39.210793000003157 ], [ -84.318700000001556, 39.225009000002828 ], [ -84.297003000001325, 39.238254000003217 ], [ -84.296797000002343, 39.238495000002807 ], [ -84.282224000002174, 39.252263000002941 ], [ -84.267878000001502, 39.262051000003176 ], [ -84.26087300000188, 39.266508000002752 ], [ -84.259431000002209, 39.270860000003253 ], [ -84.245166000001561, 39.269942000003191 ], [ -84.237511000001788, 39.269448000002477 ], [ -84.234960000002388, 39.269280000003249 ], [ -84.219001000001896, 39.26826600000291 ], [ -84.19322700000231, 39.266625000002691 ], [ -84.159672000001464, 39.264512000002931 ], [ -84.092395000002128, 39.260311000002723 ], [ -84.078947000002145, 39.25948000000286 ], [ -84.073692000001898, 39.259157000003057 ], [ -84.051858000001829, 39.25782100000297 ], [ -84.007454000001502, 39.255112000002654 ], [ -83.989921000001743, 39.254096000002875 ], [ -83.997536000001247, 39.192893000002584 ], [ -83.997760000001421, 39.191092000002577 ], [ -84.003163000001763, 39.146288000003217 ], [ -84.004463000001437, 39.135475000002941 ], [ -84.007340000001321, 39.116044000003058 ], [ -84.010468000001339, 39.091404000003138 ], [ -84.012544000001384, 39.076609000002897 ], [ -84.017016000001775, 39.044824000002521 ], [ -84.01862000000223, 39.033718000002573 ], [ -84.025441000001607, 38.985821000003163 ], [ -84.025600000001674, 38.984417000002722 ], [ -84.030245000002296, 38.946476000002832 ], [ -84.035628000002134, 38.904315000003287 ], [ -84.036627000001545, 38.895140000003082 ], [ -84.03780200000169, 38.884771000002566 ], [ -84.046003000002258, 38.821984000003141 ], [ -84.048004000002294, 38.806555000003051 ], [ -84.052709000001343, 38.771226000002812 ], [ -84.091623000001405, 38.774236000002453 ], [ -84.15187000000185, 38.793966000003074 ], [ -84.20587900000173, 38.802685000002612 ], [ -84.227363000002143, 38.821303000002608 ], [ -84.233652000002166, 38.847425000003319 ], [ -84.231955000001548, 38.871861000002987 ], [ -84.236567000001656, 38.896125000003096 ], [ -84.262225000001891, 38.927347000003081 ], [ -84.278991000001582, 38.94420500000318 ], [ -84.286536000002286, 38.952542000003106 ], [ -84.298390000001831, 38.99074700000314 ], [ -84.306074000001473, 39.007753000003227 ], [ -84.319985000002433, 39.021534000002731 ], [ -84.33515700000136, 39.032043000002503 ], [ -84.360721000002201, 39.041567000003134 ], [ -84.411144000001855, 39.046603000002463 ], [ -84.42353900000208, 39.051856000002807 ], [ -84.433333000002122, 39.077994000002477 ], [ -84.435160000001645, 39.100362000002995 ], [ -84.445860000001318, 39.114663000002423 ], [ -84.462073000001382, 39.12182800000307 ], [ -84.471379000001605, 39.121524000002452 ], [ -84.495999000002271, 39.101330000003209 ], [ -84.50224900000147, 39.096932000003072 ], [ -84.515934000002247, 39.092897000002395 ], [ -84.522572000002199, 39.092205000003013 ], [ -84.543556000001715, 39.099767000002871 ], [ -84.553316000001587, 39.09860400000273 ], [ -84.573264000002268, 39.081941000003233 ], [ -84.600807000002391, 39.074508000002965 ], [ -84.624142000001839, 39.074523000003225 ], [ -84.649630000001395, 39.091038000002456 ], [ -84.689354000001686, 39.103192000003261 ], [ -84.702706000001854, 39.119392000003188 ] ] ] } },
{ "type": "Feature", "properties": { "opt_all": 2, "population": 786207.0, "voting_age_pop": 616372.0, "dem_votes": 98173.0, "rep_votes": 193837.0, "minority_pop": 46588.0, "dem_pct": 0.3361973903851932, "rep_pct": 0.66380260927235279 }, "geometry": { "type": "Polygon", "coordinates": [ [ [ -83.915858000001549, 38.769787000003276 ], [ -83.959033000002222, 38.787091000002881 ], [ -83.978095000002327, 38.787363000002983 ], [ -84.018426000001625, 38.776221000003176 ], [ -84.052709000001343, 38.771226000002812 ], [ -84.048004000002294, 38.806555000003051 ], [ -84.046003000002258, 38.821984000003141 ], [ -84.03780200000169, 38.884771000002566 ], [ -84.036627000001545, 38.895140000003082 ], [ -84.035628000002134, 38.904315000003287 ], [ -84.030245000002296, 38.946476000002832 ], [ -84.025600000001674, 38.984417000002722 ], [ -84.025441000001607, 38.985821000003163 ], [ -84.01862000000223, 39.033718000002573 ], [ -84.017016000001775, 39.044824000002521 ], [ -84.012544000001384, 39.076609000002897 ], [ -84.010468000001339, 39.091404000003138 ], [ -84.007340000001321, 39.116044000003058 ], [ -84.004463000001437, 39.135475000002941 ], [ -84.003163000001763, 39.146288000003217 ], [ -83.997760000001421, 39.191092000002577 ], [ -83.997536000001247, 39.192893000002584 ], [ -83.989921000001743, 39.254096000002875 ], [ -83.950133000002211, 39.251882000002482 ], [ -83.945978000001389, 39.251702000002908 ], [ -83.865679000001947, 39.247333000002861 ], [ -83.834404000001996, 39.245715000002768 ], [ -83.835869000001409, 39.223304000002642 ], [ -83.808297000001374, 39.22468300000272 ], [ -83.795651000002096, 39.240927000003133 ], [ -83.790149000001819, 39.250548000002489 ], [ -83.783126000002014, 39.263823000002589 ], [ -83.73610000000177, 39.29213400000296 ], [ -83.700213000001597, 39.313998000003252 ], [ -83.699520000001939, 39.314407000003229 ], [ -83.691526000001602, 39.319190000002955 ], [ -83.672132000001866, 39.330869000002671 ], [ -83.633517000001476, 39.353960000002978 ], [ -83.593868000001933, 39.377081000002448 ], [ -83.590878000001638, 39.378736000003315 ], [ -83.49367400000196, 39.377901000003277 ], [ -83.372714000001281, 39.377416000002626 ], [ -83.33344000000163, 39.428810000003239 ], [ -83.313423000002302, 39.455316000002782 ], [ -83.27535200000203, 39.504788000002733 ], [ -83.26673700000164, 39.516249000003043 ], [ -83.165611000001704, 39.512190000002967 ], [ -83.065757000002023, 39.508761000003112 ], [ -83.061667000001961, 39.50863400000285 ], [ -82.992597000001453, 39.50638800000246 ], [ -82.980696000001771, 39.489861000002549 ], [ -82.998204000001749, 39.480061000003047 ], [ -82.916737000002101, 39.476656000002983 ], [ -82.908532000001827, 39.476259000003076 ], [ -82.904201000001962, 39.476036000002679 ], [ -82.850998000001766, 39.473409000002803 ], [ -82.749998000001526, 39.468062000002625 ], [ -82.740729000002062, 39.468350000002545 ], [ -82.736253000002179, 39.510950000003007 ], [ -82.731518000001373, 39.554445000002808 ], [ -82.730272000001378, 39.569066000002692 ], [ -82.717520000001372, 39.568274000002653 ], [ -82.620088000001346, 39.563987000002655 ], [ -82.617546000001582, 39.608605000003209 ], [ -82.549804000002339, 39.605653000002995 ], [ -82.496123000001219, 39.602849000002706 ], [ -82.493133000001833, 39.632420000002689 ], [ -82.490329000001623, 39.661704000002722 ], [ -82.433275000001828, 39.658113000002771 ], [ -82.374531000001767, 39.654959000002975 ], [ -82.371588000001722, 39.685574000003086 ], [ -82.366051000001519, 39.742520000002905 ], [ -82.404246000001763, 39.744605000003091 ], [ -82.401824000002335, 39.768435000002725 ], [ -82.396594000002295, 39.833057000002505 ], [ -82.418453000001549, 39.834159000003055 ], [ -82.424814000002186, 39.834477000002501 ], [ -82.47240200000158, 39.837223000002751 ], [ -82.471683000002301, 39.8485810000032 ], [ -82.471204000001379, 39.849471000002794 ], [ -82.464629000001281, 39.912548000002658 ], [ -82.463721000001328, 39.924638000002794 ], [ -82.462813000002186, 39.930380000002586 ], [ -82.424904000001462, 39.928183000003344 ], [ -82.408984000001254, 39.9219680000026 ], [ -82.387440000001462, 39.920740000002468 ], [ -82.349470000001176, 39.918697000002552 ], [ -82.287445000001767, 39.915589000002718 ], [ -82.234161000001976, 39.913268000002965 ], [ -82.233974000001623, 39.913260000002616 ], [ -82.231680000001305, 39.947586000002893 ], [ -82.231695000001707, 39.951075000002817 ], [ -82.211921000001283, 39.950738000003291 ], [ -82.198562000001374, 39.955027000002701 ], [ -82.194786000002054, 40.020694000003147 ], [ -82.194713000002224, 40.022283000002972 ], [ -82.190723000001654, 40.095323000003312 ], [ -82.187105000001409, 40.166880000002955 ], [ -82.092981000002226, 40.162579000003205 ], [ -82.093016000002038, 40.162337000003035 ], [ -82.000204000001673, 40.160242000002533 ], [ -81.90502600000211, 40.157876000002851 ], [ -81.80953300000148, 40.155194000003114 ], [ -81.809396000002138, 40.15518900000324 ], [ -81.716276000001216, 40.152166000002666 ], [ -81.670899000001725, 40.150976000002785 ], [ -81.667590000001141, 40.222468000002941 ], [ -81.622683000002255, 40.221308000003056 ], [ -81.528028000001612, 40.219027000002797 ], [ -81.433250000001181, 40.21654000000273 ], [ -81.429948000002284, 40.216453000003071 ], [ -81.338057000001456, 40.214253000002508 ], [ -81.339565000001372, 40.171999000002579 ], [ -81.22592400000174, 40.170075000002598 ], [ -81.227535000001467, 40.128409000002698 ], [ -81.229197000001506, 40.082377000002772 ], [ -81.230659000001722, 40.039474000002912 ], [ -81.231910000001335, 40.010453000002506 ], [ -81.234026000002117, 39.953498000003137 ], [ -81.234053000001936, 39.951270000002708 ], [ -81.23731600000167, 39.867828000002909 ], [ -81.313591000002106, 39.869471000003301 ], [ -81.316779000002285, 39.779103000002827 ], [ -81.319125000001648, 39.707360000003014 ], [ -81.280588000001657, 39.707112000002525 ], [ -81.280731000001424, 39.678783000003349 ], [ -81.283075000001404, 39.605796000003309 ], [ -81.264261000001852, 39.60534400000266 ], [ -81.265347000002023, 39.576810000002936 ], [ -81.246797000001948, 39.576594000002714 ], [ -81.215887000001459, 39.578074000003305 ], [ -81.141591000001569, 39.575830000003073 ], [ -81.036791000001301, 39.572118000003272 ], [ -81.038712000001979, 39.539886000002646 ], [ -81.092434000002115, 39.496075000002939 ], [ -81.134434000001932, 39.445075000003307 ], [ -81.147542000002048, 39.443311000002758 ], [ -81.182307000001686, 39.433533000002974 ], [ -81.210833000001216, 39.403563000002869 ], [ -81.211654000001147, 39.392977000003327 ], [ -81.268421000001368, 39.386318000002625 ], [ -81.295375000001115, 39.375292000003014 ], [ -81.344927000001732, 39.346794000002809 ], [ -81.364416000001697, 39.342442000002592 ], [ -81.38455600000151, 39.343449000002686 ], [ -81.402770000002079, 39.376914000003268 ], [ -81.417471000001953, 39.398255000003346 ], [ -81.427298000001798, 39.404506000003202 ], [ -81.42951800000192, 39.405735000002799 ], [ -81.446543000001583, 39.410374000002783 ], [ -81.456143000001944, 39.40927400000291 ], [ -81.46773500000144, 39.403779000002586 ], [ -81.480997000001679, 39.391869000002643 ], [ -81.498789000002162, 39.376122000003377 ], [ -81.542346000001629, 39.352874000002522 ], [ -81.559111000001494, 39.332970000002597 ], [ -81.562231000001873, 39.308010000003037 ], [ -81.565047000001655, 39.288174000003067 ], [ -81.56557300000118, 39.275275000002821 ], [ -81.570247000002169, 39.267675000002953 ], [ -81.59984800000187, 39.274635000003052 ], [ -81.639401000001243, 39.276363000002803 ], [ -81.677595000001247, 39.274171000002511 ], [ -81.688927000001399, 39.266510000003258 ], [ -81.69662000000173, 39.256139000002719 ], [ -81.69133900000169, 39.227947000002771 ], [ -81.725622000002033, 39.215905000003268 ], [ -81.73999600000198, 39.189930000003194 ], [ -81.753992000002171, 39.183708000003193 ], [ -81.756080000001532, 39.18056000000302 ], [ -81.746185000002143, 39.151068000002937 ], [ -81.742353000001984, 39.111277000003042 ], [ -81.754154000001819, 39.088377000003028 ], [ -81.781455000001955, 39.078078000003309 ], [ -81.806654000002055, 39.084078000002762 ], [ -81.812654000002112, 39.063343000002831 ], [ -81.803355000001531, 39.047678000003181 ], [ -81.764253000001801, 39.01527900000287 ], [ -81.781820000001304, 38.96493500000259 ], [ -81.756131000001787, 38.933546000002728 ], [ -81.77410500000174, 38.922964000003212 ], [ -81.821304000001959, 38.946874000003184 ], [ -81.844486000001211, 38.928746000003287 ], [ -81.848653000001747, 38.901407000003111 ], [ -81.858921000002226, 38.890190000003052 ], [ -81.89089900000171, 38.873919000003099 ], [ -81.910312000001923, 38.879294000002574 ], [ -81.926670000001451, 38.901311000002856 ], [ -81.89995300000227, 38.925405000002819 ], [ -81.911208000001849, 38.952728000002672 ], [ -81.935813000001573, 38.989647000002918 ], [ -81.967769000001908, 38.992955000003207 ], [ -81.977455000001854, 38.992679000002511 ], [ -81.981159000001782, 38.994351000003107 ], [ -81.982551000001891, 39.000078000002866 ], [ -81.984016000001503, 39.005997000003198 ], [ -82.00046100000155, 39.026778000002722 ], [ -82.034513000002221, 39.025536000002994 ], [ -82.044439000001873, 39.008048000002745 ], [ -82.048188000001517, 38.999465000002552 ], [ -82.055986000001326, 38.991824000003191 ], [ -82.085996000001458, 38.977412000003184 ], [ -82.09896500000157, 38.958378000003329 ], [ -82.113547000002129, 38.930256000002736 ], [ -82.143167000001696, 38.898079000002781 ], [ -82.145167000001706, 38.883179000002755 ], [ -82.139279000001508, 38.866407000002702 ], [ -82.143556000001922, 38.844180000003377 ], [ -82.149374000001416, 38.835549000003347 ], [ -82.163598000001642, 38.82342400000271 ], [ -82.187127000002235, 38.816094000002877 ], [ -82.217058000001671, 38.795908000003287 ], [ -82.21661400000157, 38.76835000000262 ], [ -82.199999000001213, 38.759057000002883 ], [ -82.182467000001552, 38.708782000003097 ], [ -82.190167000001338, 38.687382000002998 ], [ -82.186667000001677, 38.66858300000267 ], [ -82.171966000001248, 38.625384000003258 ], [ -82.181167000001778, 38.599784000002842 ], [ -82.221468000001266, 38.591284000002887 ], [ -82.265003000001713, 38.597383000002765 ], [ -82.273370000001748, 38.594183000003376 ], [ -82.287270000001314, 38.582783000002806 ], [ -82.293471000001702, 38.575383000002695 ], [ -82.295671000002173, 38.538483000003367 ], [ -82.303238000001585, 38.521162000002519 ], [ -82.303530000002169, 38.500084000003355 ], [ -82.31178900000188, 38.477246000003412 ], [ -82.323999000002146, 38.449268000002618 ], [ -82.344723000001963, 38.440522000002623 ], [ -82.356002000002121, 38.439147000002926 ], [ -82.373862000002049, 38.436167000002577 ], [ -82.389080000001755, 38.434468000003015 ], [ -82.410162000002217, 38.437657000003171 ], [ -82.434375000002291, 38.430082000003267 ], [ -82.451998000002007, 38.426070000002696 ], [ -82.463868000001526, 38.423578000002827 ], [ -82.495116000001289, 38.415164000002569 ], [ -82.537690000002044, 38.40415700000306 ], [ -82.560590000002009, 38.404715000002554 ], [ -82.583378000001701, 38.409970000002943 ], [ -82.593192000002233, 38.421008000002892 ], [ -82.597692000001942, 38.429008000002639 ], [ -82.597888000001262, 38.429552000002687 ], [ -82.60084500000184, 38.438654000003183 ], [ -82.611942000001676, 38.473067000002594 ], [ -82.629800000001467, 38.481629000003039 ], [ -82.660107000001915, 38.500181000003131 ], [ -82.679573000001355, 38.521079000002644 ], [ -82.682071000001969, 38.524744000002698 ], [ -82.684528000001393, 38.528598000002795 ], [ -82.687073000002044, 38.532667000003208 ], [ -82.688753000001441, 38.5353200000025 ], [ -82.706011000001524, 38.54731000000298 ], [ -82.716393000001844, 38.552707000002506 ], [ -82.745146000001867, 38.559307000003045 ], [ -82.780183000001614, 38.559183000002974 ], [ -82.815934000001334, 38.570818000003257 ], [ -82.841893000001775, 38.58833300000331 ], [ -82.854968000001378, 38.616544000002598 ], [ -82.856958000002152, 38.64326700000322 ], [ -82.860668000001894, 38.663570000003226 ], [ -82.874596000002157, 38.682705000002869 ], [ -82.877579000002171, 38.691771000002646 ], [ -82.869878000002018, 38.727805000002725 ], [ -82.870026000002227, 38.729180000003275 ], [ -82.873894000002068, 38.744792000002789 ], [ -82.874305000002337, 38.745418000003347 ], [ -82.884793000001352, 38.754126000002948 ], [ -82.909897000002374, 38.753264000003114 ], [ -82.917639000002353, 38.751670000003074 ], [ -82.947807000001774, 38.740710000003006 ], [ -82.953299000002062, 38.737812000002833 ], [ -82.971484000001595, 38.727529000002761 ], [ -82.997055000002291, 38.728922000002918 ], [ -83.01157500000123, 38.729881000002777 ], [ -83.013772000001893, 38.72916400000252 ], [ -83.038276000002057, 38.716413000003186 ], [ -83.054018000002102, 38.695068000003253 ], [ -83.079881000001564, 38.682671000002749 ], [ -83.107646000002205, 38.674986000002633 ], [ -83.122393000002148, 38.659362000003064 ], [ -83.134754000001806, 38.632013000002971 ], [ -83.153644000002203, 38.618839000002666 ], [ -83.20124700000197, 38.616602000002587 ], [ -83.245664000001781, 38.628564000003145 ], [ -83.267564000001542, 38.618411000003086 ], [ -83.288654000001628, 38.598048000002755 ], [ -83.30591200000211, 38.599746000002597 ], [ -83.31995600000171, 38.615269000002897 ], [ -83.327566000002292, 38.637675000003007 ], [ -83.362775000002344, 38.657220000002525 ], [ -83.384858000002183, 38.663111000002935 ], [ -83.45679500000233, 38.673840000003274 ], [ -83.471413000001817, 38.67749900000252 ], [ -83.505665000002026, 38.699773000003155 ], [ -83.533677000001703, 38.702181000002888 ], [ -83.575011000001723, 38.691815000003011 ], [ -83.626300000002217, 38.678457000002616 ], [ -83.637167000001952, 38.665361000002541 ], [ -83.644651000002355, 38.63688900000254 ], [ -83.668893000001859, 38.626562000002885 ], [ -83.705312000001797, 38.639835000002535 ], [ -83.749559000001753, 38.649512000002453 ], [ -83.770178000001565, 38.655857000003117 ], [ -83.783800000002188, 38.695832000003143 ], [ -83.805830000001478, 38.706481000002817 ], [ -83.822813000001304, 38.709915000003086 ], [ -83.842355000002001, 38.72628700000309 ], [ -83.853788000001344, 38.752803000002963 ], [ -83.872415000001808, 38.762255000003307 ], [ -83.915858000001549, 38.769787000003276 ] ] ] } },
{ "type": "Feature", "properties": { "opt_all": 3, "population": 784852.0, "voting_age_pop": 608653.0, "dem_votes": 192383.0, "rep_votes": 115543.0, "minority_pop": 224828.0, "dem_pct": 0.62477023680209842, "rep_pct": 0.37522976287314819 }, "geometry": { "type": "MultiPolygon", "coordinates": [ [ [ [ -83.039951000002105, 39.984414000003092 ], [ -83.044788000001759, 39.984637000002429 ], [ -83.046294000001339, 39.98468800000331 ], [ -83.049039000001315, 39.985766000002883 ], [ -83.051497000001703, 39.984927000002557 ], [ -83.055947000002007, 39.989289000002898 ], [ -83.048861000001651, 39.99238700000263 ], [ -83.048649000002015, 39.994035000002611 ], [ -83.048511000001227, 39.996436000002454 ], [ -83.048436000001217, 39.997665000003252 ], [ -83.048324000001386, 39.999510000002466 ], [ -83.047982000001497, 40.00502700000289 ], [ -83.047621000001683, 40.010851000003314 ], [ -83.047211000001482, 40.01903000000268 ], [ -83.046960000001832, 40.022708000003171 ], [ -83.043491000001765, 40.024346000003121 ], [ -83.046203000001825, 40.027404000002981 ], [ -83.046276000002237, 40.033074000002571 ], [ -83.04586000000198, 40.039927000002912 ], [ -83.050159000002083, 40.043402000002722 ], [ -83.059484000001476, 40.051723000002823 ], [ -83.061624000001217, 40.05178400000262 ], [ -83.065582000002067, 40.053324000002462 ], [ -83.066943000001942, 40.053861000003288 ], [ -83.075431000002254, 40.05707000000254 ], [ -83.070162000002213, 40.064160000003014 ], [ -83.074956000002288, 40.064303000002454 ], [ -83.076239000001308, 40.064352000002927 ], [ -83.080730000001239, 40.073206000002713 ], [ -83.071524000001304, 40.072903000003315 ], [ -83.068808000001738, 40.072604000002606 ], [ -83.062238000001344, 40.072103000003068 ], [ -83.062013000001926, 40.072189000002773 ], [ -83.048460000001668, 40.071111000002979 ], [ -83.047969000002027, 40.068881000003074 ], [ -83.044251000001651, 40.072925000002883 ], [ -83.043442000002216, 40.07294000000276 ], [ -83.044139000002261, 40.07449400000263 ], [ -83.046242000001556, 40.076239000002502 ], [ -83.04948600000175, 40.082351000002525 ], [ -83.030270000002318, 40.084902000002906 ], [ -83.029605000001652, 40.082719000002918 ], [ -83.031321000002279, 40.0774470000026 ], [ -83.034609000001367, 40.074980000002988 ], [ -83.018873000001832, 40.074398000002518 ], [ -83.018598000001745, 40.076968000002587 ], [ -83.014512000001488, 40.076812000002697 ], [ -83.001210000001464, 40.0763160000025 ], [ -83.001616000001476, 40.08196000000293 ], [ -83.002844000001616, 40.087842000002958 ], [ -82.997652000002091, 40.088162000002868 ], [ -82.992771000002136, 40.087812000002842 ], [ -82.987919000002293, 40.075723000002554 ], [ -82.987530000002351, 40.081690000002489 ], [ -82.987148000001909, 40.087590000002798 ], [ -82.984798000001547, 40.098635000003199 ], [ -82.981096000001372, 40.08741100000249 ], [ -82.979818000001885, 40.077419000002685 ], [ -82.976053000001542, 40.076960000002643 ], [ -82.969541000001485, 40.082023000002955 ], [ -82.964587000001814, 40.086719000003093 ], [ -82.960291000001732, 40.086501000002499 ], [ -82.9504300000022, 40.093536000002949 ], [ -82.950066000001627, 40.098124000002649 ], [ -82.949150000001779, 40.110917000002807 ], [ -82.963589000001917, 40.108137000003303 ], [ -82.972682000002351, 40.109849000003017 ], [ -82.971589000002126, 40.125345000002483 ], [ -82.971574000001652, 40.125587000002781 ], [ -82.970012000001745, 40.134881000003283 ], [ -82.950847000001573, 40.13410400000253 ], [ -82.947516000001457, 40.133976000002413 ], [ -82.928880000002138, 40.133228000002667 ], [ -82.925590000002003, 40.13309100000307 ], [ -82.917159000002087, 40.132745000003212 ], [ -82.914645000001229, 40.132641000002934 ], [ -82.907790000001398, 40.132353000003 ], [ -82.902840000001703, 40.132148000003092 ], [ -82.895360000002071, 40.131787000002696 ], [ -82.884101000002033, 40.131247000003157 ], [ -82.883954000001751, 40.131238000003052 ], [ -82.858221000001208, 40.129998000002651 ], [ -82.843550000001343, 40.129367000003064 ], [ -82.761827000001958, 40.125855000002517 ], [ -82.763897000001748, 40.095776000003134 ], [ -82.765206000001626, 40.079645000003261 ], [ -82.767483000001747, 40.051028000002589 ], [ -82.770613000001859, 40.013052000003221 ], [ -82.771416000001977, 40.004497000002829 ], [ -82.771879000001661, 39.99845300000279 ], [ -82.771818000001815, 39.998339000003071 ], [ -82.77266100000125, 39.987385000002803 ], [ -82.772667000001732, 39.987293000002829 ], [ -82.772677000001678, 39.987112000002483 ], [ -82.779738000001828, 39.973017000003182 ], [ -82.780110000001343, 39.968640000002587 ], [ -82.780328000001603, 39.966091000002919 ], [ -82.780473000002146, 39.964381000002774 ], [ -82.780988000002154, 39.957719000002506 ], [ -82.781257000002128, 39.955696000002554 ], [ -82.782012000001245, 39.944746000002489 ], [ -82.78249500000139, 39.939662000002492 ], [ -82.772870000002357, 39.939326000003106 ], [ -82.765026000001271, 39.938882000003261 ], [ -82.747438000002262, 39.937996000003167 ], [ -82.730713000001415, 39.937071000002561 ], [ -82.697184000001315, 39.93526700000259 ], [ -82.649026000001669, 39.932916000003225 ], [ -82.629748000001811, 39.931968000002918 ], [ -82.610427000002119, 39.931155000003024 ], [ -82.581813000001887, 39.930156000002683 ], [ -82.532698000001673, 39.927975000002974 ], [ -82.505638000002008, 39.926705000003203 ], [ -82.493434000001969, 39.926064000002697 ], [ -82.462813000002186, 39.930380000002586 ], [ -82.463721000001328, 39.924638000002794 ], [ -82.464629000001281, 39.912548000002658 ], [ -82.471204000001379, 39.849471000002794 ], [ -82.471683000002301, 39.8485810000032 ], [ -82.47240200000158, 39.837223000002751 ], [ -82.424814000002186, 39.834477000002501 ], [ -82.418453000001549, 39.834159000003055 ], [ -82.396594000002295, 39.833057000002505 ], [ -82.401824000002335, 39.768435000002725 ], [ -82.404246000001763, 39.744605000003091 ], [ -82.366051000001519, 39.742520000002905 ], [ -82.371588000001722, 39.685574000003086 ], [ -82.374531000001767, 39.654959000002975 ], [ -82.433275000001828, 39.658113000002771 ], [ -82.490329000001623, 39.661704000002722 ], [ -82.493133000001833, 39.632420000002689 ], [ -82.496123000001219, 39.602849000002706 ], [ -82.549804000002339, 39.605653000002995 ], [ -82.617546000001582, 39.608605000003209 ], [ -82.620088000001346, 39.563987000002655 ], [ -82.717520000001372, 39.568274000002653 ], [ -82.730272000001378, 39.569066000002692 ], [ -82.731518000001373, 39.554445000002808 ], [ -82.826913000002236, 39.560589000002913 ], [ -82.842953000001444, 39.561480000003293 ], [ -82.838680000001659, 39.605480000003254 ], [ -82.836103000002154, 39.63174200000293 ], [ -82.834378000002076, 39.649445000002828 ], [ -82.837616000001518, 39.64960600000267 ], [ -82.835281000001544, 39.676169000002972 ], [ -82.829693000001342, 39.736455000002458 ], [ -82.829670000001215, 39.736698000002974 ], [ -82.826904000002045, 39.766448000002505 ], [ -82.824254000001474, 39.794996000002989 ], [ -82.824062000002158, 39.797065000002576 ], [ -82.821817000001531, 39.820957000002885 ], [ -82.821496000001687, 39.824271000003328 ], [ -82.802977000002073, 39.82298100000267 ], [ -82.802476000001818, 39.822953000003189 ], [ -82.802417000001498, 39.823979000002446 ], [ -82.802413000002005, 39.82404600000288 ], [ -82.8022510000023, 39.829485000003231 ], [ -82.801604000001376, 39.836157000002864 ], [ -82.800941000002368, 39.845008000002665 ], [ -82.800354000001533, 39.849510000003285 ], [ -82.7992130000016, 39.85968400000278 ], [ -82.798403000001642, 39.867148000002722 ], [ -82.80841600000187, 39.867709000002868 ], [ -82.809475000002109, 39.860361000003067 ], [ -82.817947000002235, 39.861079000002867 ], [ -82.827504000001568, 39.862673000003184 ], [ -82.830880000002153, 39.865735000002665 ], [ -82.832186000002238, 39.867313000003151 ], [ -82.835162000001759, 39.88437100000327 ], [ -82.864443000001486, 39.877742000003209 ], [ -82.864267000002357, 39.883850000003115 ], [ -82.873492000001818, 39.884316000002528 ], [ -82.881195000001327, 39.888084000002927 ], [ -82.911783000001861, 39.877775000002458 ], [ -82.9199510000023, 39.879899000002581 ], [ -82.911447000001772, 39.888533000002809 ], [ -82.911038000002364, 39.88894900000242 ], [ -82.915374000001762, 39.888980000003173 ], [ -82.921821000002126, 39.906800000003102 ], [ -82.926066000001342, 39.918439000002699 ], [ -82.920243000001335, 39.917749000002885 ], [ -82.917563000001522, 39.925295000003025 ], [ -82.902503000002113, 39.928225000002669 ], [ -82.916097000002239, 39.928792000002829 ], [ -82.915805000002266, 39.931810000002891 ], [ -82.911194000001743, 39.931750000003191 ], [ -82.897916000002141, 39.934159000002538 ], [ -82.887115000002069, 39.936072000002973 ], [ -82.886341000001806, 39.936143000002978 ], [ -82.878627000002183, 39.936875000003056 ], [ -82.878178000001796, 39.941459000003221 ], [ -82.877813000002263, 39.944783000003106 ], [ -82.87735000000184, 39.951361000002457 ], [ -82.886775000001791, 39.951883000002432 ], [ -82.901731000002073, 39.952699000002454 ], [ -82.90457200000192, 39.956274000002885 ], [ -82.904898000001694, 39.962871000003247 ], [ -82.90476400000216, 39.964524000003294 ], [ -82.90452300000166, 39.967375000002697 ], [ -82.912916000002269, 39.977594000002512 ], [ -82.909787000002353, 39.983556000003098 ], [ -82.926897000002086, 39.982204000003264 ], [ -82.922817000002311, 39.976095000002509 ], [ -82.923249000002173, 39.970937000003033 ], [ -82.923871000001924, 39.963909000002609 ], [ -82.92404900000227, 39.961720000002501 ], [ -82.924459000001661, 39.956835000002755 ], [ -82.924633000002046, 39.954790000003221 ], [ -82.924867000001285, 39.952079000002598 ], [ -82.925268000001324, 39.947409000002843 ], [ -82.928277000001373, 39.947569000003114 ], [ -82.934241000001848, 39.947892000003009 ], [ -82.942418000001425, 39.948301000002935 ], [ -82.943525000001415, 39.948356000002818 ], [ -82.953247000002193, 39.953360000003109 ], [ -82.956249000001378, 39.95757600000244 ], [ -82.966662000002017, 39.95778200000256 ], [ -82.966449000001276, 39.96040600000282 ], [ -82.971874000002217, 39.960499000003011 ], [ -82.974350000001763, 39.965244000002826 ], [ -82.981627000002334, 39.964395000002817 ], [ -82.981835000002164, 39.960688000003266 ], [ -82.990415000002315, 39.959908000003011 ], [ -82.995592000001466, 39.959316000002502 ], [ -82.997530000002087, 39.972816000002879 ], [ -82.999014000001438, 39.971799000002505 ], [ -82.998367000001707, 39.980631000003157 ], [ -82.99380800000219, 39.980441000002664 ], [ -82.994290000001442, 39.982121000003012 ], [ -83.002043000002132, 39.986976000002471 ], [ -83.005513000002338, 39.987100000002862 ], [ -83.005146000001275, 39.985252000003037 ], [ -83.012733000001276, 39.985560000002984 ], [ -83.008815000001221, 39.980274000003149 ], [ -83.009034000001691, 39.977380000002874 ], [ -83.013238000001522, 39.977540000002755 ], [ -83.01620000000166, 39.980591000002569 ], [ -83.02112700000211, 39.980945000002741 ], [ -83.023316000001458, 39.974179000003105 ], [ -83.02474800000158, 39.979299000003166 ], [ -83.037135000002195, 39.98430000000242 ], [ -83.039951000002105, 39.984414000003092 ] ], [ [ -83.03452000000236, 40.073065000002423 ], [ -83.042913000001988, 40.071792000003192 ], [ -83.041384000002211, 40.069017000002397 ], [ -83.044761000001586, 40.06618100000302 ], [ -83.045413000001474, 40.066205000003272 ], [ -83.045785000001672, 40.065485000002745 ], [ -83.04475600000184, 40.065448000002526 ], [ -83.029766000001828, 40.062842000002945 ], [ -83.029891000001811, 40.062955000002653 ], [ -83.019773000002317, 40.072088000002701 ], [ -83.03452000000236, 40.073065000002423 ] ], [ [ -82.870705000001507, 39.914443000003303 ], [ -82.870368000001818, 39.91255400000302 ], [ -82.869234000001612, 39.914444000002561 ], [ -82.870747000002339, 39.914986000002521 ], [ -82.870705000001507, 39.914443000003303 ] ], [ [ -82.881085000001647, 39.90983200000278 ], [ -82.895012000002168, 39.905255000002569 ], [ -82.881906000001791, 39.901757000002419 ], [ -82.873520000002216, 39.895845000003277 ], [ -82.863685000001269, 39.888639000003067 ], [ -82.857033000002119, 39.900456000002471 ], [ -82.850281000001345, 39.903965000002991 ], [ -82.852288000001209, 39.907103000003183 ], [ -82.851666000001615, 39.913747000002466 ], [ -82.851667000001925, 39.913923000003123 ], [ -82.851798000001367, 39.917858000003299 ], [ -82.864209000001239, 39.914478000002788 ], [ -82.863520000001657, 39.912787000003306 ], [ -82.870242000001213, 39.911836000002545 ], [ -82.881085000001647, 39.90983200000278 ] ], [ [ -82.806297000001649, 39.88587900000266 ], [ -82.797707000002035, 39.880035000002785 ], [ -82.797498000001454, 39.884543000003049 ], [ -82.795197000002204, 39.904641000002599 ], [ -82.794383000002057, 39.910785000002818 ], [ -82.799054000001291, 39.911019000002561 ], [ -82.810081000002299, 39.901551000003074 ], [ -82.806297000001649, 39.88587900000266 ] ], [ [ -82.825191000001851, 39.889959000002669 ], [ -82.830484000001846, 39.88408900000244 ], [ -82.825699000001308, 39.884798000002711 ], [ -82.825191000001851, 39.889959000002669 ] ], [ [ -82.829435000002135, 39.91540700000315 ], [ -82.831768000001219, 39.92135600000281 ], [ -82.832861000002069, 39.919482000003185 ], [ -82.837280000001869, 39.918450000002842 ], [ -82.829435000002135, 39.91540700000315 ] ], [ [ -82.824208000002216, 39.898743000002582 ], [ -82.82486000000219, 39.889941000003212 ], [ -82.820409000001561, 39.888096000002975 ], [ -82.824208000002216, 39.898743000002582 ] ] ], [ [ [ -83.016443000001388, 40.123767000002637 ], [ -83.016242000001895, 40.126145000002992 ], [ -83.012147000001804, 40.12661000000243 ], [ -83.016034000002307, 40.122240000002613 ], [ -83.016443000001388, 40.123767000002637 ] ] ], [ [ [ -83.041959000001313, 40.123197000002584 ], [ -83.042048000001898, 40.121442000003029 ], [ -83.059278000002308, 40.121923000002894 ], [ -83.061424000001338, 40.132535000003223 ], [ -83.063808000002041, 40.138282000002519 ], [ -83.057399000001936, 40.138051000003081 ], [ -83.041459000001623, 40.132471000003036 ], [ -83.016777000002108, 40.123639000002989 ], [ -83.041959000001313, 40.123197000002584 ] ] ], [ [ [ -83.004914000001818, 40.132209000002959 ], [ -83.004196000001784, 40.127265000002545 ], [ -83.004387000001344, 40.12484400000293 ], [ -83.011809000001762, 40.127024000002422 ], [ -83.004914000001818, 40.132209000002959 ] ] ], [ [ [ -83.089745000002338, 40.127825000002886 ], [ -83.086911000001706, 40.130009000002978 ], [ -83.086355000001276, 40.127700000002662 ], [ -83.089745000002338, 40.127825000002886 ] ] ], [ [ [ -83.083447000001712, 40.132818000003169 ], [ -83.080257000002291, 40.134414000003147 ], [ -83.079682000002123, 40.132688000002446 ], [ -83.083447000001712, 40.132818000003169 ] ] ], [ [ [ -83.011885000001755, 40.136565000002598 ], [ -83.011712000002063, 40.136562000002719 ], [ -83.011392000001763, 40.136554000002569 ], [ -83.010529000001583, 40.136516000002779 ], [ -83.011885000001755, 40.136565000002598 ] ] ] ] } },
{ "type": "Feature", "properties": { "opt_all": 4, "population": 783390.0, "voting_age_pop": 605058.0, "dem_votes": 97177.0, "rep_votes": 224903.0, "minority_pop": 77043.0, "dem_pct": 0.30171696463558217, "rep_pct": 0.69828303505393596 }, "geometry": { "type": "Polygon", "coordinates": [ [ [ -84.43461000000211, 40.325293000002553 ], [ -84.434631000001744, 40.354259000003168 ], [ -84.495106000001968, 40.354155000002855 ], [ -84.515776000002106, 40.354037000003224 ], [ -84.571442000001667, 40.353457000003139 ], [ -84.61857600000144, 40.351728000002545 ], [ -84.632827000002422, 40.351747000002348 ], [ -84.690853000001255, 40.351966000002392 ], [ -84.709858000002129, 40.352067000002698 ], [ -84.803894000001435, 40.352758000003199 ], [ -84.804216000002199, 40.402458000002547 ], [ -84.803455000002373, 40.4653900000026 ], [ -84.802613000001983, 40.552943000002664 ], [ -84.802293000002237, 40.64048400000312 ], [ -84.802273000001335, 40.728146000003143 ], [ -84.802379000001352, 40.771651000003224 ], [ -84.802298000001286, 40.815104000002428 ], [ -84.802812000001467, 40.902248000002487 ], [ -84.803251000001424, 40.989394000002797 ], [ -84.68809300000143, 40.98957700000247 ], [ -84.572657000001371, 40.989865000003064 ], [ -84.476418000002255, 40.990100000002691 ], [ -84.457198000001341, 40.990134000003131 ], [ -84.399486000001346, 40.990315000002767 ], [ -84.398407000002166, 40.903265000003117 ], [ -84.340969000001721, 40.903596000003063 ], [ -84.34057300000228, 40.859783000002601 ], [ -84.34053100000142, 40.859099000002914 ], [ -84.33436600000212, 40.859189000002381 ], [ -84.329623000002044, 40.859295000003229 ], [ -84.313068000002275, 40.859426000002415 ], [ -84.29550500000218, 40.859634000002963 ], [ -84.22486300000125, 40.860112000002495 ], [ -84.224850000002377, 40.859307000002623 ], [ -84.109586000002125, 40.860994000003075 ], [ -84.109516000002117, 40.904730000002864 ], [ -84.070163000001884, 40.904905000002763 ], [ -83.995165000002203, 40.905066000003025 ], [ -83.995228000001561, 40.919843000002984 ], [ -83.880423000001528, 40.920429000002422 ], [ -83.880408000002021, 40.90775200000278 ], [ -83.880402000001823, 40.905907000002969 ], [ -83.880395000001755, 40.901954000002426 ], [ -83.88030100000239, 40.881537000003121 ], [ -83.880063000001456, 40.81991900000321 ], [ -83.879916000001529, 40.776262000002703 ], [ -83.879834000002404, 40.732443000002583 ], [ -83.880194000001453, 40.644690000003131 ], [ -83.880168000001845, 40.57935300000284 ], [ -83.880039000001872, 40.538694000002877 ], [ -83.856002000002306, 40.530444000002795 ], [ -83.819623000001542, 40.528393000002829 ], [ -83.722415000002158, 40.522413000003155 ], [ -83.715549000001232, 40.522020000002726 ], [ -83.602194000001489, 40.515061000002447 ], [ -83.59985200000196, 40.514908000003146 ], [ -83.519727000002007, 40.509623000003195 ], [ -83.520227000001356, 40.504077000003171 ], [ -83.528215000002163, 40.436640000002605 ], [ -83.532816000001375, 40.396802000002701 ], [ -83.534974000001469, 40.378108000002911 ], [ -83.542831000002124, 40.306292000002877 ], [ -83.543814000002001, 40.296695000002742 ], [ -83.551338000001934, 40.229370000003101 ], [ -83.499844000002128, 40.225669000002412 ], [ -83.496770000001874, 40.198550000003152 ], [ -83.502686000001859, 40.126084000002997 ], [ -83.503714000001523, 40.111468000002489 ], [ -83.511323000001823, 40.047400000002654 ], [ -83.516155000001675, 40.010188000002628 ], [ -83.509933000001496, 40.009911000003015 ], [ -83.534594000001846, 39.934346000002741 ], [ -83.540525000001466, 39.917153000002713 ], [ -83.55831200000128, 39.868078000002782 ], [ -83.564881000002288, 39.848225000002586 ], [ -83.588041000001851, 39.768778000002882 ], [ -83.647169000001867, 39.773029000002701 ], [ -83.653330000002143, 39.716876000002607 ], [ -83.530110000002281, 39.709578000002779 ], [ -83.387825000001612, 39.701724000002812 ], [ -83.336687000001703, 39.699664000003295 ], [ -83.28585600000163, 39.697350000002814 ], [ -83.279250000002179, 39.696968000002848 ], [ -83.252435000001554, 39.695438000002667 ], [ -83.257771000002236, 39.627109000003287 ], [ -83.258207000001974, 39.619598000003123 ], [ -83.26673700000164, 39.516249000003043 ], [ -83.27535200000203, 39.504788000002733 ], [ -83.313423000002302, 39.455316000002782 ], [ -83.33344000000163, 39.428810000003239 ], [ -83.372714000001281, 39.377416000002626 ], [ -83.49367400000196, 39.377901000003277 ], [ -83.590878000001638, 39.378736000003315 ], [ -83.593868000001933, 39.377081000002448 ], [ -83.633517000001476, 39.353960000002978 ], [ -83.672132000001866, 39.330869000002671 ], [ -83.691526000001602, 39.319190000002955 ], [ -83.699520000001939, 39.314407000003229 ], [ -83.700213000001597, 39.313998000003252 ], [ -83.73610000000177, 39.29213400000296 ], [ -83.783126000002014, 39.263823000002589 ], [ -83.790149000001819, 39.250548000002489 ], [ -83.795651000002096, 39.240927000003133 ], [ -83.808297000001374, 39.22468300000272 ], [ -83.835869000001409, 39.223304000002642 ], [ -83.834404000001996, 39.245715000002768 ], [ -83.865679000001947, 39.247333000002861 ], [ -83.945978000001389, 39.251702000002908 ], [ -83.950133000002211, 39.251882000002482 ], [ -83.989921000001743, 39.254096000002875 ], [ -84.007454000001502, 39.255112000002654 ], [ -84.004108000002233, 39.288510000003292 ], [ -84.003346000001599, 39.295632000003046 ], [ -84.002741000002374, 39.301310000002594 ], [ -84.002074000001429, 39.307554000002696 ], [ -84.001151000001897, 39.316276000003185 ], [ -83.997475000001998, 39.351170000002611 ], [ -83.997452000001729, 39.35136700000308 ], [ -83.996451000001585, 39.361420000002774 ], [ -83.992716000002062, 39.401696000003 ], [ -83.989336000001956, 39.435491000003069 ], [ -83.988504000002024, 39.444424000003032 ], [ -83.985657000002291, 39.475202000003243 ], [ -83.979960000002407, 39.536723000002993 ], [ -83.979269000002247, 39.544207000002423 ], [ -83.976987000001884, 39.569402000002491 ], [ -84.027989000002307, 39.572791000003065 ], [ -84.056885000002126, 39.574657000003214 ], [ -84.102114000002317, 39.577487000002741 ], [ -84.114174000002109, 39.578230000002691 ], [ -84.111126000002116, 39.611373000002587 ], [ -84.110569000002087, 39.618442000003043 ], [ -84.111744000001821, 39.627997000002857 ], [ -84.111428000001922, 39.632738000003002 ], [ -84.111261000001619, 39.638017000002947 ], [ -84.110187000001744, 39.650032000002682 ], [ -84.10929700000213, 39.660203000002539 ], [ -84.108678000001404, 39.667830000003043 ], [ -84.107736000001324, 39.674973000002993 ], [ -84.107227000002297, 39.680525000003108 ], [ -84.107129000002132, 39.682461000002483 ], [ -84.106615000001725, 39.689886000002573 ], [ -84.105982000001873, 39.69720700000282 ], [ -84.105465000002141, 39.7064010000027 ], [ -84.105384000002402, 39.707158000003211 ], [ -84.105130000002376, 39.709582000002655 ], [ -84.102436000001333, 39.73615900000317 ], [ -84.101936000002354, 39.740813000002646 ], [ -84.101227000001884, 39.748030000003261 ], [ -84.100891000001909, 39.750748000002829 ], [ -84.10022300000216, 39.758113000002446 ], [ -84.099518000002206, 39.765402000002638 ], [ -84.098993000001997, 39.769599000003105 ], [ -84.098936000001459, 39.770059000002689 ], [ -84.097837000001661, 39.780158000003219 ], [ -84.096937000001319, 39.793715000002948 ], [ -84.096133000001558, 39.80379900000316 ], [ -84.095743000001832, 39.809171000003005 ], [ -84.094931000002205, 39.817944000002989 ], [ -84.09433600000196, 39.82377200000267 ], [ -84.092938000002306, 39.838345000002505 ], [ -84.058181000001923, 39.836342000002965 ], [ -84.054427000001994, 39.843354000002812 ], [ -84.053736000001919, 39.850458000002462 ], [ -84.037455000001671, 39.849524000003044 ], [ -84.021403000002039, 39.866316000002747 ], [ -83.995342000002395, 39.875372000002635 ], [ -83.995572000002056, 39.875578000003252 ], [ -83.995597000001808, 39.898653000002518 ], [ -84.010407000001408, 39.902243000002628 ], [ -84.020758000002161, 39.895073000003173 ], [ -84.030562000002305, 39.887990000003178 ], [ -84.031308000002355, 39.87868500000264 ], [ -84.048503000002071, 39.879665000002824 ], [ -84.051012000002061, 39.879810000002877 ], [ -84.098182000001373, 39.882525000003184 ], [ -84.098454000001297, 39.882533000003001 ], [ -84.110159000001516, 39.883250000003123 ], [ -84.121376000001916, 39.883904000002893 ], [ -84.12555100000192, 39.884126000003079 ], [ -84.136110000002304, 39.884749000002842 ], [ -84.139237000001671, 39.884947000003017 ], [ -84.157217000002191, 39.885994000003095 ], [ -84.163815000001989, 39.895508000002749 ], [ -84.167065000001472, 39.912197000003097 ], [ -84.157671000001628, 39.922970000002998 ], [ -84.166970000001854, 39.922883000002692 ], [ -84.166988000001936, 39.922761000003248 ], [ -84.19870300000234, 39.922708000002935 ], [ -84.227198000002033, 39.922344000002902 ], [ -84.232105000002136, 39.922348000003211 ], [ -84.24201400000139, 39.922214000002519 ], [ -84.274822000002018, 39.921763000003175 ], [ -84.286062000002374, 39.921554000002814 ], [ -84.311706000001493, 39.935737000003137 ], [ -84.317682000002279, 39.940967000003127 ], [ -84.323935000002209, 39.96444800000328 ], [ -84.315469000001727, 39.990555000002793 ], [ -84.319973000001426, 40.008395000002594 ], [ -84.295952000002274, 40.008870000002929 ], [ -84.296262000001974, 40.023424000002464 ], [ -84.24203900000154, 40.024416000003107 ], [ -84.258413000001624, 40.01476900000258 ], [ -84.249563000001871, 40.009709000002402 ], [ -84.230598000001692, 40.017836000003058 ], [ -84.230994000001701, 40.025223000002732 ], [ -84.228910000002031, 40.026051000002454 ], [ -84.231753000002428, 40.039591000003149 ], [ -84.248783000001481, 40.039204000003217 ], [ -84.247436000002097, 40.046924000002555 ], [ -84.240637000002351, 40.055854000002711 ], [ -84.256270000001763, 40.062701000003194 ], [ -84.233315000001937, 40.069106000002563 ], [ -84.227811000001793, 40.061741000002925 ], [ -84.216504000002061, 40.048817000002423 ], [ -84.208796000001399, 40.050310000002433 ], [ -84.210156000001632, 40.054646000002613 ], [ -84.21281700000165, 40.067844000002758 ], [ -84.209665000001721, 40.06943800000311 ], [ -84.183975000001652, 40.076399000003001 ], [ -84.146526000001316, 40.076450000002367 ], [ -84.143335000001713, 40.117667000003237 ], [ -84.136482000001521, 40.190513000003108 ], [ -84.208342000001551, 40.194878000002973 ], [ -84.219137000001368, 40.195499000003203 ], [ -84.218658000001767, 40.200004000002401 ], [ -84.298866000002022, 40.198318000002857 ], [ -84.317836000001932, 40.198107000002445 ], [ -84.375442000001783, 40.197322000002757 ], [ -84.375442000001627, 40.197395000002906 ], [ -84.432575000001748, 40.197037000002886 ], [ -84.433959000002062, 40.270149000002725 ], [ -84.43461000000211, 40.325293000002553 ] ] ] } },
{ "type": "Feature", "properties": { "opt_all": 5, "population": 789890.0, "voting_age_pop": 615375.0, "dem_votes": 102945.0, "rep_votes": 200869.0, "minority_pop": 74329.0, "dem_pct": 0.33884218622616397, "rep_pct": 0.66115781344468727 }, "geometry": { "type": "Polygon", "coordinates": [ [ [ -83.880168000001845, 40.57935300000284 ], [ -83.880194000001453, 40.644690000003131 ], [ -83.879834000002404, 40.732443000002583 ], [ -83.879916000001529, 40.776262000002703 ], [ -83.880063000001456, 40.81991900000321 ], [ -83.88030100000239, 40.881537000003121 ], [ -83.880395000001755, 40.901954000002426 ], [ -83.880402000001823, 40.905907000002969 ], [ -83.880408000002021, 40.90775200000278 ], [ -83.880423000001528, 40.920429000002422 ], [ -83.880603000002054, 40.993155000003043 ], [ -83.880762000002221, 41.080361000002561 ], [ -83.881149000002281, 41.167824000002554 ], [ -83.88225600000186, 41.255097000003218 ], [ -83.766011000001541, 41.255571000002512 ], [ -83.650271000001496, 41.253949000003132 ], [ -83.535315000002171, 41.253378000002527 ], [ -83.533906000001863, 41.341127000002949 ], [ -83.532830000001553, 41.384052000003038 ], [ -83.493693000001642, 41.384283000002611 ], [ -83.492447000001434, 41.427672000002985 ], [ -83.415437000001532, 41.428029000003058 ], [ -83.414716000001363, 41.493260000002856 ], [ -83.414626000001803, 41.5002280000027 ], [ -83.338991000001741, 41.501189000002334 ], [ -83.33863000000153, 41.486639000002612 ], [ -83.338218000001746, 41.460426000002748 ], [ -83.299538000002016, 41.457721000002969 ], [ -83.29342300000198, 41.457794000002679 ], [ -83.281871000001459, 41.457927000002748 ], [ -83.182583000002012, 41.458397000002861 ], [ -83.182560000002155, 41.457837000002975 ], [ -83.067459000001975, 41.457169000002736 ], [ -83.002860000001448, 41.457825000002678 ], [ -82.974572000002155, 41.458046000002582 ], [ -82.952224000001749, 41.458239000003061 ], [ -82.906650000001704, 41.460215000002613 ], [ -82.834400000001963, 41.479653000002706 ], [ -82.834236000002022, 41.479708000002496 ], [ -82.819491000001449, 41.484952000002501 ], [ -82.7499070000015, 41.477267000003152 ], [ -82.719236000001885, 41.482423000002946 ], [ -82.616147000001419, 41.532930000002771 ], [ -82.787402000001435, 41.587738000002823 ], [ -82.726427000001891, 41.698308000003017 ], [ -82.681119000001601, 41.676328000002393 ], [ -82.398348000002187, 41.67652400000258 ], [ -82.348122000001837, 41.700057000003149 ], [ -82.348084000002316, 41.428568000002848 ], [ -82.347913000002308, 41.425009000003193 ], [ -82.347637000001768, 41.420421000002563 ], [ -82.347310000001855, 41.413208000002939 ], [ -82.347372000001243, 41.411475000003279 ], [ -82.346919000001918, 41.402177000002986 ], [ -82.346638000001747, 41.391388000002415 ], [ -82.345195000001823, 41.357165000002432 ], [ -82.345048000001484, 41.353479000002515 ], [ -82.342337000002232, 41.28424400000295 ], [ -82.342177000001286, 41.276154000002961 ], [ -82.340324000001246, 41.211282000002534 ], [ -82.340380000002057, 41.200741000002672 ], [ -82.340616000002186, 41.137899000002932 ], [ -82.336496000002199, 41.065761000002439 ], [ -82.41708200000204, 41.065486000003034 ], [ -82.436916000001887, 41.065379000003226 ], [ -82.436911000002354, 41.065342000002886 ], [ -82.432852000002015, 40.992944000002517 ], [ -82.417900000001694, 40.992938000002511 ], [ -82.416480000001471, 40.902252000002839 ], [ -82.416847000001994, 40.814567000002626 ], [ -82.407999000002121, 40.814567000002931 ], [ -82.388559000001507, 40.808169000002984 ], [ -82.378647000001664, 40.780880000003087 ], [ -82.378385000001586, 40.769879000002682 ], [ -82.378397000002224, 40.727145000002771 ], [ -82.339211000001342, 40.726683000002872 ], [ -82.338777000002295, 40.66032000000294 ], [ -82.338483000001588, 40.638502000002731 ], [ -82.336962000002003, 40.555001000002825 ], [ -82.359612000002059, 40.552492000002957 ], [ -82.451630000001259, 40.550762000003026 ], [ -82.509111000002108, 40.550540000002933 ], [ -82.547395000001899, 40.550105000002489 ], [ -82.566497000001249, 40.550007000002992 ], [ -82.62360900000202, 40.549879000002989 ], [ -82.624332000001417, 40.601134000002531 ], [ -82.624760000001913, 40.637283000003229 ], [ -82.644117000001927, 40.63724000000262 ], [ -82.644977000001631, 40.666425000002853 ], [ -82.62616500000226, 40.666132000002705 ], [ -82.627128000002301, 40.699175000002839 ], [ -82.627767000001441, 40.709352000003115 ], [ -82.689120000001893, 40.710603000002607 ], [ -82.689113000001271, 40.711033000002587 ], [ -82.727164000002219, 40.711203000002477 ], [ -82.765021000001312, 40.711875000002749 ], [ -82.788254000001999, 40.712130000002944 ], [ -82.792592000001264, 40.71215700000262 ], [ -82.796631000002279, 40.712179000003118 ], [ -82.801512000002106, 40.712246000002921 ], [ -82.858197000002207, 40.71242300000263 ], [ -82.858302000001885, 40.70501900000319 ], [ -82.859753000002001, 40.646395000003224 ], [ -82.957817000001711, 40.645148000002408 ], [ -82.957862000001398, 40.601546000003161 ], [ -82.95806300000163, 40.557934000002469 ], [ -82.958401000001416, 40.490664000003271 ], [ -83.005329000001225, 40.485877000003136 ], [ -83.016785000001747, 40.48451100000328 ], [ -83.02079800000223, 40.433795000002739 ], [ -83.113678000001315, 40.436994000002848 ], [ -83.191683000001575, 40.440542000002537 ], [ -83.248595000001302, 40.44398900000251 ], [ -83.249523000001417, 40.381739000002987 ], [ -83.249578000002231, 40.349765000003238 ], [ -83.249406000001983, 40.315768000002599 ], [ -83.248967000002168, 40.264175000002652 ], [ -83.239151000002266, 40.244492000002978 ], [ -83.192288000001682, 40.2444000000025 ], [ -83.172330000002219, 40.244257000002641 ], [ -83.171277000001652, 40.19807700000306 ], [ -83.171208000002139, 40.19546600000281 ], [ -83.170460000001881, 40.166833000002903 ], [ -83.170051000001422, 40.150167000003059 ], [ -83.170049000002223, 40.149899000003103 ], [ -83.169981000001258, 40.143087000002765 ], [ -83.169902000001542, 40.131022000003227 ], [ -83.170060000001669, 40.11855600000289 ], [ -83.17020800000175, 40.107073000002963 ], [ -83.191206000002282, 40.107428000002855 ], [ -83.191612000002223, 40.107437000002619 ], [ -83.2062730000019, 40.107733000002995 ], [ -83.20952400000165, 40.075143000002818 ], [ -83.210033000002369, 40.07105400000281 ], [ -83.210254000001285, 40.069273000002475 ], [ -83.210587000002192, 40.065277000002624 ], [ -83.212196000001427, 40.048069000002975 ], [ -83.253830000002125, 40.049218000002512 ], [ -83.252476000001693, 40.040589000003067 ], [ -83.254090000001383, 40.005045000002816 ], [ -83.250040000002286, 39.975853000002715 ], [ -83.245502000001636, 39.96710200000247 ], [ -83.241682000002044, 39.957139000003309 ], [ -83.237399000002327, 39.949991000002441 ], [ -83.236042000002016, 39.947429000003247 ], [ -83.235845000001376, 39.947361000002601 ], [ -83.230939000001911, 39.941599000003094 ], [ -83.228576000001667, 39.939301000002636 ], [ -83.230617000002354, 39.928552000002774 ], [ -83.252031000001793, 39.917363000003107 ], [ -83.25074700000232, 39.903501000002741 ], [ -83.247301000001727, 39.860777000002749 ], [ -83.243702000001946, 39.812503000003233 ], [ -83.165103000002304, 39.808711000002781 ], [ -83.153257000001659, 39.808465000002634 ], [ -83.120355000002121, 39.807823000002948 ], [ -83.06047000000153, 39.80568500000296 ], [ -83.047393000001492, 39.805372000003139 ], [ -83.030193000002143, 39.80519200000326 ], [ -83.01307100000129, 39.804394000002986 ], [ -82.937725000002175, 39.801007000002883 ], [ -82.824254000001474, 39.794996000002989 ], [ -82.826904000002045, 39.766448000002505 ], [ -82.829670000001215, 39.736698000002974 ], [ -82.829693000001342, 39.736455000002458 ], [ -82.835281000001544, 39.676169000002972 ], [ -82.837616000001518, 39.64960600000267 ], [ -82.834378000002076, 39.649445000002828 ], [ -82.836103000002154, 39.63174200000293 ], [ -82.838680000001659, 39.605480000003254 ], [ -82.842953000001444, 39.561480000003293 ], [ -82.826913000002236, 39.560589000002913 ], [ -82.731518000001373, 39.554445000002808 ], [ -82.736253000002179, 39.510950000003007 ], [ -82.740729000002062, 39.468350000002545 ], [ -82.749998000001526, 39.468062000002625 ], [ -82.850998000001766, 39.473409000002803 ], [ -82.904201000001962, 39.476036000002679 ], [ -82.908532000001827, 39.476259000003076 ], [ -82.916737000002101, 39.476656000002983 ], [ -82.998204000001749, 39.480061000003047 ], [ -82.980696000001771, 39.489861000002549 ], [ -82.992597000001453, 39.50638800000246 ], [ -83.061667000001961, 39.50863400000285 ], [ -83.065757000002023, 39.508761000003112 ], [ -83.165611000001704, 39.512190000002967 ], [ -83.26673700000164, 39.516249000003043 ], [ -83.258207000001974, 39.619598000003123 ], [ -83.257771000002236, 39.627109000003287 ], [ -83.252435000001554, 39.695438000002667 ], [ -83.279250000002179, 39.696968000002848 ], [ -83.28585600000163, 39.697350000002814 ], [ -83.336687000001703, 39.699664000003295 ], [ -83.387825000001612, 39.701724000002812 ], [ -83.530110000002281, 39.709578000002779 ], [ -83.653330000002143, 39.716876000002607 ], [ -83.647169000001867, 39.773029000002701 ], [ -83.588041000001851, 39.768778000002882 ], [ -83.564881000002288, 39.848225000002586 ], [ -83.55831200000128, 39.868078000002782 ], [ -83.540525000001466, 39.917153000002713 ], [ -83.534594000001846, 39.934346000002741 ], [ -83.509933000001496, 40.009911000003015 ], [ -83.516155000001675, 40.010188000002628 ], [ -83.511323000001823, 40.047400000002654 ], [ -83.503714000001523, 40.111468000002489 ], [ -83.502686000001859, 40.126084000002997 ], [ -83.496770000001874, 40.198550000003152 ], [ -83.499844000002128, 40.225669000002412 ], [ -83.551338000001934, 40.229370000003101 ], [ -83.543814000002001, 40.296695000002742 ], [ -83.542831000002124, 40.306292000002877 ], [ -83.534974000001469, 40.378108000002911 ], [ -83.532816000001375, 40.396802000002701 ], [ -83.528215000002163, 40.436640000002605 ], [ -83.520227000001356, 40.504077000003171 ], [ -83.519727000002007, 40.509623000003195 ], [ -83.59985200000196, 40.514908000003146 ], [ -83.602194000001489, 40.515061000002447 ], [ -83.715549000001232, 40.522020000002726 ], [ -83.722415000002158, 40.522413000003155 ], [ -83.819623000001542, 40.528393000002829 ], [ -83.856002000002306, 40.530444000002795 ], [ -83.880039000001872, 40.538694000002877 ], [ -83.880168000001845, 40.57935300000284 ] ] ] } },
{ "type": "Feature", "properties": { "opt_all": 6, "population": 788530.0, "voting_age_pop": 624424.0, "dem_votes": 129278.0, "rep_votes": 183051.0, "minority_pop": 88033.0, "dem_pct": 0.41391609475459656, "rep_pct": 0.58608390492522822 }, "geometry": { "type": "Polygon", "coordinates": [ [ [ -82.093016000002038, 40.162337000003035 ], [ -82.092981000002226, 40.162579000003205 ], [ -82.187105000001409, 40.166880000002955 ], [ -82.187038000001209, 40.167151000002868 ], [ -82.18282300000206, 40.238624000003135 ], [ -82.195911000001843, 40.239071000002987 ], [ -82.192113000001342, 40.311185000002929 ], [ -82.188184000001399, 40.383355000002602 ], [ -82.184277000001231, 40.456382000002606 ], [ -82.044464000001312, 40.452759000002622 ], [ -81.932198000001605, 40.449766000003038 ], [ -81.929193000001646, 40.523070000002669 ], [ -81.860244000001643, 40.52145300000317 ], [ -81.8025500000021, 40.520307000003264 ], [ -81.764091000001244, 40.519492000003311 ], [ -81.725797000001677, 40.511302000002694 ], [ -81.66705800000183, 40.509561000002982 ], [ -81.666760000001588, 40.516818000003298 ], [ -81.665112000001301, 40.55419300000316 ], [ -81.664489000001296, 40.591528000003038 ], [ -81.662777000001768, 40.627269000003224 ], [ -81.649110000002281, 40.634525000003094 ], [ -81.577953000001571, 40.642764000003055 ], [ -81.553957000001731, 40.645330000003241 ], [ -81.508912000001374, 40.65060700000295 ], [ -81.487320000002043, 40.652564000002918 ], [ -81.473622000001896, 40.654400000003022 ], [ -81.447059000001403, 40.653459000003018 ], [ -81.434018000001728, 40.653313000002839 ], [ -81.412790000002218, 40.653096000003281 ], [ -81.374926000001878, 40.652564000002755 ], [ -81.37386800000202, 40.652551000002589 ], [ -81.355702000002168, 40.652327000003297 ], [ -81.352486000002301, 40.65226700000315 ], [ -81.317739000001239, 40.651579000003181 ], [ -81.313933000001754, 40.726059000003083 ], [ -81.327837000002205, 40.726817000003322 ], [ -81.332469000002234, 40.741309000002829 ], [ -81.35201000000221, 40.741904000003125 ], [ -81.354230000002133, 40.77170800000281 ], [ -81.360251000001426, 40.771872000002958 ], [ -81.349811000001438, 40.784538000002868 ], [ -81.359131000001895, 40.790034000003075 ], [ -81.367826000002026, 40.795597000002992 ], [ -81.37252300000155, 40.793540000003183 ], [ -81.386793000001404, 40.789325000002847 ], [ -81.395590000002159, 40.800055000003077 ], [ -81.399266000001788, 40.802505000003123 ], [ -81.399421000001126, 40.799533000002675 ], [ -81.399795000002285, 40.792663000002989 ], [ -81.412653000001697, 40.79435000000273 ], [ -81.412229000001673, 40.798029000002948 ], [ -81.426340000001829, 40.796328000002461 ], [ -81.425914000001811, 40.803410000002934 ], [ -81.40773600000152, 40.808097000002803 ], [ -81.398154000001796, 40.812099000003201 ], [ -81.401997000001984, 40.817456000002728 ], [ -81.399764000001369, 40.825736000002834 ], [ -81.401047000002066, 40.826242000002928 ], [ -81.401182000002066, 40.837527000003341 ], [ -81.403498000001306, 40.841595000002464 ], [ -81.403037000001675, 40.841688000002591 ], [ -81.39071200000221, 40.840976000002961 ], [ -81.391412000002262, 40.843743000003052 ], [ -81.375625000001591, 40.845891000002602 ], [ -81.375358000001398, 40.838554000003363 ], [ -81.365724000001265, 40.837724000003178 ], [ -81.365334000001482, 40.84555900000251 ], [ -81.365173000001803, 40.848823000002568 ], [ -81.348667000002209, 40.859735000002779 ], [ -81.348288000001233, 40.859727000003147 ], [ -81.344821000001531, 40.866964000002696 ], [ -81.344459000002118, 40.874279000003092 ], [ -81.33417600000169, 40.873863000003006 ], [ -81.32283200000154, 40.873381000003029 ], [ -81.305902000002291, 40.873520000002848 ], [ -81.306280000002033, 40.866190000002852 ], [ -81.287252000001445, 40.859921000002451 ], [ -81.257733000001352, 40.872084000003042 ], [ -81.255138000001281, 40.901574000002803 ], [ -81.304363000002084, 40.903090000002827 ], [ -81.302356000001126, 40.942129000002893 ], [ -81.301659000001834, 40.954422000003319 ], [ -81.271197000001933, 40.952710000003151 ], [ -81.251599000002216, 40.944869000003109 ], [ -81.233148000001549, 40.951537000002624 ], [ -81.232059000001499, 40.971570000003055 ], [ -81.249390000001398, 40.988359000003314 ], [ -81.299767000001225, 40.988511000002859 ], [ -81.302728000002219, 40.988534000003277 ], [ -81.302140000002169, 41.027193000003031 ], [ -81.302152000001584, 41.032858000002513 ], [ -81.269273000001306, 41.030432000002762 ], [ -81.248256000002229, 41.030085000002863 ], [ -81.19488300000171, 41.033215000003203 ], [ -81.195679000002116, 40.988205000002779 ], [ -81.183849000001885, 40.98820800000302 ], [ -81.14799500000187, 40.98821900000295 ], [ -81.144297000001558, 40.988214000002571 ], [ -81.098820000002021, 40.98807400000301 ], [ -81.086312000002266, 40.988031000003154 ], [ -81.001695000001419, 40.987783000002509 ], [ -81.001920000001817, 41.021698000003163 ], [ -81.002360000001971, 41.062093000002861 ], [ -81.002405000002241, 41.098669000002694 ], [ -81.002290000001352, 41.134189000002998 ], [ -80.905972000001611, 41.134388000003042 ], [ -80.81116300000113, 41.134226000003089 ], [ -80.778336000001104, 41.134069000002498 ], [ -80.768742000001168, 41.134095000002638 ], [ -80.753549000001641, 41.134067000002972 ], [ -80.752521000002034, 41.13406000000289 ], [ -80.738265000001874, 41.133985000002703 ], [ -80.711149000001598, 41.133902000002848 ], [ -80.673411000001437, 41.133684000003157 ], [ -80.665491000001765, 41.133665000002949 ], [ -80.660311000001855, 41.133660000002507 ], [ -80.651649000001086, 41.133577000003129 ], [ -80.645351000001185, 41.133537000002669 ], [ -80.635334000001123, 41.133502000002522 ], [ -80.616847000001897, 41.133360000002696 ], [ -80.611891000001407, 41.133457000002835 ], [ -80.587470000001645, 41.133358000003305 ], [ -80.569098000001858, 41.133317000002769 ], [ -80.519048000002101, 41.133394000002461 ], [ -80.519026000002, 41.090677000002785 ], [ -80.51896000000113, 41.061546000003325 ], [ -80.519099000002171, 41.032796000002712 ], [ -80.519094000001317, 41.024029000002834 ], [ -80.519008000001818, 41.010726000002542 ], [ -80.519000000001498, 40.987380000002837 ], [ -80.519002000001294, 40.953362000003033 ], [ -80.519150000001588, 40.900326000003353 ], [ -80.519093000002073, 40.850103000002662 ], [ -80.519108000001324, 40.81286900000282 ], [ -80.51905600000218, 40.774802000002765 ], [ -80.518940000002161, 40.725822000002886 ], [ -80.51896400000183, 40.688559000003046 ], [ -80.518989000002108, 40.654089000002557 ], [ -80.518990000001907, 40.643044000003343 ], [ -80.548107000001863, 40.629260000002994 ], [ -80.563761000001591, 40.621180000003321 ], [ -80.575146000002164, 40.614608000002598 ], [ -80.589039000002089, 40.620111000002701 ], [ -80.598764000001552, 40.625263000002654 ], [ -80.632563000001184, 40.617199000002991 ], [ -80.643219000001309, 40.606220000003326 ], [ -80.65314000000221, 40.597872000002575 ], [ -80.667957000001124, 40.582496000002578 ], [ -80.623379000001378, 40.523617000003128 ], [ -80.618003000001693, 40.502049000003133 ], [ -80.599574000001553, 40.482914000002587 ], [ -80.595337000001535, 40.467279000003266 ], [ -80.59671000000111, 40.46160300000296 ], [ -80.600062000001301, 40.455456000002506 ], [ -80.611352000002185, 40.437060000002575 ], [ -80.612349000001373, 40.42666000000284 ], [ -80.612325000001832, 40.402762000002532 ], [ -80.631538000001598, 40.385972000003115 ], [ -80.609686000001176, 40.374950000003331 ], [ -80.610256000001399, 40.358546000003102 ], [ -80.611795000002076, 40.355169000003087 ], [ -80.610796000001542, 40.340868000002793 ], [ -80.602895000001936, 40.327868000002901 ], [ -80.607385000001557, 40.302727000003202 ], [ -80.614978000001301, 40.291589000002652 ], [ -80.616209000001476, 40.272271000003357 ], [ -80.635716000001551, 40.254988000003287 ], [ -80.661540000001366, 40.229812000003129 ], [ -80.668083000001957, 40.199689000003055 ], [ -80.67905500000218, 40.186831000002805 ], [ -80.687480000001869, 40.179568000003194 ], [ -80.700017000002191, 40.161647000003178 ], [ -80.702750000001942, 40.157249000002849 ], [ -80.71005500000112, 40.137584000002882 ], [ -80.707102000002067, 40.110851000003237 ], [ -80.71542200000215, 40.095934000002885 ], [ -80.721213000001413, 40.092600000003166 ], [ -80.726032000002249, 40.089932000002982 ], [ -80.733028000001127, 40.084537000002911 ], [ -80.737316000001158, 40.064584000002654 ], [ -80.732542000001345, 40.055871000002767 ], [ -80.732258000002091, 40.0500740000031 ], [ -80.738471000001653, 40.019792000002695 ], [ -80.741328000001815, 40.012329000002808 ], [ -80.739716000002062, 39.991400000002848 ], [ -80.739834000002205, 39.977125000003355 ], [ -80.74085800000158, 39.973528000002602 ], [ -80.75306700000182, 39.962743000002966 ], [ -80.762987000002269, 39.953785000002703 ], [ -80.7612660000012, 39.929974000003135 ], [ -80.770801000002166, 39.910350000002772 ], [ -80.795598000002244, 39.91971700000294 ], [ -80.80786800000206, 39.914512000002901 ], [ -80.809565000001413, 39.905658000003321 ], [ -80.791235000002104, 39.875075000002525 ], [ -80.801086000001462, 39.858438000003275 ], [ -80.821279000001965, 39.849982000003159 ], [ -80.824770000001365, 39.803100000003099 ], [ -80.860583000001228, 39.776912000002817 ], [ -80.869933000001154, 39.763555000003166 ], [ -80.831479000001266, 39.719094000002841 ], [ -80.833882000001509, 39.703497000002621 ], [ -80.865805000001174, 39.686484000003304 ], [ -80.870859000001659, 39.640080000002776 ], [ -80.880360000001772, 39.620706000003409 ], [ -80.917620000002017, 39.618703000002817 ], [ -80.9481240000014, 39.604006000002784 ], [ -81.038712000001979, 39.539886000002646 ], [ -81.036791000001301, 39.572118000003272 ], [ -81.141591000001569, 39.575830000003073 ], [ -81.215887000001459, 39.578074000003305 ], [ -81.246797000001948, 39.576594000002714 ], [ -81.265347000002023, 39.576810000002936 ], [ -81.264261000001852, 39.60534400000266 ], [ -81.283075000001404, 39.605796000003309 ], [ -81.280731000001424, 39.678783000003349 ], [ -81.280588000001657, 39.707112000002525 ], [ -81.319125000001648, 39.707360000003014 ], [ -81.316779000002285, 39.779103000002827 ], [ -81.313591000002106, 39.869471000003301 ], [ -81.23731600000167, 39.867828000002909 ], [ -81.234053000001936, 39.951270000002708 ], [ -81.234026000002117, 39.953498000003137 ], [ -81.231910000001335, 40.010453000002506 ], [ -81.230659000001722, 40.039474000002912 ], [ -81.229197000001506, 40.082377000002772 ], [ -81.227535000001467, 40.128409000002698 ], [ -81.22592400000174, 40.170075000002598 ], [ -81.339565000001372, 40.171999000002579 ], [ -81.338057000001456, 40.214253000002508 ], [ -81.429948000002284, 40.216453000003071 ], [ -81.433250000001181, 40.21654000000273 ], [ -81.528028000001612, 40.219027000002797 ], [ -81.622683000002255, 40.221308000003056 ], [ -81.667590000001141, 40.222468000002941 ], [ -81.670899000001725, 40.150976000002785 ], [ -81.716276000001216, 40.152166000002666 ], [ -81.809396000002138, 40.15518900000324 ], [ -81.80953300000148, 40.155194000003114 ], [ -81.90502600000211, 40.157876000002851 ], [ -82.000204000001673, 40.160242000002533 ], [ -82.093016000002038, 40.162337000003035 ] ] ] } },
{ "type": "Feature", "properties": { "opt_all": 7, "population": 790159.0, "voting_age_pop": 633636.0, "dem_votes": 175656.0, "rep_votes": 163775.0, "minority_pop": 105429.0, "dem_pct": 0.5175013476914303, "rep_pct": 0.48249865201395903 }, "geometry": { "type": "Polygon", "coordinates": [ [ [ -82.342177000001286, 41.276154000002961 ], [ -82.342337000002232, 41.28424400000295 ], [ -82.345048000001484, 41.353479000002515 ], [ -82.345195000001823, 41.357165000002432 ], [ -82.346638000001747, 41.391388000002415 ], [ -82.346919000001918, 41.402177000002986 ], [ -82.347372000001243, 41.411475000003279 ], [ -82.347310000001855, 41.413208000002939 ], [ -82.347637000001768, 41.420421000002563 ], [ -82.347913000002308, 41.425009000003193 ], [ -82.348084000002316, 41.428568000002848 ], [ -82.337882000002296, 41.429875000003015 ], [ -82.283491000002257, 41.429429000002465 ], [ -82.252245000001878, 41.436850000002451 ], [ -82.233483000002209, 41.444134000003238 ], [ -82.226487000001285, 41.447707000002445 ], [ -82.199814000001169, 41.461778000003036 ], [ -82.189246000002015, 41.468507000003108 ], [ -82.186097000002206, 41.470272000003234 ], [ -82.182650000001445, 41.472536000003046 ], [ -82.154678000002235, 41.477563000002611 ], [ -82.145255000001811, 41.480417000002909 ], [ -82.130653000001317, 41.485087000003034 ], [ -82.113225000002075, 41.49038100000265 ], [ -82.090422000002221, 41.495699000003093 ], [ -82.066565000002313, 41.501599000002763 ], [ -82.046739000001907, 41.50680500000297 ], [ -82.007049000001331, 41.514969000002594 ], [ -81.98654100000131, 41.511228000002461 ], [ -81.975600000001364, 41.507504000003017 ], [ -81.968287000001894, 41.505189000002915 ], [ -81.953877000001157, 41.505485000002608 ], [ -81.930008000001166, 41.498634000002468 ], [ -81.907516000001252, 41.494973000002751 ], [ -81.886537000002008, 41.491479000002819 ], [ -81.873800000001253, 41.489473000003194 ], [ -81.86055500000117, 41.492006000003279 ], [ -81.852034000002064, 41.493488000003069 ], [ -81.843982000001134, 41.494593000003043 ], [ -81.810963000001266, 41.499172000002602 ], [ -81.794234000002106, 41.500048000003069 ], [ -81.782212000002261, 41.499655000003223 ], [ -81.776854000001521, 41.498622000002463 ], [ -81.775267000001989, 41.498364000002645 ], [ -81.769032000001772, 41.497326000002523 ], [ -81.768676000002145, 41.489971000003095 ], [ -81.768696000001711, 41.488850000003218 ], [ -81.768740000001372, 41.487523000003037 ], [ -81.775338000001867, 41.486869000003146 ], [ -81.782780000002049, 41.490846000002733 ], [ -81.78970400000226, 41.487121000002546 ], [ -81.79274000000116, 41.487202000002398 ], [ -81.792062000001408, 41.485515000002941 ], [ -81.792084000001481, 41.481693000003062 ], [ -81.786633000002254, 41.481110000002531 ], [ -81.78165200000214, 41.480743000002981 ], [ -81.783408000001316, 41.470486000002566 ], [ -81.786550000002308, 41.470471000002881 ], [ -81.789717000002241, 41.470316000003031 ], [ -81.797325000001862, 41.469929000002402 ], [ -81.808777000001186, 41.469958000002507 ], [ -81.810396000001546, 41.468003000003094 ], [ -81.811829000001154, 41.46801100000242 ], [ -81.832143000001196, 41.46465100000254 ], [ -81.82212900000232, 41.460115000002894 ], [ -81.823294000001923, 41.453627000002378 ], [ -81.82478300000146, 41.451570000002754 ], [ -81.829664000001415, 41.443135000002663 ], [ -81.832270000001884, 41.440497000002772 ], [ -81.845284000001996, 41.437708000002537 ], [ -81.853466000001987, 41.430441000002723 ], [ -81.855035000001237, 41.424182000002403 ], [ -81.855950000001457, 41.419033000002919 ], [ -81.869059000001911, 41.403048000003103 ], [ -81.84267200000221, 41.39783400000286 ], [ -81.834802000001744, 41.395019000002776 ], [ -81.819704000002261, 41.394624000002537 ], [ -81.814050000002027, 41.395879000002495 ], [ -81.81350100000131, 41.403550000002816 ], [ -81.804359000002009, 41.398442000002582 ], [ -81.797533000001721, 41.39811300000256 ], [ -81.796199000001735, 41.395337000002691 ], [ -81.784294000001637, 41.4014100000025 ], [ -81.784180000001342, 41.405134000003002 ], [ -81.78094000000209, 41.418450000002515 ], [ -81.769527000002114, 41.418406000002641 ], [ -81.76941000000167, 41.428374000002734 ], [ -81.769171000001791, 41.441227000002918 ], [ -81.764379000001767, 41.44462100000267 ], [ -81.747992000001389, 41.440058000003248 ], [ -81.744077000001511, 41.442888000002725 ], [ -81.744104000001428, 41.440058000002686 ], [ -81.74416000000133, 41.437346000003267 ], [ -81.75645900000211, 41.436040000003025 ], [ -81.752351000001497, 41.429920000003165 ], [ -81.734353000001448, 41.421181000003251 ], [ -81.734437000001662, 41.418637000002789 ], [ -81.728100000002073, 41.418703000003106 ], [ -81.719494000001987, 41.418764000003293 ], [ -81.710209000001143, 41.418908000002745 ], [ -81.698525000002121, 41.419135000003088 ], [ -81.695117000001474, 41.419184000003 ], [ -81.68546500000231, 41.419415000003262 ], [ -81.68533500000207, 41.413562000002898 ], [ -81.663349000001929, 41.406552000002478 ], [ -81.651956000002258, 41.419236000002904 ], [ -81.666123000001775, 41.432849000002477 ], [ -81.681226000001956, 41.449099000002548 ], [ -81.672451000001374, 41.455251000003138 ], [ -81.651000000001588, 41.448105000002911 ], [ -81.637009000001939, 41.441442000003157 ], [ -81.634537000002197, 41.441404000002706 ], [ -81.633304000001189, 41.441410000002662 ], [ -81.6334060000016, 41.438639000003157 ], [ -81.630711000002307, 41.434174000002734 ], [ -81.626904000001886, 41.434209000002426 ], [ -81.626137000001265, 41.429694000002698 ], [ -81.62431900000189, 41.416980000002759 ], [ -81.624303000001419, 41.416145000003091 ], [ -81.627004000001776, 41.415121000003261 ], [ -81.602411000002093, 41.396674000002712 ], [ -81.586032000001268, 41.385930000002602 ], [ -81.584745000001604, 41.384553000003002 ], [ -81.584715000001651, 41.394825000003316 ], [ -81.56561200000229, 41.393504000002658 ], [ -81.565622000002094, 41.394912000002627 ], [ -81.575157000001226, 41.399500000002526 ], [ -81.565485000001175, 41.406619000003161 ], [ -81.556037000002121, 41.402182000002838 ], [ -81.556037000001822, 41.402300000002661 ], [ -81.548759000001269, 41.399160000003114 ], [ -81.542650000001601, 41.395314000002614 ], [ -81.546825000001533, 41.387393000002795 ], [ -81.536722000001973, 41.384509000003064 ], [ -81.526812000002053, 41.372788000003091 ], [ -81.520906000002284, 41.358089000003297 ], [ -81.517658000001632, 41.350154000002725 ], [ -81.518851000001717, 41.350162000003017 ], [ -81.526619000001418, 41.350484000002893 ], [ -81.536077000001242, 41.350614000002672 ], [ -81.558352000002159, 41.350820000002479 ], [ -81.570600000001491, 41.350925000002661 ], [ -81.585249000001269, 41.351088000003053 ], [ -81.59222100000126, 41.351132000003027 ], [ -81.598052000002127, 41.351157000002985 ], [ -81.588099000001918, 41.342651000002498 ], [ -81.587335000001758, 41.321306000003148 ], [ -81.565139000001722, 41.277758000002912 ], [ -81.590542000001449, 41.277554000003086 ], [ -81.610073000002302, 41.277501000002708 ], [ -81.627354000001418, 41.277544000002649 ], [ -81.637849000001353, 41.27748100000268 ], [ -81.670199000001389, 41.277256000002929 ], [ -81.67812800000118, 41.277181000003253 ], [ -81.684950000002132, 41.277146000003114 ], [ -81.696463000002211, 41.277106000003272 ], [ -81.704653000001585, 41.277225000002431 ], [ -81.744821000001338, 41.276800000002829 ], [ -81.755367000001826, 41.276714000003039 ], [ -81.75915800000196, 41.276674000002984 ], [ -81.785097000002253, 41.276450000002434 ], [ -81.807888000001896, 41.276051000003093 ], [ -81.817969000001398, 41.275875000002962 ], [ -81.822133000002282, 41.275804000002779 ], [ -81.822686000001355, 41.275794000002726 ], [ -81.825312000001418, 41.275751000002906 ], [ -81.834934000001937, 41.275610000002601 ], [ -81.835917000001501, 41.275597000002854 ], [ -81.839110000001739, 41.275562000002957 ], [ -81.848322000001758, 41.27544800000318 ], [ -81.850264000001786, 41.275424000002502 ], [ -81.858132000001817, 41.275325000003072 ], [ -81.860703000002047, 41.275290000002968 ], [ -81.878053000002126, 41.275044000002602 ], [ -81.914568000002291, 41.275471000002547 ], [ -81.972485000001342, 41.274829000003258 ], [ -81.974014000001475, 41.22195900000262 ], [ -81.973895000001264, 41.199831000003208 ], [ -82.023899000002061, 41.199836000003174 ], [ -82.072465000001273, 41.199850000003202 ], [ -82.074266000001586, 41.136456000002546 ], [ -82.169875000001412, 41.137097000002683 ], [ -82.171492000002317, 41.063537000002512 ], [ -82.2703670000014, 41.065089000003219 ], [ -82.336496000002199, 41.065761000002439 ], [ -82.340616000002186, 41.137899000002932 ], [ -82.340380000002057, 41.200741000002672 ], [ -82.340324000001246, 41.211282000002534 ], [ -82.342177000001286, 41.276154000002961 ] ] ] } },
{ "type": "Feature", "properties": { "opt_all": 8, "population": 782801.0, "voting_age_pop": 599563.0, "dem_votes": 127684.0, "rep_votes": 198747.0, "minority_pop": 132269.0, "dem_pct": 0.39115157555772839, "rep_pct": 0.6088484241359281 }, "geometry": { "type": "Polygon", "coordinates": [ [ [ -84.624356000001811, 39.239224000002991 ], [ -84.61023900000157, 39.249656000002872 ], [ -84.601358000001412, 39.257552000002818 ], [ -84.628397000002082, 39.2743520000027 ], [ -84.611163000001937, 39.293621000002993 ], [ -84.618428000001487, 39.311370000002945 ], [ -84.630992000001541, 39.311942000003221 ], [ -84.641814000002142, 39.305044000002717 ], [ -84.659233000001791, 39.304847000003228 ], [ -84.703280000001783, 39.30474800000308 ], [ -84.740403000002317, 39.304754000003037 ], [ -84.763276000001326, 39.304918000002743 ], [ -84.795744000001505, 39.305650000002885 ], [ -84.819450000002334, 39.305153000002392 ], [ -84.818259000001433, 39.367910000003 ], [ -84.817647000002381, 39.391816000003047 ], [ -84.816116000001699, 39.477342000002452 ], [ -84.815591000001788, 39.508417000002815 ], [ -84.815055000002161, 39.564718000003225 ], [ -84.814934000002069, 39.567714000002496 ], [ -84.814790000001665, 39.615964000002528 ], [ -84.814585000001699, 39.65584500000287 ], [ -84.814375000001547, 39.743561000003247 ], [ -84.813819000001516, 39.828655000002371 ], [ -84.813603000001905, 39.850197000002424 ], [ -84.812410000001861, 39.916915000003186 ], [ -84.810825000002296, 40.005077000002544 ], [ -84.808916000001474, 40.092644000002686 ], [ -84.806523000002358, 40.179298000003222 ], [ -84.806169000002171, 40.191080000002579 ], [ -84.805740000001521, 40.208804000002424 ], [ -84.804368000001929, 40.26741900000237 ], [ -84.803894000001435, 40.352758000003199 ], [ -84.709858000002129, 40.352067000002698 ], [ -84.690853000001255, 40.351966000002392 ], [ -84.632827000002422, 40.351747000002348 ], [ -84.61857600000144, 40.351728000002545 ], [ -84.571442000001667, 40.353457000003139 ], [ -84.515776000002106, 40.354037000003224 ], [ -84.495106000001968, 40.354155000002855 ], [ -84.434631000001744, 40.354259000003168 ], [ -84.43461000000211, 40.325293000002553 ], [ -84.433959000002062, 40.270149000002725 ], [ -84.432575000001748, 40.197037000002886 ], [ -84.375442000001627, 40.197395000002906 ], [ -84.375442000001783, 40.197322000002757 ], [ -84.317836000001932, 40.198107000002445 ], [ -84.298866000002022, 40.198318000002857 ], [ -84.218658000001767, 40.200004000002401 ], [ -84.219137000001368, 40.195499000003203 ], [ -84.208342000001551, 40.194878000002973 ], [ -84.136482000001521, 40.190513000003108 ], [ -84.143335000001713, 40.117667000003237 ], [ -84.146526000001316, 40.076450000002367 ], [ -84.183975000001652, 40.076399000003001 ], [ -84.209665000001721, 40.06943800000311 ], [ -84.21281700000165, 40.067844000002758 ], [ -84.210156000001632, 40.054646000002613 ], [ -84.208796000001399, 40.050310000002433 ], [ -84.216504000002061, 40.048817000002423 ], [ -84.227811000001793, 40.061741000002925 ], [ -84.233315000001937, 40.069106000002563 ], [ -84.256270000001763, 40.062701000003194 ], [ -84.240637000002351, 40.055854000002711 ], [ -84.247436000002097, 40.046924000002555 ], [ -84.248783000001481, 40.039204000003217 ], [ -84.231753000002428, 40.039591000003149 ], [ -84.228910000002031, 40.026051000002454 ], [ -84.230994000001701, 40.025223000002732 ], [ -84.230598000001692, 40.017836000003058 ], [ -84.249563000001871, 40.009709000002402 ], [ -84.258413000001624, 40.01476900000258 ], [ -84.24203900000154, 40.024416000003107 ], [ -84.296262000001974, 40.023424000002464 ], [ -84.295952000002274, 40.008870000002929 ], [ -84.319973000001426, 40.008395000002594 ], [ -84.315469000001727, 39.990555000002793 ], [ -84.323935000002209, 39.96444800000328 ], [ -84.317682000002279, 39.940967000003127 ], [ -84.311706000001493, 39.935737000003137 ], [ -84.286062000002374, 39.921554000002814 ], [ -84.315237000001787, 39.921366000002962 ], [ -84.369275000002318, 39.920497000002605 ], [ -84.425902000001741, 39.919622000003088 ], [ -84.446528000002374, 39.919262000002611 ], [ -84.485367000001887, 39.91849100000254 ], [ -84.484930000001583, 39.888694000002886 ], [ -84.483590000002152, 39.830398000002901 ], [ -84.482372000002343, 39.773892000003237 ], [ -84.481885000001569, 39.744800000002854 ], [ -84.480956000002394, 39.699075000002438 ], [ -84.480149000001788, 39.657050000002386 ], [ -84.479416000002303, 39.604091000003095 ], [ -84.479213000002403, 39.591024000003216 ], [ -84.455690000001383, 39.59005200000248 ], [ -84.421200000001619, 39.589958000003293 ], [ -84.365232000002095, 39.589493000003195 ], [ -84.364601000001798, 39.569475000002988 ], [ -84.364528000002196, 39.562316000002426 ], [ -84.364305000002446, 39.543810000003141 ], [ -84.345371000002231, 39.545914000003194 ], [ -84.331682000002417, 39.549213000002872 ], [ -84.331963000002133, 39.547858000002485 ], [ -84.333385000002181, 39.532524000003043 ], [ -84.333785000002123, 39.528703000003127 ], [ -84.334152000002192, 39.524861000002581 ], [ -84.334808000001729, 39.51807000000246 ], [ -84.335534000002042, 39.510227000003169 ], [ -84.335948000001792, 39.506027000002923 ], [ -84.336312000001953, 39.50174600000318 ], [ -84.336692000001904, 39.496601000003167 ], [ -84.337350000002061, 39.488684000002763 ], [ -84.337359000001499, 39.488584000002561 ], [ -84.338678000001337, 39.473523000002508 ], [ -84.33957500000183, 39.430055000003179 ], [ -84.341405000001672, 39.41242300000296 ], [ -84.343054000001317, 39.397814000002903 ], [ -84.343850000001396, 39.390269000003258 ], [ -84.344667000001579, 39.382709000002428 ], [ -84.345958000002383, 39.371889000003094 ], [ -84.346331000002309, 39.36844600000309 ], [ -84.347769000001918, 39.353330000003261 ], [ -84.347916000002002, 39.351819000002422 ], [ -84.348081000001898, 39.349872000002946 ], [ -84.348116000001838, 39.349431000002603 ], [ -84.348746000001455, 39.342363000002656 ], [ -84.349296000001331, 39.336661000002699 ], [ -84.34960300000165, 39.332664000003227 ], [ -84.350385000002177, 39.323974000002814 ], [ -84.350895000001799, 39.318652000002992 ], [ -84.351717000001869, 39.309666000003205 ], [ -84.351972000001766, 39.306901000002753 ], [ -84.352578000002026, 39.299348000003135 ], [ -84.353209000002181, 39.292287000002574 ], [ -84.348025000001371, 39.292574000002496 ], [ -84.34418800000212, 39.292762000002689 ], [ -84.334105000001415, 39.293287000002813 ], [ -84.32172900000144, 39.292942000002483 ], [ -84.31745300000189, 39.292713000003012 ], [ -84.316928000002051, 39.292685000003075 ], [ -84.297678000001284, 39.291786000003214 ], [ -84.287502000001524, 39.290617000003152 ], [ -84.282417000001317, 39.289985000003213 ], [ -84.277149000001799, 39.289348000002839 ], [ -84.268125000001689, 39.288722000003091 ], [ -84.262172000001286, 39.288342000002729 ], [ -84.259642000002373, 39.278887000002499 ], [ -84.258733000002394, 39.273731000002989 ], [ -84.259431000002209, 39.270860000003253 ], [ -84.26087300000188, 39.266508000002752 ], [ -84.267878000001502, 39.262051000003176 ], [ -84.282224000002174, 39.252263000002941 ], [ -84.296797000002343, 39.238495000002807 ], [ -84.297003000001325, 39.238254000003217 ], [ -84.318700000001556, 39.225009000002828 ], [ -84.312174000002159, 39.210793000003157 ], [ -84.296099000001391, 39.209712000003258 ], [ -84.293617000001646, 39.210674000003273 ], [ -84.27800000000164, 39.19691600000246 ], [ -84.288288000002268, 39.186487000002558 ], [ -84.288463000002437, 39.182344000003098 ], [ -84.294596000001306, 39.17857700000306 ], [ -84.298226000001705, 39.175723000002613 ], [ -84.298358000001883, 39.171789000003251 ], [ -84.295097000002258, 39.167133000003282 ], [ -84.297429000002239, 39.165852000002921 ], [ -84.301828000001407, 39.152566000002984 ], [ -84.301893000001272, 39.152148000002562 ], [ -84.303806000002382, 39.135243000002397 ], [ -84.30688700000195, 39.114499000002525 ], [ -84.307136000001492, 39.112838000002725 ], [ -84.310417000001507, 39.090716000003134 ], [ -84.318867000001333, 39.106363000002936 ], [ -84.31859900000228, 39.111631000002447 ], [ -84.339165000002254, 39.100671000002698 ], [ -84.342307000002336, 39.113122000003045 ], [ -84.34577000000175, 39.114962000003288 ], [ -84.357411000002003, 39.108577000003258 ], [ -84.366999000001925, 39.106961000002464 ], [ -84.401798000001307, 39.10944700000249 ], [ -84.39953900000134, 39.134355000002515 ], [ -84.400933000002013, 39.134494000002412 ], [ -84.405540000001338, 39.139806000003055 ], [ -84.404525000001783, 39.149617000002493 ], [ -84.39946100000175, 39.149298000002503 ], [ -84.38736700000203, 39.148550000002537 ], [ -84.385424000001336, 39.148426000002559 ], [ -84.375594000002053, 39.147836000003153 ], [ -84.373136000001864, 39.150612000002909 ], [ -84.372832000001821, 39.152998000002569 ], [ -84.372358000002109, 39.152968000002872 ], [ -84.368616000001694, 39.150056000002891 ], [ -84.36558700000225, 39.166173000002701 ], [ -84.37555800000132, 39.172584000003134 ], [ -84.37635000000175, 39.16936400000278 ], [ -84.380780000001806, 39.162835000003135 ], [ -84.3863480000024, 39.167860000003174 ], [ -84.387124000001705, 39.167882000003011 ], [ -84.395341000001906, 39.175460000002587 ], [ -84.394643000002262, 39.186634000002563 ], [ -84.394927000001786, 39.193193000002438 ], [ -84.394851000002234, 39.194073000002682 ], [ -84.385192000001624, 39.200391000002931 ], [ -84.385549000002172, 39.200424000002734 ], [ -84.39634800000205, 39.201465000003068 ], [ -84.404116000001778, 39.200927000002572 ], [ -84.409014000001704, 39.20163100000299 ], [ -84.408643000001973, 39.205592000003023 ], [ -84.40830400000236, 39.209084000002569 ], [ -84.410519000001912, 39.209232000002942 ], [ -84.416711000001314, 39.220522000002504 ], [ -84.417040000002032, 39.217111000003086 ], [ -84.421859000002399, 39.217252000002595 ], [ -84.423761000002202, 39.216732000002622 ], [ -84.426285000001897, 39.217493000002989 ], [ -84.435932000002424, 39.214610000003269 ], [ -84.4328920000018, 39.210514000002703 ], [ -84.449072000002303, 39.204293000002693 ], [ -84.453757000001374, 39.204532000002573 ], [ -84.450676000001749, 39.207594000003219 ], [ -84.455556000002105, 39.21142700000258 ], [ -84.461872000002202, 39.211535000002549 ], [ -84.460716000001909, 39.217820000003215 ], [ -84.465821000002194, 39.217889000002465 ], [ -84.468924000002431, 39.217897000002637 ], [ -84.47362800000235, 39.217665000002498 ], [ -84.481528000001902, 39.219800000002664 ], [ -84.492743000001411, 39.215361000003185 ], [ -84.493235000001377, 39.20594600000252 ], [ -84.496959000001311, 39.204419000002538 ], [ -84.495544000001402, 39.216254000002451 ], [ -84.495828000001367, 39.21692700000262 ], [ -84.517827000001816, 39.220657000003094 ], [ -84.517046000002381, 39.223509000002863 ], [ -84.524719000002179, 39.223268000002868 ], [ -84.529850000001346, 39.228226000003055 ], [ -84.52945500000132, 39.232095000003049 ], [ -84.534577000001335, 39.231050000003194 ], [ -84.547302000002304, 39.242658000002812 ], [ -84.553856000001531, 39.24408500000257 ], [ -84.557546000002048, 39.240911000003273 ], [ -84.567246000002342, 39.243198000002899 ], [ -84.5679960000015, 39.234307000002779 ], [ -84.56885400000219, 39.222361000002529 ], [ -84.569110000002027, 39.219064000003208 ], [ -84.573936000002391, 39.212109000003167 ], [ -84.585818000002035, 39.218836000002533 ], [ -84.5861140000017, 39.220032000002611 ], [ -84.588120000002363, 39.225563000003106 ], [ -84.599887000001416, 39.227017000003173 ], [ -84.60153300000178, 39.220700000002779 ], [ -84.599772000002304, 39.21323400000292 ], [ -84.627572000002289, 39.216127000003148 ], [ -84.635891000001422, 39.208350000002397 ], [ -84.650670000001938, 39.2091620000026 ], [ -84.64106400000226, 39.22693200000289 ], [ -84.633807000001894, 39.22936300000277 ], [ -84.623161000001474, 39.238094000003123 ], [ -84.624356000001811, 39.239224000002991 ] ] ] } },
{ "type": "Feature", "properties": { "opt_all": 9, "population": 786156.0, "voting_age_pop": 612142.0, "dem_votes": 153676.0, "rep_votes": 162802.0, "minority_pop": 131703.0, "dem_pct": 0.48558193603170458, "rep_pct": 0.51441806365231768 }, "geometry": { "type": "Polygon", "coordinates": [ [ [ -84.572657000001371, 40.989865000003064 ], [ -84.68809300000143, 40.98957700000247 ], [ -84.803251000001424, 40.989394000002797 ], [ -84.803331000001634, 41.077480000002367 ], [ -84.803517000001975, 41.164053000002625 ], [ -84.803544000001438, 41.252562000002854 ], [ -84.804028000001537, 41.339970000003014 ], [ -84.804063000001833, 41.426051000002893 ], [ -84.804518000001679, 41.51290900000231 ], [ -84.805782000001997, 41.619161000003011 ], [ -84.805972000002086, 41.696118000003011 ], [ -84.689414000002245, 41.699595000002674 ], [ -84.572789000002032, 41.701919000002491 ], [ -84.475933000001959, 41.703813000002718 ], [ -84.399546000001806, 41.705816000002365 ], [ -84.221299000001807, 41.710340000002468 ], [ -84.114984000002195, 41.713531000002803 ], [ -83.998694000001919, 41.71681300000278 ], [ -83.880391000001438, 41.720212000002441 ], [ -83.781444000002068, 41.723024000002667 ], [ -83.770415000002146, 41.723337000002914 ], [ -83.746797000001877, 41.72408900000314 ], [ -83.730784000001279, 41.724656000002632 ], [ -83.720639000001839, 41.724963000003171 ], [ -83.709474000002089, 41.725240000002657 ], [ -83.691276000001309, 41.726257000002597 ], [ -83.685444000001823, 41.726622000002422 ], [ -83.6495550000013, 41.727374000002335 ], [ -83.639991000001572, 41.727667000002675 ], [ -83.62453300000125, 41.728148000003173 ], [ -83.614833000001269, 41.728484000002418 ], [ -83.605408000002114, 41.728811000002572 ], [ -83.602725000001442, 41.72886800000304 ], [ -83.594873000002039, 41.72903700000267 ], [ -83.585542000001681, 41.729237000002499 ], [ -83.566866000002193, 41.729702000002497 ], [ -83.547671000002168, 41.730155000002291 ], [ -83.521589000001441, 41.731087000002532 ], [ -83.492387000002012, 41.731944000003146 ], [ -83.482814000001326, 41.732178000002683 ], [ -83.464416000001521, 41.732447000002502 ], [ -83.449386000001383, 41.733036000003189 ], [ -83.415851000002277, 41.733794000002895 ], [ -83.305007000001396, 41.815279000002441 ], [ -83.249928000002214, 41.857875000002466 ], [ -83.11246000000169, 41.959410000002485 ], [ -83.069312000001588, 41.86421700000286 ], [ -82.995572000001999, 41.82896900000253 ], [ -82.763872000002024, 41.7172900000025 ], [ -82.726427000001891, 41.698308000003017 ], [ -82.787402000001435, 41.587738000002823 ], [ -82.616147000001419, 41.532930000002771 ], [ -82.719236000001885, 41.482423000002946 ], [ -82.7499070000015, 41.477267000003152 ], [ -82.819491000001449, 41.484952000002501 ], [ -82.834236000002022, 41.479708000002496 ], [ -82.834400000001963, 41.479653000002706 ], [ -82.906650000001704, 41.460215000002613 ], [ -82.952224000001749, 41.458239000003061 ], [ -82.974572000002155, 41.458046000002582 ], [ -83.002860000001448, 41.457825000002678 ], [ -83.067459000001975, 41.457169000002736 ], [ -83.182560000002155, 41.457837000002975 ], [ -83.182583000002012, 41.458397000002861 ], [ -83.281871000001459, 41.457927000002748 ], [ -83.29342300000198, 41.457794000002679 ], [ -83.299538000002016, 41.457721000002969 ], [ -83.338218000001746, 41.460426000002748 ], [ -83.33863000000153, 41.486639000002612 ], [ -83.338991000001741, 41.501189000002334 ], [ -83.414626000001803, 41.5002280000027 ], [ -83.414716000001363, 41.493260000002856 ], [ -83.415437000001532, 41.428029000003058 ], [ -83.492447000001434, 41.427672000002985 ], [ -83.493693000001642, 41.384283000002611 ], [ -83.532830000001553, 41.384052000003038 ], [ -83.533906000001863, 41.341127000002949 ], [ -83.535315000002171, 41.253378000002527 ], [ -83.650271000001496, 41.253949000003132 ], [ -83.766011000001541, 41.255571000002512 ], [ -83.88225600000186, 41.255097000003218 ], [ -83.881149000002281, 41.167824000002554 ], [ -83.880762000002221, 41.080361000002561 ], [ -83.880603000002054, 40.993155000003043 ], [ -83.880423000001528, 40.920429000002422 ], [ -83.995228000001561, 40.919843000002984 ], [ -83.995165000002203, 40.905066000003025 ], [ -84.070163000001884, 40.904905000002763 ], [ -84.109516000002117, 40.904730000002864 ], [ -84.109586000002125, 40.860994000003075 ], [ -84.224850000002377, 40.859307000002623 ], [ -84.22486300000125, 40.860112000002495 ], [ -84.29550500000218, 40.859634000002963 ], [ -84.313068000002275, 40.859426000002415 ], [ -84.329623000002044, 40.859295000003229 ], [ -84.33436600000212, 40.859189000002381 ], [ -84.34053100000142, 40.859099000002914 ], [ -84.34057300000228, 40.859783000002601 ], [ -84.340969000001721, 40.903596000003063 ], [ -84.398407000002166, 40.903265000003117 ], [ -84.399486000001346, 40.990315000002767 ], [ -84.457198000001341, 40.990134000003131 ], [ -84.476418000002255, 40.990100000002691 ], [ -84.572657000001371, 40.989865000003064 ] ] ] } },
{ "type": "Feature", "properties": { "opt_all": 10, "population": 783809.0, "voting_age_pop": 606129.0, "dem_votes": 144133.0, "rep_votes": 186726.0, "minority_pop": 155618.0, "dem_pct": 0.43563270141189064, "rep_pct": 0.56436729828586574 }, "geometry": { "type": "Polygon", "coordinates": [ [ [ -84.34960300000165, 39.332664000003227 ], [ -84.349296000001331, 39.336661000002699 ], [ -84.348746000001455, 39.342363000002656 ], [ -84.348116000001838, 39.349431000002603 ], [ -84.348081000001898, 39.349872000002946 ], [ -84.347916000002002, 39.351819000002422 ], [ -84.347769000001918, 39.353330000003261 ], [ -84.346331000002309, 39.36844600000309 ], [ -84.345958000002383, 39.371889000003094 ], [ -84.344667000001579, 39.382709000002428 ], [ -84.343850000001396, 39.390269000003258 ], [ -84.343054000001317, 39.397814000002903 ], [ -84.341405000001672, 39.41242300000296 ], [ -84.33957500000183, 39.430055000003179 ], [ -84.338678000001337, 39.473523000002508 ], [ -84.337359000001499, 39.488584000002561 ], [ -84.337350000002061, 39.488684000002763 ], [ -84.336692000001904, 39.496601000003167 ], [ -84.336312000001953, 39.50174600000318 ], [ -84.335948000001792, 39.506027000002923 ], [ -84.335534000002042, 39.510227000003169 ], [ -84.334808000001729, 39.51807000000246 ], [ -84.334152000002192, 39.524861000002581 ], [ -84.333785000002123, 39.528703000003127 ], [ -84.333385000002181, 39.532524000003043 ], [ -84.331963000002133, 39.547858000002485 ], [ -84.331682000002417, 39.549213000002872 ], [ -84.345371000002231, 39.545914000003194 ], [ -84.364305000002446, 39.543810000003141 ], [ -84.364528000002196, 39.562316000002426 ], [ -84.364601000001798, 39.569475000002988 ], [ -84.365232000002095, 39.589493000003195 ], [ -84.421200000001619, 39.589958000003293 ], [ -84.455690000001383, 39.59005200000248 ], [ -84.479213000002403, 39.591024000003216 ], [ -84.479416000002303, 39.604091000003095 ], [ -84.480149000001788, 39.657050000002386 ], [ -84.480956000002394, 39.699075000002438 ], [ -84.481885000001569, 39.744800000002854 ], [ -84.482372000002343, 39.773892000003237 ], [ -84.483590000002152, 39.830398000002901 ], [ -84.484930000001583, 39.888694000002886 ], [ -84.485367000001887, 39.91849100000254 ], [ -84.446528000002374, 39.919262000002611 ], [ -84.425902000001741, 39.919622000003088 ], [ -84.369275000002318, 39.920497000002605 ], [ -84.315237000001787, 39.921366000002962 ], [ -84.286062000002374, 39.921554000002814 ], [ -84.274822000002018, 39.921763000003175 ], [ -84.24201400000139, 39.922214000002519 ], [ -84.232105000002136, 39.922348000003211 ], [ -84.227198000002033, 39.922344000002902 ], [ -84.19870300000234, 39.922708000002935 ], [ -84.166988000001936, 39.922761000003248 ], [ -84.166970000001854, 39.922883000002692 ], [ -84.157671000001628, 39.922970000002998 ], [ -84.167065000001472, 39.912197000003097 ], [ -84.163815000001989, 39.895508000002749 ], [ -84.157217000002191, 39.885994000003095 ], [ -84.139237000001671, 39.884947000003017 ], [ -84.136110000002304, 39.884749000002842 ], [ -84.12555100000192, 39.884126000003079 ], [ -84.121376000001916, 39.883904000002893 ], [ -84.110159000001516, 39.883250000003123 ], [ -84.098454000001297, 39.882533000003001 ], [ -84.098182000001373, 39.882525000003184 ], [ -84.051012000002061, 39.879810000002877 ], [ -84.048503000002071, 39.879665000002824 ], [ -84.031308000002355, 39.87868500000264 ], [ -84.030562000002305, 39.887990000003178 ], [ -84.020758000002161, 39.895073000003173 ], [ -84.010407000001408, 39.902243000002628 ], [ -83.995597000001808, 39.898653000002518 ], [ -83.995572000002056, 39.875578000003252 ], [ -83.995342000002395, 39.875372000002635 ], [ -84.021403000002039, 39.866316000002747 ], [ -84.037455000001671, 39.849524000003044 ], [ -84.053736000001919, 39.850458000002462 ], [ -84.054427000001994, 39.843354000002812 ], [ -84.058181000001923, 39.836342000002965 ], [ -84.092938000002306, 39.838345000002505 ], [ -84.09433600000196, 39.82377200000267 ], [ -84.094931000002205, 39.817944000002989 ], [ -84.095743000001832, 39.809171000003005 ], [ -84.096133000001558, 39.80379900000316 ], [ -84.096937000001319, 39.793715000002948 ], [ -84.097837000001661, 39.780158000003219 ], [ -84.098936000001459, 39.770059000002689 ], [ -84.098993000001997, 39.769599000003105 ], [ -84.099518000002206, 39.765402000002638 ], [ -84.10022300000216, 39.758113000002446 ], [ -84.100891000001909, 39.750748000002829 ], [ -84.101227000001884, 39.748030000003261 ], [ -84.101936000002354, 39.740813000002646 ], [ -84.102436000001333, 39.73615900000317 ], [ -84.105130000002376, 39.709582000002655 ], [ -84.105384000002402, 39.707158000003211 ], [ -84.105465000002141, 39.7064010000027 ], [ -84.105982000001873, 39.69720700000282 ], [ -84.106615000001725, 39.689886000002573 ], [ -84.107129000002132, 39.682461000002483 ], [ -84.107227000002297, 39.680525000003108 ], [ -84.107736000001324, 39.674973000002993 ], [ -84.108678000001404, 39.667830000003043 ], [ -84.10929700000213, 39.660203000002539 ], [ -84.110187000001744, 39.650032000002682 ], [ -84.111261000001619, 39.638017000002947 ], [ -84.111428000001922, 39.632738000003002 ], [ -84.111744000001821, 39.627997000002857 ], [ -84.110569000002087, 39.618442000003043 ], [ -84.111126000002116, 39.611373000002587 ], [ -84.114174000002109, 39.578230000002691 ], [ -84.102114000002317, 39.577487000002741 ], [ -84.056885000002126, 39.574657000003214 ], [ -84.027989000002307, 39.572791000003065 ], [ -83.976987000001884, 39.569402000002491 ], [ -83.979269000002247, 39.544207000002423 ], [ -83.979960000002407, 39.536723000002993 ], [ -83.985657000002291, 39.475202000003243 ], [ -83.988504000002024, 39.444424000003032 ], [ -83.989336000001956, 39.435491000003069 ], [ -83.992716000002062, 39.401696000003 ], [ -83.996451000001585, 39.361420000002774 ], [ -83.997452000001729, 39.35136700000308 ], [ -83.997475000001998, 39.351170000002611 ], [ -84.001151000001897, 39.316276000003185 ], [ -84.002074000001429, 39.307554000002696 ], [ -84.002741000002374, 39.301310000002594 ], [ -84.003346000001599, 39.295632000003046 ], [ -84.004108000002233, 39.288510000003292 ], [ -84.007454000001502, 39.255112000002654 ], [ -84.051858000001829, 39.25782100000297 ], [ -84.073692000001898, 39.259157000003057 ], [ -84.078947000002145, 39.25948000000286 ], [ -84.092395000002128, 39.260311000002723 ], [ -84.159672000001464, 39.264512000002931 ], [ -84.19322700000231, 39.266625000002691 ], [ -84.219001000001896, 39.26826600000291 ], [ -84.234960000002388, 39.269280000003249 ], [ -84.237511000001788, 39.269448000002477 ], [ -84.245166000001561, 39.269942000003191 ], [ -84.259431000002209, 39.270860000003253 ], [ -84.258733000002394, 39.273731000002989 ], [ -84.259642000002373, 39.278887000002499 ], [ -84.262172000001286, 39.288342000002729 ], [ -84.268125000001689, 39.288722000003091 ], [ -84.277149000001799, 39.289348000002839 ], [ -84.282417000001317, 39.289985000003213 ], [ -84.287502000001524, 39.290617000003152 ], [ -84.297678000001284, 39.291786000003214 ], [ -84.316928000002051, 39.292685000003075 ], [ -84.31745300000189, 39.292713000003012 ], [ -84.32172900000144, 39.292942000002483 ], [ -84.334105000001415, 39.293287000002813 ], [ -84.34418800000212, 39.292762000002689 ], [ -84.348025000001371, 39.292574000002496 ], [ -84.353209000002181, 39.292287000002574 ], [ -84.352578000002026, 39.299348000003135 ], [ -84.351972000001766, 39.306901000002753 ], [ -84.351717000001869, 39.309666000003205 ], [ -84.350895000001799, 39.318652000002992 ], [ -84.350385000002177, 39.323974000002814 ], [ -84.34960300000165, 39.332664000003227 ] ] ] } },
{ "type": "Feature", "properties": { "opt_all": 11, "population": 787622.0, "voting_age_pop": 620498.0, "dem_votes": 240380.0, "rep_votes": 64974.0, "minority_pop": 347911.0, "dem_pct": 0.78721745882247574, "rep_pct": 0.21278254085003551 }, "geometry": { "type": "Polygon", "coordinates": [ [ [ -81.853466000001987, 41.430441000002723 ], [ -81.845284000001996, 41.437708000002537 ], [ -81.832270000001884, 41.440497000002772 ], [ -81.829664000001415, 41.443135000002663 ], [ -81.82478300000146, 41.451570000002754 ], [ -81.823294000001923, 41.453627000002378 ], [ -81.82212900000232, 41.460115000002894 ], [ -81.832143000001196, 41.46465100000254 ], [ -81.811829000001154, 41.46801100000242 ], [ -81.810396000001546, 41.468003000003094 ], [ -81.808777000001186, 41.469958000002507 ], [ -81.797325000001862, 41.469929000002402 ], [ -81.789717000002241, 41.470316000003031 ], [ -81.786550000002308, 41.470471000002881 ], [ -81.783408000001316, 41.470486000002566 ], [ -81.78165200000214, 41.480743000002981 ], [ -81.786633000002254, 41.481110000002531 ], [ -81.792084000001481, 41.481693000003062 ], [ -81.792062000001408, 41.485515000002941 ], [ -81.79274000000116, 41.487202000002398 ], [ -81.78970400000226, 41.487121000002546 ], [ -81.782780000002049, 41.490846000002733 ], [ -81.775338000001867, 41.486869000003146 ], [ -81.768740000001372, 41.487523000003037 ], [ -81.768696000001711, 41.488850000003218 ], [ -81.768676000002145, 41.489971000003095 ], [ -81.769032000001772, 41.497326000002523 ], [ -81.749856000001955, 41.494047000002951 ], [ -81.735529000002273, 41.497921000003018 ], [ -81.714806000001275, 41.507297000002957 ], [ -81.701562000002042, 41.51601700000316 ], [ -81.66834600000152, 41.535368000002983 ], [ -81.652344000001236, 41.541588000003081 ], [ -81.626462000001624, 41.545473000003277 ], [ -81.592094000001723, 41.572234000002759 ], [ -81.576025000001749, 41.583950000002545 ], [ -81.573731000002269, 41.585570000002974 ], [ -81.571868000001942, 41.587098000002875 ], [ -81.568219000001477, 41.590101000003038 ], [ -81.560611000001586, 41.595976000002544 ], [ -81.550580000001801, 41.604436000002963 ], [ -81.546080000001155, 41.608007000002573 ], [ -81.539530000001605, 41.612524000002558 ], [ -81.532437000001394, 41.616065000002465 ], [ -81.520074000001131, 41.619630000003234 ], [ -81.516226000002064, 41.620759000002977 ], [ -81.511430000002136, 41.623243000002653 ], [ -81.502582000001965, 41.627308000003083 ], [ -81.50052100000164, 41.628362000002625 ], [ -81.488643000001417, 41.631522000003073 ], [ -81.488739000001374, 41.62404800000305 ], [ -81.488739000001161, 41.622932000003182 ], [ -81.488640000002164, 41.618103000002655 ], [ -81.488640000001453, 41.617437000002639 ], [ -81.488312000001869, 41.60899900000264 ], [ -81.488072000002063, 41.596284000003088 ], [ -81.488040000001632, 41.588249000002946 ], [ -81.487940000002055, 41.586249000002653 ], [ -81.488038000001993, 41.582234000002565 ], [ -81.487929000001799, 41.574350000002532 ], [ -81.487842000001905, 41.570051000003097 ], [ -81.470227000002225, 41.570013000002838 ], [ -81.469871000001788, 41.570011000002744 ], [ -81.457687000001428, 41.569952000003163 ], [ -81.447347000002196, 41.569963000002815 ], [ -81.447279000001828, 41.569964000002585 ], [ -81.419936000001528, 41.569950000003224 ], [ -81.417630000001367, 41.569670000003171 ], [ -81.391005000001243, 41.569716000002749 ], [ -81.390851000001703, 41.556060000003171 ], [ -81.390747000001127, 41.522517000003198 ], [ -81.39085100000203, 41.500748000003249 ], [ -81.39086600000212, 41.499214000002688 ], [ -81.391134000001969, 41.467051000002975 ], [ -81.391332000002095, 41.459264000002989 ], [ -81.391394000002094, 41.454897000002511 ], [ -81.391456000002009, 41.449914000003268 ], [ -81.391518000001867, 41.445222000002872 ], [ -81.374819000002077, 41.432355000002978 ], [ -81.374788000001161, 41.427259000003168 ], [ -81.374772000002025, 41.424427000002808 ], [ -81.387171000002056, 41.424269000002887 ], [ -81.391833000001796, 41.41585300000289 ], [ -81.391907000001567, 41.406177000003112 ], [ -81.391934000001342, 41.401853000002475 ], [ -81.391881000001504, 41.386627000003109 ], [ -81.391761000001807, 41.361957000002619 ], [ -81.391694000001806, 41.348272000003007 ], [ -81.399585000002247, 41.348573000003057 ], [ -81.411801000002257, 41.348694000002645 ], [ -81.41901200000197, 41.348753000002709 ], [ -81.431055000001123, 41.34889100000261 ], [ -81.44005300000137, 41.349051000002483 ], [ -81.450331000001327, 41.349148000002941 ], [ -81.461254000002285, 41.349342000002949 ], [ -81.473100000001381, 41.349634000002709 ], [ -81.481443000001548, 41.34969500000286 ], [ -81.488988000001896, 41.349753000002643 ], [ -81.509045000001421, 41.350054000002757 ], [ -81.517658000001632, 41.350154000002725 ], [ -81.520906000002284, 41.358089000003297 ], [ -81.526812000002053, 41.372788000003091 ], [ -81.536722000001973, 41.384509000003064 ], [ -81.546825000001533, 41.387393000002795 ], [ -81.542650000001601, 41.395314000002614 ], [ -81.548759000001269, 41.399160000003114 ], [ -81.556037000001822, 41.402300000002661 ], [ -81.556037000002121, 41.402182000002838 ], [ -81.565485000001175, 41.406619000003161 ], [ -81.575157000001226, 41.399500000002526 ], [ -81.565622000002094, 41.394912000002627 ], [ -81.56561200000229, 41.393504000002658 ], [ -81.584715000001651, 41.394825000003316 ], [ -81.584745000001604, 41.384553000003002 ], [ -81.586032000001268, 41.385930000002602 ], [ -81.602411000002093, 41.396674000002712 ], [ -81.627004000001776, 41.415121000003261 ], [ -81.624303000001419, 41.416145000003091 ], [ -81.62431900000189, 41.416980000002759 ], [ -81.626137000001265, 41.429694000002698 ], [ -81.626904000001886, 41.434209000002426 ], [ -81.630711000002307, 41.434174000002734 ], [ -81.6334060000016, 41.438639000003157 ], [ -81.633304000001189, 41.441410000002662 ], [ -81.634537000002197, 41.441404000002706 ], [ -81.637009000001939, 41.441442000003157 ], [ -81.651000000001588, 41.448105000002911 ], [ -81.672451000001374, 41.455251000003138 ], [ -81.681226000001956, 41.449099000002548 ], [ -81.666123000001775, 41.432849000002477 ], [ -81.651956000002258, 41.419236000002904 ], [ -81.663349000001929, 41.406552000002478 ], [ -81.68533500000207, 41.413562000002898 ], [ -81.68546500000231, 41.419415000003262 ], [ -81.695117000001474, 41.419184000003 ], [ -81.698525000002121, 41.419135000003088 ], [ -81.710209000001143, 41.418908000002745 ], [ -81.719494000001987, 41.418764000003293 ], [ -81.728100000002073, 41.418703000003106 ], [ -81.734437000001662, 41.418637000002789 ], [ -81.734353000001448, 41.421181000003251 ], [ -81.752351000001497, 41.429920000003165 ], [ -81.75645900000211, 41.436040000003025 ], [ -81.74416000000133, 41.437346000003267 ], [ -81.744104000001428, 41.440058000002686 ], [ -81.744077000001511, 41.442888000002725 ], [ -81.747992000001389, 41.440058000003248 ], [ -81.764379000001767, 41.44462100000267 ], [ -81.769171000001791, 41.441227000002918 ], [ -81.76941000000167, 41.428374000002734 ], [ -81.769527000002114, 41.418406000002641 ], [ -81.78094000000209, 41.418450000002515 ], [ -81.784180000001342, 41.405134000003002 ], [ -81.784294000001637, 41.4014100000025 ], [ -81.796199000001735, 41.395337000002691 ], [ -81.797533000001721, 41.39811300000256 ], [ -81.804359000002009, 41.398442000002582 ], [ -81.81350100000131, 41.403550000002816 ], [ -81.814050000002027, 41.395879000002495 ], [ -81.819704000002261, 41.394624000002537 ], [ -81.834802000001744, 41.395019000002776 ], [ -81.84267200000221, 41.39783400000286 ], [ -81.869059000001911, 41.403048000003103 ], [ -81.855950000001457, 41.419033000002919 ], [ -81.855035000001237, 41.424182000002403 ], [ -81.853466000001987, 41.430441000002723 ] ] ] } },
{ "type": "Feature", "properties": { "opt_all": 12, "population": 787711.0, "voting_age_pop": 601129.0, "dem_votes": 114087.0, "rep_votes": 210785.0, "minority_pop": 54499.0, "dem_pct": 0.3511752319833118, "rep_pct": 0.64882476770887465 }, "geometry": { "type": "Polygon", "coordinates": [ [ [ -82.956516000002082, 40.174644000002687 ], [ -82.943807000001783, 40.18164100000331 ], [ -82.943947000001955, 40.179339000002578 ], [ -82.930829000001765, 40.175907000002859 ], [ -82.92545900000124, 40.182500000003209 ], [ -82.919684000001766, 40.189760000002934 ], [ -82.942748000002126, 40.1954930000025 ], [ -82.941648000002104, 40.209786000002509 ], [ -82.940739000001514, 40.221369000002539 ], [ -82.939772000001781, 40.233492000002826 ], [ -82.962486000001931, 40.238804000002681 ], [ -82.979014000001669, 40.239465000003221 ], [ -83.012790000001715, 40.240462000002481 ], [ -83.035707000001764, 40.22782900000314 ], [ -83.036639000002225, 40.214004000003278 ], [ -83.037889000002224, 40.195294000002875 ], [ -83.052445000001725, 40.194047000002755 ], [ -83.077639000001525, 40.195111000003138 ], [ -83.113428000001903, 40.196585000003225 ], [ -83.096426000001344, 40.195740000002488 ], [ -83.096522000001428, 40.180049000002917 ], [ -83.096867000001879, 40.180009000002563 ], [ -83.116138000001598, 40.183167000002591 ], [ -83.115907000001286, 40.186903000002999 ], [ -83.115693000001698, 40.19034300000331 ], [ -83.118181000002224, 40.19675400000262 ], [ -83.124356000001725, 40.196968000002954 ], [ -83.119030000001771, 40.208235000002638 ], [ -83.118618000001774, 40.213563000002992 ], [ -83.112689000001893, 40.228703000003001 ], [ -83.11218100000211, 40.236043000002503 ], [ -83.145209000001927, 40.236821000002578 ], [ -83.146504000002182, 40.244744000002818 ], [ -83.145072000002045, 40.271007000002975 ], [ -83.15346100000157, 40.256969000003011 ], [ -83.176253000002092, 40.254928000002963 ], [ -83.192288000001682, 40.2444000000025 ], [ -83.239151000002266, 40.244492000002978 ], [ -83.248967000002168, 40.264175000002652 ], [ -83.249406000001983, 40.315768000002599 ], [ -83.249578000002231, 40.349765000003238 ], [ -83.249523000001417, 40.381739000002987 ], [ -83.248595000001302, 40.44398900000251 ], [ -83.191683000001575, 40.440542000002537 ], [ -83.113678000001315, 40.436994000002848 ], [ -83.02079800000223, 40.433795000002739 ], [ -83.016785000001747, 40.48451100000328 ], [ -83.005329000001225, 40.485877000003136 ], [ -82.958401000001416, 40.490664000003271 ], [ -82.95806300000163, 40.557934000002469 ], [ -82.957862000001398, 40.601546000003161 ], [ -82.957817000001711, 40.645148000002408 ], [ -82.859753000002001, 40.646395000003224 ], [ -82.858302000001885, 40.70501900000319 ], [ -82.858197000002207, 40.71242300000263 ], [ -82.801512000002106, 40.712246000002921 ], [ -82.796631000002279, 40.712179000003118 ], [ -82.792592000001264, 40.71215700000262 ], [ -82.788254000001999, 40.712130000002944 ], [ -82.765021000001312, 40.711875000002749 ], [ -82.727164000002219, 40.711203000002477 ], [ -82.689113000001271, 40.711033000002587 ], [ -82.689120000001893, 40.710603000002607 ], [ -82.627767000001441, 40.709352000003115 ], [ -82.627128000002301, 40.699175000002839 ], [ -82.62616500000226, 40.666132000002705 ], [ -82.644977000001631, 40.666425000002853 ], [ -82.644117000001927, 40.63724000000262 ], [ -82.624760000001913, 40.637283000003229 ], [ -82.624332000001417, 40.601134000002531 ], [ -82.62360900000202, 40.549879000002989 ], [ -82.566497000001249, 40.550007000002992 ], [ -82.547395000001899, 40.550105000002489 ], [ -82.509111000002108, 40.550540000002933 ], [ -82.451630000001259, 40.550762000003026 ], [ -82.359612000002059, 40.552492000002957 ], [ -82.336962000002003, 40.555001000002825 ], [ -82.338483000001588, 40.638502000002731 ], [ -82.338777000002295, 40.66032000000294 ], [ -82.339211000001342, 40.726683000002872 ], [ -82.378397000002224, 40.727145000002771 ], [ -82.378385000001586, 40.769879000002682 ], [ -82.378647000001664, 40.780880000003087 ], [ -82.388559000001507, 40.808169000002984 ], [ -82.407999000002121, 40.814567000002931 ], [ -82.416847000001994, 40.814567000002626 ], [ -82.416480000001471, 40.902252000002839 ], [ -82.417900000001694, 40.992938000002511 ], [ -82.432852000002015, 40.992944000002517 ], [ -82.436911000002354, 41.065342000002886 ], [ -82.436916000001887, 41.065379000003226 ], [ -82.41708200000204, 41.065486000003034 ], [ -82.336496000002199, 41.065761000002439 ], [ -82.2703670000014, 41.065089000003219 ], [ -82.171492000002317, 41.063537000002512 ], [ -82.169875000001412, 41.137097000002683 ], [ -82.074266000001586, 41.136456000002546 ], [ -82.072465000001273, 41.199850000003202 ], [ -82.023899000002061, 41.199836000003174 ], [ -81.973895000001264, 41.199831000003208 ], [ -81.974014000001475, 41.22195900000262 ], [ -81.972485000001342, 41.274829000003258 ], [ -81.914568000002291, 41.275471000002547 ], [ -81.878053000002126, 41.275044000002602 ], [ -81.860703000002047, 41.275290000002968 ], [ -81.858132000001817, 41.275325000003072 ], [ -81.850264000001786, 41.275424000002502 ], [ -81.848322000001758, 41.27544800000318 ], [ -81.839110000001739, 41.275562000002957 ], [ -81.835917000001501, 41.275597000002854 ], [ -81.834934000001937, 41.275610000002601 ], [ -81.825312000001418, 41.275751000002906 ], [ -81.822686000001355, 41.275794000002726 ], [ -81.822133000002282, 41.275804000002779 ], [ -81.817969000001398, 41.275875000002962 ], [ -81.807888000001896, 41.276051000003093 ], [ -81.785097000002253, 41.276450000002434 ], [ -81.75915800000196, 41.276674000002984 ], [ -81.755367000001826, 41.276714000003039 ], [ -81.744821000001338, 41.276800000002829 ], [ -81.704653000001585, 41.277225000002431 ], [ -81.696463000002211, 41.277106000003272 ], [ -81.684950000002132, 41.277146000003114 ], [ -81.685180000002234, 41.261031000002731 ], [ -81.68565400000179, 41.210074000003118 ], [ -81.685646000001711, 41.202132000002429 ], [ -81.686046000001895, 41.188318000002532 ], [ -81.686500000001203, 41.161930000003267 ], [ -81.686990000001543, 41.135956000002643 ], [ -81.687051000001802, 41.127962000003038 ], [ -81.687161000002092, 41.120124000002541 ], [ -81.687292000001335, 41.110548000003185 ], [ -81.687391000002165, 41.099410000002955 ], [ -81.687624000001421, 41.062154000002955 ], [ -81.687724000001154, 41.041934000003153 ], [ -81.687740000001497, 41.039266000002932 ], [ -81.687743000002101, 41.038905000003197 ], [ -81.687801000001954, 41.025663000002723 ], [ -81.687943000001823, 41.015246000003302 ], [ -81.688491000001278, 40.988590000002873 ], [ -81.647661000001818, 40.987259000002474 ], [ -81.647675000001655, 40.970322000002675 ], [ -81.64764000000153, 40.960481000003114 ], [ -81.647667000002187, 40.958119000003315 ], [ -81.647727000001581, 40.943399000003282 ], [ -81.647757000002173, 40.937332000002492 ], [ -81.64773500000183, 40.914016000003194 ], [ -81.647695000002301, 40.902264000002845 ], [ -81.647859000002171, 40.853981000003216 ], [ -81.647991000001767, 40.825776000002627 ], [ -81.648049000002246, 40.814371000002453 ], [ -81.648123000002016, 40.804923000002681 ], [ -81.648123000001263, 40.804623000003197 ], [ -81.648233000001852, 40.777655000003108 ], [ -81.648235000001549, 40.776376000003282 ], [ -81.648970000002166, 40.736863000002664 ], [ -81.64920800000192, 40.726452000002638 ], [ -81.649524000001691, 40.702774000002854 ], [ -81.65002600000129, 40.667774000002545 ], [ -81.649110000002281, 40.634525000003094 ], [ -81.662777000001768, 40.627269000003224 ], [ -81.664489000001296, 40.591528000003038 ], [ -81.665112000001301, 40.55419300000316 ], [ -81.666760000001588, 40.516818000003298 ], [ -81.66705800000183, 40.509561000002982 ], [ -81.725797000001677, 40.511302000002694 ], [ -81.764091000001244, 40.519492000003311 ], [ -81.8025500000021, 40.520307000003264 ], [ -81.860244000001643, 40.52145300000317 ], [ -81.929193000001646, 40.523070000002669 ], [ -81.932198000001605, 40.449766000003038 ], [ -82.044464000001312, 40.452759000002622 ], [ -82.184277000001231, 40.456382000002606 ], [ -82.188184000001399, 40.383355000002602 ], [ -82.192113000001342, 40.311185000002929 ], [ -82.195911000001843, 40.239071000002987 ], [ -82.18282300000206, 40.238624000003135 ], [ -82.187038000001209, 40.167151000002868 ], [ -82.187105000001409, 40.166880000002955 ], [ -82.190723000001654, 40.095323000003312 ], [ -82.194713000002224, 40.022283000002972 ], [ -82.194786000002054, 40.020694000003147 ], [ -82.198562000001374, 39.955027000002701 ], [ -82.211921000001283, 39.950738000003291 ], [ -82.231695000001707, 39.951075000002817 ], [ -82.231680000001305, 39.947586000002893 ], [ -82.233974000001623, 39.913260000002616 ], [ -82.234161000001976, 39.913268000002965 ], [ -82.287445000001767, 39.915589000002718 ], [ -82.349470000001176, 39.918697000002552 ], [ -82.387440000001462, 39.920740000002468 ], [ -82.408984000001254, 39.9219680000026 ], [ -82.424904000001462, 39.928183000003344 ], [ -82.462813000002186, 39.930380000002586 ], [ -82.493434000001969, 39.926064000002697 ], [ -82.505638000002008, 39.926705000003203 ], [ -82.532698000001673, 39.927975000002974 ], [ -82.581813000001887, 39.930156000002683 ], [ -82.610427000002119, 39.931155000003024 ], [ -82.629748000001811, 39.931968000002918 ], [ -82.649026000001669, 39.932916000003225 ], [ -82.697184000001315, 39.93526700000259 ], [ -82.730713000001415, 39.937071000002561 ], [ -82.747438000002262, 39.937996000003167 ], [ -82.765026000001271, 39.938882000003261 ], [ -82.772870000002357, 39.939326000003106 ], [ -82.78249500000139, 39.939662000002492 ], [ -82.782012000001245, 39.944746000002489 ], [ -82.781257000002128, 39.955696000002554 ], [ -82.780988000002154, 39.957719000002506 ], [ -82.780473000002146, 39.964381000002774 ], [ -82.780328000001603, 39.966091000002919 ], [ -82.780110000001343, 39.968640000002587 ], [ -82.779738000001828, 39.973017000003182 ], [ -82.772677000001678, 39.987112000002483 ], [ -82.772667000001732, 39.987293000002829 ], [ -82.77266100000125, 39.987385000002803 ], [ -82.771818000001815, 39.998339000003071 ], [ -82.771879000001661, 39.99845300000279 ], [ -82.771416000001977, 40.004497000002829 ], [ -82.770613000001859, 40.013052000003221 ], [ -82.767483000001747, 40.051028000002589 ], [ -82.765206000001626, 40.079645000003261 ], [ -82.763897000001748, 40.095776000003134 ], [ -82.761827000001958, 40.125855000002517 ], [ -82.843550000001343, 40.129367000003064 ], [ -82.858221000001208, 40.129998000002651 ], [ -82.883954000001751, 40.131238000003052 ], [ -82.884101000002033, 40.131247000003157 ], [ -82.895360000002071, 40.131787000002696 ], [ -82.902840000001703, 40.132148000003092 ], [ -82.907790000001398, 40.132353000003 ], [ -82.914645000001229, 40.132641000002934 ], [ -82.917159000002087, 40.132745000003212 ], [ -82.925590000002003, 40.13309100000307 ], [ -82.924891000002205, 40.135597000003088 ], [ -82.939756000002092, 40.149643000003238 ], [ -82.946289000001741, 40.149944000002762 ], [ -82.952551000002089, 40.149792000002954 ], [ -82.956516000002082, 40.174644000002687 ] ] ] } },
{ "type": "Feature", "properties": { "opt_all": 13, "population": 783582.0, "voting_age_pop": 620368.0, "dem_votes": 168402.0, "rep_votes": 164172.0, "minority_pop": 122057.0, "dem_pct": 0.50635948675892894, "rep_pct": 0.49364051294038602 }, "geometry": { "type": "Polygon", "coordinates": [ [ [ -81.648235000001549, 40.776376000003282 ], [ -81.648233000001852, 40.777655000003108 ], [ -81.648123000001263, 40.804623000003197 ], [ -81.648123000002016, 40.804923000002681 ], [ -81.648049000002246, 40.814371000002453 ], [ -81.647991000001767, 40.825776000002627 ], [ -81.647859000002171, 40.853981000003216 ], [ -81.647695000002301, 40.902264000002845 ], [ -81.64773500000183, 40.914016000003194 ], [ -81.647757000002173, 40.937332000002492 ], [ -81.647727000001581, 40.943399000003282 ], [ -81.647667000002187, 40.958119000003315 ], [ -81.64764000000153, 40.960481000003114 ], [ -81.647675000001655, 40.970322000002675 ], [ -81.647661000001818, 40.987259000002474 ], [ -81.688491000001278, 40.988590000002873 ], [ -81.687943000001823, 41.015246000003302 ], [ -81.687801000001954, 41.025663000002723 ], [ -81.687743000002101, 41.038905000003197 ], [ -81.687740000001497, 41.039266000002932 ], [ -81.687724000001154, 41.041934000003153 ], [ -81.687624000001421, 41.062154000002955 ], [ -81.687391000002165, 41.099410000002955 ], [ -81.687292000001335, 41.110548000003185 ], [ -81.687161000002092, 41.120124000002541 ], [ -81.687051000001802, 41.127962000003038 ], [ -81.686990000001543, 41.135956000002643 ], [ -81.686500000001203, 41.161930000003267 ], [ -81.686046000001895, 41.188318000002532 ], [ -81.685646000001711, 41.202132000002429 ], [ -81.68565400000179, 41.210074000003118 ], [ -81.685180000002234, 41.261031000002731 ], [ -81.684950000002132, 41.277146000003114 ], [ -81.67812800000118, 41.277181000003253 ], [ -81.670199000001389, 41.277256000002929 ], [ -81.637849000001353, 41.27748100000268 ], [ -81.627354000001418, 41.277544000002649 ], [ -81.610073000002302, 41.277501000002708 ], [ -81.590542000001449, 41.277554000003086 ], [ -81.565139000001722, 41.277758000002912 ], [ -81.587335000001758, 41.321306000003148 ], [ -81.588099000001918, 41.342651000002498 ], [ -81.598052000002127, 41.351157000002985 ], [ -81.59222100000126, 41.351132000003027 ], [ -81.585249000001269, 41.351088000003053 ], [ -81.570600000001491, 41.350925000002661 ], [ -81.558352000002159, 41.350820000002479 ], [ -81.536077000001242, 41.350614000002672 ], [ -81.526619000001418, 41.350484000002893 ], [ -81.518851000001717, 41.350162000003017 ], [ -81.517658000001632, 41.350154000002725 ], [ -81.509045000001421, 41.350054000002757 ], [ -81.488988000001896, 41.349753000002643 ], [ -81.481443000001548, 41.34969500000286 ], [ -81.473100000001381, 41.349634000002709 ], [ -81.461254000002285, 41.349342000002949 ], [ -81.450331000001327, 41.349148000002941 ], [ -81.44005300000137, 41.349051000002483 ], [ -81.431055000001123, 41.34889100000261 ], [ -81.41901200000197, 41.348753000002709 ], [ -81.411801000002257, 41.348694000002645 ], [ -81.399585000002247, 41.348573000003057 ], [ -81.391694000001806, 41.348272000003007 ], [ -81.391696000001517, 41.342520000002828 ], [ -81.391719000001785, 41.336658000002508 ], [ -81.391571000001747, 41.329999000002985 ], [ -81.391626000002276, 41.324919000002467 ], [ -81.391740000001633, 41.311743000002878 ], [ -81.391746000001987, 41.306956000002401 ], [ -81.391831000001616, 41.276654000002907 ], [ -81.391831000001346, 41.276488000002452 ], [ -81.391931000001662, 41.254189000003173 ], [ -81.392134000001917, 41.239743000002839 ], [ -81.392137000001668, 41.231668000003111 ], [ -81.391931000002202, 41.20285500000324 ], [ -81.392238000001242, 41.180702000003066 ], [ -81.392262000001566, 41.174188000002822 ], [ -81.392269000002116, 41.173631000002693 ], [ -81.392345000001939, 41.166238000002664 ], [ -81.392385000001454, 41.159607000002858 ], [ -81.392427000002243, 41.151357000002591 ], [ -81.392444000001589, 41.148247000003309 ], [ -81.392357000002235, 41.136952000002992 ], [ -81.3921140000013, 41.135722000002872 ], [ -81.392432000001151, 41.111755000003008 ], [ -81.392534000001589, 41.100435000002577 ], [ -81.392766000001558, 41.087056000002441 ], [ -81.392946000002127, 41.06626700000264 ], [ -81.392935000001756, 41.066197000002944 ], [ -81.393056000001835, 41.060666000002755 ], [ -81.393199000001417, 41.042947000003174 ], [ -81.393216000002184, 41.040640000002853 ], [ -81.393222000001302, 41.039001000002841 ], [ -81.393236000001494, 41.036303000002469 ], [ -81.39326700000133, 41.029035000002821 ], [ -81.393282000002074, 41.025435000002943 ], [ -81.393249000001873, 40.988531000003299 ], [ -81.367619000001312, 40.988673000003168 ], [ -81.357529000001378, 40.988717000003277 ], [ -81.342697000001976, 40.988657000003123 ], [ -81.302728000002219, 40.988534000003277 ], [ -81.299767000001225, 40.988511000002859 ], [ -81.249390000001398, 40.988359000003314 ], [ -81.232059000001499, 40.971570000003055 ], [ -81.233148000001549, 40.951537000002624 ], [ -81.251599000002216, 40.944869000003109 ], [ -81.271197000001933, 40.952710000003151 ], [ -81.301659000001834, 40.954422000003319 ], [ -81.302356000001126, 40.942129000002893 ], [ -81.304363000002084, 40.903090000002827 ], [ -81.255138000001281, 40.901574000002803 ], [ -81.257733000001352, 40.872084000003042 ], [ -81.287252000001445, 40.859921000002451 ], [ -81.306280000002033, 40.866190000002852 ], [ -81.305902000002291, 40.873520000002848 ], [ -81.32283200000154, 40.873381000003029 ], [ -81.33417600000169, 40.873863000003006 ], [ -81.344459000002118, 40.874279000003092 ], [ -81.344821000001531, 40.866964000002696 ], [ -81.348288000001233, 40.859727000003147 ], [ -81.348667000002209, 40.859735000002779 ], [ -81.365173000001803, 40.848823000002568 ], [ -81.365334000001482, 40.84555900000251 ], [ -81.365724000001265, 40.837724000003178 ], [ -81.375358000001398, 40.838554000003363 ], [ -81.375625000001591, 40.845891000002602 ], [ -81.391412000002262, 40.843743000003052 ], [ -81.39071200000221, 40.840976000002961 ], [ -81.403037000001675, 40.841688000002591 ], [ -81.403498000001306, 40.841595000002464 ], [ -81.401182000002066, 40.837527000003341 ], [ -81.401047000002066, 40.826242000002928 ], [ -81.399764000001369, 40.825736000002834 ], [ -81.401997000001984, 40.817456000002728 ], [ -81.398154000001796, 40.812099000003201 ], [ -81.40773600000152, 40.808097000002803 ], [ -81.425914000001811, 40.803410000002934 ], [ -81.426340000001829, 40.796328000002461 ], [ -81.412229000001673, 40.798029000002948 ], [ -81.412653000001697, 40.79435000000273 ], [ -81.399795000002285, 40.792663000002989 ], [ -81.399421000001126, 40.799533000002675 ], [ -81.399266000001788, 40.802505000003123 ], [ -81.395590000002159, 40.800055000003077 ], [ -81.386793000001404, 40.789325000002847 ], [ -81.37252300000155, 40.793540000003183 ], [ -81.367826000002026, 40.795597000002992 ], [ -81.359131000001895, 40.790034000003075 ], [ -81.349811000001438, 40.784538000002868 ], [ -81.360251000001426, 40.771872000002958 ], [ -81.354230000002133, 40.77170800000281 ], [ -81.35201000000221, 40.741904000003125 ], [ -81.332469000002234, 40.741309000002829 ], [ -81.327837000002205, 40.726817000003322 ], [ -81.313933000001754, 40.726059000003083 ], [ -81.317739000001239, 40.651579000003181 ], [ -81.352486000002301, 40.65226700000315 ], [ -81.355702000002168, 40.652327000003297 ], [ -81.37386800000202, 40.652551000002589 ], [ -81.374926000001878, 40.652564000002755 ], [ -81.412790000002218, 40.653096000003281 ], [ -81.434018000001728, 40.653313000002839 ], [ -81.447059000001403, 40.653459000003018 ], [ -81.473622000001896, 40.654400000003022 ], [ -81.487320000002043, 40.652564000002918 ], [ -81.508912000001374, 40.65060700000295 ], [ -81.553957000001731, 40.645330000003241 ], [ -81.577953000001571, 40.642764000003055 ], [ -81.649110000002281, 40.634525000003094 ], [ -81.65002600000129, 40.667774000002545 ], [ -81.649524000001691, 40.702774000002854 ], [ -81.64920800000192, 40.726452000002638 ], [ -81.648970000002166, 40.736863000002664 ], [ -81.648235000001549, 40.776376000003282 ] ] ] } },
{ "type": "Feature", "properties": { "opt_all": 14, "population": 786756.0, "voting_age_pop": 629482.0, "dem_votes": 147891.0, "rep_votes": 181353.0, "minority_pop": 76742.0, "dem_pct": 0.44918358407467301, "rep_pct": 0.55081641562160089 }, "geometry": { "type": "Polygon", "coordinates": [ [ [ -81.392766000001558, 41.087056000002441 ], [ -81.392534000001589, 41.100435000002577 ], [ -81.392432000001151, 41.111755000003008 ], [ -81.3921140000013, 41.135722000002872 ], [ -81.392357000002235, 41.136952000002992 ], [ -81.392444000001589, 41.148247000003309 ], [ -81.392427000002243, 41.151357000002591 ], [ -81.392385000001454, 41.159607000002858 ], [ -81.392345000001939, 41.166238000002664 ], [ -81.392269000002116, 41.173631000002693 ], [ -81.392262000001566, 41.174188000002822 ], [ -81.392238000001242, 41.180702000003066 ], [ -81.391931000002202, 41.20285500000324 ], [ -81.392137000001668, 41.231668000003111 ], [ -81.392134000001917, 41.239743000002839 ], [ -81.391931000001662, 41.254189000003173 ], [ -81.391831000001346, 41.276488000002452 ], [ -81.391831000001616, 41.276654000002907 ], [ -81.391746000001987, 41.306956000002401 ], [ -81.391740000001633, 41.311743000002878 ], [ -81.391626000002276, 41.324919000002467 ], [ -81.391571000001747, 41.329999000002985 ], [ -81.391719000001785, 41.336658000002508 ], [ -81.391696000001517, 41.342520000002828 ], [ -81.391694000001806, 41.348272000003007 ], [ -81.391761000001807, 41.361957000002619 ], [ -81.391881000001504, 41.386627000003109 ], [ -81.391934000001342, 41.401853000002475 ], [ -81.391907000001567, 41.406177000003112 ], [ -81.391833000001796, 41.41585300000289 ], [ -81.387171000002056, 41.424269000002887 ], [ -81.374772000002025, 41.424427000002808 ], [ -81.374788000001161, 41.427259000003168 ], [ -81.374819000002077, 41.432355000002978 ], [ -81.391518000001867, 41.445222000002872 ], [ -81.391456000002009, 41.449914000003268 ], [ -81.391394000002094, 41.454897000002511 ], [ -81.391332000002095, 41.459264000002989 ], [ -81.391134000001969, 41.467051000002975 ], [ -81.39086600000212, 41.499214000002688 ], [ -81.39085100000203, 41.500748000003249 ], [ -81.390747000001127, 41.522517000003198 ], [ -81.390851000001703, 41.556060000003171 ], [ -81.391005000001243, 41.569716000002749 ], [ -81.417630000001367, 41.569670000003171 ], [ -81.419936000001528, 41.569950000003224 ], [ -81.447279000001828, 41.569964000002585 ], [ -81.447347000002196, 41.569963000002815 ], [ -81.457687000001428, 41.569952000003163 ], [ -81.469871000001788, 41.570011000002744 ], [ -81.470227000002225, 41.570013000002838 ], [ -81.487842000001905, 41.570051000003097 ], [ -81.487929000001799, 41.574350000002532 ], [ -81.488038000001993, 41.582234000002565 ], [ -81.487940000002055, 41.586249000002653 ], [ -81.488040000001632, 41.588249000002946 ], [ -81.488072000002063, 41.596284000003088 ], [ -81.488312000001869, 41.60899900000264 ], [ -81.488640000001453, 41.617437000002639 ], [ -81.488640000002164, 41.618103000002655 ], [ -81.488739000001161, 41.622932000003182 ], [ -81.488739000001374, 41.62404800000305 ], [ -81.488643000001417, 41.631522000003073 ], [ -81.481450000001686, 41.636641000002513 ], [ -81.473198000001616, 41.643809000002634 ], [ -81.46273100000208, 41.652747000002762 ], [ -81.458941000001573, 41.656957000003288 ], [ -81.45023600000178, 41.665233000003305 ], [ -81.447857000001491, 41.667821000003009 ], [ -81.427969000001951, 41.682131000002883 ], [ -81.408843000002108, 41.694601000002727 ], [ -81.396491000001859, 41.702500000003113 ], [ -81.38863100000124, 41.70725600000263 ], [ -81.365430000001794, 41.720444000002509 ], [ -81.34960300000192, 41.728276000002502 ], [ -81.327349000001647, 41.740134000002762 ], [ -81.320928000001643, 41.742686000002614 ], [ -81.311565000001195, 41.746435000003302 ], [ -81.290829000001665, 41.757452000003248 ], [ -81.280326000001949, 41.760344000002767 ], [ -81.263734000001634, 41.758237000002801 ], [ -81.223483000001892, 41.769174000002991 ], [ -81.191078000001411, 41.784403000002378 ], [ -81.147000000001398, 41.803800000003015 ], [ -81.101869000002168, 41.82015900000286 ], [ -81.084699000001891, 41.825308000002735 ], [ -81.070661000002218, 41.831031000002667 ], [ -81.061849000001857, 41.832264000002624 ], [ -81.043480000001637, 41.83914600000265 ], [ -81.032120000001797, 41.842644000002913 ], [ -81.008011000001886, 41.850429000003118 ], [ -81.002116000001834, 41.854928000003099 ], [ -80.982209000001333, 41.85659300000308 ], [ -80.922817000001089, 41.865487000002808 ], [ -80.903435000001451, 41.868027000003032 ], [ -80.887354000001622, 41.874027000003181 ], [ -80.85978500000175, 41.8828430000029 ], [ -80.82315700000116, 41.894614000002534 ], [ -80.809921000001893, 41.900807000002509 ], [ -80.80541900000199, 41.904602000002718 ], [ -80.798410000001809, 41.909807000003042 ], [ -80.778208000002095, 41.907872000003117 ], [ -80.753255000001673, 41.916049000002765 ], [ -80.712945000002009, 41.922026000002731 ], [ -80.646452000001275, 41.942414000002479 ], [ -80.626978000002055, 41.944655000002449 ], [ -80.594630000001345, 41.954816000002992 ], [ -80.574026000001666, 41.960706000002745 ], [ -80.556735000001623, 41.965958000003177 ], [ -80.549404000001317, 41.971979000002705 ], [ -80.519421000001287, 41.977523000002464 ], [ -80.519385000002217, 41.954936000002633 ], [ -80.519387000001942, 41.950350000002672 ], [ -80.519296000001489, 41.94388200000256 ], [ -80.519310000001241, 41.892136000002637 ], [ -80.519358000001972, 41.791069000002722 ], [ -80.519412000001324, 41.714731000002921 ], [ -80.519375000001247, 41.644596000002927 ], [ -80.519403000001631, 41.606879000003225 ], [ -80.519367000001154, 41.57102200000287 ], [ -80.519225000001327, 41.499924000002899 ], [ -80.518993000001913, 41.423954000002809 ], [ -80.519120000001408, 41.350730000003011 ], [ -80.519088000001517, 41.289912000003007 ], [ -80.519090000002038, 41.272935000003258 ], [ -80.51908900000133, 41.232757000002763 ], [ -80.518871000001482, 41.220509000003098 ], [ -80.519064000001279, 41.202984000002573 ], [ -80.519130000001709, 41.171103000002944 ], [ -80.519048000002101, 41.133394000002461 ], [ -80.569098000001858, 41.133317000002769 ], [ -80.587470000001645, 41.133358000003305 ], [ -80.611891000001407, 41.133457000002835 ], [ -80.616847000001897, 41.133360000002696 ], [ -80.635334000001123, 41.133502000002522 ], [ -80.645351000001185, 41.133537000002669 ], [ -80.651649000001086, 41.133577000003129 ], [ -80.660311000001855, 41.133660000002507 ], [ -80.665491000001765, 41.133665000002949 ], [ -80.673411000001437, 41.133684000003157 ], [ -80.711149000001598, 41.133902000002848 ], [ -80.738265000001874, 41.133985000002703 ], [ -80.752521000002034, 41.13406000000289 ], [ -80.753549000001641, 41.134067000002972 ], [ -80.768742000001168, 41.134095000002638 ], [ -80.778336000001104, 41.134069000002498 ], [ -80.81116300000113, 41.134226000003089 ], [ -80.905972000001611, 41.134388000003042 ], [ -81.002290000001352, 41.134189000002998 ], [ -81.002405000002241, 41.098669000002694 ], [ -81.002360000001971, 41.062093000002861 ], [ -81.001920000001817, 41.021698000003163 ], [ -81.001695000001419, 40.987783000002509 ], [ -81.086312000002266, 40.988031000003154 ], [ -81.098820000002021, 40.98807400000301 ], [ -81.144297000001558, 40.988214000002571 ], [ -81.14799500000187, 40.98821900000295 ], [ -81.183849000001885, 40.98820800000302 ], [ -81.195679000002116, 40.988205000002779 ], [ -81.19488300000171, 41.033215000003203 ], [ -81.248256000002229, 41.030085000002863 ], [ -81.269273000001306, 41.030432000002762 ], [ -81.302152000001584, 41.032858000002513 ], [ -81.302140000002169, 41.027193000003031 ], [ -81.302728000002219, 40.988534000003277 ], [ -81.342697000001976, 40.988657000003123 ], [ -81.357529000001378, 40.988717000003277 ], [ -81.367619000001312, 40.988673000003168 ], [ -81.393249000001873, 40.988531000003299 ], [ -81.393282000002074, 41.025435000002943 ], [ -81.39326700000133, 41.029035000002821 ], [ -81.393236000001494, 41.036303000002469 ], [ -81.393222000001302, 41.039001000002841 ], [ -81.393216000002184, 41.040640000002853 ], [ -81.393199000001417, 41.042947000003174 ], [ -81.393056000001835, 41.060666000002755 ], [ -81.392935000001756, 41.066197000002944 ], [ -81.392946000002127, 41.06626700000264 ], [ -81.392766000001558, 41.087056000002441 ] ] ] } },
{ "type": "Feature", "properties": { "opt_all": 15, "population": 788969.0, "voting_age_pop": 599745.0, "dem_votes": 178068.0, "rep_votes": 138122.0, "minority_pop": 180089.0, "dem_pct": 0.56316771543591904, "rep_pct": 0.43683228424781545 }, "geometry": { "type": "MultiPolygon", "coordinates": [ [ [ [ -83.228576000001667, 39.939301000002636 ], [ -83.230939000001911, 39.941599000003094 ], [ -83.235845000001376, 39.947361000002601 ], [ -83.236042000002016, 39.947429000003247 ], [ -83.237399000002327, 39.949991000002441 ], [ -83.241682000002044, 39.957139000003309 ], [ -83.245502000001636, 39.96710200000247 ], [ -83.250040000002286, 39.975853000002715 ], [ -83.254090000001383, 40.005045000002816 ], [ -83.252476000001693, 40.040589000003067 ], [ -83.253830000002125, 40.049218000002512 ], [ -83.212196000001427, 40.048069000002975 ], [ -83.210587000002192, 40.065277000002624 ], [ -83.210254000001285, 40.069273000002475 ], [ -83.210033000002369, 40.07105400000281 ], [ -83.20952400000165, 40.075143000002818 ], [ -83.2062730000019, 40.107733000002995 ], [ -83.191612000002223, 40.107437000002619 ], [ -83.191206000002282, 40.107428000002855 ], [ -83.17020800000175, 40.107073000002963 ], [ -83.170060000001669, 40.11855600000289 ], [ -83.169902000001542, 40.131022000003227 ], [ -83.169981000001258, 40.143087000002765 ], [ -83.170049000002223, 40.149899000003103 ], [ -83.170051000001422, 40.150167000003059 ], [ -83.170460000001881, 40.166833000002903 ], [ -83.171208000002139, 40.19546600000281 ], [ -83.171277000001652, 40.19807700000306 ], [ -83.172330000002219, 40.244257000002641 ], [ -83.192288000001682, 40.2444000000025 ], [ -83.176253000002092, 40.254928000002963 ], [ -83.15346100000157, 40.256969000003011 ], [ -83.145072000002045, 40.271007000002975 ], [ -83.146504000002182, 40.244744000002818 ], [ -83.145209000001927, 40.236821000002578 ], [ -83.11218100000211, 40.236043000002503 ], [ -83.112689000001893, 40.228703000003001 ], [ -83.118618000001774, 40.213563000002992 ], [ -83.119030000001771, 40.208235000002638 ], [ -83.124356000001725, 40.196968000002954 ], [ -83.118181000002224, 40.19675400000262 ], [ -83.115693000001698, 40.19034300000331 ], [ -83.115907000001286, 40.186903000002999 ], [ -83.116138000001598, 40.183167000002591 ], [ -83.096867000001879, 40.180009000002563 ], [ -83.096522000001428, 40.180049000002917 ], [ -83.096426000001344, 40.195740000002488 ], [ -83.113428000001903, 40.196585000003225 ], [ -83.077639000001525, 40.195111000003138 ], [ -83.052445000001725, 40.194047000002755 ], [ -83.037889000002224, 40.195294000002875 ], [ -83.036639000002225, 40.214004000003278 ], [ -83.035707000001764, 40.22782900000314 ], [ -83.012790000001715, 40.240462000002481 ], [ -82.979014000001669, 40.239465000003221 ], [ -82.962486000001931, 40.238804000002681 ], [ -82.939772000001781, 40.233492000002826 ], [ -82.940739000001514, 40.221369000002539 ], [ -82.941648000002104, 40.209786000002509 ], [ -82.942748000002126, 40.1954930000025 ], [ -82.919684000001766, 40.189760000002934 ], [ -82.92545900000124, 40.182500000003209 ], [ -82.930829000001765, 40.175907000002859 ], [ -82.943947000001955, 40.179339000002578 ], [ -82.943807000001783, 40.18164100000331 ], [ -82.956516000002082, 40.174644000002687 ], [ -82.952551000002089, 40.149792000002954 ], [ -82.946289000001741, 40.149944000002762 ], [ -82.939756000002092, 40.149643000003238 ], [ -82.924891000002205, 40.135597000003088 ], [ -82.925590000002003, 40.13309100000307 ], [ -82.928880000002138, 40.133228000002667 ], [ -82.947516000001457, 40.133976000002413 ], [ -82.950847000001573, 40.13410400000253 ], [ -82.970012000001745, 40.134881000003283 ], [ -82.971574000001652, 40.125587000002781 ], [ -82.971589000002126, 40.125345000002483 ], [ -82.972682000002351, 40.109849000003017 ], [ -82.963589000001917, 40.108137000003303 ], [ -82.949150000001779, 40.110917000002807 ], [ -82.950066000001627, 40.098124000002649 ], [ -82.9504300000022, 40.093536000002949 ], [ -82.960291000001732, 40.086501000002499 ], [ -82.964587000001814, 40.086719000003093 ], [ -82.969541000001485, 40.082023000002955 ], [ -82.976053000001542, 40.076960000002643 ], [ -82.979818000001885, 40.077419000002685 ], [ -82.981096000001372, 40.08741100000249 ], [ -82.984798000001547, 40.098635000003199 ], [ -82.987148000001909, 40.087590000002798 ], [ -82.987530000002351, 40.081690000002489 ], [ -82.987919000002293, 40.075723000002554 ], [ -82.992771000002136, 40.087812000002842 ], [ -82.997652000002091, 40.088162000002868 ], [ -83.002844000001616, 40.087842000002958 ], [ -83.001616000001476, 40.08196000000293 ], [ -83.001210000001464, 40.0763160000025 ], [ -83.014512000001488, 40.076812000002697 ], [ -83.018598000001745, 40.076968000002587 ], [ -83.018873000001832, 40.074398000002518 ], [ -83.034609000001367, 40.074980000002988 ], [ -83.031321000002279, 40.0774470000026 ], [ -83.029605000001652, 40.082719000002918 ], [ -83.030270000002318, 40.084902000002906 ], [ -83.04948600000175, 40.082351000002525 ], [ -83.046242000001556, 40.076239000002502 ], [ -83.044139000002261, 40.07449400000263 ], [ -83.043442000002216, 40.07294000000276 ], [ -83.044251000001651, 40.072925000002883 ], [ -83.047969000002027, 40.068881000003074 ], [ -83.048460000001668, 40.071111000002979 ], [ -83.062013000001926, 40.072189000002773 ], [ -83.062238000001344, 40.072103000003068 ], [ -83.068808000001738, 40.072604000002606 ], [ -83.071524000001304, 40.072903000003315 ], [ -83.080730000001239, 40.073206000002713 ], [ -83.076239000001308, 40.064352000002927 ], [ -83.074956000002288, 40.064303000002454 ], [ -83.070162000002213, 40.064160000003014 ], [ -83.075431000002254, 40.05707000000254 ], [ -83.066943000001942, 40.053861000003288 ], [ -83.065582000002067, 40.053324000002462 ], [ -83.061624000001217, 40.05178400000262 ], [ -83.059484000001476, 40.051723000002823 ], [ -83.050159000002083, 40.043402000002722 ], [ -83.04586000000198, 40.039927000002912 ], [ -83.046276000002237, 40.033074000002571 ], [ -83.046203000001825, 40.027404000002981 ], [ -83.043491000001765, 40.024346000003121 ], [ -83.046960000001832, 40.022708000003171 ], [ -83.047211000001482, 40.01903000000268 ], [ -83.047621000001683, 40.010851000003314 ], [ -83.047982000001497, 40.00502700000289 ], [ -83.048324000001386, 39.999510000002466 ], [ -83.048436000001217, 39.997665000003252 ], [ -83.048511000001227, 39.996436000002454 ], [ -83.048649000002015, 39.994035000002611 ], [ -83.048861000001651, 39.99238700000263 ], [ -83.055947000002007, 39.989289000002898 ], [ -83.051497000001703, 39.984927000002557 ], [ -83.049039000001315, 39.985766000002883 ], [ -83.046294000001339, 39.98468800000331 ], [ -83.044788000001759, 39.984637000002429 ], [ -83.039951000002105, 39.984414000003092 ], [ -83.037135000002195, 39.98430000000242 ], [ -83.02474800000158, 39.979299000003166 ], [ -83.023316000001458, 39.974179000003105 ], [ -83.02112700000211, 39.980945000002741 ], [ -83.01620000000166, 39.980591000002569 ], [ -83.013238000001522, 39.977540000002755 ], [ -83.009034000001691, 39.977380000002874 ], [ -83.008815000001221, 39.980274000003149 ], [ -83.012733000001276, 39.985560000002984 ], [ -83.005146000001275, 39.985252000003037 ], [ -83.005513000002338, 39.987100000002862 ], [ -83.002043000002132, 39.986976000002471 ], [ -82.994290000001442, 39.982121000003012 ], [ -82.99380800000219, 39.980441000002664 ], [ -82.998367000001707, 39.980631000003157 ], [ -82.999014000001438, 39.971799000002505 ], [ -82.997530000002087, 39.972816000002879 ], [ -82.995592000001466, 39.959316000002502 ], [ -82.990415000002315, 39.959908000003011 ], [ -82.981835000002164, 39.960688000003266 ], [ -82.981627000002334, 39.964395000002817 ], [ -82.974350000001763, 39.965244000002826 ], [ -82.971874000002217, 39.960499000003011 ], [ -82.966449000001276, 39.96040600000282 ], [ -82.966662000002017, 39.95778200000256 ], [ -82.956249000001378, 39.95757600000244 ], [ -82.953247000002193, 39.953360000003109 ], [ -82.943525000001415, 39.948356000002818 ], [ -82.942418000001425, 39.948301000002935 ], [ -82.934241000001848, 39.947892000003009 ], [ -82.928277000001373, 39.947569000003114 ], [ -82.925268000001324, 39.947409000002843 ], [ -82.924867000001285, 39.952079000002598 ], [ -82.924633000002046, 39.954790000003221 ], [ -82.924459000001661, 39.956835000002755 ], [ -82.92404900000227, 39.961720000002501 ], [ -82.923871000001924, 39.963909000002609 ], [ -82.923249000002173, 39.970937000003033 ], [ -82.922817000002311, 39.976095000002509 ], [ -82.926897000002086, 39.982204000003264 ], [ -82.909787000002353, 39.983556000003098 ], [ -82.912916000002269, 39.977594000002512 ], [ -82.90452300000166, 39.967375000002697 ], [ -82.90476400000216, 39.964524000003294 ], [ -82.904898000001694, 39.962871000003247 ], [ -82.90457200000192, 39.956274000002885 ], [ -82.901731000002073, 39.952699000002454 ], [ -82.886775000001791, 39.951883000002432 ], [ -82.87735000000184, 39.951361000002457 ], [ -82.877813000002263, 39.944783000003106 ], [ -82.878178000001796, 39.941459000003221 ], [ -82.878627000002183, 39.936875000003056 ], [ -82.886341000001806, 39.936143000002978 ], [ -82.887115000002069, 39.936072000002973 ], [ -82.897916000002141, 39.934159000002538 ], [ -82.911194000001743, 39.931750000003191 ], [ -82.915805000002266, 39.931810000002891 ], [ -82.916097000002239, 39.928792000002829 ], [ -82.902503000002113, 39.928225000002669 ], [ -82.917563000001522, 39.925295000003025 ], [ -82.920243000001335, 39.917749000002885 ], [ -82.926066000001342, 39.918439000002699 ], [ -82.921821000002126, 39.906800000003102 ], [ -82.915374000001762, 39.888980000003173 ], [ -82.911038000002364, 39.88894900000242 ], [ -82.911447000001772, 39.888533000002809 ], [ -82.9199510000023, 39.879899000002581 ], [ -82.911783000001861, 39.877775000002458 ], [ -82.881195000001327, 39.888084000002927 ], [ -82.873492000001818, 39.884316000002528 ], [ -82.864267000002357, 39.883850000003115 ], [ -82.864443000001486, 39.877742000003209 ], [ -82.835162000001759, 39.88437100000327 ], [ -82.832186000002238, 39.867313000003151 ], [ -82.830880000002153, 39.865735000002665 ], [ -82.827504000001568, 39.862673000003184 ], [ -82.817947000002235, 39.861079000002867 ], [ -82.809475000002109, 39.860361000003067 ], [ -82.80841600000187, 39.867709000002868 ], [ -82.798403000001642, 39.867148000002722 ], [ -82.7992130000016, 39.85968400000278 ], [ -82.800354000001533, 39.849510000003285 ], [ -82.800941000002368, 39.845008000002665 ], [ -82.801604000001376, 39.836157000002864 ], [ -82.8022510000023, 39.829485000003231 ], [ -82.802413000002005, 39.82404600000288 ], [ -82.802417000001498, 39.823979000002446 ], [ -82.802476000001818, 39.822953000003189 ], [ -82.802977000002073, 39.82298100000267 ], [ -82.821496000001687, 39.824271000003328 ], [ -82.821817000001531, 39.820957000002885 ], [ -82.824062000002158, 39.797065000002576 ], [ -82.824254000001474, 39.794996000002989 ], [ -82.937725000002175, 39.801007000002883 ], [ -83.01307100000129, 39.804394000002986 ], [ -83.030193000002143, 39.80519200000326 ], [ -83.047393000001492, 39.805372000003139 ], [ -83.06047000000153, 39.80568500000296 ], [ -83.120355000002121, 39.807823000002948 ], [ -83.153257000001659, 39.808465000002634 ], [ -83.165103000002304, 39.808711000002781 ], [ -83.243702000001946, 39.812503000003233 ], [ -83.247301000001727, 39.860777000002749 ], [ -83.25074700000232, 39.903501000002741 ], [ -83.252031000001793, 39.917363000003107 ], [ -83.230617000002354, 39.928552000002774 ], [ -83.228576000001667, 39.939301000002636 ] ], [ [ -83.086911000001706, 40.130009000002978 ], [ -83.089745000002338, 40.127825000002886 ], [ -83.086355000001276, 40.127700000002662 ], [ -83.086911000001706, 40.130009000002978 ] ], [ [ -83.083447000001712, 40.132818000003169 ], [ -83.079682000002123, 40.132688000002446 ], [ -83.080257000002291, 40.134414000003147 ], [ -83.083447000001712, 40.132818000003169 ] ], [ [ -83.059278000002308, 40.121923000002894 ], [ -83.042048000001898, 40.121442000003029 ], [ -83.041959000001313, 40.123197000002584 ], [ -83.016777000002108, 40.123639000002989 ], [ -83.041459000001623, 40.132471000003036 ], [ -83.057399000001936, 40.138051000003081 ], [ -83.063808000002041, 40.138282000002519 ], [ -83.061424000001338, 40.132535000003223 ], [ -83.059278000002308, 40.121923000002894 ] ], [ [ -83.016034000002307, 40.122240000002613 ], [ -83.012147000001804, 40.12661000000243 ], [ -83.016242000001895, 40.126145000002992 ], [ -83.016443000001388, 40.123767000002637 ], [ -83.016034000002307, 40.122240000002613 ] ], [ [ -83.004387000001344, 40.12484400000293 ], [ -83.004196000001784, 40.127265000002545 ], [ -83.004914000001818, 40.132209000002959 ], [ -83.011809000001762, 40.127024000002422 ], [ -83.004387000001344, 40.12484400000293 ] ], [ [ -83.011712000002063, 40.136562000002719 ], [ -83.011885000001755, 40.136565000002598 ], [ -83.010529000001583, 40.136516000002779 ], [ -83.011392000001763, 40.136554000002569 ], [ -83.011712000002063, 40.136562000002719 ] ] ], [ [ [ -83.042913000001988, 40.071792000003192 ], [ -83.03452000000236, 40.073065000002423 ], [ -83.019773000002317, 40.072088000002701 ], [ -83.029891000001811, 40.062955000002653 ], [ -83.029766000001828, 40.062842000002945 ], [ -83.04475600000184, 40.065448000002526 ], [ -83.045785000001672, 40.065485000002745 ], [ -83.045413000001474, 40.066205000003272 ], [ -83.044761000001586, 40.06618100000302 ], [ -83.041384000002211, 40.069017000002397 ], [ -83.042913000001988, 40.071792000003192 ] ] ], [ [ [ -82.830484000001846, 39.88408900000244 ], [ -82.825191000001851, 39.889959000002669 ], [ -82.825699000001308, 39.884798000002711 ], [ -82.830484000001846, 39.88408900000244 ] ] ], [ [ [ -82.824208000002216, 39.898743000002582 ], [ -82.820409000001561, 39.888096000002975 ], [ -82.82486000000219, 39.889941000003212 ], [ -82.824208000002216, 39.898743000002582 ] ] ], [ [ [ -82.806297000001649, 39.88587900000266 ], [ -82.810081000002299, 39.901551000003074 ], [ -82.799054000001291, 39.911019000002561 ], [ -82.794383000002057, 39.910785000002818 ], [ -82.795197000002204, 39.904641000002599 ], [ -82.797498000001454, 39.884543000003049 ], [ -82.797707000002035, 39.880035000002785 ], [ -82.806297000001649, 39.88587900000266 ] ] ], [ [ [ -82.881085000001647, 39.90983200000278 ], [ -82.870242000001213, 39.911836000002545 ], [ -82.863520000001657, 39.912787000003306 ], [ -82.864209000001239, 39.914478000002788 ], [ -82.851798000001367, 39.917858000003299 ], [ -82.851667000001925, 39.913923000003123 ], [ -82.851666000001615, 39.913747000002466 ], [ -82.852288000001209, 39.907103000003183 ], [ -82.850281000001345, 39.903965000002991 ], [ -82.857033000002119, 39.900456000002471 ], [ -82.863685000001269, 39.888639000003067 ], [ -82.873520000002216, 39.895845000003277 ], [ -82.881906000001791, 39.901757000002419 ], [ -82.895012000002168, 39.905255000002569 ], [ -82.881085000001647, 39.90983200000278 ] ] ], [ [ [ -82.869234000001612, 39.914444000002561 ], [ -82.870368000001818, 39.91255400000302 ], [ -82.870705000001507, 39.914443000003303 ], [ -82.870747000002339, 39.914986000002521 ], [ -82.869234000001612, 39.914444000002561 ] ] ], [ [ [ -82.829435000002135, 39.91540700000315 ], [ -82.837280000001869, 39.918450000002842 ], [ -82.832861000002069, 39.919482000003185 ], [ -82.831768000001219, 39.92135600000281 ], [ -82.829435000002135, 39.91540700000315 ] ] ] ] } }
]
}
