{
"type": "FeatureCollection",
"name": "oklahoma_optimized_districts_county",
"crs": { "type": "name", "properties": { "name": "urn:ogc:def:crs:OGC:1.3:CRS84" } },
"features": [
{ "type": "Feature", "properties": { "district_id": 0, "voting_age_pop": 557138, "lib_votes": 0, "grn_votes": 0, "con_votes": 0, "ref_votes": 0, "total_pop": 746713, "dem_votes_sum": 127663255, "rep_votes_sum": 129387, "lib_votes_sum": 0, "grn_votes_sum": 0, "con_votes_sum": 0, "ref_votes_sum": 0, "minority_pop_sum": 436644, "dem_pct": 0.99898752386698442, "rep_pct": 0.0010124761330155456, "lib_pct": 0.0, "grn_pct": 0.0, "con_pct": 0.0, "ref_pct": 0.0, "minority_pct": 0.58475478530573322, "compactness": 0.17582021889584479 }, "geometry": { "type": "Polygon", "coordinates": [ [ [ -97.529736, 35.290723 ], [ -97.599091, 35.303351 ], [ -97.586486, 35.348518 ], [ -97.565344, 35.348587 ], [ -97.555726, 35.391987 ], [ -97.565550999999886, 35.416972 ], [ -97.583323, 35.420722 ], [ -97.583308, 35.448101 ], [ -97.601084, 35.447992 ], [ -97.601025, 35.422984 ], [ -97.671387999999865, 35.420777 ], [ -97.671431, 35.448452 ], [ -97.706913, 35.449634 ], [ -97.706877, 35.46065 ], [ -97.671419, 35.460204 ], [ -97.671449, 35.486074 ], [ -97.610021999999887, 35.493287000000102 ], [ -97.601190999999815, 35.522329000000148 ], [ -97.636683, 35.522386 ], [ -97.623885999999814, 35.55056 ], [ -97.638132, 35.551108 ], [ -97.638451, 35.580061 ], [ -97.620682, 35.580132 ], [ -97.620769, 35.608689 ], [ -97.531626, 35.60902 ], [ -97.531242, 35.62353 ], [ -97.567153, 35.623734000000105 ], [ -97.567213, 35.696749 ], [ -97.531911, 35.696395 ], [ -97.531857, 35.725654000000112 ], [ -97.58495, 35.725791 ], [ -97.591116, 35.887673000000127 ], [ -97.512131, 35.907354 ], [ -97.523955999999899, 35.91327200000012 ], [ -97.532949, 35.971056 ], [ -97.497233999999864, 35.97114899999989 ], [ -97.488309, 35.99268699999989 ], [ -97.380336, 35.981780000000121 ], [ -97.366893, 35.991932 ], [ -97.348679, 35.987556 ], [ -97.32362, 36.010877 ], [ -97.300521999999887, 36.009307 ], [ -97.27756, 35.973782 ], [ -97.221192, 35.964572999999895 ], [ -97.198104999999885, 35.943029 ], [ -97.161856, 35.943855000000106 ], [ -97.140484, 35.95893500000011 ], [ -97.141134, 35.608482 ], [ -97.227005, 35.608834 ], [ -97.229737, 35.551016 ], [ -97.265145, 35.551151 ], [ -97.265092, 35.53668 ], [ -97.28288099999989, 35.536649 ], [ -97.282814, 35.493137 ], [ -97.265056999999857, 35.493205 ], [ -97.264989, 35.46413 ], [ -97.282673, 35.464123 ], [ -97.282607, 35.420814 ], [ -97.317956999999879, 35.420925 ], [ -97.318147, 35.319649 ], [ -97.370519, 35.319722 ], [ -97.370777, 35.276215 ], [ -97.423664, 35.276274 ], [ -97.423494, 35.247329000000143 ], [ -97.424786, 35.247340000000179 ], [ -97.426481, 35.247343 ], [ -97.428195, 35.247346 ], [ -97.428604, 35.247366 ], [ -97.434047, 35.247402 ], [ -97.428195, 35.247346 ], [ -97.4219, 35.247315 ], [ -97.408317, 35.247307 ], [ -97.403535, 35.247237 ], [ -97.388372, 35.24722 ], [ -97.388165, 35.232717 ], [ -97.449946, 35.236213 ], [ -97.450046, 35.247429 ], [ -97.441222, 35.247397 ], [ -97.434071, 35.247402 ], [ -97.441325, 35.290807 ], [ -97.423656, 35.290769000000296 ], [ -97.423604, 35.319818 ], [ -97.476745, 35.319750000000113 ], [ -97.485617, 35.232947 ], [ -97.494285, 35.247377 ], [ -97.529569, 35.247355 ], [ -97.529736, 35.290723 ] ], [ [ -97.499576, 35.725494000000168 ], [ -97.499577, 35.725488 ], [ -97.499575999999877, 35.725494000000168 ], [ -97.499576, 35.725494000000168 ] ], [ [ -97.500208999999899, 35.725487 ], [ -97.501268507186438, 35.725491357123573 ], [ -97.500090739381591, 35.725486428692705 ], [ -97.500208999999899, 35.725487 ] ], [ [ -97.50275, 35.725507 ], [ -97.503256009714889, 35.725510062086059 ], [ -97.502738536384456, 35.725505236366899 ], [ -97.50275, 35.725507 ] ], [ [ -97.512949824209585, 35.725555714755544 ], [ -97.514029, 35.72415 ], [ -97.51408679331152, 35.720352961566668 ], [ -97.512949824209585, 35.725555714755544 ] ], [ [ -97.51413199139148, 35.714857868098591 ], [ -97.514126999999846, 35.716777 ], [ -97.51413, 35.715984 ], [ -97.51413199139148, 35.714857868098591 ] ], [ [ -97.511615206875234, 35.69660978768534 ], [ -97.514139999999855, 35.713395 ], [ -97.514143999999845, 35.713091000000155 ], [ -97.514153999999792, 35.712182 ], [ -97.514162999999826, 35.711166000000127 ], [ -97.514159999999848, 35.710337 ], [ -97.514155999999872, 35.709415 ], [ -97.514155999999772, 35.70925 ], [ -97.514154999999874, 35.709195000000108 ], [ -97.514150999999814, 35.708978 ], [ -97.514145, 35.708666 ], [ -97.514125999999877, 35.707418000000168 ], [ -97.514116999999843, 35.706882 ], [ -97.514116999999843, 35.706861 ], [ -97.514111999999869, 35.706244000000112 ], [ -97.514104999999816, 35.704740000000108 ], [ -97.514102, 35.704233 ], [ -97.514067999999767, 35.701672 ], [ -97.514084999999852, 35.696637 ], [ -97.513343999999819, 35.696627 ], [ -97.512107999999884, 35.696612000000115 ], [ -97.511615206875234, 35.69660978768534 ] ], [ [ -97.511123999999811, 35.696607000000149 ], [ -97.510718045514025, 35.696605354238642 ], [ -97.511153886883136, 35.696607321364482 ], [ -97.511123999999811, 35.696607000000149 ] ], [ [ -97.510308862530721, 35.696603738196984 ], [ -97.508565999999817, 35.69654000000012 ], [ -97.508442652293041, 35.696539817398026 ], [ -97.510096999999789, 35.696603000000181 ], [ -97.510308862530721, 35.696603738196984 ] ], [ [ -97.506989021456945, 35.69653552578243 ], [ -97.506468999999854, 35.696528 ], [ -97.505018, 35.696508 ], [ -97.504869, 35.696506000000156 ], [ -97.504778999999829, 35.696505 ], [ -97.504749, 35.696505 ], [ -97.504536999999871, 35.696501 ], [ -97.503928999999829, 35.696493000000125 ], [ -97.503912333333105, 35.696493 ], [ -97.504537, 35.696501000000104 ], [ -97.50474899999989, 35.696505 ], [ -97.505018, 35.696508000000144 ], [ -97.505489999999881, 35.696515 ], [ -97.506468999999797, 35.696528000000207 ], [ -97.506940999999856, 35.696535 ], [ -97.506989021456945, 35.69653552578243 ] ], [ [ -97.497177156629945, 35.696553558688308 ], [ -97.503017, 35.696501 ], [ -97.500991, 35.696523000000113 ], [ -97.500955999999888, 35.696523 ], [ -97.500316, 35.69653 ], [ -97.497177156629945, 35.696553558688308 ] ], [ [ -97.497063, 35.696555 ], [ -97.493281999999795, 35.696537 ], [ -97.492378999999872, 35.696553 ], [ -97.492309999999833, 35.696555 ], [ -97.491893999999874, 35.696562 ], [ -97.491409, 35.696554 ], [ -97.491206, 35.696551 ], [ -97.490547999999819, 35.69654000000012 ], [ -97.490347999999869, 35.696537 ], [ -97.489485761021911, 35.69653512148377 ], [ -97.491893999999817, 35.696562000000185 ], [ -97.497063, 35.696555 ] ], [ [ -97.506696, 35.580114 ], [ -97.506757248284913, 35.580113905041394 ], [ -97.506664036808758, 35.580114148665984 ], [ -97.506696, 35.580114 ] ], [ [ -97.513848, 35.576557000000122 ], [ -97.513843999999708, 35.575636000000117 ], [ -97.513847999999882, 35.575267000000139 ], [ -97.513854999999808, 35.574547 ], [ -97.513848, 35.576557000000122 ] ], [ [ -97.513852999999742, 35.574408000000126 ], [ -97.51385, 35.573951000000179 ], [ -97.513854999999808, 35.574547 ], [ -97.513852999999742, 35.574408000000126 ] ], [ [ -97.513859999999681, 35.572448000000144 ], [ -97.513839, 35.570624 ], [ -97.513851371873301, 35.573153589155034 ], [ -97.513859999999681, 35.572448000000144 ] ], [ [ -97.513798999999892, 35.565589 ], [ -97.513784351936792, 35.564416240237811 ], [ -97.513808999999867, 35.567021000000153 ], [ -97.513798999999892, 35.565589 ] ], [ [ -97.513761531204693, 35.562671009592933 ], [ -97.51369501439099, 35.558519744905688 ], [ -97.513703026758392, 35.556225658683871 ], [ -97.513761531204693, 35.562671009592933 ] ], [ [ -97.513680770806772, 35.554954158423371 ], [ -97.513680770806772, 35.554954158423335 ], [ -97.513680740648553, 35.554944555864957 ], [ -97.513680770806772, 35.554954158423371 ] ], [ [ -97.51367794226185, 35.552419685852563 ], [ -97.513685306865455, 35.550929197694238 ], [ -97.513711903452418, 35.549801870044064 ], [ -97.51367794226185, 35.552419685852563 ] ], [ [ -97.513909, 35.540501 ], [ -97.513920499999927, 35.539730503700795 ], [ -97.513895557881511, 35.540991114028927 ], [ -97.513909, 35.540501 ] ], [ [ -97.513956, 35.537235 ], [ -97.513962029017222, 35.536863784784991 ], [ -97.513937750307377, 35.538476940000358 ], [ -97.513956, 35.537235 ] ], [ [ -97.512033999999801, 35.536852 ], [ -97.512038999999788, 35.53613700000011 ], [ -97.512039041886283, 35.536133272105459 ], [ -97.512038999999788, 35.536137 ], [ -97.512034999999329, 35.536673 ], [ -97.512033999999801, 35.536852 ] ], [ [ -97.51205531695453, 35.534112643661402 ], [ -97.512049, 35.534859 ], [ -97.512049999999618, 35.534698 ], [ -97.51205531695453, 35.534112643661402 ] ], [ [ -97.512055999999859, 35.53401575003366 ], [ -97.512061999999659, 35.5332170000001 ], [ -97.512027999999802, 35.530051000000157 ], [ -97.512055999999859, 35.53401575003366 ] ], [ [ -97.511263208234894, 35.52948650277451 ], [ -97.512017999999827, 35.52979600000041 ], [ -97.512006, 35.529491000000128 ], [ -97.511263208234894, 35.52948650277451 ] ], [ [ -97.508150999999657, 35.529469000000553 ], [ -97.507777444466242, 35.529466889516989 ], [ -97.508293017357843, 35.529469825682462 ], [ -97.508150999999657, 35.529469000000553 ] ], [ [ -97.504830918361748, 35.529509336245987 ], [ -97.50473899999966, 35.529519 ], [ -97.504606759275433, 35.529535762911685 ], [ -97.504830918361748, 35.529509336245987 ] ], [ [ -97.504027999999863, 35.529429000000619 ], [ -97.503833999999699, 35.529188000000161 ], [ -97.504029999999673, 35.529430000000119 ], [ -97.504027999999863, 35.529429000000619 ] ], [ [ -97.502808999999615, 35.523394000000401 ], [ -97.502822999999879, 35.523220000000407 ], [ -97.502804, 35.5235750000001 ], [ -97.502808999999615, 35.523394000000401 ] ], [ [ -97.498607237458188, 35.522277987701017 ], [ -97.502908, 35.522296 ], [ -97.499336, 35.52228 ], [ -97.49879, 35.522278 ], [ -97.498607237458188, 35.522277987701017 ] ], [ [ -97.503118, 35.519455 ], [ -97.503118002616361, 35.519454345884029 ], [ -97.503117999126516, 35.519455655044482 ], [ -97.503118, 35.519455 ] ], [ [ -97.503115, 35.517690500061761 ], [ -97.503114, 35.517083000000248 ], [ -97.503113692855734, 35.516614608177001 ], [ -97.503114, 35.517083 ], [ -97.503115, 35.517690500061761 ] ], [ [ -97.503113, 35.515101700144427 ], [ -97.503121, 35.514105000000264 ], [ -97.503121288920767, 35.513953894738947 ], [ -97.503121, 35.514105 ], [ -97.503113, 35.515051 ], [ -97.503113, 35.515101700144427 ] ], [ [ -97.503123, 35.513122000000457 ], [ -97.503123404968804, 35.513084742917044 ], [ -97.503123, 35.513168500013961 ], [ -97.503123, 35.513122000000457 ] ], [ [ -97.503132, 35.511468000000242 ], [ -97.503129801575142, 35.511417436235561 ], [ -97.503131791871965, 35.51148360960304 ], [ -97.503132, 35.511468000000242 ] ], [ [ -97.503181999999853, 35.507841000000127 ], [ -97.503260999999867, 35.507788000000232 ], [ -97.503342999999887, 35.507804000000128 ], [ -97.503424999999851, 35.507814000000238 ], [ -97.503810999999715, 35.507819 ], [ -97.504038889637343, 35.507815860515869 ], [ -97.503181999999853, 35.507841000000127 ] ], [ [ -97.505492, 35.50779600000012 ], [ -97.505491953322164, 35.507794973089133 ], [ -97.505229956969103, 35.507799517356275 ], [ -97.505492, 35.50779600000012 ] ], [ [ -97.509983999999321, 35.507794000000139 ], [ -97.509983999999321, 35.507794 ], [ -97.507654337638911, 35.507782990253808 ], [ -97.509983999999321, 35.507794000000139 ] ], [ [ -97.509983999999889, 35.507756000000199 ], [ -97.511744474971394, 35.507756950854514 ], [ -97.509983999999889, 35.507756 ], [ -97.509983999999889, 35.507756000000199 ] ], [ [ -97.512143, 35.507807 ], [ -97.512143, 35.507807000000177 ], [ -97.512235714070769, 35.507763300480832 ], [ -97.512143, 35.507807 ] ], [ [ -97.512298592421004, 35.507751533964971 ], [ -97.512544999999804, 35.507759000000505 ], [ -97.512783642901042, 35.507780784829308 ], [ -97.512298592421004, 35.507751533964971 ] ], [ [ -97.512895640331564, 35.50779975772776 ], [ -97.513258999999863, 35.507882000000293 ], [ -97.513558402702856, 35.507901675035257 ], [ -97.512895640331564, 35.50779975772776 ] ], [ [ -97.513976, 35.507930000000258 ], [ -97.514710218012539, 35.50784128985751 ], [ -97.513662433552781, 35.507908639888356 ], [ -97.513976, 35.507930000000258 ] ], [ [ -97.514872999999668, 35.507829000000228 ], [ -97.514918999999423, 35.507827000000596 ], [ -97.51475809709747, 35.507835758994339 ], [ -97.514872999999668, 35.507829000000228 ] ], [ [ -97.529742, 35.551115 ], [ -97.529742485989303, 35.551114283186955 ], [ -97.529742000707259, 35.551114284601262 ], [ -97.529742, 35.551115 ] ], [ [ -97.549313389870377, 35.550851480069959 ], [ -97.549314999999865, 35.550852 ], [ -97.549313450969038, 35.550851472670843 ], [ -97.549313389870377, 35.550851480069959 ] ], [ [ -97.514302722657987, 35.551127270608589 ], [ -97.514022025827018, 35.551128798547239 ], [ -97.514632999999762, 35.551127000000378 ], [ -97.514302722657987, 35.551127270608589 ] ], [ [ -97.460507999999891, 35.721995 ], [ -97.460507999999848, 35.721995 ], [ -97.460505954332177, 35.722148936634952 ], [ -97.460507999999891, 35.721995 ] ], [ [ -97.460508999999888, 35.717065000000183 ], [ -97.460506704789168, 35.716891003122861 ], [ -97.460510323032921, 35.717494988100555 ], [ -97.460508999999888, 35.717065000000183 ] ], [ [ -97.460506999999893, 35.713274000000233 ], [ -97.460506999999851, 35.713274 ], [ -97.460505961471128, 35.713353966750461 ], [ -97.460506999999893, 35.713274000000233 ] ], [ [ -97.460526, 35.704363 ], [ -97.460526, 35.704363 ], [ -97.460527648255422, 35.70453408929454 ], [ -97.460526, 35.704363 ] ], [ [ -97.460973999999837, 35.69624600000018 ], [ -97.460973999999851, 35.696246000000137 ], [ -97.460536, 35.696241 ], [ -97.460973999999837, 35.69624600000018 ] ], [ [ -97.478079999999792, 35.574829000000179 ], [ -97.478120999999632, 35.580053 ], [ -97.478120999999746, 35.580053 ], [ -97.478079999999792, 35.574829000000179 ] ], [ [ -97.478064999999731, 35.572845000000108 ], [ -97.478050999999837, 35.571023000000181 ], [ -97.478079999999792, 35.574829000000179 ], [ -97.478064999999731, 35.572845000000108 ] ], [ [ -97.478047999999816, 35.570664000000356 ], [ -97.47803999999978, 35.569587 ], [ -97.478050999999837, 35.571023000000181 ], [ -97.478047999999816, 35.570664000000356 ] ], [ [ -97.478037999999628, 35.569229 ], [ -97.478031999999871, 35.568505 ], [ -97.47803999999978, 35.569587 ], [ -97.478037999999628, 35.569229 ] ], [ [ -97.478056999999808, 35.561881000000184 ], [ -97.478056999999694, 35.561881000000184 ], [ -97.478020999999842, 35.564676000000105 ], [ -97.478056999999808, 35.561881000000184 ] ], [ [ -97.478104999999758, 35.558331000000237 ], [ -97.478104999999573, 35.558331000000237 ], [ -97.478096999999806, 35.558854000000117 ], [ -97.478104999999758, 35.558331000000237 ] ], [ [ -97.478135999999722, 35.556067000000304 ], [ -97.478135999999552, 35.556067000000304 ], [ -97.478134029266116, 35.556191156226504 ], [ -97.478135999999722, 35.556067000000304 ] ], [ [ -97.477990999999733, 35.555017000000106 ], [ -97.477990999999562, 35.555017000000106 ], [ -97.478034846153733, 35.555217769306225 ], [ -97.477990999999733, 35.555017000000106 ] ], [ [ -97.477909, 35.55472 ], [ -97.477704999999716, 35.554169000000122 ], [ -97.477193999999884, 35.553053 ], [ -97.477909, 35.55472 ] ], [ [ -97.477132, 35.552918000000361 ], [ -97.477132, 35.552918000000545 ], [ -97.477159999999799, 35.552980000000133 ], [ -97.477132, 35.552918000000361 ] ], [ [ -97.476591999999812, 35.547920000000197 ], [ -97.476591999999812, 35.547920000000168 ], [ -97.476591999276465, 35.547921016301423 ], [ -97.476591999999812, 35.547920000000197 ] ], [ [ -97.476595999999788, 35.542187000000112 ], [ -97.476595999999788, 35.542187 ], [ -97.476593999999807, 35.543971000000113 ], [ -97.476595999999788, 35.542187000000112 ] ], [ [ -97.476595999999518, 35.541829 ], [ -97.476597963055283, 35.540415152292979 ], [ -97.476595999999788, 35.542187 ], [ -97.476595999999518, 35.541829 ] ], [ [ -97.476597999999782, 35.540185 ], [ -97.476597999999768, 35.540185000000406 ], [ -97.476597999999825, 35.540293500074135 ], [ -97.476597999999782, 35.540185 ] ], [ [ -97.476521, 35.537823000000174 ], [ -97.476597999999782, 35.53816800000012 ], [ -97.476597999999555, 35.537881000000155 ], [ -97.476521, 35.537823000000174 ] ], [ [ -97.476497999999779, 35.537788999999236 ], [ -97.476503999999792, 35.536290000000299 ], [ -97.476684999836408, 35.536205000076777 ], [ -97.476497999999779, 35.537788999999236 ] ], [ [ -97.477452999999628, 35.535846 ], [ -97.480169740874871, 35.534578715110335 ], [ -97.476823010574734, 35.536140487362708 ], [ -97.477452999999628, 35.535846 ] ], [ [ -97.481736999999882, 35.533905000000161 ], [ -97.481886363312469, 35.533860431933363 ], [ -97.48161015543235, 35.533951733378842 ], [ -97.481736999999882, 35.533905000000161 ] ], [ [ -97.483885999999799, 35.533568 ], [ -97.484397142856935, 35.533596000000827 ], [ -97.483851666666467, 35.533568 ], [ -97.483885999999799, 35.533568 ] ], [ [ -97.484707999999827, 35.533626000000325 ], [ -97.48470799999987, 35.533626000000325 ], [ -97.48464533333312, 35.53362000000071 ], [ -97.484707999999827, 35.533626000000325 ] ], [ [ -97.486476999999695, 35.534116 ], [ -97.486476999999709, 35.534116 ], [ -97.486470747724312, 35.53411333358892 ], [ -97.486476999999695, 35.534116 ] ], [ [ -97.489114401023912, 35.535303820976999 ], [ -97.489842999999723, 35.53552 ], [ -97.489888209364295, 35.535529070220512 ], [ -97.489114401023912, 35.535303820976999 ] ], [ [ -97.490721999999835, 35.535665000000137 ], [ -97.490721999999849, 35.535665000000137 ], [ -97.490497999999832, 35.535641 ], [ -97.490721999999835, 35.535665000000137 ] ], [ [ -97.491800202250602, 35.535680092037659 ], [ -97.492307999999696, 35.535632 ], [ -97.492616729216081, 35.535582204966829 ], [ -97.491800202250602, 35.535680092037659 ] ], [ [ -97.493506, 35.535358000000123 ], [ -97.493505999999542, 35.535358000000123 ], [ -97.49341969191471, 35.535384325640926 ], [ -97.493506, 35.535358000000123 ] ], [ [ -97.494786999999633, 35.534799 ], [ -97.494786999999477, 35.53479900000012 ], [ -97.494755167543971, 35.53481557032184 ], [ -97.494786999999633, 35.534799 ] ], [ [ -97.495633999999811, 35.534159 ], [ -97.495633999999754, 35.534159 ], [ -97.495577171278924, 35.534209691273631 ], [ -97.495633999999811, 35.534159 ] ], [ [ -97.495904, 35.533924000000141 ], [ -97.496025, 35.533805 ], [ -97.496431, 35.533422000000179 ], [ -97.496025, 35.533805 ], [ -97.49598, 35.533848 ], [ -97.495904, 35.533924000000127 ], [ -97.495851884811771, 35.533971151867803 ], [ -97.495904, 35.533924000000141 ] ], [ [ -97.496682999999834, 35.533183 ], [ -97.496702301619479, 35.53316480059371 ], [ -97.496431, 35.533422000000179 ], [ -97.496682999999834, 35.533183 ] ], [ [ -97.498431999999696, 35.53170800000013 ], [ -97.49843199999961, 35.531708 ], [ -97.498342310274936, 35.531767195221029 ], [ -97.498431999999696, 35.53170800000013 ] ], [ [ -97.501141999999845, 35.53041800000014 ], [ -97.501141999999845, 35.530418000000125 ], [ -97.500409999999803, 35.530695000000122 ], [ -97.501141999999845, 35.53041800000014 ] ], [ [ -97.502635999999811, 35.529895 ], [ -97.502635999999725, 35.529895 ], [ -97.502567124173595, 35.52991409832061 ], [ -97.502635999999811, 35.529895 ] ], [ [ -97.503676999999684, 35.529668000000107 ], [ -97.503676999999584, 35.529668000000107 ], [ -97.503569118511834, 35.529687178936726 ], [ -97.503676999999684, 35.529668000000107 ] ], [ [ -97.504066999999736, 35.529610000000247 ], [ -97.504182996058461, 35.529592625492754 ], [ -97.503789833786868, 35.529650676271167 ], [ -97.504066999999736, 35.529610000000247 ] ], [ [ -97.485325, 35.580085 ], [ -97.485324999999747, 35.580085 ], [ -97.484006641521646, 35.580079143883104 ], [ -97.485325, 35.580085 ] ], [ [ -97.477892028459436, 35.696318417771067 ], [ -97.475998, 35.696301 ], [ -97.475958744256857, 35.696300327044469 ], [ -97.476056999999798, 35.696303 ], [ -97.476481999999805, 35.696311000000186 ], [ -97.477892028459436, 35.696318417771067 ] ], [ [ -97.473295999999891, 35.696293000000125 ], [ -97.474655999999811, 35.696279 ], [ -97.475065095603526, 35.696286008852177 ], [ -97.47465599999984, 35.696279 ], [ -97.473296, 35.696293 ], [ -97.472743115882423, 35.696281535862724 ], [ -97.473295999999891, 35.696293000000125 ] ], [ [ -97.471432999999891, 35.696261 ], [ -97.471075651685965, 35.696256754277549 ], [ -97.472116434532083, 35.696269521627777 ], [ -97.471432999999891, 35.696261 ] ], [ [ -97.467708999999871, 35.696254 ], [ -97.466747210025858, 35.696289344638778 ], [ -97.4675009999998, 35.696288 ], [ -97.467588999999734, 35.696274000000159 ], [ -97.467708999999829, 35.696254000000103 ], [ -97.468896994187574, 35.69624741745622 ], [ -97.467708999999871, 35.696254 ] ], [ [ -97.466143999999872, 35.69628 ], [ -97.465137200516224, 35.696264605513477 ], [ -97.466446636723816, 35.696284988517625 ], [ -97.466143999999872, 35.69628 ] ], [ [ -97.46396399999982, 35.696247 ], [ -97.463760842021117, 35.696244532494248 ], [ -97.464358981101753, 35.69625279788788 ], [ -97.46396399999982, 35.696247 ] ], [ [ -97.46273, 35.696233000000113 ], [ -97.462729999999894, 35.69623300000017 ], [ -97.463475541040282, 35.696241067300257 ], [ -97.46273, 35.696233000000113 ] ], [ [ -97.495832404186913, 35.72546940443501 ], [ -97.495588999999882, 35.725471 ], [ -97.495436999999839, 35.725471 ], [ -97.495832404186913, 35.72546940443501 ] ], [ [ -97.494763, 35.725458000000124 ], [ -97.494766909985245, 35.725457022503775 ], [ -97.494624186709927, 35.72545590131115 ], [ -97.494763, 35.725458000000124 ] ], [ [ -97.492917999999875, 35.725442 ], [ -97.493084, 35.725440500000055 ], [ -97.492653346063875, 35.725444296346623 ], [ -97.492917999999875, 35.725442 ] ], [ [ -97.486397, 35.725419 ], [ -97.486579529013611, 35.725416458229205 ], [ -97.486536999999885, 35.725417 ], [ -97.48639699999984, 35.725419 ], [ -97.486287999999831, 35.725417 ], [ -97.486164951171787, 35.725417376296207 ], [ -97.486397, 35.725419 ] ], [ [ -97.482533999999845, 35.725401 ], [ -97.483082912965344, 35.725406582165995 ], [ -97.482279540636284, 35.725398412277734 ], [ -97.482533999999845, 35.725401 ] ], [ [ -97.478929999999892, 35.725367 ], [ -97.47904631578929, 35.725367 ], [ -97.478839047602975, 35.725366630274898 ], [ -97.478929999999892, 35.725367 ] ], [ [ -97.476389999999881, 35.725344000000113 ], [ -97.476718583205709, 35.725346611949305 ], [ -97.47251989909347, 35.725317036528452 ], [ -97.476389999999881, 35.725344000000113 ] ], [ [ -97.467931999999863, 35.725306 ], [ -97.468086258069562, 35.725306910972868 ], [ -97.467834047618837, 35.725306 ], [ -97.467931999999863, 35.725306 ] ], [ [ -97.464617, 35.725326000000145 ], [ -97.464893720019873, 35.725323810127129 ], [ -97.464555603251398, 35.725325426198708 ], [ -97.464617, 35.725326000000145 ] ], [ [ -97.463298854725593, 35.725340238342419 ], [ -97.463841999999829, 35.725340000000109 ], [ -97.46343899999988, 35.725340000000109 ], [ -97.463298854725593, 35.725340238342419 ] ], [ [ -97.461668, 35.725335 ], [ -97.461904238407016, 35.725336327182156 ], [ -97.461585788946238, 35.725335754229945 ], [ -97.461668, 35.725335 ] ], [ [ -97.460738999999876, 35.725344 ], [ -97.460893652067583, 35.72534244726851 ], [ -97.460640402484771, 35.725342247155375 ], [ -97.460738999999876, 35.725344 ] ], [ [ -97.48421452983024, 35.696448349942727 ], [ -97.485935999999811, 35.696473000000296 ], [ -97.486949999999865, 35.696497000000114 ], [ -97.487106999999796, 35.696500000000206 ], [ -97.487684443170949, 35.696510071683605 ], [ -97.485935999999867, 35.696473000000168 ], [ -97.48421452983024, 35.696448349942727 ] ], [ [ -97.481513, 35.696400000000125 ], [ -97.481513, 35.6964 ], [ -97.480012, 35.696354 ], [ -97.479524825456423, 35.696345482002975 ], [ -97.481513, 35.696400000000125 ] ], [ [ -97.496879, 35.522271 ], [ -97.496381200432538, 35.522268914720293 ], [ -97.497944, 35.522275 ], [ -97.496879, 35.522271 ] ], [ [ -97.495354857142743, 35.522265 ], [ -97.494491, 35.522261 ], [ -97.493486333333124, 35.522261 ], [ -97.494491, 35.522261 ], [ -97.495024999999629, 35.522264000000142 ], [ -97.495204, 35.522265 ], [ -97.495354857142743, 35.522265 ] ], [ [ -97.47493294424288, 35.522786755094117 ], [ -97.48997, 35.522262 ], [ -97.488706, 35.52226 ], [ -97.487709, 35.52226 ], [ -97.485981, 35.522263 ], [ -97.485406, 35.522265 ], [ -97.48498, 35.522264 ], [ -97.483702, 35.522262 ], [ -97.483276, 35.522262 ], [ -97.482894, 35.522261 ], [ -97.481748, 35.52226 ], [ -97.481095, 35.52226 ], [ -97.478444, 35.522245 ], [ -97.477098999999882, 35.522238 ], [ -97.476651, 35.522236 ], [ -97.47601, 35.522236 ], [ -97.475851, 35.522237 ], [ -97.475412, 35.522499 ], [ -97.47493294424288, 35.522786755094117 ] ], [ [ -97.474122, 35.524013 ], [ -97.474122, 35.524013 ], [ -97.474153936260905, 35.523959488607289 ], [ -97.474122, 35.524013 ] ], [ [ -97.473629999999645, 35.525185 ], [ -97.473656123237191, 35.52518524644568 ], [ -97.47363, 35.525185 ], [ -97.473629999999645, 35.525185 ] ], [ [ -97.47126, 35.525196 ], [ -97.470839111262421, 35.525164869692688 ], [ -97.473485847278937, 35.525185669063347 ], [ -97.47126, 35.525196 ] ], [ [ -97.470462, 35.525108 ], [ -97.469854233849006, 35.524941099924938 ], [ -97.470609920306771, 35.525132747126577 ], [ -97.470462, 35.525108 ] ], [ [ -97.469435596367234, 35.524770383171806 ], [ -97.468535, 35.524179 ], [ -97.467152, 35.522948 ], [ -97.466852999999887, 35.522682 ], [ -97.466729, 35.522583 ], [ -97.466629999999881, 35.522517 ], [ -97.466581688630129, 35.522490261642048 ], [ -97.466852999999873, 35.522682 ], [ -97.468534999999619, 35.524179000000146 ], [ -97.468711999999812, 35.524326000000414 ], [ -97.469124999999821, 35.524607000000437 ], [ -97.469291999999655, 35.524699 ], [ -97.469435596367234, 35.524770383171806 ] ], [ [ -97.459029, 35.522241 ], [ -97.466061, 35.522288 ], [ -97.466041999999888, 35.522284 ], [ -97.465936, 35.522264 ], [ -97.465682999999885, 35.52224 ], [ -97.459488, 35.52224 ], [ -97.459029, 35.522241 ] ], [ [ -97.459056, 35.518657 ], [ -97.459071024760249, 35.516892160064906 ], [ -97.459047802830909, 35.519739774005679 ], [ -97.459056, 35.518657 ] ], [ [ -97.459086, 35.515007 ], [ -97.459093147710064, 35.514034639313628 ], [ -97.459082999999893, 35.515292 ], [ -97.459086, 35.515007 ] ], [ [ -97.459127, 35.509731 ], [ -97.459328, 35.507689 ], [ -97.459125199999917, 35.510037600390291 ], [ -97.459127, 35.509731 ] ], [ [ -97.459328, 35.507689 ], [ -97.460335, 35.507688 ], [ -97.460464, 35.507687 ], [ -97.460985, 35.507687 ], [ -97.463888, 35.507683 ], [ -97.465561, 35.50768 ], [ -97.466706, 35.507679 ], [ -97.467467, 35.507677 ], [ -97.466706, 35.507679 ], [ -97.46556099999988, 35.50768 ], [ -97.463888, 35.507683 ], [ -97.460464, 35.507687 ], [ -97.460335, 35.507688 ], [ -97.459881, 35.507688 ], [ -97.459328, 35.507689 ] ], [ [ -97.49383, 35.507738 ], [ -97.494033272727194, 35.507739090909155 ], [ -97.492992499999914, 35.507734500000119 ], [ -97.49383, 35.507738 ] ], [ [ -97.489224695740859, 35.507718672848362 ], [ -97.491269, 35.507727 ], [ -97.491597, 35.507729 ], [ -97.491907242418549, 35.507730111980031 ], [ -97.491269, 35.507727 ], [ -97.489224695740859, 35.507718672848362 ] ], [ [ -97.485428091400181, 35.507705091400311 ], [ -97.485428999999897, 35.507706 ], [ -97.485429, 35.507706 ], [ -97.485428091400181, 35.507705091400311 ] ], [ [ -97.484202884944565, 35.507696997287596 ], [ -97.483223, 35.507692 ], [ -97.482437344842694, 35.507689053793221 ], [ -97.483222999999896, 35.507692 ], [ -97.48375, 35.507695 ], [ -97.484202884944565, 35.507696997287596 ] ], [ [ -97.481116, 35.507683 ], [ -97.48242082522053, 35.507688988861624 ], [ -97.479690404928476, 35.507676751020995 ], [ -97.481116, 35.507683 ] ], [ [ -97.468727999999899, 35.507675 ], [ -97.467791499999905, 35.507676500000038 ], [ -97.468728, 35.507675 ], [ -97.468727999999899, 35.507675 ] ], [ [ -97.503095, 35.50781 ], [ -97.502535626757791, 35.507814223394803 ], [ -97.503192965940713, 35.507797016562833 ], [ -97.503095, 35.50781 ] ], [ [ -97.501211, 35.507791 ], [ -97.500619999999884, 35.507765 ], [ -97.499291685336772, 35.507759016600666 ], [ -97.501211, 35.507791 ] ], [ [ -97.497054, 35.507751 ], [ -97.496604599109673, 35.507749984804498 ], [ -97.496607, 35.50775 ], [ -97.497054, 35.507751 ], [ -97.498396, 35.507756 ], [ -97.497054, 35.507751 ] ], [ [ -97.423667, 35.282739 ], [ -97.423666991523845, 35.282742254867671 ], [ -97.423667, 35.282739 ], [ -97.423667, 35.282739 ] ], [ [ -97.423675999999872, 35.280962 ], [ -97.423675999999872, 35.280962 ], [ -97.423658, 35.281867 ], [ -97.423675999999872, 35.280962 ] ], [ [ -97.423674999999889, 35.279264 ], [ -97.423674999999889, 35.279264 ], [ -97.423675383834592, 35.279237563560017 ], [ -97.423674999999889, 35.279264 ] ], [ [ -97.398289999999889, 35.594703 ], [ -97.398614342444716, 35.594702120129092 ], [ -97.397895915886593, 35.594704603597712 ], [ -97.398289999999889, 35.594703 ] ], [ [ -97.383828999999494, 35.594746 ], [ -97.383829, 35.594746 ], [ -97.384061227628351, 35.594745189432423 ], [ -97.383828999999494, 35.594746 ] ], [ [ -97.380561999999784, 35.594753 ], [ -97.380561999999898, 35.594753000000104 ], [ -97.382789, 35.594748 ], [ -97.382884552988529, 35.594747538391395 ], [ -97.380561999999784, 35.594753 ] ], [ [ -97.36469099999988, 35.594707 ], [ -97.365070084886042, 35.594710998019181 ], [ -97.363892623141354, 35.594699340485391 ], [ -97.36469099999988, 35.594707 ] ], [ [ -97.360522, 35.594667 ], [ -97.360691234519606, 35.59466862413182 ], [ -97.360263799284112, 35.594664306401128 ], [ -97.360522, 35.594667 ] ], [ [ -97.354426192507404, 35.594606944446689 ], [ -97.353813, 35.594601 ], [ -97.353813, 35.594601 ], [ -97.354426192507404, 35.594606944446689 ] ], [ [ -97.353776999999866, 35.587626 ], [ -97.353783984852171, 35.589017981300515 ], [ -97.353665239740835, 35.584726598883478 ], [ -97.353776999999866, 35.587626 ] ], [ [ -97.353654, 35.584435 ], [ -97.353654001240656, 35.584434849870583 ], [ -97.353654, 35.584435 ], [ -97.353654, 35.584435 ] ], [ [ -97.353684, 35.565676000000124 ], [ -97.353684002330155, 35.56567364649419 ], [ -97.353684, 35.565676 ], [ -97.353684, 35.565676000000124 ] ], [ [ -97.353708, 35.55117 ], [ -97.365127999999885, 35.551176 ], [ -97.356562999999895, 35.551171 ], [ -97.353708, 35.55117 ] ], [ [ -97.366957649848004, 35.551177383943561 ], [ -97.36971664835427, 35.551178858959034 ], [ -97.369409999999888, 35.551178 ], [ -97.366957649848004, 35.551177383943561 ] ], [ [ -97.370623999999765, 35.551135 ], [ -97.374854039547316, 35.551136545699968 ], [ -97.370064637530305, 35.551163718729349 ], [ -97.370623999999765, 35.551135 ] ], [ [ -97.375376999999787, 35.55125 ], [ -97.375376999999872, 35.55125 ], [ -97.375327780169087, 35.551239162606983 ], [ -97.375376999999787, 35.55125 ] ], [ [ -97.399140274595283, 35.551138609085008 ], [ -97.388985999999448, 35.551152 ], [ -97.391147999999774, 35.55114800000014 ], [ -97.399140274595283, 35.551138609085008 ] ], [ [ -97.401141056714053, 35.551135972751517 ], [ -97.407098, 35.551128000000418 ], [ -97.408092999999582, 35.551127000000186 ], [ -97.409348999999892, 35.551127000000186 ], [ -97.411080999999839, 35.551125000000162 ], [ -97.412076999999883, 35.551125000000162 ], [ -97.412846999999758, 35.551124 ], [ -97.412938999999668, 35.551123000000146 ], [ -97.415931, 35.551122 ], [ -97.401141056714053, 35.551135972751517 ] ], [ [ -97.415931, 35.551122 ], [ -97.418608, 35.551120000000303 ], [ -97.423755, 35.551116000000135 ], [ -97.423910999999535, 35.551115 ], [ -97.42453699999983, 35.551115 ], [ -97.423910999999876, 35.551115 ], [ -97.418608, 35.55112 ], [ -97.417494999999874, 35.55112 ], [ -97.415931, 35.551122 ] ], [ [ -97.42415699999988, 35.547309 ], [ -97.424156999957191, 35.547309122026334 ], [ -97.424157000125561, 35.547308877964944 ], [ -97.42415699999988, 35.547309 ] ], [ [ -97.424158, 35.544198000000293 ], [ -97.424157999999892, 35.544198 ], [ -97.424157999999892, 35.544839603850171 ], [ -97.424158, 35.544198000000293 ] ], [ [ -97.42415999800572, 35.540584228398913 ], [ -97.424159999999873, 35.54058300000014 ], [ -97.424159999999873, 35.540583 ], [ -97.42415999800572, 35.540584228398913 ] ], [ [ -97.424162, 35.536958000000368 ], [ -97.431162741157138, 35.536928027954552 ], [ -97.425719, 35.536951 ], [ -97.424162, 35.536958000000368 ] ], [ [ -97.456018099061382, 35.551194796844385 ], [ -97.456018099061453, 35.551194796844406 ], [ -97.456131325493303, 35.551195319553386 ], [ -97.456018099061382, 35.551194796844385 ] ], [ [ -97.459115, 35.523559000000212 ], [ -97.459115, 35.523559 ], [ -97.459112754825824, 35.523864907507239 ], [ -97.459115, 35.523559000000212 ] ], [ [ -97.459068, 35.535917 ], [ -97.459068, 35.535917 ], [ -97.459068993458374, 35.53623888120061 ], [ -97.459068, 35.535917 ] ], [ [ -97.457137852676425, 35.536792205434395 ], [ -97.459070999999881, 35.536781 ], [ -97.458557999999897, 35.536783 ], [ -97.457137852676425, 35.536792205434395 ] ], [ [ -97.455923, 35.5368 ], [ -97.454282999999862, 35.536809000000169 ], [ -97.454499999999783, 35.536808 ], [ -97.455923, 35.5368 ] ], [ [ -97.450633999999667, 35.53683100000039 ], [ -97.45296899999984, 35.536817 ], [ -97.453097075909284, 35.536816138502921 ], [ -97.452857999999893, 35.536817 ], [ -97.45119, 35.536827 ], [ -97.450634, 35.536831 ], [ -97.449388620252279, 35.536838325763242 ], [ -97.450633999999667, 35.53683100000039 ] ], [ [ -97.44178199999989, 35.536883 ], [ -97.437905540427778, 35.536899156665527 ], [ -97.448772499013771, 35.536841829169511 ], [ -97.44178199999989, 35.536883 ] ], [ [ -97.434467, 35.536915000000178 ], [ -97.436842360218179, 35.536903952589135 ], [ -97.434467, 35.536915 ], [ -97.433033, 35.53692 ], [ -97.432418491692658, 35.536922834447964 ], [ -97.434467, 35.536915000000178 ] ], [ [ -97.445045, 35.58001 ], [ -97.445238612633119, 35.580018653079037 ], [ -97.444128550271628, 35.580018520710347 ], [ -97.445045, 35.58001 ] ], [ [ -97.435481834901438, 35.590375295883362 ], [ -97.440348999999884, 35.582802 ], [ -97.442139, 35.580019 ], [ -97.440348999999813, 35.5828020000001 ], [ -97.435481834901438, 35.590375295883362 ] ], [ [ -97.433482999999882, 35.593485 ], [ -97.433502888870819, 35.593454111583533 ], [ -97.433480672563945, 35.593488406946882 ], [ -97.433482999999882, 35.593485 ] ], [ [ -97.433087, 35.594075 ], [ -97.433115335589477, 35.594030340675005 ], [ -97.433018611390409, 35.594183323784407 ], [ -97.433087, 35.594075 ] ], [ [ -97.460039, 35.580085 ], [ -97.460099039054015, 35.580084361286701 ], [ -97.459372599900917, 35.580086152941398 ], [ -97.460039, 35.580085 ] ], [ [ -97.453106, 35.580098 ], [ -97.455999169228051, 35.580092435143058 ], [ -97.452459547984773, 35.580099492099372 ], [ -97.453106, 35.580098 ] ], [ [ -97.442398999999526, 35.57961200000053 ], [ -97.442398999999682, 35.579612000000473 ], [ -97.442446915798001, 35.579538674321789 ], [ -97.442398999999526, 35.57961200000053 ] ], [ [ -97.444239999999425, 35.576699000000154 ], [ -97.444239999999567, 35.576699000000147 ], [ -97.445074999999733, 35.57538700000012 ], [ -97.444239999999425, 35.576699000000154 ] ], [ [ -97.445168999999737, 35.575222000000174 ], [ -97.447601390087854, 35.571454280647551 ], [ -97.445074999999733, 35.57538700000012 ], [ -97.445168999999737, 35.575222000000174 ] ], [ [ -97.449894999999827, 35.567901000000191 ], [ -97.449894999999856, 35.567901000000163 ], [ -97.449985181944299, 35.567758504224514 ], [ -97.449894999999827, 35.567901000000191 ] ], [ [ -97.450499999999877, 35.566944 ], [ -97.450499999999863, 35.566944 ], [ -97.450606281508925, 35.566776255270035 ], [ -97.450499999999877, 35.566944 ] ], [ [ -97.451773999999673, 35.564945000000151 ], [ -97.451773999999659, 35.564945000000179 ], [ -97.451774849643456, 35.564943707064266 ], [ -97.451773999999673, 35.564945000000151 ] ], [ [ -97.452129, 35.564359000000152 ], [ -97.452243649084053, 35.564153861367409 ], [ -97.452026531436019, 35.564529061183762 ], [ -97.452129, 35.564359000000152 ] ], [ [ -97.452515, 35.563616000000501 ], [ -97.452573286359225, 35.563476621582389 ], [ -97.452447358107364, 35.563750747253827 ], [ -97.452515, 35.563616000000501 ] ], [ [ -97.452761999999822, 35.562937 ], [ -97.452761999999822, 35.562937000000112 ], [ -97.452894999999828, 35.562461 ], [ -97.452761999999822, 35.562937 ] ], [ [ -97.453079999999773, 35.561802 ], [ -97.453125999999855, 35.561638500166943 ], [ -97.452894999999828, 35.562461 ], [ -97.453079999999773, 35.561802 ] ], [ [ -97.453204999999841, 35.561347000000367 ], [ -97.453204999999841, 35.56134700000041 ], [ -97.45322553677876, 35.56126968521567 ], [ -97.453204999999841, 35.561347000000367 ] ], [ [ -97.453786999999863, 35.55928 ], [ -97.454019333333207, 35.558438000088131 ], [ -97.453759409915932, 35.559381163736681 ], [ -97.453786999999863, 35.55928 ] ], [ [ -97.455906043401086, 35.5515989603336 ], [ -97.455809, 35.551953000000125 ], [ -97.455650999999833, 35.552522000000103 ], [ -97.455178999999859, 35.554229000000113 ], [ -97.454778590814826, 35.555679711184311 ], [ -97.455809, 35.551953000000125 ], [ -97.455906043401086, 35.5515989603336 ] ] ] } },
{ "type": "Feature", "properties": { "district_id": 1, "voting_age_pop": 570145, "lib_votes": 0, "grn_votes": 0, "con_votes": 0, "ref_votes": 0, "total_pop": 748891, "dem_votes_sum": 202372187, "rep_votes_sum": 151122, "lib_votes_sum": 0, "grn_votes_sum": 0, "con_votes_sum": 0, "ref_votes_sum": 0, "minority_pop_sum": 292106, "dem_pct": 0.99925380441023703, "rep_pct": 0.00074619558976295414, "lib_pct": 0.0, "grn_pct": 0.0, "con_pct": 0.0, "ref_pct": 0.0, "minority_pct": 0.39005142270370452, "compactness": 0.19240584084625917 }, "geometry": { "type": "Polygon", "coordinates": [ [ [ -97.355468, 35.984488 ], [ -97.488309, 35.99268699999989 ], [ -97.497233999999864, 35.97114899999989 ], [ -97.532949, 35.971056 ], [ -97.532885, 36.014613 ], [ -97.675644999999847, 36.014725 ], [ -97.675617, 36.164663 ], [ -98.103904, 36.164877 ], [ -98.104426999999859, 36.463105 ], [ -98.220436, 36.463376 ], [ -98.217074, 36.622723000000221 ], [ -98.109511999999881, 36.622631000000197 ], [ -98.109958, 36.724051 ], [ -98.127969, 36.716844 ], [ -98.162829, 36.724046 ], [ -98.181901999999823, 36.695240000000169 ], [ -98.199770999999842, 36.695299 ], [ -98.199686999999841, 36.680818 ], [ -98.230664999999689, 36.683943000000163 ], [ -98.225207999999725, 36.702447000000312 ], [ -98.206270999999873, 36.700185 ], [ -98.135819, 36.743786 ], [ -98.128359, 36.751997000000273 ], [ -98.137771, 36.743815 ], [ -98.194532999999893, 36.770072000000297 ], [ -98.199146, 36.78903 ], [ -98.241647, 36.828332 ], [ -98.300514, 36.838989999999868 ], [ -98.311397, 36.820010000000231 ], [ -98.32407, 36.822231000000109 ], [ -98.347355, 36.861379 ], [ -98.329656, 36.8938 ], [ -98.363776, 36.998034 ], [ -94.617963999999844, 36.998905 ], [ -94.61565, 36.465679 ], [ -94.702703, 36.493715 ], [ -94.748958, 36.491995 ], [ -94.763513, 36.514267 ], [ -94.80168, 36.510513 ], [ -94.820802, 36.535848 ], [ -94.880912, 36.567054 ], [ -94.946183, 36.539729 ], [ -94.961439, 36.511095 ], [ -95.005718, 36.491773 ], [ -95.00573, 36.50989 ], [ -95.145695, 36.510362 ], [ -95.134194, 36.520945000000118 ], [ -95.139431, 36.541963 ], [ -95.157613, 36.584615 ], [ -95.186803, 36.582000000000129 ], [ -95.176208999999773, 36.597865000000162 ], [ -95.237797, 36.588353 ], [ -95.28595, 36.606615000000104 ], [ -95.292739999999881, 36.597680000000139 ], [ -95.58975, 36.596245 ], [ -95.574837, 36.573416 ], [ -95.596803, 36.561466 ], [ -95.615181, 36.516168 ], [ -95.595271, 36.517339 ], [ -95.589116, 36.506871 ], [ -95.621979, 36.485916 ], [ -95.660004, 36.430079999999883 ], [ -95.680342, 36.422309 ], [ -95.68428, 36.43759 ], [ -95.74037, 36.43794 ], [ -95.74036, 36.45243 ], [ -95.812396, 36.452399000000149 ], [ -95.81268, 36.42356 ], [ -95.77644, 36.42352 ], [ -95.77639, 36.40898 ], [ -95.72246, 36.40895 ], [ -95.72248, 36.39444 ], [ -95.74045, 36.39442 ], [ -95.739532, 36.378448 ], [ -95.713487, 36.37856 ], [ -95.723453, 36.35139 ], [ -95.699364, 36.33789 ], [ -95.698909, 36.30752 ], [ -95.620353, 36.308015999999895 ], [ -95.614909999999895, 36.29298 ], [ -95.63079, 36.29294 ], [ -95.650523, 36.267124 ], [ -95.65076, 36.278400000000246 ], [ -95.679596, 36.278418000000123 ], [ -95.690063, 36.262812000000125 ], [ -95.712778, 36.273782 ], [ -95.74439, 36.26492900000013 ], [ -95.74026, 36.32198 ], [ -95.77154, 36.32936 ], [ -95.775641, 36.249997 ], [ -95.758378999999891, 36.25016900000012 ], [ -95.76002, 36.23251 ], [ -95.81527, 36.22445 ], [ -95.81534, 36.24953 ], [ -95.866079, 36.249493000000136 ], [ -95.875275999999886, 36.234246 ], [ -95.886744, 36.237270000000116 ], [ -95.886677, 36.215299000000122 ], [ -95.922451, 36.205576 ], [ -95.923146999999801, 36.190188 ], [ -95.922503, 36.177068 ], [ -95.904559, 36.177079 ], [ -95.904585999999838, 36.162893000000132 ], [ -95.922482, 36.158989 ], [ -95.912987, 36.123994 ], [ -95.92233, 36.104358 ], [ -95.904472999999896, 36.107877 ], [ -95.904459, 36.096179 ], [ -95.886516, 36.092989 ], [ -95.886429, 36.067823 ], [ -95.931595, 36.060839999999864 ], [ -95.940105, 36.090615 ], [ -95.957959, 36.091008 ], [ -95.957884, 36.060776 ], [ -95.976613, 36.051403 ], [ -95.975892, 36.031955 ], [ -95.993724, 36.031948 ], [ -95.980874, 35.989693 ], [ -96.029544, 35.988387 ], [ -96.029543, 35.915630000000142 ], [ -96.118837, 35.922971 ], [ -96.125276, 35.943096 ], [ -96.133963, 35.911512000000108 ], [ -96.157243999999892, 35.900424 ], [ -96.139467, 35.893351 ], [ -96.141560999999868, 35.857262 ], [ -96.244047999999779, 35.856917 ], [ -96.245783, 35.842403000000495 ], [ -96.263679, 35.842399000000476 ], [ -96.281441999999714, 35.871411000000158 ], [ -96.333624, 35.878802 ], [ -96.333313, 35.922921 ], [ -96.351223, 35.960301 ], [ -96.44092, 35.944818 ], [ -96.440835, 35.973914 ], [ -96.563296, 35.975397 ], [ -96.583982, 35.970702 ], [ -96.58394, 35.95817 ], [ -96.621313, 35.959275 ], [ -96.621097, 35.941519 ], [ -96.945041, 35.942153 ], [ -96.946949, 35.840681 ], [ -97.018347999999889, 35.840502 ], [ -97.017963, 35.782489 ], [ -97.141115, 35.782152 ], [ -97.140484, 35.95893500000011 ], [ -97.161856, 35.943855000000106 ], [ -97.198104999999885, 35.943029 ], [ -97.221192, 35.964572999999895 ], [ -97.27756, 35.973782 ], [ -97.308610999999843, 36.01099 ], [ -97.355468, 35.984488 ] ], [ [ -96.029826999999869, 35.988387 ], [ -96.02982699999977, 35.988387 ], [ -96.030089792081071, 35.988384211755132 ], [ -96.029826999999869, 35.988387 ] ], [ [ -97.032546, 36.506954000000164 ], [ -97.032546, 36.506954000000164 ], [ -97.032118, 36.506957 ], [ -97.032546, 36.506954000000164 ] ], [ [ -97.032038, 36.469522000000154 ], [ -97.032038, 36.469522 ], [ -97.032036999047563, 36.471951849842654 ], [ -97.032038, 36.469522000000154 ] ], [ [ -97.032087999999803, 36.420353 ], [ -97.032089014396405, 36.41950135905936 ], [ -97.032087999999789, 36.420040000000164 ], [ -97.032087999999789, 36.420353 ], [ -97.032087644248847, 36.420371499056316 ], [ -97.032087999999803, 36.420353 ] ], [ [ -97.291551, 36.506879000000168 ], [ -97.291551, 36.506879000000168 ], [ -97.291551626043969, 36.506878989316824 ], [ -97.291551, 36.506879000000168 ] ], [ [ -97.314514282487394, 36.506745499249796 ], [ -97.317279, 36.506739999999894 ], [ -97.315362999999863, 36.506739999999894 ], [ -97.314514282487394, 36.506745499249796 ] ], [ [ -97.318592, 36.506756000000102 ], [ -97.318579, 36.478518 ], [ -97.318577, 36.476992000000159 ], [ -97.318531, 36.474176 ], [ -97.318533, 36.470611000000126 ], [ -97.30912, 36.470623 ], [ -97.309129, 36.466353 ], [ -97.30912699999989, 36.463934 ], [ -97.309132999999775, 36.463474 ], [ -97.304420999999891, 36.463454 ], [ -97.300518999999881, 36.463453000000115 ], [ -97.29999, 36.463457 ], [ -97.30912, 36.470623 ], [ -97.318532999999888, 36.47061100000014 ], [ -97.318530999999894, 36.474176 ], [ -97.318579, 36.478518000000165 ], [ -97.318530999999894, 36.496347 ], [ -97.318577, 36.502186000000215 ], [ -97.318577, 36.504320000000213 ], [ -97.318592, 36.506756000000102 ] ], [ [ -97.30047264810031, 36.469706815610664 ], [ -97.300472999999897, 36.469741 ], [ -97.300472999999897, 36.469741 ], [ -97.30047264810031, 36.469706815610664 ] ], [ [ -97.291343, 36.470632000000101 ], [ -97.291343, 36.470632 ], [ -97.291371999999882, 36.463426000000183 ], [ -97.291327999999879, 36.448932000000156 ], [ -97.291357999999875, 36.44146 ], [ -97.291385999999875, 36.434450999999896 ], [ -97.291186999999852, 36.434450999999875 ], [ -97.286982453728839, 36.434462885243853 ], [ -97.291343, 36.470632000000101 ] ], [ [ -97.281849999999849, 36.434457 ], [ -97.279763, 36.43446 ], [ -97.277246999999846, 36.434450999999875 ], [ -97.275599, 36.434449 ], [ -97.27538013369545, 36.434449492942107 ], [ -97.279762999999889, 36.43446 ], [ -97.281849999999793, 36.434457000000158 ], [ -97.28324581359719, 36.434465974277728 ], [ -97.281849999999849, 36.434457 ] ], [ [ -97.274004, 36.427145000000152 ], [ -97.264837, 36.427105 ], [ -97.260617, 36.42711 ], [ -97.252382999999881, 36.427139 ], [ -97.246822, 36.427161 ], [ -97.274004, 36.427145000000202 ], [ -97.273992999999777, 36.434453000000182 ], [ -97.275104125620359, 36.434450131345187 ], [ -97.274004, 36.427145000000152 ] ], [ [ -97.246796999999773, 36.424322000000224 ], [ -97.246810777884377, 36.425671223347813 ], [ -97.246809, 36.420039 ], [ -97.246796999999773, 36.424322000000224 ] ], [ [ -97.246809, 36.420039 ], [ -97.246836, 36.405536000000133 ], [ -97.246850956718433, 36.403456047017308 ], [ -97.246809, 36.420039 ] ], [ [ -97.246866, 36.401246000000107 ], [ -97.246866, 36.401324666686612 ], [ -97.246868992183522, 36.400548821221726 ], [ -97.246866, 36.401246000000107 ] ], [ [ -97.246859856204225, 36.388178068620491 ], [ -97.246837, 36.39625 ], [ -97.246857, 36.391742 ], [ -97.246859856204225, 36.388178068620491 ] ], [ [ -97.246859999999856, 36.388153000000145 ], [ -97.246845999999863, 36.380575 ], [ -97.246830599241463, 36.377149297518251 ], [ -97.246829, 36.385737000000169 ], [ -97.246835999999846, 36.386296000000215 ], [ -97.246859999999856, 36.388153000000145 ] ], [ [ -97.246830999999816, 36.376372 ], [ -97.246830999999816, 36.376491400061077 ], [ -97.24683049959971, 36.375952165440403 ], [ -97.246830999999816, 36.376372 ] ], [ [ -97.246838, 36.375013 ], [ -97.246832, 36.37360900000013 ], [ -97.246837999999855, 36.375013000000116 ], [ -97.246834129739, 36.375264567388157 ], [ -97.246838, 36.375013 ] ], [ [ -97.233379, 36.362006 ], [ -97.244031, 36.362021000000148 ], [ -97.243617, 36.362018 ], [ -97.242318, 36.362011 ], [ -97.236677999999841, 36.361997000000152 ], [ -97.233379, 36.362006 ] ], [ [ -97.233359919703787, 36.36200626977859 ], [ -97.228994, 36.362068 ], [ -97.228994, 36.362068000000157 ], [ -97.233359919703787, 36.36200626977859 ] ], [ [ -97.228992506289458, 36.360706245982605 ], [ -97.228988999999899, 36.358501 ], [ -97.228990999999894, 36.359333000000206 ], [ -97.228992506289458, 36.360706245982605 ] ], [ [ -97.228987600555556, 36.350516276618393 ], [ -97.225791, 36.347675000000109 ], [ -97.219882999999868, 36.347706 ], [ -97.215312666502939, 36.347750904226416 ], [ -97.228987600555556, 36.350516276618393 ] ], [ [ -97.157284885188915, 36.294708040247897 ], [ -97.151636999999823, 36.28988000000016 ], [ -97.156396999999899, 36.289894 ], [ -97.157225999999866, 36.289892 ], [ -97.157225999999866, 36.292461000000166 ], [ -97.15726399999987, 36.293305 ], [ -97.157268999999872, 36.29416 ], [ -97.157284885188915, 36.294708040247897 ] ], [ [ -97.144084, 36.289875 ], [ -97.139437999999899, 36.289917 ], [ -97.147334308449416, 36.289880506960785 ], [ -97.144084, 36.289875 ] ], [ [ -97.21343753230768, 36.347617103842047 ], [ -97.213964, 36.347605 ], [ -97.214977930841769, 36.347741544915905 ], [ -97.21343753230768, 36.347617103842047 ] ], [ [ -97.211530509109238, 36.347859625817989 ], [ -97.212485999999885, 36.347703000000166 ], [ -97.212808999999822, 36.347684000000207 ], [ -97.212857999999869, 36.347681000000129 ], [ -97.213409723285281, 36.34762068616444 ], [ -97.211530509109238, 36.347859625817989 ] ], [ [ -97.211172, 36.347903 ], [ -97.211172, 36.347903 ], [ -97.211167925382284, 36.347420837618166 ], [ -97.211172, 36.347903 ] ], [ [ -97.202138575851677, 36.339614070562398 ], [ -97.20054, 36.339574999999883 ], [ -97.193207999999885, 36.339419 ], [ -97.187661, 36.339305 ], [ -97.18134299999987, 36.339176000000165 ], [ -97.175283999999735, 36.339054 ], [ -97.165292999999892, 36.338834000000311 ], [ -97.164452999999853, 36.338758 ], [ -97.151402, 36.333431000000218 ], [ -97.16445299999981, 36.338758 ], [ -97.165292999999835, 36.338834000000311 ], [ -97.175283999999678, 36.339054 ], [ -97.202138575851677, 36.339614070562426 ], [ -97.211138470745581, 36.340153044642236 ], [ -97.211134999999885, 36.340531 ], [ -97.211131, 36.341889000000187 ], [ -97.211175999999895, 36.343723000000217 ], [ -97.211159999999879, 36.346530000000115 ], [ -97.211164854588134, 36.347066432433209 ], [ -97.211176, 36.343723000000168 ], [ -97.211138470745666, 36.340153044642165 ], [ -97.202138575851677, 36.339614070562398 ] ], [ [ -97.15562299999975, 36.333473 ], [ -97.155622999999778, 36.333473 ], [ -97.156276294117447, 36.333473 ], [ -97.15562299999975, 36.333473 ] ], [ [ -97.157472, 36.329656000000227 ], [ -97.157476999999886, 36.325394 ], [ -97.15747799999987, 36.323393000000159 ], [ -97.157475999999875, 36.322275000000126 ], [ -97.157461999999882, 36.321251000000146 ], [ -97.157482, 36.320314 ], [ -97.157484254022947, 36.319503304449391 ], [ -97.157461999999839, 36.321251000000153 ], [ -97.157477999999855, 36.323393 ], [ -97.157459999999787, 36.326521000000106 ], [ -97.157459999999787, 36.327480000000243 ], [ -97.157472, 36.329656000000135 ], [ -97.15746399999982, 36.329757000000178 ], [ -97.157441, 36.331597000000194 ], [ -97.157454, 36.332746 ], [ -97.157459999999787, 36.33312300000015 ], [ -97.15737573819645, 36.333395387877424 ], [ -97.157429999999806, 36.333315 ], [ -97.157459999999801, 36.333123 ], [ -97.157441, 36.331597000000158 ], [ -97.157472, 36.329656000000227 ] ], [ [ -97.157491, 36.318853000000352 ], [ -97.157491, 36.318853000000232 ], [ -97.157455527190066, 36.314957060477703 ], [ -97.157491, 36.318853000000352 ] ], [ [ -97.157447393443022, 36.310604151726636 ], [ -97.157434999999893, 36.312148 ], [ -97.157445003406607, 36.313477074858042 ], [ -97.157462999999879, 36.311558000000147 ], [ -97.157447393443022, 36.310604151726636 ] ], [ [ -97.157421673078531, 36.307796050819221 ], [ -97.157372, 36.30400000000013 ], [ -97.157372999999765, 36.304345 ], [ -97.157373999999763, 36.304679999999863 ], [ -97.157421673078531, 36.307796050819221 ] ], [ [ -97.157340999999803, 36.301038000000212 ], [ -97.157346400317579, 36.301179437763089 ], [ -97.157340999999803, 36.301038000000155 ], [ -97.157340999999803, 36.301038000000212 ] ], [ [ -97.157316999999878, 36.297006000000138 ], [ -97.157285999999814, 36.295332 ], [ -97.157316999999864, 36.297006000000174 ], [ -97.157310999999879, 36.298631999999856 ], [ -97.157316999999864, 36.299127000000141 ], [ -97.157334999999804, 36.299749000000112 ], [ -97.157344999999737, 36.300087000000161 ], [ -97.157341020235648, 36.301033188957376 ], [ -97.157344999999779, 36.300087000000161 ], [ -97.157311, 36.298632 ], [ -97.157316999999878, 36.297006000000138 ] ], [ [ -97.150465999999867, 36.507303 ], [ -97.150465999999824, 36.507302999999894 ], [ -97.149597981813002, 36.507303392946291 ], [ -97.150465999999867, 36.507303 ] ], [ [ -97.135095, 36.507292 ], [ -97.135094999999865, 36.507292 ], [ -97.134709924842838, 36.507292873186287 ], [ -97.135095, 36.507292 ] ], [ [ -97.12870099999985, 36.507293999999874 ], [ -97.12740008054152, 36.50729538543073 ], [ -97.128700999999893, 36.507294 ], [ -97.130809999999855, 36.50731 ], [ -97.131010581754524, 36.507308746364153 ], [ -97.12870099999985, 36.507293999999874 ] ], [ [ -97.11529999999982, 36.507267 ], [ -97.113636301748727, 36.507267290655939 ], [ -97.11531988744045, 36.507266970311711 ], [ -97.11529999999982, 36.507267 ] ], [ [ -97.066167, 36.507108000000102 ], [ -97.066167, 36.507108000000102 ], [ -97.066165135187276, 36.507108004381017 ], [ -97.066167, 36.507108000000102 ] ], [ [ -97.050143, 36.507059 ], [ -97.050143, 36.507059 ], [ -97.049884658193761, 36.507058454111387 ], [ -97.050143, 36.507059 ] ], [ [ -97.040249, 36.507015000000138 ], [ -97.040249, 36.507015 ], [ -97.039017790880408, 36.507001325139562 ], [ -97.040249, 36.507015000000138 ] ], [ [ -97.282764999999884, 36.50692 ], [ -97.28276499999987, 36.50692 ], [ -97.282764001183637, 36.506920007083821 ], [ -97.282764999999884, 36.50692 ] ], [ [ -97.274124999999884, 36.50695 ], [ -97.274124999999842, 36.50695 ], [ -97.274037755885516, 36.506950507233334 ], [ -97.274124999999884, 36.50695 ] ], [ [ -97.25107, 36.506973 ], [ -97.25107, 36.506973 ], [ -97.250927418163187, 36.506973975919564 ], [ -97.25107, 36.506973 ] ], [ [ -97.246872, 36.506975 ], [ -97.246872, 36.506975 ], [ -97.246589391188863, 36.506979470914182 ], [ -97.246872, 36.506975 ] ], [ [ -97.223786, 36.507077000000123 ], [ -97.22378599999989, 36.507077 ], [ -97.221467999999831, 36.507078999999834 ], [ -97.217883023533943, 36.507090001732195 ], [ -97.223786, 36.507077000000123 ] ], [ [ -97.209873, 36.507115 ], [ -97.209873, 36.507115 ], [ -97.207728082705643, 36.507139248097864 ], [ -97.209873, 36.507115 ] ], [ [ -97.200706999999838, 36.507174 ], [ -97.199021702990251, 36.507182447604528 ], [ -97.201854763638508, 36.50717108589636 ], [ -97.200706999999838, 36.507174 ] ], [ [ -97.183665999999832, 36.507249 ], [ -97.18217822656166, 36.507249815553905 ], [ -97.184295197070171, 36.507242891290922 ], [ -97.183665999999832, 36.507249 ] ], [ [ -97.174844, 36.507271 ], [ -97.174843999999894, 36.507271 ], [ -97.174821605849218, 36.507271148853377 ], [ -97.174844, 36.507271 ] ], [ [ -97.165823132246686, 36.50728901239512 ], [ -97.165837999999837, 36.507289000000149 ], [ -97.165837999999823, 36.507289000000149 ], [ -97.165823132246686, 36.50728901239512 ] ], [ [ -97.155937999999892, 36.507317 ], [ -97.155937999999878, 36.507317 ], [ -97.155168456698661, 36.507318297274679 ], [ -97.155937999999892, 36.507317 ] ], [ [ -96.111892, 36.011549 ], [ -96.111892, 36.011549 ], [ -96.111890462281764, 36.011551030949548 ], [ -96.111892, 36.011549 ] ], [ [ -96.111898, 36.010293999999895 ], [ -96.111893483346535, 36.0112387352101 ], [ -96.111898670540384, 36.010190401636507 ], [ -96.111898, 36.010293999999895 ] ], [ [ -96.111936591714354, 36.007016700240577 ], [ -96.111874, 36.007641 ], [ -96.111874, 36.007641000000369 ], [ -96.111936591714354, 36.007016700240577 ] ], [ [ -96.112021862863884, 36.006517822817251 ], [ -96.112195, 36.006008 ], [ -96.112022, 36.006517 ], [ -96.112021862863884, 36.006517822817251 ] ], [ [ -96.11233099999987, 36.005649000000346 ], [ -96.112476, 36.005378 ], [ -96.11241, 36.005501 ], [ -96.11233099999987, 36.005649000000346 ] ], [ [ -96.114072999999891, 36.002923000000138 ], [ -96.114018974146276, 36.003033862722091 ], [ -96.114076544489748, 36.002915531256122 ], [ -96.114072999999891, 36.002923000000138 ] ], [ [ -96.114338806820044, 36.001917966025665 ], [ -96.114361, 36.001807 ], [ -96.114361, 36.001807 ], [ -96.114338806820044, 36.001917966025665 ] ], [ [ -96.114277, 35.999665 ], [ -96.114288813423912, 35.999827434751467 ], [ -96.114256667469661, 35.999380081951095 ], [ -96.114277, 35.999665 ] ], [ [ -96.114809999999636, 35.998566000000224 ], [ -96.115926168269922, 35.998547095602135 ], [ -96.114423456137004, 35.99858272072688 ], [ -96.114809999999636, 35.998566000000224 ] ], [ [ -96.116230666666652, 35.998536733333353 ], [ -96.118931999999731, 35.998460000000108 ], [ -96.119638621805706, 35.998450797483819 ], [ -96.116230666666652, 35.998536733333353 ] ], [ [ -96.121095999999696, 35.998375 ], [ -96.121095999999838, 35.998375 ], [ -96.120045316028055, 35.998445331697241 ], [ -96.121095999999696, 35.998375 ] ], [ [ -96.122345999999894, 35.998252 ], [ -96.122597146583843, 35.998196537991475 ], [ -96.12195154323183, 35.998297952067773 ], [ -96.122345999999894, 35.998252 ] ], [ [ -96.123073938234143, 35.997991829632909 ], [ -96.125256, 35.997001 ], [ -96.125793999999686, 35.996741000000306 ], [ -96.126256984381939, 35.996518411358217 ], [ -96.123073938234143, 35.997991829632909 ] ], [ [ -96.128434, 35.995554 ], [ -96.130015417335031, 35.994801889226878 ], [ -96.127567445815487, 35.995948081599529 ], [ -96.128434, 35.995554 ] ], [ [ -96.132007, 35.993924 ], [ -96.131708721222395, 35.994052283512964 ], [ -96.1323705847377, 35.993782885972571 ], [ -96.132007, 35.993924 ] ], [ [ -96.133284075478642, 35.993514671754731 ], [ -96.134762, 35.993218000000198 ], [ -96.136539, 35.993088000000306 ], [ -96.136539, 35.993064999999888 ], [ -96.134762, 35.993218 ], [ -96.134136, 35.993323 ], [ -96.133593, 35.993429 ], [ -96.133284075478642, 35.993514671754731 ] ], [ [ -96.136012, 35.992647 ], [ -96.136052612216631, 35.992665384141638 ], [ -96.135999996104275, 35.992642855158955 ], [ -96.136012, 35.992647 ] ], [ [ -96.133059999999873, 35.991207 ], [ -96.133107903560713, 35.991186588921344 ], [ -96.132945, 35.991224 ], [ -96.133059999999873, 35.991207 ] ], [ [ -96.132822999999888, 35.991207 ], [ -96.132814499394286, 35.991202376047021 ], [ -96.132945, 35.991224 ], [ -96.132822999999888, 35.991207 ] ], [ [ -96.129399, 35.989113 ], [ -96.129399, 35.989113 ], [ -96.129714079259571, 35.989118046948747 ], [ -96.129399, 35.989113 ] ], [ [ -96.127937, 35.988278 ], [ -96.127946486126476, 35.988283174253894 ], [ -96.127628132374412, 35.988281579591806 ], [ -96.127937, 35.988278 ] ], [ [ -96.126854, 35.988306 ], [ -96.126855528843222, 35.988305935218449 ], [ -96.126840470185996, 35.988306314216999 ], [ -96.126854, 35.988306 ] ], [ [ -96.125145436687603, 35.988345564086067 ], [ -96.124603, 35.988355 ], [ -96.125029, 35.988348 ], [ -96.125145436687603, 35.988345564086067 ] ], [ [ -96.122875, 35.988382000000144 ], [ -96.123042142693706, 35.988376353288537 ], [ -96.122811147574822, 35.98838105403825 ], [ -96.122875, 35.988382000000144 ] ], [ [ -96.118003, 35.988435999999894 ], [ -96.118007232534481, 35.988435705562729 ], [ -96.11799649404503, 35.988436434582447 ], [ -96.118003, 35.988435999999894 ] ], [ [ -96.113585, 35.984807 ], [ -96.113586054185873, 35.984855492647021 ], [ -96.113583349913768, 35.984733037633383 ], [ -96.113585, 35.984807 ] ], [ [ -96.113587, 35.981138 ], [ -96.113587189646466, 35.98122523782579 ], [ -96.113586834160941, 35.981054749009225 ], [ -96.113587, 35.981138 ] ], [ [ -96.113564, 35.979284 ], [ -96.113571457667405, 35.979726986703092 ], [ -96.113562874534665, 35.978870956031507 ], [ -96.113564, 35.979284 ] ], [ [ -96.11356, 35.97703 ], [ -96.113560285147926, 35.977358777281594 ], [ -96.11356, 35.97696571435128 ], [ -96.11356, 35.97703 ] ], [ [ -96.11352, 35.97644 ], [ -96.113528531540325, 35.976517850447301 ], [ -96.113518377271546, 35.976424746374114 ], [ -96.11352, 35.97644 ] ], [ [ -96.117408183721565, 35.973887514506607 ], [ -96.114794999999816, 35.973863000000172 ], [ -96.115463, 35.973863 ], [ -96.116386999999804, 35.973875 ], [ -96.117408183721565, 35.973887514506607 ] ], [ [ -96.118767, 35.973905 ], [ -96.119565796223284, 35.973891572041254 ], [ -96.117622224957785, 35.973890172030025 ], [ -96.118767, 35.973905 ] ], [ [ -96.121549, 35.973901 ], [ -96.120557906790168, 35.973890626997964 ], [ -96.122185281145519, 35.97390854110995 ], [ -96.121549, 35.973901 ] ], [ [ -96.124183398012633, 35.97391522372407 ], [ -96.124787, 35.973917 ], [ -96.124504, 35.973916000000138 ], [ -96.124183398012633, 35.97391522372407 ] ], [ [ -96.12564299999984, 35.973928 ], [ -96.125630272727165, 35.973928 ], [ -96.126311165976787, 35.97392013080772 ], [ -96.12564299999984, 35.973928 ] ], [ [ -96.131044949892569, 35.973923622685206 ], [ -96.129956, 35.973908000000172 ], [ -96.130331, 35.973909 ], [ -96.130584999999854, 35.973909 ], [ -96.131044949892569, 35.973923622685206 ] ], [ [ -96.132424, 35.973921 ], [ -96.131941462898482, 35.97392996909128 ], [ -96.133560323200072, 35.973899128512407 ], [ -96.132424, 35.973921 ] ], [ [ -96.13455, 35.973903 ], [ -96.136907, 35.973959000000455 ], [ -96.133567, 35.973899 ], [ -96.13455, 35.973903 ] ], [ [ -96.136815999999897, 35.972315 ], [ -96.136883837651055, 35.973540553780708 ], [ -96.136944024535751, 35.961839716190056 ], [ -96.136815999999897, 35.972315 ] ], [ [ -96.124780999999828, 35.95973 ], [ -96.124844328479043, 35.959730334717072 ], [ -96.124724902884793, 35.959729732870819 ], [ -96.124780999999828, 35.95973 ] ], [ [ -96.121598467349486, 35.959714340956879 ], [ -96.118805, 35.9597 ], [ -96.118805, 35.9597 ], [ -96.121598467349486, 35.959714340956879 ] ], [ [ -96.118842, 35.953747 ], [ -96.118846455589377, 35.954207321560354 ], [ -96.118841613620077, 35.953718311342698 ], [ -96.118842, 35.953747 ] ], [ [ -96.118829999999861, 35.949919 ], [ -96.118829628983633, 35.949972797384376 ], [ -96.118829999999889, 35.949862000020538 ], [ -96.118829999999861, 35.949919 ] ], [ [ -96.118839413793935, 35.94954494423704 ], [ -96.118682999999834, 35.948417000000205 ], [ -96.118466, 35.947968 ], [ -96.118448080365113, 35.947936716583989 ], [ -96.118839413793935, 35.94954494423704 ] ], [ [ -96.118066646501731, 35.947262836278064 ], [ -96.117654, 35.946353 ], [ -96.118043, 35.947221000000106 ], [ -96.118066646501731, 35.947262836278064 ] ], [ [ -96.137026, 36.033709 ], [ -96.137023, 36.034681 ], [ -96.137027692517805, 36.033216141814457 ], [ -96.137026, 36.033709 ] ], [ [ -96.136992, 36.032117 ], [ -96.136992, 36.032117 ], [ -96.136956707414583, 36.03209627261073 ], [ -96.136992, 36.032117 ] ], [ [ -96.133989, 36.031963 ], [ -96.134071910693393, 36.031964884333945 ], [ -96.133173102419875, 36.031958451442179 ], [ -96.133989, 36.031963 ] ], [ [ -96.131001, 36.031956 ], [ -96.131097044564896, 36.031954566499095 ], [ -96.130818648380682, 36.031954931533498 ], [ -96.131001, 36.031956 ] ], [ [ -96.124028, 36.03193 ], [ -96.124037269910644, 36.031929976472348 ], [ -96.124025545462672, 36.031930008405979 ], [ -96.124028, 36.03193 ] ], [ [ -96.121577, 36.031892 ], [ -96.121599469519381, 36.031891914564511 ], [ -96.121575765090697, 36.031892003019287 ], [ -96.121577, 36.031892 ] ], [ [ -96.120975, 36.031967 ], [ -96.121030003399383, 36.031934914687056 ], [ -96.120907430247797, 36.031998615229433 ], [ -96.120975, 36.031967 ] ], [ [ -96.114254, 36.031912 ], [ -96.114255272199998, 36.031911991461747 ], [ -96.11425237178652, 36.031912019383491 ], [ -96.114254, 36.031912 ] ], [ [ -96.104221752380994, 36.031946706239303 ], [ -96.10363, 36.031954 ], [ -96.104048, 36.031949000000118 ], [ -96.104221752380994, 36.031946706239303 ] ], [ [ -96.10284, 36.031967 ], [ -96.102877680571041, 36.03196586796566 ], [ -96.102762348976114, 36.03196928834069 ], [ -96.10284, 36.031967 ] ], [ [ -96.101155, 36.03201 ], [ -96.101213882792791, 36.032009532676206 ], [ -96.100137367439615, 36.032010461930312 ], [ -96.101155, 36.03201 ] ], [ [ -96.088291999999868, 36.031965 ], [ -96.089744646749367, 36.030758950146883 ], [ -96.087592570803409, 36.032722397590412 ], [ -96.088291999999868, 36.031965 ] ], [ [ -96.091299999999762, 36.029553 ], [ -96.09045119039321, 36.030211236560831 ], [ -96.091392572590919, 36.029466399834348 ], [ -96.091299999999762, 36.029553 ] ], [ [ -96.091987, 36.028910000000181 ], [ -96.092519281820998, 36.02824946703376 ], [ -96.091393580301158, 36.029465455192138 ], [ -96.091987, 36.028910000000181 ] ], [ [ -96.093223, 36.026641 ], [ -96.094014054101038, 36.02474069268608 ], [ -96.093049266476612, 36.027162504399925 ], [ -96.093223, 36.026641 ] ], [ [ -96.09548199999989, 36.024752000000213 ], [ -96.096017, 36.024755 ], [ -96.095482, 36.024752 ], [ -96.094752368858053, 36.024746133619132 ], [ -96.09548199999989, 36.024752000000213 ] ], [ [ -96.101116, 36.024693 ], [ -96.099969999999843, 36.024770000000146 ], [ -96.100753, 36.024733000000268 ], [ -96.101069, 36.024703 ], [ -96.101116, 36.024693 ] ], [ [ -96.101101481481223, 36.023749580270305 ], [ -96.101111, 36.022298 ], [ -96.101101, 36.023717 ], [ -96.101101481481223, 36.023749580270305 ] ], [ [ -96.100321, 36.016981 ], [ -96.100377298696685, 36.017247421956966 ], [ -96.100285556020083, 36.016821889845289 ], [ -96.100321, 36.016981 ] ], [ [ -96.10078687917381, 36.015096367387706 ], [ -96.103173, 36.014032 ], [ -96.104902236560079, 36.013543723888105 ], [ -96.10078687917381, 36.015096367387706 ] ], [ [ -96.110688999999851, 36.011953 ], [ -96.110266, 36.012061 ], [ -96.111095957843531, 36.011834805448956 ], [ -96.110688999999851, 36.011953 ] ], [ [ -96.164714831513507, 35.992831022535803 ], [ -96.164714831513507, 35.992831022535704 ], [ -96.164466925584193, 35.992900220385998 ], [ -96.164714831513507, 35.992831022535803 ] ], [ [ -96.14995789770478, 36.000673842838886 ], [ -96.14995789770478, 36.000673842838822 ], [ -96.149321954670398, 36.000856706819818 ], [ -96.14995789770478, 36.000673842838886 ] ], [ [ -96.149321954670398, 36.000856706819818 ], [ -96.146518132229446, 36.001661371411899 ], [ -96.143824, 36.002426 ], [ -96.149321954670398, 36.000856706819818 ] ], [ [ -96.20819499999989, 35.988602 ], [ -96.208195, 35.988602 ], [ -96.206865024890917, 35.988603381792323 ], [ -96.20819499999989, 35.988602 ] ], [ [ -96.206241999999762, 35.988603000000126 ], [ -96.206242, 35.988603 ], [ -96.206021901048629, 35.988599237624932 ], [ -96.206241999999762, 35.988603000000126 ] ], [ [ -96.205151999999629, 35.988584000000117 ], [ -96.205151999999885, 35.988584 ], [ -96.204467279597921, 35.988572881400891 ], [ -96.205151999999629, 35.988584000000117 ] ], [ [ -96.201919, 35.98854 ], [ -96.196613583961067, 35.988322995978912 ], [ -96.204391963099823, 35.988571642142723 ], [ -96.201919, 35.98854 ] ], [ [ -96.196337538421773, 35.988253789646798 ], [ -96.194303999999846, 35.987351 ], [ -96.196043, 35.98818 ], [ -96.196337538421773, 35.988253789646798 ] ], [ [ -96.327756, 35.890055 ], [ -96.328916, 35.889202000000104 ], [ -96.327756, 35.890055 ], [ -96.325425999999737, 35.891720000000113 ], [ -96.32505687345342, 35.891993382778608 ], [ -96.327756, 35.890055 ] ], [ [ -96.319983999999593, 35.895701 ], [ -96.319201032282777, 35.896281025062201 ], [ -96.321377852021115, 35.894706405582738 ], [ -96.319983999999593, 35.895701 ] ], [ [ -96.316165, 35.898532 ], [ -96.316164999999714, 35.898532000000124 ], [ -96.315351976416338, 35.899115643724265 ], [ -96.316165, 35.898532 ] ], [ [ -96.301989569384972, 35.908865507617605 ], [ -96.308824, 35.903898 ], [ -96.31097747194265, 35.902290922726422 ], [ -96.301989569384972, 35.908865507617605 ] ], [ [ -96.296353999999866, 35.912936 ], [ -96.29508339822722, 35.913860594175851 ], [ -96.296541425380553, 35.91280304056081 ], [ -96.296353999999866, 35.912936 ] ], [ [ -96.293562, 35.915011999999898 ], [ -96.293561999999739, 35.915011999999884 ], [ -96.293124699671651, 35.915349914003379 ], [ -96.293562, 35.915011999999898 ] ], [ [ -96.283948816075437, 35.922039145701426 ], [ -96.286811, 35.91991 ], [ -96.288691, 35.918575 ], [ -96.290931764198447, 35.916926339953662 ], [ -96.286810999999702, 35.91991 ], [ -96.283948816075437, 35.922039145701426 ] ], [ [ -96.282959, 35.922771 ], [ -96.282958999999877, 35.922771000000154 ], [ -96.282949003582942, 35.922777863631147 ], [ -96.282959, 35.922771 ] ], [ [ -96.275061, 35.928491 ], [ -96.275060999999894, 35.928491 ], [ -96.274145585520074, 35.929172276032659 ], [ -96.275061, 35.928491 ] ], [ [ -96.271366, 35.931186 ], [ -96.271365999999773, 35.931186 ], [ -96.270502861711392, 35.931810003217663 ], [ -96.271366, 35.931186 ] ], [ [ -96.265841, 35.935223 ], [ -96.265840999999824, 35.935223000000128 ], [ -96.263569, 35.936856 ], [ -96.263459500811848, 35.936938948879188 ], [ -96.265841, 35.935223 ] ], [ [ -96.255363, 35.942859000000134 ], [ -96.255363, 35.942859 ], [ -96.25490533757538, 35.943198556251154 ], [ -96.255363, 35.942859000000134 ] ], [ [ -96.253722, 35.944076 ], [ -96.253721999999897, 35.944076 ], [ -96.253431048528697, 35.944287100768939 ], [ -96.253722, 35.944076 ] ], [ [ -96.252439, 35.945007 ], [ -96.252438999999654, 35.945007000000224 ], [ -96.25204292693023, 35.94529319563577 ], [ -96.252439, 35.945007 ] ], [ [ -96.251053999999897, 35.94601 ], [ -96.251053999999641, 35.946010000000229 ], [ -96.250597683701827, 35.946342767434984 ], [ -96.251053999999897, 35.94601 ] ], [ [ -96.249359, 35.947265000000101 ], [ -96.249358999999828, 35.947265000000115 ], [ -96.247137999999737, 35.948866 ], [ -96.245840813299424, 35.94982025618522 ], [ -96.249359, 35.947265000000101 ] ], [ [ -96.242613, 35.952157 ], [ -96.242612999999722, 35.952157 ], [ -96.239563417463529, 35.954408173422479 ], [ -96.242613, 35.952157 ] ], [ [ -96.233378, 35.958912 ], [ -96.233377999999718, 35.958912 ], [ -96.23140723587305, 35.960346922067799 ], [ -96.233378, 35.958912 ] ], [ [ -96.229357, 35.961822 ], [ -96.229356999999837, 35.961822 ], [ -96.228797777777729, 35.962223333624756 ], [ -96.229357, 35.961822 ] ], [ [ -96.22706199999962, 35.963531 ], [ -96.226525098702083, 35.963934394874194 ], [ -96.228460152189683, 35.962472628083489 ], [ -96.22706199999962, 35.963531 ] ], [ [ -96.225418, 35.964744 ], [ -96.225417999999678, 35.964744 ], [ -96.224944201077676, 35.965089386227781 ], [ -96.225418, 35.964744 ] ], [ [ -96.224064, 35.965732 ], [ -96.224063999999856, 35.965732 ], [ -96.22211041558117, 35.967115554213294 ], [ -96.224064, 35.965732 ] ], [ [ -96.221612999999607, 35.967470000000176 ], [ -96.218147780211908, 35.970009442451598 ], [ -96.221651034234711, 35.967441474325781 ], [ -96.221612999999607, 35.967470000000176 ] ], [ [ -96.213270578499021, 35.973542425591624 ], [ -96.203907069492331, 35.980362166080134 ], [ -96.208719, 35.976884 ], [ -96.213270578499021, 35.973542425591624 ] ], [ [ -96.199862999999866, 35.983323 ], [ -96.199090050851325, 35.983880668481092 ], [ -96.200809907061029, 35.98262478465994 ], [ -96.199862999999866, 35.983323 ] ], [ [ -96.198302, 35.984449 ], [ -96.198301999999885, 35.984449000000104 ], [ -96.198093696485344, 35.984599591893499 ], [ -96.198302, 35.984449 ] ], [ [ -96.196686, 35.985611 ], [ -96.196685999999886, 35.985611 ], [ -96.196050147946821, 35.986067703510066 ], [ -96.196686, 35.985611 ] ], [ [ -96.155794681587665, 35.994519131147854 ], [ -96.157228180599091, 35.994491166813418 ], [ -96.15452147280773, 35.9945452615883 ], [ -96.155794681587665, 35.994519131147854 ] ], [ [ -96.152679123735879, 35.99471140696398 ], [ -96.153001969585816, 35.994651885687539 ], [ -96.152332131082233, 35.994789995006904 ], [ -96.152679123735879, 35.99471140696398 ] ], [ [ -96.079412999999775, 35.988345 ], [ -96.074372799999864, 35.988383 ], [ -96.07468299999978, 35.988383 ], [ -96.077321, 35.988379000000137 ], [ -96.079412999999718, 35.988345 ], [ -96.08233, 35.988363000000142 ], [ -96.079412999999775, 35.988345 ] ], [ [ -96.0742079999997, 35.988136 ], [ -96.0742079999998, 35.988136 ], [ -96.074168649090879, 35.987931820846576 ], [ -96.0742079999997, 35.988136 ] ], [ [ -96.072228, 35.987819000000151 ], [ -96.072228, 35.987819000000101 ], [ -96.071335421512032, 35.987800135716199 ], [ -96.072228, 35.987819000000151 ] ], [ [ -96.07133035984269, 35.988131474540246 ], [ -96.071329, 35.987800000000135 ], [ -96.071329, 35.987800000000135 ], [ -96.07133, 35.988073000000163 ], [ -96.07133035984269, 35.988131474540246 ] ], [ [ -96.07110599999983, 35.988399000000157 ], [ -96.071106, 35.988399000000136 ], [ -96.070448049192038, 35.988400786291862 ], [ -96.07110599999983, 35.988399000000157 ] ], [ [ -96.0699694, 35.988402 ], [ -96.06533, 35.988394 ], [ -96.06452, 35.988392999999874 ], [ -96.061958, 35.988388 ], [ -96.061210662556846, 35.988386767786672 ], [ -96.064519999999831, 35.988393 ], [ -96.06533, 35.988394000000106 ], [ -96.069315999999844, 35.988401000000145 ], [ -96.069921999999863, 35.988402 ], [ -96.0699694, 35.988402 ] ], [ [ -96.058441999999744, 35.988405000000114 ], [ -96.058441999999857, 35.988405 ], [ -96.058266859434383, 35.988406589297441 ], [ -96.058441999999744, 35.988405000000114 ] ], [ [ -96.052712999999784, 35.988349999999883 ], [ -96.051025, 35.988355 ], [ -96.050149314448632, 35.988369123962485 ], [ -96.052712999999827, 35.98835 ], [ -96.056981999999778, 35.988419000000185 ], [ -96.057274822316671, 35.988416100769399 ], [ -96.052712999999784, 35.988349999999883 ] ], [ [ -96.046847571428515, 35.9883814285715 ], [ -96.047435999999735, 35.988386 ], [ -96.048428610013374, 35.988389657369275 ], [ -96.046847571428515, 35.9883814285715 ] ], [ [ -96.042996331118715, 35.988372700347973 ], [ -96.045273999999822, 35.988362000000123 ], [ -96.046813829693548, 35.988380887517287 ], [ -96.042996331118715, 35.988372700347973 ] ], [ [ -96.041616387086407, 35.988374029273544 ], [ -96.038717, 35.98842 ], [ -96.036559957018653, 35.988416496668904 ], [ -96.039761999999797, 35.988426 ], [ -96.041616387086407, 35.988374029273544 ] ], [ [ -96.035112153857625, 35.988401422899315 ], [ -96.035614999999837, 35.988411 ], [ -96.035755630569128, 35.988411784185331 ], [ -96.035112153857625, 35.988401422899315 ] ], [ [ -96.034262276841773, 35.988380880342341 ], [ -96.033449999999888, 35.988364 ], [ -96.032319146898502, 35.988377398734102 ], [ -96.034262276841773, 35.988380880342341 ] ], [ [ -96.030632999999725, 35.988384000000124 ], [ -96.030632999999838, 35.98838400000011 ], [ -96.030269, 35.988384000000124 ], [ -96.030632999999725, 35.988384000000124 ] ], [ [ -96.030262418888881, 35.988383898752254 ], [ -96.030268999999791, 35.988384000000124 ], [ -96.030269, 35.988384000000124 ], [ -96.030262418888881, 35.988383898752254 ] ], [ [ -96.091721, 36.024708 ], [ -96.09061399999986, 36.024699000000176 ], [ -96.091721, 36.024708 ], [ -96.092094, 36.024719 ], [ -96.092276999999669, 36.024724000000113 ], [ -96.09239099999985, 36.024727 ], [ -96.092989081877448, 36.02473219694631 ], [ -96.091721, 36.024708 ] ], [ [ -96.088463950907723, 36.024699991616664 ], [ -96.089827, 36.024696 ], [ -96.089980499999953, 36.024695500000107 ], [ -96.089420999999888, 36.024697 ], [ -96.088463950907723, 36.024699991616664 ] ], [ [ -96.082609999999875, 36.024759 ], [ -96.085494, 36.02474400000014 ], [ -96.083265, 36.02475500000012 ], [ -96.082609999999875, 36.024759 ] ], [ [ -96.029499, 36.017432 ], [ -96.029499, 36.017432 ], [ -96.029505741618948, 36.01713588786702 ], [ -96.029499, 36.017432 ] ], [ [ -96.029521, 36.022786000000117 ], [ -96.029521, 36.022786 ], [ -96.029523664149835, 36.022403694955209 ], [ -96.029521, 36.022786000000117 ] ], [ [ -96.029508999999848, 36.024037 ], [ -96.029508999999848, 36.024037 ], [ -96.029509011131964, 36.024035764336197 ], [ -96.029508999999848, 36.024037 ] ], [ [ -96.029502999999892, 36.024913000000168 ], [ -96.029503, 36.024913000000183 ], [ -96.029502999999892, 36.024879727304494 ], [ -96.029502999999892, 36.024913000000168 ] ], [ [ -96.029505339109065, 36.030874931702932 ], [ -96.029517999999882, 36.031966000000118 ], [ -96.029518, 36.031966000000118 ], [ -96.029505339109065, 36.030874931702932 ] ], [ [ -96.081443, 36.024611 ], [ -96.081446, 36.02463 ], [ -96.081430954359931, 36.024573800245307 ], [ -96.081443, 36.024611 ] ], [ [ -96.081404512964667, 36.024463693673063 ], [ -96.081409, 36.024374 ], [ -96.081457935730199, 36.024291632975114 ], [ -96.081404512964667, 36.024463693673063 ] ], [ [ -96.081536999999869, 36.024138 ], [ -96.081512001337174, 36.024199107844304 ], [ -96.081488040312848, 36.023999280898956 ], [ -96.081536999999869, 36.024138 ] ], [ [ -96.081132, 36.023814 ], [ -96.080337239664104, 36.023610844925493 ], [ -96.08028, 36.023743 ], [ -96.080287, 36.023776 ], [ -96.080340999999862, 36.023831 ], [ -96.080442, 36.023853 ], [ -96.081132, 36.023814 ], [ -96.081426692442136, 36.023950154986998 ], [ -96.081132, 36.023814 ] ], [ [ -96.080488999999844, 36.023529 ], [ -96.080424795607627, 36.023560148669141 ], [ -96.080518983480843, 36.023508386358486 ], [ -96.080488999999844, 36.023529 ] ], [ [ -96.080557, 36.023458 ], [ -96.080557, 36.023458 ], [ -96.080554321059594, 36.023463089987843 ], [ -96.080557, 36.023458 ] ], [ [ -96.080543, 36.023414 ], [ -96.080553950307518, 36.023448415254336 ], [ -96.080509499999962, 36.023386500004818 ], [ -96.080543, 36.023414 ] ], [ [ -96.080313999999859, 36.023304 ], [ -96.080411983929935, 36.023337266153661 ], [ -96.080266797966445, 36.023229492105855 ], [ -96.080313999999859, 36.023304 ] ], [ [ -96.080502999999837, 36.023117 ], [ -96.080306796188765, 36.023192645202592 ], [ -96.080502999999894, 36.023084 ], [ -96.080502999999837, 36.023117 ] ], [ [ -96.080502999999894, 36.023084 ], [ -96.080198, 36.023018 ], [ -96.080033428571397, 36.023018 ], [ -96.080502999999894, 36.023084 ] ], [ [ -96.07959, 36.023013 ], [ -96.07959, 36.023013 ], [ -96.079739, 36.023057 ], [ -96.07959, 36.023013 ] ], [ [ -96.07936, 36.022766 ], [ -96.07936, 36.022766 ], [ -96.079387286796262, 36.022822981256077 ], [ -96.07936, 36.022766 ] ], [ [ -96.07936, 36.022662 ], [ -96.07935324043099, 36.022714145247065 ], [ -96.079410611469527, 36.022553279070308 ], [ -96.07936, 36.022662 ] ], [ [ -96.079414146963856, 36.022545076227047 ], [ -96.079451385336668, 36.022474029252656 ], [ -96.079414, 36.022453 ], [ -96.079414146963856, 36.022545076227047 ] ], [ [ -96.079725, 36.022541 ], [ -96.080327, 36.022557 ], [ -96.080332855091669, 36.022557847447636 ], [ -96.080327, 36.022557 ], [ -96.079725, 36.022541 ], [ -96.079589390562333, 36.022520909713968 ], [ -96.079725, 36.022541 ] ], [ [ -96.081232999999855, 36.022606 ], [ -96.081183035585013, 36.022607264921994 ], [ -96.081302572581194, 36.02259097864944 ], [ -96.081232999999855, 36.022606 ] ], [ [ -96.081691999999805, 36.022474 ], [ -96.081521146097614, 36.022530750072832 ], [ -96.081779950861517, 36.022436525287851 ], [ -96.081691999999805, 36.022474 ] ], [ [ -96.08252399999985, 36.021365 ], [ -96.082106717637672, 36.022180381099112 ], [ -96.082583362390068, 36.020538873450768 ], [ -96.08252399999985, 36.021365 ] ], [ [ -96.082586072221261, 36.02051123494077 ], [ -96.082712, 36.019695 ], [ -96.082753492198435, 36.019471979482695 ], [ -96.082586072221261, 36.02051123494077 ] ], [ [ -96.082765999999893, 36.019311 ], [ -96.082760950130847, 36.019417047264994 ], [ -96.08275461596952, 36.019085070827344 ], [ -96.082765999999893, 36.019311 ] ], [ [ -96.082756812178957, 36.018930465753414 ], [ -96.08278, 36.018608 ], [ -96.082772, 36.018529714314923 ], [ -96.08278, 36.018608 ], [ -96.08276, 36.018828 ], [ -96.082756812178957, 36.018930465753414 ] ], [ [ -96.082746, 36.018361000000162 ], [ -96.082749614474267, 36.018380879620196 ], [ -96.082715723023298, 36.018274654585142 ], [ -96.082746, 36.018361000000162 ] ], [ [ -96.082657999999711, 36.018169 ], [ -96.082689435241065, 36.018204133505499 ], [ -96.082617, 36.018097 ], [ -96.082657999999711, 36.018169 ] ], [ [ -96.08255, 36.017933 ], [ -96.082482, 36.017735 ], [ -96.082461999999893, 36.017625000000152 ], [ -96.082414, 36.017482 ], [ -96.082368814351966, 36.017267775692993 ], [ -96.08255, 36.017933 ] ], [ [ -96.082224269444851, 36.016455778061093 ], [ -96.082225, 36.015884 ], [ -96.082240359146581, 36.015859539139804 ], [ -96.082224269444851, 36.016455778061093 ] ], [ [ -96.082698, 36.015582 ], [ -96.082786, 36.01553800000012 ], [ -96.08269799999988, 36.015582 ], [ -96.082698, 36.015582 ] ], [ [ -96.083759, 36.015302 ], [ -96.083706276007604, 36.015313170340121 ], [ -96.083788911088917, 36.015297861359841 ], [ -96.083759, 36.015302 ] ], [ [ -96.085145, 36.014972 ], [ -96.08590835890827, 36.014307347325357 ], [ -96.085000068748897, 36.015044465626602 ], [ -96.085145, 36.014972 ] ], [ [ -96.08621199999979, 36.014054999999871 ], [ -96.08601398524867, 36.014216697661219 ], [ -96.08628, 36.013989 ], [ -96.08621199999979, 36.014054999999871 ] ], [ [ -96.086354, 36.013907 ], [ -96.086491170647363, 36.013742095454312 ], [ -96.08628, 36.013989 ], [ -96.086354, 36.013907 ] ], [ [ -96.08656725262928, 36.013635812672049 ], [ -96.08705, 36.012858 ], [ -96.086786999999859, 36.013264 ], [ -96.08656725262928, 36.013635812672049 ] ], [ [ -96.087242722263952, 36.012567713901085 ], [ -96.087563, 36.01154 ], [ -96.087557, 36.011424 ], [ -96.087543, 36.011353 ], [ -96.087489, 36.011259 ], [ -96.087394, 36.011139 ], [ -96.087242722263952, 36.012567713901085 ] ], [ [ -96.084999014812112, 36.010901343481919 ], [ -96.087077, 36.010946 ], [ -96.086962, 36.010903 ], [ -96.086650999999833, 36.010842 ], [ -96.086164, 36.010831 ], [ -96.085644, 36.010837 ], [ -96.084999014812112, 36.010901343481919 ] ], [ [ -96.084216999999867, 36.010969 ], [ -96.084435683112062, 36.010975698573411 ], [ -96.084062, 36.010925 ], [ -96.084216999999867, 36.010969 ] ], [ [ -96.083886, 36.010821000000135 ], [ -96.083947819707149, 36.010841000493805 ], [ -96.083859631020829, 36.010809793184329 ], [ -96.083886, 36.010821000000135 ] ], [ [ -96.083683, 36.010783000000103 ], [ -96.083818182599941, 36.010800416163612 ], [ -96.083587330976854, 36.010797760364746 ], [ -96.083683, 36.010783000000103 ] ], [ [ -96.082981, 36.011068 ], [ -96.083311399999985, 36.010871600007924 ], [ -96.082897151937516, 36.011162055750574 ], [ -96.082981, 36.011068 ] ], [ [ -96.082737, 36.011354 ], [ -96.082739752234673, 36.011348495531543 ], [ -96.082694857054619, 36.01141043493574 ], [ -96.082737, 36.011354 ] ], [ [ -96.081792, 36.013128 ], [ -96.081870134878585, 36.013066314609816 ], [ -96.081747085962334, 36.013157697276959 ], [ -96.081792, 36.013128 ] ], [ [ -96.081342872004072, 36.013442955895506 ], [ -96.081231, 36.013512 ], [ -96.08116884208809, 36.013562720905398 ], [ -96.081231, 36.013512 ], [ -96.081312, 36.013468 ], [ -96.081342872004072, 36.013442955895506 ] ], [ [ -96.080304269146311, 36.014003916325755 ], [ -96.07973, 36.014089 ], [ -96.080291, 36.014007 ], [ -96.080304269146311, 36.014003916325755 ] ], [ [ -96.078821380527799, 36.014097171149672 ], [ -96.078108, 36.014155 ], [ -96.078060618932554, 36.014146455873295 ], [ -96.078821380527799, 36.014097171149672 ] ], [ [ -96.077829883880881, 36.014160655484318 ], [ -96.077418, 36.01421 ], [ -96.07730062819347, 36.014217093900569 ], [ -96.077418, 36.01421 ], [ -96.077829883880881, 36.014160655484318 ] ], [ [ -96.076059999999856, 36.014189000000123 ], [ -96.076930234368106, 36.01421267984805 ], [ -96.075834166067935, 36.014173643292764 ], [ -96.076059999999856, 36.014189000000123 ] ], [ [ -96.075525999999812, 36.014128000000142 ], [ -96.075740128525482, 36.014161174844276 ], [ -96.07532481698027, 36.014078884913808 ], [ -96.075525999999812, 36.014128000000142 ] ], [ [ -96.075071002742234, 36.014015139728187 ], [ -96.074275, 36.013524000000103 ], [ -96.074308999999886, 36.013579 ], [ -96.074369999999831, 36.013645000000125 ], [ -96.074525, 36.013772 ], [ -96.074566, 36.013799 ], [ -96.074991999999881, 36.013991 ], [ -96.075071002742234, 36.014015139728187 ] ], [ [ -96.073991, 36.012635 ], [ -96.074071874451377, 36.012819433203241 ], [ -96.073920805263455, 36.012455690762536 ], [ -96.073991, 36.012635 ] ], [ [ -96.073816, 36.0122450000001 ], [ -96.073822805627188, 36.012257139776757 ], [ -96.073785295063914, 36.012208575536619 ], [ -96.073816, 36.0122450000001 ] ], [ [ -96.073142189390992, 36.011674413856426 ], [ -96.071409, 36.010461000000127 ], [ -96.071102474795737, 36.009988252671469 ], [ -96.073142189390992, 36.011674413856426 ] ], [ [ -96.071159127278904, 36.007236815716809 ], [ -96.071355, 36.00833 ], [ -96.071382, 36.008083 ], [ -96.071348, 36.00783 ], [ -96.071314, 36.007687 ], [ -96.071159127278904, 36.007236815716809 ] ], [ [ -96.071098, 36.007012 ], [ -96.071147485291476, 36.007198028060209 ], [ -96.071044434209227, 36.006892303649828 ], [ -96.071098, 36.007012 ] ], [ [ -96.070429, 36.006188 ], [ -96.07042899999982, 36.006188 ], [ -96.070999, 36.006805333341617 ], [ -96.070429, 36.006188 ] ], [ [ -96.069387999999876, 36.005348 ], [ -96.069651846539927, 36.005578621427908 ], [ -96.06923328080714, 36.005157519231055 ], [ -96.069387999999876, 36.005348 ] ], [ [ -96.069042999999766, 36.004865 ], [ -96.069151869702225, 36.005038385174394 ], [ -96.06897723680855, 36.004785697329282 ], [ -96.069042999999766, 36.004865 ] ], [ [ -96.068922944092378, 36.004733429276918 ], [ -96.068293, 36.003632500040034 ], [ -96.068293, 36.003712 ], [ -96.068299999999851, 36.003877 ], [ -96.068326999999897, 36.004003000000168 ], [ -96.068359999999871, 36.004101999999882 ], [ -96.068435, 36.004234 ], [ -96.068488999999872, 36.00431 ], [ -96.068577, 36.004404 ], [ -96.068922944092378, 36.004733429276918 ] ], [ [ -96.068428, 36.003399 ], [ -96.068427999999813, 36.003399 ], [ -96.068399258308034, 36.003420822404038 ], [ -96.068428, 36.003399 ] ], [ [ -96.06859, 36.003338 ], [ -96.06858999999983, 36.003338 ], [ -96.068460737083868, 36.003386673077109 ], [ -96.06859, 36.003338 ] ], [ [ -96.069164999999828, 36.003278 ], [ -96.06910057526305, 36.003282705178378 ], [ -96.069275809467527, 36.00326764966551 ], [ -96.069164999999828, 36.003278 ] ], [ [ -96.069651, 36.003179 ], [ -96.06960148636918, 36.003199692264516 ], [ -96.069695537960186, 36.003154111141946 ], [ -96.069651, 36.003179 ] ], [ [ -96.069812999999883, 36.003053 ], [ -96.069797700583294, 36.00307279924813 ], [ -96.069844068477153, 36.002932381214919 ], [ -96.069812999999883, 36.003053 ] ], [ [ -96.06984738155306, 36.002916979020398 ], [ -96.069279, 36.002158 ], [ -96.069151, 36.002103 ], [ -96.06890772440714, 36.00203116998631 ], [ -96.06984738155306, 36.002916979020398 ] ], [ [ -96.068772740103384, 36.001965192227381 ], [ -96.067846, 36.000939 ], [ -96.067683903502129, 36.000455839923951 ], [ -96.068772740103384, 36.001965192227381 ] ], [ [ -96.067667198601697, 36.000377105506097 ], [ -96.067663999999866, 36.000093 ], [ -96.06772724188977, 35.999932943410947 ], [ -96.067667198601697, 36.000377105506097 ] ], [ [ -96.067852999999843, 35.999751 ], [ -96.067809889008871, 35.999798771649125 ], [ -96.067985738947669, 35.999638682450737 ], [ -96.067852999999843, 35.999751 ] ], [ [ -96.068394, 35.999345 ], [ -96.068781455796525, 35.999174660687949 ], [ -96.068394, 35.999345 ], [ -96.068394, 35.999345 ] ], [ [ -96.06883299999987, 35.999152 ], [ -96.068832999999856, 35.999152 ], [ -96.068781455796525, 35.999174660687949 ], [ -96.06883299999987, 35.999152 ] ], [ [ -96.06911, 35.999043 ], [ -96.069275721653653, 35.999008829873695 ], [ -96.068834251034858, 35.999151507715872 ], [ -96.06911, 35.999043 ] ], [ [ -96.069974999999886, 35.999043 ], [ -96.069974999999801, 35.999043 ], [ -96.069944901519449, 35.99903951491298 ], [ -96.069974999999886, 35.999043 ] ], [ [ -96.070671, 35.999470999999858 ], [ -96.070580158055122, 35.999399030219116 ], [ -96.070696271789785, 35.999495247264989 ], [ -96.070671, 35.999470999999858 ] ], [ [ -96.072099272727272, 35.999958636372099 ], [ -96.072489, 36.000014 ], [ -96.072572601783136, 36.000016968110735 ], [ -96.072099272727272, 35.999958636372099 ] ], [ [ -96.073245231588402, 35.999689500698096 ], [ -96.073192, 35.999861 ], [ -96.073232, 35.999767 ], [ -96.073245231588402, 35.999689500698096 ] ], [ [ -96.07324599999987, 35.999685 ], [ -96.073216698947519, 35.99955368126983 ], [ -96.07324599999987, 35.999685 ], [ -96.07324599999987, 35.999685 ] ], [ [ -96.073076945800949, 35.999324304943514 ], [ -96.072522999999876, 35.998537 ], [ -96.072542999999854, 35.998647 ], [ -96.072569999999828, 35.998696 ], [ -96.072630999999816, 35.998757 ], [ -96.07267799999984, 35.998834 ], [ -96.073063, 35.999317 ], [ -96.073076945800949, 35.999324304943514 ] ], [ [ -96.072624, 35.998257 ], [ -96.072589747987507, 35.998324235470932 ], [ -96.072717602500404, 35.998145197116941 ], [ -96.072624, 35.998257 ] ], [ [ -96.073712, 35.997346 ], [ -96.07371199999983, 35.997346 ], [ -96.073696824382935, 35.997351901629429 ], [ -96.073712, 35.997346 ] ], [ [ -96.074388, 35.996939 ], [ -96.074387999999843, 35.996939 ], [ -96.074320251355061, 35.996980549815667 ], [ -96.074388, 35.996939 ] ], [ [ -96.074665, 35.99684 ], [ -96.074664999999825, 35.99684 ], [ -96.074516059860002, 35.996882312541857 ], [ -96.074665, 35.99684 ] ], [ [ -96.075111, 35.996906 ], [ -96.07503, 35.996857 ], [ -96.0752210317617, 35.99699158028109 ], [ -96.075111, 35.996906 ] ], [ [ -96.075976, 35.997641999999892 ], [ -96.075976, 35.997642 ], [ -96.075948620080069, 35.997619690441717 ], [ -96.075976, 35.997641999999892 ] ], [ [ -96.076125, 35.997724 ], [ -96.075984316322788, 35.997646576770407 ], [ -96.076155825822326, 35.997736558670887 ], [ -96.076125, 35.997724 ] ], [ [ -96.078409, 35.998015 ], [ -96.078233596406449, 35.998025208674839 ], [ -96.078451540828027, 35.99800824261375 ], [ -96.078409, 35.998015 ] ], [ [ -96.079739999999873, 35.997849999999872 ], [ -96.079528672904701, 35.997867506387756 ], [ -96.079940902886307, 35.997818583089042 ], [ -96.079739999999873, 35.997849999999872 ] ], [ [ -96.080483, 35.997658 ], [ -96.080862, 35.997411 ], [ -96.081023421856003, 35.997329587255656 ], [ -96.080862, 35.997411 ], [ -96.080483, 35.997658 ], [ -96.080308145270934, 35.99772126982208 ], [ -96.080483, 35.997658 ] ], [ [ -96.081611999999879, 35.996933 ], [ -96.081122899426845, 35.997276412070377 ], [ -96.081834999999899, 35.996708 ], [ -96.081611999999879, 35.996933 ] ], [ [ -96.081943, 35.99662 ], [ -96.081951147934248, 35.99661559210201 ], [ -96.081834999999899, 35.996708 ], [ -96.081943, 35.99662 ] ], [ [ -96.082016854973801, 35.996570364154344 ], [ -96.082753999999895, 35.995148 ], [ -96.082733, 35.995 ], [ -96.082605, 35.994676 ], [ -96.082571, 35.994515999999884 ], [ -96.082536151406728, 35.99442257613088 ], [ -96.082016854973801, 35.996570364154344 ] ], [ [ -96.082435999999859, 35.994264 ], [ -96.082503168219347, 35.994360172695899 ], [ -96.082241566329614, 35.994055948495578 ], [ -96.082435999999859, 35.994264 ] ], [ [ -96.081678999999866, 35.993297 ], [ -96.081967627757436, 35.993808415528214 ], [ -96.081654453647189, 35.993102447450248 ], [ -96.081678999999866, 35.993297 ] ], [ [ -96.081665, 35.992962 ], [ -96.081638, 35.992435 ], [ -96.081646860071288, 35.992280113138406 ], [ -96.081638, 35.992435 ], [ -96.081664999999859, 35.992962 ], [ -96.081654615599618, 35.993058654817901 ], [ -96.081665, 35.992962 ] ], [ [ -96.081692, 35.991678 ], [ -96.081675557231151, 35.991851562682228 ], [ -96.081715385990577, 35.991544613256124 ], [ -96.081692, 35.991678 ] ], [ [ -96.081729586374976, 35.991497468744235 ], [ -96.081854, 35.991222 ], [ -96.081968792280534, 35.991076596468282 ], [ -96.081729586374976, 35.991497468744235 ] ], [ [ -96.082923601273549, 35.990359816435948 ], [ -96.082665, 35.990639 ], [ -96.082238999999888, 35.990837 ], [ -96.08202443697536, 35.991020665984408 ], [ -96.082665, 35.990639 ], [ -96.082820999999853, 35.990508 ], [ -96.082868, 35.990453 ], [ -96.082923601273549, 35.990359816435948 ] ], [ [ -96.082942, 35.989689 ], [ -96.082942, 35.989689 ], [ -96.082993181818111, 35.990212181831126 ], [ -96.082942, 35.989689 ] ], [ [ -96.08233999999976, 35.988394 ], [ -96.082437174842781, 35.98861320846607 ], [ -96.082330296980686, 35.988363920640374 ], [ -96.08233999999976, 35.988394 ] ], [ [ -96.029636, 36.007235 ], [ -96.029645403583416, 36.00655996275762 ], [ -96.029620351468225, 36.007678957704279 ], [ -96.029636, 36.007235 ] ], [ [ -96.029697, 36.002904 ], [ -96.029697126437767, 36.002901497874397 ], [ -96.029696993069024, 36.002904505266642 ], [ -96.029697, 36.002904 ] ], [ [ -96.029812, 36.000585000000122 ], [ -96.029788908276657, 36.000482461928442 ], [ -96.029812429601463, 36.000586632486041 ], [ -96.029812, 36.000585000000122 ] ], [ [ -96.029663999999883, 35.99996 ], [ -96.029658282782094, 35.999926258339954 ], [ -96.02966598544738, 35.999967784226655 ], [ -96.029663999999883, 35.99996 ] ], [ [ -96.029505357893726, 35.998346731601352 ], [ -96.02951, 35.997732 ], [ -96.029504, 35.998294000000129 ], [ -96.029505357893726, 35.998346731601352 ] ], [ [ -96.029697999999883, 35.995191 ], [ -96.029706983579089, 35.995135239897152 ], [ -96.029696678545889, 35.995198928726424 ], [ -96.029697999999883, 35.995191 ] ], [ [ -96.029724, 35.994504 ], [ -96.029674114388513, 35.994329816344028 ], [ -96.029731206645081, 35.994550228055864 ], [ -96.029724, 35.994504 ] ], [ [ -96.029525, 35.993423000000192 ], [ -96.029528028726418, 35.993061067457504 ], [ -96.029524394412661, 35.993494762167408 ], [ -96.029525, 35.993423000000192 ] ], [ [ -96.029547, 35.990318000000109 ], [ -96.029550935834735, 35.989999501622023 ], [ -96.029545022840594, 35.990455412571421 ], [ -96.029547, 35.990318000000109 ] ], [ [ -96.043503, 36.046439000000177 ], [ -96.043625866567865, 36.046400439567329 ], [ -96.043543479192778, 36.046508093808015 ], [ -96.043503, 36.046439000000177 ] ], [ [ -96.087032, 36.033502 ], [ -96.087077713192585, 36.03343628729656 ], [ -96.086768047211251, 36.03388059906343 ], [ -96.087032, 36.033502 ] ], [ [ -96.08333418002033, 36.039233767792645 ], [ -96.080327999999895, 36.044418 ], [ -96.080315308352198, 36.044439938433413 ], [ -96.08333418002033, 36.039233767792645 ] ], [ [ -96.079406, 36.046002 ], [ -96.079993265189472, 36.0449935886245 ], [ -96.079111627557623, 36.046483064027399 ], [ -96.079406, 36.046002 ] ], [ [ -96.074754022329913, 36.053986508891704 ], [ -96.075946, 36.051938 ], [ -96.076756999999859, 36.050507 ], [ -96.077604, 36.049061 ], [ -96.077824999999834, 36.04867 ], [ -96.078449999999847, 36.047563 ], [ -96.078460999999891, 36.047546 ], [ -96.078791392681239, 36.047006291070787 ], [ -96.078449999999847, 36.047563 ], [ -96.074754022329913, 36.053986508891704 ] ], [ [ -96.074473987431887, 36.054467775454654 ], [ -96.074151999999884, 36.055020000000198 ], [ -96.074174695793531, 36.055294141618546 ], [ -96.074473987431887, 36.054467775454654 ] ], [ [ -96.073988693257093, 36.056468629349922 ], [ -96.073755999999747, 36.060949999999885 ], [ -96.072205663082173, 36.060954559814519 ], [ -96.073988693257093, 36.056468629349922 ] ], [ [ -96.070013999999887, 36.060959 ], [ -96.070066665284386, 36.060960449503249 ], [ -96.069734489227301, 36.060956698146583 ], [ -96.070013999999887, 36.060959 ] ], [ [ -96.068784, 36.060966 ], [ -96.068836871196467, 36.06095542576103 ], [ -96.068635999999842, 36.061015600003891 ], [ -96.068784, 36.060966 ] ], [ [ -96.066503999999895, 36.061729000000156 ], [ -96.06691565893199, 36.061591302454467 ], [ -96.065984669762813, 36.061903944031421 ], [ -96.066503999999895, 36.061729000000156 ] ], [ [ -96.063147265579687, 36.060970215675439 ], [ -96.063203720344546, 36.060970911854007 ], [ -96.063056543031664, 36.060999421279242 ], [ -96.063147265579687, 36.060970215675439 ] ], [ [ -96.063035465276315, 36.061003551157278 ], [ -96.063051332110604, 36.061001098790172 ], [ -96.063051332110646, 36.061001098790157 ], [ -96.063035465276315, 36.061003551157278 ] ], [ [ -96.061891281684751, 36.061034753068441 ], [ -96.061903704203772, 36.061034972613747 ], [ -96.0619037042038, 36.061034972613747 ], [ -96.061891281684751, 36.061034753068441 ] ], [ [ -96.058228642253624, 36.06071115160595 ], [ -96.05821441545622, 36.06074178349683 ], [ -96.058291048177054, 36.060614283240966 ], [ -96.058228642253624, 36.06071115160595 ] ], [ [ -96.058721999999847, 36.05991 ], [ -96.058686862840631, 36.059970514080483 ], [ -96.058848, 36.059636000000161 ], [ -96.058721999999847, 36.05991 ] ], [ [ -96.059296, 36.055741 ], [ -96.05926767555853, 36.055848581115633 ], [ -96.059297687763362, 36.055693461367142 ], [ -96.059296, 36.055741 ] ], [ [ -96.059227999999891, 36.055399 ], [ -96.059252789461937, 36.055456953784848 ], [ -96.059201143463767, 36.055370278435497 ], [ -96.059227999999891, 36.055399 ] ], [ [ -96.05892299999978, 36.055076 ], [ -96.058960000676819, 36.05511506514376 ], [ -96.058615839923675, 36.054774325401098 ], [ -96.05892299999978, 36.055076 ] ], [ [ -96.057175805236369, 36.053166870534213 ], [ -96.056559, 36.051939000000154 ], [ -96.056554257924077, 36.051919805891878 ], [ -96.057175805236369, 36.053166870534213 ] ], [ [ -96.056454, 36.050316 ], [ -96.056454, 36.050316 ], [ -96.056456642924431, 36.050382073335911 ], [ -96.056454, 36.050316 ] ], [ [ -96.056014999999761, 36.050011 ], [ -96.055890902399341, 36.050020461343969 ], [ -96.056014999999775, 36.050011 ], [ -96.056014999999761, 36.050011 ] ], [ [ -96.051306767029075, 36.050041276801295 ], [ -96.04992, 36.050044 ], [ -96.04947952661702, 36.050040323260632 ], [ -96.051306767029075, 36.050041276801295 ] ], [ [ -96.047288, 36.04881 ], [ -96.047296734780815, 36.048810822097089 ], [ -96.047165076982694, 36.048809024420557 ], [ -96.047288, 36.04881 ] ], [ [ -96.045583999999849, 36.048793 ], [ -96.046162171574423, 36.048799263525638 ], [ -96.045216823471293, 36.048800991750987 ], [ -96.045583999999849, 36.048793 ] ], [ [ -96.043888863766, 36.047465841248687 ], [ -96.043721, 36.046919 ], [ -96.043611282073286, 36.046657734386066 ], [ -96.043888863766, 36.047465841248687 ] ], [ [ -96.044091999999779, 36.046249 ], [ -96.044091999999665, 36.046249000000117 ], [ -96.044107020899361, 36.046294062699324 ], [ -96.044091999999779, 36.046249 ] ], [ [ -96.045405999999872, 36.046446 ], [ -96.045405999999886, 36.046446 ], [ -96.045536183655187, 36.046416393111578 ], [ -96.045405999999872, 36.046446 ] ], [ [ -96.045555, 36.046413 ], [ -96.045554999999865, 36.046413 ], [ -96.045605041785933, 36.046422884797693 ], [ -96.045555, 36.046413 ] ], [ [ -96.046104999999827, 36.046436000000142 ], [ -96.047323, 36.046428 ], [ -96.047453999999846, 36.046430000000129 ], [ -96.047323, 36.046428 ], [ -96.046104999999869, 36.046436 ], [ -96.045712254526521, 36.046430138127384 ], [ -96.046104999999827, 36.046436000000142 ] ], [ [ -96.047414, 36.043365 ], [ -96.047414, 36.043364999999888 ], [ -96.047422381519439, 36.043269046196393 ], [ -96.047414, 36.043365 ] ], [ [ -96.047453, 36.042839 ], [ -96.047453, 36.042839 ], [ -96.047450601981154, 36.04244752570704 ], [ -96.047453, 36.042839 ] ], [ [ -96.047447999999875, 36.040063 ], [ -96.047448, 36.040063 ], [ -96.047450030461789, 36.039941933983961 ], [ -96.047447999999875, 36.040063 ] ], [ [ -96.046195, 36.031918 ], [ -96.046195, 36.031918 ], [ -96.046045470871547, 36.031920041353303 ], [ -96.046195, 36.031918 ] ], [ [ -96.045669999999845, 36.031925000000108 ], [ -96.045669999999816, 36.031925000000108 ], [ -96.04565533362377, 36.031925209187726 ], [ -96.045669999999845, 36.031925000000108 ] ], [ [ -96.04471799999979, 36.03193200000014 ], [ -96.044717999999605, 36.031932000000118 ], [ -96.04426576948093, 36.031929802928786 ], [ -96.04471799999979, 36.03193200000014 ] ], [ [ -96.040773, 36.03192 ], [ -96.040772999999803, 36.03192 ], [ -96.039734999999851, 36.031929 ], [ -96.039704595588802, 36.031929295188533 ], [ -96.040773, 36.03192 ] ], [ [ -96.038787, 36.031936000000137 ], [ -96.038787, 36.031936000000137 ], [ -96.038786392092049, 36.031935996270633 ], [ -96.038787, 36.031936000000137 ] ], [ [ -96.036311999999796, 36.031926 ], [ -96.036311999999725, 36.031926 ], [ -96.036036858113903, 36.031926364909651 ], [ -96.036311999999796, 36.031926 ] ], [ [ -96.032924, 36.031946 ], [ -96.03322, 36.031942 ], [ -96.032924, 36.031946 ], [ -96.032239610165504, 36.031954035430054 ], [ -96.032924, 36.031946 ] ], [ [ -95.935113999999871, 36.694519 ], [ -95.935113999999857, 36.694519 ], [ -95.935111926377886, 36.694682816467946 ], [ -95.935113999999871, 36.694519 ] ], [ [ -95.935178999999891, 36.691364000000114 ], [ -95.935178893326494, 36.691366346815428 ], [ -95.935178999999891, 36.691364000000128 ], [ -95.935178999999891, 36.691364000000114 ] ], [ [ -95.93511599999988, 36.688254000000249 ], [ -95.935115999999852, 36.688254000000178 ], [ -95.935116310366922, 36.688263311012882 ], [ -95.93511599999988, 36.688254000000249 ] ], [ [ -95.935140999999817, 36.670782000000173 ], [ -95.935140999999774, 36.670782000000131 ], [ -95.935140999999817, 36.671099200980763 ], [ -95.935140999999817, 36.670782000000173 ] ], [ [ -95.935140999999817, 36.665254 ], [ -95.93514859522233, 36.662339116436357 ], [ -95.935155929861494, 36.666571963145394 ], [ -95.935140999999817, 36.665254 ] ], [ [ -95.93516899999986, 36.650147 ], [ -95.93516899999986, 36.650147 ], [ -95.935169183113359, 36.650127473738188 ], [ -95.93516899999986, 36.650147 ] ], [ [ -95.937852, 36.278315000000227 ], [ -95.937852, 36.278315000000141 ], [ -95.937851970991417, 36.27831722399516 ], [ -95.937852, 36.278315000000227 ] ], [ [ -95.924146, 36.26227500000018 ], [ -95.924146, 36.262275 ], [ -95.924049, 36.264009 ], [ -95.924146, 36.26227500000018 ] ], [ [ -95.925115, 36.258642000000158 ], [ -95.925115, 36.258642 ], [ -95.925058350231353, 36.258783797083304 ], [ -95.925115, 36.258642000000158 ] ], [ [ -95.932357999999851, 36.24954800000021 ], [ -95.931244098805308, 36.250485941174809 ], [ -95.932358, 36.24954800000021 ], [ -95.932357999999851, 36.24954800000021 ] ], [ [ -95.927759, 36.234791000000129 ], [ -95.927759, 36.234791 ], [ -95.927098, 36.23465100000022 ], [ -95.927759, 36.234791000000129 ] ], [ [ -95.945037999999826, 36.225081000000159 ], [ -95.944640999999876, 36.220673 ], [ -95.944332364630583, 36.218836531638246 ], [ -95.945037999999826, 36.225081000000159 ] ], [ [ -95.944974, 36.212825000000151 ], [ -95.944974, 36.212825000000102 ], [ -95.944804249999819, 36.213367500268802 ], [ -95.944974, 36.212825000000151 ] ], [ [ -95.946304999999882, 36.207536 ], [ -95.946501270454647, 36.206646292547468 ], [ -95.946395, 36.207082000000156 ], [ -95.946304999999853, 36.207536000000125 ], [ -95.94619992557152, 36.207948341219421 ], [ -95.946304999999882, 36.207536 ] ], [ [ -95.946624999999727, 36.206139000000135 ], [ -95.946624999999727, 36.206139000000164 ], [ -95.946774669906063, 36.2061415154608 ], [ -95.946624999999727, 36.206139000000135 ] ], [ [ -95.948304999999877, 36.206157000000239 ], [ -95.948304999999877, 36.206157000000196 ], [ -95.948251428571268, 36.20615592857164 ], [ -95.948304999999877, 36.206157000000239 ] ], [ [ -95.952700953580049, 36.206144642860544 ], [ -95.952679, 36.206145 ], [ -95.952679, 36.206145 ], [ -95.952700953580049, 36.206144642860544 ] ], [ [ -95.955739228961974, 36.206133455614548 ], [ -95.955739228961832, 36.206133455614506 ], [ -95.954178368725493, 36.206129230064157 ], [ -95.955739228961974, 36.206133455614548 ] ], [ [ -95.955916, 36.191641 ], [ -95.955915999999874, 36.191641000000153 ], [ -95.956312640874202, 36.191634714090945 ], [ -95.955916, 36.191641 ] ], [ [ -95.955066, 36.191598 ], [ -95.954325027061273, 36.191600091378 ], [ -95.955420852805617, 36.191579134408101 ], [ -95.955066, 36.191598 ] ], [ [ -95.953388372906488, 36.191607509151119 ], [ -95.951279372419378, 36.191601731379109 ], [ -95.952689, 36.191615000000155 ], [ -95.953388372906488, 36.191607509151119 ] ], [ [ -95.948568, 36.19158 ], [ -95.947033999999888, 36.191575 ], [ -95.944673, 36.191574 ], [ -95.944078, 36.191574 ], [ -95.943323999999862, 36.191582000000125 ], [ -95.940307, 36.191573 ], [ -95.943323999999734, 36.191582000000437 ], [ -95.948568, 36.1915800000003 ], [ -95.950426, 36.191619 ], [ -95.950917434897605, 36.191609876827727 ], [ -95.948568, 36.19158 ] ], [ [ -95.940307117770644, 36.191149740896243 ], [ -95.937943, 36.187521 ], [ -95.935859597976929, 36.187557742927403 ], [ -95.940307117770644, 36.191149740896243 ] ], [ [ -95.934797637766152, 36.187568445605038 ], [ -95.930909, 36.187571 ], [ -95.928712, 36.187553 ], [ -95.925946, 36.187564 ], [ -95.925244, 36.187610000000355 ], [ -95.934797637766152, 36.187568445605038 ] ], [ [ -95.9252, 36.188373 ], [ -95.923129, 36.188602000000103 ], [ -95.923132802482698, 36.188937043656942 ], [ -95.9252, 36.188373 ] ], [ [ -95.89380999999986, 36.235135 ], [ -95.892767157158147, 36.235136004181861 ], [ -95.894665991110671, 36.235136882427589 ], [ -95.89380999999986, 36.235135 ] ] ] } },
{ "type": "Feature", "properties": { "district_id": 2, "voting_age_pop": 566434, "lib_votes": 0, "grn_votes": 0, "con_votes": 0, "ref_votes": 0, "total_pop": 763685, "dem_votes_sum": 210115641, "rep_votes_sum": 159240, "lib_votes_sum": 0, "grn_votes_sum": 0, "con_votes_sum": 0, "ref_votes_sum": 0, "minority_pop_sum": 357913, "dem_pct": 0.99924270555169159, "rep_pct": 0.000757294448308355, "lib_pct": 0.0, "grn_pct": 0.0, "con_pct": 0.0, "ref_pct": 0.0, "minority_pct": 0.46866574569357783, "compactness": 0.21581490606400056 }, "geometry": { "type": "Polygon", "coordinates": [ [ [ -95.876406, 35.431928000000148 ], [ -95.956622, 35.430246 ], [ -95.954533999999867, 35.452326 ], [ -95.967077, 35.447611000000137 ], [ -95.956128999999876, 35.492465 ], [ -95.981451, 35.492779 ], [ -95.981601, 35.536291 ], [ -96.034678, 35.536466 ], [ -96.034697, 35.551959 ], [ -96.111969, 35.553095 ], [ -96.080041, 35.601222 ], [ -96.085679, 35.614023 ], [ -96.074562, 35.613968 ], [ -96.068722, 35.674424 ], [ -96.083475, 35.664581999999889 ], [ -96.106547, 35.698714 ], [ -96.13721, 35.705644 ], [ -96.170673999999892, 35.678165 ], [ -96.192689, 35.692403 ], [ -96.192482, 35.857021 ], [ -96.140761, 35.858098 ], [ -96.139467, 35.893351 ], [ -96.15727, 35.893409 ], [ -96.157244, 35.900424 ], [ -96.133963, 35.911512 ], [ -96.123332, 35.943909000000154 ], [ -96.118837, 35.922971 ], [ -96.029543, 35.915630000000142 ], [ -96.029544, 35.988387 ], [ -95.980874, 35.989693 ], [ -95.993724, 36.031948 ], [ -95.975892, 36.031955 ], [ -95.976613, 36.051403 ], [ -95.957884, 36.060776 ], [ -95.957959, 36.091008 ], [ -95.940105, 36.090615 ], [ -95.931595, 36.060839999999864 ], [ -95.886429, 36.067823 ], [ -95.886516, 36.092989 ], [ -95.904459, 36.096179 ], [ -95.904472999999896, 36.107877 ], [ -95.92233, 36.104358 ], [ -95.912987, 36.123994 ], [ -95.922482, 36.158989 ], [ -95.904539, 36.166456 ], [ -95.904559, 36.177079 ], [ -95.922503, 36.177068 ], [ -95.922451, 36.205576 ], [ -95.893313, 36.210049 ], [ -95.886983, 36.237029 ], [ -95.875275999999886, 36.234246 ], [ -95.866079, 36.249493000000136 ], [ -95.81534, 36.24953 ], [ -95.81527, 36.22445 ], [ -95.76002, 36.23251 ], [ -95.758378999999891, 36.25016900000012 ], [ -95.775641, 36.249997 ], [ -95.7739, 36.32797 ], [ -95.74026, 36.32198 ], [ -95.74439, 36.26492900000013 ], [ -95.712778, 36.273782 ], [ -95.690063, 36.262812000000125 ], [ -95.679596, 36.278418000000123 ], [ -95.65076, 36.278400000000246 ], [ -95.650523, 36.267124 ], [ -95.63079, 36.29294 ], [ -95.614909999999895, 36.29298 ], [ -95.620353, 36.308015999999895 ], [ -95.698909, 36.30752 ], [ -95.699364, 36.33789 ], [ -95.723453, 36.35139 ], [ -95.713487, 36.37856 ], [ -95.739532, 36.378448 ], [ -95.74045, 36.39442 ], [ -95.72248, 36.39444 ], [ -95.72246, 36.40895 ], [ -95.77639, 36.40898 ], [ -95.77644, 36.42352 ], [ -95.81268, 36.42356 ], [ -95.81236, 36.45254 ], [ -95.74036, 36.45243 ], [ -95.74037, 36.43794 ], [ -95.68428, 36.43759 ], [ -95.680342, 36.422309 ], [ -95.660004, 36.430079999999883 ], [ -95.621979, 36.485916 ], [ -95.589116, 36.506871 ], [ -95.595271, 36.517339 ], [ -95.615181, 36.516168 ], [ -95.596803, 36.561466 ], [ -95.574837, 36.573416 ], [ -95.588959, 36.596524 ], [ -95.292739999999881, 36.597680000000139 ], [ -95.28595, 36.606615000000104 ], [ -95.237927, 36.588353 ], [ -95.176208999999773, 36.597865000000162 ], [ -95.186803, 36.582000000000129 ], [ -95.157613, 36.584615 ], [ -95.139431, 36.541963 ], [ -95.134194, 36.520945000000118 ], [ -95.145695, 36.510362 ], [ -95.00573, 36.50989 ], [ -94.997872, 36.492907 ], [ -94.960098, 36.512238 ], [ -94.946183, 36.539729 ], [ -94.88322, 36.567327 ], [ -94.820802, 36.535848 ], [ -94.80168, 36.510513 ], [ -94.763513, 36.514267 ], [ -94.748958, 36.491995 ], [ -94.702703, 36.493715 ], [ -94.627262, 36.464057 ], [ -94.612843, 36.468619 ], [ -94.430661999999856, 35.392478 ], [ -94.438824, 35.202043 ], [ -94.505486, 35.203824 ], [ -94.57534, 35.181602 ], [ -94.575437, 35.198485 ], [ -94.615881, 35.191900000000167 ], [ -94.602111, 35.202782 ], [ -94.610925, 35.231219 ], [ -94.593121, 35.231205000000116 ], [ -94.593142, 35.245672 ], [ -94.619498, 35.298966 ], [ -94.668796, 35.295029 ], [ -94.683459, 35.326252 ], [ -94.750224, 35.356969 ], [ -94.775247, 35.35318 ], [ -94.792712999999878, 35.32835 ], [ -94.813629, 35.323344 ], [ -94.814283999999873, 35.202331 ], [ -94.990929, 35.209798 ], [ -94.979802999999876, 35.241981 ], [ -94.98546199999987, 35.239384 ], [ -94.989155, 35.240462 ], [ -94.993695, 35.237141 ], [ -94.989597, 35.243064 ], [ -94.978399, 35.243059 ], [ -94.986329, 35.243352 ], [ -94.990175999999892, 35.246267 ], [ -94.977667, 35.243992000000119 ], [ -94.969769, 35.259016 ], [ -95.033721, 35.260746999999881 ], [ -95.008751, 35.333219 ], [ -94.982372, 35.333176 ], [ -94.976181, 35.345381 ], [ -95.027738999999883, 35.332257 ], [ -95.061874, 35.298814 ], [ -95.062002, 35.333289 ], [ -95.04421, 35.333231 ], [ -95.044035, 35.362308 ], [ -95.106199, 35.355197 ], [ -95.141317999999885, 35.333368 ], [ -95.141673, 35.357067 ], [ -95.161765999999886, 35.367915 ], [ -95.138138, 35.380196 ], [ -95.120708, 35.372463 ], [ -95.114801, 35.391423 ], [ -95.132164, 35.405739 ], [ -95.176308, 35.405821 ], [ -95.17627, 35.427673000000169 ], [ -95.243078, 35.431532 ], [ -95.229894, 35.482579 ], [ -95.344836999999899, 35.467919 ], [ -95.344835, 35.386196 ], [ -95.404712999999873, 35.388053 ], [ -95.406597999999889, 35.369904000000155 ], [ -95.418996999999834, 35.383433 ], [ -95.429708, 35.371762 ], [ -95.443425999999874, 35.391332000000119 ], [ -95.442582, 35.377536000000127 ], [ -95.469195, 35.37722 ], [ -95.466808, 35.362829999999896 ], [ -95.486802999999881, 35.348135 ], [ -95.507193, 35.362499 ], [ -95.574246, 35.362265 ], [ -95.559815, 35.405901 ], [ -95.56958, 35.415482 ], [ -95.576261999999829, 35.407974 ], [ -95.57738299999987, 35.424614000000169 ], [ -95.592065, 35.430264 ], [ -95.582924, 35.439215 ], [ -95.611309, 35.439041 ], [ -95.59101, 35.448512 ], [ -95.608851, 35.458735 ], [ -95.604977, 35.468017000000103 ], [ -95.651089, 35.471714 ], [ -95.650889, 35.494371 ], [ -95.659, 35.483568 ], [ -95.786804, 35.481974 ], [ -95.767365, 35.445739000000131 ], [ -95.768902, 35.407095000000169 ], [ -95.753691, 35.407039 ], [ -95.811267, 35.398799000000139 ], [ -95.805334, 35.41959 ], [ -95.820808, 35.421778000000103 ], [ -95.834986, 35.401031 ], [ -95.812011, 35.380033 ], [ -95.827752, 35.369539 ], [ -95.860242, 35.372768 ], [ -95.875655, 35.390456 ], [ -95.876406, 35.431928000000148 ] ], [ [ -95.987676634999957, 35.610032996 ], [ -95.987676635073441, 35.610032995549567 ], [ -95.98727100645516, 35.610029705397963 ], [ -95.987676634999957, 35.610032996 ] ], [ [ -95.986813635074256, 35.610025995886019 ], [ -95.986813634999976, 35.610025996000054 ], [ -95.98681370215202, 35.610025996367987 ], [ -95.986813635074256, 35.610025995886019 ] ], [ [ -95.984430000010704, 35.61001099807762 ], [ -95.98443, 35.610010999000025 ], [ -95.98494963499995, 35.610013996000035 ], [ -95.984430000010704, 35.61001099807762 ] ], [ [ -95.985765867701303, 35.610019122884147 ], [ -95.985535634999962, 35.610017996000039 ], [ -95.985536, 35.610017998000032 ], [ -95.985765867701303, 35.610019122884147 ] ], [ [ -95.983364223001701, 35.610009039642875 ], [ -95.984362635999958, 35.61001099700006 ], [ -95.984362966844614, 35.61001099700006 ], [ -95.983364223001701, 35.610009039642875 ] ], [ [ -95.980405634999954, 35.610013 ], [ -95.980405635152451, 35.610012999304601 ], [ -95.980211679963674, 35.610015429820436 ], [ -95.980405634999954, 35.610013 ] ], [ [ -95.979598000005169, 35.610017999636817 ], [ -95.979598, 35.610018 ], [ -95.979697588559674, 35.610019429137736 ], [ -95.979598000005169, 35.610017999636817 ] ], [ [ -95.977576, 35.610007999000032 ], [ -95.977575999999885, 35.610007997014606 ], [ -95.977339999999785, 35.610007000000252 ], [ -95.977576, 35.610007999000032 ] ], [ [ -95.961784999999551, 35.621335000000315 ], [ -95.962750130460265, 35.623207966720187 ], [ -95.962761, 35.623367 ], [ -95.961784999999551, 35.621335000000315 ] ], [ [ -95.961319233999959, 35.609050795 ], [ -95.961319234135999, 35.609050794710157 ], [ -95.961080999999695, 35.609080000000283 ], [ -95.961319233999959, 35.609050795 ] ], [ [ -95.95836066899993, 35.609405159000048 ], [ -95.958360668302689, 35.609405158983222 ], [ -95.957852999999645, 35.609464000000266 ], [ -95.95836066899993, 35.609405159000048 ] ], [ [ -95.949765489075332, 35.610336600781721 ], [ -95.94852499999979, 35.610351000000321 ], [ -95.950521999999793, 35.610295000000264 ], [ -95.949765489075332, 35.610336600781721 ] ], [ [ -95.967447051201788, 35.638378991128526 ], [ -95.967548364999956, 35.638361437000029 ], [ -95.967548364853187, 35.638361436823452 ], [ -95.967447051201788, 35.638378991128526 ] ], [ [ -95.395425999999517, 35.882792000000364 ], [ -95.395019, 35.882464000000212 ], [ -95.394053999999727, 35.881688 ], [ -95.395425999999517, 35.882792000000364 ] ] ] } },
{ "type": "Feature", "properties": { "district_id": 3, "voting_age_pop": 563830, "lib_votes": 0, "grn_votes": 0, "con_votes": 0, "ref_votes": 0, "total_pop": 739005, "dem_votes_sum": 189003409, "rep_votes_sum": 147930, "lib_votes_sum": 0, "grn_votes_sum": 0, "con_votes_sum": 0, "ref_votes_sum": 0, "minority_pop_sum": 253780, "dem_pct": 0.99921792782022023, "rep_pct": 0.00078207217977981113, "lib_pct": 0.0, "grn_pct": 0.0, "con_pct": 0.0, "ref_pct": 0.0, "minority_pct": 0.34340769006975597, "compactness": 0.10792274094688802 }, "geometry": { "type": "Polygon", "coordinates": [ [ [ -97.309172, 33.888698 ], [ -97.332063, 33.855056 ], [ -97.323367, 33.880934 ], [ -97.33361, 33.883566 ], [ -97.373257, 33.819072 ], [ -97.444193, 33.823773 ], [ -97.463242, 33.842004 ], [ -97.450807, 33.886608 ], [ -97.46142, 33.90523 ], [ -97.500271, 33.919635 ], [ -97.551541, 33.897947 ], [ -97.581078, 33.899679 ], [ -97.59695, 33.916311 ], [ -97.589597, 33.953554 ], [ -97.671277, 33.991553000000103 ], [ -97.69311, 33.983699000000144 ], [ -97.732261, 33.936519 ], [ -97.762768, 33.934396 ], [ -97.76377, 33.914241 ], [ -97.783522, 33.918302000000125 ], [ -97.780839, 33.894447 ], [ -97.79891, 33.898537 ], [ -97.805423, 33.877167 ], [ -97.817643, 33.880992 ], [ -97.83432, 33.857634 ], [ -97.875311, 33.849721 ], [ -97.967752, 33.882214 ], [ -97.98454, 33.900703 ], [ -97.978804, 33.912548 ], [ -97.957155, 33.914454 ], [ -97.953395, 33.936445 ], [ -97.974173, 33.942832 ], [ -97.946005, 33.990297 ], [ -97.974173, 34.006716 ], [ -98.027672, 33.993357 ], [ -98.082839, 34.002412 ], [ -98.106261, 34.033696 ], [ -98.082463, 34.038672 ], [ -98.121039, 34.080327000000139 ], [ -98.089893, 34.12931 ], [ -98.109462, 34.154111 ], [ -98.139072, 34.14187 ], [ -98.139226, 34.289775 ], [ -97.982166, 34.289104 ], [ -97.982103999999865, 34.376340000000148 ], [ -97.964892999999833, 34.37638 ], [ -97.964956, 34.401248999999886 ], [ -97.894906, 34.405407 ], [ -97.894827, 34.434542 ], [ -97.824964, 34.43458 ], [ -97.824606, 34.412839 ], [ -97.772395, 34.405364 ], [ -97.772297, 34.376475 ], [ -97.789815, 34.363128 ], [ -97.772322, 34.362808 ], [ -97.772286, 34.347421 ], [ -97.842386, 34.340055 ], [ -97.842208, 34.296568 ], [ -97.562575, 34.289182 ], [ -97.562614, 34.201998 ], [ -97.527289999999894, 34.202002 ], [ -97.527328, 34.216499000000148 ], [ -97.509715, 34.216466 ], [ -97.50968599999976, 34.187435 ], [ -97.492262, 34.187409 ], [ -97.492234999999866, 34.201957 ], [ -97.457261523596145, 34.201899367492061 ], [ -97.447247, 34.250619000000107 ], [ -97.439663999999894, 34.230903 ], [ -97.387178, 34.230913000000136 ], [ -97.387122, 34.260018 ], [ -97.35213, 34.274495000000123 ], [ -97.352103, 34.332594 ], [ -97.317447999999871, 34.332658 ], [ -97.317437, 34.306214000000168 ], [ -97.261775999999898, 34.276011 ], [ -97.202586, 34.2821870000001 ], [ -97.159072999999864, 34.267351 ], [ -97.150201999999865, 34.244622000000149 ], [ -97.101078, 34.244408 ], [ -97.108061, 34.318021 ], [ -97.156517, 34.318141 ], [ -97.144847999999882, 34.376133 ], [ -97.352157999999775, 34.376227 ], [ -97.352109999999882, 34.506788 ], [ -97.563183, 34.507026 ], [ -97.562757, 34.67761 ], [ -97.528244999999842, 34.681129 ], [ -97.527834, 34.695549 ], [ -97.501055, 34.681001 ], [ -97.440377999999811, 34.681073999999875 ], [ -97.440403, 34.724634 ], [ -97.353378, 34.724624000000148 ], [ -97.352791, 34.768185 ], [ -97.326709, 34.768202 ], [ -97.352546, 34.855280000000121 ], [ -97.324993999999819, 34.855184 ], [ -97.370985975829399, 34.971576394743323 ], [ -97.311689417519233, 34.920637222487656 ], [ -97.286403999999891, 34.855165 ], [ -97.247819, 34.855228 ], [ -97.2479, 34.92778 ], [ -97.263784999999842, 34.927833000000177 ], [ -97.251317, 34.948448 ], [ -97.229406, 34.931659 ], [ -97.217896, 34.944277 ], [ -97.198413, 34.939844 ], [ -97.196172, 34.92825 ], [ -97.142349, 34.928176 ], [ -97.142009, 35.072792 ], [ -97.317912, 35.072852 ], [ -97.415740751619353, 35.087834751619596 ], [ -97.386860999999797, 35.057212 ], [ -97.388328412771813, 35.056475776311139 ], [ -97.425955999999871, 35.0731660000001 ], [ -97.459133, 35.073311000000125 ], [ -97.47694, 35.10246 ], [ -97.529799, 35.102471 ], [ -97.529903, 35.131502 ], [ -97.564691999999866, 35.131544000000162 ], [ -97.564628, 35.18183 ], [ -97.599721, 35.182220000000122 ], [ -97.599914, 35.218377 ], [ -97.653206999999895, 35.218346 ], [ -97.653202, 35.247395 ], [ -97.617844999999861, 35.247405 ], [ -97.617845, 35.276432 ], [ -97.600137, 35.276473 ], [ -97.598879, 35.303351 ], [ -97.581359, 35.30246 ], [ -97.529736, 35.290723 ], [ -97.529569, 35.247355 ], [ -97.494285, 35.247377 ], [ -97.485617, 35.232947 ], [ -97.476745, 35.319750000000113 ], [ -97.423604, 35.319818 ], [ -97.449946, 35.236213 ], [ -97.388165, 35.232717 ], [ -97.388372, 35.24722 ], [ -97.423494, 35.247329 ], [ -97.423664, 35.276274 ], [ -97.370777, 35.276215 ], [ -97.370519, 35.319722 ], [ -97.318147, 35.319649 ], [ -97.317956999999879, 35.420925 ], [ -97.282607, 35.420814 ], [ -97.282673, 35.464123 ], [ -97.264989, 35.46413 ], [ -97.265056999999857, 35.493205 ], [ -97.282814, 35.493137 ], [ -97.28288099999989, 35.536649 ], [ -97.265092, 35.53668 ], [ -97.265145, 35.551151 ], [ -97.229737, 35.551016 ], [ -97.227005, 35.608834 ], [ -97.141134, 35.608482 ], [ -97.141115, 35.782152 ], [ -97.017963, 35.782489 ], [ -97.018347999999889, 35.840502 ], [ -96.946949, 35.840681 ], [ -96.945041, 35.942153 ], [ -96.621097, 35.941519 ], [ -96.621313, 35.959275 ], [ -96.58394, 35.95817 ], [ -96.583982, 35.970702 ], [ -96.563296, 35.975397 ], [ -96.440835, 35.973914 ], [ -96.44092, 35.944818 ], [ -96.351223, 35.960301 ], [ -96.333313, 35.922921 ], [ -96.333623999999816, 35.878802000000142 ], [ -96.281442, 35.871411 ], [ -96.263679, 35.842399 ], [ -96.245783, 35.842403000000104 ], [ -96.244384, 35.856847 ], [ -96.19193, 35.862509 ], [ -96.192593, 35.692276999999898 ], [ -96.170673999999892, 35.678165 ], [ -96.13721, 35.705644 ], [ -96.106547, 35.698714 ], [ -96.083475, 35.664581999999889 ], [ -96.068721999999823, 35.674424 ], [ -96.074562, 35.613968 ], [ -96.077971, 35.611563 ], [ -96.084636, 35.61461 ], [ -96.085679, 35.614023 ], [ -96.080041, 35.601222 ], [ -96.111969, 35.553095 ], [ -96.034697, 35.551959 ], [ -96.034678, 35.536466 ], [ -95.981601, 35.536291 ], [ -95.981451, 35.492779 ], [ -95.956128999999876, 35.492465 ], [ -95.967077, 35.447611000000137 ], [ -95.954533999999867, 35.452326 ], [ -95.956622, 35.430246 ], [ -95.875661, 35.431909 ], [ -95.875655, 35.390456 ], [ -95.860242, 35.372768 ], [ -95.8134, 35.378115999999871 ], [ -95.835013, 35.401179 ], [ -95.820003, 35.422069 ], [ -95.805334, 35.41959 ], [ -95.811267, 35.398799000000139 ], [ -95.753691, 35.407039 ], [ -95.768902, 35.407095000000169 ], [ -95.767365, 35.445739000000131 ], [ -95.786804, 35.481974 ], [ -95.659, 35.483568 ], [ -95.650889, 35.494371 ], [ -95.651089, 35.471714 ], [ -95.604977, 35.468017000000103 ], [ -95.608851, 35.458735 ], [ -95.59101, 35.448512 ], [ -95.611309, 35.439041 ], [ -95.582924, 35.439215 ], [ -95.592065, 35.430264 ], [ -95.57738299999987, 35.424614000000169 ], [ -95.576261999999829, 35.407974 ], [ -95.56958, 35.415482 ], [ -95.559815, 35.405901 ], [ -95.574246, 35.362265 ], [ -95.507193, 35.362499 ], [ -95.486802999999881, 35.348135 ], [ -95.466808, 35.362829999999896 ], [ -95.469195, 35.37722 ], [ -95.442582, 35.377536000000127 ], [ -95.443425999999874, 35.391332000000119 ], [ -95.429708, 35.371762 ], [ -95.418996999999834, 35.383433 ], [ -95.406597999999889, 35.369904000000155 ], [ -95.404712999999873, 35.388053 ], [ -95.344835, 35.386196 ], [ -95.344836999999899, 35.467919 ], [ -95.229894, 35.482579 ], [ -95.243078, 35.431532 ], [ -95.17627, 35.427673000000169 ], [ -95.176308, 35.405821 ], [ -95.132164, 35.405739 ], [ -95.114801, 35.391423 ], [ -95.120708, 35.372463 ], [ -95.138138, 35.380196 ], [ -95.161765999999886, 35.367915 ], [ -95.141673, 35.357067 ], [ -95.141317999999885, 35.333368 ], [ -95.106199, 35.355197 ], [ -95.044035, 35.362308 ], [ -95.04421, 35.333231 ], [ -95.062002, 35.333289 ], [ -95.061874, 35.298814 ], [ -95.027738999999883, 35.332257 ], [ -94.976181, 35.345381 ], [ -94.982372, 35.333176 ], [ -95.008751, 35.333219 ], [ -95.033721, 35.260746999999881 ], [ -94.969769, 35.259016 ], [ -94.977667, 35.243992000000119 ], [ -94.990175999999892, 35.246267 ], [ -94.978399, 35.243059 ], [ -94.989597, 35.243064 ], [ -94.993695, 35.237141 ], [ -94.979802999999876, 35.241981 ], [ -94.990929, 35.209798 ], [ -94.814283999999873, 35.202331 ], [ -94.813629, 35.323344 ], [ -94.792712999999878, 35.32835 ], [ -94.775247, 35.35318 ], [ -94.750224, 35.356969 ], [ -94.683459, 35.326252 ], [ -94.668796, 35.295029 ], [ -94.619498, 35.298966 ], [ -94.593142, 35.245672 ], [ -94.593121, 35.231205000000116 ], [ -94.610925, 35.231219 ], [ -94.602111, 35.202782 ], [ -94.615881, 35.191900000000167 ], [ -94.575437, 35.198485 ], [ -94.57534, 35.181602 ], [ -94.505486, 35.203824 ], [ -94.438824, 35.202043 ], [ -94.491503, 33.625115 ], [ -94.508375, 33.62129 ], [ -94.517468, 33.633056000000153 ], [ -94.528238999999871, 33.616085 ], [ -94.525053, 33.641286 ], [ -94.568965, 33.627453 ], [ -94.542627, 33.653992 ], [ -94.549636, 33.660675999999896 ], [ -94.590478, 33.645075 ], [ -94.560339, 33.666591 ], [ -94.580784, 33.666392 ], [ -94.58793, 33.686255 ], [ -94.596019, 33.663863 ], [ -94.622042999999891, 33.682535 ], [ -94.639198, 33.663737 ], [ -94.666855, 33.662807999999877 ], [ -94.66754, 33.6728 ], [ -94.645337, 33.673644 ], [ -94.643715, 33.701522 ], [ -94.651402, 33.685843 ], [ -94.666885, 33.694583 ], [ -94.684796, 33.684353 ], [ -94.716188, 33.687902 ], [ -94.70156, 33.702878 ], [ -94.733965, 33.715687 ], [ -94.715943, 33.694913 ], [ -94.735856, 33.691625 ], [ -94.753801, 33.708663 ], [ -94.733413, 33.725191 ], [ -94.751366, 33.71354 ], [ -94.751825, 33.734326 ], [ -94.768695, 33.726989 ], [ -94.788637, 33.735669000000115 ], [ -94.758948, 33.748532 ], [ -94.763035, 33.759764 ], [ -94.802833, 33.732699 ], [ -94.817023, 33.740007 ], [ -94.820706999999899, 33.768964 ], [ -94.830875, 33.759985 ], [ -94.821989, 33.732878 ], [ -94.867544, 33.744904 ], [ -94.877125, 33.753123 ], [ -94.866736, 33.76183 ], [ -94.868144, 33.768874 ], [ -94.876372, 33.75733 ], [ -94.921525999999844, 33.790472 ], [ -94.91801, 33.826783 ], [ -94.923289, 33.808742 ], [ -94.947874, 33.808356 ], [ -94.943888, 33.830226 ], [ -94.964401, 33.837021 ], [ -94.970205, 33.861817 ], [ -94.988487, 33.851 ], [ -95.002187, 33.86371300000016 ], [ -95.046568, 33.862565 ], [ -95.060104999999822, 33.901873 ], [ -95.075876, 33.901846 ], [ -95.066759999999874, 33.917101 ], [ -95.089607, 33.880857 ], [ -95.100378, 33.895595000000178 ], [ -95.080059999999762, 33.920989 ], [ -95.120893, 33.904539 ], [ -95.131644, 33.913926 ], [ -95.1247, 33.934675 ], [ -95.216683, 33.962652 ], [ -95.250001, 33.938861 ], [ -95.257723999999882, 33.890122 ], [ -95.268697, 33.91109 ], [ -95.284628999999882, 33.905483000000125 ], [ -95.278174, 33.878386 ], [ -95.288926, 33.87307 ], [ -95.329935999999847, 33.886334 ], [ -95.362571, 33.866902 ], [ -95.442746, 33.866506 ], [ -95.463336, 33.872396 ], [ -95.46144, 33.887106 ], [ -95.504992, 33.875918 ], [ -95.509526, 33.897586 ], [ -95.544141, 33.880603 ], [ -95.55421, 33.926958 ], [ -95.594085, 33.943057 ], [ -95.632774, 33.904815 ], [ -95.665478, 33.909004 ], [ -95.700635, 33.885845 ], [ -95.752153, 33.894577000000169 ], [ -95.757959, 33.849566 ], [ -95.815571, 33.859853 ], [ -95.830406, 33.834785 ], [ -95.925089, 33.884936 ], [ -95.932209, 33.883882 ], [ -95.941796, 33.861651 ], [ -95.944139999999891, 33.859998 ], [ -95.948676, 33.858041000000107 ], [ -95.951382, 33.857332 ], [ -95.984856, 33.852492 ], [ -95.984927, 33.865805 ], [ -96.002925, 33.87359 ], [ -95.996833, 33.853898 ], [ -96.017055, 33.841454000000105 ], [ -96.026968, 33.857474 ], [ -96.048834, 33.836468 ], [ -96.100095, 33.847971 ], [ -96.09936, 33.830470000000105 ], [ -96.149227, 33.837091 ], [ -96.150765, 33.816987 ], [ -96.179122, 33.810224 ], [ -96.169591999999895, 33.800944000000101 ], [ -96.163766, 33.813051 ], [ -96.155538, 33.81404 ], [ -96.186627, 33.755021 ], [ -96.229023, 33.748021 ], [ -96.293708, 33.769409 ], [ -96.31223, 33.706304 ], [ -96.346859, 33.686216 ], [ -96.423532, 33.776432 ], [ -96.500984, 33.772801 ], [ -96.531966, 33.823989 ], [ -96.572937, 33.819098 ], [ -96.62805899999988, 33.8446 ], [ -96.585452, 33.891281 ], [ -96.628293999999883, 33.894477 ], [ -96.659896, 33.916666000000106 ], [ -96.675306, 33.909114 ], [ -96.700778999999883, 33.837897 ], [ -96.761587, 33.824407 ], [ -96.794276, 33.868886 ], [ -96.832157, 33.874835 ], [ -96.850593, 33.847211 ], [ -96.875281, 33.860505 ], [ -96.917652, 33.958580000000126 ], [ -96.97287, 33.935698 ], [ -96.988489999999885, 33.95441300000013 ], [ -96.983835, 33.890949 ], [ -96.999998, 33.867894 ], [ -97.040429, 33.837668 ], [ -97.063785999999894, 33.859965 ], [ -97.088498, 33.851849 ], [ -97.087204, 33.841368 ], [ -97.051949, 33.832993 ], [ -97.048146, 33.817456 ], [ -97.092936, 33.803807 ], [ -97.086451, 33.743342999999889 ], [ -97.12125, 33.717155 ], [ -97.157372999999879, 33.725535 ], [ -97.192851, 33.760362 ], [ -97.204995, 33.81887 ], [ -97.166824, 33.840395 ], [ -97.185458, 33.900700000000178 ], [ -97.210921, 33.916064 ], [ -97.239467, 33.907976 ], [ -97.254235, 33.865323 ], [ -97.270929, 33.858001 ], [ -97.309172, 33.888698 ] ], [ [ -97.45103599999986, 35.247432 ], [ -97.453576999999882, 35.2474330000002 ], [ -97.453965742383616, 35.247432000662343 ], [ -97.45103599999986, 35.247432 ] ], [ [ -96.448727, 34.157373000000149 ], [ -96.448767439459985, 34.157372804602709 ], [ -96.448722029320137, 34.157373023687867 ], [ -96.448727, 34.157373000000149 ] ], [ [ -96.453813, 34.156716000000152 ], [ -96.453917999999859, 34.156821 ], [ -96.453813, 34.156716 ], [ -96.453819909733596, 34.155489829581683 ], [ -96.453813, 34.156716000000152 ] ], [ [ -96.453821, 34.155087 ], [ -96.45388, 34.143253 ], [ -96.453947, 34.12861 ], [ -96.45397, 34.125095 ], [ -96.453839, 34.114406000000123 ], [ -96.453821, 34.155087 ] ], [ [ -96.487634, 34.114226 ], [ -96.487640968047472, 34.110533930584282 ], [ -96.487634, 34.114226 ], [ -96.487634, 34.114226 ] ], [ [ -96.487692999999865, 34.105221000000114 ], [ -96.48767, 34.101040000000111 ], [ -96.48768603766402, 34.107899510298367 ], [ -96.487692999999865, 34.105221000000114 ] ], [ [ -96.483519999999771, 34.089066 ], [ -96.487672, 34.099628 ], [ -96.487656999999885, 34.097888 ], [ -96.487653, 34.097529 ], [ -96.487619, 34.09663 ], [ -96.487597999999807, 34.096346 ], [ -96.487486999999703, 34.095893 ], [ -96.487345, 34.095422 ], [ -96.487095999999838, 34.094813 ], [ -96.486732999999845, 34.093987000000162 ], [ -96.485445, 34.09134 ], [ -96.484945999999738, 34.090372000000187 ], [ -96.48469, 34.089941000000103 ], [ -96.484567999999854, 34.089778000000116 ], [ -96.484422999999808, 34.089641000000121 ], [ -96.483823, 34.089217 ], [ -96.483519999999828, 34.089066 ], [ -96.483056999999803, 34.088904000000284 ], [ -96.482765, 34.088823 ], [ -96.482244999999736, 34.088759000000188 ], [ -96.479813999999806, 34.088737 ], [ -96.461337999999898, 34.088689 ], [ -96.459541999999871, 34.088635 ], [ -96.450338999999857, 34.084957 ], [ -96.450040999999885, 34.08489 ], [ -96.449704, 34.084825000000109 ], [ -96.449355, 34.084796000000182 ], [ -96.448472, 34.084778000000121 ], [ -96.446461999999883, 34.084787 ], [ -96.442861, 34.084825000000109 ], [ -96.442855999999836, 34.084263 ], [ -96.442860999999866, 34.08482500000018 ], [ -96.450338999999801, 34.084957000000124 ], [ -96.459541999999828, 34.088635000000167 ], [ -96.461337999999841, 34.088689000000123 ], [ -96.482244999999679, 34.088759000000231 ], [ -96.483519999999771, 34.089066 ] ], [ [ -96.44288, 34.081995 ], [ -96.442873999999833, 34.0816370000001 ], [ -96.442861, 34.080895 ], [ -96.442888999999866, 34.078825 ], [ -96.44288599999976, 34.078045 ], [ -96.442860999999866, 34.080895000000105 ], [ -96.44288, 34.081995000000148 ], [ -96.442856460882425, 34.084219447167811 ], [ -96.44288, 34.081995 ] ], [ [ -96.433282, 34.076776000000208 ], [ -96.442723, 34.076914 ], [ -96.442365, 34.076388 ], [ -96.441622, 34.075815 ], [ -96.437137, 34.075609 ], [ -96.433282, 34.076776 ], [ -96.432842, 34.076456 ], [ -96.432732, 34.076227 ], [ -96.432484, 34.076067 ], [ -96.43075, 34.075426 ], [ -96.430668, 34.075013 ], [ -96.43053, 34.074785 ], [ -96.43017299999984, 34.074534 ], [ -96.429621, 34.073503 ], [ -96.429262999999878, 34.073114 ], [ -96.429044, 34.072977 ], [ -96.427448, 34.073595 ], [ -96.42632, 34.074556 ], [ -96.425685, 34.074579 ], [ -96.425327, 34.074167 ], [ -96.424887, 34.0740750000001 ], [ -96.424363, 34.07419 ], [ -96.424226, 34.074029 ], [ -96.424144, 34.072175 ], [ -96.423924, 34.071876999999873 ], [ -96.423099, 34.071396 ], [ -96.422851, 34.071306 ], [ -96.422051, 34.071305 ], [ -96.420314999999889, 34.070341 ], [ -96.420019, 34.070231 ], [ -96.417563999999899, 34.069405 ], [ -96.416078, 34.069062 ], [ -96.413625, 34.068718 ], [ -96.41266, 34.068787 ], [ -96.410594, 34.069565000000111 ], [ -96.4077806265052, 34.067170420488573 ], [ -96.410594, 34.06956500000021 ], [ -96.416078, 34.06906200000018 ], [ -96.422051, 34.071305000000159 ], [ -96.423099, 34.071396000000192 ], [ -96.424226, 34.074029 ], [ -96.424363, 34.07419 ], [ -96.425327, 34.074167000000131 ], [ -96.425685, 34.074579000000107 ], [ -96.42632, 34.074556000000165 ], [ -96.429044, 34.072977 ], [ -96.43075, 34.075426 ], [ -96.433282, 34.076776000000208 ] ], [ [ -96.430789, 34.016371 ], [ -96.430789, 34.016371 ], [ -96.430481309453057, 34.016326989074258 ], [ -96.430789, 34.016371 ] ], [ [ -96.429943465532261, 34.016265635359964 ], [ -96.428397999999774, 34.016645 ], [ -96.427708784768868, 34.017095227752087 ], [ -96.429943465532261, 34.016265635359964 ] ], [ [ -96.423993599999932, 34.016251400000499 ], [ -96.424659, 34.016394 ], [ -96.424164, 34.016256 ], [ -96.423993599999932, 34.016251400000499 ] ], [ [ -96.421909, 34.014195999999899 ], [ -96.421795902505878, 34.014061107932953 ], [ -96.42213860004243, 34.01482175090942 ], [ -96.421909, 34.014195999999899 ] ], [ [ -96.42103, 34.013326 ], [ -96.42103, 34.013326 ], [ -96.421103879408136, 34.013387491674791 ], [ -96.42103, 34.013326 ] ], [ [ -96.418768892740545, 34.012796837807272 ], [ -96.417978999999846, 34.013507 ], [ -96.41793520278668, 34.013661484928264 ], [ -96.418768892740545, 34.012796837807272 ] ], [ [ -96.416027, 34.013735 ], [ -96.416027, 34.013735 ], [ -96.41530195108264, 34.013940870283434 ], [ -96.416027, 34.013735 ] ], [ [ -96.414294999999839, 34.01378 ], [ -96.414020037622876, 34.013974091155951 ], [ -96.414295, 34.01378 ], [ -96.414294999999839, 34.01378 ] ], [ [ -96.413590888427038, 34.01399982052623 ], [ -96.413635, 34.014055 ], [ -96.413635, 34.014055 ], [ -96.413590888427038, 34.01399982052623 ] ], [ [ -96.407675, 34.012418 ], [ -96.407829552116496, 34.012307333093716 ], [ -96.407675853439954, 34.012464939217075 ], [ -96.407675, 34.012418 ] ], [ [ -96.409385801361466, 34.012248051901828 ], [ -96.407918, 34.012244 ], [ -96.407918, 34.012244 ], [ -96.409385801361466, 34.012248051901828 ] ], [ [ -96.412296335368438, 34.012257069988181 ], [ -96.412668, 34.012267 ], [ -96.413367072524494, 34.012252325934483 ], [ -96.412296335368438, 34.012257069988181 ] ], [ [ -96.415675921026505, 34.012175213002969 ], [ -96.413813999999888, 34.012196 ], [ -96.413814, 34.012196 ], [ -96.415675921026505, 34.012175213002969 ] ], [ [ -96.415714684501125, 34.012174366293834 ], [ -96.417696999999833, 34.012111 ], [ -96.418585172138265, 34.012105622233292 ], [ -96.415714684501125, 34.012174366293834 ] ], [ [ -96.42203899999987, 34.012115 ], [ -96.422875582144201, 34.012122170704231 ], [ -96.420430565978748, 34.012105228226183 ], [ -96.42203899999987, 34.012115 ] ], [ [ -96.42435508832159, 34.012140576326892 ], [ -96.425301, 34.011183 ], [ -96.42530242920364, 34.010211712632909 ], [ -96.42435508832159, 34.012140576326892 ] ], [ [ -96.425299, 34.007624 ], [ -96.425297016014213, 34.007328635673126 ], [ -96.425299791192046, 34.007733975982951 ], [ -96.425299, 34.007624 ] ], [ [ -96.420913, 33.997768 ], [ -96.420266790163822, 33.997762788630496 ], [ -96.421420764358501, 33.997769282233286 ], [ -96.420913, 33.997768 ] ], [ [ -96.418539999999894, 33.997788 ], [ -96.418301064833429, 33.997801994034731 ], [ -96.41883732873093, 33.997781501011573 ], [ -96.418539999999894, 33.997788 ] ], [ [ -96.417948394091781, 33.997822439577568 ], [ -96.417133, 33.997893 ], [ -96.416511, 33.998006 ], [ -96.417948394091781, 33.997822439577568 ] ], [ [ -96.415485999999817, 33.998205 ], [ -96.415279606160993, 33.998264327812564 ], [ -96.415486, 33.998205 ], [ -96.415485999999817, 33.998205 ] ], [ [ -96.413274999999786, 33.99892 ], [ -96.412739, 33.999091 ], [ -96.413573350902354, 33.998823453378321 ], [ -96.413274999999786, 33.99892 ] ], [ [ -96.411233, 33.999327 ], [ -96.411233, 33.999327 ], [ -96.411268253093155, 33.999323065960844 ], [ -96.411233, 33.999327 ] ], [ [ -96.409988999999882, 33.999323 ], [ -96.409989, 33.999323 ], [ -96.410196761729239, 33.999302436553435 ], [ -96.409988999999882, 33.999323 ] ], [ [ -96.40429199409003, 33.997786579326551 ], [ -96.405122, 33.996552000000101 ], [ -96.405158038440646, 33.996497942347638 ], [ -96.404329, 33.99773 ], [ -96.40429199409003, 33.997786579326551 ] ], [ [ -96.405987, 33.995275000000163 ], [ -96.407243892733646, 33.993363011908457 ], [ -96.405486428326483, 33.996013206331149 ], [ -96.405987, 33.995275000000163 ] ], [ [ -96.412877, 33.984797 ], [ -96.413938, 33.983142 ], [ -96.412827899822602, 33.984871650462374 ], [ -96.412877, 33.984797 ] ], [ [ -96.397526999999897, 33.982406 ], [ -96.397501754424852, 33.98238236098689 ], [ -96.398033336647416, 33.982321610596259 ], [ -96.397526999999897, 33.982406 ] ], [ [ -96.395361935883997, 33.982107708100386 ], [ -96.395661999999859, 33.981399 ], [ -96.395441999999832, 33.981559000000104 ], [ -96.395361935883997, 33.982107708100386 ] ], [ [ -96.395277999999863, 33.982154 ], [ -96.394934678811154, 33.982788786854094 ], [ -96.395277999999877, 33.982154 ], [ -96.395277999999863, 33.982154 ] ], [ [ -96.39466971799952, 33.982906840388523 ], [ -96.394894, 33.98286400000012 ], [ -96.394894, 33.982864 ], [ -96.39466971799952, 33.982906840388523 ] ], [ [ -96.393741999999889, 33.982199 ], [ -96.393413, 33.98252 ], [ -96.393742, 33.982199 ], [ -96.393741999999889, 33.982199 ] ], [ [ -96.393330999999847, 33.983138 ], [ -96.39291933333331, 33.983328833376163 ], [ -96.393413, 33.98252 ], [ -96.393330999999847, 33.983138 ] ], [ [ -96.390943, 33.98355 ], [ -96.390943, 33.98355 ], [ -96.391390107828997, 33.983441769494959 ], [ -96.390943, 33.98355 ] ], [ [ -96.388289294160174, 33.983100264908217 ], [ -96.388239, 33.983271 ], [ -96.388239, 33.983271 ], [ -96.388289294160174, 33.983100264908217 ] ], [ [ -96.38987896257386, 33.977304390373213 ], [ -96.390236, 33.97613800000012 ], [ -96.390265568555449, 33.97602827604873 ], [ -96.389929, 33.977125 ], [ -96.38987896257386, 33.977304390373213 ] ], [ [ -96.392201989150323, 33.970886062391997 ], [ -96.392601, 33.970147 ], [ -96.392973423819626, 33.969472116767292 ], [ -96.392601, 33.970147 ], [ -96.392201989150323, 33.970886062391997 ] ], [ [ -97.129685999999836, 34.502958488000189 ], [ -97.129684982603024, 34.503029995006017 ], [ -97.129685258658199, 34.503030075021996 ], [ -97.129685999999836, 34.502958488000189 ] ], [ [ -97.459030999999854, 35.2581 ], [ -97.459030999999854, 35.258100000000105 ], [ -97.459036, 35.259255 ], [ -97.459030999999854, 35.2581 ] ], [ [ -97.459043, 35.26094 ], [ -97.459089, 35.264829 ], [ -97.459079, 35.266195 ], [ -97.459085, 35.267239000000274 ], [ -97.459067825254806, 35.267907007487068 ], [ -97.459043, 35.26094 ] ], [ [ -97.459035391238217, 35.257739378691944 ], [ -97.459041, 35.253783 ], [ -97.459059, 35.25494800000024 ], [ -97.459051, 35.255488 ], [ -97.459044, 35.25605 ], [ -97.459035391238217, 35.257739378691944 ] ], [ [ -97.459041131371706, 35.252671689058111 ], [ -97.459021, 35.247439 ], [ -97.457168, 35.247431 ], [ -97.456433, 35.247431 ], [ -97.455496222892279, 35.247431998696378 ], [ -97.459041131371706, 35.252671689058111 ] ], [ [ -97.45906738639772, 35.273503814469365 ], [ -97.459054, 35.268441000000266 ], [ -97.45906, 35.272602000000113 ], [ -97.45906738639772, 35.273503814469365 ] ], [ [ -97.459066147620618, 35.279215241565034 ], [ -97.459063, 35.278571 ], [ -97.459056, 35.276991 ], [ -97.459066147620618, 35.279215241565034 ] ], [ [ -97.459075, 35.280567000000161 ], [ -97.459075, 35.280567000000268 ], [ -97.459074001026607, 35.281958569764519 ], [ -97.459075, 35.280567000000161 ] ], [ [ -97.45907, 35.282804 ], [ -97.459083028044859, 35.288028148233913 ], [ -97.459087, 35.287304 ], [ -97.459087, 35.286528999999859 ], [ -97.459080999999898, 35.284916 ], [ -97.459075, 35.283565 ], [ -97.45907, 35.282804 ] ], [ [ -97.459099, 35.289179 ], [ -97.459099, 35.289179 ], [ -97.459105005714264, 35.290830362875688 ], [ -97.459099, 35.289179 ] ], [ [ -96.68391, 34.058477000000153 ], [ -96.683909999999784, 34.058477 ], [ -96.684132999999889, 34.059558 ], [ -96.68391, 34.058477000000153 ] ], [ [ -96.698081231652253, 34.059265914816166 ], [ -96.698281999999708, 34.059301 ], [ -96.698282, 34.059301 ], [ -96.698081231652253, 34.059265914816166 ] ], [ [ -96.701898, 34.059731 ], [ -96.701884736239322, 34.059715614039156 ], [ -96.701914, 34.059742500000873 ], [ -96.701898, 34.059731 ] ], [ [ -96.703013, 34.060002000000139 ], [ -96.702985113211938, 34.059996654291709 ], [ -96.703031811257773, 34.060005091052496 ], [ -96.703013, 34.060002000000139 ] ], [ [ -96.704025999999828, 34.059944000000151 ], [ -96.704025999999885, 34.059944000000129 ], [ -96.704040777161424, 34.059911758927981 ], [ -96.704025999999828, 34.059944000000151 ] ], [ [ -96.705047, 34.059749000000146 ], [ -96.70503919980689, 34.059738825836526 ], [ -96.705055810674509, 34.059754538139003 ], [ -96.705047, 34.059749000000146 ] ], [ [ -96.706281999999874, 34.059935000000152 ], [ -96.706268171718975, 34.059932695286776 ], [ -96.706293604573816, 34.059935725286039 ], [ -96.706281999999874, 34.059935000000152 ] ], [ [ -96.706541, 34.059971 ], [ -96.706510208675709, 34.05996634549787 ], [ -96.706691634335257, 34.060008658590291 ], [ -96.706541, 34.059971 ] ], [ [ -96.707129, 34.060466000000297 ], [ -96.707122161583754, 34.060494663177678 ], [ -96.707129, 34.060466000000353 ], [ -96.707129, 34.060466000000297 ] ], [ [ -96.706894, 34.063032000000163 ], [ -96.706846951107224, 34.063099562001995 ], [ -96.706911077718516, 34.062986879976293 ], [ -96.706894, 34.063032000000163 ] ], [ [ -96.706749, 34.063324000000215 ], [ -96.706767699849124, 34.063257583308584 ], [ -96.706739696511335, 34.063385054159831 ], [ -96.706749, 34.063324000000215 ] ], [ [ -96.707419999999885, 34.064306000000137 ], [ -96.707397356305179, 34.064296504260291 ], [ -96.707460779841952, 34.064314682163015 ], [ -96.707419999999885, 34.064306000000137 ] ], [ [ -96.707881999999884, 34.064460000000111 ], [ -96.708040999999866, 34.064510000000126 ], [ -96.707882, 34.06446 ], [ -96.70784321459, 34.064437545297814 ], [ -96.707881999999884, 34.064460000000111 ] ], [ [ -96.70868, 34.064924000000111 ], [ -96.708432962036653, 34.064769439676049 ], [ -96.708799926453324, 34.064999032592006 ], [ -96.70868, 34.064924000000111 ] ], [ [ -96.709074999999856, 34.068163000000233 ], [ -96.709072834104333, 34.067591802136739 ], [ -96.70907895118755, 34.069103382707816 ], [ -96.709074999999856, 34.068163000000233 ] ], [ [ -96.717558999999696, 34.070000000000185 ], [ -96.717562, 34.070857000000139 ], [ -96.717562, 34.070857000000139 ], [ -96.717558999999696, 34.070000000000185 ] ], [ [ -96.718110999999851, 34.071278000000184 ], [ -96.71803841743872, 34.071305030751319 ], [ -96.718110999999851, 34.071278000000206 ], [ -96.718110999999851, 34.071278000000184 ] ], [ [ -96.717741999999859, 34.071486000000185 ], [ -96.717851591385667, 34.071410655957351 ], [ -96.71768664547308, 34.071538405365615 ], [ -96.717741999999859, 34.071486000000185 ] ], [ [ -96.717141, 34.07212900000011 ], [ -96.717220738261688, 34.072013906119729 ], [ -96.717140804139007, 34.072135104338294 ], [ -96.717141, 34.07212900000011 ] ], [ [ -96.718197, 34.073888000000146 ], [ -96.718231389879733, 34.073802562679553 ], [ -96.71817502801909, 34.073941883683048 ], [ -96.718197, 34.073888000000146 ] ], [ [ -96.718088193852026, 34.074136257483012 ], [ -96.718046, 34.074228000000254 ], [ -96.718046, 34.074228000000289 ], [ -96.718088193852026, 34.074136257483012 ] ], [ [ -96.718168152795613, 34.074434870400133 ], [ -96.718178, 34.074448 ], [ -96.718178, 34.074448 ], [ -96.718168152795613, 34.074434870400133 ] ], [ [ -96.719095999999809, 34.074574 ], [ -96.71889175845979, 34.07457804438701 ], [ -96.719274009653944, 34.074568131550251 ], [ -96.719095999999809, 34.074574 ] ], [ [ -96.721816999999874, 34.076151000000138 ], [ -96.721923837783351, 34.07604752192622 ], [ -96.721751308257168, 34.076227567904127 ], [ -96.721816999999874, 34.076151000000138 ] ], [ [ -96.721659, 34.076706000000108 ], [ -96.721659, 34.076706000000115 ], [ -96.721662594721394, 34.07670873380372 ], [ -96.721659, 34.076706000000108 ] ], [ [ -96.722213999999894, 34.077057000000188 ], [ -96.722136582224181, 34.077034341143971 ], [ -96.722520311858901, 34.07705235891131 ], [ -96.722213999999894, 34.077057000000188 ] ], [ [ -96.722543999999814, 34.077052 ], [ -96.722543999999871, 34.077052 ], [ -96.722610486876377, 34.077040918855452 ], [ -96.722543999999814, 34.077052 ] ], [ [ -96.724029999999843, 34.076529000000136 ], [ -96.72403, 34.076529000000129 ], [ -96.72417982216615, 34.076468068863377 ], [ -96.724029999999843, 34.076529000000136 ] ], [ [ -96.725376999999867, 34.076106000000173 ], [ -96.725237199963104, 34.076120834089217 ], [ -96.725463221211186, 34.076119080000936 ], [ -96.725376999999867, 34.076106000000173 ] ], [ [ -96.728329, 34.077495000000148 ], [ -96.72832121225359, 34.077488532212449 ], [ -96.728329166502391, 34.077495051897046 ], [ -96.728329, 34.077495000000148 ] ], [ [ -96.728718999999842, 34.077566000000189 ], [ -96.728668017280484, 34.077566320646199 ], [ -96.728909311927822, 34.077553520529676 ], [ -96.728718999999842, 34.077566000000189 ] ], [ [ -96.729305999999838, 34.077577000000161 ], [ -96.729277662784511, 34.077567804482122 ], [ -96.729339816874727, 34.077606988560888 ], [ -96.729305999999838, 34.077577000000161 ] ], [ [ -96.731181999999862, 34.07755500000021 ], [ -96.731181999999833, 34.077555000000174 ], [ -96.731107448571663, 34.077601240760124 ], [ -96.731181999999862, 34.07755500000021 ] ], [ [ -96.731458999999788, 34.077208 ], [ -96.731308694107369, 34.077352395009406 ], [ -96.731569610532233, 34.07717240460731 ], [ -96.731458999999788, 34.077208 ] ], [ [ -96.732112999999842, 34.077054 ], [ -96.732089517720823, 34.077056787465352 ], [ -96.732151780729168, 34.07705190888241 ], [ -96.732112999999842, 34.077054 ] ], [ [ -96.733578999999793, 34.076993000000179 ], [ -96.733367396208664, 34.077095008213682 ], [ -96.733828933780217, 34.076850180738553 ], [ -96.733578999999793, 34.076993000000179 ] ], [ [ -96.734259, 34.076592 ], [ -96.734259, 34.076592 ], [ -96.734276765312174, 34.07658391372275 ], [ -96.734259, 34.076592 ] ], [ [ -96.735664999999869, 34.076498 ], [ -96.735553311078519, 34.076509118356469 ], [ -96.735788719285281, 34.076473847633174 ], [ -96.735664999999869, 34.076498 ] ], [ [ -96.738603999999825, 34.076541000000105 ], [ -96.738518985336981, 34.076515725375046 ], [ -96.738651693732308, 34.076548530590337 ], [ -96.738603999999825, 34.076541000000105 ] ], [ [ -96.73933, 34.076244 ], [ -96.739329999999867, 34.076244 ], [ -96.739211, 34.07642 ], [ -96.73933, 34.076244 ] ], [ [ -96.74105, 34.07563 ], [ -96.741104999999848, 34.070887000000354 ], [ -96.741059999999834, 34.074681000000197 ], [ -96.74105, 34.07563 ] ], [ [ -96.754438, 34.070893 ], [ -96.753904782970963, 34.070890460871389 ], [ -96.754964480826317, 34.070895843920795 ], [ -96.754438, 34.070893 ] ], [ [ -96.756423905748107, 34.070897086002105 ], [ -96.756142657875827, 34.069190146083635 ], [ -96.756204711658029, 34.068102808717576 ], [ -96.756423905748107, 34.070897086002105 ] ], [ [ -96.756206401199407, 34.068092049175867 ], [ -96.75633778421701, 34.067395995436684 ], [ -96.756264125490233, 34.067724441547725 ], [ -96.756206401199407, 34.068092049175867 ] ], [ [ -96.75647013191174, 34.06691920829843 ], [ -96.757314460188951, 34.064650608271521 ], [ -96.75663897007307, 34.066413864684513 ], [ -96.75647013191174, 34.06691920829843 ] ], [ [ -96.757404364325993, 34.064296111568162 ], [ -96.757400198156716, 34.062963925566976 ], [ -96.757329139191839, 34.062675434776096 ], [ -96.757404364325993, 34.064296111568162 ] ], [ [ -96.757261501745631, 34.062425830551419 ], [ -96.75568685751216, 34.056517677553387 ], [ -96.755383279446619, 34.052726119991988 ], [ -96.757261501745631, 34.062425830551419 ] ], [ [ -96.759321999999869, 34.052798 ], [ -96.759284944158082, 34.052795580924659 ], [ -96.759373725423316, 34.052804777814728 ], [ -96.759321999999869, 34.052798 ] ], [ [ -96.759612236053826, 34.052843881432793 ], [ -96.759817999999896, 34.052893000000125 ], [ -96.75964499999985, 34.05285000000012 ], [ -96.759612236053826, 34.052843881432793 ] ], [ [ -96.761058, 34.054099 ], [ -96.761057202662272, 34.053979798142521 ], [ -96.76106065490886, 34.054390376508181 ], [ -96.761058, 34.054099 ] ], [ [ -96.761060009284989, 34.055335281379094 ], [ -96.76106, 34.055339000000124 ], [ -96.76106, 34.05533900000016 ], [ -96.761060009284989, 34.055335281379094 ] ], [ [ -96.76106, 34.055753 ], [ -96.761059993107793, 34.055753827065701 ], [ -96.76106, 34.055753000000138 ], [ -96.76106, 34.055753 ] ], [ [ -96.772038999999836, 34.056377 ], [ -96.771305177125114, 34.056375329943549 ], [ -96.772727881572322, 34.056377529501702 ], [ -96.772038999999836, 34.056377 ] ], [ [ -96.780361, 34.056378999999858 ], [ -96.779702733125276, 34.056376776125511 ], [ -96.780439038811977, 34.056379376999132 ], [ -96.780361, 34.056378999999858 ] ], [ [ -96.78134099999987, 34.056379000000106 ], [ -96.781235182034877, 34.056379136892716 ], [ -96.781773107220658, 34.056375938124404 ], [ -96.78134099999987, 34.056379000000106 ] ], [ [ -96.78491799999982, 34.056370000000214 ], [ -96.784873247129752, 34.056370339037066 ], [ -96.784937244710179, 34.056370801863132 ], [ -96.78491799999982, 34.056370000000214 ] ], [ [ -96.796017999999876, 34.056346000000119 ], [ -96.796016, 34.047087 ], [ -96.796004999999894, 34.044950000000114 ], [ -96.795998999999838, 34.043961000000103 ], [ -96.796001, 34.042459 ], [ -96.796003, 34.041837000000115 ], [ -96.796003, 34.041742 ], [ -96.795998999999838, 34.040694000000144 ], [ -96.795994, 34.039969000000184 ], [ -96.7959993197328, 34.030602638203732 ], [ -96.795994, 34.039969000000298 ], [ -96.795998999999824, 34.043961 ], [ -96.796015999999881, 34.047087 ], [ -96.796017999999876, 34.056346000000119 ] ], [ [ -96.795996373067965, 34.02964247337507 ], [ -96.795986999999826, 34.027311000000104 ], [ -96.795983497822675, 34.024847687356463 ], [ -96.795996373067965, 34.02964247337507 ] ], [ [ -96.795993, 34.020727000000164 ], [ -96.795991348088776, 34.021034586981393 ], [ -96.795991328997289, 34.020194287693634 ], [ -96.795993, 34.020727000000164 ] ], [ [ -96.795985, 34.015008000000165 ], [ -96.795967, 34.013484 ], [ -96.795964975476011, 34.013141855789932 ], [ -96.795968, 34.013654000000116 ], [ -96.795976, 34.01434 ], [ -96.795985, 34.015008000000215 ], [ -96.795984005804115, 34.015469640789135 ], [ -96.795985, 34.015008000000165 ] ], [ [ -96.795963, 34.012808 ], [ -96.795963804617202, 34.012943980351693 ], [ -96.795967991060081, 34.009917178101162 ], [ -96.795963, 34.012808 ] ], [ [ -96.795977, 34.005097000000141 ], [ -96.795968034802343, 34.009893381284911 ], [ -96.795968, 34.004572 ], [ -96.795977, 34.005097000000141 ] ], [ [ -96.795951999999872, 34.003612 ], [ -96.795948, 34.001022 ], [ -96.795907, 33.999772 ], [ -96.795932, 33.99927400000017 ], [ -96.795951, 33.998864 ], [ -96.79595499999985, 33.998776 ], [ -96.795967, 33.998508000000101 ], [ -96.795968, 33.998334 ], [ -96.795951999999872, 34.003612 ] ], [ [ -96.576083113745611, 34.114446261990238 ], [ -96.58515599999987, 34.114485 ], [ -96.585354999999893, 34.114459 ], [ -96.576083113745611, 34.114446261990238 ] ], [ [ -96.565588259712115, 34.114404543106666 ], [ -96.566404, 34.114407000000142 ], [ -96.572454999999877, 34.114432 ], [ -96.572456928756367, 34.114432005898337 ], [ -96.566403999999849, 34.114407 ], [ -96.566104, 34.114406 ], [ -96.565588259712115, 34.114404543106666 ] ], [ [ -96.56520229120764, 34.114403178039197 ], [ -96.564231, 34.114399 ], [ -96.564689, 34.114401 ], [ -96.56520229120764, 34.114403178039197 ] ], [ [ -96.549943, 34.114291 ], [ -96.549527411669345, 34.114285020311719 ], [ -96.554439411114217, 34.114361703587363 ], [ -96.549943, 34.114291 ] ], [ [ -96.546042, 34.11427200000027 ], [ -96.549525559633793, 34.114284993276783 ], [ -96.541249978883457, 34.114260838461142 ], [ -96.546042, 34.11427200000027 ] ], [ [ -96.523376, 34.114216000000226 ], [ -96.530315684076925, 34.114232266340935 ], [ -96.523273819999986, 34.114216 ], [ -96.523376, 34.114216000000226 ] ], [ [ -96.514871660653299, 34.114245740554345 ], [ -96.518787, 34.114204 ], [ -96.523116583328786, 34.114215019720035 ], [ -96.514871660653299, 34.114245740554345 ] ], [ [ -96.514449, 34.11425 ], [ -96.514147832947444, 34.114258228608072 ], [ -96.514841033207205, 34.114246059967833 ], [ -96.514449, 34.11425 ] ], [ [ -96.51366199999967, 34.114272 ], [ -96.512860327923846, 34.114287463725738 ], [ -96.514055735141611, 34.11426077714566 ], [ -96.51366199999967, 34.114272 ] ], [ [ -96.512176, 34.114300000000114 ], [ -96.511932195615969, 34.114303765318923 ], [ -96.512565058362298, 34.114293010927796 ], [ -96.512176, 34.114300000000114 ] ], [ [ -96.510952, 34.11432 ], [ -96.511824425531628, 34.114306000000141 ], [ -96.511819999999602, 34.114306 ], [ -96.510951999999619, 34.11432 ], [ -96.510580472796121, 34.114324328472271 ], [ -96.510952, 34.11432 ] ], [ [ -96.50400999999971, 34.114308000000101 ], [ -96.501023922312086, 34.114298411310862 ], [ -96.506389461681351, 34.114315901044279 ], [ -96.50400999999971, 34.114308000000101 ] ], [ [ -96.494181, 34.114186000000153 ], [ -96.499788108057601, 34.114287057111838 ], [ -96.490306227493363, 34.114174105072877 ], [ -96.494181, 34.114186000000153 ] ], [ [ -96.490203296329213, 34.114177816871184 ], [ -96.490272, 34.114174 ], [ -96.490271999999891, 34.114174 ], [ -96.490203296329213, 34.114177816871184 ] ], [ [ -96.489564999999857, 34.114205000000197 ], [ -96.489721629629372, 34.114204 ], [ -96.489199490148422, 34.1142091068524 ], [ -96.489564999999857, 34.114205000000197 ] ], [ [ -96.671088808709072, 33.997924919854356 ], [ -96.672098999999875, 33.998117000000128 ], [ -96.672631999999894, 33.998182000000135 ], [ -96.671088808709072, 33.997924919854356 ] ], [ [ -96.667687, 33.997187 ], [ -96.66624034870722, 33.997076817700517 ], [ -96.670890390173938, 33.997881951481723 ], [ -96.667687, 33.997187 ] ], [ [ -96.665506937056762, 33.997055588042244 ], [ -96.663400999999894, 33.99713900000021 ], [ -96.664465, 33.997081 ], [ -96.664468999999812, 33.997081 ], [ -96.66510299999986, 33.9970560000001 ], [ -96.665211999999826, 33.997052 ], [ -96.665506937056762, 33.997055588042244 ] ], [ [ -96.660194573616792, 33.997281302465332 ], [ -96.661859, 33.997219 ], [ -96.662755053856003, 33.997167906643242 ], [ -96.660194573616792, 33.997281302465332 ] ], [ [ -96.659932, 33.997291000000125 ], [ -96.659932, 33.997291000000182 ], [ -96.6600235406016, 33.997287799279839 ], [ -96.659932, 33.997291000000125 ] ], [ [ -96.657693999999893, 33.997407000000145 ], [ -96.654894491885287, 33.997538417801081 ], [ -96.657693999999879, 33.997407000000166 ], [ -96.658480999999881, 33.997361 ], [ -96.65931599999989, 33.997325000000302 ], [ -96.65962758764023, 33.997308130605596 ], [ -96.658481, 33.997361 ], [ -96.657693999999893, 33.997407000000145 ] ], [ [ -96.654824782431604, 33.997541867729048 ], [ -96.65346599999981, 33.997593 ], [ -96.654387999999685, 33.997563000000106 ], [ -96.654464999999831, 33.997560000000227 ], [ -96.654824782431604, 33.997541867729048 ] ], [ [ -96.649339307692216, 33.997526 ], [ -96.649542, 33.997529000000128 ], [ -96.649728, 33.997533000000111 ], [ -96.651793, 33.997570000000138 ], [ -96.652766999999898, 33.997598000000195 ], [ -96.649339307692216, 33.997526 ] ], [ [ -96.646894999999887, 33.997465000000126 ], [ -96.645370788732464, 33.997434069917368 ], [ -96.646894999999859, 33.99746500000019 ], [ -96.648845999999821, 33.997517000000222 ], [ -96.649310470705373, 33.99752542611489 ], [ -96.648845999999864, 33.997517000000201 ], [ -96.646894999999887, 33.997465000000126 ] ], [ [ -96.643085999999798, 33.997429000000167 ], [ -96.643085999999798, 33.997429000000203 ], [ -96.644402669401472, 33.997416545275485 ], [ -96.643085999999798, 33.997429000000167 ] ], [ [ -96.641828269143971, 33.997531305301877 ], [ -96.636748, 33.998141000000111 ], [ -96.63674729446268, 33.99814113707594 ], [ -96.641828269143971, 33.997531305301877 ] ], [ [ -96.636198683814683, 33.998248012252688 ], [ -96.634145315953717, 33.998612637271258 ], [ -96.635283999999885, 33.998421 ], [ -96.635844999999847, 33.998317000000121 ], [ -96.636198683814683, 33.998248012252688 ] ], [ [ -96.633372, 33.998754 ], [ -96.633371999999881, 33.998754 ], [ -96.633620339803443, 33.998708654095097 ], [ -96.633372, 33.998754 ] ], [ [ -96.629034682556252, 33.999583936012229 ], [ -96.622358999999804, 34.000822 ], [ -96.621315610090733, 34.001017318137954 ], [ -96.62235899999979, 34.000822000000127 ], [ -96.624468999999635, 34.000463000000224 ], [ -96.625207, 34.00033 ], [ -96.627028999999879, 33.999999 ], [ -96.629034682556252, 33.999583936012229 ] ], [ [ -96.615457776651724, 33.997517257173136 ], [ -96.619939, 33.999449000000254 ], [ -96.61622599999987, 33.997801 ], [ -96.615457776651724, 33.997517257173136 ] ], [ [ -96.613369, 33.992401 ], [ -96.613368999999679, 33.992401 ], [ -96.613205257345982, 33.993060281230335 ], [ -96.613369, 33.992401 ] ], [ [ -96.616161870309668, 33.991452951483083 ], [ -96.61563799999989, 33.990729 ], [ -96.615637999999734, 33.990729 ], [ -96.616161870309668, 33.991452951483083 ] ], [ [ -96.608701024220366, 33.98753221700899 ], [ -96.609774, 33.987767 ], [ -96.608877, 33.987512 ], [ -96.608701024220366, 33.98753221700899 ] ], [ [ -96.603707999999713, 33.988724 ], [ -96.60301267178896, 33.988305245847677 ], [ -96.603091, 33.98842 ], [ -96.603707999999713, 33.988724 ] ], [ [ -96.606295439699835, 33.984592931031834 ], [ -96.602942999999755, 33.987044 ], [ -96.602793189489745, 33.987783948715681 ], [ -96.606295439699835, 33.984592931031834 ] ], [ [ -96.607343216793538, 33.983307874831866 ], [ -96.607353999999773, 33.983243 ], [ -96.607353999999773, 33.983243 ], [ -96.607343216793538, 33.983307874831866 ] ], [ [ -96.603358, 33.979970000000137 ], [ -96.603358, 33.979970000000257 ], [ -96.604179991402745, 33.980239205097 ], [ -96.603358, 33.979970000000137 ] ], [ [ -96.602375, 33.979642000000119 ], [ -96.599599025422904, 33.97614653043037 ], [ -96.600154999999745, 33.977757 ], [ -96.600147999999621, 33.97887500000013 ], [ -96.600370999999683, 33.979430000000171 ], [ -96.601201, 33.979878000000184 ], [ -96.602375, 33.979642000000119 ] ], [ [ -96.598279, 33.974904 ], [ -96.598279, 33.974904 ], [ -96.598439373701666, 33.97502758982435 ], [ -96.598279, 33.974904 ] ], [ [ -96.593663999999748, 33.974095000000133 ], [ -96.593699999999899, 33.973290000000155 ], [ -96.594096169173483, 33.974354675377825 ], [ -96.593663999999748, 33.974095000000133 ] ], [ [ -96.593977635034449, 33.971323364588201 ], [ -96.59434299999981, 33.972444 ], [ -96.594332, 33.971655000000219 ], [ -96.593977635034449, 33.971323364588201 ] ], [ [ -96.593643060238122, 33.97101216674838 ], [ -96.588982999999871, 33.970163000000227 ], [ -96.588982999999814, 33.970163000000262 ], [ -96.593643060238122, 33.97101216674838 ] ], [ [ -96.586600999999789, 33.972462000000121 ], [ -96.586601, 33.972462 ], [ -96.587013945073352, 33.971667807632969 ], [ -96.586600999999789, 33.972462000000121 ] ], [ [ -96.585873999999663, 33.974661 ], [ -96.585873999999663, 33.974661000000154 ], [ -96.585913932572396, 33.974566433522668 ], [ -96.585873999999663, 33.974661 ] ], [ [ -96.585584999999682, 33.974718 ], [ -96.585439200382183, 33.974628704086484 ], [ -96.585584999999639, 33.974718 ], [ -96.585584999999682, 33.974718 ] ], [ [ -96.585389999999776, 33.973753 ], [ -96.585344992483513, 33.973508257520692 ], [ -96.585296, 33.974541 ], [ -96.585389999999776, 33.973753 ] ], [ [ -96.584361999999714, 33.966505 ], [ -96.584362, 33.966505 ], [ -96.583248759814452, 33.966135132486066 ], [ -96.584361999999714, 33.966505 ] ], [ [ -96.581259, 33.965475 ], [ -96.581259, 33.965475000000168 ], [ -96.581403625018396, 33.965522651036331 ], [ -96.581259, 33.965475 ] ], [ [ -96.57619, 33.963885 ], [ -96.576189999999869, 33.963885 ], [ -96.576341841450542, 33.963981475113677 ], [ -96.57619, 33.963885 ] ], [ [ -96.576366, 33.960811000000149 ], [ -96.57636599999978, 33.960811000000284 ], [ -96.576130597116517, 33.961734920439866 ], [ -96.576366, 33.960811000000149 ] ], [ [ -96.579554, 33.956659 ], [ -96.579554, 33.956659000000151 ], [ -96.58121377642226, 33.955432367405514 ], [ -96.579554, 33.956659 ] ], [ [ -96.583035, 33.954752 ], [ -96.583035, 33.954752 ], [ -96.584295999999853, 33.95491 ], [ -96.585077580206359, 33.954891322532731 ], [ -96.583035, 33.954752 ] ], [ [ -96.585599999999729, 33.952646 ], [ -96.585384, 33.954884000000114 ], [ -96.585035525481047, 33.951817342950754 ], [ -96.585599999999729, 33.952646 ] ], [ [ -96.584615, 33.9512 ], [ -96.584581952277588, 33.951101614045164 ], [ -96.584614999999886, 33.9512 ], [ -96.584615, 33.9512 ] ], [ [ -96.584824, 33.949864000000225 ], [ -96.585158695410499, 33.949636834514273 ], [ -96.584353, 33.950420000000165 ], [ -96.584824, 33.949864000000225 ] ], [ [ -96.58712099999984, 33.948305 ], [ -96.587233158412133, 33.948261806838453 ], [ -96.587121, 33.948305 ], [ -96.58712099999984, 33.948305 ] ], [ [ -96.591663, 33.951512999999878 ], [ -96.588732482199021, 33.948633052552687 ], [ -96.590911, 33.951185000000109 ], [ -96.591663, 33.951512999999878 ] ], [ [ -96.593057999999743, 33.950922 ], [ -96.593058, 33.950922 ], [ -96.593604815252121, 33.949346447502236 ], [ -96.593057999999743, 33.950922 ] ], [ [ -96.595347999999817, 33.946740000000212 ], [ -96.595347999999717, 33.946740000000226 ], [ -96.59488330417804, 33.946938257445055 ], [ -96.595347999999817, 33.946740000000212 ] ], [ [ -96.596462, 33.945667000000249 ], [ -96.596462, 33.94566700000032 ], [ -96.596381269432868, 33.94579744633964 ], [ -96.596462, 33.945667000000249 ] ], [ [ -96.592213999999828, 33.940519 ], [ -96.592120724548437, 33.940358412530756 ], [ -96.592213999999814, 33.940519 ], [ -96.592213999999828, 33.940519 ] ], [ [ -96.590824222172458, 33.937440628560076 ], [ -96.591573999999767, 33.934928000000149 ], [ -96.590932, 33.935944 ], [ -96.590790999999854, 33.937328 ], [ -96.590824222172458, 33.937440628560076 ] ], [ [ -96.589545, 33.927884 ], [ -96.589545, 33.927884 ], [ -96.591180053771168, 33.930181620661564 ], [ -96.589545, 33.927884 ] ], [ [ -96.581588783567085, 33.925228251116586 ], [ -96.585891999999774, 33.925849000000163 ], [ -96.587334559630392, 33.926360234483433 ], [ -96.585892, 33.925849 ], [ -96.584013999999883, 33.925354 ], [ -96.581588783567085, 33.925228251116586 ] ], [ [ -96.580593, 33.923882000000219 ], [ -96.580590999999799, 33.923312 ], [ -96.580786590116688, 33.924385069755544 ], [ -96.580593, 33.923882000000219 ] ], [ [ -96.576141179580176, 33.925086720073416 ], [ -96.580533, 33.923334 ], [ -96.578493, 33.92412 ], [ -96.576141179580176, 33.925086720073416 ] ], [ [ -96.571588, 33.926917 ], [ -96.571588, 33.926917000000223 ], [ -96.57490010997526, 33.925590307148468 ], [ -96.571588, 33.926917 ] ], [ [ -96.561205, 33.930361 ], [ -96.561205, 33.930361 ], [ -96.562706820863625, 33.929944437121733 ], [ -96.561205, 33.930361 ] ], [ [ -96.557002999999867, 33.931288 ], [ -96.555358775957828, 33.93126202945821 ], [ -96.55700299999971, 33.931288 ], [ -96.557002999999867, 33.931288 ] ], [ [ -96.548076, 33.931978 ], [ -96.553700213989543, 33.931258419303965 ], [ -96.54678199999988, 33.932325000000191 ], [ -96.548076, 33.931978 ] ], [ [ -96.538795677089922, 33.942984569217437 ], [ -96.544962999999896, 33.935510000000299 ], [ -96.544971999199717, 33.935492198121665 ], [ -96.538795677089922, 33.942984569217437 ] ], [ [ -96.535211, 33.945642 ], [ -96.535211, 33.945642 ], [ -96.535816055171381, 33.945235343034398 ], [ -96.535211, 33.945642 ] ], [ [ -96.529999, 33.948507 ], [ -96.529998999999876, 33.948507000000262 ], [ -96.530705270164447, 33.948016132514638 ], [ -96.529999, 33.948507 ] ], [ [ -96.526854, 33.950368 ], [ -96.526854, 33.950368000000211 ], [ -96.527212569680742, 33.95022710322948 ], [ -96.526854, 33.950368 ] ], [ [ -96.525191, 33.950612 ], [ -96.524920333333299, 33.950517111160195 ], [ -96.526235, 33.950612 ], [ -96.525191, 33.950612 ] ], [ [ -96.524421999999888, 33.950223 ], [ -96.524422, 33.950223 ], [ -96.524464762230394, 33.94960775211036 ], [ -96.524421999999888, 33.950223 ] ], [ [ -96.523541123516409, 33.948140241962285 ], [ -96.524725, 33.948414 ], [ -96.524559999999894, 33.948254000000119 ], [ -96.523541123516409, 33.948140241962285 ] ], [ [ -96.52228, 33.948436 ], [ -96.52228, 33.948436 ], [ -96.522238796212491, 33.948476658103459 ], [ -96.52228, 33.948436 ] ], [ [ -96.521785, 33.949741 ], [ -96.521785, 33.949741000000252 ], [ -96.521790734052288, 33.949656627677747 ], [ -96.521785, 33.949741 ] ], [ [ -96.521123286068431, 33.951499383752598 ], [ -96.520987, 33.951708 ], [ -96.520987, 33.951708 ], [ -96.521123286068431, 33.951499383752598 ] ], [ [ -96.520163, 33.951639 ], [ -96.520162999999698, 33.951639 ], [ -96.520530356096401, 33.951721030977829 ], [ -96.520163, 33.951639 ] ], [ [ -96.519645647526744, 33.951256921068186 ], [ -96.519339, 33.951159000000118 ], [ -96.519338999999775, 33.951159000000125 ], [ -96.519645647526744, 33.951256921068186 ] ], [ [ -96.51857, 33.951181 ], [ -96.51857, 33.951181000000204 ], [ -96.519313301435616, 33.951159735199717 ], [ -96.51857, 33.951181 ] ], [ [ -96.518295, 33.951364 ], [ -96.518294999999824, 33.951364000000211 ], [ -96.518356189418242, 33.951323122450717 ], [ -96.518295, 33.951364 ] ], [ [ -96.517388, 33.952989 ], [ -96.517388, 33.952989000000244 ], [ -96.5176070105137, 33.952241008882147 ], [ -96.517388, 33.952989 ] ], [ [ -96.515299, 33.954911000000244 ], [ -96.516471557640699, 33.953897352560162 ], [ -96.515154678617733, 33.955497699638528 ], [ -96.515299, 33.954911000000244 ] ], [ [ -96.513897, 33.956811 ], [ -96.513897, 33.956811 ], [ -96.512854810797037, 33.956923365444183 ], [ -96.513897, 33.956811 ] ], [ [ -96.511809, 33.956947000000106 ], [ -96.511407342938924, 33.956789605500887 ], [ -96.512413, 33.956971 ], [ -96.511809, 33.956947000000106 ] ], [ [ -96.510325, 33.956832 ], [ -96.510324999999881, 33.956832 ], [ -96.510856347786117, 33.956796472327902 ], [ -96.510325, 33.956832 ] ], [ [ -96.509746, 33.959625 ], [ -96.509746, 33.959625 ], [ -96.509797042477842, 33.959614327484118 ], [ -96.509746, 33.959625 ] ], [ [ -96.510561609704808, 33.959281628713228 ], [ -96.510652999999877, 33.959236 ], [ -96.510652999999806, 33.959236 ], [ -96.510561609704808, 33.959281628713228 ] ], [ [ -96.512546999999856, 33.961664000000113 ], [ -96.512463676248473, 33.961785198211572 ], [ -96.51254699999987, 33.961664000000177 ], [ -96.512546999999856, 33.961664000000113 ] ], [ [ -96.51175, 33.96187 ], [ -96.51175, 33.96187 ], [ -96.512093499999963, 33.961847000003125 ], [ -96.51175, 33.96187 ] ], [ [ -96.511282, 33.96377 ], [ -96.511282, 33.96377 ], [ -96.511247751542072, 33.963687584976576 ], [ -96.511282, 33.96377 ] ], [ [ -96.511253999999738, 33.964067000000206 ], [ -96.51120910607726, 33.96409726650397 ], [ -96.511253999999738, 33.964067000000213 ], [ -96.511253999999738, 33.964067000000206 ] ], [ [ -96.50999, 33.965211 ], [ -96.50999, 33.965211000000188 ], [ -96.510210626707519, 33.96504753974564 ], [ -96.50999, 33.965211 ] ], [ [ -96.50976799999988, 33.967501 ], [ -96.509738443399954, 33.967534721436742 ], [ -96.50976799999988, 33.967501000000127 ], [ -96.50976799999988, 33.967501 ] ], [ [ -96.509245999999777, 33.96788900000022 ], [ -96.509246, 33.967889 ], [ -96.508892022913543, 33.967951547713156 ], [ -96.509245999999777, 33.96788900000022 ] ], [ [ -96.508726999999737, 33.969023 ], [ -96.503443308085153, 33.968135374234556 ], [ -96.508726999999794, 33.969023 ], [ -96.508726999999737, 33.969023 ] ], [ [ -96.501997, 33.969059 ], [ -96.501997, 33.969059 ], [ -96.500485044969039, 33.969057957345747 ], [ -96.501997, 33.969059 ] ], [ [ -96.494975, 33.969046 ], [ -96.497832, 33.969049 ], [ -96.495396, 33.969046 ], [ -96.494975, 33.969046 ] ], [ [ -96.494975, 33.969046 ], [ -96.485648999999853, 33.969045 ], [ -96.483925, 33.969035 ], [ -96.483073999999888, 33.969031 ], [ -96.478921, 33.969016 ], [ -96.485648999999896, 33.96904500000015 ], [ -96.491183, 33.969052000000183 ], [ -96.491784999999879, 33.969051 ], [ -96.494975, 33.969046 ] ], [ [ -96.475795, 33.969037 ], [ -96.478676, 33.969017 ], [ -96.475795, 33.969037 ], [ -96.475456317124909, 33.969038169215963 ], [ -96.475795, 33.969037 ] ], [ [ -96.471564999999799, 33.969034000000107 ], [ -96.474841090848358, 33.9690398836862 ], [ -96.473982, 33.969038000000104 ], [ -96.471564999999799, 33.969034000000107 ] ], [ [ -96.467872, 33.969038 ], [ -96.467872, 33.969038000000268 ], [ -96.471558205512579, 33.969034007359419 ], [ -96.467872, 33.969038 ] ], [ [ -96.460445, 33.969022 ], [ -96.459889999999817, 33.969023 ], [ -96.460445, 33.969022 ], [ -96.462009999999779, 33.969023000000128 ], [ -96.463862, 33.969025 ], [ -96.464071, 33.969026 ], [ -96.464193857142817, 33.969026 ], [ -96.463862, 33.969025 ], [ -96.46201, 33.969023 ], [ -96.460445, 33.969022 ] ], [ [ -96.457260612368927, 33.968988953724377 ], [ -96.458236, 33.969024 ], [ -96.45791, 33.969025 ], [ -96.457260612368927, 33.968988953724377 ] ], [ [ -96.456486, 33.96893 ], [ -96.45648599999987, 33.96893 ], [ -96.456559846079855, 33.968938756453291 ], [ -96.456486, 33.96893 ] ], [ [ -96.454373926765101, 33.968740506602465 ], [ -96.455339999999893, 33.968804 ], [ -96.455778019251525, 33.968849016665189 ], [ -96.454373926765101, 33.968740506602465 ] ], [ [ -96.454120949661331, 33.968729397842857 ], [ -96.454065, 33.968727 ], [ -96.454064999999858, 33.968727 ], [ -96.454120949661331, 33.968729397842857 ] ], [ [ -96.453891, 33.968728 ], [ -96.453891, 33.968728 ], [ -96.454060327990319, 33.968727026850722 ], [ -96.453891, 33.968728 ] ], [ [ -96.445894, 33.968743 ], [ -96.445894, 33.968743 ], [ -96.444791325730549, 33.968748541077026 ], [ -96.445894, 33.968743 ] ], [ [ -96.440560731702064, 33.968753531124086 ], [ -96.420695449993516, 33.968725046706695 ], [ -96.425334, 33.968835 ], [ -96.440560731702064, 33.968753531124086 ] ], [ [ -96.41684, 33.96864 ], [ -96.416839999999851, 33.9686400000001 ], [ -96.417099923155519, 33.968641476836147 ], [ -96.41684, 33.96864 ] ], [ [ -96.416719198785344, 33.968638899533516 ], [ -96.416524, 33.968638 ], [ -96.416523999999868, 33.968638 ], [ -96.416719198785344, 33.968638899533516 ] ], [ [ -96.401355093238024, 33.970171947365387 ], [ -96.411855999999858, 33.972371 ], [ -96.412225692307516, 33.972371 ], [ -96.411855999999887, 33.972371 ], [ -96.401355093238024, 33.970171947365387 ] ], [ [ -96.587389, 33.896499 ], [ -96.587389, 33.896499 ], [ -96.587749075221922, 33.896008550086094 ], [ -96.587389, 33.896499 ] ], [ [ -96.59111, 33.90322500000017 ], [ -96.59111, 33.903225000000141 ], [ -96.590956524215116, 33.903449874872372 ], [ -96.59111, 33.90322500000017 ] ], [ [ -96.588738999999833, 33.905315 ], [ -96.58253, 33.908299 ], [ -96.582236436832204, 33.908897732956902 ], [ -96.588738999999833, 33.905315 ] ], [ [ -96.580974, 33.913839000000145 ], [ -96.580974, 33.913839000000102 ], [ -96.580973863787193, 33.91384764141749 ], [ -96.580974, 33.913839000000145 ] ], [ [ -96.589683, 33.917432 ], [ -96.589683, 33.917432 ], [ -96.589724325422722, 33.917467892301453 ], [ -96.589683, 33.917432 ] ], [ [ -96.590909999999894, 33.919231 ], [ -96.590909999999894, 33.919231 ], [ -96.590881094952579, 33.919261268046561 ], [ -96.590909999999894, 33.919231 ] ], [ [ -96.584243510499064, 33.918710153376892 ], [ -96.587396, 33.91887 ], [ -96.584565, 33.918587 ], [ -96.584243510499064, 33.918710153376892 ] ], [ [ -96.580589, 33.922209000000109 ], [ -96.580589, 33.922209 ], [ -96.580589362702611, 33.922409031565351 ], [ -96.580589, 33.922209000000109 ] ], [ [ -96.726214, 33.99973400000011 ], [ -96.726249, 33.999461000000124 ], [ -96.726230999999828, 33.999278000000103 ], [ -96.726214, 33.99973400000011 ] ], [ [ -95.514514, 34.681142 ], [ -95.514529181761006, 34.673681937774276 ], [ -95.514436, 34.704501 ], [ -95.514514, 34.681142 ] ], [ [ -95.514529, 34.672269000000107 ], [ -95.514527999999871, 34.672170666666688 ], [ -95.514529497540238, 34.672317758962258 ], [ -95.514529, 34.672269000000107 ] ], [ [ -95.51453, 34.671509 ], [ -95.51453, 34.671509 ], [ -95.514529003686135, 34.671702783259093 ], [ -95.51453, 34.671509 ] ], [ [ -95.514658869742462, 34.647758360905833 ], [ -95.514593, 34.658054 ], [ -95.514569019696012, 34.66346480026867 ], [ -95.514593, 34.658054 ], [ -95.514658869742462, 34.647758360905833 ] ], [ [ -95.514659007329413, 34.647736773542611 ], [ -95.514663, 34.64721 ], [ -95.514663, 34.647178 ], [ -95.514662, 34.647221999999879 ], [ -95.514659007329413, 34.647736773542611 ] ], [ [ -95.514663, 34.647178 ], [ -95.514673, 34.645611 ], [ -95.514713, 34.639277 ], [ -95.514719258074365, 34.638326914652424 ], [ -95.514713, 34.639277 ], [ -95.514672999999746, 34.645611 ], [ -95.514662999999899, 34.64714 ], [ -95.514663, 34.647178 ] ], [ [ -95.514725, 34.637448 ], [ -95.514724999999856, 34.63744800000012 ], [ -95.514724274254164, 34.637563393618677 ], [ -95.514725, 34.637448 ] ], [ [ -95.514689999999845, 34.635097999999871 ], [ -95.514620423180702, 34.632056347080919 ], [ -95.514708199999916, 34.63589880441792 ], [ -95.514689999999845, 34.635097999999871 ] ], [ [ -95.514539872253522, 34.628742863010892 ], [ -95.514586, 34.630529 ], [ -95.514576, 34.630104 ], [ -95.514539872253522, 34.628742863010892 ] ], [ [ -95.514538992956403, 34.628709795735936 ], [ -95.514481, 34.626534 ], [ -95.514477983276564, 34.625032939828778 ], [ -95.514538992956403, 34.628709795735936 ] ], [ [ -95.514484999999866, 34.624904 ], [ -95.514484999999709, 34.624904 ], [ -95.514483352888504, 34.624941883565377 ], [ -95.514484999999866, 34.624904 ] ], [ [ -95.514808, 34.619219 ], [ -95.514527999999871, 34.624154 ], [ -95.514808, 34.619219 ], [ -95.514808, 34.619219 ] ], [ [ -95.514527999999871, 34.605034 ], [ -95.514344251997912, 34.595652566510999 ], [ -95.514696, 34.613525 ], [ -95.514527999999871, 34.605034 ] ], [ [ -95.549445, 34.594091 ], [ -95.549444999999864, 34.594091 ], [ -95.541904365403369, 34.594110538303916 ], [ -95.549445, 34.594091 ] ], [ [ -95.549939, 34.59409 ], [ -95.549939, 34.59409 ], [ -95.550153831371063, 34.594090893997446 ], [ -95.549939, 34.59409 ] ], [ [ -95.566904, 34.594103 ], [ -95.56690399999988, 34.594103 ], [ -95.566537137741648, 34.594156500746735 ], [ -95.566904, 34.594103 ] ], [ [ -95.567156, 34.594067 ], [ -95.568078333850494, 34.594099183565802 ], [ -95.567010253252818, 34.594087149349519 ], [ -95.567156, 34.594067 ] ], [ [ -95.568409, 34.594111 ], [ -95.568409, 34.594111 ], [ -95.568400748349902, 34.594110715460339 ], [ -95.568409, 34.594111 ] ], [ [ -95.570357999999871, 34.594138 ], [ -95.570423211127618, 34.594135209460383 ], [ -95.570378, 34.594137 ], [ -95.570357999999871, 34.594138 ] ], [ [ -95.570712, 34.594124 ], [ -95.570712, 34.594124 ], [ -95.57063154480835, 34.594127107711415 ], [ -95.570712, 34.594124 ] ], [ [ -95.572126, 34.594124 ], [ -95.572126, 34.594124 ], [ -95.571011, 34.594113 ], [ -95.572126, 34.594124 ] ], [ [ -95.576474, 34.594151 ], [ -95.576474, 34.594151 ], [ -95.576456141602748, 34.594151159449936 ], [ -95.576474, 34.594151 ] ], [ [ -95.578862526191088, 34.59413903442659 ], [ -95.578975, 34.594139000000126 ], [ -95.579330083277426, 34.594137345151331 ], [ -95.578974999999872, 34.594139 ], [ -95.578867999999872, 34.594139000000126 ], [ -95.578862526191088, 34.59413903442659 ] ], [ [ -95.589495, 34.594068 ], [ -95.589495, 34.594068 ], [ -95.589447946822759, 34.59406833393264 ], [ -95.589495, 34.594068 ] ], [ [ -95.589673, 34.594066 ], [ -95.589673, 34.594066 ], [ -95.589669071428546, 34.594066 ], [ -95.589673, 34.594066 ] ], [ [ -95.589993, 34.594064000000124 ], [ -95.590172247258863, 34.594062724492993 ], [ -95.589993, 34.594064000000124 ], [ -95.589828, 34.594065 ], [ -95.589723359767788, 34.594065742129317 ], [ -95.589993, 34.594064000000124 ] ], [ [ -95.606385, 34.593947 ], [ -95.606919476882197, 34.593943455315987 ], [ -95.606373, 34.593947 ], [ -95.606385, 34.593947 ] ], [ [ -95.60884, 34.593932 ], [ -95.609345281028965, 34.593928992420011 ], [ -95.608550912552502, 34.593933645659163 ], [ -95.60884, 34.593932 ] ], [ [ -95.609586, 34.593928 ], [ -95.609586, 34.593928 ], [ -95.6095738333333, 34.593928 ], [ -95.609586, 34.593928 ] ], [ [ -95.611477187039654, 34.593917026590987 ], [ -95.611819047618894, 34.593915 ], [ -95.611814999999808, 34.593915 ], [ -95.611477187039654, 34.593917026590987 ] ], [ [ -95.611868999999885, 34.593915 ], [ -95.611868999999899, 34.593915 ], [ -95.611861066666549, 34.593915 ], [ -95.611868999999885, 34.593915 ] ], [ [ -95.62551, 34.593837 ], [ -95.625509999999863, 34.593837 ], [ -95.625262, 34.593832 ], [ -95.62551, 34.593837 ] ], [ [ -95.644988999999896, 34.593841 ], [ -95.64507, 34.593841 ], [ -95.645083499999885, 34.593841 ], [ -95.645069999999876, 34.593841 ], [ -95.644988999999896, 34.593841 ] ], [ [ -95.645837, 34.593841 ], [ -95.645837, 34.593841 ], [ -95.645578583333219, 34.593841 ], [ -95.645837, 34.593841 ] ], [ [ -95.662787, 34.593845 ], [ -95.662787, 34.593845 ], [ -95.657498556503711, 34.593841732301449 ], [ -95.662787, 34.593845 ] ], [ [ -95.662801999999871, 34.593846 ], [ -95.662801999999829, 34.593846 ], [ -95.662794, 34.593846 ], [ -95.662801999999871, 34.593846 ] ], [ [ -95.663167, 34.593846 ], [ -95.663483142857061, 34.593846 ], [ -95.663143428571345, 34.593846 ], [ -95.663167, 34.593846 ] ], [ [ -95.671516, 34.593851 ], [ -95.671516, 34.593851 ], [ -95.671222, 34.593851 ], [ -95.671516, 34.593851 ] ], [ [ -95.671977, 34.593676000000102 ], [ -95.671977, 34.59367600000013 ], [ -95.671976501757044, 34.593763690804927 ], [ -95.671977, 34.593676000000102 ] ], [ [ -95.672037, 34.587743999999887 ], [ -95.672051994995471, 34.583737375252625 ], [ -95.671980650070424, 34.59328864417423 ], [ -95.672037, 34.587743999999887 ] ], [ [ -95.672053732077785, 34.583381339610952 ], [ -95.672053, 34.583392 ], [ -95.672053, 34.583385 ], [ -95.672053732077785, 34.583381339610952 ] ], [ [ -95.672054, 34.583375 ], [ -95.672053999999818, 34.583375 ], [ -95.672054, 34.583379 ], [ -95.672054, 34.583375 ] ], [ [ -95.672054, 34.583347 ], [ -95.672053999999875, 34.583347000000103 ], [ -95.672054, 34.583360750000736 ], [ -95.672054, 34.583347 ] ], [ [ -95.672054, 34.583265 ], [ -95.672053999999875, 34.583265 ], [ -95.672054, 34.583278750000616 ], [ -95.672054, 34.583265 ] ], [ [ -95.672067, 34.579735 ], [ -95.672056, 34.57961 ], [ -95.672067, 34.57979850002426 ], [ -95.672067, 34.579735 ] ], [ [ -95.671929475220153, 34.577167587782959 ], [ -95.67187, 34.577414999999895 ], [ -95.671909, 34.577294 ], [ -95.671929475220153, 34.577167587782959 ] ], [ [ -95.671932, 34.577152 ], [ -95.671904, 34.576086 ], [ -95.671903, 34.576047 ], [ -95.6719, 34.575778 ], [ -95.671892, 34.575179 ], [ -95.671893986482289, 34.574938635815208 ], [ -95.671892, 34.575179 ], [ -95.671903, 34.576047 ], [ -95.671904, 34.576103 ], [ -95.671932, 34.577152 ] ], [ [ -95.671895007590138, 34.574798590129902 ], [ -95.671899, 34.574432 ], [ -95.671835999999871, 34.573829 ], [ -95.671855, 34.572944 ], [ -95.671856753318494, 34.572514941228839 ], [ -95.671835999999729, 34.573829 ], [ -95.671895007590138, 34.574798590129902 ] ], [ [ -95.671865, 34.570647 ], [ -95.671864, 34.570939 ], [ -95.671865, 34.570674 ], [ -95.671865, 34.570647 ] ], [ [ -95.671859, 34.570138 ], [ -95.67186, 34.570201 ], [ -95.671859, 34.570138 ], [ -95.671859, 34.570081 ], [ -95.671854996885742, 34.56972872632123 ], [ -95.671859, 34.570138 ] ], [ [ -95.671853, 34.569542 ], [ -95.671853, 34.569542 ], [ -95.671853, 34.569544750000212 ], [ -95.671853, 34.569542 ] ], [ [ -95.671865, 34.568363999999889 ], [ -95.671881, 34.564935 ], [ -95.671928307125654, 34.559500271196583 ], [ -95.671852999999814, 34.566024 ], [ -95.671843999999794, 34.567243000000204 ], [ -95.671865, 34.568364 ], [ -95.671854863479879, 34.569252896179982 ], [ -95.671865, 34.568363999999889 ] ], [ [ -95.671976, 34.55372 ], [ -95.671975999999887, 34.55372 ], [ -95.671976, 34.553957750113312 ], [ -95.671976, 34.55372 ] ], [ [ -95.671976, 34.553632 ], [ -95.671977, 34.553412 ], [ -95.671893167110923, 34.543569729772315 ], [ -95.671976, 34.553632 ] ], [ [ -95.671892888888863, 34.543529777790347 ], [ -95.671772, 34.528953 ], [ -95.671753, 34.522998000000115 ], [ -95.66219905829027, 34.513949621547809 ], [ -95.671892888888863, 34.543529777790347 ] ], [ [ -95.655422999999885, 34.507493 ], [ -95.655422999999814, 34.507493 ], [ -95.656273115911873, 34.508304708942127 ], [ -95.655422999999885, 34.507493 ] ], [ [ -95.647222, 34.500069 ], [ -95.641761373792491, 34.494656999030965 ], [ -95.652445999999841, 34.504789 ], [ -95.647222, 34.500069 ] ], [ [ -95.638423, 34.491348000000109 ], [ -95.634670637732967, 34.487810121474887 ], [ -95.638759310342834, 34.49168146655186 ], [ -95.638423, 34.491348000000109 ] ], [ [ -95.630877999999854, 34.484784 ], [ -95.630877999999896, 34.484784 ], [ -95.631710586910103, 34.485403719816198 ], [ -95.630877999999854, 34.484784 ] ], [ [ -95.621867, 34.477098000000105 ], [ -95.621756008755781, 34.47701028997038 ], [ -95.621866999999881, 34.477098 ], [ -95.625806, 34.480633 ], [ -95.625963499999969, 34.480770000112486 ], [ -95.621867, 34.477098000000105 ] ], [ [ -95.613168999999886, 34.469984 ], [ -95.613169, 34.469984 ], [ -95.613588546739123, 34.470327023299205 ], [ -95.613168999999886, 34.469984 ] ], [ [ -95.602848304631024, 34.461737334555707 ], [ -95.590157, 34.45133 ], [ -95.589576724166733, 34.450854540393266 ], [ -95.602848304631024, 34.461737334555707 ] ], [ [ -95.58288, 34.445345 ], [ -95.582879999999818, 34.445345 ], [ -95.584882671903287, 34.447003106225374 ], [ -95.58288, 34.445345 ] ], [ [ -95.578382, 34.441434 ], [ -95.578382, 34.441434 ], [ -95.579442788765292, 34.442355354196032 ], [ -95.578382, 34.441434 ] ], [ [ -95.577995, 34.4411 ], [ -95.577522043983592, 34.440694588046028 ], [ -95.578242702275546, 34.441312462519022 ], [ -95.577995, 34.4411 ] ], [ [ -95.5712, 34.435272 ], [ -95.571933136075884, 34.435901534873857 ], [ -95.5712, 34.435272 ], [ -95.5712, 34.435272 ] ], [ [ -95.572943000000109, 34.43322 ], [ -95.572143, 34.432226 ], [ -95.571861311522724, 34.434493456738082 ], [ -95.572943000000109, 34.43322 ] ], [ [ -95.571821, 34.432229 ], [ -95.571857237817127, 34.432217712812864 ], [ -95.571821, 34.432229 ], [ -95.571821, 34.432229 ] ], [ [ -95.571635502680735, 34.432395584443029 ], [ -95.571289, 34.432563 ], [ -95.571032, 34.432596 ], [ -95.571635502680735, 34.432395584443029 ] ], [ [ -95.569781, 34.432584 ], [ -95.566858, 34.432578 ], [ -95.57075599999979, 34.4326 ], [ -95.569781, 34.432584 ] ], [ [ -96.118742634763393, 34.157141236784121 ], [ -96.102543, 34.157108 ], [ -96.096957, 34.157097 ], [ -96.085899, 34.157027 ], [ -96.085865206896429, 34.157027 ], [ -96.096956999999833, 34.157097 ], [ -96.102543, 34.157108 ], [ -96.109248, 34.157122000000157 ], [ -96.118742634763393, 34.157141236784121 ] ], [ [ -96.085796207747421, 34.157003628091246 ], [ -96.084945, 34.156709000000177 ], [ -96.08555399999976, 34.156831 ], [ -96.085796207747421, 34.157003628091246 ] ], [ [ -96.084793, 34.156678 ], [ -96.084414, 34.156673 ], [ -96.08481579115238, 34.156682411190879 ], [ -96.084793, 34.156678 ] ], [ [ -96.080432, 34.156810000000107 ], [ -96.080432, 34.15681 ], [ -96.074267517947931, 34.157022454726373 ], [ -96.080432, 34.156810000000107 ] ], [ [ -96.051716999999883, 34.157385 ], [ -96.037236969725626, 34.157574878787841 ], [ -96.061580242884929, 34.157256255360785 ], [ -96.051716999999883, 34.157385 ] ], [ [ -96.025022743852873, 34.157337045721334 ], [ -96.036196999999873, 34.157396 ], [ -96.036637999999854, 34.157374 ], [ -96.036857999999881, 34.15758 ], [ -96.025022743852873, 34.157337045721334 ] ], [ [ -95.99896171973441, 34.156850977843618 ], [ -96.00982999999988, 34.157115 ], [ -96.011227047317149, 34.157183495418657 ], [ -96.00983, 34.157115 ], [ -95.99896171973441, 34.156850977843618 ] ], [ [ -96.390198999999882, 34.019222000000184 ], [ -96.390198999999882, 34.019222000000113 ], [ -96.390194401318794, 34.019229303788592 ], [ -96.390198999999882, 34.019222000000184 ] ], [ [ -96.390201, 34.019637 ], [ -96.390201, 34.019637 ], [ -96.390208, 34.021529 ], [ -96.390201, 34.019637 ] ], [ [ -96.389763, 34.020314 ], [ -96.389791655404338, 34.020389257781865 ], [ -96.389763, 34.020314 ], [ -96.389763, 34.020314 ] ], [ [ -96.387817070529096, 34.023266114247477 ], [ -96.388553, 34.022182 ], [ -96.389441155060723, 34.020806551643339 ], [ -96.388553, 34.022182 ], [ -96.38819, 34.022698 ], [ -96.387817070529096, 34.023266114247477 ] ], [ [ -96.38665999999985, 34.025041 ], [ -96.386576235564704, 34.025166527945018 ], [ -96.386753320885347, 34.024897521489571 ], [ -96.38665999999985, 34.025041 ] ], [ [ -96.385247, 34.02718 ], [ -96.385247, 34.02718 ], [ -96.385297822509514, 34.026918957577493 ], [ -96.385247, 34.02718 ] ], [ [ -96.375014, 34.026611 ], [ -96.37300736055208, 34.026583171419333 ], [ -96.376237092272405, 34.026615378612156 ], [ -96.375014, 34.026611 ] ], [ [ -96.372519, 34.039271 ], [ -96.371351999999874, 34.040070000000327 ], [ -96.372519, 34.039271000000156 ], [ -96.373178475334242, 34.047386281294628 ], [ -96.372519, 34.039271 ] ], [ [ -96.355896, 34.053629000000278 ], [ -96.362431999999885, 34.046437000000182 ], [ -96.362104, 34.046714000000172 ], [ -96.361402, 34.047307000000188 ], [ -96.359631999999863, 34.048963000000292 ], [ -96.358869999999854, 34.049770000000251 ], [ -96.358096999999745, 34.050675000000183 ], [ -96.356026, 34.053448000000273 ], [ -96.355896, 34.053629000000136 ], [ -96.3552, 34.05060900000035 ], [ -96.355896, 34.053629000000278 ] ], [ [ -96.355408, 34.050246000000215 ], [ -96.353026, 34.050502000000257 ], [ -96.352227, 34.050621000000113 ], [ -96.352048999999838, 34.05064800000023 ], [ -96.344618, 34.052567 ], [ -96.344281, 34.052256 ], [ -96.343706, 34.052633 ], [ -96.343649098377014, 34.052742271327602 ], [ -96.344281, 34.052256000000177 ], [ -96.344618, 34.052567000000167 ], [ -96.352048999999795, 34.050648000000344 ], [ -96.35404899999979, 34.050440000000357 ], [ -96.355407999999883, 34.0502460000003 ], [ -96.355404, 34.050401000000342 ], [ -96.355398321041079, 34.050636676813589 ], [ -96.355408, 34.050246000000215 ] ], [ [ -96.250084, 34.157247 ], [ -96.250266999999866, 34.157369000000152 ], [ -96.251254, 34.157365000000183 ], [ -96.253048, 34.157358000000137 ], [ -96.255188207488118, 34.157349528505982 ], [ -96.250084, 34.157247 ] ], [ [ -96.247002, 34.157208 ], [ -96.242823639517169, 34.15715624491817 ], [ -96.24745919406584, 34.157214199241665 ], [ -96.247002, 34.157208 ] ], [ [ -96.233953, 34.157172 ], [ -96.24108981445498, 34.157151124492003 ], [ -96.233357628514597, 34.157167772318836 ], [ -96.233953, 34.157172 ] ], [ [ -96.232033497227917, 34.157153495234539 ], [ -96.221309701739173, 34.157139293710173 ], [ -96.223217999999875, 34.15716700000015 ], [ -96.232033497227917, 34.157153495234539 ] ], [ [ -96.220581398407234, 34.157138799930806 ], [ -96.18559999999988, 34.157035 ], [ -96.207923, 34.157067 ], [ -96.211389999999895, 34.157072 ], [ -96.220581398407234, 34.157138799930806 ] ], [ [ -96.181793999999897, 34.157029 ], [ -96.180495276827699, 34.15702728362578 ], [ -96.182890176972407, 34.157030713669172 ], [ -96.181793999999897, 34.157029 ] ], [ [ -96.170876673362443, 34.157013611883855 ], [ -96.144619336840762, 34.156915379407444 ], [ -96.146572, 34.156979 ], [ -96.170876673362443, 34.157013611883855 ] ], [ [ -96.1294, 34.15713 ], [ -96.140824, 34.157065 ], [ -96.143412, 34.156975 ], [ -96.143970864454857, 34.156947333444897 ], [ -96.1294, 34.15713 ] ], [ [ -96.128808121151451, 34.157133140026794 ], [ -96.125264, 34.157154000000155 ], [ -96.128396999999893, 34.157136 ], [ -96.128808121151451, 34.157133140026794 ] ], [ [ -96.389646333333289, 34.019901666703191 ], [ -96.389677, 34.020013 ], [ -96.389677, 34.020013 ], [ -96.389646333333289, 34.019901666703191 ] ], [ [ -96.389365999999825, 34.018827 ], [ -96.389587284368389, 34.019720088773674 ], [ -96.389354812589644, 34.01861518512186 ], [ -96.389365999999825, 34.018827 ] ], [ [ -96.389404999999897, 34.018065 ], [ -96.389370124763431, 34.01829327435609 ], [ -96.389414371983747, 34.018002207710033 ], [ -96.389404999999897, 34.018065 ] ], [ [ -96.389427667761524, 34.017955774157414 ], [ -96.390041, 34.016671 ], [ -96.390080303045963, 34.016575130046455 ], [ -96.389463, 34.017838 ], [ -96.389427667761524, 34.017955774157414 ] ], [ [ -96.390231999999799, 34.016241 ], [ -96.390171982370319, 34.016361749789162 ], [ -96.390271156876892, 34.016125976691498 ], [ -96.390231999999799, 34.016241 ] ], [ [ -96.390326999999886, 34.015993 ], [ -96.390326999999871, 34.015993 ], [ -96.390301164435712, 34.016051817152274 ], [ -96.390326999999886, 34.015993 ] ], [ [ -96.389005, 34.015788 ], [ -96.389005, 34.015788 ], [ -96.386723, 34.01578700000011 ], [ -96.389005, 34.015788 ] ], [ [ -96.386281999999895, 34.01677 ], [ -96.386319161850011, 34.01647315357269 ], [ -96.386247174566208, 34.016832896931056 ], [ -96.386281999999895, 34.01677 ] ], [ [ -96.384632, 34.017043 ], [ -96.383656443194013, 34.017021963654678 ], [ -96.385457, 34.017503 ], [ -96.384632, 34.017043 ] ], [ [ -96.383641, 34.017015 ], [ -96.383341, 34.016823 ], [ -96.383303885010932, 34.016750419583602 ], [ -96.383641, 34.017015 ] ], [ [ -96.383262999999857, 34.016588000000112 ], [ -96.383290420446201, 34.016710145641994 ], [ -96.383266577250836, 34.016547219344204 ], [ -96.383262999999857, 34.016588000000112 ] ], [ [ -96.383224, 34.016328 ], [ -96.383224, 34.016328000000129 ], [ -96.383269383535307, 34.016514397579222 ], [ -96.383224, 34.016328 ] ], [ [ -96.382619800000015, 34.015405600692041 ], [ -96.381669464050717, 34.012150533530559 ], [ -96.38165, 34.012152 ], [ -96.381662999999747, 34.013944 ], [ -96.381685, 34.014081 ], [ -96.382619800000015, 34.015405600692041 ] ], [ [ -96.382177, 34.012131000000103 ], [ -96.382176999999842, 34.012131000000103 ], [ -96.382111280913733, 34.012132724910579 ], [ -96.382177, 34.012131000000103 ] ], [ [ -96.383273, 34.011126 ], [ -96.383261113310667, 34.011095887055149 ], [ -96.38328, 34.012138 ], [ -96.383273, 34.011126 ] ], [ [ -96.383253349060013, 34.010992987968848 ], [ -96.382922, 34.006098 ], [ -96.383015, 34.006163 ], [ -96.383096, 34.006186000000135 ], [ -96.383271999999891, 34.006205 ], [ -96.383268, 34.008515000000124 ], [ -96.383250999999888, 34.010945 ], [ -96.383253349060013, 34.010992987968848 ] ], [ [ -96.382528, 34.005542 ], [ -96.382529322054552, 34.005639171045793 ], [ -96.382487240872692, 34.005263556165247 ], [ -96.382528, 34.005542 ] ], [ [ -96.382785380015974, 34.004938581746437 ], [ -96.382439, 34.004934 ], [ -96.382439, 34.004934 ], [ -96.382785380015974, 34.004938581746437 ] ], [ [ -96.383195, 34.004944 ], [ -96.383198947560459, 34.004631156421489 ], [ -96.383195, 34.004944 ], [ -96.383195, 34.004944 ] ], [ [ -96.383227, 34.003517 ], [ -96.383227, 34.003517 ], [ -96.383215148671994, 34.003908588553642 ], [ -96.383227, 34.003517 ] ], [ [ -96.383741006229315, 34.001791380171575 ], [ -96.386624, 33.993339 ], [ -96.385528941195972, 33.992797085044053 ], [ -96.386623999999884, 33.993339000000134 ], [ -96.383763, 34.001319 ], [ -96.383742999999811, 34.001593 ], [ -96.383741006229315, 34.001791380171575 ] ], [ [ -96.367243160223282, 33.99689157022128 ], [ -96.368079941559358, 33.996844630542036 ], [ -96.369368196169987, 33.996965860531567 ], [ -96.367243160223282, 33.99689157022128 ] ], [ [ -96.362345227770362, 33.9975511282261 ], [ -96.364635999999891, 33.99724500000017 ], [ -96.365718947727188, 33.997095169104341 ], [ -96.362345227770362, 33.9975511282261 ] ], [ [ -96.360292999999714, 33.997656000000262 ], [ -96.361284382910085, 33.997638237399876 ], [ -96.358033363636238, 33.997656000000291 ], [ -96.360292999999714, 33.997656000000262 ] ], [ [ -96.357845908283039, 33.997655851569036 ], [ -96.35716, 33.99765400000026 ], [ -96.356260999999733, 33.997651000000175 ], [ -96.357159999999837, 33.99765400000026 ], [ -96.357845908283039, 33.997655851569036 ] ], [ [ -96.355510999999723, 33.997648000000268 ], [ -96.355087499999797, 33.997647000000214 ], [ -96.356260999999733, 33.997651000000175 ], [ -96.355510999999723, 33.997648000000268 ] ], [ [ -96.35442699999976, 33.997645000000233 ], [ -96.354429733146929, 33.997645011532491 ], [ -96.354407522731108, 33.997644944562083 ], [ -96.35442699999976, 33.997645000000233 ] ], [ [ -96.352074999999843, 33.997642000000305 ], [ -96.352957808510482, 33.997642000000155 ], [ -96.351510595744557, 33.997642000000155 ], [ -96.352074999999843, 33.997642000000305 ] ], [ [ -96.350597333333127, 33.997642000000141 ], [ -96.350163999999737, 33.997642000000226 ], [ -96.350025624999716, 33.997642000000212 ], [ -96.350163999999722, 33.99764200000029 ], [ -96.350597333333127, 33.997642000000141 ] ], [ [ -96.344868999999846, 33.997621000000187 ], [ -96.346937455586513, 33.997622168266233 ], [ -96.342225616924154, 33.997634970314749 ], [ -96.344868999999846, 33.997621000000187 ] ], [ [ -96.340686, 33.997629000000167 ], [ -96.3422199999996, 33.997635000000258 ], [ -96.340686334195595, 33.997610619241563 ], [ -96.340686, 33.997629000000167 ] ], [ [ -96.339622999999733, 33.997569000000162 ], [ -96.339622999999676, 33.997569000000318 ], [ -96.340049200450807, 33.997571092637486 ], [ -96.339622999999733, 33.997569000000162 ] ], [ [ -96.33761, 33.997612000000146 ], [ -96.338037999999699, 33.99761600000015 ], [ -96.337578892675225, 33.997611684805172 ], [ -96.33761, 33.997612000000146 ] ], [ [ -96.331613999999817, 33.997571000000306 ], [ -96.332488999999754, 33.997573000000152 ], [ -96.331551884310286, 33.997567291600781 ], [ -96.331613999999817, 33.997571000000306 ] ], [ [ -96.328865999999849, 33.997562000000435 ], [ -96.331287397683411, 33.997566515848156 ], [ -96.32830077076693, 33.997559450093945 ], [ -96.328865999999849, 33.997562000000435 ] ], [ [ -96.3272753855952, 33.997556045911608 ], [ -96.320790999999815, 33.997555000000403 ], [ -96.322516999999721, 33.997561000000218 ], [ -96.32362599999982, 33.99756600000044 ], [ -96.3272753855952, 33.997556045911608 ] ], [ [ -96.320024999999745, 33.997551000000421 ], [ -96.320549859994372, 33.997553237761359 ], [ -96.320517999999808, 33.997553000000217 ], [ -96.320024999999788, 33.997551000000328 ], [ -96.319452999999811, 33.997548000000201 ], [ -96.319447260667502, 33.997547973912326 ], [ -96.320024999999745, 33.997551000000421 ] ], [ [ -96.31627, 33.997538000000226 ], [ -96.317646181818034, 33.997541818182057 ], [ -96.316081011480506, 33.997538571826311 ], [ -96.31627, 33.997538000000226 ] ], [ [ -96.312502, 33.997550000000352 ], [ -96.313129556988187, 33.997547081130563 ], [ -96.311503369439734, 33.997601319686574 ], [ -96.312502, 33.997550000000352 ] ], [ [ -96.303899999999871, 33.997862000000417 ], [ -96.30642827728559, 33.998095624093978 ], [ -96.30333599999976, 33.997792000000167 ], [ -96.303899999999871, 33.997862000000417 ] ], [ [ -96.299089999999808, 33.997513000000296 ], [ -96.301569999999742, 33.997596000000314 ], [ -96.30051799999984, 33.99753 ], [ -96.299089999999808, 33.997513000000296 ] ], [ [ -96.294625999999823, 33.997533000000239 ], [ -96.294625999999752, 33.997533000000352 ], [ -96.297485999999708, 33.997544000000218 ], [ -96.294625999999823, 33.997533000000239 ] ], [ [ -96.285882, 33.989133 ], [ -96.285882, 33.989133 ], [ -96.285866999999882, 33.991623 ], [ -96.285882, 33.989133 ] ], [ [ -96.285857, 33.986292 ], [ -96.285866834736893, 33.986759661205667 ], [ -96.285859395114457, 33.985299837377163 ], [ -96.285857, 33.986292 ] ], [ [ -96.285912, 33.974053 ], [ -96.285911666893909, 33.974627278645421 ], [ -96.285916451848038, 33.973359262284781 ], [ -96.285912, 33.974053 ] ], [ [ -96.285933, 33.968570000000113 ], [ -96.285933, 33.968570000000113 ], [ -96.285930724011266, 33.968908112754761 ], [ -96.285933, 33.968570000000113 ] ], [ [ -96.264841, 33.968481 ], [ -96.266245, 33.968479 ], [ -96.264407595590214, 33.968485592155531 ], [ -96.264841, 33.968481 ] ], [ [ -96.256366720274443, 33.968509142665916 ], [ -96.253674999999888, 33.968524 ], [ -96.252078076922984, 33.968524 ], [ -96.253675, 33.968524 ], [ -96.256366720274443, 33.968509142665916 ] ], [ [ -96.251085, 33.963526 ], [ -96.251083878137734, 33.963775727802819 ], [ -96.251084151223793, 33.963359640277332 ], [ -96.251085, 33.963526 ] ], [ [ -96.387169, 33.987209 ], [ -96.387168999999844, 33.987209 ], [ -96.387031467682377, 33.987715982046808 ], [ -96.387169, 33.987209 ] ], [ [ -96.386851, 33.988359 ], [ -96.386850999999851, 33.988359 ], [ -96.386614681670494, 33.989250294534749 ], [ -96.386851, 33.988359 ] ], [ [ -96.386358999999828, 33.990122 ], [ -96.38615244658267, 33.990870711400461 ], [ -96.386386734082521, 33.99002707934401 ], [ -96.386358999999828, 33.990122 ] ], [ [ -96.385650259796947, 33.992354676740035 ], [ -96.386052, 33.991247999999892 ], [ -96.386064388119337, 33.99120102841789 ], [ -96.386052, 33.991247999999892 ], [ -96.385951, 33.9915120000001 ], [ -96.385918999999859, 33.991600000000119 ], [ -96.385672999999898, 33.99229 ], [ -96.385650259796947, 33.992354676740035 ] ], [ [ -96.370932813720103, 33.997432273430213 ], [ -96.370932813720103, 33.997432273430199 ], [ -96.37092294811471, 33.997456671858878 ], [ -96.370932813720103, 33.997432273430213 ] ], [ [ -96.372133999999875, 34.026588000000302 ], [ -96.368671640095826, 34.026596695755714 ], [ -96.372816463735077, 34.02658133829884 ], [ -96.372133999999875, 34.026588000000302 ] ], [ [ -96.366883999999629, 34.021730000000161 ], [ -96.366691, 34.024709000000229 ], [ -96.366845999999811, 34.023217000000301 ], [ -96.366883999999629, 34.021730000000161 ] ], [ [ -96.36670899999973, 34.021730000000147 ], [ -96.366840249999697, 34.021730000000147 ], [ -96.36670899999973, 34.021730000000119 ], [ -96.36670899999973, 34.021730000000147 ] ], [ [ -96.366847999999806, 34.019542000000307 ], [ -96.366940046158547, 34.018889084042058 ], [ -96.366749862716674, 34.020625437499753 ], [ -96.366847999999806, 34.019542000000307 ] ], [ [ -96.367328999999799, 34.017338000000215 ], [ -96.367328999999742, 34.017338000000201 ], [ -96.367236831801904, 34.017663237757866 ], [ -96.367328999999799, 34.017338000000215 ] ], [ [ -96.367946999999845, 34.016235000000215 ], [ -96.367946999999859, 34.016235000000243 ], [ -96.368150914197486, 34.015733567609786 ], [ -96.367946999999845, 34.016235000000215 ] ], [ [ -96.368759999999881, 34.008508000000212 ], [ -96.370882999999765, 34.008749000000215 ], [ -96.369904596918133, 34.011301589405583 ], [ -96.368759999999881, 34.008508000000212 ] ], [ [ -96.368237999999863, 34.008599000000302 ], [ -96.367438890736338, 34.008999385499294 ], [ -96.368759999999881, 34.008508000000212 ], [ -96.368237999999863, 34.008599000000302 ] ], [ [ -96.366546932756691, 34.00916716249246 ], [ -96.366546932756776, 34.009167162492453 ], [ -96.366712555355164, 34.008592209888072 ], [ -96.366546932756691, 34.00916716249246 ] ], [ [ -96.367187474646116, 34.00694354367873 ], [ -96.367187474646158, 34.006943543678709 ], [ -96.367512497040209, 34.00588187891038 ], [ -96.367187474646116, 34.00694354367873 ] ], [ [ -96.370770703491985, 33.997830173476174 ], [ -96.369846155693722, 34.000085501585431 ], [ -96.369264916390065, 34.001520426355505 ], [ -96.370770703491985, 33.997830173476174 ] ], [ [ -96.299003, 34.024527 ], [ -96.299003015241254, 34.0245176760207 ], [ -96.299003, 34.024527 ], [ -96.299003, 34.024527 ] ], [ [ -96.407798, 34.055692 ], [ -96.39901, 34.055679 ], [ -96.397297, 34.055725 ], [ -96.396278999999879, 34.055775 ], [ -96.394587, 34.05572 ], [ -96.394294, 34.055711 ], [ -96.393562, 34.055705 ], [ -96.39036, 34.055696 ], [ -96.387973, 34.055656 ], [ -96.386469, 34.055644 ], [ -96.385612999999864, 34.055639 ], [ -96.38417, 34.055667 ], [ -96.378879, 34.05563 ], [ -96.377753, 34.055633 ], [ -96.375012, 34.05569 ], [ -96.37384, 34.055668 ], [ -96.369334, 34.055633000000128 ], [ -96.375012, 34.05569 ], [ -96.377752999999885, 34.055633000000135 ], [ -96.384169999999855, 34.055667000000128 ], [ -96.385612999999807, 34.055639000000127 ], [ -96.396278999999822, 34.05577500000021 ], [ -96.407798, 34.055692 ], [ -96.407802, 34.060069000000219 ], [ -96.407805, 34.061856 ], [ -96.407814, 34.063861 ], [ -96.40781300025894, 34.065461585282485 ], [ -96.407814, 34.063861 ], [ -96.407798, 34.055692 ] ], [ [ -96.371551999999895, 34.050724 ], [ -96.371552, 34.050724 ], [ -96.372067733315376, 34.049592906035343 ], [ -96.371551999999895, 34.050724 ] ], [ [ -96.343267, 34.052607 ], [ -96.338099, 34.056184 ], [ -96.343592999999871, 34.05285 ], [ -96.343267, 34.052607 ] ], [ [ -96.338135, 34.058840000000117 ], [ -96.338133999999897, 34.059797 ], [ -96.338133999999897, 34.059797 ], [ -96.338135, 34.058840000000117 ] ], [ [ -96.338133, 34.062818 ], [ -96.338133770221432, 34.062758725659741 ], [ -96.338133, 34.062818 ], [ -96.338133, 34.062818 ] ], [ [ -96.33792095158563, 34.077887179261346 ], [ -96.324169, 34.091549 ], [ -96.323464, 34.092146 ], [ -96.322867, 34.092532 ], [ -96.320637, 34.094273 ], [ -96.319702, 34.095021 ], [ -96.319023, 34.095587 ], [ -96.318031, 34.096363 ], [ -96.317306, 34.096973 ], [ -96.316936, 34.097347 ], [ -96.314893999999867, 34.099031 ], [ -96.314755, 34.099146 ], [ -96.314552, 34.099314 ], [ -96.314323839715627, 34.099515721114869 ], [ -96.33792095158563, 34.077887179261346 ] ], [ [ -96.314306738234947, 34.099530841062212 ], [ -96.294302, 34.117049 ], [ -96.282549, 34.125143 ], [ -96.281116, 34.126212 ], [ -96.27965799999987, 34.127332000000123 ], [ -96.27843, 34.128338 ], [ -96.276307013009074, 34.13024291493501 ], [ -96.282549, 34.125143000000143 ], [ -96.294302, 34.117049 ], [ -96.298554999999894, 34.11377300000013 ], [ -96.299184, 34.113263000000224 ], [ -96.30071, 34.11199 ], [ -96.301563, 34.111267 ], [ -96.302513, 34.11044 ], [ -96.303925, 34.10918 ], [ -96.314306738234947, 34.099530841062212 ] ], [ [ -96.2734, 34.133219 ], [ -96.2734, 34.133219 ], [ -96.27604397912549, 34.130493839101781 ], [ -96.2734, 34.133219 ] ], [ [ -96.270997, 34.136236 ], [ -96.269669697722662, 34.138033568239386 ], [ -96.271177387408201, 34.136015262852887 ], [ -96.270997, 34.136236 ] ], [ [ -96.269078999999792, 34.138883000000106 ], [ -96.269078999999849, 34.138883 ], [ -96.268734313837996, 34.139431663318398 ], [ -96.269078999999792, 34.138883000000106 ] ], [ [ -96.266556326890964, 34.143346434404265 ], [ -96.268021, 34.140612 ], [ -96.267355, 34.141830000000134 ], [ -96.266793, 34.142897 ], [ -96.266556326890964, 34.143346434404265 ] ], [ [ -96.265418, 34.145636 ], [ -96.265418, 34.145636 ], [ -96.265295493299718, 34.14589557015119 ], [ -96.265418, 34.145636 ] ], [ [ -96.259731, 34.157331 ], [ -96.262609022024662, 34.151449451747553 ], [ -96.258012499999907, 34.157338 ], [ -96.259731, 34.157331 ] ], [ [ -96.256124999999884, 34.157346000000132 ], [ -96.256125, 34.157346 ], [ -96.255871724247896, 34.157346849918675 ], [ -96.256124999999884, 34.157346000000132 ] ], [ [ -96.343069, 34.157210000000156 ], [ -96.343069, 34.15721000000017 ], [ -96.343713816451, 34.15720836637184 ], [ -96.343069, 34.157210000000156 ] ], [ [ -96.306647, 34.157192000000101 ], [ -96.306640497297892, 34.157192119380163 ], [ -96.306665476529417, 34.157191649734258 ], [ -96.306647, 34.157192000000101 ] ], [ [ -95.701831693419251, 34.471451398062243 ], [ -95.701614, 34.470756 ], [ -95.701912587709529, 34.472270671732261 ], [ -95.701831693419251, 34.471451398062243 ] ], [ [ -95.681593844193458, 34.429534834052397 ], [ -95.681592, 34.43003 ], [ -95.681598902631578, 34.430047983867695 ], [ -95.681593844193458, 34.429534834052397 ] ], [ [ -95.657653, 34.309576 ], [ -95.657657, 34.309154 ], [ -95.657662, 34.309855 ], [ -95.657653, 34.309576 ] ], [ [ -94.937482883157969, 34.593521233683973 ], [ -94.937482999999887, 34.593521000000187 ], [ -94.937482999999887, 34.593521000000152 ], [ -94.937482883157969, 34.593521233683973 ] ], [ [ -94.937481999999889, 34.593483 ], [ -94.937481999999875, 34.593483 ], [ -94.937482954692953, 34.593519278337276 ], [ -94.937481999999889, 34.593483 ] ], [ [ -94.937422, 34.574231 ], [ -94.937423, 34.574352 ], [ -94.937422, 34.574219200007683 ], [ -94.937422, 34.574231 ] ], [ [ -94.937396999999848, 34.563388 ], [ -94.937398196423146, 34.563569258244286 ], [ -94.937396727272571, 34.563309181917809 ], [ -94.937396999999848, 34.563388 ] ], [ [ -94.937591, 34.549221 ], [ -94.937591057286895, 34.549219596472611 ], [ -94.937591, 34.549221 ], [ -94.937591, 34.549221 ] ], [ [ -94.937574, 34.54183 ], [ -94.937574, 34.54183 ], [ -94.937600497769509, 34.548872003844075 ], [ -94.937574, 34.54183 ] ], [ [ -94.93754, 34.541424 ], [ -94.93754027165231, 34.541429433048712 ], [ -94.937538076758216, 34.541329040110469 ], [ -94.93754, 34.541424 ] ], [ [ -94.937517, 34.539711000000146 ], [ -94.937518185513625, 34.53977264674279 ], [ -94.937513460550676, 34.539526948949572 ], [ -94.937517, 34.539711000000146 ] ], [ [ -94.937505, 34.539082400000055 ], [ -94.937505, 34.539084 ], [ -94.937505, 34.539083 ], [ -94.937505, 34.539082400000055 ] ], [ [ -94.937495, 34.538789 ], [ -94.937495787248253, 34.538811830205326 ], [ -94.937494602344685, 34.538783035171193 ], [ -94.937495, 34.538789 ] ], [ [ -94.937492, 34.538718 ], [ -94.937492, 34.5387215000002 ], [ -94.937491499999894, 34.538714 ], [ -94.937492, 34.538718 ] ], [ [ -94.937491, 34.53868 ], [ -94.937491, 34.53868 ], [ -94.937491, 34.538698500000848 ], [ -94.937491, 34.538687 ], [ -94.937491, 34.53868 ] ], [ [ -94.93749, 34.538638000000127 ], [ -94.93749, 34.538653000000991 ], [ -94.93749, 34.538644 ], [ -94.93749, 34.538638000000127 ] ], [ [ -94.937488, 34.5386 ], [ -94.937488915008046, 34.538616012642734 ], [ -94.937485, 34.538495 ], [ -94.937488, 34.5386 ] ], [ [ -94.937484, 34.537973 ], [ -94.937484533333276, 34.537907933355548 ], [ -94.937484, 34.537973 ], [ -94.937484, 34.537973 ] ], [ [ -94.937484, 34.537844 ], [ -94.937484, 34.537844 ], [ -94.937485, 34.537851 ], [ -94.937484, 34.537844 ] ], [ [ -94.937539, 34.532293000000109 ], [ -94.937539, 34.532293000000138 ], [ -94.937538, 34.532571 ], [ -94.937537998111154, 34.532572059009951 ], [ -94.937539, 34.532293000000109 ] ], [ [ -94.937539, 34.531905 ], [ -94.937539, 34.532140600038851 ], [ -94.937539, 34.532075 ], [ -94.937539, 34.531905 ] ], [ [ -94.937539133333317, 34.531900666668307 ], [ -94.937541, 34.53184 ], [ -94.937541, 34.53184 ], [ -94.937539133333317, 34.531900666668307 ] ], [ [ -94.937543, 34.530991 ], [ -94.937543, 34.530991 ], [ -94.937542499475455, 34.53117544389638 ], [ -94.937543, 34.530991 ] ], [ [ -94.937553, 34.527024 ], [ -94.937552012972404, 34.527024987027637 ], [ -94.937553002471773, 34.527022919830642 ], [ -94.937553, 34.527024 ] ], [ [ -94.937604599361521, 34.506976031292965 ], [ -94.937605, 34.506831 ], [ -94.937605, 34.506831 ], [ -94.937604599361521, 34.506976031292965 ] ], [ [ -94.939122999999867, 34.506888 ], [ -94.938657999999819, 34.506893 ], [ -94.938989999999805, 34.506915000000113 ], [ -94.939122999999867, 34.506888 ] ], [ [ -94.939912, 34.506547 ], [ -94.939850474644771, 34.506558259543297 ], [ -94.940667264184839, 34.506490811270659 ], [ -94.939912, 34.506547 ] ], [ [ -94.940946999999838, 34.506470000000128 ], [ -94.941385, 34.50658 ], [ -94.941359, 34.506553 ], [ -94.940946999999838, 34.506470000000128 ] ], [ [ -94.941817, 34.506646 ], [ -94.941817, 34.506646 ], [ -94.941584, 34.506569 ], [ -94.941817, 34.506646 ] ], [ [ -94.942374, 34.506838 ], [ -94.942001931726068, 34.506755212432289 ], [ -94.942399633289796, 34.506838236251625 ], [ -94.942374, 34.506838 ] ], [ [ -94.966989642609406, 34.507108011439911 ], [ -94.944925, 34.506928 ], [ -94.966986999999875, 34.507108 ], [ -94.966989642609406, 34.507108011439911 ] ], [ [ -94.967284, 34.507109 ], [ -94.967342, 34.507109 ], [ -94.967256210526287, 34.507109 ], [ -94.967284, 34.507109 ] ], [ [ -94.967606999999802, 34.507109 ], [ -94.967629, 34.507109 ], [ -94.967352999999861, 34.507109 ], [ -94.967606999999802, 34.507109 ] ], [ [ -94.967636999999868, 34.507109 ], [ -94.968492215893207, 34.507108444665008 ], [ -94.967629, 34.507109 ], [ -94.967636999999868, 34.507109 ] ], [ [ -94.982613, 34.507095000000135 ], [ -94.973311278263751, 34.507103999879909 ], [ -94.987173064192504, 34.507090503528936 ], [ -94.982613, 34.507095000000135 ] ], [ [ -94.991343, 34.507087000000141 ], [ -94.99767826505574, 34.507079860868956 ], [ -94.989999499999811, 34.507088 ], [ -94.991343, 34.507087000000141 ] ], [ [ -95.009544, 34.507115 ], [ -95.00569621133576, 34.507097886040754 ], [ -95.011571659090336, 34.507123928485726 ], [ -95.009544, 34.507115 ] ], [ [ -95.013362, 34.507132 ], [ -95.012846333333371, 34.507129666666799 ], [ -95.01382, 34.507134 ], [ -95.013362, 34.507132 ] ], [ [ -95.014129, 34.507135 ], [ -95.014109999999803, 34.507135 ], [ -95.014119999999892, 34.507135 ], [ -95.014129, 34.507135 ] ], [ [ -95.014237999999764, 34.507136000000102 ], [ -95.02389999999987, 34.50718100000018 ], [ -95.024856, 34.507185 ], [ -95.029200999999887, 34.507193 ], [ -95.037819019096744, 34.507208035336724 ], [ -95.014237999999764, 34.507136000000102 ] ], [ [ -95.040736535587413, 34.5072143179151 ], [ -95.044742999999798, 34.507224000000171 ], [ -95.044967, 34.507225 ], [ -95.046746, 34.507229 ], [ -95.046746274378748, 34.507175496189475 ], [ -95.040736535587413, 34.5072143179151 ] ], [ [ -95.046731, 34.484087 ], [ -95.046731, 34.484087 ], [ -95.04673099708144, 34.484086247013074 ], [ -95.046731, 34.484087 ] ], [ [ -95.046731, 34.483796 ], [ -95.046731, 34.483801500000098 ], [ -95.046731, 34.483799 ], [ -95.046731, 34.483796 ] ], [ [ -95.046731, 34.4837780000001 ], [ -95.046731, 34.483791200000098 ], [ -95.046731, 34.483787 ], [ -95.046731, 34.4837780000001 ] ], [ [ -95.046731, 34.483720000001028 ], [ -95.046731, 34.483740285714731 ], [ -95.046731, 34.483733000000107 ], [ -95.046731, 34.483720000001028 ] ], [ [ -95.046753, 34.477546 ], [ -95.046750249999974, 34.478310274503706 ], [ -95.046753143043802, 34.477516962128078 ], [ -95.046753, 34.477546 ] ], [ [ -95.04668, 34.456045 ], [ -95.046697175055058, 34.460676466731243 ], [ -95.046679000416518, 34.455797770426663 ], [ -95.04668, 34.456045 ] ], [ [ -95.046700081966549, 34.450379457326619 ], [ -95.046703, 34.449747000000151 ], [ -95.046703, 34.449757 ], [ -95.046700081966549, 34.450379457326619 ] ], [ [ -95.046742, 34.441681 ], [ -95.046742, 34.441681 ], [ -95.04674, 34.441993 ], [ -95.04673800305676, 34.442382744034767 ], [ -95.046742, 34.441681 ] ], [ [ -95.046761, 34.437816 ], [ -95.046760656467271, 34.437859628678389 ], [ -95.046761436176013, 34.437712045095871 ], [ -95.046761, 34.437816 ] ], [ [ -95.046767999999872, 34.436258666666788 ], [ -95.046767999999872, 34.436269555555839 ], [ -95.046768, 34.436266 ], [ -95.046767999999872, 34.436258666666788 ] ], [ [ -95.046767999999872, 34.436242 ], [ -95.046768006146721, 34.436241723391447 ], [ -95.046767999999872, 34.436242 ], [ -95.046767999999872, 34.436242 ] ], [ [ -95.046772, 34.419364 ], [ -95.046776, 34.420851999999883 ], [ -95.046767, 34.417547 ], [ -95.046772, 34.419364 ] ] ] } },
{ "type": "Feature", "properties": { "district_id": 4, "voting_age_pop": 564138, "lib_votes": 0, "grn_votes": 0, "con_votes": 0, "ref_votes": 0, "total_pop": 753057, "dem_votes_sum": 149013488, "rep_votes_sum": 162832, "lib_votes_sum": 0, "grn_votes_sum": 0, "con_votes_sum": 0, "ref_votes_sum": 0, "minority_pop_sum": 299762, "dem_pct": 0.99890845946595275, "rep_pct": 0.0010915405340472268, "lib_pct": 0.0, "grn_pct": 0.0, "con_pct": 0.0, "ref_pct": 0.0, "minority_pct": 0.39806017339988869, "compactness": 0.17229399463419015 }, "geometry": { "type": "Polygon", "coordinates": [ [ [ -99.466383, 34.3959 ], [ -99.515385, 34.414333 ], [ -99.574367, 34.418281 ], [ -99.600026, 34.374688 ], [ -99.69497, 34.378333 ], [ -99.923211, 34.574552 ], [ -99.953817, 34.578527000000157 ], [ -99.971606, 34.562169 ], [ -100.000277, 34.560450000000138 ], [ -100.000406, 36.499702 ], [ -103.002434, 36.500397 ], [ -103.002199, 37.000104 ], [ -98.363776, 36.998034 ], [ -98.329656, 36.8938 ], [ -98.347355, 36.861379 ], [ -98.32407, 36.822231000000109 ], [ -98.311397, 36.820010000000231 ], [ -98.300514, 36.838989999999868 ], [ -98.241647, 36.828332 ], [ -98.199146, 36.78903 ], [ -98.194532999999893, 36.770072000000297 ], [ -98.137771, 36.743815 ], [ -98.131669, 36.750178 ], [ -98.128359, 36.751997000000273 ], [ -98.135819, 36.743786 ], [ -98.206270999999873, 36.700185 ], [ -98.225207999999725, 36.702447000000312 ], [ -98.230664999999689, 36.683943000000163 ], [ -98.199686999999798, 36.680818000000187 ], [ -98.199770999999771, 36.695299 ], [ -98.181901999999809, 36.695240000000268 ], [ -98.162829, 36.724046 ], [ -98.127969, 36.716844 ], [ -98.109957999999892, 36.724051 ], [ -98.109511999999881, 36.622631000000197 ], [ -98.217074, 36.622723 ], [ -98.220436, 36.463376 ], [ -98.104426999999859, 36.463105 ], [ -98.103904, 36.164877 ], [ -97.675617, 36.164663 ], [ -97.675644999999847, 36.014725 ], [ -97.532885, 36.014613 ], [ -97.532844, 35.949619999999875 ], [ -97.512131, 35.907354 ], [ -97.591116, 35.887673000000127 ], [ -97.58495, 35.725791 ], [ -97.531857, 35.725654000000112 ], [ -97.531911, 35.696395 ], [ -97.567213, 35.696749 ], [ -97.567153, 35.623734000000105 ], [ -97.531242, 35.62353 ], [ -97.531626, 35.60902 ], [ -97.620769, 35.608689 ], [ -97.620682, 35.580132 ], [ -97.638451, 35.580061 ], [ -97.638132, 35.551108 ], [ -97.623885999999814, 35.55056 ], [ -97.636683, 35.522386 ], [ -97.601190999999815, 35.522329000000148 ], [ -97.610021999999887, 35.493287000000102 ], [ -97.654285, 35.493281 ], [ -97.671449, 35.486074 ], [ -97.671419, 35.460204 ], [ -97.706877, 35.46065 ], [ -97.706913, 35.449634 ], [ -97.671431, 35.448452 ], [ -97.671387999999865, 35.420777 ], [ -97.601025, 35.422984 ], [ -97.601084, 35.447992 ], [ -97.583308, 35.448101 ], [ -97.583323, 35.420722 ], [ -97.557287, 35.405157 ], [ -97.565344, 35.348587 ], [ -97.586486, 35.348518 ], [ -97.595536, 35.325732 ], [ -97.600137, 35.276473 ], [ -97.617845, 35.276432 ], [ -97.617844999999861, 35.247405 ], [ -97.653202, 35.247395 ], [ -97.653206999999895, 35.218346 ], [ -97.599914, 35.218377 ], [ -97.599721, 35.182220000000122 ], [ -97.564628, 35.18183 ], [ -97.564691999999866, 35.131544000000162 ], [ -97.529903, 35.131502 ], [ -97.529799, 35.102471 ], [ -97.47694, 35.10246 ], [ -97.459133, 35.073311000000125 ], [ -97.425955999999871, 35.0731660000001 ], [ -97.388328412771813, 35.056475776311139 ], [ -97.415740751619353, 35.087834751619596 ], [ -97.317912, 35.072852 ], [ -97.142009, 35.072792 ], [ -97.142035999999834, 34.942361 ], [ -97.144077, 34.927417 ], [ -97.196172, 34.92825 ], [ -97.198413, 34.939844 ], [ -97.217896, 34.944277 ], [ -97.229406, 34.931659 ], [ -97.251317, 34.948448 ], [ -97.263784999999842, 34.927833000000177 ], [ -97.2479, 34.92778 ], [ -97.247819, 34.855228 ], [ -97.286403999999891, 34.855165 ], [ -97.311689417519233, 34.920637222487656 ], [ -97.370985975829399, 34.971576394743323 ], [ -97.324993999999819, 34.855184 ], [ -97.352546, 34.855280000000121 ], [ -97.326709, 34.768202 ], [ -97.352791, 34.768185 ], [ -97.353378, 34.724624000000148 ], [ -97.440403, 34.724634 ], [ -97.440377999999811, 34.681073999999875 ], [ -97.501055, 34.681001 ], [ -97.527834, 34.695549 ], [ -97.528244999999842, 34.681129 ], [ -97.562757, 34.67761 ], [ -97.563183, 34.507026 ], [ -97.352109999999882, 34.506788 ], [ -97.352157999999775, 34.376227 ], [ -97.144847999999882, 34.376133 ], [ -97.156517, 34.318141 ], [ -97.108061, 34.318021 ], [ -97.101078, 34.244408 ], [ -97.150201999999865, 34.244622000000149 ], [ -97.159072999999864, 34.267351 ], [ -97.202586, 34.2821870000001 ], [ -97.261775999999898, 34.276011 ], [ -97.317437, 34.306214000000168 ], [ -97.317447999999871, 34.332658 ], [ -97.352103, 34.332594 ], [ -97.35213, 34.274495000000123 ], [ -97.387122, 34.260018 ], [ -97.387178, 34.230913000000136 ], [ -97.439663999999894, 34.230903 ], [ -97.447247, 34.250619000000107 ], [ -97.457261523596145, 34.201899367492061 ], [ -97.492234999999866, 34.201957 ], [ -97.492262, 34.187409 ], [ -97.50968599999976, 34.187435 ], [ -97.509715, 34.216466 ], [ -97.527328, 34.216499000000148 ], [ -97.527289999999894, 34.202002 ], [ -97.562614, 34.201998 ], [ -97.562575, 34.289182 ], [ -97.842208, 34.296568 ], [ -97.842386, 34.340055 ], [ -97.772286, 34.347421 ], [ -97.772322, 34.362808 ], [ -97.789815, 34.363128 ], [ -97.772297, 34.376475 ], [ -97.772395, 34.405364 ], [ -97.824606, 34.412839 ], [ -97.824964, 34.43458 ], [ -97.894827, 34.434542 ], [ -97.894906, 34.405407 ], [ -97.964956, 34.401248999999886 ], [ -97.964892999999833, 34.37638 ], [ -97.982103999999865, 34.376340000000148 ], [ -97.982166, 34.289104 ], [ -98.139226, 34.289775 ], [ -98.139072, 34.14187 ], [ -98.157412, 34.120467 ], [ -98.187213, 34.115341 ], [ -98.232474, 34.134641 ], [ -98.290843, 34.132424 ], [ -98.365621, 34.156993 ], [ -98.384380999999848, 34.146317 ], [ -98.380093, 34.130831 ], [ -98.398441, 34.128456 ], [ -98.414426, 34.085074000000148 ], [ -98.483550999999864, 34.062277 ], [ -98.560976999999866, 34.123922 ], [ -98.55088, 34.132583 ], [ -98.599789, 34.160571 ], [ -98.648072999999883, 34.164441 ], [ -98.690072, 34.133155 ], [ -98.734287, 34.135758000000152 ], [ -98.757037, 34.124633 ], [ -98.812954, 34.158444 ], [ -98.855585, 34.161621 ], [ -98.868116, 34.149635 ], [ -98.872922, 34.166584 ], [ -98.918333, 34.181831 ], [ -98.951284, 34.212189 ], [ -98.972609, 34.202591 ], [ -98.988172, 34.221310000000159 ], [ -99.044463, 34.198106000000145 ], [ -99.079392, 34.21155 ], [ -99.12664, 34.203064 ], [ -99.130443, 34.219478 ], [ -99.153653, 34.207328 ], [ -99.189776, 34.214357 ], [ -99.195403, 34.280849 ], [ -99.211448, 34.292247 ], [ -99.206905, 34.338277 ], [ -99.232632, 34.33887200000013 ], [ -99.236494, 34.365805 ], [ -99.274415, 34.384349 ], [ -99.258917, 34.391255 ], [ -99.261275, 34.403508 ], [ -99.280045, 34.400655 ], [ -99.294632, 34.415381 ], [ -99.319602, 34.408879 ], [ -99.35897, 34.455807 ], [ -99.378267, 34.458161 ], [ -99.395187, 34.44203 ], [ -99.387181, 34.410842 ], [ -99.400334, 34.374623 ], [ -99.424897, 34.385823000000144 ], [ -99.436474, 34.370539 ], [ -99.453787, 34.388663 ], [ -99.461053, 34.380666 ], [ -99.466383, 34.3959 ] ], [ [ -98.540792, 36.681214000000153 ], [ -98.540589999999696, 36.681215 ], [ -98.540589999999696, 36.681215 ], [ -98.540792, 36.681214000000153 ] ], [ [ -98.543827, 36.681235 ], [ -98.545175748103048, 36.68123699077217 ], [ -98.540792, 36.681214000000153 ], [ -98.543827, 36.681235 ] ], [ [ -98.540574, 36.673806 ], [ -98.540573999999864, 36.673789000001939 ], [ -98.540574696390209, 36.673846042458742 ], [ -98.540574, 36.673806 ] ], [ [ -98.540531, 36.665376 ], [ -98.540527660269959, 36.664226482088672 ], [ -98.54054959271555, 36.665862388035528 ], [ -98.540531, 36.665376 ] ], [ [ -98.54049, 36.65575200000022 ], [ -98.54049, 36.655752 ], [ -98.540489942318047, 36.655755864685503 ], [ -98.54049, 36.65575200000022 ] ], [ [ -98.540402, 36.649458 ], [ -98.540416092581125, 36.649070030569497 ], [ -98.540420066371553, 36.650062554094802 ], [ -98.540402, 36.649458 ] ], [ [ -98.540509, 36.636566000000101 ], [ -98.540509016717436, 36.636565197563307 ], [ -98.540508948670109, 36.636570473051599 ], [ -98.540509, 36.636566000000101 ] ], [ [ -98.533414, 36.587323000000168 ], [ -98.533414, 36.587323 ], [ -98.533413920603707, 36.587329616363441 ], [ -98.533414, 36.587323000000168 ] ], [ [ -98.533595, 36.467157000000199 ], [ -98.533595, 36.467157 ], [ -98.533594742122929, 36.467161383910685 ], [ -98.533595, 36.467157000000199 ] ], [ [ -98.533595036629762, 36.467094950652871 ], [ -98.533595, 36.467103 ], [ -98.533595, 36.467103000000172 ], [ -98.533595036629762, 36.467094950652871 ] ], [ [ -98.53355, 36.397592000000138 ], [ -98.54449, 36.400956 ], [ -98.552542, 36.402318000000186 ], [ -98.559753, 36.401911 ], [ -98.602812999999898, 36.390848000000247 ], [ -98.644267, 36.397167000000124 ], [ -98.662781999999879, 36.404571 ], [ -98.66546, 36.405284 ], [ -98.669166, 36.406727000000338 ], [ -98.680553, 36.410420000000137 ], [ -98.699493, 36.416013000000156 ], [ -98.704922, 36.419004 ], [ -98.707309999999879, 36.420644000000188 ], [ -98.709223999999878, 36.421958000000181 ], [ -98.71058, 36.424220000000339 ], [ -98.71441, 36.430606000000211 ], [ -98.718541, 36.437497000000164 ], [ -98.718874, 36.43788 ], [ -98.723044, 36.442671000000146 ], [ -98.72681, 36.445332 ], [ -98.729578678472464, 36.445984059299775 ], [ -98.723044, 36.442671 ], [ -98.709224, 36.421958 ], [ -98.704922, 36.419003999999887 ], [ -98.699493, 36.416013 ], [ -98.644267, 36.397167 ], [ -98.602813, 36.390848 ], [ -98.53355, 36.397592000000138 ] ], [ [ -101.44947405882111, 36.703515644082216 ], [ -101.447762845648512, 36.704790532949957 ], [ -101.447765611704696, 36.70478859352248 ], [ -101.44947405882111, 36.703515644082216 ] ], [ [ -101.420573798900193, 36.719642066863045 ], [ -101.411077413203486, 36.724630516308331 ], [ -101.420570958860424, 36.71964358936318 ], [ -101.420573798900193, 36.719642066863045 ] ], [ [ -99.254439999999818, 34.989592000000123 ], [ -99.254419, 34.989107000000146 ], [ -99.254431, 34.989551 ], [ -99.254439999999818, 34.989592000000123 ] ], [ [ -99.237247619325785, 34.988359487884082 ], [ -99.237247593278866, 34.988363082367556 ], [ -99.237331222318559, 34.988131991502925 ], [ -99.237247619325785, 34.988359487884082 ] ], [ [ -98.970713629315128, 36.754275115586587 ], [ -98.970913, 36.743875 ], [ -98.970896, 36.74252 ], [ -98.970962, 36.737677000000104 ], [ -98.97097085063524, 36.736273682816289 ], [ -98.970713629315128, 36.754275115586587 ] ], [ [ -98.970984999999857, 36.735154 ], [ -98.970971461197621, 36.73621389505665 ], [ -98.970974768135306, 36.734011648029025 ], [ -98.970984999999857, 36.735154 ] ], [ [ -98.970995, 36.728224 ], [ -98.970995, 36.728224 ], [ -98.970981792643684, 36.729151060237491 ], [ -98.970995, 36.728224 ] ], [ [ -98.971048, 36.723443000000131 ], [ -98.971030416735672, 36.724820686164279 ], [ -98.971051981606465, 36.720263056982887 ], [ -98.971048, 36.723443000000131 ] ], [ [ -98.971055485393421, 36.71850076360527 ], [ -98.971067999999875, 36.71724500000014 ], [ -98.97106099999985, 36.717943000000162 ], [ -98.971055485393421, 36.71850076360527 ] ], [ [ -98.971097022670193, 36.715538027669112 ], [ -98.971146, 36.710748 ], [ -98.971131, 36.706689 ], [ -98.97113899999988, 36.706369000000123 ], [ -98.971168596842773, 36.705105883623347 ], [ -98.971131, 36.706689 ], [ -98.971145999999848, 36.710748 ], [ -98.971094, 36.714468 ], [ -98.971097022670193, 36.715538027669112 ] ], [ [ -98.971223, 36.701920999999885 ], [ -98.971219, 36.700361 ], [ -98.971223, 36.701921 ], [ -98.971201145114549, 36.70281089014545 ], [ -98.971223, 36.701920999999885 ] ], [ [ -98.97213499999981, 36.696227 ], [ -98.971264, 36.696227 ], [ -98.973302415630627, 36.696213757066438 ], [ -98.97213499999981, 36.696227 ] ], [ [ -98.976451, 36.696206 ], [ -98.974832464884201, 36.696202001642618 ], [ -98.977114284877231, 36.696200696549901 ], [ -98.976451, 36.696206 ] ], [ [ -98.980269, 36.699128 ], [ -98.980353412681126, 36.698805805579113 ], [ -98.98016719357652, 36.699164189014979 ], [ -98.980269, 36.699128 ] ], [ [ -98.979588, 36.700731 ], [ -98.979588, 36.700731 ], [ -98.979332, 36.700754 ], [ -98.979588, 36.700731 ] ], [ [ -98.983684, 36.70208 ], [ -98.983683999999855, 36.70208 ], [ -98.982968301311871, 36.701892952428373 ], [ -98.983684, 36.70208 ] ], [ [ -98.98684, 36.703071000000108 ], [ -98.98679607791064, 36.703098315530845 ], [ -98.986986824896874, 36.702979547273145 ], [ -98.98684, 36.703071000000108 ] ], [ [ -98.990435, 36.701156999999874 ], [ -98.99046, 36.700423 ], [ -98.990313, 36.69946 ], [ -98.990402322751549, 36.699284780411368 ], [ -98.990312999999887, 36.699460000000158 ], [ -98.990434999999863, 36.701156999999874 ], [ -98.989764827009125, 36.702322729441569 ], [ -98.990435, 36.701156999999874 ] ], [ [ -98.992908, 36.698262 ], [ -98.99278252006539, 36.698351333499943 ], [ -98.993037141177325, 36.698168425650685 ], [ -98.992908, 36.698262 ] ], [ [ -98.999406, 36.698505999999874 ], [ -98.999289184722528, 36.698459067633884 ], [ -98.999508125756563, 36.698512908507766 ], [ -98.999406, 36.698505999999874 ] ], [ [ -99.001249, 36.697611 ], [ -99.000876, 36.696671 ], [ -99.000821, 36.69712900000016 ], [ -99.001249, 36.697611 ] ], [ [ -99.001045, 36.696235 ], [ -99.000966636640271, 36.696437168501703 ], [ -99.001086879756173, 36.696167142145967 ], [ -99.001045, 36.696235 ] ], [ [ -99.002121, 36.695043 ], [ -99.001917242833102, 36.695192792888356 ], [ -99.002390139626712, 36.694931203792038 ], [ -99.002121, 36.695043 ] ], [ [ -99.005407, 36.693415 ], [ -99.005184429470262, 36.693495300010014 ], [ -99.006530658993029, 36.693262975557019 ], [ -99.005407, 36.693415 ] ], [ [ -99.006596999999886, 36.693254000000174 ], [ -99.006597, 36.693254000000159 ], [ -99.006655903541997, 36.693234293860037 ], [ -99.006596999999886, 36.693254000000174 ] ], [ [ -99.008182, 36.691763 ], [ -99.00801, 36.691465 ], [ -99.007753, 36.691167000000142 ], [ -99.006755, 36.690684 ], [ -99.006591411775688, 36.690310921860387 ], [ -99.006755, 36.690684000000196 ], [ -99.008182, 36.691763 ], [ -99.007912546774733, 36.692636420630933 ], [ -99.008182, 36.691763 ] ], [ [ -99.006582, 36.690203 ], [ -99.006789333333316, 36.689958333528054 ], [ -99.006582, 36.690203 ], [ -99.006582, 36.690203 ] ], [ [ -99.00714589089209, 36.689632199785919 ], [ -99.007233, 36.689562 ], [ -99.007233, 36.689562 ], [ -99.00714589089209, 36.689632199785919 ] ], [ [ -99.017912, 36.69002 ], [ -99.017835741770313, 36.690011691717494 ], [ -99.018293810318596, 36.690036137669608 ], [ -99.017912, 36.69002 ] ], [ [ -99.01970899999985, 36.69 ], [ -99.019255095077185, 36.690044396546455 ], [ -99.019843481705294, 36.689957769509391 ], [ -99.01970899999985, 36.69 ] ], [ [ -99.020565, 36.68961200000011 ], [ -99.020538802252787, 36.689635839974521 ], [ -99.020662818717284, 36.689471086383044 ], [ -99.020565, 36.68961200000011 ] ], [ [ -99.022045459555258, 36.68765434362453 ], [ -99.022084, 36.687532 ], [ -99.022084, 36.687532 ], [ -99.022045459555258, 36.68765434362453 ] ], [ [ -99.021832, 36.686754 ], [ -99.020643, 36.686297 ], [ -99.022074783401635, 36.687481142278926 ], [ -99.021832, 36.686754 ] ], [ [ -99.020477, 36.685428 ], [ -99.019318, 36.684468 ], [ -99.019292, 36.68385 ], [ -99.019208, 36.683691 ], [ -99.019318, 36.684468000000123 ], [ -99.019486, 36.684902 ], [ -99.019655, 36.68515400000021 ], [ -99.020703, 36.685656000000215 ], [ -99.020658213596548, 36.686134468582623 ], [ -99.020703, 36.685656 ], [ -99.020477, 36.685428 ] ], [ [ -99.019044710977454, 36.683666847929381 ], [ -99.018897, 36.683645 ], [ -99.018897, 36.683645 ], [ -99.019044710977454, 36.683666847929381 ] ], [ [ -99.017878, 36.683645 ], [ -99.017877999999882, 36.683645 ], [ -99.018217, 36.68392 ], [ -99.017878, 36.683645 ] ], [ [ -99.017596, 36.683188 ], [ -99.017596, 36.683188 ], [ -99.01768, 36.683257000000111 ], [ -99.017596, 36.683188 ] ], [ [ -99.017346, 36.682022 ], [ -99.016978, 36.681816 ], [ -99.016724, 36.681634 ], [ -99.016978, 36.681816 ], [ -99.017346, 36.682022 ], [ -99.017459, 36.682183 ], [ -99.017457999999877, 36.682296000000157 ], [ -99.017480867014271, 36.682305227041773 ], [ -99.017459, 36.682183 ], [ -99.017346, 36.682022 ] ], [ [ -99.016747039702906, 36.681533896561831 ], [ -99.017154, 36.681063 ], [ -99.016781999999793, 36.681381999999857 ], [ -99.016747039702906, 36.681533896561831 ] ], [ [ -99.017696, 36.680673000000155 ], [ -99.017696, 36.680673000000141 ], [ -99.017729261085123, 36.680635484675598 ], [ -99.017696, 36.680673000000155 ] ], [ [ -99.017844, 36.679668000000127 ], [ -99.018646, 36.678731 ], [ -99.018704, 36.678571 ], [ -99.018648, 36.678319 ], [ -99.018479, 36.678182 ], [ -99.01848, 36.677954 ], [ -99.017844, 36.679668000000127 ] ], [ [ -99.018622, 36.677794 ], [ -99.018622, 36.677794 ], [ -99.018507272312277, 36.677923270659861 ], [ -99.018622, 36.677794 ] ], [ [ -99.019479, 36.6772 ], [ -99.019343231333835, 36.676066448358341 ], [ -99.019340999999883, 36.676628000000122 ], [ -99.019479, 36.6772 ] ], [ [ -99.019488, 36.675485 ], [ -99.019432945575602, 36.675633341319127 ], [ -99.019568792928098, 36.675374462529966 ], [ -99.019488, 36.675485 ] ], [ [ -99.021858, 36.675535 ], [ -99.022004, 36.674505 ], [ -99.022461, 36.674415 ], [ -99.022003999999868, 36.674505 ], [ -99.021858, 36.675535 ], [ -99.02132567135871, 36.67566904932071 ], [ -99.021858, 36.675535 ] ], [ [ -99.023576, 36.674668 ], [ -99.023574999999823, 36.674943 ], [ -99.02357499999988, 36.674943 ], [ -99.023576, 36.674668 ] ], [ [ -99.023407, 36.674303000000144 ], [ -99.023407, 36.674303000000158 ], [ -99.023541754174758, 36.674594037263013 ], [ -99.023407, 36.674303000000144 ] ], [ [ -99.024353, 36.673366 ], [ -99.024955999999861, 36.671972 ], [ -99.024938, 36.672012999999858 ], [ -99.024353, 36.673366 ] ], [ [ -99.026379, 36.670094 ], [ -99.026250678567081, 36.670191301752858 ], [ -99.02655841985829, 36.670038198670269 ], [ -99.026379, 36.670094 ] ], [ [ -99.0278, 36.669568 ], [ -99.02773274643053, 36.669599385044101 ], [ -99.028055809052717, 36.669380842628968 ], [ -99.0278, 36.669568 ] ], [ [ -99.028414183966888, 36.66894607150109 ], [ -99.028341, 36.667668 ], [ -99.028227, 36.667553000000126 ], [ -99.028199, 36.667393 ], [ -99.028414183966888, 36.66894607150109 ] ], [ [ -99.028172551748838, 36.667376991853452 ], [ -99.028085, 36.667324 ], [ -99.028085, 36.667324 ], [ -99.028172551748838, 36.667376991853452 ] ], [ [ -99.027659, 36.666317 ], [ -99.024847, 36.66382 ], [ -99.024705, 36.663568 ], [ -99.023966, 36.662675000000107 ], [ -99.023671185445878, 36.66211175517757 ], [ -99.027659, 36.666317 ] ], [ [ -99.022515793953175, 36.657373140084303 ], [ -99.022724999999895, 36.659598 ], [ -99.022364999999866, 36.658912 ], [ -99.022515793953175, 36.657373140084303 ] ], [ [ -99.024789999999868, 36.65221800000014 ], [ -99.024837141548446, 36.650507133668448 ], [ -99.024075390720355, 36.654049495160542 ], [ -99.024789999999868, 36.65221800000014 ] ], [ [ -99.024821, 36.650345 ], [ -99.024821, 36.650345 ], [ -99.024564042444268, 36.650015349056261 ], [ -99.024821, 36.650345 ] ], [ [ -99.023319, 36.648311 ], [ -99.022812553557287, 36.64709785891467 ], [ -99.024082476777309, 36.649396909218503 ], [ -99.023319, 36.648311 ] ], [ [ -99.022958450875265, 36.645529376031611 ], [ -99.022808999999882, 36.647084 ], [ -99.022808999999896, 36.647084 ], [ -99.022958450875265, 36.645529376031611 ] ], [ [ -99.02299, 36.643992 ], [ -99.02283331477409, 36.643103280888845 ], [ -99.02296, 36.645517000000126 ], [ -99.02299, 36.643992 ] ], [ [ -99.022755268770965, 36.642884470170792 ], [ -99.020438, 36.641264000000128 ], [ -99.019994688466241, 36.641167627982938 ], [ -99.022755268770965, 36.642884470170792 ] ], [ [ -99.01949465885852, 36.641052951336036 ], [ -99.016251999999881, 36.640604 ], [ -99.014331431159789, 36.640612794920266 ], [ -99.01949465885852, 36.641052951336036 ] ], [ [ -99.008578867750458, 36.632093415494353 ], [ -99.010086999999857, 36.633268 ], [ -99.009525999999894, 36.632792 ], [ -99.008578867750458, 36.632093415494353 ] ], [ [ -99.006694, 36.63109700000021 ], [ -99.007461169316969, 36.631444940173218 ], [ -99.006105600386036, 36.630911849274355 ], [ -99.006694, 36.63109700000021 ] ], [ [ -99.00526915257754, 36.63064837068454 ], [ -99.002217, 36.629725000000157 ], [ -99.001071788629531, 36.629601411631697 ], [ -99.00526915257754, 36.63064837068454 ] ], [ [ -99.000271, 36.62944800000016 ], [ -99.00027099999987, 36.629448000000181 ], [ -99.000318931986797, 36.629484653882209 ], [ -99.000271, 36.62944800000016 ] ], [ [ -98.996302, 36.625033 ], [ -98.996302, 36.625033 ], [ -98.994963365154547, 36.623561046716183 ], [ -98.996302, 36.625033 ] ], [ [ -98.990874878419092, 36.619039430661125 ], [ -98.989081999999883, 36.616004 ], [ -98.988808106829936, 36.615616805713422 ], [ -98.989970999999841, 36.617828000000117 ], [ -98.990874878419092, 36.619039430661125 ] ], [ [ -98.987729999999843, 36.614677 ], [ -98.987729999999829, 36.614677000000192 ], [ -98.988803999999845, 36.615611000000186 ], [ -98.987729999999843, 36.614677 ] ], [ [ -98.984992624823661, 36.61194212443948 ], [ -98.976083, 36.603054 ], [ -98.973910999999887, 36.601516 ], [ -98.971598126292022, 36.600376240648444 ], [ -98.984992624823661, 36.61194212443948 ] ], [ [ -98.971484, 36.60032 ], [ -98.969717, 36.599897 ], [ -98.968319, 36.599674 ], [ -98.966735999999884, 36.599464000000133 ], [ -98.964304999999825, 36.599263 ], [ -98.961513, 36.599065000000181 ], [ -98.959973, 36.598991 ], [ -98.95997479612582, 36.598567115075603 ], [ -98.959973, 36.598991 ], [ -98.971484, 36.60032 ] ], [ [ -98.960216, 36.585415000000147 ], [ -98.960169, 36.550306 ], [ -98.960361929991379, 36.500051600426097 ], [ -98.960169, 36.550306000000134 ], [ -98.960216, 36.585415000000204 ], [ -98.960164999999847, 36.586430000000163 ], [ -98.959975999999813, 36.59815900000023 ], [ -98.959976, 36.598233400024135 ], [ -98.960216, 36.585415000000147 ] ], [ [ -98.96057, 36.496474 ], [ -98.960567, 36.493875000000195 ], [ -98.960380806023835, 36.499710537150349 ], [ -98.96057, 36.496474 ] ], [ [ -98.960567, 36.491083 ], [ -98.960568, 36.492307 ], [ -98.960567, 36.491083 ], [ -98.960567, 36.491083 ] ], [ [ -98.960567, 36.490867 ], [ -98.960567, 36.490867 ], [ -98.960566987218741, 36.490842804380698 ], [ -98.960567, 36.490867 ] ], [ [ -98.960544, 36.444900000000167 ], [ -98.960544, 36.444900000000295 ], [ -98.960551005901195, 36.457250534614438 ], [ -98.960544, 36.444900000000167 ] ], [ [ -98.96062, 36.444351 ], [ -98.960566, 36.435208999999887 ], [ -98.960566, 36.435208999999894 ], [ -98.96062, 36.444351 ] ], [ [ -98.960564, 36.420289 ], [ -98.960534, 36.413336 ], [ -98.960567, 36.434765 ], [ -98.960564, 36.420289 ] ], [ [ -98.960534, 36.413336 ], [ -98.960475, 36.391302 ], [ -98.960492955835647, 36.3912866847297 ], [ -98.960534, 36.413336 ] ], [ [ -98.960535, 36.391227 ], [ -98.960516656766032, 36.391259453416716 ], [ -98.960538616787517, 36.391169131401895 ], [ -98.960535, 36.391227 ] ], [ [ -98.96056, 36.387422 ], [ -98.960548038279185, 36.388936154542499 ], [ -98.960553, 36.386125 ], [ -98.96056, 36.387422 ] ], [ [ -98.960572, 36.384575 ], [ -98.960553095636385, 36.386117198161791 ], [ -98.960548, 36.381548 ], [ -98.960572, 36.384575 ] ], [ [ -98.960604, 36.377945 ], [ -98.960572, 36.379279005720228 ], [ -98.960594, 36.37689 ], [ -98.960604, 36.377945 ] ], [ [ -98.960594, 36.37689 ], [ -98.960617, 36.368147 ], [ -98.960629283459895, 36.367443207054862 ], [ -98.960594, 36.37689 ] ], [ [ -98.960634, 36.362713 ], [ -98.960634, 36.362713 ], [ -98.960642, 36.365925 ], [ -98.960634, 36.362713 ] ], [ [ -98.960719, 36.319082 ], [ -98.960755, 36.347838 ], [ -98.960754, 36.347935000000106 ], [ -98.960618, 36.362439 ], [ -98.960719, 36.319082 ] ], [ [ -98.936299, 36.506842 ], [ -98.936298999999892, 36.506842000000162 ], [ -98.941215909050271, 36.506856787696982 ], [ -98.936299, 36.506842 ] ], [ [ -98.91275545984675, 36.506764258631421 ], [ -98.885588, 36.506684 ], [ -98.899180999999871, 36.506716 ], [ -98.91275545984675, 36.506764258631421 ] ], [ [ -98.873344, 36.506550000000161 ], [ -98.873344, 36.50655 ], [ -98.870978792822044, 36.506422233623013 ], [ -98.873344, 36.506550000000161 ] ], [ [ -98.85463497220816, 36.506294474027115 ], [ -98.855278, 36.506299000000148 ], [ -98.869526, 36.5064080000001 ], [ -98.870155547915672, 36.506412578530444 ], [ -98.855278, 36.506299 ], [ -98.85463497220816, 36.506294474027115 ] ], [ [ -98.852805, 36.506281 ], [ -98.852805, 36.506281000000108 ], [ -98.853354668426604, 36.506285008520962 ], [ -98.852805, 36.506281 ] ], [ [ -98.83819, 36.499255 ], [ -98.83591422286419, 36.495094267365339 ], [ -98.838466, 36.500034000000163 ], [ -98.83819, 36.499255 ] ], [ [ -98.833654, 36.490979 ], [ -98.833654, 36.490979000000195 ], [ -98.833681102325343, 36.491019387788263 ], [ -98.833654, 36.490979 ] ], [ [ -98.824090908620164, 36.478618336259935 ], [ -98.829133999999883, 36.484163 ], [ -98.830879000598642, 36.486794103596608 ], [ -98.824090908620164, 36.478618336259935 ] ], [ [ -98.820936, 36.473619 ], [ -98.82093599999989, 36.473619000000205 ], [ -98.822977308596151, 36.477246897143374 ], [ -98.820936, 36.473619 ] ], [ [ -98.799618767472765, 36.457115428578291 ], [ -98.80782, 36.460744000000183 ], [ -98.819152058823491, 36.470723677072087 ], [ -98.799618767472765, 36.457115428578291 ] ], [ [ -98.771444527006139, 36.447602802105379 ], [ -98.785344, 36.450549000000244 ], [ -98.797887318985616, 36.45618251946491 ], [ -98.785344, 36.450549000000116 ], [ -98.771444527006139, 36.447602802105379 ] ], [ [ -98.76304, 36.446837 ], [ -98.76304, 36.446837 ], [ -98.763748, 36.4467515000471 ], [ -98.76304, 36.446837 ] ], [ [ -98.744853999999847, 36.448598 ], [ -98.744854, 36.448598000000111 ], [ -98.748267173602827, 36.448437591471389 ], [ -98.744853999999847, 36.448598 ] ], [ [ -98.736644, 36.447529 ], [ -98.736644, 36.447529000000117 ], [ -98.740185805845655, 36.448104492456608 ], [ -98.736644, 36.447529 ] ], [ [ -98.630572, 36.710449 ], [ -98.631049137462114, 36.710453952984523 ], [ -98.630156306814456, 36.710443760170499 ], [ -98.630572, 36.710449 ] ], [ [ -98.625285, 36.71039 ], [ -98.625285, 36.71039 ], [ -98.625707420707002, 36.710394370300818 ], [ -98.625285, 36.71039 ] ], [ [ -98.612906372681465, 36.710311567619044 ], [ -98.610568, 36.710306 ], [ -98.609241792824804, 36.710310374515394 ], [ -98.612906372681465, 36.710311567619044 ] ], [ [ -98.601103, 36.710304 ], [ -98.601331149704222, 36.710303899934331 ], [ -98.600777476741683, 36.710305224100466 ], [ -98.601103, 36.710304 ] ], [ [ -98.592164, 36.710295 ], [ -98.592484783277911, 36.710296815265252 ], [ -98.591701909715269, 36.710296833691736 ], [ -98.592164, 36.710295 ] ], [ [ -98.571291, 36.710272 ], [ -98.574992306706065, 36.710274767332194 ], [ -98.570666294830914, 36.710268476717275 ], [ -98.571291, 36.710272 ] ], [ [ -98.568027999999899, 36.710254 ], [ -98.568288036125978, 36.710255357182277 ], [ -98.563531684959173, 36.710235282309029 ], [ -98.568027999999899, 36.710254 ] ], [ [ -98.558499, 36.70907699999988 ], [ -98.558499, 36.709076999999894 ], [ -98.558499015262399, 36.709080495118357 ], [ -98.558499, 36.70907699999988 ] ], [ [ -98.558568, 36.70086 ], [ -98.558567981161062, 36.700855247929141 ], [ -98.558568, 36.70086 ], [ -98.558568, 36.70086 ] ], [ [ -98.558575, 36.684729 ], [ -98.558583345429696, 36.685383801150948 ], [ -98.558579022102336, 36.682983427173156 ], [ -98.558575, 36.684729 ] ], [ [ -98.962312305331011, 36.754306238596314 ], [ -98.967451, 36.754292 ], [ -98.969947, 36.754301 ], [ -98.970187304192137, 36.754296363906505 ], [ -98.967451, 36.754292 ], [ -98.962312305331011, 36.754306238596314 ] ], [ [ -98.961032, 36.754317 ], [ -98.961410609298852, 36.754312677976181 ], [ -98.960353005689186, 36.754324461476607 ], [ -98.961032, 36.754317 ] ], [ [ -98.953849, 36.754308 ], [ -98.954135408049893, 36.754325358063973 ], [ -98.953800571475185, 36.754299307701693 ], [ -98.953849, 36.754308 ] ], [ [ -98.950206, 36.739828 ], [ -98.951099266295273, 36.739826714724771 ], [ -98.949954923218925, 36.739824898546587 ], [ -98.950206, 36.739828 ] ], [ [ -98.94448, 36.739778 ], [ -98.946128904168077, 36.739789703250032 ], [ -98.943488782385913, 36.739773540534443 ], [ -98.94448, 36.739778 ] ], [ [ -98.928545, 36.739719 ], [ -98.930356400115699, 36.739721800773367 ], [ -98.927963105879172, 36.739718161535862 ], [ -98.928545, 36.739719 ] ], [ [ -98.926453, 36.744255000000123 ], [ -98.926270507609445, 36.754156891358356 ], [ -98.926462999999885, 36.739716 ], [ -98.926453, 36.744255000000123 ] ], [ [ -98.917485864613738, 36.7541595957411 ], [ -98.917414, 36.758204 ], [ -98.917418, 36.75468 ], [ -98.917485864613738, 36.7541595957411 ] ], [ [ -98.917277, 36.768556000000117 ], [ -98.917324925439289, 36.76398715242626 ], [ -98.917303999999888, 36.765289 ], [ -98.917277, 36.768556000000117 ] ], [ [ -98.917242999999885, 36.768621 ], [ -98.917274857641402, 36.768560106188438 ], [ -98.917159632376226, 36.768675973070998 ], [ -98.917242999999885, 36.768621 ] ], [ [ -98.914373, 36.768682 ], [ -98.915121704936766, 36.768691358812603 ], [ -98.914195323197148, 36.768683059702632 ], [ -98.914373, 36.768682 ] ], [ [ -98.908243339271152, 36.768702877118763 ], [ -98.901951, 36.768722000000167 ], [ -98.8996, 36.768725 ], [ -98.908243339271152, 36.768702877118763 ] ], [ [ -98.896281, 36.768736 ], [ -98.895797204163429, 36.768733939833247 ], [ -98.8996, 36.768725 ], [ -98.896281, 36.768736 ] ], [ [ -98.889848999999842, 36.767747 ], [ -98.889635608559288, 36.767698968751318 ], [ -98.889848999999899, 36.767747 ], [ -98.889848999999842, 36.767747 ] ], [ [ -98.889039, 36.767697 ], [ -98.889143261830185, 36.767688311514746 ], [ -98.888717736770346, 36.7677534951372 ], [ -98.889039, 36.767697 ] ], [ [ -98.888054312404023, 36.767913855543995 ], [ -98.888001, 36.767973 ], [ -98.88797276145857, 36.768019739669732 ], [ -98.888054312404023, 36.767913855543995 ] ], [ [ -98.887765, 36.768496 ], [ -98.887827202119979, 36.768338241017673 ], [ -98.887719084077858, 36.768543421386475 ], [ -98.887765, 36.768496 ] ], [ [ -98.887527, 36.768693 ], [ -98.88757226157918, 36.768665296799831 ], [ -98.887426968783018, 36.768711971438165 ], [ -98.887527, 36.768693 ] ], [ [ -98.88147, 36.761342 ], [ -98.881466722636205, 36.761757565917193 ], [ -98.88147078886459, 36.761282372088921 ], [ -98.88147, 36.761342 ] ], [ [ -98.881649, 36.721105000000101 ], [ -98.88164051196658, 36.721998630270996 ], [ -98.881647573693627, 36.720717902895913 ], [ -98.881649, 36.721105000000101 ] ], [ [ -98.881643999999866, 36.719748 ], [ -98.881318119334765, 36.719925405286332 ], [ -98.881643999999866, 36.719748 ], [ -98.881643999999866, 36.719748 ] ], [ [ -98.880445, 36.720163999999876 ], [ -98.880445, 36.720164 ], [ -98.88058902831574, 36.720164332628876 ], [ -98.880445, 36.720163999999876 ] ], [ [ -98.876664, 36.717735 ], [ -98.876664, 36.717735 ], [ -98.876113736926314, 36.718465714921912 ], [ -98.876664, 36.717735 ] ], [ [ -98.875056, 36.718147 ], [ -98.875275652820349, 36.718178478910261 ], [ -98.875002353248263, 36.718211470249635 ], [ -98.875056, 36.718147 ] ], [ [ -98.87493811037865, 36.718424026700362 ], [ -98.87475999999981, 36.718971 ], [ -98.874524980320771, 36.719007156886867 ], [ -98.87493811037865, 36.718424026700362 ] ], [ [ -98.873621, 36.718033 ], [ -98.873991, 36.718559 ], [ -98.873877, 36.717804000000115 ], [ -98.873621, 36.718033 ] ], [ [ -98.872368, 36.715768 ], [ -98.872084, 36.715997 ], [ -98.872368, 36.715768 ], [ -98.873306, 36.71563 ], [ -98.874056900768053, 36.715905665554615 ], [ -98.873306, 36.71563 ], [ -98.872368, 36.715768 ] ], [ [ -98.868417, 36.712615 ], [ -98.868549920986595, 36.712645943564446 ], [ -98.867984598073491, 36.712702700582774 ], [ -98.868417, 36.712615 ] ], [ [ -98.867282, 36.712045 ], [ -98.867344982879985, 36.712236178311393 ], [ -98.867088330981332, 36.711872459087182 ], [ -98.867282, 36.712045 ] ], [ [ -98.865717, 36.711017 ], [ -98.865740925399479, 36.711027292458233 ], [ -98.865586108533009, 36.710993058067849 ], [ -98.865717, 36.711017 ] ], [ [ -98.864327, 36.710738000000134 ], [ -98.864327303801232, 36.710737916603712 ], [ -98.864312031607199, 36.710747861532418 ], [ -98.864327, 36.710738000000134 ] ], [ [ -98.864192595160304, 36.710812201784272 ], [ -98.86386199999987, 36.710852 ], [ -98.863668040615863, 36.710851502668298 ], [ -98.864192595160304, 36.710812201784272 ] ], [ [ -98.86229283171555, 36.710931150733025 ], [ -98.863385178839309, 36.710854639210787 ], [ -98.862971, 36.710871999999853 ], [ -98.86229283171555, 36.710931150733025 ] ], [ [ -98.860126, 36.710741 ], [ -98.85793634242826, 36.710783713334791 ], [ -98.858258, 36.710786 ], [ -98.860126, 36.710741 ] ], [ [ -98.855995, 36.710786 ], [ -98.856381177992887, 36.710788354743819 ], [ -98.854461199419092, 36.710797091534346 ], [ -98.855995, 36.710786 ] ], [ [ -98.850615, 36.710809 ], [ -98.85086555450907, 36.71080983075111 ], [ -98.850397186900608, 36.710811106170361 ], [ -98.850615, 36.710809 ] ], [ [ -98.848094, 36.710811 ], [ -98.845398999999802, 36.710831 ], [ -98.845398643621266, 36.710831000066165 ], [ -98.845398999999858, 36.710831 ], [ -98.848094, 36.710811 ], [ -98.848312269887813, 36.710812705233622 ], [ -98.848094, 36.710811 ] ], [ [ -98.836257937069746, 36.710824632495466 ], [ -98.831738999999899, 36.710815000000103 ], [ -98.831716139614485, 36.710815489477113 ], [ -98.836257937069746, 36.710824632495466 ] ], [ [ -98.829432, 36.710834 ], [ -98.83007789751548, 36.710838939942875 ], [ -98.829244784422983, 36.710825707659914 ], [ -98.829432, 36.710834 ] ], [ [ -98.812627999901565, 36.710683579273514 ], [ -98.810854, 36.710675 ], [ -98.810529185413913, 36.710677477137025 ], [ -98.812627999901565, 36.710683579273514 ] ], [ [ -98.798164, 36.71072 ], [ -98.798162575072254, 36.710720002857073 ], [ -98.798164, 36.71072 ], [ -98.798164, 36.71072 ] ], [ [ -98.791858, 36.705391 ], [ -98.791846636908062, 36.707376880142419 ], [ -98.7918516977861, 36.704966548442982 ], [ -98.791858, 36.705391 ] ], [ [ -98.791808053186941, 36.700002303506508 ], [ -98.791808, 36.700005999999881 ], [ -98.791808, 36.700006 ], [ -98.791808053186941, 36.700002303506508 ] ], [ [ -98.790835, 36.701014 ], [ -98.791193224605763, 36.700356662545182 ], [ -98.790680493255294, 36.701265073517213 ], [ -98.790835, 36.701014 ] ], [ [ -98.788373976001111, 36.705015668828068 ], [ -98.790078834902687, 36.702250816082511 ], [ -98.789328, 36.703459 ], [ -98.789042, 36.703924999999884 ], [ -98.788373976001111, 36.705015668828068 ] ], [ [ -98.78674, 36.707338 ], [ -98.78674, 36.707338 ], [ -98.786794648061218, 36.707264587422728 ], [ -98.78674, 36.707338 ] ], [ [ -98.774438, 36.721156 ], [ -98.775691167991312, 36.71986567965714 ], [ -98.774093151924163, 36.721433427914761 ], [ -98.774438, 36.721156 ] ], [ [ -98.770556, 36.725237 ], [ -98.772240060905247, 36.723365960472883 ], [ -98.770346239076417, 36.725237476368441 ], [ -98.770556, 36.725237 ] ], [ [ -98.764236, 36.725239 ], [ -98.764967053979319, 36.725237147667343 ], [ -98.762834005145692, 36.725241914750221 ], [ -98.764236, 36.725239 ] ], [ [ -98.754567999999892, 36.725255 ], [ -98.754782184865121, 36.725253737613805 ], [ -98.754011953616541, 36.725253755584419 ], [ -98.754567999999892, 36.725255 ] ], [ [ -98.749162, 36.725262 ], [ -98.745931, 36.725289 ], [ -98.745891927971428, 36.72528915504769 ], [ -98.745931, 36.725289 ], [ -98.749162, 36.725262 ], [ -98.749354299179544, 36.725262230574593 ], [ -98.749162, 36.725262 ] ], [ [ -98.743156, 36.7253 ], [ -98.744047032628885, 36.725296468360661 ], [ -98.741758150516915, 36.725300413809819 ], [ -98.743156, 36.7253 ] ], [ [ -98.702143, 36.732451999999888 ], [ -98.702113892861078, 36.725059284980652 ], [ -98.70215, 36.737539 ], [ -98.702143, 36.732451999999888 ] ], [ [ -98.7021, 36.744027 ], [ -98.702144726751925, 36.739573210223412 ], [ -98.702092557345495, 36.74500348257736 ], [ -98.7021, 36.744027 ] ], [ [ -98.702052, 36.74819 ], [ -98.702062779587408, 36.747473001012686 ], [ -98.702046624225545, 36.749221667238835 ], [ -98.702052, 36.74819 ] ], [ [ -98.689733, 36.754078 ], [ -98.689733, 36.754078 ], [ -98.689737967689965, 36.754077980168987 ], [ -98.689733, 36.754078 ] ], [ [ -98.691023, 36.754999 ], [ -98.690596, 36.754744 ], [ -98.689742, 36.754487 ], [ -98.689363, 36.754077 ], [ -98.689742, 36.754487 ], [ -98.691023, 36.754999 ], [ -98.69108, 36.755229 ], [ -98.691023, 36.754999 ] ], [ [ -98.689572, 36.758852 ], [ -98.691535, 36.759159 ], [ -98.69034, 36.758696 ], [ -98.689572, 36.758852 ], [ -98.689145, 36.757722 ], [ -98.689572, 36.758852 ] ], [ [ -98.691962, 36.75946 ], [ -98.691988471278279, 36.759546265487685 ], [ -98.691962, 36.75946 ], [ -98.691962, 36.75946 ] ], [ [ -98.692132, 36.760014000000183 ], [ -98.692132, 36.760014000000147 ], [ -98.691988471278279, 36.759546265487685 ], [ -98.692132, 36.760014000000183 ] ], [ [ -98.690766, 36.760916000000115 ], [ -98.692502, 36.762356 ], [ -98.691136, 36.762921 ], [ -98.690766, 36.760916000000115 ] ], [ [ -98.693327, 36.763349 ], [ -98.693327, 36.763349 ], [ -98.695779923562682, 36.764342385432158 ], [ -98.693327, 36.763349 ] ], [ [ -98.696374, 36.765331000000195 ], [ -98.696374, 36.765331 ], [ -98.695928287953961, 36.764559639400545 ], [ -98.696374, 36.765331000000195 ] ], [ [ -98.696347, 36.765742 ], [ -98.696364690249411, 36.765472715340756 ], [ -98.696269632751296, 36.765855033070075 ], [ -98.696347, 36.765742 ] ], [ [ -98.69527, 36.76684 ], [ -98.696182, 36.767618 ], [ -98.696163061766299, 36.767681012717794 ], [ -98.696182, 36.767618 ], [ -98.69527, 36.76684 ], [ -98.695269, 36.76652 ], [ -98.69527, 36.76684 ] ], [ [ -98.694904, 36.768647 ], [ -98.694791, 36.768646 ], [ -98.694791, 36.768646 ], [ -98.694904, 36.768647 ] ], [ [ -98.69490774171517, 36.768646994669815 ], [ -98.701045, 36.768662 ], [ -98.69911, 36.76865 ], [ -98.69701, 36.768644 ], [ -98.69490774171517, 36.768646994669815 ] ], [ [ -98.701982, 36.772742 ], [ -98.702002973649641, 36.769302206185017 ], [ -98.701982, 36.772742000000207 ], [ -98.702004, 36.773982 ], [ -98.701986893220976, 36.775176623885429 ], [ -98.702004, 36.77398199999989 ], [ -98.701982, 36.772742 ] ], [ [ -98.701988, 36.775943 ], [ -98.701988, 36.775943000000169 ], [ -98.70202, 36.778632000000229 ], [ -98.701988, 36.775943 ] ], [ [ -98.702008, 36.77991 ], [ -98.702008, 36.77991 ], [ -98.70201958610896, 36.778676079743803 ], [ -98.702008, 36.77991 ] ], [ [ -98.685494, 36.78319 ], [ -98.685488506228751, 36.78319004020733 ], [ -98.685494, 36.78319 ], [ -98.685494, 36.78319 ] ], [ [ -98.67503, 36.783997 ], [ -98.67503, 36.783997 ], [ -98.67501, 36.783142 ], [ -98.67503, 36.783997 ] ], [ [ -98.675001, 36.788152 ], [ -98.675001, 36.788152 ], [ -98.675003974375301, 36.787803998894226 ], [ -98.675001, 36.788152 ] ], [ [ -98.670518, 36.790359 ], [ -98.670522970583235, 36.790359038794755 ], [ -98.670516751298891, 36.79035899601049 ], [ -98.670518, 36.790359 ] ], [ [ -98.669363, 36.794108 ], [ -98.669355, 36.792436 ], [ -98.669347, 36.790355000000176 ], [ -98.669355, 36.792436 ], [ -98.669358, 36.793131 ], [ -98.669363, 36.794108 ] ], [ [ -98.666049768053242, 36.795539045618867 ], [ -98.666012, 36.794131 ], [ -98.666011, 36.794095 ], [ -98.666037, 36.79511 ], [ -98.666049768053242, 36.795539045618867 ] ], [ [ -98.666034, 36.796397 ], [ -98.666046298062696, 36.796191121651439 ], [ -98.666015503682459, 36.796713384396867 ], [ -98.666034, 36.796397 ] ], [ [ -98.657018, 36.794036 ], [ -98.657020494126357, 36.794567048604669 ], [ -98.657014046467779, 36.793522786188959 ], [ -98.657018, 36.794036 ] ], [ [ -98.657018, 36.785758 ], [ -98.657018, 36.785758000000122 ], [ -98.65702210680135, 36.785183563196611 ], [ -98.657018, 36.785758 ] ], [ [ -98.656994, 36.783071000000206 ], [ -98.661532, 36.783093 ], [ -98.661532, 36.783093 ], [ -98.658267, 36.783066 ], [ -98.656994, 36.783071000000206 ] ], [ [ -98.66492, 36.783091000000141 ], [ -98.661532262859467, 36.783092999844868 ], [ -98.666071044732007, 36.782693963842952 ], [ -98.66492, 36.783091000000141 ] ], [ [ -98.666093, 36.774805 ], [ -98.666088975076377, 36.775319185696958 ], [ -98.666102501723628, 36.773883337759926 ], [ -98.666093, 36.774805 ] ], [ [ -98.666105, 36.769874000000101 ], [ -98.666113139210054, 36.770928753767038 ], [ -98.666109123826828, 36.769217798691237 ], [ -98.666105, 36.769874000000101 ] ], [ [ -98.666102, 36.765664 ], [ -98.66611462486884, 36.766796353875641 ], [ -98.666107712756244, 36.764331899812888 ], [ -98.666102, 36.765664 ] ], [ [ -98.666105, 36.752838 ], [ -98.666106886034981, 36.752965307480579 ], [ -98.666101042263577, 36.750012176735339 ], [ -98.666105, 36.752838 ] ], [ [ -98.666110559762231, 36.744710591346696 ], [ -98.666104, 36.746027000000296 ], [ -98.666104, 36.745854 ], [ -98.666110559762231, 36.744710591346696 ] ], [ [ -98.666126, 36.739058000000107 ], [ -98.666126, 36.739058 ], [ -98.666125916153078, 36.739068983979365 ], [ -98.666126, 36.739058000000107 ] ], [ [ -98.666133, 36.732376 ], [ -98.666139, 36.731638 ], [ -98.66614069897669, 36.731439899808272 ], [ -98.666139, 36.731638 ], [ -98.666133, 36.732376 ], [ -98.666132721482768, 36.732400877517115 ], [ -98.666133, 36.732376 ] ], [ [ -98.666146652195835, 36.730696290936997 ], [ -98.666145, 36.729971 ], [ -98.666135, 36.728484 ], [ -98.666146652195835, 36.730696290936997 ] ], [ [ -98.666166439158999, 36.724743409188093 ], [ -98.666182, 36.723535 ], [ -98.666189, 36.72117 ], [ -98.666166439158999, 36.724743409188093 ] ], [ [ -98.666189, 36.72117 ], [ -98.666212, 36.716661 ], [ -98.666245, 36.714207 ], [ -98.666245000100915, 36.714206799572899 ], [ -98.666212, 36.716661 ], [ -98.666189, 36.72117 ] ], [ [ -98.651476543645074, 36.710089226217576 ], [ -98.648249, 36.710501 ], [ -98.650413, 36.710503 ], [ -98.651206, 36.710501 ], [ -98.651476543645074, 36.710089226217576 ] ], [ [ -98.666257, 36.62423999999983 ], [ -98.666257, 36.62424 ], [ -98.666256, 36.623364 ], [ -98.666257, 36.62423999999983 ] ], [ [ -98.666223492725777, 36.628628778048196 ], [ -98.666219, 36.631224 ], [ -98.666229, 36.632437 ], [ -98.666223492725777, 36.628628778048196 ] ], [ [ -98.666229499999915, 36.641740001314474 ], [ -98.666205, 36.635128 ], [ -98.666228345516956, 36.632452998494053 ], [ -98.666229499999915, 36.641740001314474 ] ], [ [ -98.666251, 36.645766000000243 ], [ -98.666230466408422, 36.642242832199479 ], [ -98.666249, 36.647371 ], [ -98.666251, 36.645766000000243 ] ], [ [ -98.666240191400647, 36.66226770651275 ], [ -98.666268, 36.650514 ], [ -98.666249194642546, 36.64740319862706 ], [ -98.666240191400647, 36.66226770651275 ] ], [ [ -98.666192, 36.677766999999896 ], [ -98.666192999999836, 36.678021000000157 ], [ -98.666218, 36.680072000000202 ], [ -98.66624, 36.681397 ], [ -98.666192, 36.677767 ], [ -98.666222, 36.674895 ], [ -98.66621, 36.67244 ], [ -98.666236, 36.669678 ], [ -98.66625, 36.665182 ], [ -98.66624, 36.662299 ], [ -98.666192, 36.677766999999896 ] ], [ [ -98.66439, 36.681404 ], [ -98.659931871052493, 36.681407370530309 ], [ -98.665286032437564, 36.681400609607138 ], [ -98.66439, 36.681404 ] ], [ [ -98.649886, 36.681425 ], [ -98.649886, 36.681424999999862 ], [ -98.648199999999861, 36.681416 ], [ -98.6434529797842, 36.681416954750716 ], [ -98.649886, 36.681425 ] ], [ [ -98.63108, 36.681420000000251 ], [ -98.63108, 36.681420000000152 ], [ -98.630894544677986, 36.681429249642747 ], [ -98.63108, 36.681420000000251 ] ], [ [ -98.630401, 36.681552 ], [ -98.630025996804704, 36.681738266640124 ], [ -98.630647676114862, 36.681452529555266 ], [ -98.630401, 36.681552 ] ], [ [ -98.628272, 36.682314000000154 ], [ -98.628272, 36.682314 ], [ -98.628244416997731, 36.682312408673077 ], [ -98.628272, 36.682314000000154 ] ], [ [ -98.62706349645093, 36.682063469920443 ], [ -98.627962, 36.682265 ], [ -98.628067119814787, 36.682283742295915 ], [ -98.62737, 36.681920000000147 ], [ -98.62706349645093, 36.682063469920443 ] ], [ [ -98.626103, 36.682795 ], [ -98.626103, 36.682795 ], [ -98.62579908143708, 36.683313281272326 ], [ -98.626103, 36.682795 ] ], [ [ -98.625759, 36.685158 ], [ -98.625784, 36.683339 ], [ -98.626106952969167, 36.685896165802781 ], [ -98.625759, 36.685158 ] ], [ [ -98.630003, 36.690716 ], [ -98.630002999999874, 36.690716000000151 ], [ -98.630001999999863, 36.692846 ], [ -98.630253035419869, 36.694164678301483 ], [ -98.630003, 36.690716 ] ], [ [ -98.630542809989194, 36.694963456312308 ], [ -98.630342, 36.694632000000126 ], [ -98.630342, 36.694632000000141 ], [ -98.630542809989194, 36.694963456312308 ] ], [ [ -98.630948432685159, 36.697099465300909 ], [ -98.631109, 36.695898000000213 ], [ -98.631109, 36.695898000000128 ], [ -98.630948432685159, 36.697099465300909 ] ], [ [ -98.630965, 36.697678 ], [ -98.63096499999989, 36.697678 ], [ -98.631056682571668, 36.697800840496669 ], [ -98.630965, 36.697678 ] ], [ [ -98.631987999999851, 36.698228 ], [ -98.631987999999808, 36.698228000000192 ], [ -98.632430296061273, 36.698196440102741 ], [ -98.631987999999851, 36.698228 ] ], [ [ -98.635103498185842, 36.697594833236302 ], [ -98.637750663409363, 36.697053920911564 ], [ -98.636624, 36.697199 ], [ -98.635103498185842, 36.697594833236302 ] ], [ [ -98.641287999999861, 36.695209000000119 ], [ -98.641916460259537, 36.695155557374441 ], [ -98.640866874680583, 36.695569488017988 ], [ -98.641287999999861, 36.695209000000119 ] ], [ [ -98.643817, 36.697454 ], [ -98.643817, 36.697454 ], [ -98.64359, 36.696492 ], [ -98.643221, 36.695691 ], [ -98.642795, 36.695324000000134 ], [ -98.642669616433537, 36.69526816515183 ], [ -98.643221, 36.695691000000224 ], [ -98.643817, 36.697454 ] ], [ [ -98.644818773442125, 36.7000728366502 ], [ -98.644186, 36.698347000000155 ], [ -98.644253713274693, 36.698275349916095 ], [ -98.644818773442125, 36.7000728366502 ] ], [ [ -98.647055, 36.701241 ], [ -98.647055, 36.701241 ], [ -98.647267333333346, 36.701498133824984 ], [ -98.647055, 36.701241 ] ], [ [ -98.64773799999989, 36.703237 ], [ -98.647737999999833, 36.703237 ], [ -98.647790025378711, 36.705624388231904 ], [ -98.64773799999989, 36.703237 ] ], [ [ -98.647905999999878, 36.706151 ], [ -98.648067374742169, 36.706498334378288 ], [ -98.647906, 36.706151 ], [ -98.647878, 36.705784 ], [ -98.647835, 36.705749500007812 ], [ -98.647905999999878, 36.706151 ] ], [ [ -98.651742, 36.709343 ], [ -98.651494248029621, 36.709106347872876 ], [ -98.651742, 36.709343 ], [ -98.651742, 36.709343 ] ], [ [ -98.738287, 36.705255999999892 ], [ -98.738287, 36.705256 ], [ -98.738285723631805, 36.705644868169045 ], [ -98.738287, 36.705255999999892 ] ], [ [ -98.738244, 36.696839000000153 ], [ -98.738247499999943, 36.696477000852425 ], [ -98.738241962089518, 36.697054509322967 ], [ -98.738244, 36.696839000000153 ] ], [ [ -98.738253, 36.69254 ], [ -98.738254545454524, 36.690117278346257 ], [ -98.738253, 36.69254 ], [ -98.738253, 36.69254 ] ], [ [ -98.738256, 36.687498000000105 ], [ -98.738256, 36.687498 ], [ -98.738255857034432, 36.687486162483417 ], [ -98.738256, 36.687498000000105 ] ], [ [ -98.738213244299004, 36.672729941581871 ], [ -98.738213, 36.672699 ], [ -98.738213, 36.672699 ], [ -98.738213244299004, 36.672729941581871 ] ], [ [ -98.738219, 36.670326 ], [ -98.738230287734396, 36.670280849117361 ], [ -98.738211037467963, 36.670549789508101 ], [ -98.738219, 36.670326 ] ], [ [ -98.738545, 36.66914 ], [ -98.738770283603074, 36.668106143133244 ], [ -98.738468587055337, 36.669461571736456 ], [ -98.738545, 36.66914 ] ], [ [ -98.73831779839341, 36.667121746473441 ], [ -98.738207, 36.667124 ], [ -98.738207, 36.667124 ], [ -98.73831779839341, 36.667121746473441 ] ], [ [ -98.738167086942425, 36.654909556759577 ], [ -98.738167, 36.654895000000245 ], [ -98.738167, 36.654895000000266 ], [ -98.738167086942425, 36.654909556759577 ] ], [ [ -98.73822, 36.629477 ], [ -98.738224545968521, 36.628762275973983 ], [ -98.738208061960393, 36.630217161154285 ], [ -98.73822, 36.629477 ] ], [ [ -98.738245, 36.624272000000225 ], [ -98.738244003830147, 36.623611539427834 ], [ -98.73823718924254, 36.624689616205288 ], [ -98.738245, 36.624272000000225 ] ], [ [ -98.054578999999862, 34.521618 ], [ -98.055073, 34.521614 ], [ -98.054529857382235, 34.521618 ], [ -98.054578999999862, 34.521618 ] ] ] } }
]
}
