{
"type": "FeatureCollection",
"name": "oklahoma_optimized_districts_age",
"crs": { "type": "name", "properties": { "name": "urn:ogc:def:crs:OGC:1.3:CRS84" } },
"features": [
{ "type": "Feature", "properties": { "district_id": 0, "voting_age_pop": 564738, "lib_votes": 0, "grn_votes": 0, "con_votes": 0, "ref_votes": 0, "total_pop": 755982, "dem_votes_sum": 222473577, "rep_votes_sum": 148922, "lib_votes_sum": 0, "grn_votes_sum": 0, "con_votes_sum": 0, "ref_votes_sum": 0, "minority_pop_sum": 351590, "dem_pct": 0.99933105593249139, "rep_pct": 0.00066894406750864839, "lib_pct": 0.0, "grn_pct": 0.0, "con_pct": 0.0, "ref_pct": 0.0, "minority_pct": 0.46507721083306214, "compactness": 0.27139933951782436 }, "geometry": { "type": "Polygon", "coordinates": [ [ [ -95.714703, 33.983693 ], [ -95.741241, 33.974022 ], [ -95.782046, 33.986134 ], [ -95.781796, 33.868377 ], [ -95.840297, 33.87417 ], [ -95.878707, 33.916158 ], [ -95.921882, 33.927211 ], [ -95.937947, 33.948163 ], [ -95.93815, 34.1251 ], [ -95.949758, 34.145109 ], [ -95.991577999999876, 34.156815 ], [ -96.102543, 34.157108 ], [ -96.108107, 34.198996 ], [ -96.205528, 34.251477 ], [ -96.151325, 34.34584799999989 ], [ -96.180493, 34.345866 ], [ -96.180433, 34.360383 ], [ -96.232938, 34.360349 ], [ -96.232827, 34.418407 ], [ -96.319985, 34.41832 ], [ -96.315526, 34.476399 ], [ -96.285336, 34.461871 ], [ -96.285231, 34.505733 ], [ -96.227373, 34.505774 ], [ -96.218172, 34.539465 ], [ -96.262093, 34.530503 ], [ -96.303446999999878, 34.505708 ], [ -96.38948, 34.505462000000122 ], [ -96.380566, 34.541684 ], [ -96.37019, 34.541686 ], [ -96.369984, 34.543184 ], [ -96.395275, 34.578213 ], [ -96.372026, 34.57815800000018 ], [ -96.370188, 34.563625 ], [ -96.266978, 34.567459999999883 ], [ -96.265547, 34.753805 ], [ -96.258212, 34.766879 ], [ -96.168201, 34.767156000000135 ], [ -96.196599, 34.781839 ], [ -96.164232, 34.91998 ], [ -96.179855, 34.93506 ], [ -96.174821, 34.948801999999894 ], [ -96.148233, 34.97071 ], [ -96.132887999999852, 35.013611 ], [ -96.101026, 35.045686 ], [ -96.069239, 35.056585 ], [ -96.059668, 35.093101 ], [ -96.029969, 35.120336 ], [ -96.009754, 35.118034000000101 ], [ -96.012263, 35.145106 ], [ -95.98371, 35.151557 ], [ -95.981309, 35.303263 ], [ -95.963456, 35.318815 ], [ -95.897598, 35.327035 ], [ -95.894303, 35.376697 ], [ -95.960842999999883, 35.376808000000111 ], [ -95.974636, 35.422226 ], [ -95.993965999999858, 35.433055 ], [ -95.999449, 35.491105000000111 ], [ -95.981451, 35.492779 ], [ -95.979951999999898, 35.595830000000134 ], [ -95.997177999999849, 35.595648000000345 ], [ -95.988664, 35.62453 ], [ -96.009043, 35.622841 ], [ -96.007286, 35.639722 ], [ -96.076963, 35.639286 ], [ -96.067719, 35.721838 ], [ -96.01787, 35.766192 ], [ -96.005800999999877, 35.740806 ], [ -95.979741, 35.740674 ], [ -95.979777, 35.726329 ], [ -95.93516, 35.725956 ], [ -95.944044, 35.769473000000133 ], [ -95.908486, 35.76939 ], [ -95.90837, 35.85639900000016 ], [ -95.819964, 35.8559 ], [ -95.819455, 35.901095000000105 ], [ -95.850902, 35.901089000000155 ], [ -95.850877, 35.915648 ], [ -95.886594999999843, 35.915659 ], [ -95.886584999999826, 35.930153 ], [ -95.868786, 35.930228 ], [ -95.868667, 35.953398000000121 ], [ -95.832884, 35.944741 ], [ -95.833106, 35.988345 ], [ -95.868621, 35.988326000000121 ], [ -95.868562, 36.002861 ], [ -95.886636999999865, 36.002805000000144 ], [ -95.88652, 36.017297 ], [ -95.904232, 36.017334 ], [ -95.922712999999888, 36.043831 ], [ -95.904226, 36.046342 ], [ -95.904353, 36.089897 ], [ -95.886526, 36.0899000000001 ], [ -95.886612, 36.104424000000115 ], [ -95.85954, 36.104473 ], [ -95.868722999999846, 36.160666 ], [ -95.815415, 36.160631 ], [ -95.81527, 36.22445 ], [ -95.75903, 36.23497 ], [ -95.758388999999823, 36.205706 ], [ -95.726114999999851, 36.209223000000108 ], [ -95.726408, 36.162496 ], [ -95.619187, 36.162529 ], [ -95.620345, 36.188497 ], [ -95.606872, 36.189947 ], [ -95.43998, 36.19142 ], [ -95.43997, 36.16239 ], [ -95.323535, 36.162508 ], [ -95.322441, 36.153745000000107 ], [ -95.301514, 36.153519 ], [ -95.24985, 36.187768 ], [ -95.241643, 36.231399 ], [ -95.225878, 36.238073 ], [ -95.22812, 36.24912 ], [ -95.25612, 36.24937 ], [ -95.256109999999822, 36.307320000000161 ], [ -95.20253, 36.307500000000132 ], [ -95.187208, 36.329848 ], [ -95.236345, 36.33639 ], [ -95.210205, 36.408995000000139 ], [ -95.160289, 36.409199 ], [ -95.123887, 36.377314 ], [ -95.059146, 36.401496 ], [ -95.059342, 36.416086 ], [ -95.00573, 36.41231 ], [ -95.005718, 36.491773 ], [ -94.961439, 36.511095 ], [ -94.948524, 36.538069000000142 ], [ -94.916173, 36.546155 ], [ -94.895786, 36.565318 ], [ -94.844758, 36.550526 ], [ -94.829673, 36.555709 ], [ -94.853904, 36.604994 ], [ -94.831393, 36.634703 ], [ -94.777562, 36.644646 ], [ -94.77494, 36.667806 ], [ -94.618077, 36.667921 ], [ -94.617919, 36.499414000000144 ], [ -94.430661999999856, 35.392478 ], [ -94.487611, 33.628544 ], [ -94.505655, 33.620668 ], [ -94.517468, 33.633056000000153 ], [ -94.52795, 33.615964 ], [ -94.535313, 33.624585 ], [ -94.518529, 33.63757 ], [ -94.527491, 33.641344 ], [ -94.568965, 33.627453 ], [ -94.542627, 33.653992 ], [ -94.549636, 33.660675999999896 ], [ -94.590478, 33.645075 ], [ -94.560339, 33.666591 ], [ -94.580784, 33.666392 ], [ -94.58793, 33.686255 ], [ -94.596019, 33.663863 ], [ -94.622042999999891, 33.682535 ], [ -94.638679, 33.663988 ], [ -94.662598, 33.660682 ], [ -94.670759999999845, 33.6693 ], [ -94.645337, 33.673644 ], [ -94.643715, 33.701522 ], [ -94.651402, 33.685843 ], [ -94.666885, 33.694583 ], [ -94.684796, 33.684353 ], [ -94.716188, 33.687902 ], [ -94.70156, 33.702878 ], [ -94.733965, 33.715687 ], [ -94.715943, 33.694913 ], [ -94.735117, 33.691259 ], [ -94.753801, 33.708663 ], [ -94.733413, 33.725191 ], [ -94.751366, 33.71354 ], [ -94.751825, 33.734326 ], [ -94.768695, 33.726989 ], [ -94.788637, 33.735669000000115 ], [ -94.758948, 33.748532 ], [ -94.763035, 33.759764 ], [ -94.802833, 33.732699 ], [ -94.817023, 33.740007 ], [ -94.820706999999899, 33.768964 ], [ -94.830875, 33.759985 ], [ -94.821989, 33.732878 ], [ -94.867544, 33.744904 ], [ -94.877125, 33.753123 ], [ -94.866736, 33.76183 ], [ -94.868144, 33.768874 ], [ -94.876372, 33.75733 ], [ -94.921525999999844, 33.790472 ], [ -94.91801, 33.826783 ], [ -94.923289, 33.808742 ], [ -94.947874, 33.808356 ], [ -94.943888, 33.830226 ], [ -94.964401, 33.837021 ], [ -94.970205, 33.861817 ], [ -94.988487, 33.851 ], [ -95.002187, 33.86371300000016 ], [ -95.046568, 33.862565 ], [ -95.060104999999822, 33.901873 ], [ -95.075876, 33.901846 ], [ -95.066759999999874, 33.917101 ], [ -95.089607, 33.880857 ], [ -95.100378, 33.895595000000178 ], [ -95.080059999999762, 33.920989 ], [ -95.120893, 33.904539 ], [ -95.131644, 33.913926 ], [ -95.1247, 33.934675 ], [ -95.214533, 33.962268 ], [ -95.249395, 33.939889 ], [ -95.258106, 33.889809 ], [ -95.268697, 33.91109 ], [ -95.284628999999882, 33.905483000000125 ], [ -95.280725, 33.875491 ], [ -95.329935999999847, 33.886334 ], [ -95.347727999999748, 33.870503 ], [ -95.405209, 33.864575 ], [ -95.463336, 33.872396 ], [ -95.46144, 33.887106 ], [ -95.50384, 33.8755 ], [ -95.508589, 33.897538 ], [ -95.544141, 33.880603 ], [ -95.557711, 33.930351 ], [ -95.594085, 33.943057 ], [ -95.63319, 33.93472 ], [ -95.64514, 33.948824 ], [ -95.656828, 33.925184 ], [ -95.672664, 33.943295 ], [ -95.672936, 33.976624 ], [ -95.710109999999872, 33.971333000000158 ], [ -95.714703, 33.983693 ] ], [ [ -95.987676634999957, 35.610032996 ], [ -95.987676635073441, 35.610032995549567 ], [ -95.98727100645516, 35.610029705397963 ], [ -95.987676634999957, 35.610032996 ] ], [ [ -95.986813635074256, 35.610025995886019 ], [ -95.986813634999976, 35.610025996000054 ], [ -95.98681370215202, 35.610025996367987 ], [ -95.986813635074256, 35.610025995886019 ] ], [ [ -95.984430000010704, 35.61001099807762 ], [ -95.98443, 35.610010999000025 ], [ -95.98494963499995, 35.610013996000035 ], [ -95.984430000010704, 35.61001099807762 ] ], [ [ -95.985765867701303, 35.610019122884147 ], [ -95.985535634999962, 35.610017996000039 ], [ -95.985536, 35.610017998000032 ], [ -95.985765867701303, 35.610019122884147 ] ], [ [ -95.983364223001701, 35.610009039642875 ], [ -95.984362635999958, 35.61001099700006 ], [ -95.984362966844614, 35.61001099700006 ], [ -95.983364223001701, 35.610009039642875 ] ], [ [ -95.980405634999954, 35.610013 ], [ -95.980405635152451, 35.610012999304601 ], [ -95.980211679963674, 35.610015429820436 ], [ -95.980405634999954, 35.610013 ] ], [ [ -95.979598000005169, 35.610017999636817 ], [ -95.979598, 35.610018 ], [ -95.979697588559674, 35.610019429137736 ], [ -95.979598000005169, 35.610017999636817 ] ], [ [ -95.977576, 35.610007999000032 ], [ -95.977575999999885, 35.610007997014606 ], [ -95.977340029331245, 35.610007000124256 ], [ -95.977576, 35.610007999000032 ] ], [ [ -95.961784999999551, 35.621335000000315 ], [ -95.962750130460265, 35.623207966720187 ], [ -95.962761, 35.62336700000025 ], [ -95.961784999999551, 35.621335000000315 ] ], [ [ -95.961319233999959, 35.609050795 ], [ -95.961319234135999, 35.609050794710157 ], [ -95.961081153376043, 35.609079981197766 ], [ -95.961319233999959, 35.609050795 ] ], [ [ -95.95836066899993, 35.609405159000048 ], [ -95.958360668302689, 35.609405158983222 ], [ -95.957854064040717, 35.60946387667321 ], [ -95.95836066899993, 35.609405159000048 ] ], [ [ -95.949765489075332, 35.610336600781721 ], [ -95.948525361977815, 35.610351000267826 ], [ -95.950521312249919, 35.61029503781986 ], [ -95.949765489075332, 35.610336600781721 ] ], [ [ -95.967447051201788, 35.638378991128526 ], [ -95.967548364999956, 35.638361437000029 ], [ -95.967548364853187, 35.638361436823452 ], [ -95.967447051201788, 35.638378991128526 ] ], [ [ -95.70183, 34.471472 ], [ -95.701912587709529, 34.472270671732261 ], [ -95.701614, 34.470756 ], [ -95.70183, 34.471472 ] ], [ [ -95.681592, 34.43003 ], [ -95.681598902631578, 34.430047983867695 ], [ -95.681593844193458, 34.429534834052397 ], [ -95.681592, 34.43003 ] ], [ [ -95.657650717638191, 34.309591013758073 ], [ -95.657662, 34.309855 ], [ -95.657657, 34.309154 ], [ -95.657650717638191, 34.309591013758073 ] ], [ [ -95.395019, 35.882464000000212 ], [ -95.394053999999727, 35.881688 ], [ -95.395425999999517, 35.882792000000364 ], [ -95.395019, 35.882464000000212 ] ] ] } },
{ "type": "Feature", "properties": { "district_id": 1, "voting_age_pop": 569843, "lib_votes": 0, "grn_votes": 0, "con_votes": 0, "ref_votes": 0, "total_pop": 750615, "dem_votes_sum": 149169789, "rep_votes_sum": 154578, "lib_votes_sum": 0, "grn_votes_sum": 0, "con_votes_sum": 0, "ref_votes_sum": 0, "minority_pop_sum": 242880, "dem_pct": 0.99896481730942144, "rep_pct": 0.0010351826905785578, "lib_pct": 0.0, "grn_pct": 0.0, "con_pct": 0.0, "ref_pct": 0.0, "minority_pct": 0.32357466877160729, "compactness": 0.10249562181716947 }, "geometry": { "type": "Polygon", "coordinates": [ [ [ -98.371079, 34.151803999999885 ], [ -98.387084, 34.140912 ], [ -98.380093, 34.130831 ], [ -98.398441, 34.128456 ], [ -98.414426, 34.085074000000148 ], [ -98.483550999999864, 34.062277 ], [ -98.560976999999866, 34.123922 ], [ -98.55088, 34.132583 ], [ -98.599789, 34.160571 ], [ -98.648072999999883, 34.164441 ], [ -98.690072, 34.133155 ], [ -98.734287, 34.135758000000152 ], [ -98.757037, 34.124633 ], [ -98.812954, 34.158444 ], [ -98.855585, 34.161621 ], [ -98.868116, 34.149635 ], [ -98.872922, 34.166584 ], [ -98.918333, 34.181831 ], [ -98.951284, 34.212189 ], [ -98.972609, 34.202591 ], [ -98.988172, 34.221310000000159 ], [ -99.044463, 34.198106000000145 ], [ -99.079392, 34.21155 ], [ -99.12664, 34.203064 ], [ -99.130443, 34.219478 ], [ -99.153653, 34.207328 ], [ -99.186817, 34.21355500000012 ], [ -99.195403, 34.280849 ], [ -99.211448, 34.292247 ], [ -99.210766, 34.337246 ], [ -99.188133999999849, 34.34602 ], [ -99.184896999999893, 34.334283 ], [ -98.923315, 34.334036 ], [ -98.923453, 34.269264 ], [ -98.871304, 34.275957 ], [ -98.871309, 34.333894 ], [ -98.88877, 34.333951 ], [ -98.88882, 34.348462 ], [ -98.871305, 34.348416 ], [ -98.871176, 34.391889 ], [ -99.012086, 34.392042999999887 ], [ -99.010815, 34.4210810000001 ], [ -98.976105, 34.406495 ], [ -98.888787, 34.406401 ], [ -98.888397, 34.420707 ], [ -98.858129, 34.413043 ], [ -98.766718, 34.420374 ], [ -98.766737, 34.507483999999884 ], [ -98.685529, 34.507468 ], [ -98.685517, 34.638266 ], [ -98.474575, 34.638021 ], [ -98.474751, 34.623431 ], [ -98.458861999999883, 34.62344 ], [ -98.457236, 34.594499 ], [ -98.49488, 34.594794 ], [ -98.510041, 34.594366999999878 ], [ -98.479161, 34.594335 ], [ -98.474793, 34.565401 ], [ -98.422139, 34.565372 ], [ -98.422114, 34.507381 ], [ -98.387047, 34.50729 ], [ -98.387193, 34.579748 ], [ -98.404636999999838, 34.579818 ], [ -98.404741, 34.601032 ], [ -98.334772, 34.594154 ], [ -98.334764, 34.579795 ], [ -98.299758999999867, 34.579591 ], [ -98.299764, 34.594296 ], [ -98.194799, 34.594164 ], [ -98.195049, 34.681068 ], [ -98.230121, 34.695656 ], [ -98.230302, 34.797183 ], [ -98.265533, 34.797129 ], [ -98.265549, 34.811643 ], [ -98.332202999999879, 34.811498 ], [ -98.317217, 34.82912 ], [ -98.340854, 34.823185 ], [ -98.355646, 34.855131 ], [ -98.303917, 34.855144 ], [ -98.314167, 34.927648 ], [ -98.303935, 34.927632 ], [ -98.303981, 34.985539 ], [ -98.112929, 34.981765000000145 ], [ -98.093057, 34.985228000000149 ], [ -98.093055999999876, 35.028817 ], [ -98.022574, 35.029029 ], [ -98.022768, 35.114484 ], [ -98.036678, 35.121641 ], [ -98.018003, 35.120215 ], [ -98.0213, 35.145535000000137 ], [ -98.091293, 35.145709 ], [ -98.09134, 35.20373 ], [ -97.829873, 35.203686 ], [ -97.829933, 35.23269700000013 ], [ -97.882957, 35.232679 ], [ -97.882906, 35.305159000000103 ], [ -97.830007, 35.305327 ], [ -97.829974, 35.330771 ], [ -97.80598, 35.340771000000103 ], [ -97.79429, 35.335827 ], [ -97.794586, 35.290832 ], [ -97.670833, 35.291009000000109 ], [ -97.671595, 35.335934 ], [ -97.737305, 35.323762 ], [ -97.761499, 35.340347 ], [ -97.760057, 35.377149 ], [ -97.724552, 35.377161 ], [ -97.72458, 35.391680000000129 ], [ -97.706819, 35.391661 ], [ -97.706793, 35.377167 ], [ -97.671368999999899, 35.377151 ], [ -97.671529, 35.337508 ], [ -97.617798999999877, 35.305211000000106 ], [ -97.558142, 35.290544 ], [ -97.547236, 35.290785 ], [ -97.547645, 35.334135 ], [ -97.529885, 35.334288 ], [ -97.529968, 35.348775 ], [ -97.512172, 35.3488520000001 ], [ -97.512091, 35.334342999999897 ], [ -97.459176, 35.334165 ], [ -97.459242, 35.363104 ], [ -97.423854, 35.363217 ], [ -97.423604, 35.319818 ], [ -97.141943, 35.318714 ], [ -97.141302, 35.637508 ], [ -97.035004, 35.63743 ], [ -97.034647, 35.681014000000133 ], [ -97.047397, 35.680973000000122 ], [ -97.017225, 35.690371 ], [ -97.026289, 35.796942 ], [ -97.016421, 35.942068 ], [ -97.105008, 35.942253 ], [ -97.105467, 35.956108 ], [ -97.098144999999874, 35.956544 ], [ -97.092457, 35.9584 ], [ -97.088065, 35.960896 ], [ -97.085504, 35.963415 ], [ -97.083786, 35.965476 ], [ -97.082802, 35.968818 ], [ -97.079591, 35.969826 ], [ -97.067201, 35.96634800000011 ], [ -97.068862, 35.957168 ], [ -97.067285, 35.95545099999989 ], [ -97.061823, 35.953207 ], [ -97.056613999999854, 35.95291 ], [ -97.048335999999892, 35.954809 ], [ -97.039381, 35.959617 ], [ -97.038705, 35.960693 ], [ -97.031981, 35.957614999999883 ], [ -97.038758, 35.96099 ], [ -97.061401, 35.953392 ], [ -97.066922, 35.966912 ], [ -97.079227, 35.97007 ], [ -97.083253, 35.968782 ], [ -97.086038, 35.963211 ], [ -97.08759, 35.961583 ], [ -97.091631, 35.959286 ], [ -97.096596, 35.957214 ], [ -97.099583, 35.956747 ], [ -97.104708, 35.956879 ], [ -97.084997, 35.965315 ], [ -97.087184, 35.985525 ], [ -97.050822, 35.985427 ], [ -97.050838, 35.999982 ], [ -97.033666, 35.999933 ], [ -97.033563, 36.043446000000152 ], [ -96.944614, 36.043692 ], [ -96.944939, 36.022009 ], [ -96.926844, 36.022 ], [ -96.927085, 35.985652 ], [ -96.803207, 35.985644999999884 ], [ -96.802589, 36.043609000000146 ], [ -96.767132, 36.053563 ], [ -96.802387, 36.075906 ], [ -96.804712, 36.15904 ], [ -96.621441, 36.159929 ], [ -96.619649, 35.770568000000139 ], [ -96.56573, 35.795088 ], [ -96.56525, 35.784105 ], [ -96.512236, 35.784304 ], [ -96.512115, 35.653965 ], [ -96.496852, 35.639003 ], [ -96.476563, 35.639040000000151 ], [ -96.476879, 35.552017 ], [ -96.38808, 35.559857 ], [ -96.388122, 35.551997 ], [ -96.352623, 35.551921 ], [ -96.35281, 35.536994 ], [ -96.299623, 35.536683 ], [ -96.299671, 35.478672 ], [ -96.264636, 35.478636 ], [ -96.264643, 35.49312600000011 ], [ -96.229189, 35.49316 ], [ -96.22915, 35.536657 ], [ -96.193818, 35.536656000000136 ], [ -96.193699, 35.551846 ], [ -96.109278, 35.552044 ], [ -96.080041, 35.601222 ], [ -96.085679, 35.614023 ], [ -96.074562, 35.613968 ], [ -96.077085, 35.6358 ], [ -96.012341, 35.641862 ], [ -96.009043, 35.622841 ], [ -95.988664, 35.62453 ], [ -95.997178, 35.595648 ], [ -95.979952, 35.59583 ], [ -95.981451, 35.492779 ], [ -95.999449, 35.491105000000111 ], [ -95.989817, 35.423417 ], [ -95.974636, 35.422226 ], [ -95.960842999999883, 35.376808000000111 ], [ -95.894303, 35.376697 ], [ -95.897598, 35.327035 ], [ -95.963456, 35.318815 ], [ -95.981309, 35.303263 ], [ -95.98371, 35.151557 ], [ -96.012263, 35.145106 ], [ -96.009754, 35.118034000000101 ], [ -96.029969, 35.120336 ], [ -96.059668, 35.093101 ], [ -96.069239, 35.056585 ], [ -96.101026, 35.045686 ], [ -96.132887999999852, 35.013611 ], [ -96.148233, 34.97071 ], [ -96.179162, 34.939145 ], [ -96.164232, 34.91998 ], [ -96.196599, 34.781839 ], [ -96.168201, 34.767156000000135 ], [ -96.258212, 34.766879 ], [ -96.265547, 34.753805 ], [ -96.266978, 34.567459999999883 ], [ -96.370188, 34.563625 ], [ -96.372026, 34.57815800000018 ], [ -96.395275, 34.578213 ], [ -96.369984, 34.543184 ], [ -96.380566, 34.541684 ], [ -96.38948, 34.505462000000122 ], [ -96.303446999999878, 34.505708 ], [ -96.262093, 34.530503 ], [ -96.218172, 34.539465 ], [ -96.227373, 34.505774 ], [ -96.285231, 34.505733 ], [ -96.285336, 34.461871 ], [ -96.315526, 34.476399 ], [ -96.319985, 34.41832 ], [ -96.232827, 34.418407 ], [ -96.232938, 34.360349 ], [ -96.180433, 34.360383 ], [ -96.180493, 34.345866 ], [ -96.151325, 34.34584799999989 ], [ -96.205528, 34.251477 ], [ -96.108107, 34.198996 ], [ -96.102543, 34.157108 ], [ -96.109248, 34.157122000000157 ], [ -96.118742634763393, 34.157141236784121 ], [ -95.991577999999876, 34.156815 ], [ -95.949758, 34.145109 ], [ -95.93815, 34.1251 ], [ -95.937947, 33.948163 ], [ -95.921882, 33.927211 ], [ -95.878706999999892, 33.916158 ], [ -95.840297, 33.87417 ], [ -95.781796, 33.868377 ], [ -95.782046, 33.986134 ], [ -95.741241, 33.974022 ], [ -95.719375, 33.985019 ], [ -95.710109999999872, 33.971333000000158 ], [ -95.672936, 33.976624 ], [ -95.672664, 33.943295 ], [ -95.656828, 33.925184 ], [ -95.647007, 33.948619 ], [ -95.632751, 33.934629000000115 ], [ -95.598094, 33.942906 ], [ -95.599108, 33.933071 ], [ -95.629256, 33.905895000000122 ], [ -95.665478, 33.909004 ], [ -95.693093, 33.887224 ], [ -95.752153, 33.894577000000169 ], [ -95.762506, 33.87957 ], [ -95.751587999999842, 33.855892 ], [ -95.770239, 33.845202 ], [ -95.805016, 33.861381 ], [ -95.837114, 33.835646 ], [ -95.92825, 33.885354 ], [ -95.941902, 33.861508 ], [ -95.944139999999891, 33.859998 ], [ -95.948676, 33.858041000000107 ], [ -95.951382, 33.857332 ], [ -95.984856, 33.852492 ], [ -95.984927, 33.865805 ], [ -96.002925, 33.87359 ], [ -95.997708, 33.852183 ], [ -96.020624, 33.840627 ], [ -96.026968, 33.857474 ], [ -96.048834, 33.836468 ], [ -96.100095, 33.847971 ], [ -96.09936, 33.830470000000105 ], [ -96.14807, 33.837799 ], [ -96.150765, 33.816987 ], [ -96.179122, 33.810224 ], [ -96.169591999999895, 33.800944000000101 ], [ -96.163766, 33.813051 ], [ -96.155538, 33.81404 ], [ -96.178603, 33.760426 ], [ -96.221131, 33.747391 ], [ -96.293708, 33.769409 ], [ -96.31223, 33.706304 ], [ -96.346859, 33.686216 ], [ -96.423532, 33.776432 ], [ -96.500984, 33.772801 ], [ -96.531966, 33.823989 ], [ -96.572937, 33.819098 ], [ -96.629274, 33.8455 ], [ -96.587934, 33.894784 ], [ -96.628293999999883, 33.894477 ], [ -96.667186999999842, 33.91694 ], [ -96.699574, 33.839049000000124 ], [ -96.761587, 33.824407 ], [ -96.794276, 33.868886 ], [ -96.832157, 33.874835 ], [ -96.850593, 33.847211 ], [ -96.875281, 33.860505 ], [ -96.9163, 33.957798 ], [ -96.97287, 33.935698 ], [ -96.981337, 33.956378 ], [ -96.996251, 33.942664 ], [ -96.983835, 33.890949 ], [ -97.021438, 33.846379 ], [ -97.041832, 33.837756 ], [ -97.06704, 33.860514 ], [ -97.088498, 33.851849 ], [ -97.087204, 33.841368 ], [ -97.051949, 33.832993 ], [ -97.048146, 33.817456 ], [ -97.092646, 33.804198 ], [ -97.086451, 33.743342999999889 ], [ -97.125134999999872, 33.71709 ], [ -97.160687, 33.727596 ], [ -97.192564999999874, 33.75968 ], [ -97.204995, 33.81887 ], [ -97.166629, 33.847310999999898 ], [ -97.180845, 33.895203999999893 ], [ -97.210316, 33.915927 ], [ -97.245049, 33.903216 ], [ -97.255639, 33.863702000000124 ], [ -97.275606999999866, 33.858168 ], [ -97.309172, 33.888698 ], [ -97.314257, 33.865089 ], [ -97.332063, 33.855056 ], [ -97.33188, 33.884483 ], [ -97.368731, 33.821443 ], [ -97.426799, 33.818641 ], [ -97.463242, 33.842004 ], [ -97.450807, 33.886608 ], [ -97.46142, 33.90523 ], [ -97.500271, 33.919635 ], [ -97.551541, 33.897947 ], [ -97.581078, 33.899679 ], [ -97.59695, 33.916311 ], [ -97.589597, 33.953554 ], [ -97.671277, 33.991553000000103 ], [ -97.69311, 33.983699000000144 ], [ -97.732261, 33.936519 ], [ -97.762768, 33.934396 ], [ -97.76377, 33.914241 ], [ -97.783522, 33.918302000000125 ], [ -97.784656, 33.890631 ], [ -97.798086, 33.899064 ], [ -97.805423, 33.877167 ], [ -97.817643, 33.880992 ], [ -97.833505, 33.858096 ], [ -97.875311, 33.849721 ], [ -97.984373, 33.898024 ], [ -97.978804, 33.912548 ], [ -97.957155, 33.914454 ], [ -97.953395, 33.936445 ], [ -97.974173, 33.942832 ], [ -97.946473, 33.990732000000101 ], [ -97.974173, 34.006716 ], [ -98.027672, 33.993357 ], [ -98.088203, 34.005481 ], [ -98.106179, 34.034887 ], [ -98.082463, 34.039428 ], [ -98.120208, 34.072127 ], [ -98.09055, 34.122484 ], [ -98.108773, 34.153836 ], [ -98.130816, 34.150532 ], [ -98.16912, 34.114171 ], [ -98.232474, 34.134641 ], [ -98.280321, 34.13075 ], [ -98.325445, 34.151025 ], [ -98.371079, 34.151803999999885 ] ], [ [ -95.76152, 33.873118 ], [ -95.762919, 33.872383 ], [ -95.763828718890494, 33.871621457410015 ], [ -95.76152, 33.873118 ] ], [ [ -97.129685258658199, 34.503030075021996 ], [ -97.129685999999836, 34.502958488000189 ], [ -97.129684982603024, 34.503029995006017 ], [ -97.129685258658199, 34.503030075021996 ] ], [ [ -98.054529857382235, 34.521618 ], [ -98.054578999999862, 34.521618 ], [ -98.055073, 34.521614 ], [ -98.054529857382235, 34.521618 ] ], [ [ -97.446646, 35.247413 ], [ -97.441222, 35.247397 ], [ -97.437499, 35.247406 ], [ -97.435395, 35.247418 ], [ -97.434071, 35.247402 ], [ -97.435395, 35.247418 ], [ -97.441222, 35.247397 ], [ -97.443858, 35.247413 ], [ -97.444089, 35.247414 ], [ -97.446646, 35.247413 ], [ -97.449226, 35.247431 ], [ -97.45103599999986, 35.247432 ], [ -97.446646, 35.247413 ] ], [ [ -97.45103599999986, 35.247432 ], [ -97.453576999999882, 35.2474330000002 ], [ -97.453965742383616, 35.247432000662343 ], [ -97.45103599999986, 35.247432 ] ], [ [ -97.434047, 35.247402 ], [ -97.428195, 35.247346 ], [ -97.423494, 35.247329 ], [ -97.434047, 35.247402 ] ], [ [ -97.459036, 35.259255 ], [ -97.459085, 35.267239000000131 ], [ -97.459089, 35.264829 ], [ -97.459036, 35.259255 ] ], [ [ -97.459030999999854, 35.2581 ], [ -97.459030999999854, 35.258100000000105 ], [ -97.459036, 35.259255 ], [ -97.459030999999854, 35.2581 ] ], [ [ -97.459035391238217, 35.257739378691944 ], [ -97.459041, 35.253783 ], [ -97.459059, 35.25494800000024 ], [ -97.459051, 35.255488 ], [ -97.459044, 35.25605 ], [ -97.459035391238217, 35.257739378691944 ] ], [ [ -97.459041131371706, 35.252671689058111 ], [ -97.459021, 35.247439 ], [ -97.457168, 35.247431 ], [ -97.456433, 35.247431 ], [ -97.455496222892279, 35.247431998696378 ], [ -97.459041131371706, 35.252671689058111 ] ], [ [ -97.423667, 35.282739 ], [ -97.423667, 35.282739 ], [ -97.423666991523845, 35.282742254867671 ], [ -97.423667, 35.282739 ] ], [ [ -97.423675999999872, 35.280962 ], [ -97.423675999999872, 35.280962 ], [ -97.423658, 35.281867 ], [ -97.423675999999872, 35.280962 ] ], [ [ -97.423675383834592, 35.279237563560017 ], [ -97.423674999999889, 35.279264 ], [ -97.423674999999889, 35.279264 ], [ -97.423675383834592, 35.279237563560017 ] ], [ [ -97.423586, 35.249623 ], [ -97.423611037696759, 35.251525865813264 ], [ -97.423583359159096, 35.249599496525335 ], [ -97.423586, 35.249623 ] ], [ [ -97.423644750029524, 35.257507763582417 ], [ -97.42363, 35.256058 ], [ -97.423629, 35.256556 ], [ -97.423644750029524, 35.257507763582417 ] ], [ [ -97.423707, 35.263668 ], [ -97.423706008215873, 35.262737706563207 ], [ -97.423701, 35.264786 ], [ -97.423707, 35.263668 ] ], [ [ -97.423693, 35.266923 ], [ -97.423693, 35.266923 ], [ -97.423705, 35.26529700000011 ], [ -97.423693, 35.266923 ] ], [ [ -97.423683, 35.269106 ], [ -97.423703, 35.267741 ], [ -97.423675999999872, 35.269465 ], [ -97.423683, 35.269106 ] ], [ [ -97.423673, 35.27375 ], [ -97.423676223748714, 35.273919247399199 ], [ -97.423674359696903, 35.273525990533535 ], [ -97.423673, 35.27375 ] ], [ [ -97.45906738639772, 35.273503814469365 ], [ -97.459054, 35.268441000000266 ], [ -97.45906, 35.272602000000113 ], [ -97.45906738639772, 35.273503814469365 ] ], [ [ -97.459066147620618, 35.279215241565034 ], [ -97.459063, 35.278571 ], [ -97.459056, 35.276991 ], [ -97.459066147620618, 35.279215241565034 ] ], [ [ -97.459075, 35.280567000000161 ], [ -97.459075, 35.280567000000268 ], [ -97.459074001026607, 35.281958569764519 ], [ -97.459075, 35.280567000000161 ] ], [ [ -97.45907, 35.282804 ], [ -97.459083028044859, 35.288028148233913 ], [ -97.459087, 35.287304 ], [ -97.459087, 35.286528999999859 ], [ -97.459080999999898, 35.284916 ], [ -97.459075, 35.283565 ], [ -97.45907, 35.282804 ] ], [ [ -97.459099, 35.289179 ], [ -97.459099, 35.289179 ], [ -97.459105005714264, 35.290830362875688 ], [ -97.459099, 35.289179 ] ], [ [ -96.585156, 34.114485 ], [ -96.576083113745611, 34.114446261990238 ], [ -96.585354999999893, 34.114459 ], [ -96.585156, 34.114485 ] ], [ [ -96.566403999999849, 34.114407 ], [ -96.566104, 34.114406 ], [ -96.565588259712115, 34.114404543106666 ], [ -96.566404, 34.114407000000142 ], [ -96.572454999999877, 34.114432 ], [ -96.572456928756367, 34.114432005898337 ], [ -96.566403999999849, 34.114407 ] ], [ [ -96.56520229120764, 34.114403178039197 ], [ -96.563944, 34.114399 ], [ -96.563799292444003, 34.114399497276921 ], [ -96.56520229120764, 34.114403178039197 ] ], [ [ -96.549943, 34.114291 ], [ -96.549943, 34.114291000000236 ], [ -96.554439411114217, 34.114361703587363 ], [ -96.549943, 34.114291 ] ], [ [ -96.546042, 34.114272 ], [ -96.541249978883457, 34.114260838461142 ], [ -96.549525559633793, 34.114284993276783 ], [ -96.546042, 34.114272 ] ], [ [ -96.52919, 34.11422900000013 ], [ -96.523273819999986, 34.114216 ], [ -96.530315684076925, 34.114232266340935 ], [ -96.52919, 34.11422900000013 ] ], [ [ -96.523114, 34.114215 ], [ -96.514871660653299, 34.114245740554345 ], [ -96.523116583328786, 34.114215019720035 ], [ -96.523114, 34.114215 ] ], [ [ -96.514449, 34.11425 ], [ -96.514448999999885, 34.114250000000119 ], [ -96.514841033207205, 34.114246059967833 ], [ -96.514449, 34.11425 ] ], [ [ -96.51366199999967, 34.114272 ], [ -96.513662, 34.11427200000027 ], [ -96.514055735141611, 34.11426077714566 ], [ -96.51366199999967, 34.114272 ] ], [ [ -96.512176, 34.114300000000114 ], [ -96.512176, 34.114300000000242 ], [ -96.512565058362298, 34.114293010927796 ], [ -96.512176, 34.114300000000114 ] ], [ [ -96.511824425531628, 34.114306000000141 ], [ -96.510580472796121, 34.114324328472271 ], [ -96.510952, 34.11432 ], [ -96.511824425531628, 34.114306000000141 ] ], [ [ -96.50400999999971, 34.114308000000101 ], [ -96.504009999999823, 34.114308000000129 ], [ -96.506389461681351, 34.114315901044279 ], [ -96.50400999999971, 34.114308000000101 ] ], [ [ -96.495609999999701, 34.114210000000114 ], [ -96.490306227493363, 34.114174105072877 ], [ -96.499788108057601, 34.114287057111838 ], [ -96.495609999999701, 34.114210000000114 ] ], [ [ -96.490203296329213, 34.114177816871184 ], [ -96.490272, 34.114174 ], [ -96.490271999999891, 34.114174 ], [ -96.490203296329213, 34.114177816871184 ] ], [ [ -96.489564999999558, 34.114205 ], [ -96.489199490148422, 34.1142091068524 ], [ -96.489721629629372, 34.114204 ], [ -96.489564999999558, 34.114205 ] ], [ [ -96.487634, 34.114226 ], [ -96.487634, 34.114226 ], [ -96.487640968279138, 34.110533807829839 ], [ -96.487634, 34.114226 ] ], [ [ -96.487692999999865, 34.105221000000114 ], [ -96.487692999999808, 34.10522100000022 ], [ -96.48768603766402, 34.107899510298367 ], [ -96.487692999999865, 34.105221000000114 ] ], [ [ -96.483056999999746, 34.08890400000039 ], [ -96.487656999999885, 34.097888 ], [ -96.487653, 34.097529 ], [ -96.487619, 34.09663 ], [ -96.487597999999807, 34.096346 ], [ -96.487486999999703, 34.095893 ], [ -96.487345, 34.095422 ], [ -96.487095999999838, 34.094813 ], [ -96.486732999999845, 34.093987000000162 ], [ -96.485445, 34.09134 ], [ -96.484945999999738, 34.090372000000187 ], [ -96.48469, 34.089941000000103 ], [ -96.484567999999854, 34.089778000000116 ], [ -96.484422999999808, 34.089641000000121 ], [ -96.483823, 34.089217 ], [ -96.483519999999828, 34.089066 ], [ -96.483056999999803, 34.088904000000284 ], [ -96.482765, 34.088823 ], [ -96.482244999999736, 34.088759000000188 ], [ -96.479813999999806, 34.088737 ], [ -96.461337999999898, 34.088689 ], [ -96.459541999999871, 34.088635 ], [ -96.450338999999857, 34.084957 ], [ -96.450040999999885, 34.08489 ], [ -96.449704, 34.084825000000109 ], [ -96.449355, 34.084796000000182 ], [ -96.448472, 34.084778000000121 ], [ -96.446461999999883, 34.084787 ], [ -96.442861, 34.084825000000109 ], [ -96.442855999999836, 34.084263 ], [ -96.442860999999866, 34.08482500000018 ], [ -96.450338999999801, 34.084957000000124 ], [ -96.459541999999828, 34.088635000000167 ], [ -96.461337999999841, 34.088689000000123 ], [ -96.482244999999679, 34.088759000000231 ], [ -96.483056999999746, 34.08890400000039 ] ], [ [ -96.44288, 34.081995 ], [ -96.442861, 34.080895 ], [ -96.442888999999866, 34.078825 ], [ -96.44288599999976, 34.078045 ], [ -96.442860999999866, 34.080895000000105 ], [ -96.44288, 34.081995000000148 ], [ -96.442856460882425, 34.084219447167811 ], [ -96.44288, 34.081995 ] ], [ [ -96.433282, 34.076776000000208 ], [ -96.442365, 34.076388 ], [ -96.441622, 34.075815 ], [ -96.437137, 34.075609 ], [ -96.433282, 34.076776 ], [ -96.432842, 34.076456 ], [ -96.432732, 34.076227 ], [ -96.432484, 34.076067 ], [ -96.43075, 34.075426 ], [ -96.430668, 34.075013 ], [ -96.43053, 34.074785 ], [ -96.43017299999984, 34.074534 ], [ -96.429621, 34.073503 ], [ -96.429262999999878, 34.073114 ], [ -96.429044, 34.072977 ], [ -96.427448, 34.073595 ], [ -96.42632, 34.074556 ], [ -96.425685, 34.074579 ], [ -96.425327, 34.074167 ], [ -96.424887, 34.0740750000001 ], [ -96.424363, 34.07419 ], [ -96.424226, 34.074029 ], [ -96.424144, 34.072175 ], [ -96.423924, 34.071876999999873 ], [ -96.423099, 34.071396 ], [ -96.422851, 34.071306 ], [ -96.422051, 34.071305 ], [ -96.420314999999889, 34.070341 ], [ -96.420019, 34.070231 ], [ -96.417563999999899, 34.069405 ], [ -96.416078, 34.069062 ], [ -96.413625, 34.068718 ], [ -96.41266, 34.068787 ], [ -96.410594, 34.069565000000111 ], [ -96.4077806265052, 34.067170420488573 ], [ -96.410594, 34.06956500000021 ], [ -96.416078, 34.06906200000018 ], [ -96.422051, 34.071305000000159 ], [ -96.423099, 34.071396000000192 ], [ -96.424226, 34.074029 ], [ -96.424363, 34.07419 ], [ -96.425327, 34.074167000000131 ], [ -96.425685, 34.074579000000107 ], [ -96.42632, 34.074556000000165 ], [ -96.429044, 34.072977 ], [ -96.43075, 34.075426 ], [ -96.433282, 34.076776000000208 ] ], [ [ -96.459756999999627, 34.019851000000109 ], [ -96.459756999999641, 34.019851 ], [ -96.458138479901791, 34.019845971703411 ], [ -96.459756999999627, 34.019851000000109 ] ], [ [ -96.465552999999659, 34.012614 ], [ -96.465553006528992, 34.012615256902237 ], [ -96.465552999999659, 34.012614 ], [ -96.465552999999659, 34.012614 ] ], [ [ -96.465563989547334, 34.012134144679294 ], [ -96.465563999999858, 34.012136 ], [ -96.465563999999858, 34.012136 ], [ -96.465563989547334, 34.012134144679294 ] ], [ [ -96.465555999999751, 34.0109130000004 ], [ -96.465555999999737, 34.010913000000272 ], [ -96.465555999999751, 34.011184000000306 ], [ -96.465555999999751, 34.0109130000004 ] ], [ [ -96.474271820145631, 34.010781197931962 ], [ -96.474271820145617, 34.01078119793182 ], [ -96.46765772442366, 34.010824702889657 ], [ -96.474271820145631, 34.010781197931962 ] ], [ [ -96.467872, 33.969038000000268 ], [ -96.471558205512579, 33.969034007359419 ], [ -96.467872, 33.969038 ], [ -96.465639, 33.969029 ], [ -96.465503999999882, 33.969029 ], [ -96.464404, 33.969026 ], [ -96.464313230769235, 33.969026 ], [ -96.467872, 33.969038000000268 ] ], [ [ -96.459459172001104, 33.969023354590995 ], [ -96.46201, 33.969023 ], [ -96.460445, 33.969022 ], [ -96.459459172001104, 33.969023354590995 ] ], [ [ -96.45791, 33.969025 ], [ -96.457260612368927, 33.968988953724377 ], [ -96.458467052631505, 33.969024 ], [ -96.45791, 33.969025 ] ], [ [ -96.456486, 33.96893 ], [ -96.45648599999987, 33.96893 ], [ -96.456559846079855, 33.968938756453291 ], [ -96.456486, 33.96893 ] ], [ [ -96.45534, 33.968804 ], [ -96.454373926765101, 33.968740506602465 ], [ -96.455778019251525, 33.968849016665189 ], [ -96.45534, 33.968804 ] ], [ [ -96.454064999999858, 33.968727 ], [ -96.454120949661331, 33.968729397842857 ], [ -96.454065, 33.968727 ], [ -96.454064999999858, 33.968727 ] ], [ [ -96.453891, 33.968728 ], [ -96.453891, 33.968728 ], [ -96.454060327990319, 33.968727026850722 ], [ -96.453891, 33.968728 ] ], [ [ -96.449056, 33.968737 ], [ -96.444791325730549, 33.968748541077026 ], [ -96.451230399999943, 33.968732800000105 ], [ -96.449056, 33.968737 ] ], [ [ -96.440560731702064, 33.968753531124086 ], [ -96.426179, 33.968717 ], [ -96.425791, 33.968723 ], [ -96.425334, 33.968835 ], [ -96.420695449993516, 33.968725046706695 ], [ -96.425334, 33.968835 ], [ -96.440560731702064, 33.968753531124086 ] ], [ [ -96.41684, 33.96864 ], [ -96.416839999999851, 33.9686400000001 ], [ -96.417099923155519, 33.968641476836147 ], [ -96.41684, 33.96864 ] ], [ [ -96.416523999999868, 33.968638 ], [ -96.416719198785344, 33.968638899533516 ], [ -96.416524, 33.968638 ], [ -96.416523999999868, 33.968638 ] ], [ [ -96.401355093238024, 33.970171947365387 ], [ -96.411855999999858, 33.972371 ], [ -96.412225692307516, 33.972371 ], [ -96.411855999999887, 33.972371 ], [ -96.401355093238024, 33.970171947365387 ] ], [ [ -96.68391, 34.058477000000153 ], [ -96.683909999999784, 34.058477 ], [ -96.684132999999889, 34.059558 ], [ -96.68391, 34.058477000000153 ] ], [ [ -96.698081231652253, 34.059265914816166 ], [ -96.698281999999708, 34.059301 ], [ -96.698282, 34.059301 ], [ -96.698081231652253, 34.059265914816166 ] ], [ [ -96.701898, 34.059731 ], [ -96.701884736239322, 34.059715614039156 ], [ -96.701914, 34.059742500000873 ], [ -96.701898, 34.059731 ] ], [ [ -96.703013, 34.060002000000139 ], [ -96.702985113211938, 34.059996654291709 ], [ -96.703031811257773, 34.060005091052496 ], [ -96.703013, 34.060002000000139 ] ], [ [ -96.704025999999828, 34.059944000000151 ], [ -96.704025999999885, 34.059944000000129 ], [ -96.704040777161424, 34.059911758927981 ], [ -96.704025999999828, 34.059944000000151 ] ], [ [ -96.705047, 34.059749000000146 ], [ -96.70503919980689, 34.059738825836526 ], [ -96.705055810674509, 34.059754538139003 ], [ -96.705047, 34.059749000000146 ] ], [ [ -96.706281999999874, 34.059935000000152 ], [ -96.706268171718975, 34.059932695286776 ], [ -96.706293604573816, 34.059935725286039 ], [ -96.706281999999874, 34.059935000000152 ] ], [ [ -96.706541, 34.059971 ], [ -96.706510208675709, 34.05996634549787 ], [ -96.706691634335257, 34.060008658590291 ], [ -96.706541, 34.059971 ] ], [ [ -96.707129, 34.060466000000297 ], [ -96.707122161583754, 34.060494663177678 ], [ -96.707129, 34.060466000000353 ], [ -96.707129, 34.060466000000297 ] ], [ [ -96.706894, 34.063032000000163 ], [ -96.706846951107224, 34.063099562001995 ], [ -96.706911077718516, 34.062986879976293 ], [ -96.706894, 34.063032000000163 ] ], [ [ -96.706749, 34.063324000000215 ], [ -96.706767699849124, 34.063257583308584 ], [ -96.706739696511335, 34.063385054159831 ], [ -96.706749, 34.063324000000215 ] ], [ [ -96.707419999999885, 34.064306000000137 ], [ -96.707397356305179, 34.064296504260291 ], [ -96.707460779841952, 34.064314682163015 ], [ -96.707419999999885, 34.064306000000137 ] ], [ [ -96.707881999999884, 34.064460000000111 ], [ -96.708040999999866, 34.064510000000126 ], [ -96.707882, 34.06446 ], [ -96.70784321459, 34.064437545297814 ], [ -96.707881999999884, 34.064460000000111 ] ], [ [ -96.70868, 34.064924000000111 ], [ -96.708432962036653, 34.064769439676049 ], [ -96.708799926453324, 34.064999032592006 ], [ -96.70868, 34.064924000000111 ] ], [ [ -96.709074999999856, 34.068163000000233 ], [ -96.709072834104333, 34.067591802136739 ], [ -96.70907895118755, 34.069103382707816 ], [ -96.709074999999856, 34.068163000000233 ] ], [ [ -96.717558999999696, 34.070000000000185 ], [ -96.717562, 34.070857000000139 ], [ -96.717562, 34.070857000000139 ], [ -96.717558999999696, 34.070000000000185 ] ], [ [ -96.718110999999851, 34.071278000000184 ], [ -96.71803841743872, 34.071305030751319 ], [ -96.718110999999851, 34.071278000000206 ], [ -96.718110999999851, 34.071278000000184 ] ], [ [ -96.717741999999859, 34.071486000000185 ], [ -96.717851591385667, 34.071410655957351 ], [ -96.71768664547308, 34.071538405365615 ], [ -96.717741999999859, 34.071486000000185 ] ], [ [ -96.717141, 34.07212900000011 ], [ -96.717220738261688, 34.072013906119729 ], [ -96.717140804139007, 34.072135104338294 ], [ -96.717141, 34.07212900000011 ] ], [ [ -96.718197, 34.073888000000146 ], [ -96.718231389879733, 34.073802562679553 ], [ -96.71817502801909, 34.073941883683048 ], [ -96.718197, 34.073888000000146 ] ], [ [ -96.718088193852026, 34.074136257483012 ], [ -96.718046, 34.074228000000254 ], [ -96.718046, 34.074228000000289 ], [ -96.718088193852026, 34.074136257483012 ] ], [ [ -96.718168152795613, 34.074434870400133 ], [ -96.718178, 34.074448 ], [ -96.718178, 34.074448 ], [ -96.718168152795613, 34.074434870400133 ] ], [ [ -96.719095999999809, 34.074574 ], [ -96.71889175845979, 34.07457804438701 ], [ -96.719274009653944, 34.074568131550251 ], [ -96.719095999999809, 34.074574 ] ], [ [ -96.721816999999874, 34.076151000000138 ], [ -96.721923837783351, 34.07604752192622 ], [ -96.721751308257168, 34.076227567904127 ], [ -96.721816999999874, 34.076151000000138 ] ], [ [ -96.721659, 34.076706000000108 ], [ -96.721659, 34.076706000000115 ], [ -96.721662594721394, 34.07670873380372 ], [ -96.721659, 34.076706000000108 ] ], [ [ -96.722213999999894, 34.077057000000188 ], [ -96.722136582224181, 34.077034341143971 ], [ -96.722520311858901, 34.07705235891131 ], [ -96.722213999999894, 34.077057000000188 ] ], [ [ -96.722543999999814, 34.077052 ], [ -96.722543999999871, 34.077052 ], [ -96.722610486876377, 34.077040918855452 ], [ -96.722543999999814, 34.077052 ] ], [ [ -96.724029999999843, 34.076529000000136 ], [ -96.72403, 34.076529000000129 ], [ -96.72417982216615, 34.076468068863377 ], [ -96.724029999999843, 34.076529000000136 ] ], [ [ -96.725376999999867, 34.076106000000173 ], [ -96.725237199963104, 34.076120834089217 ], [ -96.725463221211186, 34.076119080000936 ], [ -96.725376999999867, 34.076106000000173 ] ], [ [ -96.728329, 34.077495000000148 ], [ -96.72832121225359, 34.077488532212449 ], [ -96.728329166502391, 34.077495051897046 ], [ -96.728329, 34.077495000000148 ] ], [ [ -96.728718999999842, 34.077566000000189 ], [ -96.728668017280484, 34.077566320646199 ], [ -96.728909311927822, 34.077553520529676 ], [ -96.728718999999842, 34.077566000000189 ] ], [ [ -96.729305999999838, 34.077577000000161 ], [ -96.729277662784511, 34.077567804482122 ], [ -96.729339816874727, 34.077606988560888 ], [ -96.729305999999838, 34.077577000000161 ] ], [ [ -96.731181999999862, 34.07755500000021 ], [ -96.731181999999833, 34.077555000000174 ], [ -96.731107448571663, 34.077601240760124 ], [ -96.731181999999862, 34.07755500000021 ] ], [ [ -96.731458999999788, 34.077208 ], [ -96.731308694107369, 34.077352395009406 ], [ -96.731569610532233, 34.07717240460731 ], [ -96.731458999999788, 34.077208 ] ], [ [ -96.732112999999842, 34.077054 ], [ -96.732089517720823, 34.077056787465352 ], [ -96.732151780729168, 34.07705190888241 ], [ -96.732112999999842, 34.077054 ] ], [ [ -96.733578999999793, 34.076993000000179 ], [ -96.733367396208664, 34.077095008213682 ], [ -96.733828933780217, 34.076850180738553 ], [ -96.733578999999793, 34.076993000000179 ] ], [ [ -96.734259, 34.076592 ], [ -96.734259, 34.076592 ], [ -96.734276765312174, 34.07658391372275 ], [ -96.734259, 34.076592 ] ], [ [ -96.735664999999869, 34.076498 ], [ -96.735553311078519, 34.076509118356469 ], [ -96.735788719285281, 34.076473847633174 ], [ -96.735664999999869, 34.076498 ] ], [ [ -96.738603999999825, 34.076541000000105 ], [ -96.738518985336981, 34.076515725375046 ], [ -96.738651693732308, 34.076548530590337 ], [ -96.738603999999825, 34.076541000000105 ] ], [ [ -96.73933, 34.076244 ], [ -96.739329999999867, 34.076244 ], [ -96.739211, 34.07642 ], [ -96.73933, 34.076244 ] ], [ [ -96.74105, 34.07563 ], [ -96.741104999999848, 34.070887000000354 ], [ -96.741059999999834, 34.074681000000197 ], [ -96.74105, 34.07563 ] ], [ [ -96.754438, 34.070893 ], [ -96.753904782970963, 34.070890460871389 ], [ -96.754964480826317, 34.070895843920795 ], [ -96.754438, 34.070893 ] ], [ [ -96.756423905748107, 34.070897086002105 ], [ -96.756142657875827, 34.069190146083635 ], [ -96.756204711658029, 34.068102808717576 ], [ -96.756423905748107, 34.070897086002105 ] ], [ [ -96.756206401199407, 34.068092049175867 ], [ -96.75633778421701, 34.067395995436684 ], [ -96.756264125490233, 34.067724441547725 ], [ -96.756206401199407, 34.068092049175867 ] ], [ [ -96.75647013191174, 34.06691920829843 ], [ -96.757314460188951, 34.064650608271521 ], [ -96.75663897007307, 34.066413864684513 ], [ -96.75647013191174, 34.06691920829843 ] ], [ [ -96.757404364325993, 34.064296111568162 ], [ -96.757400198156716, 34.062963925566976 ], [ -96.757329139191839, 34.062675434776096 ], [ -96.757404364325993, 34.064296111568162 ] ], [ [ -96.757261501745631, 34.062425830551419 ], [ -96.75568685751216, 34.056517677553387 ], [ -96.755383279446619, 34.052726119991988 ], [ -96.757261501745631, 34.062425830551419 ] ], [ [ -96.759321999999869, 34.052798 ], [ -96.759284944158082, 34.052795580924659 ], [ -96.759373725423316, 34.052804777814728 ], [ -96.759321999999869, 34.052798 ] ], [ [ -96.759612236053826, 34.052843881432793 ], [ -96.759817999999896, 34.052893000000125 ], [ -96.75964499999985, 34.05285000000012 ], [ -96.759612236053826, 34.052843881432793 ] ], [ [ -96.761058, 34.054099 ], [ -96.761057202662272, 34.053979798142521 ], [ -96.76106065490886, 34.054390376508181 ], [ -96.761058, 34.054099 ] ], [ [ -96.761060009284989, 34.055335281379094 ], [ -96.76106, 34.055339000000124 ], [ -96.76106, 34.05533900000016 ], [ -96.761060009284989, 34.055335281379094 ] ], [ [ -96.76106, 34.055753 ], [ -96.761059993107793, 34.055753827065701 ], [ -96.76106, 34.055753000000138 ], [ -96.76106, 34.055753 ] ], [ [ -96.772038999999836, 34.056377 ], [ -96.771305177125114, 34.056375329943549 ], [ -96.772727881572322, 34.056377529501702 ], [ -96.772038999999836, 34.056377 ] ], [ [ -96.780361, 34.056378999999858 ], [ -96.779702733125276, 34.056376776125511 ], [ -96.780439038811977, 34.056379376999132 ], [ -96.780361, 34.056378999999858 ] ], [ [ -96.78134099999987, 34.056379000000106 ], [ -96.781235182034877, 34.056379136892716 ], [ -96.781773107220658, 34.056375938124404 ], [ -96.78134099999987, 34.056379000000106 ] ], [ [ -96.78491799999982, 34.056370000000214 ], [ -96.784873247129752, 34.056370339037066 ], [ -96.784937244710179, 34.056370801863132 ], [ -96.78491799999982, 34.056370000000214 ] ], [ [ -96.796017999999876, 34.056346000000119 ], [ -96.796016, 34.047087 ], [ -96.796004999999894, 34.044950000000114 ], [ -96.795998999999838, 34.043961000000103 ], [ -96.796001, 34.042459 ], [ -96.796003, 34.041837000000115 ], [ -96.796003, 34.041742 ], [ -96.795998999999838, 34.040694000000144 ], [ -96.795994, 34.039969000000184 ], [ -96.7959993197328, 34.030602638203732 ], [ -96.795994, 34.039969000000298 ], [ -96.795998999999824, 34.043961 ], [ -96.796015999999881, 34.047087 ], [ -96.796017999999876, 34.056346000000119 ] ], [ [ -96.795996373067965, 34.02964247337507 ], [ -96.795986999999826, 34.027311000000104 ], [ -96.795983497822675, 34.024847687356463 ], [ -96.795996373067965, 34.02964247337507 ] ], [ [ -96.795993, 34.020727000000164 ], [ -96.795991348088776, 34.021034586981393 ], [ -96.795991328997289, 34.020194287693634 ], [ -96.795993, 34.020727000000164 ] ], [ [ -96.795985, 34.015008000000165 ], [ -96.795967, 34.013484 ], [ -96.795964975476011, 34.013141855789932 ], [ -96.795968, 34.013654000000116 ], [ -96.795976, 34.01434 ], [ -96.795985, 34.015008000000215 ], [ -96.795984005804115, 34.015469640789135 ], [ -96.795985, 34.015008000000165 ] ], [ [ -96.795963, 34.012808 ], [ -96.795963804617202, 34.012943980351693 ], [ -96.795967991060081, 34.009917178101162 ], [ -96.795963, 34.012808 ] ], [ [ -96.795977, 34.005097000000141 ], [ -96.795968034802343, 34.009893381284911 ], [ -96.795968, 34.004572 ], [ -96.795977, 34.005097000000141 ] ], [ [ -96.795951999999872, 34.003612 ], [ -96.795948, 34.001022 ], [ -96.795907, 33.999772 ], [ -96.795932, 33.99927400000017 ], [ -96.795951, 33.998864 ], [ -96.79595499999985, 33.998776 ], [ -96.795967, 33.998508000000101 ], [ -96.795968, 33.998334 ], [ -96.795951999999872, 34.003612 ] ], [ [ -96.671088808709072, 33.997924919854356 ], [ -96.672098999999875, 33.998117000000128 ], [ -96.672631999999894, 33.998182000000135 ], [ -96.671088808709072, 33.997924919854356 ] ], [ [ -96.667687, 33.997187 ], [ -96.66624034870722, 33.997076817700517 ], [ -96.670890390173938, 33.997881951481723 ], [ -96.667687, 33.997187 ] ], [ [ -96.665506937056762, 33.997055588042244 ], [ -96.663400999999894, 33.99713900000021 ], [ -96.664465, 33.997081 ], [ -96.664468999999812, 33.997081 ], [ -96.66510299999986, 33.9970560000001 ], [ -96.665211999999826, 33.997052 ], [ -96.665506937056762, 33.997055588042244 ] ], [ [ -96.660194573616792, 33.997281302465332 ], [ -96.661859, 33.997219 ], [ -96.662755053856003, 33.997167906643242 ], [ -96.660194573616792, 33.997281302465332 ] ], [ [ -96.659932, 33.997291000000125 ], [ -96.659932, 33.997291000000182 ], [ -96.6600235406016, 33.997287799279839 ], [ -96.659932, 33.997291000000125 ] ], [ [ -96.657693999999893, 33.997407000000145 ], [ -96.654894491885287, 33.997538417801081 ], [ -96.657693999999879, 33.997407000000166 ], [ -96.658480999999881, 33.997361 ], [ -96.65931599999989, 33.997325000000302 ], [ -96.65962758764023, 33.997308130605596 ], [ -96.658481, 33.997361 ], [ -96.657693999999893, 33.997407000000145 ] ], [ [ -96.654824782431604, 33.997541867729048 ], [ -96.65346599999981, 33.997593 ], [ -96.654387999999685, 33.997563000000106 ], [ -96.654464999999831, 33.997560000000227 ], [ -96.654824782431604, 33.997541867729048 ] ], [ [ -96.649339307692216, 33.997526 ], [ -96.649542, 33.997529000000128 ], [ -96.649728, 33.997533000000111 ], [ -96.651793, 33.997570000000138 ], [ -96.652766999999898, 33.997598000000195 ], [ -96.649339307692216, 33.997526 ] ], [ [ -96.646894999999887, 33.997465000000126 ], [ -96.645370788732464, 33.997434069917368 ], [ -96.646894999999859, 33.99746500000019 ], [ -96.648845999999821, 33.997517000000222 ], [ -96.649310470705373, 33.99752542611489 ], [ -96.648845999999864, 33.997517000000201 ], [ -96.646894999999887, 33.997465000000126 ] ], [ [ -96.643085999999798, 33.997429000000167 ], [ -96.643085999999798, 33.997429000000203 ], [ -96.644402669401472, 33.997416545275485 ], [ -96.643085999999798, 33.997429000000167 ] ], [ [ -96.641828269143971, 33.997531305301877 ], [ -96.636748, 33.998141000000111 ], [ -96.63674729446268, 33.99814113707594 ], [ -96.641828269143971, 33.997531305301877 ] ], [ [ -96.636198683814683, 33.998248012252688 ], [ -96.634145315953717, 33.998612637271258 ], [ -96.635283999999885, 33.998421 ], [ -96.635844999999847, 33.998317000000121 ], [ -96.636198683814683, 33.998248012252688 ] ], [ [ -96.633372, 33.998754 ], [ -96.633371999999881, 33.998754 ], [ -96.633620339803443, 33.998708654095097 ], [ -96.633372, 33.998754 ] ], [ [ -96.629034682556252, 33.999583936012229 ], [ -96.622358999999804, 34.000822 ], [ -96.621315610090733, 34.001017318137954 ], [ -96.62235899999979, 34.000822000000127 ], [ -96.624468999999635, 34.000463000000224 ], [ -96.625207, 34.00033 ], [ -96.627028999999879, 33.999999 ], [ -96.629034682556252, 33.999583936012229 ] ], [ [ -96.615457776651724, 33.997517257173136 ], [ -96.619939, 33.999449000000254 ], [ -96.61622599999987, 33.997801 ], [ -96.615457776651724, 33.997517257173136 ] ], [ [ -96.613369, 33.992401 ], [ -96.613368999999679, 33.992401 ], [ -96.613205257345982, 33.993060281230335 ], [ -96.613369, 33.992401 ] ], [ [ -96.616161870309668, 33.991452951483083 ], [ -96.61563799999989, 33.990729 ], [ -96.615637999999734, 33.990729 ], [ -96.616161870309668, 33.991452951483083 ] ], [ [ -96.608701024220366, 33.98753221700899 ], [ -96.609774, 33.987767 ], [ -96.608877, 33.987512 ], [ -96.608701024220366, 33.98753221700899 ] ], [ [ -96.603707999999713, 33.988724 ], [ -96.60301267178896, 33.988305245847677 ], [ -96.603091, 33.98842 ], [ -96.603707999999713, 33.988724 ] ], [ [ -96.606295439699835, 33.984592931031834 ], [ -96.602942999999755, 33.987044 ], [ -96.602793189489745, 33.987783948715681 ], [ -96.606295439699835, 33.984592931031834 ] ], [ [ -96.607343216793538, 33.983307874831866 ], [ -96.607353999999773, 33.983243 ], [ -96.607353999999773, 33.983243 ], [ -96.607343216793538, 33.983307874831866 ] ], [ [ -96.603358, 33.979970000000137 ], [ -96.603358, 33.979970000000257 ], [ -96.604179991402745, 33.980239205097 ], [ -96.603358, 33.979970000000137 ] ], [ [ -96.602375, 33.979642000000119 ], [ -96.599599025422904, 33.97614653043037 ], [ -96.600154999999745, 33.977757 ], [ -96.600147999999621, 33.97887500000013 ], [ -96.600370999999683, 33.979430000000171 ], [ -96.601201, 33.979878000000184 ], [ -96.602375, 33.979642000000119 ] ], [ [ -96.598279, 33.974904 ], [ -96.598279, 33.974904 ], [ -96.598439373701666, 33.97502758982435 ], [ -96.598279, 33.974904 ] ], [ [ -96.593663999999748, 33.974095000000133 ], [ -96.593699999999899, 33.973290000000155 ], [ -96.594096169173483, 33.974354675377825 ], [ -96.593663999999748, 33.974095000000133 ] ], [ [ -96.593977635034449, 33.971323364588201 ], [ -96.59434299999981, 33.972444 ], [ -96.594332, 33.971655000000219 ], [ -96.593977635034449, 33.971323364588201 ] ], [ [ -96.593643060238122, 33.97101216674838 ], [ -96.588982999999871, 33.970163000000227 ], [ -96.588982999999814, 33.970163000000262 ], [ -96.593643060238122, 33.97101216674838 ] ], [ [ -96.586600999999789, 33.972462000000121 ], [ -96.586601, 33.972462 ], [ -96.587013945073352, 33.971667807632969 ], [ -96.586600999999789, 33.972462000000121 ] ], [ [ -96.585873999999663, 33.974661 ], [ -96.585873999999663, 33.974661000000154 ], [ -96.585913932572396, 33.974566433522668 ], [ -96.585873999999663, 33.974661 ] ], [ [ -96.585584999999682, 33.974718 ], [ -96.585439200382183, 33.974628704086484 ], [ -96.585584999999639, 33.974718 ], [ -96.585584999999682, 33.974718 ] ], [ [ -96.585389999999776, 33.973753 ], [ -96.585344992483513, 33.973508257520692 ], [ -96.585296, 33.974541 ], [ -96.585389999999776, 33.973753 ] ], [ [ -96.584361999999714, 33.966505 ], [ -96.584362, 33.966505 ], [ -96.583248759814452, 33.966135132486066 ], [ -96.584361999999714, 33.966505 ] ], [ [ -96.581259, 33.965475 ], [ -96.581259, 33.965475000000168 ], [ -96.581403625018396, 33.965522651036331 ], [ -96.581259, 33.965475 ] ], [ [ -96.57619, 33.963885 ], [ -96.576189999999869, 33.963885 ], [ -96.576341841450542, 33.963981475113677 ], [ -96.57619, 33.963885 ] ], [ [ -96.576366, 33.960811000000149 ], [ -96.57636599999978, 33.960811000000284 ], [ -96.576130597116517, 33.961734920439866 ], [ -96.576366, 33.960811000000149 ] ], [ [ -96.579554, 33.956659 ], [ -96.579554, 33.956659000000151 ], [ -96.58121377642226, 33.955432367405514 ], [ -96.579554, 33.956659 ] ], [ [ -96.583035, 33.954752 ], [ -96.583035, 33.954752 ], [ -96.584295999999853, 33.95491 ], [ -96.585077580206359, 33.954891322532731 ], [ -96.583035, 33.954752 ] ], [ [ -96.585599999999729, 33.952646 ], [ -96.585384, 33.954884000000114 ], [ -96.585035525481047, 33.951817342950754 ], [ -96.585599999999729, 33.952646 ] ], [ [ -96.584615, 33.9512 ], [ -96.584581952277588, 33.951101614045164 ], [ -96.584614999999886, 33.9512 ], [ -96.584615, 33.9512 ] ], [ [ -96.584824, 33.949864000000225 ], [ -96.585158695410499, 33.949636834514273 ], [ -96.584353, 33.950420000000165 ], [ -96.584824, 33.949864000000225 ] ], [ [ -96.58712099999984, 33.948305 ], [ -96.587233158412133, 33.948261806838453 ], [ -96.587121, 33.948305 ], [ -96.58712099999984, 33.948305 ] ], [ [ -96.591663, 33.951512999999878 ], [ -96.588732482199021, 33.948633052552687 ], [ -96.590911, 33.951185000000109 ], [ -96.591663, 33.951512999999878 ] ], [ [ -96.593057999999743, 33.950922 ], [ -96.593058, 33.950922 ], [ -96.593604815252121, 33.949346447502236 ], [ -96.593057999999743, 33.950922 ] ], [ [ -96.595347999999817, 33.946740000000212 ], [ -96.595347999999717, 33.946740000000226 ], [ -96.59488330417804, 33.946938257445055 ], [ -96.595347999999817, 33.946740000000212 ] ], [ [ -96.596462, 33.945667000000249 ], [ -96.596462, 33.94566700000032 ], [ -96.596381269432868, 33.94579744633964 ], [ -96.596462, 33.945667000000249 ] ], [ [ -96.592213999999828, 33.940519 ], [ -96.592120724548437, 33.940358412530756 ], [ -96.592213999999814, 33.940519 ], [ -96.592213999999828, 33.940519 ] ], [ [ -96.590824222172458, 33.937440628560076 ], [ -96.591573999999767, 33.934928000000149 ], [ -96.590932, 33.935944 ], [ -96.590790999999854, 33.937328 ], [ -96.590824222172458, 33.937440628560076 ] ], [ [ -96.589545, 33.927884 ], [ -96.589545, 33.927884 ], [ -96.591180053771168, 33.930181620661564 ], [ -96.589545, 33.927884 ] ], [ [ -96.581588783567085, 33.925228251116586 ], [ -96.585891999999774, 33.925849000000163 ], [ -96.587334559630392, 33.926360234483433 ], [ -96.585892, 33.925849 ], [ -96.584013999999883, 33.925354 ], [ -96.581588783567085, 33.925228251116586 ] ], [ [ -96.580593, 33.923882000000219 ], [ -96.580590999999799, 33.923312 ], [ -96.580786590116688, 33.924385069755544 ], [ -96.580593, 33.923882000000219 ] ], [ [ -96.576141179580176, 33.925086720073416 ], [ -96.580533, 33.923334 ], [ -96.578493, 33.92412 ], [ -96.576141179580176, 33.925086720073416 ] ], [ [ -96.571588, 33.926917 ], [ -96.571588, 33.926917000000223 ], [ -96.57490010997526, 33.925590307148468 ], [ -96.571588, 33.926917 ] ], [ [ -96.561205, 33.930361 ], [ -96.561205, 33.930361 ], [ -96.562706820863625, 33.929944437121733 ], [ -96.561205, 33.930361 ] ], [ [ -96.557002999999867, 33.931288 ], [ -96.555358775957828, 33.93126202945821 ], [ -96.55700299999971, 33.931288 ], [ -96.557002999999867, 33.931288 ] ], [ [ -96.548076, 33.931978 ], [ -96.553700213989543, 33.931258419303965 ], [ -96.54678199999988, 33.932325000000191 ], [ -96.548076, 33.931978 ] ], [ [ -96.538795677089922, 33.942984569217437 ], [ -96.544962999999896, 33.935510000000299 ], [ -96.544971999199717, 33.935492198121665 ], [ -96.538795677089922, 33.942984569217437 ] ], [ [ -96.535211, 33.945642 ], [ -96.535211, 33.945642 ], [ -96.535816055171381, 33.945235343034398 ], [ -96.535211, 33.945642 ] ], [ [ -96.529999, 33.948507 ], [ -96.529998999999876, 33.948507000000262 ], [ -96.530705270164447, 33.948016132514638 ], [ -96.529999, 33.948507 ] ], [ [ -96.526854, 33.950368 ], [ -96.526854, 33.950368000000211 ], [ -96.527212569680742, 33.95022710322948 ], [ -96.526854, 33.950368 ] ], [ [ -96.525191, 33.950612 ], [ -96.524920333333299, 33.950517111160195 ], [ -96.526235, 33.950612 ], [ -96.525191, 33.950612 ] ], [ [ -96.524421999999888, 33.950223 ], [ -96.524422, 33.950223 ], [ -96.524464762230394, 33.94960775211036 ], [ -96.524421999999888, 33.950223 ] ], [ [ -96.523541123516409, 33.948140241962285 ], [ -96.524725, 33.948414 ], [ -96.524559999999894, 33.948254000000119 ], [ -96.523541123516409, 33.948140241962285 ] ], [ [ -96.52228, 33.948436 ], [ -96.52228, 33.948436 ], [ -96.522238796212491, 33.948476658103459 ], [ -96.52228, 33.948436 ] ], [ [ -96.521785, 33.949741 ], [ -96.521785, 33.949741000000252 ], [ -96.521790734052288, 33.949656627677747 ], [ -96.521785, 33.949741 ] ], [ [ -96.521123286068431, 33.951499383752598 ], [ -96.520987, 33.951708 ], [ -96.520987, 33.951708 ], [ -96.521123286068431, 33.951499383752598 ] ], [ [ -96.520163, 33.951639 ], [ -96.520162999999698, 33.951639 ], [ -96.520530356096401, 33.951721030977829 ], [ -96.520163, 33.951639 ] ], [ [ -96.519645647526744, 33.951256921068186 ], [ -96.519339, 33.951159000000118 ], [ -96.519338999999775, 33.951159000000125 ], [ -96.519645647526744, 33.951256921068186 ] ], [ [ -96.51857, 33.951181 ], [ -96.51857, 33.951181000000204 ], [ -96.519313301435616, 33.951159735199717 ], [ -96.51857, 33.951181 ] ], [ [ -96.518295, 33.951364 ], [ -96.518294999999824, 33.951364000000211 ], [ -96.518356189418242, 33.951323122450717 ], [ -96.518295, 33.951364 ] ], [ [ -96.517388, 33.952989 ], [ -96.517388, 33.952989000000244 ], [ -96.5176070105137, 33.952241008882147 ], [ -96.517388, 33.952989 ] ], [ [ -96.515299, 33.954911000000244 ], [ -96.516471557640699, 33.953897352560162 ], [ -96.515154678617733, 33.955497699638528 ], [ -96.515299, 33.954911000000244 ] ], [ [ -96.513897, 33.956811 ], [ -96.513897, 33.956811 ], [ -96.512854810797037, 33.956923365444183 ], [ -96.513897, 33.956811 ] ], [ [ -96.511809, 33.956947000000106 ], [ -96.511407342938924, 33.956789605500887 ], [ -96.512413, 33.956971 ], [ -96.511809, 33.956947000000106 ] ], [ [ -96.510325, 33.956832 ], [ -96.510324999999881, 33.956832 ], [ -96.510856347786117, 33.956796472327902 ], [ -96.510325, 33.956832 ] ], [ [ -96.509746, 33.959625 ], [ -96.509746, 33.959625 ], [ -96.509797042477842, 33.959614327484118 ], [ -96.509746, 33.959625 ] ], [ [ -96.510561609704808, 33.959281628713228 ], [ -96.510652999999877, 33.959236 ], [ -96.510652999999806, 33.959236 ], [ -96.510561609704808, 33.959281628713228 ] ], [ [ -96.512546999999856, 33.961664000000113 ], [ -96.512463676248473, 33.961785198211572 ], [ -96.51254699999987, 33.961664000000177 ], [ -96.512546999999856, 33.961664000000113 ] ], [ [ -96.51175, 33.96187 ], [ -96.51175, 33.96187 ], [ -96.512093499999963, 33.961847000003125 ], [ -96.51175, 33.96187 ] ], [ [ -96.511282, 33.96377 ], [ -96.511282, 33.96377 ], [ -96.511247751542072, 33.963687584976576 ], [ -96.511282, 33.96377 ] ], [ [ -96.511253999999738, 33.964067000000206 ], [ -96.51120910607726, 33.96409726650397 ], [ -96.511253999999738, 33.964067000000213 ], [ -96.511253999999738, 33.964067000000206 ] ], [ [ -96.50999, 33.965211 ], [ -96.50999, 33.965211000000188 ], [ -96.510210626707519, 33.96504753974564 ], [ -96.50999, 33.965211 ] ], [ [ -96.50976799999988, 33.967501 ], [ -96.509738443399954, 33.967534721436742 ], [ -96.50976799999988, 33.967501000000127 ], [ -96.50976799999988, 33.967501 ] ], [ [ -96.509245999999777, 33.96788900000022 ], [ -96.509246, 33.967889 ], [ -96.508892022913543, 33.967951547713156 ], [ -96.509245999999777, 33.96788900000022 ] ], [ [ -96.508726999999737, 33.969023 ], [ -96.503443308085153, 33.968135374234556 ], [ -96.508726999999794, 33.969023 ], [ -96.508726999999737, 33.969023 ] ], [ [ -96.501997, 33.969059 ], [ -96.501997, 33.969059 ], [ -96.500485044969039, 33.969057957345747 ], [ -96.501997, 33.969059 ] ], [ [ -96.494975, 33.969046 ], [ -96.497832, 33.969049 ], [ -96.495396, 33.969046 ], [ -96.494975, 33.969046 ] ], [ [ -96.494975, 33.969046 ], [ -96.485648999999853, 33.969045 ], [ -96.483925, 33.969035 ], [ -96.483073999999888, 33.969031 ], [ -96.478921, 33.969016 ], [ -96.485648999999896, 33.96904500000015 ], [ -96.491183, 33.969052000000183 ], [ -96.491784999999879, 33.969051 ], [ -96.494975, 33.969046 ] ], [ [ -96.475795, 33.969037 ], [ -96.478676, 33.969017 ], [ -96.475795, 33.969037 ], [ -96.475456317124909, 33.969038169215963 ], [ -96.475795, 33.969037 ] ], [ [ -96.471564999999799, 33.969034000000107 ], [ -96.474841090848358, 33.9690398836862 ], [ -96.473982, 33.969038000000104 ], [ -96.471564999999799, 33.969034000000107 ] ], [ [ -96.587389, 33.896499 ], [ -96.587389, 33.896499 ], [ -96.587749075221922, 33.896008550086094 ], [ -96.587389, 33.896499 ] ], [ [ -96.590956524215116, 33.903449874872372 ], [ -96.59111, 33.90322500000017 ], [ -96.59111, 33.903225000000141 ], [ -96.590956524215116, 33.903449874872372 ] ], [ [ -96.582236436832204, 33.908897732956902 ], [ -96.58498, 33.906708 ], [ -96.58253, 33.908299 ], [ -96.582236436832204, 33.908897732956902 ] ], [ [ -96.580974, 33.913839000000145 ], [ -96.581056602514778, 33.913416770394733 ], [ -96.580973863787193, 33.91384764141749 ], [ -96.580974, 33.913839000000145 ] ], [ [ -96.589683, 33.917432 ], [ -96.589539190276795, 33.917370226268069 ], [ -96.589724325422722, 33.917467892301453 ], [ -96.589683, 33.917432 ] ], [ [ -96.590881094952579, 33.919261268046561 ], [ -96.590909999999894, 33.919231 ], [ -96.590909999999894, 33.919231 ], [ -96.590881094952579, 33.919261268046561 ] ], [ [ -96.587396, 33.91887 ], [ -96.590400999999844, 33.919764 ], [ -96.584243510499064, 33.918710153376892 ], [ -96.587396, 33.91887 ] ], [ [ -96.580589, 33.922209000000109 ], [ -96.581031541452774, 33.921340697821641 ], [ -96.580589362702611, 33.922409031565351 ], [ -96.580589, 33.922209000000109 ] ], [ [ -96.726214, 33.99973400000011 ], [ -96.726249, 33.999461000000124 ], [ -96.726230999999828, 33.999278000000103 ], [ -96.726214, 33.99973400000011 ] ], [ [ -96.448727, 34.157373000000149 ], [ -96.448722029320137, 34.157373023687867 ], [ -96.448767439459985, 34.157372804602709 ], [ -96.448727, 34.157373000000149 ] ], [ [ -96.453901, 34.157348 ], [ -96.453813, 34.156625 ], [ -96.453819909733596, 34.155489829581683 ], [ -96.453813, 34.156625000000112 ], [ -96.453813, 34.156716000000152 ], [ -96.453901, 34.157348 ] ], [ [ -96.453820021426864, 34.155466686394625 ], [ -96.45397, 34.125095 ], [ -96.453839, 34.114406000000123 ], [ -96.453820021426864, 34.155466686394625 ] ], [ [ -96.369334, 34.055633000000128 ], [ -96.407802, 34.059472 ], [ -96.4078, 34.05749 ], [ -96.407798, 34.055692 ], [ -96.39901, 34.055679 ], [ -96.397297, 34.055725 ], [ -96.396278999999879, 34.055775 ], [ -96.394587, 34.05572 ], [ -96.394294, 34.055711 ], [ -96.393562, 34.055705 ], [ -96.39036, 34.055696 ], [ -96.387973, 34.055656 ], [ -96.386469, 34.055644 ], [ -96.385612999999864, 34.055639 ], [ -96.38417, 34.055667 ], [ -96.378879, 34.05563 ], [ -96.377753, 34.055633 ], [ -96.375012, 34.05569 ], [ -96.37384, 34.055668 ], [ -96.369334, 34.055633000000128 ] ], [ [ -96.371552, 34.050724 ], [ -96.372067733315376, 34.049592906035343 ], [ -96.370921123242823, 34.052109850113602 ], [ -96.371552, 34.050724 ] ], [ [ -96.372519, 34.039271 ], [ -96.373962, 34.043968 ], [ -96.373856, 34.043556 ], [ -96.372798, 34.039983 ], [ -96.37261, 34.039503 ], [ -96.372519, 34.039271 ] ], [ [ -96.355896, 34.053629000000278 ], [ -96.362431999999885, 34.046437000000182 ], [ -96.362104, 34.046714000000172 ], [ -96.361402, 34.047307000000188 ], [ -96.359631999999863, 34.048963000000292 ], [ -96.358869999999854, 34.049770000000251 ], [ -96.358096999999745, 34.050675000000183 ], [ -96.356026, 34.053448000000273 ], [ -96.355896, 34.053629000000136 ], [ -96.3552, 34.05060900000035 ], [ -96.355896, 34.053629000000278 ] ], [ [ -96.355408, 34.050246000000215 ], [ -96.353026, 34.050502000000257 ], [ -96.352227, 34.050621000000113 ], [ -96.352048999999838, 34.05064800000023 ], [ -96.344618, 34.052567 ], [ -96.344281, 34.052256 ], [ -96.343706, 34.052633 ], [ -96.343649098377014, 34.052742271327602 ], [ -96.344281, 34.052256000000177 ], [ -96.344618, 34.052567000000167 ], [ -96.352048999999795, 34.050648000000344 ], [ -96.35404899999979, 34.050440000000357 ], [ -96.355407999999883, 34.0502460000003 ], [ -96.355404, 34.050401000000342 ], [ -96.355398321041079, 34.050636676813589 ], [ -96.355408, 34.050246000000215 ] ], [ [ -96.343592999999871, 34.05285 ], [ -96.339959, 34.054963 ], [ -96.338099, 34.056184 ], [ -96.343592999999871, 34.05285 ] ], [ [ -96.338133999999897, 34.059797 ], [ -96.338133999999897, 34.059797 ], [ -96.338135, 34.05884000000011 ], [ -96.338133999999897, 34.059797 ] ], [ [ -96.338133, 34.062818 ], [ -96.338133770221432, 34.062758725659741 ], [ -96.338133, 34.062818 ], [ -96.338133, 34.062818 ] ], [ [ -96.33792095158563, 34.077887179261346 ], [ -96.327447, 34.088954 ], [ -96.324169, 34.091549 ], [ -96.323464, 34.092146 ], [ -96.322867, 34.092532 ], [ -96.320637, 34.094273 ], [ -96.319702, 34.095021 ], [ -96.319023, 34.095587 ], [ -96.318031, 34.096363 ], [ -96.317306, 34.096973 ], [ -96.316936, 34.097347 ], [ -96.314893999999867, 34.099031 ], [ -96.314755, 34.099146 ], [ -96.314552, 34.099314 ], [ -96.314323839715627, 34.099515721114869 ], [ -96.33792095158563, 34.077887179261346 ] ], [ [ -96.314306738234947, 34.099530841062212 ], [ -96.295463, 34.116183 ], [ -96.282549, 34.125143 ], [ -96.281116, 34.126212 ], [ -96.27965799999987, 34.127332000000123 ], [ -96.27843, 34.128338 ], [ -96.276307013009074, 34.13024291493501 ], [ -96.282549, 34.125143000000143 ], [ -96.294302, 34.117049 ], [ -96.295463, 34.116183 ], [ -96.298554999999894, 34.11377300000013 ], [ -96.303925, 34.10918 ], [ -96.314306738234947, 34.099530841062212 ] ], [ [ -96.27604397912549, 34.130493839101781 ], [ -96.27173, 34.135217000000104 ], [ -96.271716164015857, 34.135235625403709 ], [ -96.27604397912549, 34.130493839101781 ] ], [ [ -96.270229999999898, 34.137228000000142 ], [ -96.271177387408201, 34.136015262852887 ], [ -96.269669697722662, 34.138033568239386 ], [ -96.270229999999898, 34.137228000000142 ] ], [ [ -96.269078999999849, 34.138883 ], [ -96.268734313837996, 34.139431663318398 ], [ -96.269135824787611, 34.138801172318409 ], [ -96.269078999999849, 34.138883 ] ], [ [ -96.266556326890964, 34.143346434404265 ], [ -96.267355, 34.141830000000219 ], [ -96.268176899118529, 34.14034741136863 ], [ -96.266556326890964, 34.143346434404265 ] ], [ [ -96.265418, 34.145636 ], [ -96.265295493299718, 34.14589557015119 ], [ -96.2657467312726, 34.144969235888574 ], [ -96.265418, 34.145636 ] ], [ [ -96.259731, 34.157331 ], [ -96.259731, 34.157331 ], [ -96.262609022024662, 34.151449451747553 ], [ -96.259731, 34.157331 ] ], [ [ -96.256125, 34.157346 ], [ -96.255871724247896, 34.157346849918675 ], [ -96.257792849618198, 34.15733886481452 ], [ -96.256125, 34.157346 ] ], [ [ -96.255188207488118, 34.157349528505982 ], [ -96.248034384759137, 34.157221517309438 ], [ -96.250266999999866, 34.157369000000152 ], [ -96.251254, 34.157365000000183 ], [ -96.253048, 34.157358000000137 ], [ -96.255188207488118, 34.157349528505982 ] ], [ [ -96.247002, 34.157208 ], [ -96.242823639517169, 34.15715624491817 ], [ -96.24745919406584, 34.157214199241665 ], [ -96.247002, 34.157208 ] ], [ [ -96.233953, 34.157172 ], [ -96.24108981445498, 34.157151124492003 ], [ -96.233357628514597, 34.157167772318836 ], [ -96.233953, 34.157172 ] ], [ [ -96.232033497227917, 34.157153495234539 ], [ -96.221309701739173, 34.157139293710173 ], [ -96.223217999999875, 34.15716700000015 ], [ -96.232033497227917, 34.157153495234539 ] ], [ [ -96.220581398407234, 34.157138799930806 ], [ -96.18559999999988, 34.157035 ], [ -96.207923, 34.157067 ], [ -96.211389999999895, 34.157072 ], [ -96.220581398407234, 34.157138799930806 ] ], [ [ -96.181793999999897, 34.157029 ], [ -96.180495276827699, 34.15702728362578 ], [ -96.182890176972407, 34.157030713669172 ], [ -96.181793999999897, 34.157029 ] ], [ [ -96.170876673362443, 34.157013611883855 ], [ -96.144619336840762, 34.156915379407444 ], [ -96.146572, 34.156979 ], [ -96.170876673362443, 34.157013611883855 ] ], [ [ -96.1294, 34.15713 ], [ -96.140824, 34.157065 ], [ -96.143412, 34.156975 ], [ -96.143970864454857, 34.156947333444897 ], [ -96.1294, 34.15713 ] ], [ [ -96.128808121151451, 34.157133140026794 ], [ -96.125264, 34.157154000000155 ], [ -96.128396999999893, 34.157136 ], [ -96.128808121151451, 34.157133140026794 ] ], [ [ -95.766357, 33.871 ], [ -95.76615942857137, 33.870997428571449 ], [ -95.76655142292168, 33.871017771751205 ], [ -95.766357, 33.871 ] ], [ [ -95.767246, 33.871061 ], [ -95.767150401862565, 33.871057925206287 ], [ -95.7678, 33.87116 ], [ -95.767246, 33.871061 ] ], [ [ -95.76984, 33.871457 ], [ -95.769760108099078, 33.871445804957354 ], [ -95.769850387198304, 33.871454032229124 ], [ -95.76984, 33.871457 ] ], [ [ -95.77071, 33.872215 ], [ -95.770682648292109, 33.87218252987622 ], [ -95.770743950672156, 33.872265926034153 ], [ -95.77071, 33.872215 ] ], [ [ -95.771013, 33.873012 ], [ -95.770984242461509, 33.872953547221321 ], [ -95.771144, 33.873204 ], [ -95.771013, 33.873012 ] ], [ [ -95.771638, 33.873594 ], [ -95.771583299949043, 33.873545408620224 ], [ -95.771704509255599, 33.873646793385902 ], [ -95.771638, 33.873594 ] ], [ [ -95.773686, 33.874144 ], [ -95.773496400000013, 33.87410000000289 ], [ -95.773832330633041, 33.874202435686819 ], [ -95.773686, 33.874144 ] ], [ [ -95.774202309956081, 33.874373574276177 ], [ -95.774635, 33.874540000000152 ], [ -95.774797854320724, 33.874555778274534 ], [ -95.774202309956081, 33.874373574276177 ] ], [ [ -95.775168, 33.874524 ], [ -95.775030160332108, 33.874548856336418 ], [ -95.775270318061487, 33.874471336308062 ], [ -95.775168, 33.874524 ] ], [ [ -95.776084, 33.873892 ], [ -95.776061273460058, 33.873910600618522 ], [ -95.776115978002963, 33.873861164121372 ], [ -95.776084, 33.873892 ] ], [ [ -95.777013, 33.872596 ], [ -95.776995385984577, 33.872702564802225 ], [ -95.776998112648982, 33.872509653379261 ], [ -95.777013, 33.872596 ] ], [ [ -95.776982313994068, 33.872435200992051 ], [ -95.776888, 33.872255 ], [ -95.776849919999933, 33.872216280018684 ], [ -95.776982313994068, 33.872435200992051 ] ], [ [ -95.776717, 33.872036 ], [ -95.776717, 33.872036 ], [ -95.776724799999897, 33.872050700007186 ], [ -95.776717, 33.872036 ] ], [ [ -95.776723, 33.87186 ], [ -95.776717114418645, 33.87203264372048 ], [ -95.77680651561802, 33.871627413529957 ], [ -95.776723, 33.87186 ] ], [ [ -95.778190421267382, 33.870402736915068 ], [ -95.777386517192127, 33.871023649333452 ], [ -95.777454999999861, 33.870986 ], [ -95.777725, 33.870789000000137 ], [ -95.778190421267382, 33.870402736915068 ] ], [ [ -95.779062, 33.870119 ], [ -95.778932357142821, 33.870088357144375 ], [ -95.779197061405398, 33.870138677821004 ], [ -95.779062, 33.870119 ] ], [ [ -95.779496, 33.870135 ], [ -95.77928736313946, 33.870139423396431 ], [ -95.779571078239528, 33.870097978684178 ], [ -95.779496, 33.870135 ] ], [ [ -95.780465, 33.86918 ], [ -95.7803957781191, 33.869270551950429 ], [ -95.780545532424924, 33.8690495948468 ], [ -95.780465, 33.86918 ] ], [ [ -95.781275, 33.868356 ], [ -95.781167879309507, 33.868403738578209 ], [ -95.781390999797267, 33.86832132615163 ], [ -95.781275, 33.868356 ] ], [ [ -96.430481309453057, 34.016326989074258 ], [ -96.431174, 34.017057 ], [ -96.430789, 34.016371 ], [ -96.430481309453057, 34.016326989074258 ] ], [ [ -96.427708784768868, 34.017095227752087 ], [ -96.429221999999825, 34.016394 ], [ -96.428397999999774, 34.016645 ], [ -96.427708784768868, 34.017095227752087 ] ], [ [ -96.423993599999932, 34.016251400000499 ], [ -96.425319, 34.016735 ], [ -96.426064088174172, 34.01712582511977 ], [ -96.423993599999932, 34.016251400000499 ] ], [ [ -96.421909, 34.014195999999899 ], [ -96.421909, 34.014195999999892 ], [ -96.42213860004243, 34.01482175090942 ], [ -96.421909, 34.014195999999899 ] ], [ [ -96.421103879408136, 34.013387491674791 ], [ -96.42103, 34.013326 ], [ -96.42103, 34.013326 ], [ -96.421103879408136, 34.013387491674791 ] ], [ [ -96.41793520278668, 34.013661484928264 ], [ -96.41852899999985, 34.01289 ], [ -96.417978999999846, 34.013507 ], [ -96.41793520278668, 34.013661484928264 ] ], [ [ -96.416027, 34.013735 ], [ -96.416027, 34.013735 ], [ -96.41530195108264, 34.013940870283434 ], [ -96.416027, 34.013735 ] ], [ [ -96.414295, 34.01378 ], [ -96.414294999999839, 34.01378 ], [ -96.414020037622876, 34.013974091155951 ], [ -96.414295, 34.01378 ] ], [ [ -96.413635, 34.014055 ], [ -96.413590888427038, 34.01399982052623 ], [ -96.413635, 34.014055 ], [ -96.413635, 34.014055 ] ], [ [ -96.407675, 34.012418 ], [ -96.407675, 34.012418 ], [ -96.407675853439954, 34.012464939217075 ], [ -96.407675, 34.012418 ] ], [ [ -96.407918, 34.012244 ], [ -96.409385801361466, 34.012248051901828 ], [ -96.407918, 34.012244 ], [ -96.407918, 34.012244 ] ], [ [ -96.413367072524494, 34.012252325934483 ], [ -96.41247, 34.012263 ], [ -96.412668, 34.012267 ], [ -96.413367072524494, 34.012252325934483 ] ], [ [ -96.413814, 34.012196 ], [ -96.415675921026505, 34.012175213002969 ], [ -96.413813999999888, 34.012196 ], [ -96.413814, 34.012196 ] ], [ [ -96.415714684501125, 34.012174366293834 ], [ -96.417816999999886, 34.01211 ], [ -96.417697, 34.012111 ], [ -96.416856, 34.012137000000109 ], [ -96.415714684501125, 34.012174366293834 ] ], [ [ -96.42203899999987, 34.012115 ], [ -96.422039, 34.012115 ], [ -96.420430565978748, 34.012105228226183 ], [ -96.42203899999987, 34.012115 ] ], [ [ -96.42435508832159, 34.012140576326892 ], [ -96.425301, 34.010805 ], [ -96.425301, 34.011183 ], [ -96.425303999999855, 34.012153 ], [ -96.42435508832159, 34.012140576326892 ] ], [ [ -96.425299, 34.007624 ], [ -96.425299, 34.007624 ], [ -96.425299791192046, 34.007733975982951 ], [ -96.425299, 34.007624 ] ], [ [ -96.420913, 33.997768 ], [ -96.420913, 33.9977680000001 ], [ -96.421420764358501, 33.997769282233286 ], [ -96.420913, 33.997768 ] ], [ [ -96.418539999999894, 33.997788 ], [ -96.41854, 33.997788 ], [ -96.41883732873093, 33.997781501011573 ], [ -96.418539999999894, 33.997788 ] ], [ [ -96.416511, 33.998006 ], [ -96.417762999999823, 33.997833 ], [ -96.417133, 33.997893 ], [ -96.416511, 33.998006 ] ], [ [ -96.415486, 33.998205 ], [ -96.415485999999817, 33.998205 ], [ -96.415279606160993, 33.998264327812564 ], [ -96.415486, 33.998205 ] ], [ [ -96.413274999999786, 33.99892 ], [ -96.412739, 33.999091 ], [ -96.413573350902354, 33.998823453378321 ], [ -96.413274999999786, 33.99892 ] ], [ [ -96.411268253093155, 33.999323065960844 ], [ -96.411233, 33.999327 ], [ -96.411233, 33.999327 ], [ -96.411268253093155, 33.999323065960844 ] ], [ [ -96.410196761729239, 33.999302436553435 ], [ -96.409988999999882, 33.999323 ], [ -96.409989, 33.999323 ], [ -96.410196761729239, 33.999302436553435 ] ], [ [ -96.383195, 34.004944 ], [ -96.383198979187867, 34.004628649949836 ], [ -96.383195, 34.004944 ], [ -96.383195, 34.004944 ] ], [ [ -96.383215148671994, 34.003908588553642 ], [ -96.383227, 34.003517 ], [ -96.383227, 34.003517 ], [ -96.383215148671994, 34.003908588553642 ] ], [ [ -96.383741006229315, 34.001791380171575 ], [ -96.386624, 33.993339 ], [ -96.385528941195972, 33.992797085044053 ], [ -96.386623999999884, 33.993339000000134 ], [ -96.383763, 34.001319 ], [ -96.383742999999811, 34.001593 ], [ -96.383741006229315, 34.001791380171575 ] ], [ [ -96.368079941559415, 33.996844630542029 ], [ -96.368079941559358, 33.996844630542036 ], [ -96.369368196169987, 33.996965860531567 ], [ -96.368079941559415, 33.996844630542029 ] ], [ [ -96.365718947727188, 33.997095169104341 ], [ -96.36415, 33.997311000000288 ], [ -96.364635999999891, 33.99724500000017 ], [ -96.365718947727188, 33.997095169104341 ] ], [ [ -96.358033363636238, 33.997656000000291 ], [ -96.360791930819843, 33.997650426073299 ], [ -96.361284382910085, 33.997638237399876 ], [ -96.358033363636238, 33.997656000000291 ] ], [ [ -96.357159999999837, 33.99765400000026 ], [ -96.35757, 33.997655000000186 ], [ -96.35716, 33.99765400000026 ], [ -96.356260999999733, 33.997651000000175 ], [ -96.357159999999837, 33.99765400000026 ] ], [ [ -96.355510999999723, 33.997648000000268 ], [ -96.355087499999797, 33.997647000000214 ], [ -96.356260999999733, 33.997651000000175 ], [ -96.355510999999723, 33.997648000000268 ] ], [ [ -96.354426999999816, 33.997645000000233 ], [ -96.35442699999976, 33.997645000000233 ], [ -96.354429733146929, 33.997645011532491 ], [ -96.354426999999816, 33.997645000000233 ] ], [ [ -96.352075, 33.997642000000155 ], [ -96.352074999999843, 33.997642000000305 ], [ -96.352957808510482, 33.997642000000155 ], [ -96.352075, 33.997642000000155 ] ], [ [ -96.350163999999722, 33.99764200000029 ], [ -96.350451999999876, 33.99764200000012 ], [ -96.350025624999716, 33.997642000000212 ], [ -96.350163999999722, 33.99764200000029 ] ], [ [ -96.344868999999846, 33.997621000000187 ], [ -96.346937455586513, 33.997622168266233 ], [ -96.342225616924154, 33.997634970314749 ], [ -96.344868999999846, 33.997621000000187 ] ], [ [ -96.340686, 33.997629000000138 ], [ -96.340686, 33.997629000000167 ], [ -96.3422199999996, 33.997635000000258 ], [ -96.340686, 33.997629000000138 ] ], [ [ -96.339622999999733, 33.997569000000162 ], [ -96.338038999999767, 33.997561000000211 ], [ -96.340049200450807, 33.997571092637486 ], [ -96.339622999999733, 33.997569000000162 ] ], [ [ -96.33761, 33.997612000000146 ], [ -96.33761, 33.997612000000146 ], [ -96.338037999999699, 33.99761600000015 ], [ -96.33761, 33.997612000000146 ] ], [ [ -96.331551884310286, 33.997567291600781 ], [ -96.332445999999663, 33.997573000000308 ], [ -96.332488999999754, 33.997573000000152 ], [ -96.331551884310286, 33.997567291600781 ] ], [ [ -96.328865999999806, 33.997562000000336 ], [ -96.328865999999849, 33.997562000000435 ], [ -96.331287397683411, 33.997566515848156 ], [ -96.328865999999806, 33.997562000000336 ] ], [ [ -96.3272753855952, 33.997556045911608 ], [ -96.320686509597635, 33.997554248270681 ], [ -96.320790999999815, 33.997555000000403 ], [ -96.322516999999721, 33.997561000000218 ], [ -96.32362599999982, 33.99756600000044 ], [ -96.3272753855952, 33.997556045911608 ] ], [ [ -96.320024999999745, 33.997551000000421 ], [ -96.320549859994372, 33.997553237761359 ], [ -96.320024999999788, 33.997551000000328 ], [ -96.319452999999811, 33.997548000000201 ], [ -96.319447260667502, 33.997547973912326 ], [ -96.320024999999745, 33.997551000000421 ] ], [ [ -96.31627, 33.997538000000212 ], [ -96.31627, 33.997538000000226 ], [ -96.317646181818034, 33.997541818182057 ], [ -96.31627, 33.997538000000212 ] ], [ [ -96.312502, 33.997550000000238 ], [ -96.312502, 33.997550000000352 ], [ -96.313129556988187, 33.997547081130563 ], [ -96.312502, 33.997550000000238 ] ], [ [ -96.30333599999976, 33.997792000000167 ], [ -96.30527499999971, 33.998012000000401 ], [ -96.30642827728559, 33.998095624093978 ], [ -96.30333599999976, 33.997792000000167 ] ], [ [ -96.299089999999808, 33.997513000000296 ], [ -96.301569999999742, 33.997596000000314 ], [ -96.30051799999984, 33.99753 ], [ -96.299089999999808, 33.997513000000296 ] ], [ [ -96.294625999999823, 33.997533000000239 ], [ -96.293836, 33.997528000000187 ], [ -96.297485999999708, 33.997544000000218 ], [ -96.294625999999823, 33.997533000000239 ] ], [ [ -96.285882, 33.989133 ], [ -96.285887478390052, 33.988775411296722 ], [ -96.285866999999882, 33.991623 ], [ -96.285882, 33.989133 ] ], [ [ -96.285857, 33.986292 ], [ -96.285857, 33.986292 ], [ -96.285866834736893, 33.986759661205667 ], [ -96.285857, 33.986292 ] ], [ [ -96.285912, 33.974053 ], [ -96.285912, 33.974053 ], [ -96.285911666893909, 33.974627278645421 ], [ -96.285912, 33.974053 ] ], [ [ -96.285930724011266, 33.968908112754761 ], [ -96.285933, 33.968570000000113 ], [ -96.285933, 33.968570000000113 ], [ -96.285930724011266, 33.968908112754761 ] ], [ [ -96.264840999999819, 33.968481 ], [ -96.264841, 33.968481 ], [ -96.266245, 33.968479 ], [ -96.264840999999819, 33.968481 ] ], [ [ -96.253675, 33.968524 ], [ -96.255411999999865, 33.968509 ], [ -96.253674999999888, 33.968524 ], [ -96.252078076922984, 33.968524 ], [ -96.253675, 33.968524 ] ], [ [ -96.251085, 33.963526000000115 ], [ -96.251085, 33.963526 ], [ -96.251083878137734, 33.963775727802819 ], [ -96.251085, 33.963526000000115 ] ], [ [ -96.392201989150323, 33.970886062391997 ], [ -96.392973423819626, 33.969472116767292 ], [ -96.392763, 33.969853 ], [ -96.392601, 33.970147 ], [ -96.392201989150323, 33.970886062391997 ] ], [ [ -96.390265568555449, 33.97602827604873 ], [ -96.389929, 33.977125 ], [ -96.38987896257386, 33.977304390373213 ], [ -96.389929, 33.9771250000001 ], [ -96.390236, 33.97613800000012 ], [ -96.390265568555449, 33.97602827604873 ] ], [ [ -96.388239, 33.983271 ], [ -96.388239, 33.983271 ], [ -96.388290198383459, 33.983097195311224 ], [ -96.388239, 33.983271 ] ], [ [ -96.387169, 33.987209 ], [ -96.387406674671496, 33.986320928212805 ], [ -96.387031467682377, 33.987715982046808 ], [ -96.387169, 33.987209 ] ], [ [ -96.386614681670494, 33.989250294534749 ], [ -96.387000170751946, 33.987829217989535 ], [ -96.386850999999851, 33.988359 ], [ -96.386614681670494, 33.989250294534749 ] ], [ [ -96.386386734082521, 33.99002707934401 ], [ -96.386223, 33.990608000000108 ], [ -96.38615244658267, 33.990870711400461 ], [ -96.386386734082521, 33.99002707934401 ] ], [ [ -96.385650259796947, 33.992354676740035 ], [ -96.386052, 33.991247999999892 ], [ -96.386064388119337, 33.99120102841789 ], [ -96.386052, 33.991247999999892 ], [ -96.385918999999859, 33.991600000000119 ], [ -96.385672999999898, 33.99229 ], [ -96.385650259796947, 33.992354676740035 ] ], [ [ -96.391390107828997, 33.983441769494959 ], [ -96.390943, 33.98355 ], [ -96.390943, 33.98355 ], [ -96.391390107828997, 33.983441769494959 ] ], [ [ -96.393330999999847, 33.983138 ], [ -96.393331, 33.983138 ], [ -96.393413, 33.98252 ], [ -96.393330999999847, 33.983138 ] ], [ [ -96.393742, 33.982199 ], [ -96.393741999999889, 33.982199 ], [ -96.393413, 33.98252 ], [ -96.393742, 33.982199 ] ], [ [ -96.394894, 33.982864 ], [ -96.39466971799952, 33.982906840388523 ], [ -96.394894, 33.98286400000012 ], [ -96.394894, 33.982864 ] ], [ [ -96.395277999999863, 33.982154 ], [ -96.394934678811154, 33.982788786854094 ], [ -96.395277999999877, 33.982154 ], [ -96.395277999999863, 33.982154 ] ], [ [ -96.395661999999859, 33.981399 ], [ -96.395361935883997, 33.982107708100386 ], [ -96.396395406374481, 33.981497558699772 ], [ -96.395661999999859, 33.981399 ] ], [ [ -96.397526999999897, 33.982406 ], [ -96.397527, 33.982406 ], [ -96.398033336647416, 33.982321610596259 ], [ -96.397526999999897, 33.982406 ] ], [ [ -96.412877, 33.984797 ], [ -96.412877, 33.984797 ], [ -96.412827899822602, 33.984871650462374 ], [ -96.412877, 33.984797 ] ], [ [ -96.405987, 33.995275000000163 ], [ -96.405987, 33.995275 ], [ -96.405486428326483, 33.996013206331149 ], [ -96.405987, 33.995275000000163 ] ], [ [ -96.404329, 33.99773 ], [ -96.40429199409003, 33.997786579326551 ], [ -96.404329, 33.99773 ], [ -96.405122, 33.996552000000101 ], [ -96.405158038440646, 33.996497942347638 ], [ -96.404329, 33.99773 ] ], [ [ -96.370932813720103, 33.997432273430213 ], [ -96.371046416270744, 33.997161909867515 ], [ -96.37092294811471, 33.997456671858878 ], [ -96.370932813720103, 33.997432273430213 ] ], [ [ -96.390194401318794, 34.019229303788592 ], [ -96.390198999999882, 34.019222000000184 ], [ -96.390198999999882, 34.019222000000113 ], [ -96.390194401318794, 34.019229303788592 ] ], [ [ -96.390201, 34.019637 ], [ -96.390201, 34.019637 ], [ -96.390200997017487, 34.01963638114654 ], [ -96.390201, 34.019637 ] ], [ [ -96.389763, 34.020314 ], [ -96.389763, 34.020314 ], [ -96.389791655404338, 34.020389257781865 ], [ -96.389763, 34.020314 ] ], [ [ -96.388553, 34.022182 ], [ -96.389441155060723, 34.020806551643339 ], [ -96.388924, 34.021598 ], [ -96.388553, 34.022182 ], [ -96.38819, 34.022698 ], [ -96.387817070529096, 34.023266114247477 ], [ -96.388553, 34.022182 ] ], [ [ -96.386659999999893, 34.025041 ], [ -96.386753320885347, 34.024897521489571 ], [ -96.386576235564704, 34.025166527945018 ], [ -96.386659999999893, 34.025041 ] ], [ [ -96.385297822509514, 34.026918957577493 ], [ -96.385247, 34.02718 ], [ -96.385247, 34.02718 ], [ -96.385297822509514, 34.026918957577493 ] ], [ [ -96.375014, 34.026611 ], [ -96.376237092272405, 34.026615378612156 ], [ -96.37300736055208, 34.026583171419333 ], [ -96.375014, 34.026611 ] ], [ [ -96.372816463735077, 34.02658133829884 ], [ -96.372133999999875, 34.026588000000302 ], [ -96.368671640095826, 34.026596695755714 ], [ -96.372816463735077, 34.02658133829884 ] ], [ [ -96.366883999999629, 34.021730000000161 ], [ -96.366691, 34.024709000000229 ], [ -96.366845999999811, 34.023217000000301 ], [ -96.366883999999629, 34.021730000000161 ] ], [ [ -96.36670899999973, 34.021730000000119 ], [ -96.36670899999973, 34.021730000000147 ], [ -96.366840249999697, 34.021730000000147 ], [ -96.36670899999973, 34.021730000000119 ] ], [ [ -96.366847999999806, 34.019542000000307 ], [ -96.366940046158547, 34.018889084042058 ], [ -96.366749862716674, 34.020625437499753 ], [ -96.366847999999806, 34.019542000000307 ] ], [ [ -96.367328999999799, 34.017338000000215 ], [ -96.367328999999742, 34.017338000000201 ], [ -96.367236831801904, 34.017663237757866 ], [ -96.367328999999799, 34.017338000000215 ] ], [ [ -96.367946999999845, 34.016235000000215 ], [ -96.36789108541258, 34.01622017182526 ], [ -96.368150914197486, 34.015733567609786 ], [ -96.367946999999845, 34.016235000000215 ] ], [ [ -96.368759999999881, 34.008508000000212 ], [ -96.370882999999765, 34.008749000000215 ], [ -96.369904596918133, 34.011301589405583 ], [ -96.368759999999881, 34.008508000000212 ] ], [ [ -96.368237999999863, 34.008599000000302 ], [ -96.367438890736338, 34.008999385499294 ], [ -96.368759999999881, 34.008508000000212 ], [ -96.368237999999863, 34.008599000000302 ] ], [ [ -96.366712555355164, 34.008592209888072 ], [ -96.366546932756691, 34.00916716249246 ], [ -96.366546932756776, 34.009167162492453 ], [ -96.366712555355164, 34.008592209888072 ] ], [ [ -96.367187474646116, 34.00694354367873 ], [ -96.366920764903568, 34.007869420431966 ], [ -96.367512497040209, 34.00588187891038 ], [ -96.367187474646116, 34.00694354367873 ] ], [ [ -96.369264916390065, 34.001520426355505 ], [ -96.370109406843198, 33.99941968783655 ], [ -96.369846155693722, 34.000085501585431 ], [ -96.369264916390065, 34.001520426355505 ] ], [ [ -96.390352, 34.015893 ], [ -96.390301164435712, 34.016051817152274 ], [ -96.390326999999886, 34.015993 ], [ -96.390352, 34.015893 ] ], [ [ -96.389005, 34.015788 ], [ -96.389005, 34.015788 ], [ -96.386723, 34.01578700000011 ], [ -96.389005, 34.015788 ] ], [ [ -96.386281999999895, 34.01677 ], [ -96.386281999999881, 34.01677 ], [ -96.386247174566208, 34.016832896931056 ], [ -96.386281999999895, 34.01677 ] ], [ [ -96.384632, 34.017043 ], [ -96.383656443194013, 34.017021963654678 ], [ -96.38396699999987, 34.017162 ], [ -96.384631999999883, 34.01704300000015 ], [ -96.385457, 34.017503 ], [ -96.384632, 34.017043 ] ], [ [ -96.383454, 34.016918 ], [ -96.383303885010932, 34.016750419583602 ], [ -96.383641, 34.017015 ], [ -96.383454, 34.016918 ] ], [ [ -96.383262999999857, 34.016588000000112 ], [ -96.383263, 34.016588000000112 ], [ -96.383266577250836, 34.016547219344204 ], [ -96.383262999999857, 34.016588000000112 ] ], [ [ -96.38275157178758, 34.01559629214502 ], [ -96.383224, 34.016328000000129 ], [ -96.383269383535307, 34.016514397579222 ], [ -96.38275157178758, 34.01559629214502 ] ], [ [ -96.382619800000015, 34.015405600692041 ], [ -96.38165, 34.012152 ], [ -96.381662999999747, 34.013944 ], [ -96.381685, 34.014081 ], [ -96.382619800000015, 34.015405600692041 ] ], [ [ -96.382177, 34.012131000000103 ], [ -96.382176999999842, 34.012131000000103 ], [ -96.382111280913733, 34.012132724910579 ], [ -96.382177, 34.012131000000103 ] ], [ [ -96.383273, 34.011126 ], [ -96.383273, 34.011126000000132 ], [ -96.38328, 34.012138 ], [ -96.383273, 34.011126 ] ], [ [ -96.383253349060013, 34.010992987968848 ], [ -96.383015, 34.006163 ], [ -96.383096, 34.006186000000135 ], [ -96.383271999999891, 34.006205 ], [ -96.383268, 34.008515000000124 ], [ -96.383250999999888, 34.010945 ], [ -96.383253349060013, 34.010992987968848 ] ], [ [ -96.382528, 34.005542 ], [ -96.382528, 34.005542 ], [ -96.382487240872692, 34.005263556165247 ], [ -96.382528, 34.005542 ] ], [ [ -96.382439, 34.004934 ], [ -96.382439, 34.004934 ], [ -96.382785380015974, 34.004938581746437 ], [ -96.382439, 34.004934 ] ], [ [ -96.389677, 34.020013 ], [ -96.389677, 34.020013 ], [ -96.389646333333289, 34.019901666703191 ], [ -96.389677, 34.020013 ] ], [ [ -96.389463999999876, 34.019365 ], [ -96.389464, 34.019365 ], [ -96.389354812589644, 34.01861518512186 ], [ -96.389463999999876, 34.019365 ] ], [ [ -96.389404999999897, 34.018065 ], [ -96.389405, 34.018065 ], [ -96.389414371983747, 34.018002207710033 ], [ -96.389404999999897, 34.018065 ] ], [ [ -96.389427667761524, 34.017955774157414 ], [ -96.390080303045963, 34.016575130046455 ], [ -96.389463, 34.017838 ], [ -96.389427667761524, 34.017955774157414 ] ], [ [ -96.390231999999799, 34.016241 ], [ -96.390231999999855, 34.016241 ], [ -96.390271156876892, 34.016125976691498 ], [ -96.390231999999799, 34.016241 ] ], [ [ -96.299003, 34.024527 ], [ -96.299003, 34.024527 ], [ -96.299003015241254, 34.0245176760207 ], [ -96.299003, 34.024527 ] ], [ [ -96.343069, 34.157210000000156 ], [ -96.342999429253439, 34.157210080293524 ], [ -96.343713816451, 34.15720836637184 ], [ -96.343069, 34.157210000000156 ] ], [ [ -96.306647, 34.157192000000101 ], [ -96.306647, 34.157192000000101 ], [ -96.306640497297892, 34.157192119380163 ], [ -96.306647, 34.157192000000101 ] ] ] } },
{ "type": "Feature", "properties": { "district_id": 2, "voting_age_pop": 568059, "lib_votes": 0, "grn_votes": 0, "con_votes": 0, "ref_votes": 0, "total_pop": 755479, "dem_votes_sum": 218594945, "rep_votes_sum": 158973, "lib_votes_sum": 0, "grn_votes_sum": 0, "con_votes_sum": 0, "ref_votes_sum": 0, "minority_pop_sum": 321779, "dem_pct": 0.9992732793019049, "rep_pct": 0.00072672069809510791, "lib_pct": 0.0, "grn_pct": 0.0, "con_pct": 0.0, "ref_pct": 0.0, "minority_pct": 0.42592712702801799, "compactness": 0.21935651445292756 }, "geometry": { "type": "Polygon", "coordinates": [ [ [ -96.067719, 35.721838 ], [ -96.074562, 35.613968 ], [ -96.077971, 35.611563 ], [ -96.084636, 35.61461 ], [ -96.085679, 35.614023 ], [ -96.080041, 35.601222 ], [ -96.109278, 35.552044 ], [ -96.193801, 35.551814 ], [ -96.193818, 35.536656000000136 ], [ -96.22915, 35.536657 ], [ -96.229189, 35.49316 ], [ -96.299671, 35.478672 ], [ -96.299623, 35.536683 ], [ -96.35281, 35.536994 ], [ -96.352623, 35.551921 ], [ -96.388122, 35.551997 ], [ -96.38808, 35.559857 ], [ -96.476879, 35.552017 ], [ -96.476563, 35.639040000000151 ], [ -96.496852, 35.639003 ], [ -96.512115, 35.653965 ], [ -96.512236, 35.784304 ], [ -96.56525, 35.784105 ], [ -96.56573, 35.795088 ], [ -96.619649, 35.770568000000139 ], [ -96.621441, 36.159929 ], [ -96.641754999999861, 36.159781 ], [ -96.642368, 36.210236 ], [ -96.623893999999893, 36.210773 ], [ -96.63027, 36.253591 ], [ -96.603262, 36.263191 ], [ -96.625469, 36.275404 ], [ -96.611714, 36.289822000000115 ], [ -96.611346, 36.326282 ], [ -96.625059, 36.322655000000132 ], [ -96.629595999999879, 36.333423 ], [ -96.620302999999865, 36.355308 ], [ -96.602398999999878, 36.35528 ], [ -96.604244, 36.398256 ], [ -96.620232, 36.409950000000116 ], [ -96.620866, 36.521652 ], [ -96.574666, 36.521731 ], [ -96.541541, 36.543362 ], [ -96.541282, 36.56584 ], [ -96.519064, 36.581231 ], [ -96.51093, 36.607389 ], [ -96.493377, 36.608434 ], [ -96.484593999999873, 36.680813 ], [ -96.508473, 36.680813 ], [ -96.525481, 36.746883 ], [ -96.427452999999872, 36.76944 ], [ -96.454689999999886, 36.785113 ], [ -96.437528, 36.795278 ], [ -96.446701, 36.840037999999893 ], [ -96.424752, 36.845251 ], [ -96.419858999999818, 36.862963 ], [ -96.415866999999835, 36.99904 ], [ -94.617963999999844, 36.998905 ], [ -94.618077, 36.667921000000248 ], [ -94.77494, 36.667806 ], [ -94.777562, 36.644646 ], [ -94.831393, 36.634703 ], [ -94.853904, 36.604994 ], [ -94.829673, 36.555709 ], [ -94.844758, 36.550526 ], [ -94.895786, 36.565318 ], [ -94.916173, 36.546155 ], [ -94.948524, 36.538069000000142 ], [ -94.961439, 36.511095 ], [ -95.005718, 36.491773 ], [ -95.00573, 36.41231 ], [ -95.059342, 36.416086 ], [ -95.059146, 36.401496 ], [ -95.123887, 36.377314 ], [ -95.160289, 36.409199 ], [ -95.210205, 36.408995000000139 ], [ -95.236345, 36.33639 ], [ -95.187208, 36.329848 ], [ -95.20253, 36.307500000000132 ], [ -95.256109999999822, 36.307320000000161 ], [ -95.25612, 36.24937 ], [ -95.22812, 36.24912 ], [ -95.225878, 36.238073 ], [ -95.241643, 36.231399 ], [ -95.24985, 36.187768 ], [ -95.301514, 36.153519 ], [ -95.322441, 36.153745000000107 ], [ -95.323535, 36.162508 ], [ -95.43997, 36.16239 ], [ -95.43998, 36.19142 ], [ -95.606872, 36.189947 ], [ -95.620345, 36.188497 ], [ -95.619187, 36.162529 ], [ -95.726408, 36.162496 ], [ -95.726114999999851, 36.209223000000108 ], [ -95.758388999999823, 36.205706 ], [ -95.75903, 36.23497 ], [ -95.81527, 36.22445 ], [ -95.815415, 36.160631 ], [ -95.868722999999846, 36.160666 ], [ -95.85954, 36.104473 ], [ -95.886612, 36.104424000000115 ], [ -95.886526, 36.0899000000001 ], [ -95.904353, 36.089897 ], [ -95.904226, 36.046342 ], [ -95.922712999999888, 36.043831 ], [ -95.904232, 36.017334 ], [ -95.88652, 36.017297 ], [ -95.886636999999865, 36.002805000000144 ], [ -95.868562, 36.002861 ], [ -95.868621, 35.988326000000121 ], [ -95.833106, 35.988345 ], [ -95.832884, 35.944741 ], [ -95.868667, 35.953398000000121 ], [ -95.868786, 35.930228 ], [ -95.886584999999826, 35.930153 ], [ -95.886594999999843, 35.915659 ], [ -95.850877, 35.915648 ], [ -95.850902, 35.901089000000155 ], [ -95.819455, 35.901095000000105 ], [ -95.819964, 35.8559 ], [ -95.90837, 35.85639900000016 ], [ -95.908486, 35.76939 ], [ -95.944044, 35.769473000000133 ], [ -95.93516, 35.725956 ], [ -95.979777, 35.726329 ], [ -95.979741, 35.740674 ], [ -96.005800999999877, 35.740806 ], [ -96.015466, 35.764982 ], [ -96.025741, 35.763350000000159 ], [ -96.067719, 35.721838 ] ], [ [ -95.935113999999871, 36.694519 ], [ -95.935112810477392, 36.694162541025896 ], [ -95.935111926377886, 36.694682816467946 ], [ -95.935113999999871, 36.694519 ] ], [ [ -95.935178999999891, 36.691364000000128 ], [ -95.935178999999891, 36.691364000000114 ], [ -95.935178893326494, 36.691366346815428 ], [ -95.935178999999891, 36.691364000000128 ] ], [ [ -95.93511599999988, 36.688254000000249 ], [ -95.935115673595419, 36.688225602823977 ], [ -95.935116310366922, 36.688263311012882 ], [ -95.93511599999988, 36.688254000000249 ] ], [ [ -95.935140999999817, 36.670782000000173 ], [ -95.935140667187312, 36.670525735231017 ], [ -95.935140999999817, 36.671099200980763 ], [ -95.935140999999817, 36.670782000000173 ] ], [ [ -95.935155929861494, 36.666571963145394 ], [ -95.935140999999817, 36.665254 ], [ -95.93514859522233, 36.662339116436357 ], [ -95.935155929861494, 36.666571963145394 ] ], [ [ -95.935169183113359, 36.650127473738188 ], [ -95.93516899999986, 36.650147 ], [ -95.93516899999986, 36.650147 ], [ -95.935169183113359, 36.650127473738188 ] ], [ [ -95.937852, 36.278315000000227 ], [ -95.937852045865881, 36.278311491267388 ], [ -95.937851970991417, 36.27831722399516 ], [ -95.937852, 36.278315000000227 ] ], [ [ -95.924049, 36.264009 ], [ -95.92414688856087, 36.262242567566773 ], [ -95.924049, 36.264009 ], [ -95.924049, 36.264009 ] ], [ [ -95.925115, 36.258642000000158 ], [ -95.925207066303102, 36.258392995315901 ], [ -95.925058350231353, 36.258783797083304 ], [ -95.925115, 36.258642000000158 ] ], [ [ -95.932358, 36.24954800000021 ], [ -95.932357999999851, 36.24954800000021 ], [ -95.931244098805308, 36.250485941174809 ], [ -95.932358, 36.24954800000021 ] ], [ [ -95.927759, 36.234791000000129 ], [ -95.928510999999716, 36.235086000000145 ], [ -95.927098, 36.23465100000022 ], [ -95.927759, 36.234791000000129 ] ], [ [ -95.944332364630583, 36.218836531638246 ], [ -95.944972999999763, 36.222652000000579 ], [ -95.944640999999876, 36.220673 ], [ -95.944332364630583, 36.218836531638246 ] ], [ [ -95.944974, 36.212825000000151 ], [ -95.945155083158241, 36.212066946941981 ], [ -95.944804249999819, 36.213367500268802 ], [ -95.944974, 36.212825000000151 ] ], [ [ -95.946304999999882, 36.207536 ], [ -95.946395, 36.20708200000017 ], [ -95.946501270454647, 36.206646292547468 ], [ -95.946395, 36.207082000000156 ], [ -95.946304999999853, 36.207536000000125 ], [ -95.94619992557152, 36.207948341219421 ], [ -95.946304999999882, 36.207536 ] ], [ [ -95.946774669906063, 36.2061415154608 ], [ -95.946624999999727, 36.206139000000135 ], [ -95.946624999999727, 36.206139000000164 ], [ -95.946774669906063, 36.2061415154608 ] ], [ [ -95.948304999999877, 36.206157000000239 ], [ -95.948997969568083, 36.206132226512004 ], [ -95.948251428571268, 36.20615592857164 ], [ -95.948304999999877, 36.206157000000239 ] ], [ [ -95.952679, 36.206145 ], [ -95.952700953580049, 36.206144642860544 ], [ -95.952679, 36.206145 ], [ -95.952679, 36.206145 ] ], [ [ -95.955739228961974, 36.206133455614548 ], [ -95.955936404095596, 36.206134055704005 ], [ -95.954178368725493, 36.206129230064157 ], [ -95.955739228961974, 36.206133455614548 ] ], [ [ -95.955916, 36.191641 ], [ -95.955573010746761, 36.191592755362691 ], [ -95.956312640874202, 36.191634714090945 ], [ -95.955916, 36.191641 ] ], [ [ -95.955420852805617, 36.191579134408101 ], [ -95.954724, 36.191607 ], [ -95.954325027061273, 36.191600091378 ], [ -95.955420852805617, 36.191579134408101 ] ], [ [ -95.953388372906488, 36.191607509151119 ], [ -95.951443999999896, 36.191593000000132 ], [ -95.951279372419378, 36.191601731379109 ], [ -95.952689, 36.191615000000155 ], [ -95.953388372906488, 36.191607509151119 ] ], [ [ -95.950426, 36.191619 ], [ -95.948568, 36.19158 ], [ -95.947033999999888, 36.191575 ], [ -95.944673, 36.191574 ], [ -95.944078, 36.191574 ], [ -95.943323999999862, 36.191582000000125 ], [ -95.940307, 36.191573 ], [ -95.950426, 36.191619 ] ], [ [ -95.935859597976929, 36.187557742927403 ], [ -95.940303, 36.187541999999873 ], [ -95.937943, 36.187521 ], [ -95.935859597976929, 36.187557742927403 ] ], [ [ -95.922358, 35.938034 ], [ -95.922361339030701, 35.937906746279531 ], [ -95.92234719572302, 35.939657706396673 ], [ -95.922358, 35.938034 ] ], [ [ -95.936155, 35.915616 ], [ -95.937771829404412, 35.91561081913212 ], [ -95.922364, 35.915664000000135 ], [ -95.936155, 35.915616 ] ], [ [ -95.940226, 35.910208 ], [ -95.940253086504839, 35.906799194598001 ], [ -95.940222893425329, 35.911405172478027 ], [ -95.940226, 35.910208 ] ], [ [ -95.943949, 35.901065000000138 ], [ -95.946725, 35.901078 ], [ -95.940298, 35.901105 ], [ -95.943949, 35.901065000000138 ] ], [ [ -96.001385359319997, 36.279557458994489 ], [ -96.00117599999983, 36.2738900000002 ], [ -96.001271398818133, 36.26437864919037 ], [ -96.00117599999983, 36.273890000000257 ], [ -96.001385359319997, 36.279557458994489 ] ], [ [ -96.001280363595768, 36.258596898988273 ], [ -96.001281, 36.263448 ], [ -96.001281, 36.262463000000103 ], [ -96.001280363595768, 36.258596898988273 ] ], [ [ -96.001278, 36.25269200000016 ], [ -96.001391, 36.249265000000136 ], [ -96.001374999999854, 36.249055 ], [ -96.00139399999982, 36.248247 ], [ -96.001404, 36.247485 ], [ -96.001413999999883, 36.24658 ], [ -96.00141, 36.245467 ], [ -96.001409, 36.245225 ], [ -96.001278, 36.25269200000016 ] ], [ [ -96.001408, 36.245107 ], [ -96.00140699999983, 36.244891000000123 ], [ -96.001409, 36.245225 ], [ -96.001408, 36.245107 ] ], [ [ -96.001405999999847, 36.244655 ], [ -96.001405999999761, 36.244655000000236 ], [ -96.001406728699536, 36.244728598676467 ], [ -96.001405999999847, 36.244655 ] ], [ [ -95.975952341951711, 35.987088309497167 ], [ -95.975946, 35.988347 ], [ -95.975946, 35.988347 ], [ -95.975952341951711, 35.987088309497167 ] ], [ [ -95.991375, 35.900972 ], [ -95.991374999999877, 35.900972 ], [ -95.993818285281989, 35.901115953083391 ], [ -95.991375, 35.900972 ] ], [ [ -95.960529431885476, 35.901105564298888 ], [ -95.975992, 35.901126 ], [ -95.961731, 35.901129 ], [ -95.960529431885476, 35.901105564298888 ] ], [ [ -95.957841, 35.901081 ], [ -95.957841, 35.901081 ], [ -95.959065857142832, 35.901081 ], [ -95.957841, 35.901081 ] ], [ [ -96.073988693257093, 36.056468629349922 ], [ -96.073755999999747, 36.060949999999885 ], [ -96.072205663082173, 36.060954559814519 ], [ -96.073988693257093, 36.056468629349922 ] ], [ [ -96.074152, 36.055020000000155 ], [ -96.074151999999884, 36.055020000000198 ], [ -96.074174695793531, 36.055294141618546 ], [ -96.074152, 36.055020000000155 ] ], [ [ -96.074754022329913, 36.053986508891704 ], [ -96.078791392681239, 36.047006291070787 ], [ -96.078449999999847, 36.047563 ], [ -96.074754022329913, 36.053986508891704 ] ], [ [ -96.079405999999878, 36.046002000000108 ], [ -96.079111627557623, 36.046483064027399 ], [ -96.079993265189472, 36.0449935886245 ], [ -96.079405999999878, 36.046002000000108 ] ], [ [ -96.081814, 36.041769000000116 ], [ -96.081813999999753, 36.041769000000116 ], [ -96.080315308352198, 36.044439938433413 ], [ -96.081814, 36.041769000000116 ] ], [ [ -96.087031999999809, 36.033502 ], [ -96.086768047211251, 36.03388059906343 ], [ -96.087077713192585, 36.03343628729656 ], [ -96.087031999999809, 36.033502 ] ], [ [ -96.087592570803409, 36.032722397590412 ], [ -96.08964, 36.03084 ], [ -96.089744646749367, 36.030758950146883 ], [ -96.087592570803409, 36.032722397590412 ] ], [ [ -96.091299999999762, 36.029553 ], [ -96.09045119039321, 36.030211236560831 ], [ -96.091392572590919, 36.029466399834348 ], [ -96.091299999999762, 36.029553 ] ], [ [ -96.091987, 36.028910000000181 ], [ -96.092519281820998, 36.02824946703376 ], [ -96.091393580301158, 36.029465455192138 ], [ -96.091987, 36.028910000000181 ] ], [ [ -96.093223, 36.026641 ], [ -96.094014054101038, 36.02474069268608 ], [ -96.093049266476612, 36.027162504399925 ], [ -96.093223, 36.026641 ] ], [ [ -96.09548199999989, 36.024752000000213 ], [ -96.096017, 36.024755 ], [ -96.095482, 36.024752 ], [ -96.094752368858053, 36.024746133619132 ], [ -96.09548199999989, 36.024752000000213 ] ], [ [ -96.101116, 36.024693 ], [ -96.099969999999843, 36.024770000000146 ], [ -96.100753, 36.024733000000268 ], [ -96.101069, 36.024703 ], [ -96.101116, 36.024693 ] ], [ [ -96.101101481481223, 36.023749580270305 ], [ -96.101111, 36.022298 ], [ -96.101101, 36.023717 ], [ -96.101101481481223, 36.023749580270305 ] ], [ [ -96.100321, 36.016981 ], [ -96.100377298696685, 36.017247421956966 ], [ -96.100285556020083, 36.016821889845289 ], [ -96.100321, 36.016981 ] ], [ [ -96.113585, 35.984807 ], [ -96.113586054185873, 35.984855492647021 ], [ -96.113583349913768, 35.984733037633383 ], [ -96.113585, 35.984807 ] ], [ [ -96.113587, 35.981138 ], [ -96.113587189646466, 35.98122523782579 ], [ -96.113586834160941, 35.981054749009225 ], [ -96.113587, 35.981138 ] ], [ [ -96.113564, 35.979284 ], [ -96.113571457667405, 35.979726986703092 ], [ -96.113562874534665, 35.978870956031507 ], [ -96.113564, 35.979284 ] ], [ [ -96.11356, 35.97703 ], [ -96.113560285147926, 35.977358777281594 ], [ -96.11356, 35.97696571435128 ], [ -96.11356, 35.97703 ] ], [ [ -96.11352, 35.97644 ], [ -96.113528531540325, 35.976517850447301 ], [ -96.113518377271546, 35.976424746374114 ], [ -96.11352, 35.97644 ] ], [ [ -96.117408183721565, 35.973887514506607 ], [ -96.114794999999816, 35.973863000000172 ], [ -96.115463, 35.973863 ], [ -96.116386999999804, 35.973875 ], [ -96.117408183721565, 35.973887514506607 ] ], [ [ -96.208146175599239, 35.994643155638272 ], [ -96.208133999999887, 35.99350500000012 ], [ -96.208139, 35.994008 ], [ -96.208146175599239, 35.994643155638272 ] ], [ [ -96.206241999999762, 35.988603000000126 ], [ -96.206242, 35.988603 ], [ -96.206021901048629, 35.988599237624932 ], [ -96.206241999999762, 35.988603000000126 ] ], [ [ -96.205151999999629, 35.988584000000117 ], [ -96.205151999999885, 35.988584 ], [ -96.204467279597921, 35.988572881400891 ], [ -96.205151999999629, 35.988584000000117 ] ], [ [ -96.201919, 35.98854 ], [ -96.196613583961067, 35.988322995978912 ], [ -96.204391963099823, 35.988571642142723 ], [ -96.201919, 35.98854 ] ], [ [ -96.196043, 35.98818 ], [ -96.196043, 35.98818 ], [ -96.196337538421773, 35.988253789646798 ], [ -96.196043, 35.98818 ] ], [ [ -96.164714831513507, 35.992831022535803 ], [ -96.164714831513507, 35.992831022535704 ], [ -96.164466925584193, 35.992900220385998 ], [ -96.164714831513507, 35.992831022535803 ] ], [ [ -96.14995789770478, 36.000673842838886 ], [ -96.14995789770478, 36.000673842838822 ], [ -96.149321954670398, 36.000856706819818 ], [ -96.14995789770478, 36.000673842838886 ] ], [ [ -96.149321954670398, 36.000856706819818 ], [ -96.146518132229446, 36.001661371411899 ], [ -96.143824, 36.002426 ], [ -96.149321954670398, 36.000856706819818 ] ], [ [ -96.110688999999837, 36.011953 ], [ -96.110688999999851, 36.011953 ], [ -96.110266, 36.012061 ], [ -96.110688999999837, 36.011953 ] ], [ [ -96.103173, 36.014032 ], [ -96.103173, 36.014032 ], [ -96.104902236560079, 36.013543723888105 ], [ -96.103173, 36.014032 ] ], [ [ -96.333746, 35.88567 ], [ -96.333746, 35.88567 ], [ -96.333752, 35.886102 ], [ -96.333746, 35.88567 ] ], [ [ -96.333638, 35.879378 ], [ -96.333633391500925, 35.879188393646871 ], [ -96.333646132513479, 35.880897537600447 ], [ -96.333638, 35.879378 ] ], [ [ -96.316079, 35.878737 ], [ -96.321216097155258, 35.878756031713479 ], [ -96.311688789875589, 35.878631297472097 ], [ -96.316079, 35.878737 ] ], [ [ -96.299231, 35.877581 ], [ -96.299820999999895, 35.877739 ], [ -96.299231, 35.877581 ], [ -96.298687999999842, 35.877412000000142 ], [ -96.298524007634938, 35.877370082673238 ], [ -96.299231, 35.877581 ] ], [ [ -96.298389999999884, 35.877243 ], [ -96.298464999999894, 35.877355000000172 ], [ -96.298391512238155, 35.877199145103489 ], [ -96.298389999999884, 35.877243 ] ], [ [ -96.298338999999757, 35.876864000000161 ], [ -96.298390698928486, 35.877110362104453 ], [ -96.298253472102544, 35.8766539985523 ], [ -96.298338999999757, 35.876864000000161 ] ], [ [ -96.298258, 35.875365 ], [ -96.298215226657391, 35.871719266320248 ], [ -96.298217999999849, 35.873488 ], [ -96.298236999999844, 35.875015000000481 ], [ -96.298257999999663, 35.875365 ], [ -96.298221999999853, 35.876337 ], [ -96.298225118140138, 35.876494154357637 ], [ -96.298258, 35.875365 ] ], [ [ -96.29396680651432, 35.8714533432913 ], [ -96.297537, 35.871431 ], [ -96.298212, 35.871431 ], [ -96.29396680651432, 35.8714533432913 ] ], [ [ -96.28144117513115, 35.870633149525432 ], [ -96.284332, 35.871401 ], [ -96.281442, 35.871411 ], [ -96.28144117513115, 35.870633149525432 ] ], [ [ -96.281444265834807, 35.870165729853795 ], [ -96.281472999999878, 35.867728 ], [ -96.281463999999815, 35.868454 ], [ -96.281449999999893, 35.869635000000493 ], [ -96.281444265834807, 35.870165729853795 ] ], [ [ -96.281429105876271, 35.866627751786375 ], [ -96.28144249114564, 35.862347219952177 ], [ -96.281414, 35.866276 ], [ -96.281429105876271, 35.866627751786375 ] ], [ [ -96.281458, 35.859228 ], [ -96.281466988721917, 35.856935828001745 ], [ -96.281454999999866, 35.857816000000291 ], [ -96.281455999999892, 35.85846900000012 ], [ -96.281457999999617, 35.859228 ], [ -96.281443999999581, 35.860791 ], [ -96.281442118187641, 35.862167546460249 ], [ -96.281458, 35.859228 ] ], [ [ -96.281042999999897, 35.856898 ], [ -96.281043, 35.856898 ], [ -96.280884478616414, 35.856900811909313 ], [ -96.281042999999897, 35.856898 ] ], [ [ -96.277469, 35.856916 ], [ -96.277031533361367, 35.85692906184066 ], [ -96.277468999999797, 35.856916000000425 ], [ -96.279052, 35.856922000000438 ], [ -96.279263, 35.856920000000407 ], [ -96.28049143007857, 35.856907059427407 ], [ -96.277469, 35.856916 ] ], [ [ -96.272866997538017, 35.856911377397552 ], [ -96.275604999999729, 35.856937 ], [ -96.276173490055754, 35.856939836776831 ], [ -96.274803, 35.856901 ], [ -96.272866997538017, 35.856911377397552 ] ], [ [ -96.271776999999886, 35.856911000000203 ], [ -96.272528103448209, 35.856913 ], [ -96.27132493622868, 35.856927779659607 ], [ -96.271776999999886, 35.856911000000203 ] ], [ [ -96.263605088126397, 35.852675127629965 ], [ -96.263646, 35.856950999999889 ], [ -96.263647, 35.853668 ], [ -96.263605088126397, 35.852675127629965 ] ], [ [ -96.263605, 35.852673 ], [ -96.263636, 35.845946 ], [ -96.263618814203909, 35.84540278003233 ], [ -96.263605, 35.852673 ] ], [ [ -96.26374, 35.844616 ], [ -96.263758703786763, 35.844559632481541 ], [ -96.263699923334173, 35.84478935509712 ], [ -96.26374, 35.844616 ] ], [ [ -96.263817524824432, 35.844349106418207 ], [ -96.263679, 35.842399 ], [ -96.263507842196617, 35.842400933986617 ], [ -96.263817524824432, 35.844349106418207 ] ], [ [ -96.261736, 35.842384 ], [ -96.260116041820652, 35.842418819982967 ], [ -96.263408363860634, 35.842400098633085 ], [ -96.261736, 35.842384 ] ], [ [ -96.257827, 35.842381 ], [ -96.255501999999865, 35.842396 ], [ -96.255266136647549, 35.842397589375757 ], [ -96.25673299999967, 35.842395 ], [ -96.257826999999708, 35.842381000000238 ], [ -96.259463999999596, 35.842439 ], [ -96.259651699904865, 35.842431326733738 ], [ -96.257827, 35.842381 ] ], [ [ -96.254495491138755, 35.842400518198922 ], [ -96.249859, 35.842385 ], [ -96.248395, 35.842402 ], [ -96.248255, 35.842404 ], [ -96.247522999999674, 35.842403000000104 ], [ -96.24825499999983, 35.842404000000329 ], [ -96.249858999999788, 35.842385000000348 ], [ -96.251322999999701, 35.842396 ], [ -96.254495491138755, 35.842400518198922 ] ], [ [ -96.245783, 35.842403000000104 ], [ -96.245782135241555, 35.84246637482218 ], [ -96.247522999999674, 35.842403000000104 ], [ -96.245783, 35.842403000000104 ] ], [ [ -96.245753999999863, 35.844349 ], [ -96.245753730996896, 35.844362719163811 ], [ -96.24575487099591, 35.844295579201443 ], [ -96.245753999999863, 35.844349 ] ], [ [ -96.245759, 35.845207 ], [ -96.245760446799778, 35.845337031613766 ], [ -96.245757938564566, 35.845113461363816 ], [ -96.245759, 35.845207 ] ], [ [ -96.245759, 35.847700000000181 ], [ -96.24575874988291, 35.847728167288025 ], [ -96.24575904931632, 35.847687710468833 ], [ -96.245759, 35.847700000000181 ] ], [ [ -96.245757, 35.851175 ], [ -96.245757, 35.851175 ], [ -96.245756983941888, 35.85117716144277 ], [ -96.245757, 35.851175 ] ], [ [ -96.245698, 35.855621 ], [ -96.245675778170124, 35.855703330132819 ], [ -96.24570155147012, 35.855605018405605 ], [ -96.245698, 35.855621 ] ], [ [ -96.245636999999803, 35.855847000000431 ], [ -96.245636999999832, 35.855847000000303 ], [ -96.245630546528673, 35.855861361258995 ], [ -96.245636999999803, 35.855847000000431 ] ], [ [ -96.244384, 35.856847000000471 ], [ -96.244979126032078, 35.856595116530933 ], [ -96.244070315996112, 35.856912350835998 ], [ -96.244384, 35.856847000000471 ] ], [ [ -96.244047999999779, 35.856917 ], [ -96.244047999999836, 35.856917 ], [ -96.24380512619183, 35.856928343007965 ], [ -96.244047999999779, 35.856917 ] ], [ [ -96.238652972736645, 35.856948176890384 ], [ -96.240097999999591, 35.85695 ], [ -96.241792810111917, 35.856943612474403 ], [ -96.238712999999834, 35.856943 ], [ -96.238652972736645, 35.856948176890384 ] ], [ [ -96.237904, 35.857089 ], [ -96.23773640137928, 35.857161092074158 ], [ -96.237928826303204, 35.857080981571485 ], [ -96.237904, 35.857089 ] ], [ [ -96.236737, 35.857013 ], [ -96.235806000486008, 35.856950133800183 ], [ -96.237275, 35.857441 ], [ -96.236737, 35.857013 ] ], [ [ -96.234788, 35.856965 ], [ -96.232743714285576, 35.856965 ], [ -96.235618225997143, 35.856951389737674 ], [ -96.234788, 35.856965 ] ], [ [ -96.230791, 35.856978 ], [ -96.230069707387443, 35.856979960034245 ], [ -96.231098123356588, 35.856975523198919 ], [ -96.230791, 35.856978 ] ], [ [ -96.229476, 35.856982 ], [ -96.219907, 35.856999 ], [ -96.218016999999847, 35.857006 ], [ -96.216958, 35.857009 ], [ -96.216867519282019, 35.857009551711769 ], [ -96.224677999999727, 35.857004 ], [ -96.229476, 35.856982 ] ], [ [ -96.214255, 35.857039 ], [ -96.211369611456732, 35.857037847964854 ], [ -96.216396999457118, 35.857013030538617 ], [ -96.214255, 35.857039 ] ], [ [ -96.211324999999491, 35.857038 ], [ -96.21132499999959, 35.857038 ], [ -96.211304039973996, 35.857037981484069 ], [ -96.211324999999491, 35.857038 ] ], [ [ -96.20607399999966, 35.857038 ], [ -96.208956237564919, 35.857037300257865 ], [ -96.203743340073217, 35.857066728842888 ], [ -96.20607399999966, 35.857038 ] ], [ [ -96.203721999999814, 35.8570670000001 ], [ -96.203722, 35.8570670000001 ], [ -96.20360480120118, 35.857063860746891 ], [ -96.203721999999814, 35.8570670000001 ] ], [ [ -96.200827999999788, 35.857054000000481 ], [ -96.201527220189121, 35.857041583621502 ], [ -96.200369721790409, 35.857068381115575 ], [ -96.200827999999788, 35.857054000000481 ] ], [ [ -96.200172, 35.858659 ], [ -96.200173546593163, 35.858610157874992 ], [ -96.200172, 35.858659 ], [ -96.200172, 35.858659 ] ], [ [ -96.200184999999749, 35.859798 ], [ -96.198992999999845, 35.859789 ], [ -96.200184999999749, 35.85979800000019 ], [ -96.200184999999749, 35.859798 ] ], [ [ -96.197556, 35.859802 ], [ -96.19573, 35.86026900122674 ], [ -96.198501999999536, 35.859883 ], [ -96.197556, 35.859802 ] ], [ [ -96.195738, 35.861999 ], [ -96.195739933920393, 35.862272650244215 ], [ -96.195733982406537, 35.861351667873187 ], [ -96.195738, 35.861999 ] ], [ [ -96.193632, 35.862668 ], [ -96.194868, 35.862723 ], [ -96.195742, 35.862565000000153 ], [ -96.193632, 35.862668 ] ], [ [ -96.193617210262104, 35.862684022218374 ], [ -96.19193843973197, 35.86250978620015 ], [ -96.193453999999633, 35.862707 ], [ -96.193535, 35.862713 ], [ -96.193596, 35.862707 ], [ -96.193617210262104, 35.862684022218374 ] ], [ [ -96.191931, 35.862266 ], [ -96.191938858286093, 35.858145929776626 ], [ -96.191930083263955, 35.862488766898295 ], [ -96.191931, 35.862266 ] ], [ [ -96.18427835714256, 35.857059 ], [ -96.184344999999851, 35.857058 ], [ -96.185076999999879, 35.857055 ], [ -96.185231505045707, 35.857053626621841 ], [ -96.184345, 35.857058 ], [ -96.18427835714256, 35.857059 ] ], [ [ -96.184270727451533, 35.8570590536483 ], [ -96.1591, 35.857182 ], [ -96.151341999999872, 35.857220000000169 ], [ -96.1591, 35.857182000000449 ], [ -96.160674, 35.857175 ], [ -96.183764999999894, 35.857063000000359 ], [ -96.184212999999886, 35.857060000000459 ], [ -96.184270727451533, 35.8570590536483 ] ], [ [ -96.151341999999801, 35.857221 ], [ -96.142161, 35.857265 ], [ -96.141793699688492, 35.857263003802622 ], [ -96.142161, 35.857265 ], [ -96.151341999999801, 35.857221 ] ], [ [ -96.136907, 35.973959000000455 ], [ -96.133781999999826, 35.973900000000192 ], [ -96.13455, 35.973903 ], [ -96.135417, 35.973907000000253 ], [ -96.136907, 35.973959000000455 ] ], [ [ -96.136944024535751, 35.961839716190056 ], [ -96.136815999999897, 35.972315 ], [ -96.136883837651055, 35.973540553780708 ], [ -96.136816, 35.972315 ], [ -96.136944024535751, 35.961839716190056 ] ], [ [ -96.124781, 35.95973 ], [ -96.124780999999828, 35.95973 ], [ -96.124844328479043, 35.959730334717072 ], [ -96.124781, 35.95973 ] ], [ [ -96.121598467349486, 35.959714340956879 ], [ -96.118805, 35.9597 ], [ -96.118805, 35.9597 ], [ -96.121598467349486, 35.959714340956879 ] ], [ [ -96.118842, 35.953747 ], [ -96.118842, 35.953747 ], [ -96.118846455589377, 35.954207321560354 ], [ -96.118842, 35.953747 ] ], [ [ -96.11883, 35.949919 ], [ -96.118829999999861, 35.949919 ], [ -96.118829628983633, 35.949972797384376 ], [ -96.11883, 35.949919 ] ], [ [ -96.118774, 35.948639000000121 ], [ -96.118774, 35.948639 ], [ -96.118839413793935, 35.94954494423704 ], [ -96.118774, 35.948639000000121 ] ], [ [ -96.117654, 35.946353 ], [ -96.117654, 35.946353 ], [ -96.117622757553349, 35.946261212040802 ], [ -96.117654, 35.946353 ] ], [ [ -96.155794681587665, 35.994519131147854 ], [ -96.157228180599091, 35.994491166813418 ], [ -96.15452147280773, 35.9945452615883 ], [ -96.155794681587665, 35.994519131147854 ] ], [ [ -96.152679123735879, 35.99471140696398 ], [ -96.153001969585816, 35.994651885687539 ], [ -96.152332131082233, 35.994789995006904 ], [ -96.152679123735879, 35.99471140696398 ] ], [ [ -96.134762, 35.993218 ], [ -96.133593, 35.993429 ], [ -96.133284075478642, 35.993514671754731 ], [ -96.134762, 35.993218000000198 ], [ -96.136539, 35.993088000000306 ], [ -96.136539, 35.993064999999888 ], [ -96.134762, 35.993218 ] ], [ [ -96.132006999999888, 35.993924000000227 ], [ -96.1323705847377, 35.993782885972571 ], [ -96.131708721222395, 35.994052283512964 ], [ -96.132006999999888, 35.993924000000227 ] ], [ [ -96.127567445815487, 35.995948081599529 ], [ -96.128434, 35.995554 ], [ -96.130015417335031, 35.994801889226878 ], [ -96.127567445815487, 35.995948081599529 ] ], [ [ -96.123661, 35.997723000000121 ], [ -96.125007, 35.997121 ], [ -96.125256, 35.997001 ], [ -96.125793999999686, 35.996741000000306 ], [ -96.126256984381939, 35.996518411358217 ], [ -96.123661, 35.997723000000121 ] ], [ [ -96.122345999999894, 35.998252 ], [ -96.122597146583843, 35.998196537991475 ], [ -96.12195154323183, 35.998297952067773 ], [ -96.122345999999894, 35.998252 ] ], [ [ -96.12191337150179, 35.998301388766912 ], [ -96.120179, 35.998443 ], [ -96.120045316028055, 35.998445331697241 ], [ -96.12191337150179, 35.998301388766912 ] ], [ [ -96.119638621805706, 35.998450797483819 ], [ -96.118082999999743, 35.998471000000151 ], [ -96.118931999999731, 35.998460000000108 ], [ -96.119638621805706, 35.998450797483819 ] ], [ [ -96.114809999999636, 35.998566000000224 ], [ -96.115926168269922, 35.998547095602135 ], [ -96.114423456137004, 35.99858272072688 ], [ -96.114809999999636, 35.998566000000224 ] ], [ [ -96.132423999999716, 35.97392100000031 ], [ -96.132424, 35.973921 ], [ -96.131941462898482, 35.97392996909128 ], [ -96.132423999999716, 35.97392100000031 ] ], [ [ -96.131044949892569, 35.973923622685206 ], [ -96.128710999999697, 35.973907000000274 ], [ -96.129956, 35.973908000000172 ], [ -96.130331, 35.973909 ], [ -96.130584999999854, 35.973909 ], [ -96.131044949892569, 35.973923622685206 ] ], [ [ -96.125643, 35.973928 ], [ -96.12564299999984, 35.973928 ], [ -96.125630272727165, 35.973928 ], [ -96.125643, 35.973928 ] ], [ [ -96.124787, 35.973917 ], [ -96.124183398012633, 35.97391522372407 ], [ -96.125045149616199, 35.973920621337385 ], [ -96.124787, 35.973917 ] ], [ [ -96.121549, 35.973901000000218 ], [ -96.121549, 35.973901 ], [ -96.120557906790168, 35.973890626997964 ], [ -96.121549, 35.973901000000218 ] ], [ [ -96.118767, 35.973905 ], [ -96.118767, 35.973905 ], [ -96.117622224957785, 35.973890172030025 ], [ -96.118767, 35.973905 ] ], [ [ -96.136012, 35.992647 ], [ -96.135999996104275, 35.992642855158955 ], [ -96.136052612216631, 35.992665384141638 ], [ -96.136012, 35.992647 ] ], [ [ -96.133059999999773, 35.991207 ], [ -96.132945, 35.991224 ], [ -96.133107903560713, 35.991186588921344 ], [ -96.133059999999773, 35.991207 ] ], [ [ -96.132822999999888, 35.991207 ], [ -96.132814499394286, 35.991202376047021 ], [ -96.132945, 35.991224 ], [ -96.132822999999888, 35.991207 ] ], [ [ -96.129399, 35.989113 ], [ -96.129399, 35.989113 ], [ -96.129714079259571, 35.989118046948747 ], [ -96.129399, 35.989113 ] ], [ [ -96.127936999999875, 35.988278 ], [ -96.127628132374412, 35.988281579591806 ], [ -96.127946486126476, 35.988283174253894 ], [ -96.127936999999875, 35.988278 ] ], [ [ -96.126853999999838, 35.988306 ], [ -96.126840470185996, 35.988306314216999 ], [ -96.126855528843222, 35.988305935218449 ], [ -96.126853999999838, 35.988306 ] ], [ [ -96.125145436687603, 35.988345564086067 ], [ -96.124603, 35.988355 ], [ -96.125029, 35.988348 ], [ -96.125145436687603, 35.988345564086067 ] ], [ [ -96.122875, 35.988382 ], [ -96.122811147574822, 35.98838105403825 ], [ -96.123042142693706, 35.988376353288537 ], [ -96.122875, 35.988382 ] ], [ [ -96.118003, 35.988435999999894 ], [ -96.11799649404503, 35.988436434582447 ], [ -96.118007232534481, 35.988435705562729 ], [ -96.118003, 35.988435999999894 ] ], [ [ -96.114277, 35.999665 ], [ -96.114288813423912, 35.999827434751467 ], [ -96.114256667469661, 35.999380081951095 ], [ -96.114277, 35.999665 ] ], [ [ -96.114361, 36.001807 ], [ -96.114338806820044, 36.001917966025665 ], [ -96.114361, 36.001807 ], [ -96.114361, 36.001807 ] ], [ [ -96.114072999999891, 36.002923000000138 ], [ -96.114018974146276, 36.003033862722091 ], [ -96.114076544489748, 36.002915531256122 ], [ -96.114072999999891, 36.002923000000138 ] ], [ [ -96.112476, 36.005378 ], [ -96.11233099999987, 36.005649000000346 ], [ -96.112687641055871, 36.005048715369028 ], [ -96.112476, 36.005378 ] ], [ [ -96.112195, 36.006008 ], [ -96.112195, 36.006008 ], [ -96.11228801800155, 36.005762460010807 ], [ -96.112195, 36.006008 ] ], [ [ -96.111929, 36.007061 ], [ -96.111936591714354, 36.007016700240577 ], [ -96.111874, 36.007641000000369 ], [ -96.111929, 36.007061 ] ], [ [ -96.111898, 36.010293999999895 ], [ -96.111893483346535, 36.0112387352101 ], [ -96.111898670540384, 36.010190401636507 ], [ -96.111898, 36.010293999999895 ] ], [ [ -96.111892, 36.011549 ], [ -96.111890462281764, 36.011551030949548 ], [ -96.111892, 36.011549 ], [ -96.111892, 36.011549 ] ], [ [ -96.190229999999744, 36.032172999999894 ], [ -96.190214, 36.034338 ], [ -96.190421627775365, 36.032133329693458 ], [ -96.190229999999744, 36.032172999999894 ] ], [ [ -96.199864, 36.03199200000013 ], [ -96.200147216888766, 36.028949839917296 ], [ -96.199863999999849, 36.03199200000013 ], [ -96.199864, 36.03199200000013 ] ], [ [ -96.199930999999879, 36.02360800000028 ], [ -96.200149, 36.026091 ], [ -96.200116, 36.025722 ], [ -96.199930999999879, 36.02360800000028 ] ], [ [ -96.221491999999813, 36.023026000000243 ], [ -96.221510130754453, 36.024516021372477 ], [ -96.221487053266998, 36.022664888672622 ], [ -96.221491999999813, 36.023026000000243 ] ], [ [ -96.221546377755118, 36.018900611029416 ], [ -96.22153699999987, 36.021032 ], [ -96.221497779414406, 36.022237141874683 ], [ -96.221549, 36.020674 ], [ -96.221546377755118, 36.018900611029416 ] ], [ [ -96.220141, 36.017558000000257 ], [ -96.220141, 36.017558 ], [ -96.21852, 36.017568 ], [ -96.220141, 36.017558000000257 ] ], [ [ -96.216446, 36.017545 ], [ -96.216445999999777, 36.017545 ], [ -96.216477538875708, 36.017545347057798 ], [ -96.216446, 36.017545 ] ], [ [ -96.212114278196111, 36.017553870447657 ], [ -96.214153, 36.01757600000029 ], [ -96.21642515845403, 36.017545281431261 ], [ -96.212114278196111, 36.017553870447657 ] ], [ [ -96.210343, 36.017545 ], [ -96.209658131715003, 36.01708938752617 ], [ -96.211006806709904, 36.017572502306159 ], [ -96.210343, 36.017545 ] ], [ [ -96.209418999999897, 36.016542 ], [ -96.209633713634076, 36.017046482118957 ], [ -96.209190343595026, 36.015531340712144 ], [ -96.209418999999897, 36.016542 ] ], [ [ -96.209094881194844, 36.015138142857076 ], [ -96.208145, 36.012076 ], [ -96.208177488529898, 36.010955229403088 ], [ -96.209094881194844, 36.015138142857076 ] ], [ [ -96.208127999999888, 36.010317000000271 ], [ -96.208173772959597, 36.010891363730408 ], [ -96.208178, 36.008609 ], [ -96.208127999999888, 36.010317000000271 ] ], [ [ -96.208178, 36.008609 ], [ -96.208192999999881, 36.005512 ], [ -96.208146986600255, 36.001605945640755 ], [ -96.208143, 36.007443 ], [ -96.208178, 36.008609 ] ], [ [ -96.208153, 36.000183 ], [ -96.208152999999825, 36.000183 ], [ -96.20814700731114, 36.001603267272486 ], [ -96.208153, 36.000183 ] ], [ [ -96.208146563093607, 35.99633594719144 ], [ -96.208172, 35.998307 ], [ -96.208152217727942, 35.999729225643712 ], [ -96.208146563093607, 35.99633594719144 ] ], [ [ -96.208143999999777, 35.995775 ], [ -96.208141378713194, 35.996081690642974 ], [ -96.208147283155142, 35.99498376047211 ], [ -96.208143999999777, 35.995775 ] ], [ [ -96.079412999999775, 35.988345 ], [ -96.074372799999864, 35.988383 ], [ -96.07468299999978, 35.988383 ], [ -96.077321, 35.988379000000137 ], [ -96.079412999999718, 35.988345 ], [ -96.08233, 35.988363000000142 ], [ -96.079412999999775, 35.988345 ] ], [ [ -96.0742079999997, 35.988136 ], [ -96.0742079999998, 35.988136 ], [ -96.074168649090879, 35.987931820846576 ], [ -96.0742079999997, 35.988136 ] ], [ [ -96.072228, 35.987819000000151 ], [ -96.072228, 35.987819000000101 ], [ -96.071335421512032, 35.987800135716199 ], [ -96.072228, 35.987819000000151 ] ], [ [ -96.07133035984269, 35.988131474540246 ], [ -96.071329, 35.987800000000135 ], [ -96.071329, 35.987800000000135 ], [ -96.07133, 35.988073000000163 ], [ -96.07133035984269, 35.988131474540246 ] ], [ [ -96.07110599999983, 35.988399000000157 ], [ -96.071106, 35.988399000000136 ], [ -96.070448049192038, 35.988400786291862 ], [ -96.07110599999983, 35.988399000000157 ] ], [ [ -96.0699694, 35.988402 ], [ -96.06533, 35.988394 ], [ -96.06452, 35.988392999999874 ], [ -96.061958, 35.988388 ], [ -96.061210662556846, 35.988386767786672 ], [ -96.064519999999831, 35.988393 ], [ -96.06533, 35.988394000000106 ], [ -96.069315999999844, 35.988401000000145 ], [ -96.069921999999863, 35.988402 ], [ -96.0699694, 35.988402 ] ], [ [ -96.058441999999744, 35.988405000000114 ], [ -96.058441999999857, 35.988405 ], [ -96.058266859434383, 35.988406589297441 ], [ -96.058441999999744, 35.988405000000114 ] ], [ [ -96.052712999999784, 35.988349999999883 ], [ -96.051025, 35.988355 ], [ -96.050149314448632, 35.988369123962485 ], [ -96.052712999999827, 35.98835 ], [ -96.056981999999778, 35.988419000000185 ], [ -96.057274822316671, 35.988416100769399 ], [ -96.052712999999784, 35.988349999999883 ] ], [ [ -96.046847571428515, 35.9883814285715 ], [ -96.047435999999735, 35.988386 ], [ -96.048428610013374, 35.988389657369275 ], [ -96.046847571428515, 35.9883814285715 ] ], [ [ -96.042996331118715, 35.988372700347973 ], [ -96.045273999999822, 35.988362000000123 ], [ -96.046813829693548, 35.988380887517287 ], [ -96.042996331118715, 35.988372700347973 ] ], [ [ -96.041616387086407, 35.988374029273544 ], [ -96.038717, 35.98842 ], [ -96.036559957018653, 35.988416496668904 ], [ -96.039761999999797, 35.988426 ], [ -96.041616387086407, 35.988374029273544 ] ], [ [ -96.035112153857625, 35.988401422899315 ], [ -96.035614999999837, 35.988411 ], [ -96.035755630569128, 35.988411784185331 ], [ -96.035112153857625, 35.988401422899315 ] ], [ [ -96.034262276841773, 35.988380880342341 ], [ -96.033449999999888, 35.988364 ], [ -96.032319146898502, 35.988377398734102 ], [ -96.034262276841773, 35.988380880342341 ] ], [ [ -96.030632999999725, 35.988384000000124 ], [ -96.030632999999838, 35.98838400000011 ], [ -96.030269, 35.988384000000124 ], [ -96.030632999999725, 35.988384000000124 ] ], [ [ -96.030262418888881, 35.988383898752254 ], [ -96.030268999999791, 35.988384000000124 ], [ -96.030269, 35.988384000000124 ], [ -96.030262418888881, 35.988383898752254 ] ], [ [ -96.029544, 35.988387 ], [ -96.030089792081071, 35.988384211755132 ], [ -96.029544, 35.988387 ], [ -96.029544, 35.988387 ] ], [ [ -96.011585924352971, 35.98404511934833 ], [ -96.011568, 35.987699 ], [ -96.01157, 35.988368999999864 ], [ -96.011585924352971, 35.98404511934833 ] ], [ [ -96.009809999999888, 35.988309000000136 ], [ -96.009728426145443, 35.988312597379505 ], [ -96.00981, 35.988309000000136 ], [ -96.009809999999888, 35.988309000000136 ] ], [ [ -96.00186, 35.988379 ], [ -96.001859999999894, 35.988379 ], [ -96.001718524799699, 35.988378509618101 ], [ -96.00186, 35.988379 ] ], [ [ -95.993797, 35.988353 ], [ -95.993796999999816, 35.988353 ], [ -95.993623942863422, 35.988352348184037 ], [ -95.993797, 35.988353 ] ], [ [ -95.989103999999898, 35.988377999999898 ], [ -95.989103999999813, 35.988377999999862 ], [ -95.98449098450827, 35.98835938036234 ], [ -95.989103999999898, 35.988377999999898 ] ], [ [ -96.029540996394132, 35.915197192304269 ], [ -96.02952899999984, 35.918783 ], [ -96.029527999999857, 35.918895000000113 ], [ -96.029552999999794, 35.919313000000102 ], [ -96.02954, 35.92074800000011 ], [ -96.02953899999973, 35.920917000000109 ], [ -96.02954, 35.922179500577627 ], [ -96.029552999999837, 35.919313 ], [ -96.029528, 35.918895000000113 ], [ -96.029529, 35.918783 ], [ -96.029530999999892, 35.918607 ], [ -96.029544, 35.917323 ], [ -96.029543, 35.915630000000142 ], [ -96.029540996394132, 35.915197192304269 ] ], [ [ -96.029534, 35.922814000000109 ], [ -96.029534122233969, 35.922804628753724 ], [ -96.029521999999858, 35.92368900000011 ], [ -96.029534, 35.922814000000109 ] ], [ [ -96.029509983711236, 35.926287745770793 ], [ -96.029504, 35.925535 ], [ -96.029508999999834, 35.926212 ], [ -96.029509983711236, 35.926287745770793 ] ], [ [ -96.029510008984758, 35.926290221934501 ], [ -96.029512999999795, 35.926691 ], [ -96.029513777777694, 35.926804555578862 ], [ -96.029510008984758, 35.926290221934501 ] ], [ [ -96.029523, 35.92859 ], [ -96.029509379564146, 35.928039734588033 ], [ -96.029523, 35.929643000779073 ], [ -96.029523, 35.92859 ] ], [ [ -96.029535999999851, 35.935852 ], [ -96.029523, 35.930327000000105 ], [ -96.029523, 35.929837800153066 ], [ -96.029522999999813, 35.930327 ], [ -96.029524999999879, 35.93419 ], [ -96.029535999999851, 35.935852 ] ], [ [ -96.029498127515794, 35.940752503451634 ], [ -96.029530999999892, 35.937019 ], [ -96.029535995049031, 35.935853155532733 ], [ -96.029498127515794, 35.940752503451634 ] ], [ [ -96.029483999999883, 35.942506 ], [ -96.029487497714697, 35.942043427410326 ], [ -96.029482597639074, 35.942714017169969 ], [ -96.029483999999883, 35.942506 ] ], [ [ -96.029487, 35.944723 ], [ -96.02948, 35.94312 ], [ -96.029480272033894, 35.943074026294376 ], [ -96.029487, 35.944723 ] ], [ [ -96.01567, 35.944541 ], [ -96.018563214081965, 35.944624579581799 ], [ -96.014730928958997, 35.944529075288493 ], [ -96.01567, 35.944541 ] ], [ [ -96.01171680453912, 35.954004914376455 ], [ -96.011757999999887, 35.948761 ], [ -96.011812, 35.944489 ], [ -96.01171680453912, 35.954004914376455 ] ], [ [ -96.011661999999788, 35.962816 ], [ -96.01161425006724, 35.982817104344726 ], [ -96.011709377943774, 35.954730741074805 ], [ -96.011661999999788, 35.962816 ] ], [ [ -96.02829401238094, 35.871485561286676 ], [ -96.033019999999823, 35.872832 ], [ -96.032966, 35.87297799999989 ], [ -96.032955999999785, 35.873261 ], [ -96.03309656605559, 35.874292637914266 ], [ -96.02829401238094, 35.871485561286676 ] ], [ [ -96.01802, 35.871407 ], [ -96.015563, 35.871414142883133 ], [ -96.025040794735233, 35.87146065474316 ], [ -96.01802, 35.871407 ] ], [ [ -96.015655, 35.885949 ], [ -96.015655, 35.885949 ], [ -96.015755722347464, 35.887895802932235 ], [ -96.015655, 35.885949 ] ], [ [ -96.016082, 35.900982 ], [ -96.016081999999898, 35.900982 ], [ -96.016002454545344, 35.900982 ], [ -96.016082, 35.900982 ] ], [ [ -96.015824999999879, 35.900983 ], [ -96.015825, 35.900983 ], [ -96.015557, 35.900985 ], [ -96.015824999999879, 35.900983 ] ], [ [ -96.002815, 35.901047 ], [ -95.997159, 35.901121 ], [ -95.997674999999731, 35.901121 ], [ -96.002814999999885, 35.901047 ], [ -96.007548770308944, 35.901028163944545 ], [ -96.002815, 35.901047 ] ], [ [ -95.994574999999855, 35.901118999999873 ], [ -95.994604167260192, 35.901119023352358 ], [ -95.994575, 35.901118999999873 ], [ -95.994574999999855, 35.901118999999873 ] ], [ [ -96.029547891310656, 35.914279564699179 ], [ -96.029548, 35.91427 ], [ -96.029548, 35.91427 ], [ -96.029547891310656, 35.914279564699179 ] ], [ [ -96.029553999999763, 35.912107 ], [ -96.029554, 35.912107 ], [ -96.029534, 35.908178000000184 ], [ -96.029553999999763, 35.912107 ] ], [ [ -96.02957, 35.90110600000019 ], [ -96.02956, 35.904721000000109 ], [ -96.029546, 35.901905 ], [ -96.02957, 35.90110600000019 ] ], [ [ -96.033257714285568, 35.901099 ], [ -96.033274, 35.894178000000124 ], [ -96.033274, 35.893206500016575 ], [ -96.033257714285568, 35.901099 ] ], [ [ -96.033099370219219, 35.874470285582063 ], [ -96.033273, 35.885696 ], [ -96.033273, 35.886083 ], [ -96.033273, 35.885696 ], [ -96.033193999999824, 35.880578 ], [ -96.033109999999894, 35.875151 ], [ -96.033099370219219, 35.874470285582063 ] ], [ [ -96.033098, 35.874373 ], [ -96.033097197274444, 35.874329652823192 ], [ -96.033098571779576, 35.874413596363524 ], [ -96.033098, 35.874373 ] ], [ [ -96.091721, 36.024708 ], [ -96.09061399999986, 36.024699000000176 ], [ -96.091721, 36.024708 ], [ -96.092094, 36.024719 ], [ -96.092276999999669, 36.024724000000113 ], [ -96.09239099999985, 36.024727 ], [ -96.092989081877448, 36.02473219694631 ], [ -96.091721, 36.024708 ] ], [ [ -96.088463950907723, 36.024699991616664 ], [ -96.089827, 36.024696 ], [ -96.089980499999953, 36.024695500000107 ], [ -96.089420999999888, 36.024697 ], [ -96.088463950907723, 36.024699991616664 ] ], [ [ -96.082609999999875, 36.024759 ], [ -96.085494, 36.02474400000014 ], [ -96.083265, 36.02475500000012 ], [ -96.082609999999875, 36.024759 ] ], [ [ -96.029636, 36.007235 ], [ -96.029636, 36.007235 ], [ -96.029620351468225, 36.007678957704279 ], [ -96.029636, 36.007235 ] ], [ [ -96.029697, 36.002904 ], [ -96.029697, 36.002904 ], [ -96.029696993069024, 36.002904505266642 ], [ -96.029697, 36.002904 ] ], [ [ -96.029812, 36.000585000000122 ], [ -96.029812, 36.000585000000122 ], [ -96.029812429601463, 36.000586632486041 ], [ -96.029812, 36.000585000000122 ] ], [ [ -96.029663999999883, 35.99996 ], [ -96.029663999999883, 35.99996 ], [ -96.02966598544738, 35.999967784226655 ], [ -96.029663999999883, 35.99996 ] ], [ [ -96.029504, 35.998294000000129 ], [ -96.029504, 35.998294000000193 ], [ -96.029511016350369, 35.997656564495742 ], [ -96.029504, 35.998294000000129 ] ], [ [ -96.029697999999883, 35.995191 ], [ -96.02969799999984, 35.995191 ], [ -96.029696678545889, 35.995198928726424 ], [ -96.029697999999883, 35.995191 ] ], [ [ -96.029724, 35.994504 ], [ -96.029723999999874, 35.994504 ], [ -96.029731206645081, 35.994550228055864 ], [ -96.029724, 35.994504 ] ], [ [ -96.029525, 35.993423000000192 ], [ -96.029525, 35.993423000000128 ], [ -96.029524394412661, 35.993494762167408 ], [ -96.029525, 35.993423000000192 ] ], [ [ -96.029547, 35.990318000000109 ], [ -96.029547, 35.990318 ], [ -96.029545022840594, 35.990455412571421 ], [ -96.029547, 35.990318000000109 ] ], [ [ -96.081443, 36.024611 ], [ -96.081443, 36.024611 ], [ -96.081430954359931, 36.024573800245307 ], [ -96.081443, 36.024611 ] ], [ [ -96.081409, 36.024374 ], [ -96.081457935730199, 36.024291632975114 ], [ -96.081404512964667, 36.024463693673063 ], [ -96.081409, 36.024374 ] ], [ [ -96.081536999999869, 36.024138 ], [ -96.081537, 36.024138 ], [ -96.081488040312848, 36.023999280898956 ], [ -96.081536999999869, 36.024138 ] ], [ [ -96.081132, 36.023814 ], [ -96.080337239664104, 36.023610844925493 ], [ -96.08028, 36.023743 ], [ -96.080287, 36.023776 ], [ -96.080340999999862, 36.023831 ], [ -96.080442, 36.023853 ], [ -96.081132, 36.023814 ], [ -96.081426692442136, 36.023950154986998 ], [ -96.081132, 36.023814 ] ], [ [ -96.080488999999844, 36.023529 ], [ -96.080489, 36.023529 ], [ -96.080518983480843, 36.023508386358486 ], [ -96.080488999999844, 36.023529 ] ], [ [ -96.080557, 36.023458 ], [ -96.080554321059594, 36.023463089987843 ], [ -96.080557, 36.023458 ], [ -96.080557, 36.023458 ] ], [ [ -96.080543, 36.023414 ], [ -96.080543, 36.023414 ], [ -96.080509499999962, 36.023386500004818 ], [ -96.080543, 36.023414 ] ], [ [ -96.080313999999859, 36.023304 ], [ -96.080314, 36.023304 ], [ -96.080266797966445, 36.023229492105855 ], [ -96.080313999999859, 36.023304 ] ], [ [ -96.080502999999837, 36.023117 ], [ -96.080502999999894, 36.023117 ], [ -96.080502999999894, 36.023084 ], [ -96.080502999999837, 36.023117 ] ], [ [ -96.080502999999894, 36.023084 ], [ -96.080198, 36.023018 ], [ -96.080033428571397, 36.023018 ], [ -96.080502999999894, 36.023084 ] ], [ [ -96.079574851345768, 36.023001685272327 ], [ -96.07973899999989, 36.023057 ], [ -96.079739, 36.023057 ], [ -96.079574851345768, 36.023001685272327 ] ], [ [ -96.07936, 36.022766 ], [ -96.07936, 36.022766 ], [ -96.079387286796262, 36.022822981256077 ], [ -96.07936, 36.022766 ] ], [ [ -96.07936, 36.022662 ], [ -96.07936, 36.022662 ], [ -96.079410611469527, 36.022553279070308 ], [ -96.07936, 36.022662 ] ], [ [ -96.079421, 36.022502 ], [ -96.079451385336668, 36.022474029252656 ], [ -96.079414146963856, 36.022545076227047 ], [ -96.079421, 36.022502 ] ], [ [ -96.079725, 36.022541 ], [ -96.079725, 36.022541 ], [ -96.079589390562333, 36.022520909713968 ], [ -96.079725, 36.022541 ] ], [ [ -96.081232999999855, 36.022606 ], [ -96.081233, 36.022606 ], [ -96.081302572581194, 36.02259097864944 ], [ -96.081232999999855, 36.022606 ] ], [ [ -96.081691999999805, 36.022474 ], [ -96.081692, 36.022474 ], [ -96.081779950861517, 36.022436525287851 ], [ -96.081691999999805, 36.022474 ] ], [ [ -96.08252399999985, 36.021365 ], [ -96.082106717637672, 36.022180381099112 ], [ -96.082583362390068, 36.020538873450768 ], [ -96.08252399999985, 36.021365 ] ], [ [ -96.082638, 36.020041 ], [ -96.082753492198435, 36.019471979482695 ], [ -96.082586072221261, 36.02051123494077 ], [ -96.082638, 36.020041 ] ], [ [ -96.082765999999893, 36.019311 ], [ -96.082766, 36.019311 ], [ -96.08275461596952, 36.019085070827344 ], [ -96.082765999999893, 36.019311 ] ], [ [ -96.08278, 36.018608 ], [ -96.082772, 36.018529714314923 ], [ -96.08278, 36.018608 ], [ -96.08276, 36.018828 ], [ -96.082756812178957, 36.018930465753414 ], [ -96.08278, 36.018608 ] ], [ [ -96.082746, 36.018361000000162 ], [ -96.082746, 36.018361 ], [ -96.082715723023298, 36.018274654585142 ], [ -96.082746, 36.018361000000162 ] ], [ [ -96.082657999999711, 36.018169 ], [ -96.082657999999867, 36.018169 ], [ -96.082617, 36.018097 ], [ -96.082657999999711, 36.018169 ] ], [ [ -96.08255, 36.017933 ], [ -96.082482, 36.017735 ], [ -96.082461999999893, 36.017625000000152 ], [ -96.082414, 36.017482 ], [ -96.082368814351966, 36.017267775692993 ], [ -96.08255, 36.017933 ] ], [ [ -96.082211, 36.016258 ], [ -96.082240359146581, 36.015859539139804 ], [ -96.082224269444851, 36.016455778061093 ], [ -96.082211, 36.016258 ] ], [ [ -96.082786, 36.01553800000012 ], [ -96.08269799999988, 36.015582 ], [ -96.082698, 36.015582 ], [ -96.082786, 36.01553800000012 ] ], [ [ -96.083759, 36.015302 ], [ -96.083759, 36.015302 ], [ -96.083788911088917, 36.015297861359841 ], [ -96.083759, 36.015302 ] ], [ [ -96.085523, 36.014692 ], [ -96.08590835890827, 36.014307347325357 ], [ -96.085000068748897, 36.015044465626602 ], [ -96.085523, 36.014692 ] ], [ [ -96.08621199999979, 36.014054999999871 ], [ -96.086212, 36.014054999999885 ], [ -96.08628, 36.013989 ], [ -96.08621199999979, 36.014054999999871 ] ], [ [ -96.086354, 36.013907 ], [ -96.086491170647363, 36.013742095454312 ], [ -96.08628, 36.013989 ], [ -96.086354, 36.013907 ] ], [ [ -96.087210341138217, 36.012627567186932 ], [ -96.086786999999859, 36.013264 ], [ -96.08656725262928, 36.013635812672049 ], [ -96.087210341138217, 36.012627567186932 ] ], [ [ -96.087242722263952, 36.012567713901085 ], [ -96.087557, 36.011424 ], [ -96.087543, 36.011353 ], [ -96.087489, 36.011259 ], [ -96.087394, 36.011139 ], [ -96.087242722263952, 36.012567713901085 ] ], [ [ -96.084999014812112, 36.010901343481919 ], [ -96.087077, 36.010946 ], [ -96.086962, 36.010903 ], [ -96.086650999999833, 36.010842 ], [ -96.086164, 36.010831 ], [ -96.085644, 36.010837 ], [ -96.084999014812112, 36.010901343481919 ] ], [ [ -96.084216999999867, 36.010969 ], [ -96.084217, 36.010969 ], [ -96.084062, 36.010925 ], [ -96.084216999999867, 36.010969 ] ], [ [ -96.083886, 36.010821000000135 ], [ -96.083886, 36.010821 ], [ -96.083859631020829, 36.010809793184329 ], [ -96.083886, 36.010821000000135 ] ], [ [ -96.083683, 36.010783000000103 ], [ -96.083683, 36.010783 ], [ -96.083587330976854, 36.010797760364746 ], [ -96.083683, 36.010783000000103 ] ], [ [ -96.082897151937516, 36.011162055750574 ], [ -96.083149, 36.010942 ], [ -96.083075, 36.010986 ], [ -96.082981, 36.011068 ], [ -96.082897151937516, 36.011162055750574 ] ], [ [ -96.082737, 36.011354 ], [ -96.082737, 36.011354 ], [ -96.082694857054619, 36.01141043493574 ], [ -96.082737, 36.011354 ] ], [ [ -96.081792, 36.013128 ], [ -96.081791999999894, 36.013128 ], [ -96.081747085962334, 36.013157697276959 ], [ -96.081792, 36.013128 ] ], [ [ -96.081231, 36.013512 ], [ -96.08116884208809, 36.013562720905398 ], [ -96.081231, 36.013512 ], [ -96.081312, 36.013468 ], [ -96.081342872004072, 36.013442955895506 ], [ -96.081231, 36.013512 ] ], [ [ -96.078869066451659, 36.014093733344716 ], [ -96.080291, 36.014007 ], [ -96.080304269146311, 36.014003916325755 ], [ -96.078869066451659, 36.014093733344716 ] ], [ [ -96.078486, 36.014128000000142 ], [ -96.078060618932554, 36.014146455873295 ], [ -96.078821380527799, 36.014097171149672 ], [ -96.078486, 36.014128000000142 ] ], [ [ -96.077829883880881, 36.014160655484318 ], [ -96.07730062819347, 36.014217093900569 ], [ -96.077418, 36.01421 ], [ -96.077829883880881, 36.014160655484318 ] ], [ [ -96.076059999999856, 36.014189000000123 ], [ -96.07606, 36.014189 ], [ -96.075834166067935, 36.014173643292764 ], [ -96.076059999999856, 36.014189000000123 ] ], [ [ -96.075525999999812, 36.014128000000142 ], [ -96.075526, 36.014128000000142 ], [ -96.07532481698027, 36.014078884913808 ], [ -96.075525999999812, 36.014128000000142 ] ], [ [ -96.075071002742234, 36.014015139728187 ], [ -96.074275, 36.013524000000103 ], [ -96.074308999999886, 36.013579 ], [ -96.074369999999831, 36.013645000000125 ], [ -96.074525, 36.013772 ], [ -96.074566, 36.013799 ], [ -96.074991999999881, 36.013991 ], [ -96.075071002742234, 36.014015139728187 ] ], [ [ -96.073991, 36.012635 ], [ -96.073991, 36.012635 ], [ -96.073920805263455, 36.012455690762536 ], [ -96.073991, 36.012635 ] ], [ [ -96.073816, 36.0122450000001 ], [ -96.073816, 36.012245 ], [ -96.073785295063914, 36.012208575536619 ], [ -96.073816, 36.0122450000001 ] ], [ [ -96.07247, 36.011261999999888 ], [ -96.071102474795737, 36.009988252671469 ], [ -96.073142189390992, 36.011674413856426 ], [ -96.07247, 36.011261999999888 ] ], [ [ -96.07101, 36.009714 ], [ -96.071382, 36.008083 ], [ -96.071348, 36.00783 ], [ -96.071314, 36.007687 ], [ -96.071159127278904, 36.007236815716809 ], [ -96.071381999999801, 36.008083 ], [ -96.070996999999807, 36.009258 ], [ -96.070983, 36.009428 ], [ -96.070996999999778, 36.00962 ], [ -96.07101, 36.009714 ] ], [ [ -96.071098, 36.007012 ], [ -96.071098, 36.007012 ], [ -96.071044434209227, 36.006892303649828 ], [ -96.071098, 36.007012 ] ], [ [ -96.069658, 36.005584 ], [ -96.07042899999982, 36.006188 ], [ -96.070999, 36.006805333341617 ], [ -96.069658, 36.005584 ] ], [ [ -96.069651846539927, 36.005578621427908 ], [ -96.069388, 36.005348 ], [ -96.069307, 36.005255 ], [ -96.069273, 36.005206 ], [ -96.06923328080714, 36.005157519231055 ], [ -96.069651846539927, 36.005578621427908 ] ], [ [ -96.069042999999766, 36.004865 ], [ -96.069043, 36.004865 ], [ -96.06897723680855, 36.004785697329282 ], [ -96.069042999999766, 36.004865 ] ], [ [ -96.068922944092378, 36.004733429276918 ], [ -96.068293, 36.003712 ], [ -96.068299999999851, 36.003877 ], [ -96.068326999999897, 36.004003000000168 ], [ -96.068359999999871, 36.004101999999882 ], [ -96.068435, 36.004234 ], [ -96.068488999999872, 36.00431 ], [ -96.068577, 36.004404 ], [ -96.068922944092378, 36.004733429276918 ] ], [ [ -96.068427999999813, 36.003399 ], [ -96.068399258308034, 36.003420822404038 ], [ -96.068428, 36.003399 ], [ -96.068427999999813, 36.003399 ] ], [ [ -96.06859, 36.003338 ], [ -96.06858999999983, 36.003338 ], [ -96.068460737083868, 36.003386673077109 ], [ -96.06859, 36.003338 ] ], [ [ -96.069164999999828, 36.003278 ], [ -96.069165, 36.003278 ], [ -96.069275809467527, 36.00326764966551 ], [ -96.069164999999828, 36.003278 ] ], [ [ -96.069651, 36.003179 ], [ -96.069651, 36.003179 ], [ -96.069695537960186, 36.003154111141946 ], [ -96.069651, 36.003179 ] ], [ [ -96.069812999999883, 36.003053 ], [ -96.069813, 36.003053 ], [ -96.069844068477153, 36.002932381214919 ], [ -96.069812999999883, 36.003053 ] ], [ [ -96.06984738155306, 36.002916979020398 ], [ -96.069151, 36.002103 ], [ -96.06890772440714, 36.00203116998631 ], [ -96.06984738155306, 36.002916979020398 ] ], [ [ -96.068772740103384, 36.001965192227381 ], [ -96.067846, 36.000939 ], [ -96.067683903502129, 36.000455839923951 ], [ -96.068772740103384, 36.001965192227381 ] ], [ [ -96.067657, 36.000313 ], [ -96.06772724188977, 35.999932943410947 ], [ -96.067667198601697, 36.000377105506097 ], [ -96.067657, 36.000313 ] ], [ [ -96.067852999999843, 35.999751 ], [ -96.067853, 35.999751 ], [ -96.067985738947669, 35.999638682450737 ], [ -96.067852999999843, 35.999751 ] ], [ [ -96.068781455796525, 35.999174660687949 ], [ -96.068394, 35.999345 ], [ -96.068394, 35.999345 ], [ -96.068781455796525, 35.999174660687949 ] ], [ [ -96.06883299999987, 35.999152 ], [ -96.068832999999856, 35.999152 ], [ -96.068781455796525, 35.999174660687949 ], [ -96.06883299999987, 35.999152 ] ], [ [ -96.06911, 35.999043 ], [ -96.069275721653653, 35.999008829873695 ], [ -96.068834251034858, 35.999151507715872 ], [ -96.06911, 35.999043 ] ], [ [ -96.069974999999801, 35.999043 ], [ -96.069944901519449, 35.99903951491298 ], [ -96.069974999999886, 35.999043 ], [ -96.069974999999801, 35.999043 ] ], [ [ -96.070671, 35.999470999999858 ], [ -96.070670999999876, 35.999470999999879 ], [ -96.070696271789785, 35.999495247264989 ], [ -96.070671, 35.999470999999858 ] ], [ [ -96.072171, 35.999981 ], [ -96.072572601783136, 36.000016968110735 ], [ -96.072099272727272, 35.999958636372099 ], [ -96.072171, 35.999981 ] ], [ [ -96.073245231588402, 35.999689500698096 ], [ -96.073192, 35.999861 ], [ -96.073232, 35.999767 ], [ -96.073245231588402, 35.999689500698096 ] ], [ [ -96.073232, 35.999608 ], [ -96.073232, 35.999608 ], [ -96.07324599999987, 35.999685 ], [ -96.073232, 35.999608 ] ], [ [ -96.072522999999876, 35.998537 ], [ -96.072542999999854, 35.998647 ], [ -96.072569999999828, 35.998696 ], [ -96.072630999999816, 35.998757 ], [ -96.07267799999984, 35.998834 ], [ -96.073063, 35.999317 ], [ -96.073076945800949, 35.999324304943514 ], [ -96.072522999999876, 35.998537 ] ], [ [ -96.072624, 35.998257 ], [ -96.072624, 35.998257 ], [ -96.072717602500404, 35.998145197116941 ], [ -96.072624, 35.998257 ] ], [ [ -96.073712, 35.997346 ], [ -96.07371199999983, 35.997346 ], [ -96.073696824382935, 35.997351901629429 ], [ -96.073712, 35.997346 ] ], [ [ -96.074388, 35.996939 ], [ -96.074387999999843, 35.996939 ], [ -96.074320251355061, 35.996980549815667 ], [ -96.074388, 35.996939 ] ], [ [ -96.074665, 35.99684 ], [ -96.074664999999825, 35.99684 ], [ -96.074516059860002, 35.996882312541857 ], [ -96.074665, 35.99684 ] ], [ [ -96.075111, 35.996906 ], [ -96.075111, 35.996906 ], [ -96.0752210317617, 35.99699158028109 ], [ -96.075111, 35.996906 ] ], [ [ -96.075976, 35.997642 ], [ -96.075948620080069, 35.997619690441717 ], [ -96.075976, 35.997641999999892 ], [ -96.075976, 35.997642 ] ], [ [ -96.076125, 35.997724 ], [ -96.076125, 35.997724 ], [ -96.076155825822326, 35.997736558670887 ], [ -96.076125, 35.997724 ] ], [ [ -96.078409, 35.998015 ], [ -96.078409, 35.998015 ], [ -96.078451540828027, 35.99800824261375 ], [ -96.078409, 35.998015 ] ], [ [ -96.079739999999873, 35.997849999999872 ], [ -96.07974, 35.997849999999886 ], [ -96.079940902886307, 35.997818583089042 ], [ -96.079739999999873, 35.997849999999872 ] ], [ [ -96.080483, 35.997658 ], [ -96.081023421856003, 35.997329587255656 ], [ -96.080862, 35.997411 ], [ -96.080483, 35.997658 ], [ -96.080308145270934, 35.99772126982208 ], [ -96.080483, 35.997658 ] ], [ [ -96.081834999999899, 35.996708 ], [ -96.08122, 35.997218 ], [ -96.081612, 35.996933 ], [ -96.081834999999899, 35.996708 ] ], [ [ -96.081943, 35.99662 ], [ -96.081951147934248, 35.99661559210201 ], [ -96.081834999999899, 35.996708 ], [ -96.081943, 35.99662 ] ], [ [ -96.082016854973801, 35.996570364154344 ], [ -96.082733, 35.995 ], [ -96.082605, 35.994676 ], [ -96.082571, 35.994515999999884 ], [ -96.082536151406728, 35.99442257613088 ], [ -96.082016854973801, 35.996570364154344 ] ], [ [ -96.082435999999859, 35.994264 ], [ -96.082436, 35.994264 ], [ -96.082241566329614, 35.994055948495578 ], [ -96.082435999999859, 35.994264 ] ], [ [ -96.081779999999824, 35.993594 ], [ -96.08178, 35.993594 ], [ -96.081654453647189, 35.993102447450248 ], [ -96.081779999999824, 35.993594 ] ], [ [ -96.081665, 35.992962 ], [ -96.081646860071288, 35.992280113138406 ], [ -96.081638, 35.992435 ], [ -96.081664999999859, 35.992962 ], [ -96.081654615599618, 35.993058654817901 ], [ -96.081665, 35.992962 ] ], [ [ -96.081692, 35.991678 ], [ -96.081692, 35.991678 ], [ -96.081715385990577, 35.991544613256124 ], [ -96.081692, 35.991678 ] ], [ [ -96.0818, 35.991321 ], [ -96.081968792280534, 35.991076596468282 ], [ -96.081729586374976, 35.991497468744235 ], [ -96.0818, 35.991321 ] ], [ [ -96.082923601273549, 35.990359816435948 ], [ -96.082238999999888, 35.990837 ], [ -96.08202443697536, 35.991020665984408 ], [ -96.082665, 35.990639 ], [ -96.082820999999853, 35.990508 ], [ -96.082868, 35.990453 ], [ -96.082923601273549, 35.990359816435948 ] ], [ [ -96.082502180816093, 35.988738918878866 ], [ -96.082942, 35.989689 ], [ -96.082993181818111, 35.990212181831126 ], [ -96.082502180816093, 35.988738918878866 ] ], [ [ -96.08233999999976, 35.988394 ], [ -96.08234, 35.988394 ], [ -96.082330296980686, 35.988363920640374 ], [ -96.08233999999976, 35.988394 ] ], [ [ -96.070013999999887, 36.060959 ], [ -96.070066665284386, 36.060960449503249 ], [ -96.069734489227301, 36.060956698146583 ], [ -96.070013999999887, 36.060959 ] ], [ [ -96.068784, 36.060966 ], [ -96.068836871196467, 36.06095542576103 ], [ -96.068635999999842, 36.061015600003891 ], [ -96.068784, 36.060966 ] ], [ [ -96.066503999999895, 36.061729000000156 ], [ -96.06691565893199, 36.061591302454467 ], [ -96.065984669762813, 36.061903944031421 ], [ -96.066503999999895, 36.061729000000156 ] ], [ [ -96.063147265579687, 36.060970215675439 ], [ -96.063203720344546, 36.060970911854007 ], [ -96.063056543031664, 36.060999421279242 ], [ -96.063147265579687, 36.060970215675439 ] ], [ [ -96.063035465276315, 36.061003551157278 ], [ -96.063051332110604, 36.061001098790172 ], [ -96.063051332110646, 36.061001098790157 ], [ -96.063035465276315, 36.061003551157278 ] ], [ [ -96.061891281684751, 36.061034753068441 ], [ -96.061903704203772, 36.061034972613747 ], [ -96.0619037042038, 36.061034972613747 ], [ -96.061891281684751, 36.061034753068441 ] ], [ [ -96.058228642253624, 36.06071115160595 ], [ -96.05821441545622, 36.06074178349683 ], [ -96.058291048177054, 36.060614283240966 ], [ -96.058228642253624, 36.06071115160595 ] ], [ [ -96.058721999999847, 36.05991 ], [ -96.058686862840631, 36.059970514080483 ], [ -96.058848, 36.059636000000161 ], [ -96.058721999999847, 36.05991 ] ], [ [ -96.059296, 36.055741 ], [ -96.05926767555853, 36.055848581115633 ], [ -96.059297687763362, 36.055693461367142 ], [ -96.059296, 36.055741 ] ], [ [ -96.059227999999891, 36.055399 ], [ -96.059252789461937, 36.055456953784848 ], [ -96.059201143463767, 36.055370278435497 ], [ -96.059227999999891, 36.055399 ] ], [ [ -96.05892299999978, 36.055076 ], [ -96.058960000676819, 36.05511506514376 ], [ -96.058615839923675, 36.054774325401098 ], [ -96.05892299999978, 36.055076 ] ], [ [ -96.057175805236369, 36.053166870534213 ], [ -96.056559, 36.051939000000154 ], [ -96.056554257924077, 36.051919805891878 ], [ -96.057175805236369, 36.053166870534213 ] ], [ [ -96.056454, 36.050316 ], [ -96.056454, 36.050316 ], [ -96.056456642924431, 36.050382073335911 ], [ -96.056454, 36.050316 ] ], [ [ -96.056014999999761, 36.050011 ], [ -96.055890902399341, 36.050020461343969 ], [ -96.056014999999775, 36.050011 ], [ -96.056014999999761, 36.050011 ] ], [ [ -96.051306767029075, 36.050041276801295 ], [ -96.04992, 36.050044 ], [ -96.04947952661702, 36.050040323260632 ], [ -96.051306767029075, 36.050041276801295 ] ], [ [ -96.047288, 36.04881 ], [ -96.047296734780815, 36.048810822097089 ], [ -96.047165076982694, 36.048809024420557 ], [ -96.047288, 36.04881 ] ], [ [ -96.045583999999849, 36.048793 ], [ -96.046162171574423, 36.048799263525638 ], [ -96.045216823471293, 36.048800991750987 ], [ -96.045583999999849, 36.048793 ] ], [ [ -96.043888863766, 36.047465841248687 ], [ -96.043721, 36.046919 ], [ -96.043611282073286, 36.046657734386066 ], [ -96.043888863766, 36.047465841248687 ] ], [ [ -96.043503, 36.04643900000017 ], [ -96.043543479192778, 36.046508093808015 ], [ -96.043625866567865, 36.046400439567329 ], [ -96.043503, 36.04643900000017 ] ], [ [ -96.029505339109065, 36.030874931702932 ], [ -96.029517999999882, 36.031966000000118 ], [ -96.029518, 36.031966000000118 ], [ -96.029505339109065, 36.030874931702932 ] ], [ [ -96.029499, 36.017432 ], [ -96.029499, 36.017432 ], [ -96.029498287040809, 36.017462860998066 ], [ -96.029499, 36.017432 ] ], [ [ -96.029521, 36.022786 ], [ -96.029521, 36.022786000000117 ], [ -96.029520781948207, 36.022792323501378 ], [ -96.029521, 36.022786 ] ], [ [ -96.029508999999848, 36.024037 ], [ -96.029508999999848, 36.024037 ], [ -96.029508992992092, 36.024037809400141 ], [ -96.029508999999848, 36.024037 ] ], [ [ -96.029503, 36.024913000000183 ], [ -96.029502999999892, 36.024913000000168 ], [ -96.029500499525113, 36.026243763920348 ], [ -96.029503, 36.024913000000183 ] ], [ [ -96.044091999999665, 36.046249000000117 ], [ -96.044107020899361, 36.046294062699324 ], [ -96.044091999999779, 36.046249 ], [ -96.044091999999665, 36.046249000000117 ] ], [ [ -96.044152, 36.046483 ], [ -96.045536183655187, 36.046416393111578 ], [ -96.044152, 36.046483 ], [ -96.044152, 36.046483 ] ], [ [ -96.045554999999865, 36.046413 ], [ -96.045605041785933, 36.046422884797693 ], [ -96.045555, 36.046413 ], [ -96.045554999999865, 36.046413 ] ], [ [ -96.046104999999827, 36.046436000000142 ], [ -96.047453999999846, 36.04643000000015 ], [ -96.047323, 36.046428 ], [ -96.046104999999869, 36.046436 ], [ -96.045712254526521, 36.046430138127384 ], [ -96.046104999999827, 36.046436000000142 ] ], [ [ -96.047414, 36.043364999999888 ], [ -96.047422381519439, 36.043269046196393 ], [ -96.047477, 36.044551502980056 ], [ -96.047414, 36.043364999999888 ] ], [ [ -96.047453, 36.042839 ], [ -96.047450601981154, 36.04244752570704 ], [ -96.047453, 36.042885800009259 ], [ -96.047453, 36.042839 ] ], [ [ -96.047448, 36.040063 ], [ -96.047450030461789, 36.039941933983961 ], [ -96.047443251807564, 36.040337717776609 ], [ -96.047448, 36.040063 ] ], [ [ -96.046195, 36.031918 ], [ -96.046045470871547, 36.031920041353303 ], [ -96.046306130259538, 36.031916504974156 ], [ -96.046195, 36.031918 ] ], [ [ -96.045669999999816, 36.031925000000108 ], [ -96.04565533362377, 36.031925209187726 ], [ -96.045673045686272, 36.031924960616237 ], [ -96.045669999999816, 36.031925000000108 ] ], [ [ -96.044717999999605, 36.031932000000118 ], [ -96.04426576948093, 36.031929802928786 ], [ -96.044873423347838, 36.031932968369873 ], [ -96.044717999999605, 36.031932000000118 ] ], [ [ -96.041124450303542, 36.031915819933985 ], [ -96.040772999999803, 36.03192 ], [ -96.039734999999851, 36.031929 ], [ -96.039704595588802, 36.031929295188533 ], [ -96.040773, 36.03192 ], [ -96.041109999999861, 36.031916 ], [ -96.041124450303542, 36.031915819933985 ] ], [ [ -96.038787, 36.031936000000137 ], [ -96.038786392092049, 36.031935996270633 ], [ -96.038787, 36.031936000000137 ], [ -96.038787, 36.031936000000137 ] ], [ [ -96.036311999999725, 36.031926 ], [ -96.036036858113903, 36.031926364909651 ], [ -96.036902857142763, 36.031926 ], [ -96.036311999999725, 36.031926 ] ], [ [ -96.033232209836143, 36.031941858208349 ], [ -96.032924, 36.031946 ], [ -96.032239610165504, 36.031954035430054 ], [ -96.032924, 36.031946 ], [ -96.033232209836143, 36.031941858208349 ] ], [ [ -95.886473999999865, 36.231797 ], [ -95.886726, 36.231258000000174 ], [ -95.886726, 36.231258000000111 ], [ -95.886473999999865, 36.231797 ] ], [ [ -95.889998, 36.212658 ], [ -95.886677, 36.215299000000122 ], [ -95.890927840250981, 36.211922880518657 ], [ -95.889998, 36.212658 ] ], [ [ -95.933138, 36.187544 ], [ -95.925244, 36.187610000000355 ], [ -95.934797637766152, 36.187568445605038 ], [ -95.933138, 36.187544 ] ], [ [ -95.923338999999871, 36.188409000000107 ], [ -95.9252, 36.188373 ], [ -95.923132802482698, 36.188937043656942 ], [ -95.923338999999871, 36.188409000000107 ] ], [ [ -95.923146999999801, 36.190188 ], [ -95.922555, 36.190207 ], [ -95.922555, 36.190207000000122 ], [ -95.923146999999801, 36.190188 ] ], [ [ -95.922461, 36.196271000000117 ], [ -95.922449687360853, 36.197217001214938 ], [ -95.922460147218302, 36.196013527384906 ], [ -95.922461, 36.196271000000117 ] ], [ [ -95.922424, 36.202296 ], [ -95.922424, 36.202296 ], [ -95.922427208057229, 36.202552262463179 ], [ -95.922424, 36.202296 ] ], [ [ -95.922451, 36.205576 ], [ -95.922451, 36.205576 ], [ -95.914472617493288, 36.20654053294529 ], [ -95.922451, 36.205576 ] ], [ [ -95.913090999999881, 36.206709000000501 ], [ -95.913091, 36.206709000000117 ], [ -95.912407134230335, 36.206799601332669 ], [ -95.913090999999881, 36.206709000000501 ] ], [ [ -95.895872165492577, 36.208845013212425 ], [ -95.897333999999873, 36.2086040000002 ], [ -95.89848199999976, 36.208471 ], [ -95.904968999999866, 36.207691 ], [ -95.910876999999886, 36.20697200000015 ], [ -95.911066531838827, 36.206953658210516 ], [ -95.895872165492577, 36.208845013212425 ] ], [ [ -95.894712, 36.209229 ], [ -95.894712, 36.209229000000406 ], [ -95.895684046810572, 36.208892984362329 ], [ -95.894712, 36.209229 ] ], [ [ -95.893313, 36.210049000000318 ], [ -95.893746133977331, 36.209746612262428 ], [ -95.891535654564549, 36.21144454463829 ], [ -95.893313, 36.210049000000318 ] ], [ [ -95.89380999999986, 36.235135 ], [ -95.892767157158147, 36.235136004181861 ], [ -95.894665991110671, 36.235136882427589 ], [ -95.89380999999986, 36.235135 ] ], [ [ -94.861186, 36.670496000000114 ], [ -94.85546, 36.670507000000121 ], [ -94.854032, 36.670522 ], [ -94.851658, 36.670521 ], [ -94.849158, 36.670532 ], [ -94.848179162256855, 36.670525008301752 ], [ -94.849158, 36.670532000000158 ], [ -94.854032, 36.670522 ], [ -94.85546, 36.670507000000264 ], [ -94.858698, 36.670517 ], [ -94.861078, 36.67050500000024 ], [ -94.861186, 36.670496000000213 ], [ -94.864008, 36.670518 ], [ -94.864507, 36.670517 ], [ -94.866361, 36.670509 ], [ -94.864008, 36.670518 ], [ -94.861186, 36.670496000000114 ] ], [ [ -94.848178, 36.670525 ], [ -94.843534, 36.670565 ], [ -94.842332, 36.670551 ], [ -94.841028, 36.670546 ], [ -94.840374, 36.670573 ], [ -94.838562, 36.67054 ], [ -94.836103, 36.670509 ], [ -94.83429, 36.670503 ], [ -94.82863, 36.670577 ], [ -94.83429, 36.670503 ], [ -94.840374, 36.670573000000182 ], [ -94.841028, 36.670546 ], [ -94.843534, 36.670565 ], [ -94.844253, 36.670565 ], [ -94.845296, 36.670564000000155 ], [ -94.846351, 36.670550000000262 ], [ -94.848178, 36.670525 ] ], [ [ -94.81939, 36.670344000000128 ], [ -94.81939, 36.670344000000277 ], [ -94.828105, 36.670599 ], [ -94.81939, 36.670344000000128 ] ], [ [ -94.81467, 36.670432 ], [ -94.808485, 36.670531 ], [ -94.806389, 36.670508 ], [ -94.8014, 36.6705 ], [ -94.796635, 36.670526 ], [ -94.796099, 36.670521 ], [ -94.794712999999874, 36.67051 ], [ -94.792956, 36.670512 ], [ -94.792443, 36.670511 ], [ -94.790643, 36.670512 ], [ -94.78914, 36.670525 ], [ -94.808485, 36.670531 ], [ -94.810429, 36.670512000000116 ], [ -94.81467, 36.670432 ] ], [ [ -94.782235, 36.670622 ], [ -94.788091, 36.670542 ], [ -94.787811, 36.670545 ], [ -94.787448, 36.670549 ], [ -94.787252, 36.670551 ], [ -94.783674, 36.670597 ], [ -94.782482, 36.670613 ], [ -94.782362, 36.670617 ], [ -94.782235, 36.670622 ] ], [ [ -94.782235, 36.670622 ], [ -94.779243, 36.667763 ], [ -94.779243, 36.667763 ], [ -94.781157, 36.669592 ], [ -94.782235, 36.670622 ] ], [ [ -94.776677, 36.667788 ], [ -94.776677, 36.667788 ], [ -94.774948884484289, 36.667805907932838 ], [ -94.776677, 36.667788 ] ] ] } },
{ "type": "Feature", "properties": { "district_id": 3, "voting_age_pop": 552306, "lib_votes": 0, "grn_votes": 0, "con_votes": 0, "ref_votes": 0, "total_pop": 728359, "dem_votes_sum": 159534829, "rep_votes_sum": 155083, "lib_votes_sum": 0, "grn_votes_sum": 0, "con_votes_sum": 0, "ref_votes_sum": 0, "minority_pop_sum": 279058, "dem_pct": 0.99902884911101963, "rep_pct": 0.00097115088898038849, "lib_pct": 0.0, "grn_pct": 0.0, "con_pct": 0.0, "ref_pct": 0.0, "minority_pct": 0.38313249372905395, "compactness": 0.1885270877910675 }, "geometry": { "type": "Polygon", "coordinates": [ [ [ -99.466383, 34.3959 ], [ -99.515385, 34.414333 ], [ -99.574367, 34.418281 ], [ -99.600026, 34.374688 ], [ -99.69497, 34.378333 ], [ -99.923211, 34.574552 ], [ -99.953817, 34.578527000000157 ], [ -99.971606, 34.562169 ], [ -100.000277, 34.560450000000138 ], [ -100.000406, 36.499702 ], [ -103.002434, 36.500397 ], [ -103.002199, 37.000104 ], [ -96.415237999999846, 36.999217999999878 ], [ -96.419858999999818, 36.862963 ], [ -96.424752, 36.845251 ], [ -96.446701, 36.840037999999893 ], [ -96.437528, 36.795278 ], [ -96.454689999999886, 36.785113 ], [ -96.427452999999872, 36.76944 ], [ -96.525481, 36.746883 ], [ -96.508473, 36.680813 ], [ -96.484593999999873, 36.680813 ], [ -96.493377, 36.608434 ], [ -96.51093, 36.607389 ], [ -96.519064, 36.581231 ], [ -96.541282, 36.56584 ], [ -96.541541, 36.543362 ], [ -96.574666, 36.521731 ], [ -96.620866, 36.521652 ], [ -96.620232, 36.409950000000116 ], [ -96.604244, 36.398256 ], [ -96.602398999999878, 36.35528 ], [ -96.620302999999865, 36.355308 ], [ -96.629595999999879, 36.333423 ], [ -96.625059, 36.322655000000132 ], [ -96.611346, 36.326282 ], [ -96.611714, 36.289822000000115 ], [ -96.625469, 36.275404 ], [ -96.603262, 36.263191 ], [ -96.633104, 36.246347 ], [ -96.623893999999893, 36.210773 ], [ -96.642368, 36.210766 ], [ -96.641754999999861, 36.159781 ], [ -96.804712, 36.15904 ], [ -96.802387, 36.075906 ], [ -96.767132, 36.053563 ], [ -96.802589, 36.043609000000146 ], [ -96.803207, 35.985644999999884 ], [ -96.927085, 35.985652 ], [ -96.926844, 36.022 ], [ -96.944939, 36.022009 ], [ -96.944614, 36.043692 ], [ -96.996396, 36.043744 ], [ -97.033563, 36.043446000000152 ], [ -97.033666, 35.999933 ], [ -97.050838, 35.999982 ], [ -97.050822, 35.985427 ], [ -97.087184, 35.985525 ], [ -97.084997, 35.965315 ], [ -97.104708, 35.956879 ], [ -97.091631, 35.959286 ], [ -97.086038, 35.963211 ], [ -97.083253, 35.968782 ], [ -97.081708, 35.969693 ], [ -97.079227, 35.97007 ], [ -97.075838, 35.969521 ], [ -97.066922, 35.966912 ], [ -97.061401, 35.953392 ], [ -97.038758, 35.96099 ], [ -97.035813, 35.960528 ], [ -97.031981, 35.957614999999883 ], [ -97.061823, 35.953207 ], [ -97.081675, 35.969436 ], [ -97.083139, 35.968383 ], [ -97.083786, 35.965476 ], [ -97.087136, 35.961698 ], [ -97.092457, 35.9584 ], [ -97.105467, 35.956108 ], [ -97.105008, 35.942253 ], [ -97.016421, 35.942068 ], [ -97.026289, 35.796942 ], [ -97.017225, 35.690371 ], [ -97.047397, 35.680973000000122 ], [ -97.034647, 35.681014000000133 ], [ -97.035004, 35.63743 ], [ -97.141302, 35.637508 ], [ -97.141072, 35.724441 ], [ -97.371579, 35.725294 ], [ -97.371653, 35.71075 ], [ -97.443005, 35.71065 ], [ -97.446731999999898, 35.696154 ], [ -97.460536, 35.696241 ], [ -97.460514, 35.72534 ], [ -97.531857, 35.725654000000112 ], [ -97.531687, 35.653007 ], [ -97.567155, 35.653079 ], [ -97.567146, 35.638537 ], [ -97.638552, 35.63854 ], [ -97.638579, 35.623618 ], [ -97.567153, 35.623734000000105 ], [ -97.553064, 35.550644 ], [ -97.601172, 35.541605 ], [ -97.638401999999886, 35.557894000000125 ], [ -97.624821, 35.53687 ], [ -97.636701999999815, 35.536972 ], [ -97.636627, 35.515123 ], [ -97.654305999999877, 35.51518 ], [ -97.654269, 35.500538 ], [ -97.67122, 35.514919 ], [ -97.777571, 35.507901 ], [ -97.777588, 35.406045 ], [ -97.742349, 35.405985 ], [ -97.742365, 35.391724 ], [ -97.760017, 35.391705 ], [ -97.761499, 35.340347 ], [ -97.737305, 35.323762 ], [ -97.671595, 35.335934 ], [ -97.670833, 35.291009000000109 ], [ -97.794586, 35.290832 ], [ -97.79429, 35.335827 ], [ -97.807798, 35.340848 ], [ -97.829974, 35.330771 ], [ -97.830007, 35.305327 ], [ -97.882906, 35.305159000000103 ], [ -97.882957, 35.232679 ], [ -97.829933, 35.23269700000013 ], [ -97.829873, 35.203686 ], [ -98.09134, 35.20373 ], [ -98.091293, 35.145709 ], [ -98.0213, 35.145535000000137 ], [ -98.018003, 35.120215 ], [ -98.036678, 35.121641 ], [ -98.022768, 35.114484 ], [ -98.022574, 35.029029 ], [ -98.093055999999876, 35.028817 ], [ -98.093057, 34.985228000000149 ], [ -98.112929, 34.981765000000145 ], [ -98.303981, 34.985539 ], [ -98.303935, 34.927632 ], [ -98.314167, 34.927648 ], [ -98.303917, 34.855144 ], [ -98.355639, 34.855177 ], [ -98.340854, 34.823185 ], [ -98.317217, 34.82912 ], [ -98.332202999999879, 34.811498 ], [ -98.265549, 34.811643 ], [ -98.265533, 34.797129 ], [ -98.230302, 34.797183 ], [ -98.230121, 34.695656 ], [ -98.195049, 34.681068 ], [ -98.194799, 34.594164 ], [ -98.299764, 34.594296 ], [ -98.299758999999867, 34.579591 ], [ -98.334764, 34.579795 ], [ -98.334772, 34.594154 ], [ -98.404741, 34.601032 ], [ -98.404636999999838, 34.579818 ], [ -98.387193, 34.579748 ], [ -98.387047, 34.50729 ], [ -98.422114, 34.507381 ], [ -98.422139, 34.565372 ], [ -98.474793, 34.565401 ], [ -98.479161, 34.594335 ], [ -98.510041, 34.594366999999878 ], [ -98.457236, 34.594499 ], [ -98.458861999999883, 34.62344 ], [ -98.474751, 34.623431 ], [ -98.474575, 34.638021 ], [ -98.685517, 34.638266 ], [ -98.685529, 34.507468 ], [ -98.766737, 34.507483999999884 ], [ -98.766718, 34.420374 ], [ -98.858129, 34.413043 ], [ -98.888397, 34.420707 ], [ -98.888787, 34.406401 ], [ -98.976105, 34.406495 ], [ -99.010815, 34.4210810000001 ], [ -99.012086, 34.392042999999887 ], [ -98.871176, 34.391889 ], [ -98.871305, 34.348416 ], [ -98.88882, 34.348462 ], [ -98.88877, 34.333951 ], [ -98.871309, 34.333894 ], [ -98.871304, 34.275957 ], [ -98.90618, 34.268637 ], [ -98.923453, 34.269264 ], [ -98.923315, 34.334036 ], [ -99.184896999999893, 34.334283 ], [ -99.188133999999849, 34.34602 ], [ -99.230519, 34.337777 ], [ -99.242855, 34.372676 ], [ -99.274858, 34.384922 ], [ -99.258917, 34.391255 ], [ -99.261275, 34.403508 ], [ -99.280045, 34.400655 ], [ -99.294632, 34.415381 ], [ -99.319602, 34.408879 ], [ -99.368932, 34.458461 ], [ -99.395187, 34.44203 ], [ -99.387181, 34.410842 ], [ -99.400334, 34.374623 ], [ -99.424897, 34.385823000000144 ], [ -99.436474, 34.370539 ], [ -99.453787, 34.388663 ], [ -99.461053, 34.380666 ], [ -99.466383, 34.3959 ] ], [ [ -98.34228099999963, 36.723722 ], [ -98.342269, 36.720250000000121 ], [ -98.342284339669163, 36.724472591476115 ], [ -98.34228099999963, 36.723722 ] ], [ [ -98.342281999999557, 36.717315 ], [ -98.342279749999562, 36.715950989972718 ], [ -98.342281999999557, 36.717315 ], [ -98.342281999999557, 36.717315 ] ], [ [ -98.345346666666373, 36.710066866672904 ], [ -98.34226999999953, 36.71004 ], [ -98.34226999999953, 36.71004 ], [ -98.345346666666373, 36.710066866672904 ] ], [ [ -98.355614244458508, 36.710082292254931 ], [ -98.359314, 36.710058000000188 ], [ -98.359889141920576, 36.71006222380872 ], [ -98.355614244458508, 36.710082292254931 ] ], [ [ -98.360132, 36.709493000000236 ], [ -98.360130478760908, 36.709420171191752 ], [ -98.360132, 36.709493000000279 ], [ -98.360132, 36.709493000000236 ] ], [ [ -98.360113, 36.707447 ], [ -98.360122970557825, 36.706901610488572 ], [ -98.360108859603599, 36.708189787833824 ], [ -98.360113, 36.707447 ] ], [ [ -98.360149, 36.705426000000173 ], [ -98.360195, 36.700453 ], [ -98.360219, 36.696993 ], [ -98.36023888404857, 36.695625971726805 ], [ -98.360219, 36.696993 ], [ -98.360149, 36.705426000000188 ], [ -98.360123184490988, 36.706889540874911 ], [ -98.360149, 36.705426000000173 ] ], [ [ -98.360236018725018, 36.694488065965359 ], [ -98.360218999999589, 36.693207000000172 ], [ -98.360237815436349, 36.691946365860773 ], [ -98.360236018725018, 36.694488065965359 ] ], [ [ -98.360238, 36.691934 ], [ -98.360266, 36.689603 ], [ -98.360263999999589, 36.687498000000247 ], [ -98.360277, 36.685663 ], [ -98.360276327108338, 36.685316798806795 ], [ -98.360238, 36.691934 ] ], [ [ -98.360293, 36.682374 ], [ -98.360293, 36.682374 ], [ -98.360293014149164, 36.682377688247044 ], [ -98.360293, 36.682374 ] ], [ [ -98.3603, 36.680299000000119 ], [ -98.360304467871501, 36.680121960751904 ], [ -98.360298491468924, 36.680773685882222 ], [ -98.3603, 36.680299000000119 ] ], [ [ -98.36031, 36.675736 ], [ -98.360283103570822, 36.674766889204186 ], [ -98.360308332902619, 36.679275263879354 ], [ -98.36031, 36.675736 ] ], [ [ -98.360071617329439, 36.673606238090699 ], [ -98.36017, 36.674016 ], [ -98.360114, 36.673826 ], [ -98.360071617329439, 36.673606238090699 ] ], [ [ -98.359833, 36.672483 ], [ -98.359576816144724, 36.671511364955869 ], [ -98.360024213943092, 36.673378421334334 ], [ -98.359833, 36.672483 ] ], [ [ -98.359136999999521, 36.669667 ], [ -98.358870811316535, 36.668640187579932 ], [ -98.359495280105662, 36.671175863937577 ], [ -98.359136999999521, 36.669667 ] ], [ [ -98.358747710428858, 36.668114099902724 ], [ -98.358573999999564, 36.667147000000107 ], [ -98.358564, 36.666793000000197 ], [ -98.358747710428858, 36.668114099902724 ] ], [ [ -98.358576, 36.666527000000137 ], [ -98.35858, 36.666449000000142 ], [ -98.358564595336816, 36.666779803390263 ], [ -98.358576, 36.666527000000137 ] ], [ [ -98.358612, 36.666291000000157 ], [ -98.358612, 36.666291000000264 ], [ -98.35859495679091, 36.66637515088518 ], [ -98.358612, 36.666291000000157 ] ], [ [ -98.360544, 36.661411 ], [ -98.360729903662033, 36.661117714386741 ], [ -98.360362646309639, 36.661790782485696 ], [ -98.360544, 36.661411 ] ], [ [ -98.362625, 36.658211 ], [ -98.362826833333273, 36.657916223109119 ], [ -98.362397023461085, 36.65857248591049 ], [ -98.362625, 36.658211 ] ], [ [ -98.363721, 36.65659 ], [ -98.363931463460887, 36.656266739929919 ], [ -98.363517352941116, 36.656894589339956 ], [ -98.363721, 36.65659 ] ], [ [ -98.366712, 36.652106 ], [ -98.366885970102373, 36.651848277659376 ], [ -98.366623546608508, 36.652234824367184 ], [ -98.366712, 36.652106 ] ], [ [ -98.368049, 36.650089 ], [ -98.368466754553182, 36.649458334361967 ], [ -98.36787721507018, 36.650329653772808 ], [ -98.368049, 36.650089 ] ], [ [ -98.375669, 36.639774 ], [ -98.375770171421451, 36.639668736495878 ], [ -98.37562553224808, 36.639822532049401 ], [ -98.375669, 36.639774 ] ], [ [ -98.377416999999525, 36.63785 ], [ -98.377445588620205, 36.637816932103028 ], [ -98.377011691463224, 36.638302386593679 ], [ -98.377416999999525, 36.63785 ] ], [ [ -98.378678999999508, 36.636424 ], [ -98.378750891891571, 36.636344540607915 ], [ -98.378628764705752, 36.636479176474822 ], [ -98.378678999999508, 36.636424 ] ], [ [ -98.380190999999456, 36.634755 ], [ -98.38025563470687, 36.634679275332786 ], [ -98.380082950022413, 36.634869352996219 ], [ -98.380190999999456, 36.634755 ] ], [ [ -98.384118209830675, 36.630403232335574 ], [ -98.384293999999741, 36.63019 ], [ -98.384452848493154, 36.630019431070195 ], [ -98.384118209830675, 36.630403232335574 ] ], [ [ -98.393201, 36.62035 ], [ -98.393315909090859, 36.620220182009533 ], [ -98.39205849587205, 36.621633126960489 ], [ -98.393201, 36.62035 ] ], [ [ -101.44947405882111, 36.703515644082216 ], [ -101.447762845648512, 36.704790532949957 ], [ -101.447765611704696, 36.70478859352248 ], [ -101.44947405882111, 36.703515644082216 ] ], [ [ -101.420573798900193, 36.719642066863045 ], [ -101.411077413203486, 36.724630516308331 ], [ -101.420570958860424, 36.71964358936318 ], [ -101.420573798900193, 36.719642066863045 ] ], [ [ -99.254419, 34.989107000000146 ], [ -99.254431, 34.989551 ], [ -99.254439999999818, 34.989592000000123 ], [ -99.254419, 34.989107000000146 ] ], [ [ -99.237247593278866, 34.988363082367556 ], [ -99.237331222318559, 34.988131991502925 ], [ -99.237247616931768, 34.988359494398551 ], [ -99.237247593278866, 34.988363082367556 ] ], [ [ -98.970806, 36.757373 ], [ -98.970913, 36.743875 ], [ -98.970896, 36.74252 ], [ -98.970962, 36.737677000000104 ], [ -98.97097085063524, 36.736273682816289 ], [ -98.970895999999854, 36.742520000000113 ], [ -98.970913, 36.743875 ], [ -98.970877, 36.745586 ], [ -98.970872, 36.748721000000145 ], [ -98.970844, 36.750021 ], [ -98.970818999999892, 36.754264999999855 ], [ -98.970806, 36.757373 ] ], [ [ -98.970984999999857, 36.735154 ], [ -98.970971461197621, 36.73621389505665 ], [ -98.970974768135306, 36.734011648029025 ], [ -98.970984999999857, 36.735154 ] ], [ [ -98.970995, 36.728224 ], [ -98.970995, 36.728224 ], [ -98.970981792643684, 36.729151060237491 ], [ -98.970995, 36.728224 ] ], [ [ -98.971048, 36.723443000000131 ], [ -98.971030416735672, 36.724820686164279 ], [ -98.971051981606465, 36.720263056982887 ], [ -98.971048, 36.723443000000131 ] ], [ [ -98.971055485393421, 36.71850076360527 ], [ -98.971067999999875, 36.71724500000014 ], [ -98.97106099999985, 36.717943000000162 ], [ -98.971055485393421, 36.71850076360527 ] ], [ [ -98.971097022670193, 36.715538027669112 ], [ -98.971146, 36.710748 ], [ -98.971131, 36.706689 ], [ -98.97113899999988, 36.706369000000123 ], [ -98.971168596842773, 36.705105883623347 ], [ -98.971131, 36.706689 ], [ -98.971145999999848, 36.710748 ], [ -98.971094, 36.714468 ], [ -98.971097022670193, 36.715538027669112 ] ], [ [ -98.971223, 36.701920999999885 ], [ -98.971219, 36.700361 ], [ -98.971223, 36.701921 ], [ -98.971201145114549, 36.70281089014545 ], [ -98.971223, 36.701920999999885 ] ], [ [ -98.97213499999981, 36.696227 ], [ -98.971264, 36.696227 ], [ -98.973302415630627, 36.696213757066438 ], [ -98.97213499999981, 36.696227 ] ], [ [ -98.976451, 36.696206 ], [ -98.974832464884201, 36.696202001642618 ], [ -98.977114284877231, 36.696200696549901 ], [ -98.976451, 36.696206 ] ], [ [ -98.980269, 36.699128 ], [ -98.980353412681126, 36.698805805579113 ], [ -98.98016719357652, 36.699164189014979 ], [ -98.980269, 36.699128 ] ], [ [ -98.979588, 36.700731 ], [ -98.979588, 36.700731 ], [ -98.979332, 36.700754 ], [ -98.979588, 36.700731 ] ], [ [ -98.983684, 36.70208 ], [ -98.983683999999855, 36.70208 ], [ -98.982968301311871, 36.701892952428373 ], [ -98.983684, 36.70208 ] ], [ [ -98.98684, 36.703071000000108 ], [ -98.98679607791064, 36.703098315530845 ], [ -98.986986824896874, 36.702979547273145 ], [ -98.98684, 36.703071000000108 ] ], [ [ -98.990435, 36.701156999999874 ], [ -98.99046, 36.700423 ], [ -98.990313, 36.69946 ], [ -98.990402322751549, 36.699284780411368 ], [ -98.990312999999887, 36.699460000000158 ], [ -98.990434999999863, 36.701156999999874 ], [ -98.989764827009125, 36.702322729441569 ], [ -98.990435, 36.701156999999874 ] ], [ [ -98.992908, 36.698262 ], [ -98.99278252006539, 36.698351333499943 ], [ -98.993037141177325, 36.698168425650685 ], [ -98.992908, 36.698262 ] ], [ [ -98.999406, 36.698505999999874 ], [ -98.999289184722528, 36.698459067633884 ], [ -98.999508125756563, 36.698512908507766 ], [ -98.999406, 36.698505999999874 ] ], [ [ -99.001249, 36.697611 ], [ -99.000876, 36.696671 ], [ -99.000821, 36.69712900000016 ], [ -99.001249, 36.697611 ] ], [ [ -99.001045, 36.696235 ], [ -99.000966636640271, 36.696437168501703 ], [ -99.001086879756173, 36.696167142145967 ], [ -99.001045, 36.696235 ] ], [ [ -99.002121, 36.695043 ], [ -99.001917242833102, 36.695192792888356 ], [ -99.002390139626712, 36.694931203792038 ], [ -99.002121, 36.695043 ] ], [ [ -99.005407, 36.693415 ], [ -99.005184429470262, 36.693495300010014 ], [ -99.006530658993029, 36.693262975557019 ], [ -99.005407, 36.693415 ] ], [ [ -99.006596999999886, 36.693254000000174 ], [ -99.006597, 36.693254000000159 ], [ -99.006655903541997, 36.693234293860037 ], [ -99.006596999999886, 36.693254000000174 ] ], [ [ -99.008182, 36.691763 ], [ -99.00801, 36.691465 ], [ -99.007753, 36.691167000000142 ], [ -99.006755, 36.690684 ], [ -99.006591411775688, 36.690310921860387 ], [ -99.006755, 36.690684000000196 ], [ -99.008182, 36.691763 ], [ -99.007912546774733, 36.692636420630933 ], [ -99.008182, 36.691763 ] ], [ [ -99.006582, 36.690203 ], [ -99.006789333333316, 36.689958333528054 ], [ -99.006582, 36.690203 ], [ -99.006582, 36.690203 ] ], [ [ -99.00714589089209, 36.689632199785919 ], [ -99.007233, 36.689562 ], [ -99.007233, 36.689562 ], [ -99.00714589089209, 36.689632199785919 ] ], [ [ -99.017912, 36.69002 ], [ -99.017835741770313, 36.690011691717494 ], [ -99.018293810318596, 36.690036137669608 ], [ -99.017912, 36.69002 ] ], [ [ -99.01970899999985, 36.69 ], [ -99.019255095077185, 36.690044396546455 ], [ -99.019843481705294, 36.689957769509391 ], [ -99.01970899999985, 36.69 ] ], [ [ -99.020565, 36.68961200000011 ], [ -99.020538802252787, 36.689635839974521 ], [ -99.020662818717284, 36.689471086383044 ], [ -99.020565, 36.68961200000011 ] ], [ [ -99.022045459555258, 36.68765434362453 ], [ -99.022084, 36.687532 ], [ -99.022084, 36.687532 ], [ -99.022045459555258, 36.68765434362453 ] ], [ [ -99.021832, 36.686754 ], [ -99.020643, 36.686297 ], [ -99.022074783401635, 36.687481142278926 ], [ -99.021832, 36.686754 ] ], [ [ -99.020477, 36.685428 ], [ -99.019318, 36.684468 ], [ -99.019292, 36.68385 ], [ -99.019208, 36.683691 ], [ -99.019318, 36.684468000000123 ], [ -99.019486, 36.684902 ], [ -99.019655, 36.68515400000021 ], [ -99.020703, 36.685656000000215 ], [ -99.020658213596548, 36.686134468582623 ], [ -99.020703, 36.685656 ], [ -99.020477, 36.685428 ] ], [ [ -99.019044710977454, 36.683666847929381 ], [ -99.018897, 36.683645 ], [ -99.018897, 36.683645 ], [ -99.019044710977454, 36.683666847929381 ] ], [ [ -99.017878, 36.683645 ], [ -99.017877999999882, 36.683645 ], [ -99.018217, 36.68392 ], [ -99.017878, 36.683645 ] ], [ [ -99.017596, 36.683188 ], [ -99.017596, 36.683188 ], [ -99.01768, 36.683257000000111 ], [ -99.017596, 36.683188 ] ], [ [ -99.017346, 36.682022 ], [ -99.016978, 36.681816 ], [ -99.016724, 36.681634 ], [ -99.016978, 36.681816 ], [ -99.017346, 36.682022 ], [ -99.017459, 36.682183 ], [ -99.017457999999877, 36.682296000000157 ], [ -99.017480867014271, 36.682305227041773 ], [ -99.017459, 36.682183 ], [ -99.017346, 36.682022 ] ], [ [ -99.016747039702906, 36.681533896561831 ], [ -99.017154, 36.681063 ], [ -99.016781999999793, 36.681381999999857 ], [ -99.016747039702906, 36.681533896561831 ] ], [ [ -99.017696, 36.680673000000155 ], [ -99.017696, 36.680673000000141 ], [ -99.017729261085123, 36.680635484675598 ], [ -99.017696, 36.680673000000155 ] ], [ [ -99.017844, 36.679668000000127 ], [ -99.018646, 36.678731 ], [ -99.018704, 36.678571 ], [ -99.018648, 36.678319 ], [ -99.018479, 36.678182 ], [ -99.01848, 36.677954 ], [ -99.017844, 36.679668000000127 ] ], [ [ -99.018622, 36.677794 ], [ -99.018622, 36.677794 ], [ -99.018507272312277, 36.677923270659861 ], [ -99.018622, 36.677794 ] ], [ [ -99.019479, 36.6772 ], [ -99.019343231333835, 36.676066448358341 ], [ -99.019340999999883, 36.676628000000122 ], [ -99.019479, 36.6772 ] ], [ [ -99.019488, 36.675485 ], [ -99.019432945575602, 36.675633341319127 ], [ -99.019568792928098, 36.675374462529966 ], [ -99.019488, 36.675485 ] ], [ [ -99.021858, 36.675535 ], [ -99.022004, 36.674505 ], [ -99.022461, 36.674415 ], [ -99.022003999999868, 36.674505 ], [ -99.021858, 36.675535 ], [ -99.02132567135871, 36.67566904932071 ], [ -99.021858, 36.675535 ] ], [ [ -99.023576, 36.674668 ], [ -99.023574999999823, 36.674943 ], [ -99.02357499999988, 36.674943 ], [ -99.023576, 36.674668 ] ], [ [ -99.023407, 36.674303000000144 ], [ -99.023407, 36.674303000000158 ], [ -99.023541754174758, 36.674594037263013 ], [ -99.023407, 36.674303000000144 ] ], [ [ -99.024353, 36.673366 ], [ -99.024955999999861, 36.671972 ], [ -99.024938, 36.672012999999858 ], [ -99.024353, 36.673366 ] ], [ [ -99.026379, 36.670094 ], [ -99.026250678567081, 36.670191301752858 ], [ -99.02655841985829, 36.670038198670269 ], [ -99.026379, 36.670094 ] ], [ [ -99.0278, 36.669568 ], [ -99.02773274643053, 36.669599385044101 ], [ -99.028055809052717, 36.669380842628968 ], [ -99.0278, 36.669568 ] ], [ [ -99.028414183966888, 36.66894607150109 ], [ -99.028341, 36.667668 ], [ -99.028227, 36.667553000000126 ], [ -99.028199, 36.667393 ], [ -99.028414183966888, 36.66894607150109 ] ], [ [ -99.028172551748838, 36.667376991853452 ], [ -99.028085, 36.667324 ], [ -99.028085, 36.667324 ], [ -99.028172551748838, 36.667376991853452 ] ], [ [ -99.027659, 36.666317 ], [ -99.024847, 36.66382 ], [ -99.024705, 36.663568 ], [ -99.023966, 36.662675000000107 ], [ -99.023671185445878, 36.66211175517757 ], [ -99.027659, 36.666317 ] ], [ [ -99.022515793953175, 36.657373140084303 ], [ -99.022724999999895, 36.659598 ], [ -99.022364999999866, 36.658912 ], [ -99.022515793953175, 36.657373140084303 ] ], [ [ -99.024789999999868, 36.65221800000014 ], [ -99.024837141548446, 36.650507133668448 ], [ -99.024075390720355, 36.654049495160542 ], [ -99.024789999999868, 36.65221800000014 ] ], [ [ -99.024821, 36.650345 ], [ -99.024821, 36.650345 ], [ -99.024564042444268, 36.650015349056261 ], [ -99.024821, 36.650345 ] ], [ [ -99.023319, 36.648311 ], [ -99.022812553557287, 36.64709785891467 ], [ -99.024082476777309, 36.649396909218503 ], [ -99.023319, 36.648311 ] ], [ [ -99.022958450875265, 36.645529376031611 ], [ -99.022808999999882, 36.647084 ], [ -99.022808999999896, 36.647084 ], [ -99.022958450875265, 36.645529376031611 ] ], [ [ -99.02299, 36.643992 ], [ -99.02283331477409, 36.643103280888845 ], [ -99.02296, 36.645517000000126 ], [ -99.02299, 36.643992 ] ], [ [ -99.022755268770965, 36.642884470170792 ], [ -99.020438, 36.641264000000128 ], [ -99.019994688466241, 36.641167627982938 ], [ -99.022755268770965, 36.642884470170792 ] ], [ [ -99.01949465885852, 36.641052951336036 ], [ -99.016251999999881, 36.640604 ], [ -99.014331431159789, 36.640612794920266 ], [ -99.01949465885852, 36.641052951336036 ] ], [ [ -99.008578867750458, 36.632093415494353 ], [ -99.010086999999857, 36.633268 ], [ -99.009525999999894, 36.632792 ], [ -99.008578867750458, 36.632093415494353 ] ], [ [ -99.006694, 36.63109700000021 ], [ -99.007461169316969, 36.631444940173218 ], [ -99.006105600386036, 36.630911849274355 ], [ -99.006694, 36.63109700000021 ] ], [ [ -99.00526915257754, 36.63064837068454 ], [ -99.002217, 36.629725000000157 ], [ -99.001071788629531, 36.629601411631697 ], [ -99.00526915257754, 36.63064837068454 ] ], [ [ -99.000271, 36.62944800000016 ], [ -99.00027099999987, 36.629448000000181 ], [ -99.000318931986797, 36.629484653882209 ], [ -99.000271, 36.62944800000016 ] ], [ [ -98.996302, 36.625033 ], [ -98.996302, 36.625033 ], [ -98.994963365154547, 36.623561046716183 ], [ -98.996302, 36.625033 ] ], [ [ -98.990874878419092, 36.619039430661125 ], [ -98.989081999999883, 36.616004 ], [ -98.988808106829936, 36.615616805713422 ], [ -98.989970999999841, 36.617828000000117 ], [ -98.990874878419092, 36.619039430661125 ] ], [ [ -98.987729999999843, 36.614677 ], [ -98.987729999999829, 36.614677000000192 ], [ -98.988803999999845, 36.615611000000186 ], [ -98.987729999999843, 36.614677 ] ], [ [ -98.984992624823661, 36.61194212443948 ], [ -98.976083, 36.603054 ], [ -98.973910999999887, 36.601516 ], [ -98.971598126292022, 36.600376240648444 ], [ -98.984992624823661, 36.61194212443948 ] ], [ [ -98.971484, 36.60032 ], [ -98.969717, 36.599897 ], [ -98.968319, 36.599674 ], [ -98.966735999999884, 36.599464000000133 ], [ -98.964304999999825, 36.599263 ], [ -98.961513, 36.599065000000181 ], [ -98.959973, 36.598991 ], [ -98.95997479612582, 36.598567115075603 ], [ -98.959973, 36.598991 ], [ -98.971484, 36.60032 ] ], [ [ -98.960216, 36.585415000000147 ], [ -98.960169, 36.550306 ], [ -98.960361929991379, 36.500051600426097 ], [ -98.960169, 36.550306000000134 ], [ -98.960216, 36.585415000000204 ], [ -98.960164999999847, 36.586430000000163 ], [ -98.959975999999813, 36.59815900000023 ], [ -98.959976, 36.598233400024135 ], [ -98.960216, 36.585415000000147 ] ], [ [ -98.96057, 36.496474 ], [ -98.960567, 36.493875000000195 ], [ -98.960380806023835, 36.499710537150349 ], [ -98.96057, 36.496474 ] ], [ [ -98.960567, 36.491083 ], [ -98.960568, 36.492307 ], [ -98.960567, 36.491083 ], [ -98.960567, 36.491083 ] ], [ [ -98.960567, 36.490867 ], [ -98.960567, 36.490867 ], [ -98.960566987218741, 36.490842804380698 ], [ -98.960567, 36.490867 ] ], [ [ -98.960544, 36.444900000000167 ], [ -98.960544, 36.444900000000295 ], [ -98.960551005901195, 36.457250534614438 ], [ -98.960544, 36.444900000000167 ] ], [ [ -98.96062, 36.444351 ], [ -98.960566, 36.435208999999887 ], [ -98.960566, 36.435208999999894 ], [ -98.96062, 36.444351 ] ], [ [ -98.960564, 36.420289 ], [ -98.960534, 36.413336 ], [ -98.960567, 36.434765 ], [ -98.960564, 36.420289 ] ], [ [ -98.960534, 36.413336 ], [ -98.960475, 36.391302 ], [ -98.960492955835647, 36.3912866847297 ], [ -98.960534, 36.413336 ] ], [ [ -98.960535, 36.391227 ], [ -98.960516656766032, 36.391259453416716 ], [ -98.960538616787517, 36.391169131401895 ], [ -98.960535, 36.391227 ] ], [ [ -98.96056, 36.387422 ], [ -98.960548038279185, 36.388936154542499 ], [ -98.960553, 36.386125 ], [ -98.96056, 36.387422 ] ], [ [ -98.960572, 36.384575 ], [ -98.960553095636385, 36.386117198161791 ], [ -98.960548, 36.381548 ], [ -98.960572, 36.384575 ] ], [ [ -98.960604, 36.377945 ], [ -98.960572, 36.379279005720228 ], [ -98.960594, 36.37689 ], [ -98.960604, 36.377945 ] ], [ [ -98.960594, 36.37689 ], [ -98.960617, 36.368147 ], [ -98.960629283459895, 36.367443207054862 ], [ -98.960594, 36.37689 ] ], [ [ -98.960634, 36.362713 ], [ -98.960634, 36.362713 ], [ -98.960642, 36.365925 ], [ -98.960634, 36.362713 ] ], [ [ -98.960719, 36.319082 ], [ -98.960755, 36.347838 ], [ -98.960754, 36.347935000000106 ], [ -98.960618, 36.362439 ], [ -98.960719, 36.319082 ] ], [ [ -98.334921999999779, 36.724552 ], [ -98.334921999999779, 36.724552 ], [ -98.33429326598197, 36.724550499441534 ], [ -98.334921999999779, 36.724552 ] ], [ [ -98.317682999999747, 36.724459000000138 ], [ -98.317682999999761, 36.724459 ], [ -98.317404110494067, 36.724472102191619 ], [ -98.317682999999747, 36.724459000000138 ] ], [ [ -98.312962999999854, 36.724509 ], [ -98.312962999999826, 36.724509 ], [ -98.313017174430684, 36.72448500846756 ], [ -98.312962999999854, 36.724509 ] ], [ [ -98.307179, 36.722587 ], [ -98.307258999999874, 36.721066 ], [ -98.307207, 36.721586000000194 ], [ -98.307179, 36.722587 ], [ -98.307123, 36.723101 ], [ -98.307143649744248, 36.72316294926496 ], [ -98.307123, 36.723101 ], [ -98.307179, 36.722587 ] ], [ [ -98.30736, 36.720834 ], [ -98.30736, 36.720834 ], [ -98.307597245107331, 36.720394532650282 ], [ -98.30736, 36.720834 ] ], [ [ -98.307833, 36.719805 ], [ -98.307833, 36.719805000000107 ], [ -98.307835827888965, 36.719776201790708 ], [ -98.307833, 36.719805 ] ], [ [ -98.307167242168177, 36.714299472608154 ], [ -98.307147, 36.715173999999898 ], [ -98.307139604400462, 36.715408546476702 ], [ -98.307167242168177, 36.714299472608154 ] ], [ [ -98.307156, 36.71275300000012 ], [ -98.307156, 36.71275300000017 ], [ -98.30716019445596, 36.71237794741927 ], [ -98.307156, 36.71275300000012 ] ], [ [ -98.307157, 36.710492 ], [ -98.307157, 36.710492 ], [ -98.307158, 36.71005500000021 ], [ -98.307157, 36.710492 ] ], [ [ -98.289133, 36.692527000000112 ], [ -98.289133, 36.692527000000197 ], [ -98.289124501553047, 36.691995376985446 ], [ -98.289133, 36.692527000000112 ] ], [ [ -98.289123999999759, 36.6891 ], [ -98.289123999999774, 36.6891 ], [ -98.289112088037825, 36.688558007987226 ], [ -98.289123999999759, 36.6891 ] ], [ [ -98.289104999999878, 36.687502000000244 ], [ -98.289104999999878, 36.687502000000208 ], [ -98.289104599606375, 36.687525737675827 ], [ -98.289104999999878, 36.687502000000244 ] ], [ [ -98.28401599999988, 36.681014000000104 ], [ -98.28401599999988, 36.681014 ], [ -98.283408027379323, 36.6810062165668 ], [ -98.28401599999988, 36.681014000000104 ] ], [ [ -98.241098561697513, 36.680965356548576 ], [ -98.241804, 36.680969 ], [ -98.241813975383664, 36.680968960532645 ], [ -98.241098561697513, 36.680965356548576 ] ], [ [ -98.240477, 36.68091 ], [ -98.240477, 36.68091 ], [ -98.237615999999718, 36.680905000000251 ], [ -98.240477, 36.68091 ] ], [ [ -98.228455, 36.680892 ], [ -98.228455, 36.680891999999893 ], [ -98.226940258679832, 36.680885196343915 ], [ -98.228455, 36.680892 ] ], [ [ -98.224768, 36.680876 ], [ -98.224768, 36.680876 ], [ -98.223145744282434, 36.680868582018405 ], [ -98.224768, 36.680876 ] ], [ [ -98.199686999999798, 36.680818000000187 ], [ -98.199708715756131, 36.682639419262436 ], [ -98.199686999999841, 36.680818000000187 ], [ -98.199686999999798, 36.680818000000187 ] ], [ [ -98.199744, 36.685853 ], [ -98.199744, 36.685853 ], [ -98.199753828952197, 36.688109728006673 ], [ -98.199744, 36.685853 ] ], [ [ -98.199757, 36.689494000000103 ], [ -98.199757, 36.689494000000238 ], [ -98.199770341621999, 36.690568354855792 ], [ -98.199757, 36.689494000000103 ] ], [ [ -98.199780999999888, 36.693971 ], [ -98.199780999999803, 36.69397099999987 ], [ -98.199799999999868, 36.695191 ], [ -98.199780999999888, 36.693971 ] ], [ [ -98.199770999999842, 36.695299 ], [ -98.199770999999771, 36.695299 ], [ -98.199743045610646, 36.695313850771107 ], [ -98.199770999999842, 36.695299 ] ], [ [ -98.18191, 36.695752 ], [ -98.181901999999809, 36.695240000000268 ], [ -98.18191, 36.695752000000141 ], [ -98.18191, 36.695752 ] ], [ [ -98.181922878370955, 36.698219135822079 ], [ -98.181906999999896, 36.696196 ], [ -98.181908559999926, 36.695965120320082 ], [ -98.181922878370955, 36.698219135822079 ] ], [ [ -98.181976, 36.701501 ], [ -98.181976, 36.701501000000142 ], [ -98.181974045359169, 36.702064266583669 ], [ -98.181976, 36.701501 ] ], [ [ -98.181996, 36.707409000000105 ], [ -98.181996, 36.707409 ], [ -98.181995352174908, 36.707328716832258 ], [ -98.181996, 36.707409000000105 ] ], [ [ -98.181936888888842, 36.708596111162045 ], [ -98.181994, 36.708156 ], [ -98.181995967803388, 36.707421025474339 ], [ -98.181936888888842, 36.708596111162045 ] ], [ [ -98.181843, 36.708811 ], [ -98.181843, 36.708811 ], [ -98.181794356683824, 36.708885045967307 ], [ -98.181843, 36.708811 ] ], [ [ -98.180438999999836, 36.709712 ], [ -98.180438999999851, 36.709711999999897 ], [ -98.180366139383409, 36.709722156329235 ], [ -98.180438999999836, 36.709712 ] ], [ [ -98.172892, 36.709689 ], [ -98.172892, 36.709689 ], [ -98.172889535558596, 36.709688983786663 ], [ -98.172892, 36.709689 ] ], [ [ -98.164677, 36.709682000000228 ], [ -98.164676999999855, 36.709682000000228 ], [ -98.164858999999836, 36.70991 ], [ -98.164677, 36.709682000000228 ] ], [ [ -98.164679, 36.710004000000168 ], [ -98.164679, 36.710004 ], [ -98.164514663757487, 36.710122285986607 ], [ -98.164679, 36.710004000000168 ] ], [ [ -98.164214, 36.710425 ], [ -98.164214, 36.710425 ], [ -98.164209139833687, 36.710430973958729 ], [ -98.164214, 36.710425 ] ], [ [ -98.163925, 36.713947 ], [ -98.163928962050534, 36.716285600673253 ], [ -98.163925, 36.713947 ], [ -98.163966, 36.712849 ], [ -98.16397, 36.711125 ], [ -98.163925, 36.713947 ] ], [ [ -98.1640074, 36.720207473736309 ], [ -98.164067, 36.722588 ], [ -98.164050999999873, 36.721608000000167 ], [ -98.1640074, 36.720207473736309 ] ], [ [ -98.163793, 36.723375 ], [ -98.163793, 36.723374999999891 ], [ -98.163645525865959, 36.723538860166215 ], [ -98.163793, 36.723375 ] ], [ [ -98.163159561836849, 36.723889816277548 ], [ -98.16339599999985, 36.723755000000153 ], [ -98.163587150187197, 36.723592319029194 ], [ -98.163159561836849, 36.723889816277548 ] ], [ [ -98.150625, 36.724063 ], [ -98.150625, 36.724063 ], [ -98.150328593026984, 36.724061751094325 ], [ -98.150625, 36.724063 ] ], [ [ -98.145999999999887, 36.724029 ], [ -98.145999999999887, 36.724029 ], [ -98.145162934113472, 36.724025856090762 ], [ -98.145999999999887, 36.724029 ] ], [ [ -98.127951, 36.719595 ], [ -98.127951, 36.719595 ], [ -98.127964102466294, 36.718920954036463 ], [ -98.127951, 36.719595 ] ], [ [ -98.124665, 36.716858 ], [ -98.124664999999879, 36.716858 ], [ -98.120045564864384, 36.716849646591044 ], [ -98.124665, 36.716858 ] ], [ [ -98.119105836165303, 36.722786019056059 ], [ -98.119099, 36.717578 ], [ -98.119090999999898, 36.717089 ], [ -98.119099, 36.717578 ], [ -98.119103, 36.722636000000236 ], [ -98.119105836165303, 36.722786019056059 ] ], [ [ -98.119033, 36.723968 ], [ -98.119032999999888, 36.723968 ], [ -98.119031868718437, 36.723968510456331 ], [ -98.119033, 36.723968 ] ], [ [ -98.10994, 36.718524 ], [ -98.109957854825922, 36.720086325813362 ], [ -98.109961, 36.71971100000016 ], [ -98.10994, 36.718524 ] ], [ [ -98.109942, 36.715966 ], [ -98.109942, 36.715966 ], [ -98.10993602824793, 36.714443203302828 ], [ -98.109942, 36.715966 ] ], [ [ -98.109939, 36.714058646255026 ], [ -98.109936, 36.714436 ], [ -98.109936, 36.714436 ], [ -98.109939, 36.714058646255026 ] ], [ [ -98.10995, 36.712675 ], [ -98.109949975390222, 36.712661940572012 ], [ -98.10995, 36.712675 ], [ -98.10995, 36.712675 ] ], [ [ -98.109934999999879, 36.708597 ], [ -98.109934999999894, 36.708597 ], [ -98.10993063210725, 36.707891831428057 ], [ -98.109934999999879, 36.708597 ] ], [ [ -98.109925999999845, 36.707089 ], [ -98.109925999999859, 36.707089000000138 ], [ -98.109905439956492, 36.703589098196076 ], [ -98.109925999999845, 36.707089 ] ], [ [ -98.109811999999891, 36.693859 ], [ -98.109812, 36.693859 ], [ -98.109826, 36.690865 ], [ -98.109811999999891, 36.693859 ] ], [ [ -98.109826, 36.690865 ], [ -98.109802999999872, 36.688087000000145 ], [ -98.109802516665923, 36.687993394621792 ], [ -98.109826, 36.690865 ] ], [ [ -98.109756, 36.685609 ], [ -98.109756, 36.685609 ], [ -98.109683367375894, 36.682400654910374 ], [ -98.109756, 36.685609 ] ], [ [ -98.10965, 36.680551 ], [ -98.109666529033632, 36.681607989291784 ], [ -98.109668, 36.679194 ], [ -98.10965, 36.680551 ] ], [ [ -98.109647, 36.666078 ], [ -98.109646, 36.66694 ], [ -98.109646, 36.66694 ], [ -98.109647, 36.666078 ] ], [ [ -98.109445, 36.63696 ], [ -98.109445, 36.63696 ], [ -98.10937908002218, 36.629752465585682 ], [ -98.109445, 36.63696 ] ], [ [ -98.109376, 36.628667000000164 ], [ -98.109532, 36.622494000000273 ], [ -98.109374, 36.629197 ], [ -98.109376, 36.628667000000164 ] ], [ [ -98.109419, 36.618154 ], [ -98.109419, 36.618154 ], [ -98.109406195707578, 36.617145415838628 ], [ -98.109419, 36.618154 ] ], [ [ -98.109283, 36.608138 ], [ -98.109309659719386, 36.608239668631043 ], [ -98.109283, 36.608138 ], [ -98.109283, 36.608138 ] ], [ [ -98.109284379310338, 36.60812248276158 ], [ -98.109361, 36.606136 ], [ -98.109337026921622, 36.601822843807071 ], [ -98.109284379310338, 36.60812248276158 ] ], [ [ -97.291551, 36.506879000000168 ], [ -97.291551, 36.506879000000168 ], [ -97.291551626043969, 36.506878989316824 ], [ -97.291551, 36.506879000000168 ] ], [ [ -97.314514282487394, 36.506745499249796 ], [ -97.317279, 36.506739999999894 ], [ -97.315362999999863, 36.506739999999894 ], [ -97.314514282487394, 36.506745499249796 ] ], [ [ -97.318592, 36.506756000000102 ], [ -97.318579, 36.478518 ], [ -97.318577, 36.476992000000159 ], [ -97.318531, 36.474176 ], [ -97.318533, 36.470611000000126 ], [ -97.30912, 36.470623 ], [ -97.309129, 36.466353 ], [ -97.30912699999989, 36.463934 ], [ -97.309132999999775, 36.463474 ], [ -97.304420999999891, 36.463454 ], [ -97.300518999999881, 36.463453000000115 ], [ -97.29999, 36.463457 ], [ -97.30912, 36.470623 ], [ -97.318532999999888, 36.47061100000014 ], [ -97.318530999999894, 36.474176 ], [ -97.318579, 36.478518000000165 ], [ -97.318530999999894, 36.496347 ], [ -97.318577, 36.502186000000215 ], [ -97.318577, 36.504320000000213 ], [ -97.318592, 36.506756000000102 ] ], [ [ -97.30047264810031, 36.469706815610664 ], [ -97.300472999999897, 36.469741 ], [ -97.300472999999897, 36.469741 ], [ -97.30047264810031, 36.469706815610664 ] ], [ [ -97.291343, 36.470632000000101 ], [ -97.291343, 36.470632 ], [ -97.291371999999882, 36.463426000000183 ], [ -97.291327999999879, 36.448932000000156 ], [ -97.291357999999875, 36.44146 ], [ -97.291385999999875, 36.434450999999896 ], [ -97.291186999999852, 36.434450999999875 ], [ -97.286982453728839, 36.434462885243853 ], [ -97.291343, 36.470632000000101 ] ], [ [ -97.281849999999849, 36.434457 ], [ -97.279763, 36.43446 ], [ -97.277246999999846, 36.434450999999875 ], [ -97.275599, 36.434449 ], [ -97.27538013369545, 36.434449492942107 ], [ -97.279762999999889, 36.43446 ], [ -97.281849999999793, 36.434457000000158 ], [ -97.28324581359719, 36.434465974277728 ], [ -97.281849999999849, 36.434457 ] ], [ [ -97.274004, 36.427145000000152 ], [ -97.264837, 36.427105 ], [ -97.260617, 36.42711 ], [ -97.252382999999881, 36.427139 ], [ -97.246822, 36.427161 ], [ -97.274004, 36.427145000000202 ], [ -97.273992999999777, 36.434453000000182 ], [ -97.275104125620359, 36.434450131345187 ], [ -97.274004, 36.427145000000152 ] ], [ [ -97.246796999999773, 36.424322000000224 ], [ -97.246810777884377, 36.425671223347813 ], [ -97.246809, 36.420039 ], [ -97.246796999999773, 36.424322000000224 ] ], [ [ -97.246809, 36.420039 ], [ -97.246836, 36.405536000000133 ], [ -97.246850956718433, 36.403456047017308 ], [ -97.246809, 36.420039 ] ], [ [ -97.246866, 36.401246000000107 ], [ -97.246866, 36.401324666686612 ], [ -97.246868992183522, 36.400548821221726 ], [ -97.246866, 36.401246000000107 ] ], [ [ -97.246859856204225, 36.388178068620491 ], [ -97.246837, 36.39625 ], [ -97.246857, 36.391742 ], [ -97.246859856204225, 36.388178068620491 ] ], [ [ -97.246859999999856, 36.388153000000145 ], [ -97.246845999999863, 36.380575 ], [ -97.246830599241463, 36.377149297518251 ], [ -97.246829, 36.385737000000169 ], [ -97.246835999999846, 36.386296000000215 ], [ -97.246859999999856, 36.388153000000145 ] ], [ [ -97.246830999999816, 36.376372 ], [ -97.246830999999816, 36.376491400061077 ], [ -97.24683049959971, 36.375952165440403 ], [ -97.246830999999816, 36.376372 ] ], [ [ -97.246838, 36.375013 ], [ -97.246832, 36.37360900000013 ], [ -97.246837999999855, 36.375013000000116 ], [ -97.246834129739, 36.375264567388157 ], [ -97.246838, 36.375013 ] ], [ [ -97.233379, 36.362006 ], [ -97.244031, 36.362021000000148 ], [ -97.243617, 36.362018 ], [ -97.242318, 36.362011 ], [ -97.236677999999841, 36.361997000000152 ], [ -97.233379, 36.362006 ] ], [ [ -97.233359919703787, 36.36200626977859 ], [ -97.228994, 36.362068 ], [ -97.228994, 36.362068000000157 ], [ -97.233359919703787, 36.36200626977859 ] ], [ [ -97.228992506289458, 36.360706245982605 ], [ -97.228988999999899, 36.358501 ], [ -97.228990999999894, 36.359333000000206 ], [ -97.228992506289458, 36.360706245982605 ] ], [ [ -97.228987600555556, 36.350516276618393 ], [ -97.225791, 36.347675000000109 ], [ -97.219882999999868, 36.347706 ], [ -97.215312666502939, 36.347750904226416 ], [ -97.228987600555556, 36.350516276618393 ] ], [ [ -97.214977930841769, 36.347741544915905 ], [ -97.213714999999866, 36.347597 ], [ -97.213586999999762, 36.347597 ], [ -97.21343753230768, 36.347617103842047 ], [ -97.214977930841769, 36.347741544915905 ] ], [ [ -97.213409723285281, 36.34762068616444 ], [ -97.211925999999806, 36.347765000000102 ], [ -97.211530509109238, 36.347859625817989 ], [ -97.213409723285281, 36.34762068616444 ] ], [ [ -97.211172, 36.347903 ], [ -97.211336939138647, 36.347894863988962 ], [ -97.211167925382284, 36.347420837618166 ], [ -97.211172, 36.347903 ] ], [ [ -97.211138470745581, 36.340153044642236 ], [ -97.211138470745666, 36.340153044642165 ], [ -97.151402, 36.333431000000218 ], [ -97.211138470745581, 36.340153044642236 ] ], [ [ -97.15562299999975, 36.333473 ], [ -97.154680775420957, 36.33346349387719 ], [ -97.156276294117447, 36.333473 ], [ -97.15562299999975, 36.333473 ] ], [ [ -97.157459999999801, 36.333123 ], [ -97.157441, 36.331597000000158 ], [ -97.157468, 36.329964000000103 ], [ -97.157463999999877, 36.329757000000129 ], [ -97.157472, 36.329656000000227 ], [ -97.157476999999886, 36.325394 ], [ -97.157472, 36.324419 ], [ -97.15747799999987, 36.323393000000159 ], [ -97.157475999999875, 36.322275000000126 ], [ -97.157461999999882, 36.321251000000146 ], [ -97.157482, 36.320314 ], [ -97.157484254022947, 36.319503304449391 ], [ -97.157461999999839, 36.321251000000153 ], [ -97.157472, 36.329656000000135 ], [ -97.15746399999982, 36.329757000000178 ], [ -97.157441, 36.331597000000194 ], [ -97.157454, 36.332746 ], [ -97.157459999999787, 36.33312300000015 ], [ -97.15737573819645, 36.333395387877424 ], [ -97.157429999999806, 36.333315 ], [ -97.157459999999801, 36.333123 ] ], [ [ -97.157491, 36.318853000000352 ], [ -97.157486455159713, 36.319142355000182 ], [ -97.157455527190066, 36.314957060477703 ], [ -97.157491, 36.318853000000352 ] ], [ [ -97.157447393443022, 36.310604151726636 ], [ -97.157458999999733, 36.311647 ], [ -97.157462999999879, 36.311558000000147 ], [ -97.157447393443022, 36.310604151726636 ] ], [ [ -97.157421673078531, 36.307796050819221 ], [ -97.15738, 36.303384 ], [ -97.157384999999891, 36.302988000000283 ], [ -97.157383661212634, 36.30241901645347 ], [ -97.157421673078531, 36.307796050819221 ] ], [ [ -97.157346400317579, 36.301179437763089 ], [ -97.157340999999803, 36.301038000000155 ], [ -97.157340999999803, 36.301038000000212 ], [ -97.157346400317579, 36.301179437763089 ] ], [ [ -97.157344999999779, 36.300087000000161 ], [ -97.157316999999878, 36.297006000000138 ], [ -97.157304999999866, 36.295979 ], [ -97.157285999999885, 36.295332 ], [ -97.157292812418419, 36.29512384285519 ], [ -97.157285999999814, 36.295332 ], [ -97.157316999999864, 36.297006000000174 ], [ -97.157310999999879, 36.298631999999856 ], [ -97.157316999999864, 36.299127000000141 ], [ -97.157334999999804, 36.299749000000112 ], [ -97.157344999999737, 36.300087000000161 ], [ -97.157341020235648, 36.301033188957376 ], [ -97.157344999999779, 36.300087000000161 ] ], [ [ -97.150369263739492, 36.289886527720505 ], [ -97.157233, 36.29064 ], [ -97.157225999999881, 36.289892 ], [ -97.151636999999852, 36.28988 ], [ -97.150369263739492, 36.289886527720505 ] ], [ [ -97.139437999999899, 36.289917 ], [ -97.142700999999889, 36.289889 ], [ -97.142443, 36.28989300000012 ], [ -97.139437999999899, 36.289917 ] ], [ [ -97.032038, 36.469522 ], [ -97.032038, 36.469522000000154 ], [ -97.032040999999879, 36.463508 ], [ -97.032038, 36.469522 ] ], [ [ -97.032546, 36.506954000000164 ], [ -97.032547232497961, 36.50695398132595 ], [ -97.032118, 36.506957 ], [ -97.032546, 36.506954000000164 ] ], [ [ -97.150465999999824, 36.507302999999894 ], [ -97.149597981813002, 36.507303392946291 ], [ -97.150811982968293, 36.507305878394185 ], [ -97.150465999999824, 36.507302999999894 ] ], [ [ -97.135095, 36.507292 ], [ -97.135094999999865, 36.507292 ], [ -97.134709924842838, 36.507292873186287 ], [ -97.135095, 36.507292 ] ], [ [ -97.12870099999985, 36.507293999999874 ], [ -97.12740008054152, 36.50729538543073 ], [ -97.128700999999893, 36.507294 ], [ -97.130809999999855, 36.50731 ], [ -97.131010581754524, 36.507308746364153 ], [ -97.12870099999985, 36.507293999999874 ] ], [ [ -97.11529999999982, 36.507267 ], [ -97.113636301748727, 36.507267290655939 ], [ -97.11531988744045, 36.507266970311711 ], [ -97.11529999999982, 36.507267 ] ], [ [ -97.066167, 36.507108000000102 ], [ -97.066167, 36.507108000000102 ], [ -97.066165135187276, 36.507108004381017 ], [ -97.066167, 36.507108000000102 ] ], [ [ -97.050143, 36.507059 ], [ -97.050143, 36.507059 ], [ -97.049884658193761, 36.507058454111387 ], [ -97.050143, 36.507059 ] ], [ [ -97.040249, 36.507015000000138 ], [ -97.040249, 36.507015 ], [ -97.039017790880408, 36.507001325139562 ], [ -97.040249, 36.507015000000138 ] ], [ [ -97.282764999999884, 36.50692 ], [ -97.28276499999987, 36.50692 ], [ -97.282764001183637, 36.506920007083821 ], [ -97.282764999999884, 36.50692 ] ], [ [ -97.274124999999884, 36.50695 ], [ -97.274124999999842, 36.50695 ], [ -97.274037755885516, 36.506950507233334 ], [ -97.274124999999884, 36.50695 ] ], [ [ -97.25107, 36.506973 ], [ -97.25107, 36.506973 ], [ -97.250927418163187, 36.506973975919564 ], [ -97.25107, 36.506973 ] ], [ [ -97.246872, 36.506975 ], [ -97.246872, 36.506975 ], [ -97.246589391188863, 36.506979470914182 ], [ -97.246872, 36.506975 ] ], [ [ -97.223786, 36.507077000000123 ], [ -97.22378599999989, 36.507077 ], [ -97.221467999999831, 36.507078999999834 ], [ -97.217883023533943, 36.507090001732195 ], [ -97.223786, 36.507077000000123 ] ], [ [ -97.209873, 36.507115 ], [ -97.209873, 36.507115 ], [ -97.207728082705643, 36.507139248097864 ], [ -97.209873, 36.507115 ] ], [ [ -97.200706999999838, 36.507174 ], [ -97.199021702990251, 36.507182447604528 ], [ -97.201854763638508, 36.50717108589636 ], [ -97.200706999999838, 36.507174 ] ], [ [ -97.183665999999832, 36.507249 ], [ -97.18217822656166, 36.507249815553905 ], [ -97.184295197070171, 36.507242891290922 ], [ -97.183665999999832, 36.507249 ] ], [ [ -97.174844, 36.507271 ], [ -97.174843999999894, 36.507271 ], [ -97.174821605849218, 36.507271148853377 ], [ -97.174844, 36.507271 ] ], [ [ -97.165823132246686, 36.50728901239512 ], [ -97.165837999999837, 36.507289000000149 ], [ -97.165837999999823, 36.507289000000149 ], [ -97.165823132246686, 36.50728901239512 ] ], [ [ -97.155937999999892, 36.507317 ], [ -97.155937999999878, 36.507317 ], [ -97.155168456698661, 36.507318297274679 ], [ -97.155937999999892, 36.507317 ] ] ] } },
{ "type": "Feature", "properties": { "district_id": 4, "voting_age_pop": 566739, "lib_votes": 0, "grn_votes": 0, "con_votes": 0, "ref_votes": 0, "total_pop": 760916, "dem_votes_sum": 128394840, "rep_votes_sum": 132955, "lib_votes_sum": 0, "grn_votes_sum": 0, "con_votes_sum": 0, "ref_votes_sum": 0, "minority_pop_sum": 444898, "dem_pct": 0.99896555449348523, "rep_pct": 0.0010344455065147582, "lib_pct": 0.0, "grn_pct": 0.0, "con_pct": 0.0, "ref_pct": 0.0, "minority_pct": 0.58468740307734357, "compactness": 0.38030129784024713 }, "geometry": { "type": "Polygon", "coordinates": [ [ [ -97.602686, 35.303518 ], [ -97.671529, 35.337508 ], [ -97.671368999999899, 35.377151 ], [ -97.706793, 35.377167 ], [ -97.706819, 35.391661 ], [ -97.72458, 35.391680000000129 ], [ -97.724552, 35.377161 ], [ -97.760057, 35.377149 ], [ -97.742386, 35.406312 ], [ -97.777588, 35.406045 ], [ -97.777571, 35.507901 ], [ -97.67122, 35.514919 ], [ -97.654269, 35.500538 ], [ -97.654305999999877, 35.51518 ], [ -97.636627, 35.515123 ], [ -97.636701999999815, 35.536972 ], [ -97.624821, 35.53687 ], [ -97.638401999999886, 35.557894000000125 ], [ -97.601172, 35.541605 ], [ -97.553064, 35.550644000000126 ], [ -97.567153, 35.623734000000105 ], [ -97.638579, 35.623618 ], [ -97.638552, 35.63854 ], [ -97.567146, 35.638537 ], [ -97.567155, 35.653079 ], [ -97.531687, 35.653007 ], [ -97.531857, 35.725654000000112 ], [ -97.460513999999861, 35.725340000000109 ], [ -97.460536, 35.696241 ], [ -97.446731999999898, 35.696154 ], [ -97.443005, 35.71065 ], [ -97.371653, 35.71075 ], [ -97.371579, 35.725294 ], [ -97.141072, 35.724441 ], [ -97.141943, 35.318714 ], [ -97.423604, 35.319818 ], [ -97.423854, 35.363217 ], [ -97.459242, 35.363104 ], [ -97.459176, 35.334165 ], [ -97.512091, 35.334342999999897 ], [ -97.512172, 35.3488520000001 ], [ -97.529968, 35.348775 ], [ -97.529885, 35.334288 ], [ -97.547645, 35.334135 ], [ -97.547236, 35.290785 ], [ -97.602686, 35.303518 ] ], [ [ -97.514302722657987, 35.551127270608589 ], [ -97.514370999999613, 35.551128000000396 ], [ -97.514632999999762, 35.551127000000378 ], [ -97.514302722657987, 35.551127270608589 ] ], [ [ -97.529742485989303, 35.551114283186955 ], [ -97.529742000707259, 35.551114284601262 ], [ -97.529742, 35.551115 ], [ -97.529742485989303, 35.551114283186955 ] ], [ [ -97.549313389870377, 35.550851480069959 ], [ -97.549314999999865, 35.550852 ], [ -97.549313450969038, 35.550851472670843 ], [ -97.549313389870377, 35.550851480069959 ] ], [ [ -97.476497999999779, 35.537788999999236 ], [ -97.476503999999792, 35.536290000000299 ], [ -97.476684999836408, 35.536205000076777 ], [ -97.476497999999779, 35.537788999999236 ] ] ] } }
]
}
