{
"type": "FeatureCollection",
"name": "oklahoma_optimized_districts_race",
"crs": { "type": "name", "properties": { "name": "urn:ogc:def:crs:OGC:1.3:CRS84" } },
"features": [
{ "type": "Feature", "properties": { "district_id": 0, "voting_age_pop": 559309, "lib_votes": 0, "grn_votes": 0, "con_votes": 0, "ref_votes": 0, "total_pop": 748071, "dem_votes_sum": 207741682, "rep_votes_sum": 147405, "lib_votes_sum": 0, "grn_votes_sum": 0, "con_votes_sum": 0, "ref_votes_sum": 0, "minority_pop_sum": 363494, "dem_pct": 0.99929094402151086, "rep_pct": 0.00070905597848914506, "lib_pct": 0.0, "grn_pct": 0.0, "con_pct": 0.0, "ref_pct": 0.0, "minority_pct": 0.4859084231309595, "compactness": 0.1581751736125222 }, "geometry": { "type": "Polygon", "coordinates": [ [ [ -95.991577999999876, 34.156815 ], [ -95.83623, 34.156793 ], [ -95.837507, 34.179183 ], [ -95.892382, 34.237621 ], [ -95.914971, 34.22742 ], [ -95.916979, 34.26755 ], [ -95.892794, 34.282134 ], [ -95.917535, 34.310042 ], [ -95.935156, 34.295639 ], [ -95.946624, 34.300633 ], [ -95.960679999999897, 34.321595 ], [ -95.946526, 34.328906 ], [ -95.989615, 34.343788 ], [ -95.988182, 34.374439 ], [ -95.90078, 34.373962 ], [ -95.900819, 34.388497 ], [ -95.866852999999836, 34.388605000000105 ], [ -95.866356, 34.417339000000105 ], [ -95.779156, 34.417568 ], [ -95.778945, 34.2873 ], [ -95.744695, 34.287281 ], [ -95.744761999999852, 34.301786999999877 ], [ -95.661449, 34.301848 ], [ -95.641396, 34.339363 ], [ -95.651942, 34.365179 ], [ -95.674383, 34.368795 ], [ -95.675063, 34.417884 ], [ -95.703995, 34.456203 ], [ -95.691918999999771, 34.50679499999972 ], [ -95.6717, 34.506799000000129 ], [ -95.671976, 34.593852 ], [ -95.514315, 34.594153 ], [ -95.514174999999881, 34.767586 ], [ -95.322021, 34.767773 ], [ -95.322021, 34.782382 ], [ -95.251511, 34.781643000000109 ], [ -95.251540999999889, 34.8395 ], [ -95.28679299999979, 34.840685 ], [ -95.286862, 34.853798999999881 ], [ -95.243766, 34.858975 ], [ -95.244564, 34.875877000000116 ], [ -95.278723999999869, 34.896834 ], [ -95.239845, 34.898451 ], [ -95.232994, 34.910938 ], [ -95.250386, 34.928746 ], [ -95.302236, 34.91891 ], [ -95.301099, 34.909261 ], [ -95.319507, 34.912941999999894 ], [ -95.32172, 34.928353 ], [ -95.298161999999877, 34.926091 ], [ -95.299706, 34.955409 ], [ -95.278151, 34.960319 ], [ -95.279836999999873, 34.970849 ], [ -95.243847, 34.972838 ], [ -95.243566, 35.057898 ], [ -95.349232999999899, 35.058514 ], [ -95.349437, 35.029299 ], [ -95.507657999999864, 35.029197 ], [ -95.507774, 34.948985 ], [ -95.605043, 34.949576 ], [ -95.592485, 34.966632 ], [ -95.624236, 34.967641 ], [ -95.638743, 34.988588 ], [ -95.648721, 35.011977 ], [ -95.632044, 35.031961 ], [ -95.666121, 35.051219 ], [ -95.665738, 35.094462 ], [ -95.60469, 35.142202 ], [ -95.597182999999873, 35.1641440000001 ], [ -95.608905999999863, 35.18915 ], [ -95.592749, 35.200235 ], [ -95.596201, 35.223438 ], [ -95.513358999999866, 35.268697 ], [ -95.646401, 35.395802000000131 ], [ -95.676252, 35.399763000000149 ], [ -95.692385, 35.418777 ], [ -95.726534, 35.404651 ], [ -95.768902, 35.407095000000169 ], [ -95.778141, 35.468098 ], [ -95.823396, 35.463969 ], [ -95.822361, 35.551693000000128 ], [ -95.712957, 35.551802 ], [ -95.713081, 35.725807 ], [ -95.628101, 35.720727 ], [ -95.610959, 35.754864 ], [ -95.579872, 35.769743 ], [ -95.570986, 35.696855 ], [ -95.55324, 35.696853 ], [ -95.553222, 35.667839000000107 ], [ -95.534787, 35.667767 ], [ -95.531917, 35.686156 ], [ -95.505794, 35.697967 ], [ -95.514267, 35.711319 ], [ -95.500132, 35.711311 ], [ -95.500084, 35.783728 ], [ -95.514477, 35.793944 ], [ -95.401905, 35.806767 ], [ -95.402533, 35.885457 ], [ -95.479489999999657, 35.906973 ], [ -95.495056999999633, 35.96070200000019 ], [ -95.54252899999986, 35.989995000000114 ], [ -95.523195999999515, 36.049741000000367 ], [ -95.582819, 36.078492 ], [ -95.586407, 36.084115 ], [ -95.58069, 36.087022 ], [ -95.578451, 36.092168 ], [ -95.581024, 36.095947 ], [ -95.588361, 36.084729 ], [ -95.591269, 36.085047 ], [ -95.591105, 36.089979 ], [ -95.599859, 36.097252000000104 ], [ -95.602778, 36.086914 ], [ -95.648379, 36.08876499999986 ], [ -95.654597, 36.104269 ], [ -95.690315, 36.104349000000113 ], [ -95.690373, 36.118834 ], [ -95.761641, 36.118981 ], [ -95.76165, 36.16275 ], [ -95.77958, 36.16261 ], [ -95.77964, 36.147954 ], [ -95.86882, 36.147976 ], [ -95.856144, 36.177047 ], [ -95.868744, 36.177053 ], [ -95.868822, 36.220589000000118 ], [ -95.922451, 36.205576 ], [ -95.923129, 36.18860200000028 ], [ -95.940303, 36.187542 ], [ -95.933516, 36.160784 ], [ -95.948711, 36.171482 ], [ -95.960768, 36.158602 ], [ -95.980055, 36.159066 ], [ -95.967129, 36.143302 ], [ -96.020338999999893, 36.156573 ], [ -96.01086, 36.172762 ], [ -96.019764, 36.187357 ], [ -96.037238, 36.187358 ], [ -96.037572, 36.215632 ], [ -96.001466, 36.219302 ], [ -96.001385359319826, 36.279557458994631 ], [ -95.973663, 36.278585000000206 ], [ -95.973649, 36.292306 ], [ -96.001462999999859, 36.307448000000178 ], [ -96.004297, 36.453197999999894 ], [ -96.053346, 36.49516 ], [ -96.078725, 36.549461 ], [ -96.091815, 36.550093 ], [ -96.106170999999861, 36.52289400000025 ], [ -96.124736, 36.537414 ], [ -96.132894999999806, 36.525216 ], [ -96.144513, 36.53164 ], [ -96.156991, 36.523410000000219 ], [ -96.165156, 36.483775 ], [ -96.233382, 36.498067 ], [ -96.264129, 36.492825 ], [ -96.264445, 36.477236 ], [ -96.312513, 36.462901999999886 ], [ -96.308483, 36.535503 ], [ -96.328301, 36.535537 ], [ -96.376426, 36.477112 ], [ -96.389332, 36.476972 ], [ -96.389718, 36.463073 ], [ -96.407411, 36.463213 ], [ -96.397709, 36.482452 ], [ -96.407643, 36.520968 ], [ -96.389733, 36.521045 ], [ -96.38978, 36.534131 ], [ -96.416766, 36.554935000000135 ], [ -96.450298, 36.559289 ], [ -96.435256999999865, 36.611666 ], [ -96.493256, 36.62978 ], [ -96.484593999999873, 36.680813 ], [ -96.508473, 36.680813 ], [ -96.525481, 36.746263 ], [ -96.469360999999893, 36.757392 ], [ -96.45429, 36.770645 ], [ -96.427452999999872, 36.76944 ], [ -96.454689999999886, 36.785113 ], [ -96.437528, 36.795278 ], [ -96.446701, 36.840037999999893 ], [ -96.424752, 36.845251 ], [ -96.420647, 36.868482 ], [ -96.474968, 36.869371 ], [ -96.474775, 36.840467 ], [ -96.492591, 36.869627 ], [ -96.75164, 36.86213 ], [ -96.749838, 36.998988 ], [ -94.617963999999844, 36.998905 ], [ -94.617919, 36.499414000000144 ], [ -94.430661999999856, 35.392478 ], [ -94.487611, 33.628544 ], [ -94.505655, 33.620668 ], [ -94.517468, 33.633056000000153 ], [ -94.52795, 33.615964 ], [ -94.535313, 33.624585 ], [ -94.518529, 33.63757 ], [ -94.527491, 33.641344 ], [ -94.568965, 33.627453 ], [ -94.542627, 33.653992 ], [ -94.549636, 33.660675999999896 ], [ -94.590478, 33.645075 ], [ -94.560339, 33.666591 ], [ -94.580784, 33.666392 ], [ -94.58793, 33.686255 ], [ -94.596019, 33.663863 ], [ -94.622042999999891, 33.682535 ], [ -94.638679, 33.663988 ], [ -94.662598, 33.660682 ], [ -94.670759999999845, 33.6693 ], [ -94.645337, 33.673644 ], [ -94.643715, 33.701522 ], [ -94.651402, 33.685843 ], [ -94.666885, 33.694583 ], [ -94.684796, 33.684353 ], [ -94.716188, 33.687902 ], [ -94.70156, 33.702878 ], [ -94.733965, 33.715687 ], [ -94.715943, 33.694913 ], [ -94.735117, 33.691259 ], [ -94.753801, 33.708663 ], [ -94.733413, 33.725191 ], [ -94.751366, 33.71354 ], [ -94.751825, 33.734326 ], [ -94.768695, 33.726989 ], [ -94.788637, 33.735669000000115 ], [ -94.758948, 33.748532 ], [ -94.763035, 33.759764 ], [ -94.802833, 33.732699 ], [ -94.817023, 33.740007 ], [ -94.820706999999899, 33.768964 ], [ -94.830875, 33.759985 ], [ -94.821989, 33.732878 ], [ -94.867544, 33.744904 ], [ -94.877125, 33.753123 ], [ -94.866736, 33.76183 ], [ -94.868144, 33.768874 ], [ -94.876372, 33.75733 ], [ -94.921525999999844, 33.790472 ], [ -94.91801, 33.826783 ], [ -94.923289, 33.808742 ], [ -94.947874, 33.808356 ], [ -94.943888, 33.830226 ], [ -94.964401, 33.837021 ], [ -94.970205, 33.861817 ], [ -94.988487, 33.851 ], [ -95.002187, 33.86371300000016 ], [ -95.046568, 33.862565 ], [ -95.060104999999822, 33.901873 ], [ -95.075876, 33.901846 ], [ -95.066759999999874, 33.917101 ], [ -95.089607, 33.880857 ], [ -95.100378, 33.895595000000178 ], [ -95.080059999999762, 33.920989 ], [ -95.120893, 33.904539 ], [ -95.131644, 33.913926 ], [ -95.1247, 33.934675 ], [ -95.215081, 33.962389 ], [ -95.249395, 33.939889 ], [ -95.258106, 33.889809 ], [ -95.268513, 33.91098 ], [ -95.283804, 33.906489 ], [ -95.278174, 33.878386 ], [ -95.288926, 33.87307 ], [ -95.329935999999847, 33.886334 ], [ -95.362571, 33.866902 ], [ -95.442746, 33.866506 ], [ -95.463336, 33.872396 ], [ -95.46144, 33.887106 ], [ -95.504992, 33.875918 ], [ -95.509526, 33.897586 ], [ -95.544141, 33.880603 ], [ -95.55421, 33.926958 ], [ -95.594085, 33.943057 ], [ -95.629256, 33.905895000000122 ], [ -95.665478, 33.909004 ], [ -95.690483, 33.887936 ], [ -95.745131, 33.89669 ], [ -95.765593, 33.871016 ], [ -95.840297, 33.87417 ], [ -95.878707, 33.916158 ], [ -95.91752, 33.924277 ], [ -95.935503, 33.941532 ], [ -95.938196, 34.125591 ], [ -95.954879, 34.149594999999898 ], [ -95.991577999999876, 34.156815 ] ], [ [ -95.395425999999517, 35.882792000000364 ], [ -95.395019, 35.882464000000212 ], [ -95.394053999999727, 35.881688 ], [ -95.395425999999517, 35.882792000000364 ] ] ] } },
{ "type": "Feature", "properties": { "district_id": 1, "voting_age_pop": 559138, "lib_votes": 0, "grn_votes": 0, "con_votes": 0, "ref_votes": 0, "total_pop": 739528, "dem_votes_sum": 182039483, "rep_votes_sum": 141662, "lib_votes_sum": 0, "grn_votes_sum": 0, "con_votes_sum": 0, "ref_votes_sum": 0, "minority_pop_sum": 292217, "dem_pct": 0.99922241129838107, "rep_pct": 0.0007775887016189299, "lib_pct": 0.0, "grn_pct": 0.0, "con_pct": 0.0, "ref_pct": 0.0, "minority_pct": 0.39513987300007575, "compactness": 0.10139056346180988 }, "geometry": { "type": "Polygon", "coordinates": [ [ [ -98.812954, 34.158444 ], [ -98.869246, 34.150207 ], [ -98.872922, 34.166584 ], [ -98.918333, 34.181831 ], [ -98.951284, 34.212189 ], [ -98.972609, 34.202591 ], [ -98.988172, 34.221310000000159 ], [ -99.012957, 34.203194 ], [ -99.047031, 34.198018000000133 ], [ -99.079392, 34.21155 ], [ -99.12664, 34.203064 ], [ -99.130443, 34.219478 ], [ -99.153653, 34.207328 ], [ -99.190384, 34.214699999999894 ], [ -99.195403, 34.280849 ], [ -99.211448, 34.292247 ], [ -99.206905, 34.338277 ], [ -99.232632, 34.33887200000013 ], [ -99.236494, 34.365805 ], [ -99.274415, 34.384349 ], [ -99.258917, 34.391255 ], [ -99.261275, 34.403508 ], [ -99.280045, 34.400655 ], [ -99.294632, 34.415381 ], [ -99.319602, 34.408879 ], [ -99.35897, 34.455807 ], [ -99.378267, 34.458161 ], [ -99.395187, 34.44203 ], [ -99.387181, 34.410842 ], [ -99.405285999999876, 34.372858 ], [ -99.424897, 34.385823000000144 ], [ -99.438269, 34.371164000000149 ], [ -99.514279999999857, 34.414035 ], [ -99.569696, 34.418418 ], [ -99.600026, 34.374688 ], [ -99.694528, 34.378218 ], [ -99.923211, 34.574552 ], [ -99.953817, 34.578527000000157 ], [ -99.971606, 34.562169 ], [ -100.000277, 34.560450000000138 ], [ -100.000393, 35.422369 ], [ -99.57582, 35.421655 ], [ -99.575598, 35.508861 ], [ -99.364141, 35.508793 ], [ -99.364128999999892, 35.55172 ], [ -99.377051999999864, 35.551741 ], [ -99.381022, 36.012925 ], [ -99.446522, 36.006987 ], [ -99.486871, 35.985472 ], [ -99.513897, 35.927671 ], [ -99.557246, 35.88951 ], [ -99.592105, 35.907896 ], [ -99.629751, 35.897552 ], [ -99.633743, 36.183515 ], [ -99.613733, 36.187655 ], [ -99.616099, 36.216384 ], [ -99.595856, 36.21703 ], [ -99.596079, 36.164061000000139 ], [ -98.955849, 36.161577 ], [ -98.960719, 36.319082 ], [ -98.930858, 36.321836 ], [ -98.907768, 36.347754 ], [ -98.875008, 36.354805 ], [ -98.863403, 36.354194 ], [ -98.847457, 36.318730000000102 ], [ -98.782288, 36.318887 ], [ -98.782443, 36.361859999999886 ], [ -98.729603, 36.365574 ], [ -98.729588, 36.376339 ], [ -98.711654, 36.376384000000101 ], [ -98.711647, 36.405255 ], [ -98.680593, 36.400625 ], [ -98.67751, 36.409354 ], [ -98.642922, 36.396843 ], [ -98.658021, 36.378629000000117 ], [ -98.623103, 36.377568999999895 ], [ -98.613687, 36.304318 ], [ -98.62258, 36.275376 ], [ -98.471003, 36.272124 ], [ -98.462009, 36.246264 ], [ -98.478789, 36.246301 ], [ -98.476329, 35.971293 ], [ -98.343506, 35.971011000000111 ], [ -98.353227, 35.91374700000015 ], [ -98.402122999999847, 35.898638 ], [ -98.411827, 35.848646000000116 ], [ -98.384245, 35.841141 ], [ -98.418656, 35.838338 ], [ -98.411898, 35.783225 ], [ -98.47272, 35.783189 ], [ -98.475224, 35.794016 ], [ -98.508253, 35.778878 ], [ -98.508185, 35.797596 ], [ -98.525505, 35.797679000000144 ], [ -98.543393, 35.783185 ], [ -98.632044, 35.783395 ], [ -98.632212, 35.667496 ], [ -98.649991, 35.667603 ], [ -98.650018, 35.638545 ], [ -98.738379, 35.638367 ], [ -98.738398, 35.6501400000001 ], [ -98.771859, 35.66484 ], [ -98.7739, 35.638492 ], [ -98.844918, 35.63858 ], [ -98.844908, 35.565995 ], [ -98.703136999999899, 35.565914 ], [ -98.683408999999884, 35.5369 ], [ -98.64048, 35.53647 ], [ -98.640908, 35.507899 ], [ -98.6233, 35.507915 ], [ -98.623255, 35.53626 ], [ -98.43844, 35.529036 ], [ -98.438395, 35.500511000000145 ], [ -98.497811, 35.507302 ], [ -98.509965999999807, 35.46426000000011 ], [ -98.500454, 35.464262 ], [ -98.500661, 35.421046 ], [ -98.526444, 35.42077 ], [ -98.526445999999837, 35.290702 ], [ -98.412167, 35.290827 ], [ -98.41207, 35.233047 ], [ -98.341578, 35.232747 ], [ -98.326345, 35.222983 ], [ -98.324027, 35.247185 ], [ -98.306411, 35.247304 ], [ -98.306449, 35.276348000000112 ], [ -98.288998, 35.276108000000171 ], [ -98.288609, 35.261925 ], [ -98.262601, 35.268911 ], [ -98.252842, 35.117212 ], [ -98.354763, 35.117304 ], [ -98.354717, 35.106360999999893 ], [ -98.33167, 35.103904000000107 ], [ -98.325925, 35.079640000000104 ], [ -98.31428, 35.078014 ], [ -98.319933, 35.0555 ], [ -98.299630999999863, 35.042583 ], [ -98.273783, 35.052769 ], [ -98.268062999999515, 35.072509000000103 ], [ -98.122194999999437, 35.072175000000108 ], [ -98.092883999999671, 35.083207 ], [ -98.093055999999876, 35.028817 ], [ -98.022574, 35.029029 ], [ -98.022768, 35.114484 ], [ -98.036678, 35.121641 ], [ -98.018003, 35.120215 ], [ -98.021293, 35.160069 ], [ -97.917135, 35.16023 ], [ -97.917059, 35.203666 ], [ -97.670887, 35.203775 ], [ -97.670833, 35.291009000000109 ], [ -97.653275, 35.290983999999867 ], [ -97.653206999999895, 35.218346 ], [ -97.599914, 35.218377 ], [ -97.599721, 35.182220000000122 ], [ -97.564628, 35.18183 ], [ -97.56451800000012, 35.203842 ], [ -97.529442, 35.212663 ], [ -97.442652, 35.160442 ], [ -97.433069, 35.143794 ], [ -97.407082, 35.138144 ], [ -97.402076, 35.08637 ], [ -97.307073, 35.072796 ], [ -97.142009, 35.072792 ], [ -97.142059999999859, 35.145213 ], [ -97.01086, 35.14522 ], [ -96.970033999999885, 35.169223 ], [ -96.93209, 35.175076 ], [ -96.922285999999815, 35.246250000000153 ], [ -96.936338, 35.2504530000001 ], [ -96.942210999999858, 35.289725 ], [ -96.622896999999895, 35.290054000000133 ], [ -96.612957, 35.304583 ], [ -96.618164, 35.385505000000101 ], [ -96.638714, 35.387767 ], [ -96.623699, 35.400722 ], [ -96.619649, 35.770568000000139 ], [ -96.458579, 35.828121 ], [ -96.459026, 35.698354 ], [ -96.476755, 35.697210000000148 ], [ -96.477161, 35.66816 ], [ -96.512786, 35.668018 ], [ -96.505821, 35.643995000000167 ], [ -96.476563, 35.639040000000151 ], [ -96.476879, 35.552017 ], [ -96.38808, 35.559857 ], [ -96.388122, 35.551997 ], [ -96.352623, 35.551921 ], [ -96.35281, 35.536994 ], [ -96.299623, 35.536683 ], [ -96.299671, 35.478672 ], [ -96.317435999999873, 35.478766 ], [ -96.317407999999702, 35.431563000000196 ], [ -96.303476999999631, 35.431543000000147 ], [ -96.303861, 35.442431000000191 ], [ -96.211481999999762, 35.435139000000326 ], [ -96.21137099999963, 35.391613000000348 ], [ -96.213335999999558, 35.391646 ], [ -96.218372999999744, 35.391623 ], [ -96.219334999999717, 35.391645000000132 ], [ -96.21969599999953, 35.391653 ], [ -96.222357297540015, 35.39162133412966 ], [ -96.158865, 35.385494 ], [ -96.14866, 35.3624760000001 ], [ -96.087498, 35.362388 ], [ -96.087502, 35.336983 ], [ -96.048767, 35.338406 ], [ -96.034997, 35.328383 ], [ -96.034506999999849, 35.289795000000105 ], [ -95.981375999999898, 35.289899 ], [ -95.981307, 35.376827999999897 ], [ -95.960842999999883, 35.376808000000111 ], [ -95.999157999999738, 35.456402 ], [ -95.999449, 35.491105000000111 ], [ -95.981451, 35.492779 ], [ -95.97953, 35.551838 ], [ -95.979951999999898, 35.595830000000134 ], [ -95.997177999999849, 35.595648000000345 ], [ -95.997260999999796, 35.60976500000011 ], [ -95.92777599999971, 35.609996000000393 ], [ -95.936487999999656, 35.567108000000452 ], [ -95.921568, 35.555076000000199 ], [ -95.90864699999986, 35.559101 ], [ -95.822361, 35.551693000000128 ], [ -95.823396, 35.463969 ], [ -95.778141, 35.468098 ], [ -95.768902, 35.407095000000169 ], [ -95.726534, 35.404651 ], [ -95.692385, 35.418777 ], [ -95.676252, 35.399763000000149 ], [ -95.646401, 35.395802000000131 ], [ -95.601874, 35.342202 ], [ -95.517653999999865, 35.275383 ], [ -95.514959, 35.263197 ], [ -95.57037, 35.245497 ], [ -95.596201, 35.223438 ], [ -95.592749, 35.200235 ], [ -95.608905999999863, 35.18915 ], [ -95.597182999999873, 35.1641440000001 ], [ -95.60469, 35.142202 ], [ -95.665738, 35.094462 ], [ -95.666121, 35.051219 ], [ -95.632044, 35.031961 ], [ -95.648721, 35.011977 ], [ -95.638743, 34.988588 ], [ -95.624236, 34.967641 ], [ -95.592485, 34.966632 ], [ -95.605043, 34.949576 ], [ -95.507774, 34.948985 ], [ -95.507657999999864, 35.029197 ], [ -95.349437, 35.029299 ], [ -95.349232999999899, 35.058514 ], [ -95.243566, 35.057898 ], [ -95.243847, 34.972838 ], [ -95.279836999999873, 34.970849 ], [ -95.278151, 34.960319 ], [ -95.299706, 34.955409 ], [ -95.298161999999877, 34.926091 ], [ -95.32172, 34.928353 ], [ -95.319507, 34.912941999999894 ], [ -95.301099, 34.909261 ], [ -95.302236, 34.91891 ], [ -95.250386, 34.928746 ], [ -95.232994, 34.910938 ], [ -95.239845, 34.898451 ], [ -95.278723999999869, 34.896834 ], [ -95.244564, 34.875877000000116 ], [ -95.243766, 34.858975 ], [ -95.286862, 34.853798999999881 ], [ -95.28679299999979, 34.840685 ], [ -95.251540999999889, 34.8395 ], [ -95.251511, 34.781643000000109 ], [ -95.322021, 34.782382 ], [ -95.322021, 34.767773 ], [ -95.514174999999881, 34.767586 ], [ -95.514315, 34.594153 ], [ -95.671976, 34.593852 ], [ -95.6717, 34.506799 ], [ -95.691918999999771, 34.50679499999972 ], [ -95.703995, 34.456203 ], [ -95.675063, 34.417884 ], [ -95.674383, 34.368795 ], [ -95.651942, 34.365179 ], [ -95.641396, 34.339363 ], [ -95.661449, 34.301848 ], [ -95.744761999999753, 34.301786999999898 ], [ -95.744695, 34.287281 ], [ -95.778945, 34.2873 ], [ -95.779154, 34.418784 ], [ -95.866356, 34.417339000000105 ], [ -95.866852999999836, 34.388605000000105 ], [ -95.900819, 34.388497 ], [ -95.90078, 34.373962 ], [ -95.988182, 34.374439 ], [ -95.989615, 34.343788 ], [ -95.946526, 34.328906 ], [ -95.960679999999897, 34.321595 ], [ -95.946624, 34.300633 ], [ -95.935156, 34.295639 ], [ -95.917535, 34.310042 ], [ -95.892794, 34.282134 ], [ -95.916979, 34.26755 ], [ -95.914971, 34.22742 ], [ -95.892382, 34.237621 ], [ -95.837091, 34.177767000000109 ], [ -95.83623, 34.156793 ], [ -95.991577999999862, 34.156815 ], [ -95.954879, 34.149595 ], [ -95.938196, 34.125591 ], [ -95.936327, 33.943196 ], [ -95.917942, 33.924475000000136 ], [ -95.878706999999892, 33.916158 ], [ -95.840297, 33.87417 ], [ -95.760056, 33.873817 ], [ -95.752346, 33.854574000000106 ], [ -95.770239, 33.845202 ], [ -95.815571, 33.859853 ], [ -95.834514, 33.835124 ], [ -95.92825, 33.885354 ], [ -95.941902, 33.861508 ], [ -95.944139999999891, 33.859998 ], [ -95.948676, 33.858041000000107 ], [ -95.951382, 33.857332 ], [ -95.984856, 33.852492 ], [ -95.984927, 33.865805 ], [ -96.002925, 33.87359 ], [ -95.997708, 33.852183 ], [ -96.020624, 33.840627 ], [ -96.026968, 33.857474 ], [ -96.048834, 33.836468 ], [ -96.100095, 33.847971 ], [ -96.09936, 33.830470000000105 ], [ -96.146535, 33.838303 ], [ -96.150765, 33.816987 ], [ -96.179122, 33.810224 ], [ -96.169591999999895, 33.800944000000101 ], [ -96.163766, 33.813051 ], [ -96.155538, 33.81404 ], [ -96.178603, 33.760426 ], [ -96.221131, 33.747391 ], [ -96.293708, 33.769409 ], [ -96.311224, 33.708003 ], [ -96.342568, 33.686755 ], [ -96.362197, 33.691818 ], [ -96.369589, 33.716809000000104 ], [ -96.423532, 33.776432 ], [ -96.500984, 33.772801 ], [ -96.531966, 33.823989 ], [ -96.572937, 33.819098 ], [ -96.62805899999988, 33.8446 ], [ -96.585452, 33.891281 ], [ -96.628293999999883, 33.894477 ], [ -96.659896, 33.916666000000106 ], [ -96.675306, 33.909114 ], [ -96.700778999999883, 33.837897 ], [ -96.761587, 33.824407 ], [ -96.794276, 33.868886 ], [ -96.832157, 33.874835 ], [ -96.850593, 33.847211 ], [ -96.875281, 33.860505 ], [ -96.917652, 33.958580000000126 ], [ -96.97287, 33.935698 ], [ -96.987892, 33.954671000000133 ], [ -96.984683, 33.888651000000117 ], [ -97.039428, 33.837893 ], [ -97.063785999999894, 33.859965 ], [ -97.087247, 33.853448 ], [ -97.089569, 33.843423 ], [ -97.054675, 33.835049 ], [ -97.048146, 33.817456 ], [ -97.092646, 33.804198 ], [ -97.086983, 33.741947 ], [ -97.105836, 33.721855 ], [ -97.12987, 33.717576 ], [ -97.160687, 33.727596 ], [ -97.192851, 33.760362 ], [ -97.204995, 33.81887 ], [ -97.166629, 33.847310999999898 ], [ -97.180845, 33.895203999999893 ], [ -97.210921, 33.916064 ], [ -97.245049, 33.903216 ], [ -97.255639, 33.863702000000124 ], [ -97.275606999999866, 33.858168 ], [ -97.309172, 33.888698 ], [ -97.314257, 33.865089 ], [ -97.332063, 33.855056 ], [ -97.33188, 33.884483 ], [ -97.368731, 33.821443 ], [ -97.426799, 33.818641 ], [ -97.463242, 33.842004 ], [ -97.450807, 33.886608 ], [ -97.46142, 33.90523 ], [ -97.500271, 33.919635 ], [ -97.551541, 33.897947 ], [ -97.581078, 33.899679 ], [ -97.59695, 33.916311 ], [ -97.589597, 33.953554 ], [ -97.671277, 33.991553000000103 ], [ -97.69311, 33.983699000000144 ], [ -97.732261, 33.936519 ], [ -97.762768, 33.934396 ], [ -97.76377, 33.914241 ], [ -97.783522, 33.918302000000125 ], [ -97.780839, 33.894447 ], [ -97.79891, 33.898537 ], [ -97.805423, 33.877167 ], [ -97.817643, 33.880992 ], [ -97.83432, 33.857634 ], [ -97.875311, 33.849721 ], [ -97.967752, 33.882214 ], [ -97.98454, 33.900703 ], [ -97.978804, 33.912548 ], [ -97.957155, 33.914454 ], [ -97.953395, 33.936445 ], [ -97.974173, 33.942832 ], [ -97.94573, 33.989839 ], [ -97.974173, 34.006716 ], [ -98.027672, 33.993357 ], [ -98.088203, 34.005481 ], [ -98.106179, 34.034887 ], [ -98.082463, 34.039428 ], [ -98.120208, 34.072127 ], [ -98.089755, 34.1282110000001 ], [ -98.109462, 34.154111 ], [ -98.130816, 34.150532 ], [ -98.170827, 34.114171 ], [ -98.232474, 34.134641 ], [ -98.293901, 34.13302 ], [ -98.365621, 34.156993 ], [ -98.384380999999848, 34.146317 ], [ -98.380093, 34.130831 ], [ -98.398441, 34.128456 ], [ -98.414426, 34.085074000000148 ], [ -98.48204, 34.06227 ], [ -98.560976999999866, 34.123922 ], [ -98.55088, 34.132583 ], [ -98.599789, 34.160571 ], [ -98.648072999999883, 34.164441 ], [ -98.690072, 34.133155 ], [ -98.734287, 34.135758000000152 ], [ -98.750341, 34.124215 ], [ -98.812954, 34.158444 ] ], [ [ -99.135078, 35.209737 ], [ -99.135078994492233, 35.21022032469272 ], [ -99.135082210034653, 35.209187069437313 ], [ -99.135078, 35.209737 ] ], [ [ -99.131774, 35.20433 ], [ -99.131774, 35.20433 ], [ -99.13250363966246, 35.204326110662855 ], [ -99.131774, 35.20433 ] ], [ [ -99.125611703281507, 35.204349294110301 ], [ -99.124839, 35.204355 ], [ -99.124976, 35.204355 ], [ -99.125611703281507, 35.204349294110301 ] ], [ [ -99.119742, 35.204348 ], [ -99.119742, 35.204348 ], [ -99.119740776161194, 35.204348003081449 ], [ -99.119742, 35.204348 ] ], [ [ -99.113464, 35.204364 ], [ -99.114797922491576, 35.204360575295354 ], [ -99.113464995585545, 35.203780993513618 ], [ -99.113464, 35.204364 ] ], [ [ -99.113561, 35.189442 ], [ -99.113560928207974, 35.189449176356 ], [ -99.113561007087583, 35.189440772675255 ], [ -99.113561, 35.189442 ] ], [ [ -99.113574, 35.142212 ], [ -99.113549694305092, 35.143468751268799 ], [ -99.113599042372996, 35.141398128554826 ], [ -99.113574, 35.142212 ] ], [ [ -99.113704, 35.135959 ], [ -99.113704671678661, 35.136077383798629 ], [ -99.11369246262953, 35.133795520786563 ], [ -99.113704, 35.135959 ] ], [ [ -99.254419, 34.989107000000146 ], [ -99.254431, 34.989551 ], [ -99.254439999999818, 34.989592000000123 ], [ -99.254419, 34.989107000000146 ] ], [ [ -99.237247593278866, 34.988363082367556 ], [ -99.237331222318559, 34.988131991502925 ], [ -99.237247616931768, 34.988359494398551 ], [ -99.237247593278866, 34.988363082367556 ] ], [ [ -98.054578999999862, 34.521618 ], [ -98.055073, 34.521614 ], [ -98.054529857382235, 34.521618 ], [ -98.054578999999862, 34.521618 ] ], [ [ -96.448727, 34.157373000000149 ], [ -96.448727, 34.157373000000149 ], [ -96.448722029320137, 34.157373023687867 ], [ -96.448727, 34.157373000000149 ] ], [ [ -96.453901, 34.157348 ], [ -96.453813, 34.156716 ], [ -96.453819909733596, 34.155489829581683 ], [ -96.453813, 34.156716000000152 ], [ -96.453901, 34.157348 ] ], [ [ -96.453820021426864, 34.155466686394625 ], [ -96.45388, 34.143253 ], [ -96.453947, 34.12861 ], [ -96.45397, 34.125095 ], [ -96.453839, 34.114406000000123 ], [ -96.453820021426864, 34.155466686394625 ] ], [ [ -96.487640968047472, 34.110533930584282 ], [ -96.487634, 34.114226 ], [ -96.487634, 34.114226 ], [ -96.487640968047472, 34.110533930584282 ] ], [ [ -96.487692999999865, 34.105221000000114 ], [ -96.487692999999808, 34.10522100000022 ], [ -96.48768603766402, 34.107899510298367 ], [ -96.487692999999865, 34.105221000000114 ] ], [ [ -96.483056999999746, 34.08890400000039 ], [ -96.487656999999885, 34.097888 ], [ -96.487653, 34.097529 ], [ -96.487619, 34.09663 ], [ -96.487597999999807, 34.096346 ], [ -96.487486999999703, 34.095893 ], [ -96.487345, 34.095422 ], [ -96.487095999999838, 34.094813 ], [ -96.486732999999845, 34.093987000000162 ], [ -96.485445, 34.09134 ], [ -96.484945999999738, 34.090372000000187 ], [ -96.48469, 34.089941000000103 ], [ -96.484567999999854, 34.089778000000116 ], [ -96.484422999999808, 34.089641000000121 ], [ -96.483823, 34.089217 ], [ -96.483519999999828, 34.089066 ], [ -96.483056999999803, 34.088904000000284 ], [ -96.482765, 34.088823 ], [ -96.482244999999736, 34.088759000000188 ], [ -96.479813999999806, 34.088737 ], [ -96.461337999999898, 34.088689 ], [ -96.459541999999871, 34.088635 ], [ -96.450338999999857, 34.084957 ], [ -96.450040999999885, 34.08489 ], [ -96.449704, 34.084825000000109 ], [ -96.449355, 34.084796000000182 ], [ -96.448472, 34.084778000000121 ], [ -96.446461999999883, 34.084787 ], [ -96.442861, 34.084825000000109 ], [ -96.442855999999836, 34.084263 ], [ -96.442860999999866, 34.08482500000018 ], [ -96.450338999999801, 34.084957000000124 ], [ -96.459541999999828, 34.088635000000167 ], [ -96.461337999999841, 34.088689000000123 ], [ -96.482244999999679, 34.088759000000231 ], [ -96.483056999999746, 34.08890400000039 ] ], [ [ -96.44288, 34.081995 ], [ -96.442861, 34.080895 ], [ -96.442888999999866, 34.078825 ], [ -96.44288599999976, 34.078045 ], [ -96.442860999999866, 34.080895000000105 ], [ -96.44288, 34.081995000000148 ], [ -96.442856460882425, 34.084219447167811 ], [ -96.44288, 34.081995 ] ], [ [ -96.433282, 34.076776000000208 ], [ -96.442365, 34.076388 ], [ -96.441622, 34.075815 ], [ -96.437137, 34.075609 ], [ -96.433282, 34.076776 ], [ -96.432842, 34.076456 ], [ -96.432732, 34.076227 ], [ -96.432484, 34.076067 ], [ -96.43075, 34.075426 ], [ -96.430668, 34.075013 ], [ -96.43053, 34.074785 ], [ -96.43017299999984, 34.074534 ], [ -96.429621, 34.073503 ], [ -96.429262999999878, 34.073114 ], [ -96.429044, 34.072977 ], [ -96.427448, 34.073595 ], [ -96.42632, 34.074556 ], [ -96.425685, 34.074579 ], [ -96.425327, 34.074167 ], [ -96.424887, 34.0740750000001 ], [ -96.424363, 34.07419 ], [ -96.424226, 34.074029 ], [ -96.424144, 34.072175 ], [ -96.423924, 34.071876999999873 ], [ -96.423099, 34.071396 ], [ -96.422851, 34.071306 ], [ -96.422051, 34.071305 ], [ -96.420314999999889, 34.070341 ], [ -96.420019, 34.070231 ], [ -96.417563999999899, 34.069405 ], [ -96.416078, 34.069062 ], [ -96.413625, 34.068718 ], [ -96.41266, 34.068787 ], [ -96.410594, 34.069565000000111 ], [ -96.4077806265052, 34.067170420488573 ], [ -96.410594, 34.06956500000021 ], [ -96.416078, 34.06906200000018 ], [ -96.422051, 34.071305000000159 ], [ -96.423099, 34.071396000000192 ], [ -96.424226, 34.074029 ], [ -96.424363, 34.07419 ], [ -96.425327, 34.074167000000131 ], [ -96.425685, 34.074579000000107 ], [ -96.42632, 34.074556000000165 ], [ -96.429044, 34.072977 ], [ -96.43075, 34.075426 ], [ -96.433282, 34.076776000000208 ] ], [ [ -96.459756999999627, 34.019851000000109 ], [ -96.459756999999641, 34.019851 ], [ -96.458138479901791, 34.019845971703411 ], [ -96.459756999999627, 34.019851000000109 ] ], [ [ -96.465552999999659, 34.012614 ], [ -96.465553006528992, 34.012615256902237 ], [ -96.465552999999659, 34.012614 ], [ -96.465552999999659, 34.012614 ] ], [ [ -96.465563989547334, 34.012134144679294 ], [ -96.465563999999858, 34.012136 ], [ -96.465563999999858, 34.012136 ], [ -96.465563989547334, 34.012134144679294 ] ], [ [ -96.465555999999751, 34.0109130000004 ], [ -96.465555999999737, 34.010913000000272 ], [ -96.465555999999751, 34.011184000000306 ], [ -96.465555999999751, 34.0109130000004 ] ], [ [ -96.474271820145631, 34.010781197931962 ], [ -96.474271820145617, 34.01078119793182 ], [ -96.46765772442366, 34.010824702889657 ], [ -96.474271820145631, 34.010781197931962 ] ], [ [ -96.467872, 33.969038000000268 ], [ -96.471558205512579, 33.969034007359419 ], [ -96.465639, 33.969029 ], [ -96.467872, 33.969038000000268 ] ], [ [ -96.471564999999799, 33.969034000000107 ], [ -96.474841090848358, 33.9690398836862 ], [ -96.473982, 33.969038000000104 ], [ -96.471564999999799, 33.969034000000107 ] ], [ [ -96.475795, 33.969037 ], [ -96.478839333333298, 33.969016333333343 ], [ -96.478676, 33.969017 ], [ -96.475795, 33.969037 ], [ -96.475456317124909, 33.969038169215963 ], [ -96.475795, 33.969037 ] ], [ [ -96.494975, 33.969046 ], [ -96.484231999999821, 33.969037 ], [ -96.485648999999896, 33.96904500000015 ], [ -96.491183, 33.969052000000183 ], [ -96.494975, 33.969046 ] ], [ [ -96.494975, 33.969046 ], [ -96.497832, 33.969049 ], [ -96.498432359536253, 33.969051558350309 ], [ -96.494975, 33.969046 ] ], [ [ -96.500499, 33.969058 ], [ -96.502856999999779, 33.969059 ], [ -96.500485044969039, 33.969057957345747 ], [ -96.500499, 33.969058 ] ], [ [ -96.504185999999848, 33.968034 ], [ -96.504186, 33.968034 ], [ -96.503443308085153, 33.968135374234556 ], [ -96.504185999999848, 33.968034 ] ], [ [ -96.509072, 33.96792 ], [ -96.509468004569698, 33.967788289339303 ], [ -96.508892022913543, 33.967951547713156 ], [ -96.509072, 33.96792 ] ], [ [ -96.50976799999988, 33.967501 ], [ -96.509738443399954, 33.967534721436742 ], [ -96.50976799999988, 33.967501000000127 ], [ -96.50976799999988, 33.967501 ] ], [ [ -96.50999, 33.965211000000188 ], [ -96.50999, 33.965211 ], [ -96.509517433866634, 33.965363748655768 ], [ -96.50999, 33.965211000000188 ] ], [ [ -96.511253999999738, 33.964067000000206 ], [ -96.51120910607726, 33.96409726650397 ], [ -96.511253999999738, 33.964067000000213 ], [ -96.511253999999738, 33.964067000000206 ] ], [ [ -96.511282, 33.96377 ], [ -96.511282, 33.96377 ], [ -96.511280029402769, 33.963790902439605 ], [ -96.511282, 33.96377 ] ], [ [ -96.51175, 33.96187 ], [ -96.51175, 33.96187 ], [ -96.511402745044506, 33.962159511095294 ], [ -96.51175, 33.96187 ] ], [ [ -96.512546999999856, 33.961664000000113 ], [ -96.512463676248473, 33.961785198211572 ], [ -96.51254699999987, 33.961664000000177 ], [ -96.512546999999856, 33.961664000000113 ] ], [ [ -96.510561609704808, 33.959281628713228 ], [ -96.510652999999877, 33.959236 ], [ -96.510652999999806, 33.959236 ], [ -96.510561609704808, 33.959281628713228 ] ], [ [ -96.509746, 33.959625 ], [ -96.509797042477842, 33.959614327484118 ], [ -96.509746, 33.959625 ], [ -96.509746, 33.959625 ] ], [ [ -96.510324999999881, 33.956832 ], [ -96.510325, 33.956832 ], [ -96.510302669533544, 33.956843764152808 ], [ -96.510324999999881, 33.956832 ] ], [ [ -96.511809, 33.956947000000291 ], [ -96.511809, 33.956947000000106 ], [ -96.511407342938924, 33.956789605500887 ], [ -96.511809, 33.956947000000291 ] ], [ [ -96.513897, 33.956811 ], [ -96.51492165491706, 33.956147149127588 ], [ -96.512854810797037, 33.956923365444183 ], [ -96.513897, 33.956811 ] ], [ [ -96.515299, 33.954911000000244 ], [ -96.516471557640699, 33.953897352560162 ], [ -96.515154678617733, 33.955497699638528 ], [ -96.515299, 33.954911000000244 ] ], [ [ -96.517388, 33.952989000000244 ], [ -96.517388, 33.952989 ], [ -96.517187673662747, 33.953426986329831 ], [ -96.517388, 33.952989000000244 ] ], [ [ -96.518294999999824, 33.951364000000211 ], [ -96.518295, 33.951364 ], [ -96.518277292460596, 33.951384803963471 ], [ -96.518294999999824, 33.951364000000211 ] ], [ [ -96.51857, 33.951181000000204 ], [ -96.51857, 33.951181 ], [ -96.518554591412212, 33.95119097026339 ], [ -96.51857, 33.951181000000204 ] ], [ [ -96.519339, 33.951159000000118 ], [ -96.519338999999775, 33.951159000000125 ], [ -96.519645647526744, 33.951256921068186 ], [ -96.519339, 33.951159000000118 ] ], [ [ -96.520162999999698, 33.951639 ], [ -96.520163, 33.951639 ], [ -96.519743144976076, 33.951309948810696 ], [ -96.520162999999698, 33.951639 ] ], [ [ -96.521123286068431, 33.951499383752598 ], [ -96.520987, 33.951708 ], [ -96.520987, 33.951708 ], [ -96.521123286068431, 33.951499383752598 ] ], [ [ -96.521785, 33.949741000000252 ], [ -96.521785, 33.949741 ], [ -96.521432672430976, 33.950877258297652 ], [ -96.521785, 33.949741000000252 ] ], [ [ -96.52228, 33.948436 ], [ -96.522238796212491, 33.948476658103459 ], [ -96.52228, 33.948436 ], [ -96.52228, 33.948436 ] ], [ [ -96.52455999999988, 33.94825400000029 ], [ -96.524747691496145, 33.948952713251693 ], [ -96.523541123516409, 33.948140241962285 ], [ -96.52455999999988, 33.94825400000029 ] ], [ [ -96.524395, 33.949742 ], [ -96.524606225597978, 33.950376645687633 ], [ -96.524464762230394, 33.94960775211036 ], [ -96.524395, 33.949742 ] ], [ [ -96.525191, 33.950612 ], [ -96.525191, 33.950612 ], [ -96.524920333333299, 33.950517111160195 ], [ -96.525191, 33.950612 ] ], [ [ -96.526854, 33.950368000000211 ], [ -96.526854, 33.950368 ], [ -96.526287496195039, 33.950591306858129 ], [ -96.526854, 33.950368000000211 ] ], [ [ -96.796016, 34.057656 ], [ -96.796016, 34.047087 ], [ -96.796004999999894, 34.044950000000114 ], [ -96.795998999999838, 34.043961000000103 ], [ -96.796001, 34.042459 ], [ -96.796003, 34.041837000000115 ], [ -96.796003, 34.041742 ], [ -96.795998999999838, 34.040694000000144 ], [ -96.795994, 34.039969000000184 ], [ -96.7959993197328, 34.030602638203732 ], [ -96.795994, 34.039969000000298 ], [ -96.796016, 34.057656 ] ], [ [ -96.795996373067965, 34.02964247337507 ], [ -96.795986999999826, 34.027311000000104 ], [ -96.795983497822675, 34.024847687356463 ], [ -96.795996373067965, 34.02964247337507 ] ], [ [ -96.795993, 34.020727000000164 ], [ -96.795991348088776, 34.021034586981393 ], [ -96.795991328997289, 34.020194287693634 ], [ -96.795993, 34.020727000000164 ] ], [ [ -96.795985, 34.015008000000165 ], [ -96.795967, 34.013484 ], [ -96.795964975476011, 34.013141855789932 ], [ -96.795968, 34.013654000000116 ], [ -96.795976, 34.01434 ], [ -96.795985, 34.015008000000215 ], [ -96.795984005804115, 34.015469640789135 ], [ -96.795985, 34.015008000000165 ] ], [ [ -96.795963, 34.012808 ], [ -96.795963804617202, 34.012943980351693 ], [ -96.795967991060081, 34.009917178101162 ], [ -96.795963, 34.012808 ] ], [ [ -97.129685999999836, 34.502958488000189 ], [ -97.129684982603024, 34.503029995006017 ], [ -97.129685258658199, 34.503030075021996 ], [ -97.129685999999836, 34.502958488000189 ] ], [ [ -96.576083113745611, 34.114446261990238 ], [ -96.58515599999987, 34.114485 ], [ -96.585314732881656, 34.11446426103123 ], [ -96.576083113745611, 34.114446261990238 ] ], [ [ -96.565588259712115, 34.114404543106666 ], [ -96.566404, 34.114407000000142 ], [ -96.572454999999877, 34.114432 ], [ -96.572456928756367, 34.114432005898337 ], [ -96.566403999999849, 34.114407 ], [ -96.566104, 34.114406 ], [ -96.565588259712115, 34.114404543106666 ] ], [ [ -96.56520229120764, 34.114403178039197 ], [ -96.564231, 34.114399 ], [ -96.564689, 34.114401 ], [ -96.56520229120764, 34.114403178039197 ] ], [ [ -96.549943, 34.114291 ], [ -96.549527411669345, 34.114285020311719 ], [ -96.554439411114217, 34.114361703587363 ], [ -96.549943, 34.114291 ] ], [ [ -96.546042, 34.11427200000027 ], [ -96.549525559633793, 34.114284993276783 ], [ -96.541249978883457, 34.114260838461142 ], [ -96.546042, 34.11427200000027 ] ], [ [ -96.523376, 34.114216000000226 ], [ -96.530315684076925, 34.114232266340935 ], [ -96.523273819999986, 34.114216 ], [ -96.523376, 34.114216000000226 ] ], [ [ -96.514871660653299, 34.114245740554345 ], [ -96.518787, 34.114204 ], [ -96.523116583328786, 34.114215019720035 ], [ -96.514871660653299, 34.114245740554345 ] ], [ [ -96.514449, 34.11425 ], [ -96.514147832947444, 34.114258228608072 ], [ -96.514841033207205, 34.114246059967833 ], [ -96.514449, 34.11425 ] ], [ [ -96.51366199999967, 34.114272 ], [ -96.512860327923846, 34.114287463725738 ], [ -96.514055735141611, 34.11426077714566 ], [ -96.51366199999967, 34.114272 ] ], [ [ -96.512176, 34.114300000000114 ], [ -96.511932195615969, 34.114303765318923 ], [ -96.512565058362298, 34.114293010927796 ], [ -96.512176, 34.114300000000114 ] ], [ [ -96.510952, 34.11432 ], [ -96.511824425531628, 34.114306000000141 ], [ -96.511819999999602, 34.114306 ], [ -96.510951999999619, 34.11432 ], [ -96.510580472796121, 34.114324328472271 ], [ -96.510952, 34.11432 ] ], [ [ -96.50400999999971, 34.114308000000101 ], [ -96.501023922312086, 34.114298411310862 ], [ -96.506389461681351, 34.114315901044279 ], [ -96.50400999999971, 34.114308000000101 ] ], [ [ -96.494181, 34.114186000000153 ], [ -96.499788108057601, 34.114287057111838 ], [ -96.490306227493363, 34.114174105072877 ], [ -96.494181, 34.114186000000153 ] ], [ [ -96.490203296329213, 34.114177816871184 ], [ -96.490272, 34.114174 ], [ -96.490271999999891, 34.114174 ], [ -96.490203296329213, 34.114177816871184 ] ], [ [ -96.489564999999857, 34.114205000000197 ], [ -96.489721629629372, 34.114204 ], [ -96.489199490148422, 34.1142091068524 ], [ -96.489564999999857, 34.114205000000197 ] ], [ [ -96.671088808709072, 33.997924919854356 ], [ -96.672098999999875, 33.998117000000128 ], [ -96.672631999999894, 33.998182000000135 ], [ -96.671088808709072, 33.997924919854356 ] ], [ [ -96.667687, 33.997187 ], [ -96.66624034870722, 33.997076817700517 ], [ -96.670890390173938, 33.997881951481723 ], [ -96.667687, 33.997187 ] ], [ [ -96.665506937056762, 33.997055588042244 ], [ -96.663400999999894, 33.99713900000021 ], [ -96.664465, 33.997081 ], [ -96.664468999999812, 33.997081 ], [ -96.66510299999986, 33.9970560000001 ], [ -96.665211999999826, 33.997052 ], [ -96.665506937056762, 33.997055588042244 ] ], [ [ -96.660194573616792, 33.997281302465332 ], [ -96.661859, 33.997219 ], [ -96.662755053856003, 33.997167906643242 ], [ -96.660194573616792, 33.997281302465332 ] ], [ [ -96.659932, 33.997291000000125 ], [ -96.659932, 33.997291000000182 ], [ -96.6600235406016, 33.997287799279839 ], [ -96.659932, 33.997291000000125 ] ], [ [ -96.657693999999893, 33.997407000000145 ], [ -96.654894491885287, 33.997538417801081 ], [ -96.657693999999879, 33.997407000000166 ], [ -96.658480999999881, 33.997361 ], [ -96.65931599999989, 33.997325000000302 ], [ -96.65962758764023, 33.997308130605596 ], [ -96.658481, 33.997361 ], [ -96.657693999999893, 33.997407000000145 ] ], [ [ -96.654824782431604, 33.997541867729048 ], [ -96.65346599999981, 33.997593 ], [ -96.654387999999685, 33.997563000000106 ], [ -96.654464999999831, 33.997560000000227 ], [ -96.654824782431604, 33.997541867729048 ] ], [ [ -96.649339307692216, 33.997526 ], [ -96.649542, 33.997529000000128 ], [ -96.649728, 33.997533000000111 ], [ -96.651793, 33.997570000000138 ], [ -96.652766999999898, 33.997598000000195 ], [ -96.649339307692216, 33.997526 ] ], [ [ -96.646894999999887, 33.997465000000126 ], [ -96.645370788732464, 33.997434069917368 ], [ -96.646894999999859, 33.99746500000019 ], [ -96.648845999999821, 33.997517000000222 ], [ -96.649310470705373, 33.99752542611489 ], [ -96.648845999999864, 33.997517000000201 ], [ -96.646894999999887, 33.997465000000126 ] ], [ [ -96.643085999999798, 33.997429000000167 ], [ -96.643085999999798, 33.997429000000203 ], [ -96.644402669401472, 33.997416545275485 ], [ -96.643085999999798, 33.997429000000167 ] ], [ [ -96.641828269143971, 33.997531305301877 ], [ -96.636748, 33.998141000000111 ], [ -96.63674729446268, 33.99814113707594 ], [ -96.641828269143971, 33.997531305301877 ] ], [ [ -96.636198683814683, 33.998248012252688 ], [ -96.634145315953717, 33.998612637271258 ], [ -96.635283999999885, 33.998421 ], [ -96.635844999999847, 33.998317000000121 ], [ -96.636198683814683, 33.998248012252688 ] ], [ [ -96.633372, 33.998754 ], [ -96.633371999999881, 33.998754 ], [ -96.633620339803443, 33.998708654095097 ], [ -96.633372, 33.998754 ] ], [ [ -96.629034682556252, 33.999583936012229 ], [ -96.622358999999804, 34.000822 ], [ -96.621315610090733, 34.001017318137954 ], [ -96.62235899999979, 34.000822000000127 ], [ -96.624468999999635, 34.000463000000224 ], [ -96.625207, 34.00033 ], [ -96.627028999999879, 33.999999 ], [ -96.629034682556252, 33.999583936012229 ] ], [ [ -96.615457776651724, 33.997517257173136 ], [ -96.619939, 33.999449000000254 ], [ -96.61622599999987, 33.997801 ], [ -96.615457776651724, 33.997517257173136 ] ], [ [ -96.613369, 33.992401 ], [ -96.613368999999679, 33.992401 ], [ -96.613205257345982, 33.993060281230335 ], [ -96.613369, 33.992401 ] ], [ [ -96.616161870309668, 33.991452951483083 ], [ -96.61563799999989, 33.990729 ], [ -96.615637999999734, 33.990729 ], [ -96.616161870309668, 33.991452951483083 ] ], [ [ -96.608701024220366, 33.98753221700899 ], [ -96.609774, 33.987767 ], [ -96.608877, 33.987512 ], [ -96.608701024220366, 33.98753221700899 ] ], [ [ -96.603707999999713, 33.988724 ], [ -96.60301267178896, 33.988305245847677 ], [ -96.603091, 33.98842 ], [ -96.603707999999713, 33.988724 ] ], [ [ -96.606295439699835, 33.984592931031834 ], [ -96.602942999999755, 33.987044 ], [ -96.602793189489745, 33.987783948715681 ], [ -96.606295439699835, 33.984592931031834 ] ], [ [ -96.607343216793538, 33.983307874831866 ], [ -96.607353999999773, 33.983243 ], [ -96.607353999999773, 33.983243 ], [ -96.607343216793538, 33.983307874831866 ] ], [ [ -96.603358, 33.979970000000137 ], [ -96.603358, 33.979970000000257 ], [ -96.604179991402745, 33.980239205097 ], [ -96.603358, 33.979970000000137 ] ], [ [ -96.602375, 33.979642000000119 ], [ -96.599599025422904, 33.97614653043037 ], [ -96.600154999999745, 33.977757 ], [ -96.600147999999621, 33.97887500000013 ], [ -96.600370999999683, 33.979430000000171 ], [ -96.601201, 33.979878000000184 ], [ -96.602375, 33.979642000000119 ] ], [ [ -96.598279, 33.974904 ], [ -96.598279, 33.974904 ], [ -96.598439373701666, 33.97502758982435 ], [ -96.598279, 33.974904 ] ], [ [ -96.593663999999748, 33.974095000000133 ], [ -96.593699999999899, 33.973290000000155 ], [ -96.594096169173483, 33.974354675377825 ], [ -96.593663999999748, 33.974095000000133 ] ], [ [ -96.593977635034449, 33.971323364588201 ], [ -96.59434299999981, 33.972444 ], [ -96.594332, 33.971655000000219 ], [ -96.593977635034449, 33.971323364588201 ] ], [ [ -96.593643060238122, 33.97101216674838 ], [ -96.588982999999871, 33.970163000000227 ], [ -96.588982999999814, 33.970163000000262 ], [ -96.593643060238122, 33.97101216674838 ] ], [ [ -96.586600999999789, 33.972462000000121 ], [ -96.586601, 33.972462 ], [ -96.587013945073352, 33.971667807632969 ], [ -96.586600999999789, 33.972462000000121 ] ], [ [ -96.585873999999663, 33.974661 ], [ -96.585873999999663, 33.974661000000154 ], [ -96.585913932572396, 33.974566433522668 ], [ -96.585873999999663, 33.974661 ] ], [ [ -96.585584999999682, 33.974718 ], [ -96.585439200382183, 33.974628704086484 ], [ -96.585584999999639, 33.974718 ], [ -96.585584999999682, 33.974718 ] ], [ [ -96.585389999999776, 33.973753 ], [ -96.585344992483513, 33.973508257520692 ], [ -96.585296, 33.974541 ], [ -96.585389999999776, 33.973753 ] ], [ [ -96.584361999999714, 33.966505 ], [ -96.584362, 33.966505 ], [ -96.583248759814452, 33.966135132486066 ], [ -96.584361999999714, 33.966505 ] ], [ [ -96.581259, 33.965475 ], [ -96.581259, 33.965475000000168 ], [ -96.581403625018396, 33.965522651036331 ], [ -96.581259, 33.965475 ] ], [ [ -96.57619, 33.963885 ], [ -96.576189999999869, 33.963885 ], [ -96.576341841450542, 33.963981475113677 ], [ -96.57619, 33.963885 ] ], [ [ -96.576366, 33.960811000000149 ], [ -96.57636599999978, 33.960811000000284 ], [ -96.576130597116517, 33.961734920439866 ], [ -96.576366, 33.960811000000149 ] ], [ [ -96.579554, 33.956659 ], [ -96.579554, 33.956659000000151 ], [ -96.58121377642226, 33.955432367405514 ], [ -96.579554, 33.956659 ] ], [ [ -96.583035, 33.954752 ], [ -96.583035, 33.954752 ], [ -96.584295999999853, 33.95491 ], [ -96.585077580206359, 33.954891322532731 ], [ -96.583035, 33.954752 ] ], [ [ -96.585599999999729, 33.952646 ], [ -96.585384, 33.954884000000114 ], [ -96.585035525481047, 33.951817342950754 ], [ -96.585599999999729, 33.952646 ] ], [ [ -96.584615, 33.9512 ], [ -96.584581952277588, 33.951101614045164 ], [ -96.584614999999886, 33.9512 ], [ -96.584615, 33.9512 ] ], [ [ -96.584824, 33.949864000000225 ], [ -96.585158695410499, 33.949636834514273 ], [ -96.584353, 33.950420000000165 ], [ -96.584824, 33.949864000000225 ] ], [ [ -96.58712099999984, 33.948305 ], [ -96.587233158412133, 33.948261806838453 ], [ -96.587121, 33.948305 ], [ -96.58712099999984, 33.948305 ] ], [ [ -96.591663, 33.951512999999878 ], [ -96.588732482199021, 33.948633052552687 ], [ -96.590911, 33.951185000000109 ], [ -96.591663, 33.951512999999878 ] ], [ [ -96.593057999999743, 33.950922 ], [ -96.593058, 33.950922 ], [ -96.593604815252121, 33.949346447502236 ], [ -96.593057999999743, 33.950922 ] ], [ [ -96.595347999999817, 33.946740000000212 ], [ -96.595347999999717, 33.946740000000226 ], [ -96.59488330417804, 33.946938257445055 ], [ -96.595347999999817, 33.946740000000212 ] ], [ [ -96.596462, 33.945667000000249 ], [ -96.596462, 33.94566700000032 ], [ -96.596381269432868, 33.94579744633964 ], [ -96.596462, 33.945667000000249 ] ], [ [ -96.592213999999828, 33.940519 ], [ -96.592120724548437, 33.940358412530756 ], [ -96.592213999999814, 33.940519 ], [ -96.592213999999828, 33.940519 ] ], [ [ -96.590824222172458, 33.937440628560076 ], [ -96.591573999999767, 33.934928000000149 ], [ -96.590932, 33.935944 ], [ -96.590790999999854, 33.937328 ], [ -96.590824222172458, 33.937440628560076 ] ], [ [ -96.589545, 33.927884 ], [ -96.589545, 33.927884 ], [ -96.591180053771168, 33.930181620661564 ], [ -96.589545, 33.927884 ] ], [ [ -96.581588783567085, 33.925228251116586 ], [ -96.585891999999774, 33.925849000000163 ], [ -96.587334559630392, 33.926360234483433 ], [ -96.585892, 33.925849 ], [ -96.584013999999883, 33.925354 ], [ -96.581588783567085, 33.925228251116586 ] ], [ [ -96.580593, 33.923882000000219 ], [ -96.580590999999799, 33.923312 ], [ -96.580786590116688, 33.924385069755544 ], [ -96.580593, 33.923882000000219 ] ], [ [ -96.576141179580176, 33.925086720073416 ], [ -96.580533, 33.923334 ], [ -96.578493, 33.92412 ], [ -96.576141179580176, 33.925086720073416 ] ], [ [ -96.571588, 33.926917 ], [ -96.571588, 33.926917000000223 ], [ -96.57490010997526, 33.925590307148468 ], [ -96.571588, 33.926917 ] ], [ [ -96.561205, 33.930361 ], [ -96.561205, 33.930361 ], [ -96.562706820863625, 33.929944437121733 ], [ -96.561205, 33.930361 ] ], [ [ -96.557002999999867, 33.931288 ], [ -96.555358775957828, 33.93126202945821 ], [ -96.55700299999971, 33.931288 ], [ -96.557002999999867, 33.931288 ] ], [ [ -96.548076, 33.931978 ], [ -96.553700213989543, 33.931258419303965 ], [ -96.54678199999988, 33.932325000000191 ], [ -96.548076, 33.931978 ] ], [ [ -96.538795677089922, 33.942984569217437 ], [ -96.544962999999896, 33.935510000000299 ], [ -96.544971999199717, 33.935492198121665 ], [ -96.538795677089922, 33.942984569217437 ] ], [ [ -96.535211, 33.945642 ], [ -96.535211, 33.945642 ], [ -96.535816055171381, 33.945235343034398 ], [ -96.535211, 33.945642 ] ], [ [ -96.529999, 33.948507 ], [ -96.529998999999876, 33.948507000000262 ], [ -96.530705270164447, 33.948016132514638 ], [ -96.529999, 33.948507 ] ], [ [ -96.587389, 33.896499 ], [ -96.587389, 33.896499 ], [ -96.587749075221922, 33.896008550086094 ], [ -96.587389, 33.896499 ] ], [ [ -96.59111, 33.90322500000017 ], [ -96.59111, 33.903225000000141 ], [ -96.590956524215116, 33.903449874872372 ], [ -96.59111, 33.90322500000017 ] ], [ [ -96.588738999999833, 33.905315 ], [ -96.58253, 33.908299 ], [ -96.582236436832204, 33.908897732956902 ], [ -96.588738999999833, 33.905315 ] ], [ [ -96.580974, 33.913839000000145 ], [ -96.580974, 33.913839000000102 ], [ -96.580973863787193, 33.91384764141749 ], [ -96.580974, 33.913839000000145 ] ], [ [ -96.589683, 33.917432 ], [ -96.589683, 33.917432 ], [ -96.589724325422722, 33.917467892301453 ], [ -96.589683, 33.917432 ] ], [ [ -96.590909999999894, 33.919231 ], [ -96.590909999999894, 33.919231 ], [ -96.590881094952579, 33.919261268046561 ], [ -96.590909999999894, 33.919231 ] ], [ [ -96.584243510499064, 33.918710153376892 ], [ -96.587396, 33.91887 ], [ -96.584565, 33.918587 ], [ -96.584243510499064, 33.918710153376892 ] ], [ [ -96.580589, 33.922209000000109 ], [ -96.580589, 33.922209 ], [ -96.580589362702611, 33.922409031565351 ], [ -96.580589, 33.922209000000109 ] ], [ [ -96.795977, 34.005097 ], [ -96.795977, 34.005097000000141 ], [ -96.795968034802343, 34.009893381284911 ], [ -96.795977, 34.005097 ] ], [ [ -96.795951999999872, 34.003612 ], [ -96.795948, 34.001022 ], [ -96.795907, 33.999772 ], [ -96.795932, 33.99927400000017 ], [ -96.795951, 33.998864 ], [ -96.79595499999985, 33.998776 ], [ -96.795967, 33.998508000000101 ], [ -96.795968, 33.998334 ], [ -96.795951999999872, 34.003612 ] ], [ [ -96.726241999999843, 33.999590000000325 ], [ -96.726230999999828, 33.999278000000103 ], [ -96.726214, 33.99973400000021 ], [ -96.726241999999843, 33.999590000000325 ] ], [ [ -96.430789, 34.016371 ], [ -96.430789, 34.016371 ], [ -96.430481309453057, 34.016326989074258 ], [ -96.430789, 34.016371 ] ], [ [ -96.428398, 34.016645 ], [ -96.429943465532261, 34.016265635359964 ], [ -96.427708784768868, 34.017095227752087 ], [ -96.428398, 34.016645 ] ], [ [ -96.423993599999932, 34.016251400000499 ], [ -96.424659, 34.016394 ], [ -96.426064088174172, 34.01712582511977 ], [ -96.423993599999932, 34.016251400000499 ] ], [ [ -96.421909, 34.014195999999899 ], [ -96.421795902505878, 34.014061107932953 ], [ -96.42213860004243, 34.01482175090942 ], [ -96.421909, 34.014195999999899 ] ], [ [ -96.42103, 34.013326 ], [ -96.421103879408136, 34.013387491674791 ], [ -96.42103, 34.013326 ], [ -96.42103, 34.013326 ] ], [ [ -96.417978999999875, 34.013507 ], [ -96.418768892740545, 34.012796837807272 ], [ -96.41793520278668, 34.013661484928264 ], [ -96.417978999999875, 34.013507 ] ], [ [ -96.416027, 34.013735 ], [ -96.416027, 34.013735 ], [ -96.41530195108264, 34.013940870283434 ], [ -96.416027, 34.013735 ] ], [ [ -96.414020037622876, 34.013974091155951 ], [ -96.414295, 34.01378 ], [ -96.414294999999839, 34.01378 ], [ -96.414020037622876, 34.013974091155951 ] ], [ [ -96.413635, 34.014055 ], [ -96.413635, 34.014055 ], [ -96.413590888427038, 34.01399982052623 ], [ -96.413635, 34.014055 ] ], [ [ -96.407675, 34.012418000000132 ], [ -96.407675853439954, 34.012464939217075 ], [ -96.407675, 34.012418 ], [ -96.407675, 34.012418000000132 ] ], [ [ -96.390201, 34.019637 ], [ -96.390201, 34.019637 ], [ -96.390208, 34.021529 ], [ -96.390201, 34.019637 ] ], [ [ -96.389763, 34.020314 ], [ -96.389791655404338, 34.020389257781865 ], [ -96.389763, 34.020314 ], [ -96.389763, 34.020314 ] ], [ [ -96.387817070529096, 34.023266114247477 ], [ -96.388553, 34.022182 ], [ -96.389441155060723, 34.020806551643339 ], [ -96.388553, 34.022182 ], [ -96.38819, 34.022698 ], [ -96.387817070529096, 34.023266114247477 ] ], [ [ -96.38665999999985, 34.025041 ], [ -96.386576235564704, 34.025166527945018 ], [ -96.386753320885347, 34.024897521489571 ], [ -96.38665999999985, 34.025041 ] ], [ [ -96.385247, 34.02718 ], [ -96.385247, 34.02718 ], [ -96.385297822509514, 34.026918957577493 ], [ -96.385247, 34.02718 ] ], [ [ -96.375014, 34.026611 ], [ -96.37300736055208, 34.026583171419333 ], [ -96.376237092272405, 34.026615378612156 ], [ -96.375014, 34.026611 ] ], [ [ -96.372519, 34.039271 ], [ -96.371351999999874, 34.040070000000327 ], [ -96.372519, 34.039271000000156 ], [ -96.373178475334242, 34.047386281294628 ], [ -96.372519, 34.039271 ] ], [ [ -96.355896, 34.053629000000278 ], [ -96.362431999999885, 34.046437000000182 ], [ -96.362104, 34.046714000000172 ], [ -96.361402, 34.047307000000188 ], [ -96.359631999999863, 34.048963000000292 ], [ -96.358869999999854, 34.049770000000251 ], [ -96.358096999999745, 34.050675000000183 ], [ -96.356026, 34.053448000000273 ], [ -96.355896, 34.053629000000136 ], [ -96.3552, 34.05060900000035 ], [ -96.355896, 34.053629000000278 ] ], [ [ -96.355408, 34.050246000000215 ], [ -96.353026, 34.050502000000257 ], [ -96.352227, 34.050621000000113 ], [ -96.352048999999838, 34.05064800000023 ], [ -96.344618, 34.052567 ], [ -96.344281, 34.052256 ], [ -96.343706, 34.052633 ], [ -96.343649098377014, 34.052742271327602 ], [ -96.344281, 34.052256000000177 ], [ -96.344618, 34.052567000000167 ], [ -96.352048999999795, 34.050648000000344 ], [ -96.35404899999979, 34.050440000000357 ], [ -96.355407999999883, 34.0502460000003 ], [ -96.355404, 34.050401000000342 ], [ -96.355398321041079, 34.050636676813589 ], [ -96.355408, 34.050246000000215 ] ], [ [ -96.036197, 34.157396 ], [ -96.025022743852873, 34.157337045721334 ], [ -96.036857999999881, 34.15758 ], [ -96.036197, 34.157396 ] ], [ [ -96.011227047317149, 34.157183495418657 ], [ -96.000261, 34.156857 ], [ -95.99896171973441, 34.156850977843618 ], [ -96.011227047317149, 34.157183495418657 ] ], [ [ -96.343713816451, 34.15720836637184 ], [ -96.343034, 34.15721000000017 ], [ -96.342999429253439, 34.157210080293524 ], [ -96.343713816451, 34.15720836637184 ] ], [ [ -96.306647, 34.157192000000101 ], [ -96.306665476529417, 34.157191649734258 ], [ -96.306640497297892, 34.157192119380163 ], [ -96.306647, 34.157192000000101 ] ], [ [ -96.258012499999907, 34.157338 ], [ -96.259731, 34.157331 ], [ -96.262791281425677, 34.15107697122334 ], [ -96.258012499999907, 34.157338 ] ], [ [ -96.256124999999884, 34.157346000000132 ], [ -96.257792849618198, 34.15733886481452 ], [ -96.255871724247896, 34.157346849918675 ], [ -96.256124999999884, 34.157346000000132 ] ], [ [ -96.248034384759137, 34.157221517309438 ], [ -96.250266999999866, 34.157369000000152 ], [ -96.251254, 34.157365000000183 ], [ -96.253048, 34.157358000000137 ], [ -96.255188207488118, 34.157349528505982 ], [ -96.248034384759137, 34.157221517309438 ] ], [ [ -96.247002, 34.157208 ], [ -96.24745919406584, 34.157214199241665 ], [ -96.242823639517169, 34.15715624491817 ], [ -96.247002, 34.157208 ] ], [ [ -96.233953, 34.157172 ], [ -96.233357628514597, 34.157167772318836 ], [ -96.24108981445498, 34.157151124492003 ], [ -96.233953, 34.157172 ] ], [ [ -96.232033497227917, 34.157153495234539 ], [ -96.223130999999853, 34.157161 ], [ -96.223217999999875, 34.15716700000015 ], [ -96.232033497227917, 34.157153495234539 ] ], [ [ -96.18559999999988, 34.157035 ], [ -96.220581398407234, 34.157138799930806 ], [ -96.185591984688344, 34.157034987257042 ], [ -96.18559999999988, 34.157035 ] ], [ [ -96.181793999999897, 34.157029000000101 ], [ -96.182890176972407, 34.157030713669172 ], [ -96.180495276827699, 34.15702728362578 ], [ -96.181793999999897, 34.157029000000101 ] ], [ [ -96.144619336840762, 34.156915379407444 ], [ -96.146572, 34.156979 ], [ -96.170876673362443, 34.157013611883855 ], [ -96.146572, 34.156979 ], [ -96.145258, 34.156884 ], [ -96.144619336840762, 34.156915379407444 ] ], [ [ -96.140824, 34.157065 ], [ -96.143970864454857, 34.156947333444897 ], [ -96.129232808038438, 34.157130781270865 ], [ -96.140824, 34.157065 ] ], [ [ -96.125264, 34.157154000000155 ], [ -96.128808121151451, 34.157133140026794 ], [ -96.124079230769141, 34.157152 ], [ -96.125264, 34.157154000000155 ] ], [ [ -96.096956999999833, 34.157097 ], [ -96.102543, 34.157108 ], [ -96.109248, 34.157122000000157 ], [ -96.118742634763393, 34.157141236784121 ], [ -96.102543, 34.157108 ], [ -96.096957, 34.157097 ], [ -96.085899, 34.157027 ], [ -96.085865206896429, 34.157027 ], [ -96.096956999999833, 34.157097 ] ], [ [ -96.085796207747421, 34.157003628091246 ], [ -96.084945, 34.156709 ], [ -96.084832976235631, 34.156685854594464 ], [ -96.085796207747421, 34.157003628091246 ] ], [ [ -96.084477, 34.156671000000159 ], [ -96.08481579115238, 34.156682411190879 ], [ -96.084414, 34.156673 ], [ -96.084477, 34.156671000000159 ] ], [ [ -96.080432, 34.156810000000107 ], [ -96.080432, 34.15681 ], [ -96.074267517947931, 34.157022454726373 ], [ -96.080432, 34.156810000000107 ] ], [ [ -96.038042, 34.157564000000143 ], [ -96.061580242884929, 34.157256255360785 ], [ -96.037236969725626, 34.157574878787841 ], [ -96.038042, 34.157564000000143 ] ], [ [ -96.407798, 34.055692 ], [ -96.39901, 34.055679 ], [ -96.397297, 34.055725 ], [ -96.396278999999879, 34.055775 ], [ -96.394587, 34.05572 ], [ -96.394294, 34.055711 ], [ -96.393562, 34.055705 ], [ -96.39036, 34.055696 ], [ -96.387973, 34.055656 ], [ -96.386469, 34.055644 ], [ -96.385612999999864, 34.055639 ], [ -96.38417, 34.055667 ], [ -96.378879, 34.05563 ], [ -96.377753, 34.055633 ], [ -96.375012, 34.05569 ], [ -96.37384, 34.055668 ], [ -96.369334, 34.055633000000128 ], [ -96.375012, 34.05569 ], [ -96.377752999999885, 34.055633000000135 ], [ -96.384169999999855, 34.055667000000128 ], [ -96.385612999999807, 34.055639000000127 ], [ -96.396278999999822, 34.05577500000021 ], [ -96.407798, 34.055692 ], [ -96.407802, 34.060069000000219 ], [ -96.407805, 34.061856 ], [ -96.407814, 34.063861 ], [ -96.40781300025894, 34.065461585282485 ], [ -96.407814, 34.063861 ], [ -96.407798, 34.055692 ] ], [ [ -96.371551999999895, 34.050724 ], [ -96.371552, 34.050724 ], [ -96.372067733315376, 34.049592906035343 ], [ -96.371551999999895, 34.050724 ] ], [ [ -96.343592999999871, 34.05285 ], [ -96.342329, 34.053458000000127 ], [ -96.343266999999855, 34.052607 ], [ -96.343592999999871, 34.05285 ] ], [ [ -96.338133999999897, 34.059797 ], [ -96.338133999999897, 34.059797 ], [ -96.338135, 34.05884000000011 ], [ -96.338133999999897, 34.059797 ] ], [ [ -96.338133770221432, 34.062758725659741 ], [ -96.338133, 34.062818 ], [ -96.338133, 34.062818 ], [ -96.338133770221432, 34.062758725659741 ] ], [ [ -96.33792095158563, 34.077887179261346 ], [ -96.324169, 34.091549 ], [ -96.323464, 34.092146 ], [ -96.322867, 34.092532 ], [ -96.320637, 34.094273 ], [ -96.319702, 34.095021 ], [ -96.319023, 34.095587 ], [ -96.318031, 34.096363 ], [ -96.317306, 34.096973 ], [ -96.316936, 34.097347 ], [ -96.314893999999867, 34.099031 ], [ -96.314755, 34.099146 ], [ -96.314552, 34.099314 ], [ -96.314323839715627, 34.099515721114869 ], [ -96.33792095158563, 34.077887179261346 ] ], [ [ -96.314306738234947, 34.099530841062212 ], [ -96.282549, 34.125143 ], [ -96.281116, 34.126212 ], [ -96.27965799999987, 34.127332000000123 ], [ -96.27843, 34.128338 ], [ -96.276307013009074, 34.13024291493501 ], [ -96.298554999999894, 34.11377300000013 ], [ -96.299184, 34.113263000000224 ], [ -96.30071, 34.11199 ], [ -96.301563, 34.111267 ], [ -96.302513, 34.11044 ], [ -96.303925, 34.10918 ], [ -96.314306738234947, 34.099530841062212 ] ], [ [ -96.271716164015857, 34.135235625403709 ], [ -96.274136999999868, 34.132413000000163 ], [ -96.27604397912549, 34.130493839101781 ], [ -96.271716164015857, 34.135235625403709 ] ], [ [ -96.27023, 34.137228 ], [ -96.270229999999898, 34.137228000000142 ], [ -96.271177387408201, 34.136015262852887 ], [ -96.27023, 34.137228 ] ], [ [ -96.269078999999849, 34.138883 ], [ -96.268734313837996, 34.139431663318398 ], [ -96.269135824787611, 34.138801172318409 ], [ -96.269078999999849, 34.138883 ] ], [ [ -96.266556326890964, 34.143346434404265 ], [ -96.267355, 34.141830000000134 ], [ -96.266793, 34.142897 ], [ -96.266556326890964, 34.143346434404265 ] ], [ [ -96.265418, 34.145636 ], [ -96.265295493299718, 34.14589557015119 ], [ -96.2657467312726, 34.144969235888574 ], [ -96.265418, 34.145636 ] ], [ [ -96.258266999999847, 35.39169 ], [ -96.258041, 35.391565 ], [ -96.258, 35.39154 ], [ -96.257934, 35.391536 ], [ -96.25763, 35.391555000000118 ], [ -96.256957, 35.391629000000194 ], [ -96.255677, 35.391615 ], [ -96.247471, 35.391628000000118 ], [ -96.243520999999831, 35.391659 ], [ -96.24168762404436, 35.391686929468953 ], [ -96.256956999999886, 35.391629000000236 ], [ -96.257933999999679, 35.391536000000343 ], [ -96.258, 35.391540000000163 ], [ -96.258094, 35.391613000000348 ], [ -96.25818099999988, 35.391670000000239 ], [ -96.258266999999691, 35.391690000000132 ], [ -96.258387999999528, 35.391690000000132 ], [ -96.258497, 35.391677000000278 ], [ -96.260234999999838, 35.391633000000247 ], [ -96.262026999999861, 35.391651000000138 ], [ -96.264498, 35.391664 ], [ -96.267095999999626, 35.391637000000138 ], [ -96.270664999999767, 35.391639000000154 ], [ -96.271151, 35.391634000000103 ], [ -96.272280999999793, 35.391621 ], [ -96.281055999999865, 35.391630000000127 ], [ -96.282178, 35.391631000000224 ], [ -96.287073999999791, 35.391634000000103 ], [ -96.289407999999639, 35.391648 ], [ -96.29039826459254, 35.391644031003658 ], [ -96.287074, 35.391634 ], [ -96.272281, 35.391621 ], [ -96.267095999999839, 35.391637000000102 ], [ -96.264498, 35.391664 ], [ -96.260234999999881, 35.391633 ], [ -96.258497, 35.391677 ], [ -96.258266999999847, 35.39169 ] ], [ [ -96.241680999999772, 35.391687 ], [ -96.231206999999898, 35.391486999999884 ], [ -96.229979469232461, 35.391498372607259 ], [ -96.234649999999704, 35.391633000000226 ], [ -96.237972999999826, 35.391668 ], [ -96.239165999999898, 35.39167 ], [ -96.239797999999766, 35.391661000000369 ], [ -96.241680999999772, 35.391687 ] ], [ [ -96.226861999999826, 35.391604 ], [ -96.222902846271808, 35.391619706793676 ], [ -96.224757999999781, 35.391623000000251 ], [ -96.226861999999869, 35.391604000000122 ], [ -96.22786499999971, 35.391573000000186 ], [ -96.22876699999982, 35.391507 ], [ -96.229371244102083, 35.391503594294484 ], [ -96.228766999999877, 35.391507 ], [ -96.226861999999826, 35.391604 ] ], [ [ -96.363898, 35.406236 ], [ -96.36176399999971, 35.406911000000242 ], [ -96.362679999999827, 35.406611000000346 ], [ -96.363053999999693, 35.406496000000217 ], [ -96.363898, 35.406236 ] ], [ [ -96.352852999999868, 35.40993 ], [ -96.353136698142961, 35.39297065629674 ], [ -96.352845999999545, 35.393535000000348 ], [ -96.352867999999873, 35.397023000000154 ], [ -96.352844999999775, 35.398116000000179 ], [ -96.3528349999998, 35.409222000000334 ], [ -96.352852999999868, 35.40993 ] ], [ [ -96.353101495105719, 35.392909095901018 ], [ -96.353203999999806, 35.392840000000128 ], [ -96.353204, 35.39284 ], [ -96.353101495105719, 35.392909095901018 ] ], [ [ -96.322672914847331, 35.391709215135492 ], [ -96.347145, 35.3917760000001 ], [ -96.344597, 35.391818 ], [ -96.340123, 35.391761 ], [ -96.322672914847331, 35.391709215135492 ] ], [ [ -96.316156, 35.391650000000148 ], [ -96.29564099999989, 35.391639000000126 ], [ -96.295423999999883, 35.391639000000126 ], [ -96.291091, 35.391641 ], [ -96.290407149456001, 35.391643996407979 ], [ -96.297682999999893, 35.391653 ], [ -96.31615599999985, 35.391650000000183 ], [ -96.317384999999874, 35.391703000000184 ], [ -96.319265999999899, 35.391703000000305 ], [ -96.320391999999629, 35.391673000000125 ], [ -96.320884, 35.39168100000024 ], [ -96.322038369494379, 35.391698980833468 ], [ -96.320391999999842, 35.391673000000111 ], [ -96.317385, 35.39170300000012 ], [ -96.316156, 35.391650000000148 ] ], [ [ -96.246765999999795, 35.395354 ], [ -96.246765999999639, 35.395354 ], [ -96.246764999999698, 35.3972440000001 ], [ -96.246765999999795, 35.395354 ] ], [ [ -96.246780999999885, 35.399286000000167 ], [ -96.246780999999586, 35.399286000000167 ], [ -96.246788879806957, 35.399954798680561 ], [ -96.246780999999885, 35.399286000000167 ] ], [ [ -96.246803999999827, 35.401281000000537 ], [ -96.246803999999486, 35.40128100000036 ], [ -96.246798999999669, 35.402428 ], [ -96.246803999999827, 35.401281000000537 ] ], [ [ -96.246758999999813, 35.406114000000208 ], [ -96.246756999999761, 35.408267000000343 ], [ -96.246798999999669, 35.402428 ], [ -96.246758999999813, 35.406114000000208 ] ], [ [ -96.246763999999544, 35.409183000000304 ], [ -96.246777999999892, 35.410985 ], [ -96.246756999999761, 35.408267000000343 ], [ -96.246763999999544, 35.409183000000304 ] ], [ [ -96.246596999999596, 35.416121 ], [ -96.246581999999762, 35.416299 ], [ -96.246596999999767, 35.416121 ], [ -96.24666499999978, 35.415758 ], [ -96.246720598901007, 35.415353170653773 ], [ -96.246596999999596, 35.416121 ] ], [ [ -96.246581999999876, 35.41643 ], [ -96.246581999999634, 35.41643 ], [ -96.246581999999876, 35.416472000000319 ], [ -96.246581999999876, 35.41643 ] ], [ [ -96.24662999999974, 35.417529000000215 ], [ -96.246631999999622, 35.417324 ], [ -96.24662999999974, 35.417529000000187 ], [ -96.24662999999974, 35.417529000000215 ] ], [ [ -96.24673, 35.419988000000245 ], [ -96.246729999999545, 35.419988000000252 ], [ -96.246731999999724, 35.420661000000372 ], [ -96.24673, 35.419988000000245 ] ], [ [ -96.256036, 35.420684000000129 ], [ -96.257082292661806, 35.420647287977232 ], [ -96.255108999999834, 35.420652000000352 ], [ -96.256036, 35.420684000000129 ] ], [ [ -96.268096999999841, 35.420644000000188 ], [ -96.268096999999727, 35.420644000000365 ], [ -96.269507999999803, 35.420661000000216 ], [ -96.268096999999841, 35.420644000000188 ] ], [ [ -96.274793, 35.420654000000113 ], [ -96.274792999999548, 35.420654000000113 ], [ -96.280257999999719, 35.420664 ], [ -96.274793, 35.420654000000113 ] ], [ [ -96.283375999999862, 35.420642 ], [ -96.283375999999706, 35.420642 ], [ -96.285287999999625, 35.420646000000168 ], [ -96.283375999999862, 35.420642 ] ], [ [ -96.293118999999805, 35.42066300000014 ], [ -96.293118999999521, 35.42066300000014 ], [ -96.293774999999812, 35.420664 ], [ -96.293118999999805, 35.42066300000014 ] ], [ [ -96.294319999999743, 35.420662000000284 ], [ -96.296130899733427, 35.420661499416141 ], [ -96.293774999999812, 35.420664 ], [ -96.294319999999743, 35.420662000000284 ] ], [ [ -96.299647999999749, 35.422456000000196 ], [ -96.299666999999701, 35.422175 ], [ -96.299647999999749, 35.422456 ], [ -96.299647999999749, 35.422456000000196 ] ], [ [ -96.299674, 35.424999000000284 ], [ -96.299673999999712, 35.424999000000298 ], [ -96.299674999999851, 35.425320000000369 ], [ -96.299674, 35.424999000000284 ] ], [ [ -96.300569999999823, 35.425438000000199 ], [ -96.300569999999652, 35.425438000000206 ], [ -96.300795999999863, 35.425457000000144 ], [ -96.300569999999823, 35.425438000000199 ] ], [ [ -96.300995999999657, 35.425652 ], [ -96.300967999999713, 35.426667000000258 ], [ -96.300925, 35.425530000000336 ], [ -96.300995999999657, 35.425652 ] ], [ [ -96.304781999999648, 35.429079000000385 ], [ -96.304766, 35.43029000000017 ], [ -96.30348599999968, 35.429056000000202 ], [ -96.304781999999648, 35.429079000000385 ] ], [ [ -95.826821999999524, 34.912995000000336 ], [ -95.826758713410086, 34.912996346523371 ], [ -95.826821999999567, 34.912995000000393 ], [ -95.826821999999524, 34.912995000000336 ] ], [ [ -95.790842844722235, 34.912936134443342 ], [ -95.79822599400002, 34.912963281000152 ], [ -95.799854836832893, 34.912969112334686 ], [ -95.794130999999709, 34.912948 ], [ -95.790842844722235, 34.912936134443342 ] ], [ [ -95.782804955999723, 34.90943812600004 ], [ -95.781417769183008, 34.90942759325997 ], [ -95.782804955999723, 34.909438126000083 ], [ -95.782804955999723, 34.90943812600004 ] ], [ [ -95.780575708211998, 34.915631894879965 ], [ -95.780562999999617, 34.914519 ], [ -95.780603393525141, 34.909441207435805 ], [ -95.780575708211998, 34.915631894879965 ] ], [ [ -95.780605935587019, 34.915939130419773 ], [ -95.780367999999726, 34.917302000000305 ], [ -95.779993786820611, 34.918185417311243 ], [ -95.780605935587019, 34.915939130419773 ] ], [ [ -95.777931999999836, 34.916687000000124 ], [ -95.77792831718989, 34.916686386198592 ], [ -95.777931999999851, 34.916687000000124 ], [ -95.777931999999836, 34.916687000000124 ] ], [ [ -95.777001, 34.916633 ], [ -95.777001, 34.916633 ], [ -95.776570474423551, 34.916635204996545 ], [ -95.777001, 34.916633 ] ], [ [ -95.772397, 34.91666 ], [ -95.772396999999884, 34.91666 ], [ -95.772244999999714, 34.917699 ], [ -95.772397, 34.91666 ] ], [ [ -95.877494844205671, 34.870955943708545 ], [ -95.859932999999884, 34.867466000000157 ], [ -95.86000799999988, 34.855159 ], [ -95.859978999999868, 34.854991 ], [ -95.859932999999828, 34.867466000000185 ], [ -95.859975999999833, 34.869464000000136 ], [ -95.877494844205671, 34.870955943708545 ] ], [ [ -95.842233999999891, 34.854915 ], [ -95.837647, 34.854926 ], [ -95.832932, 34.854976 ], [ -95.82802199999982, 34.854929 ], [ -95.832932, 34.854976 ], [ -95.837647, 34.854926000000205 ], [ -95.840459999999894, 34.854928000000157 ], [ -95.842233999999848, 34.854915000000176 ], [ -95.845123999999885, 34.854930000000159 ], [ -95.85760899999984, 34.854962000000157 ], [ -95.85955509099513, 34.854985812928483 ], [ -95.857608999999883, 34.854962 ], [ -95.842233999999891, 34.854915 ] ], [ [ -95.825152, 34.854847 ], [ -95.825941549582922, 34.85490413240445 ], [ -95.825025959925497, 34.854847518683407 ], [ -95.825152, 34.854847 ] ], [ [ -95.824504999999874, 34.854864 ], [ -95.824505, 34.854864 ], [ -95.824594430032477, 34.854773738248767 ], [ -95.824504999999874, 34.854864 ] ], [ [ -95.826755, 34.852546 ], [ -95.826755, 34.852545999999897 ], [ -95.825510319843048, 34.85383881195861 ], [ -95.826755, 34.852546 ] ], [ [ -95.829288965950525, 34.849240179248838 ], [ -95.828922999999861, 34.849714 ], [ -95.828429766706279, 34.850343073118196 ], [ -95.829288965950525, 34.849240179248838 ] ], [ [ -95.830996999999897, 34.846964 ], [ -95.830274272113243, 34.84789918932595 ], [ -95.831098106124543, 34.846829847684177 ], [ -95.830996999999897, 34.846964 ] ], [ [ -95.832410999999894, 34.845069000000102 ], [ -95.83263778444784, 34.844766825484214 ], [ -95.831850735179557, 34.845821511469687 ], [ -95.832410999999894, 34.845069000000102 ] ], [ [ -95.833999279323052, 34.840216949037341 ], [ -95.83536499999984, 34.840229000000235 ], [ -95.836075, 34.840226 ], [ -95.835364999999882, 34.840229000000114 ], [ -95.834149999999809, 34.840212 ], [ -95.833999279323052, 34.840216949037341 ] ], [ [ -95.831421, 34.840231 ], [ -95.829400999999848, 34.840245000000131 ], [ -95.831421, 34.840231 ], [ -95.833391999999819, 34.840225 ], [ -95.833682639070872, 34.840223417542376 ], [ -95.831421, 34.840231 ] ], [ [ -95.828213, 34.840249 ], [ -95.828906857142769, 34.840248 ], [ -95.828832, 34.840248 ], [ -95.828213, 34.840249 ], [ -95.827596432002196, 34.840249557475644 ], [ -95.828213, 34.840249 ] ], [ [ -95.822807275592382, 34.840231397647841 ], [ -95.825326999999831, 34.840231 ], [ -95.826681999999892, 34.840251000000102 ], [ -95.826932256908009, 34.84025041116027 ], [ -95.825326999999874, 34.840231 ], [ -95.822807275592382, 34.840231397647841 ] ], [ [ -95.817138, 34.840219 ], [ -95.816409675300378, 34.840232718445407 ], [ -95.819137600799166, 34.840239058258788 ], [ -95.817138, 34.840219 ] ], [ [ -95.812495999999783, 34.840233 ], [ -95.81098596336598, 34.840244711680064 ], [ -95.815254678173147, 34.840236213460088 ], [ -95.812495999999783, 34.840233 ] ], [ [ -95.809447999999833, 34.840255 ], [ -95.809170340188885, 34.840253376258588 ], [ -95.809744033262263, 34.840253165841119 ], [ -95.809447999999833, 34.840255 ] ], [ [ -95.805432, 34.840073 ], [ -95.805431999999868, 34.840073000000103 ], [ -95.805578999999852, 34.840091000000179 ], [ -95.80603399999984, 34.840145 ], [ -95.807233999999823, 34.840227 ], [ -95.807604919453453, 34.840232451491836 ], [ -95.805432, 34.840073 ] ], [ [ -95.804433286544892, 34.84008300530347 ], [ -95.800972, 34.840214 ], [ -95.79981399999987, 34.840235 ], [ -95.795782, 34.840213 ], [ -95.794102, 34.840213 ], [ -95.792293999999828, 34.840224 ], [ -95.790044999999893, 34.840238 ], [ -95.788582, 34.840235 ], [ -95.787904, 34.840234 ], [ -95.786827, 34.840226000000122 ], [ -95.786396, 34.840224 ], [ -95.785612, 34.840223000000236 ], [ -95.804433286544892, 34.84008300530347 ] ], [ [ -95.779131, 34.430312 ], [ -95.779131, 34.430312 ], [ -95.779112, 34.440069 ], [ -95.779131, 34.430312 ] ], [ [ -95.77909099999988, 34.45095 ], [ -95.779081008267767, 34.45624478702927 ], [ -95.779112, 34.440069 ], [ -95.77909099999988, 34.45095 ] ], [ [ -95.779052, 34.472343 ], [ -95.779069665478318, 34.462338980644731 ], [ -95.779046666666559, 34.475250358657142 ], [ -95.779052, 34.472343 ] ], [ [ -95.779002, 34.500097 ], [ -95.779002, 34.500097 ], [ -95.779004994264625, 34.498245054207217 ], [ -95.779002, 34.500097 ] ], [ [ -95.778642499999918, 34.506556000000117 ], [ -95.779387999999813, 34.50626 ], [ -95.779424999999875, 34.506556 ], [ -95.778642499999918, 34.506556000000117 ] ], [ [ -95.77235059930949, 34.506570869485905 ], [ -95.753208, 34.506616 ], [ -95.753185485387647, 34.506617437102911 ], [ -95.753208, 34.506616 ], [ -95.77235059930949, 34.506570869485905 ] ], [ [ -95.751326, 34.506719999999888 ], [ -95.751326, 34.506719999999888 ], [ -95.751076798714337, 34.506740533447484 ], [ -95.751326, 34.506719999999888 ] ], [ [ -95.743617047306643, 34.506798299187892 ], [ -95.732459, 34.506781999999866 ], [ -95.732142313768236, 34.506781546943806 ], [ -95.732459, 34.506781999999887 ], [ -95.743617047306643, 34.506798299187892 ] ], [ [ -95.731605999999871, 34.506781 ], [ -95.731605999999829, 34.506781 ], [ -95.731598333333224, 34.506781 ], [ -95.731605999999871, 34.506781 ] ], [ [ -95.716509544773302, 34.50678799871222 ], [ -95.708402714285668, 34.50679 ], [ -95.709223, 34.50679 ], [ -95.716509544773302, 34.50678799871222 ] ], [ [ -95.707134, 34.50679 ], [ -95.706690761904767, 34.50679 ], [ -95.707419272727165, 34.50679 ], [ -95.707134, 34.50679 ] ], [ [ -95.706098, 34.50679 ], [ -95.706098, 34.50679 ], [ -95.705849714285691, 34.50679 ], [ -95.706098, 34.50679 ] ], [ [ -95.692101, 34.506794 ], [ -95.692100999999838, 34.506794 ], [ -95.692093686458776, 34.506794040184374 ], [ -95.692101, 34.506794 ] ], [ [ -95.921274999999852, 35.551142000000183 ], [ -95.920954, 35.55133 ], [ -95.920920999999865, 35.551354000000153 ], [ -95.920746999999849, 35.551515000000137 ], [ -95.920609815277203, 35.55166811587079 ], [ -95.92095399999981, 35.551330000000206 ], [ -95.921676999999875, 35.550920000000389 ], [ -95.922166999999817, 35.550757000000416 ], [ -95.922243999999807, 35.550722000000377 ], [ -95.922390999999891, 35.550642000000103 ], [ -95.9226689999998, 35.550413000000184 ], [ -95.922725, 35.550341 ], [ -95.921274999999852, 35.551142000000183 ] ], [ [ -95.920433, 35.551903 ], [ -95.920346, 35.551984000000232 ], [ -95.92055955930293, 35.551731866398079 ], [ -95.920433, 35.551903 ] ], [ [ -95.918556999999765, 35.555552 ], [ -95.918804, 35.555217 ], [ -95.918776999999849, 35.555245 ], [ -95.918607, 35.555454 ], [ -95.918566999999811, 35.555517000000165 ], [ -95.918556999999765, 35.555552 ] ], [ [ -95.918559, 35.555588 ], [ -95.918559, 35.555588 ], [ -95.918550845894231, 35.555620723769046 ], [ -95.918559, 35.555588 ] ] ] } },
{ "type": "Feature", "properties": { "district_id": 2, "voting_age_pop": 573822, "lib_votes": 0, "grn_votes": 0, "con_votes": 0, "ref_votes": 0, "total_pop": 765150, "dem_votes_sum": 219025410, "rep_votes_sum": 162310, "lib_votes_sum": 0, "grn_votes_sum": 0, "con_votes_sum": 0, "ref_votes_sum": 0, "minority_pop_sum": 306515, "dem_pct": 0.99925949318693585, "rep_pct": 0.00074050681306416259, "lib_pct": 0.0, "grn_pct": 0.0, "con_pct": 0.0, "ref_pct": 0.0, "minority_pct": 0.40059465464288047, "compactness": 0.10425534875980137 }, "geometry": { "type": "Polygon", "coordinates": [ [ [ -96.877688999999876, 35.304233000000181 ], [ -96.983212999999822, 35.304187 ], [ -96.983026999999865, 35.333159 ], [ -97.018462999999812, 35.333157 ], [ -97.018354, 35.380795000000113 ], [ -97.142114, 35.37686000000015 ], [ -97.141985999999889, 35.40277400000015 ], [ -97.141489999999862, 35.463977 ], [ -97.035662, 35.463575 ], [ -97.04745, 35.486472000000113 ], [ -97.035638, 35.492681000000125 ], [ -97.034914, 35.59395 ], [ -96.963781, 35.59377 ], [ -96.964278, 35.710078 ], [ -96.946441, 35.710169000000143 ], [ -96.946972, 35.79736 ], [ -96.876083, 35.796781 ], [ -96.879535, 35.767832 ], [ -96.822815, 35.767798 ], [ -96.823038, 35.811374000000143 ], [ -96.751936, 35.811209 ], [ -96.752214, 35.840319 ], [ -96.66336, 35.84063 ], [ -96.663266, 35.855164 ], [ -96.619348, 35.855519 ], [ -96.621097, 35.941519 ], [ -96.731535, 35.942176 ], [ -96.731983, 35.985632 ], [ -96.749841, 35.988912 ], [ -96.749821, 36.000205 ], [ -96.785209, 36.000134 ], [ -96.785394, 35.985628 ], [ -96.803207, 35.985644999999884 ], [ -96.802589, 36.043609000000146 ], [ -96.767132, 36.053563 ], [ -96.802387, 36.075906 ], [ -96.818968, 36.246478 ], [ -96.925069, 36.24647400000012 ], [ -96.92496, 36.319647 ], [ -96.901427, 36.319608 ], [ -96.889411, 36.333324 ], [ -96.813626, 36.337755 ], [ -96.81764, 36.326006 ], [ -96.800199, 36.318794 ], [ -96.791161, 36.333229 ], [ -96.767188, 36.33169 ], [ -96.750483, 36.354970000000115 ], [ -96.728516999999897, 36.354886 ], [ -96.728559, 36.330234 ], [ -96.693984999999884, 36.340167 ], [ -96.692194, 36.31881 ], [ -96.656579, 36.310702 ], [ -96.663121999999859, 36.296119 ], [ -96.646337, 36.300814 ], [ -96.641861, 36.288686999999896 ], [ -96.515198, 36.286086 ], [ -96.464064, 36.31113 ], [ -96.453269, 36.329403000000156 ], [ -96.48677, 36.329850000000199 ], [ -96.515228999999849, 36.298332 ], [ -96.552454, 36.299925 ], [ -96.573481, 36.315709 ], [ -96.572882999999848, 36.331856 ], [ -96.525894, 36.361272 ], [ -96.526597999999851, 36.394223 ], [ -96.540724999999881, 36.400402 ], [ -96.589599, 36.374518000000243 ], [ -96.627391, 36.422227 ], [ -96.681761, 36.42157 ], [ -96.716842, 36.444526 ], [ -96.705667, 36.482713000000103 ], [ -96.724851, 36.503204 ], [ -96.715461, 36.550315000000154 ], [ -96.727299, 36.550353 ], [ -96.728014, 36.564805 ], [ -96.710302, 36.568488 ], [ -96.690537, 36.607265 ], [ -96.69987, 36.647269000000129 ], [ -96.689757, 36.688004 ], [ -96.484593999999873, 36.680813 ], [ -96.493256, 36.62978 ], [ -96.435256999999865, 36.611666 ], [ -96.450298, 36.559289 ], [ -96.416766, 36.554935000000135 ], [ -96.38978, 36.534131 ], [ -96.389733, 36.521045 ], [ -96.407643, 36.520968 ], [ -96.397709, 36.482452 ], [ -96.407411, 36.463213 ], [ -96.389718, 36.463073 ], [ -96.389332, 36.476972 ], [ -96.376426, 36.477112 ], [ -96.328301, 36.535537 ], [ -96.308483, 36.535503 ], [ -96.312513, 36.462901999999886 ], [ -96.264445, 36.477236 ], [ -96.264129, 36.492825 ], [ -96.233382, 36.498067 ], [ -96.165156, 36.483775 ], [ -96.156991, 36.523410000000219 ], [ -96.144513, 36.53164 ], [ -96.132894999999806, 36.525216 ], [ -96.124736, 36.537414 ], [ -96.106170999999861, 36.52289400000025 ], [ -96.091815, 36.550093 ], [ -96.079179, 36.549696999999895 ], [ -96.053346, 36.49516 ], [ -96.004297, 36.453197999999894 ], [ -96.001462999999859, 36.307448000000178 ], [ -95.973649, 36.292306 ], [ -95.973663, 36.278585000000191 ], [ -96.001385359319997, 36.279557458994489 ], [ -96.001466, 36.219302 ], [ -96.037572, 36.215632 ], [ -96.037238, 36.187358 ], [ -96.019764, 36.187357 ], [ -96.01086, 36.172762 ], [ -96.020338999999893, 36.156573 ], [ -95.967129, 36.143302 ], [ -95.980055, 36.159066 ], [ -95.960768, 36.158602 ], [ -95.948711, 36.171482 ], [ -95.933516, 36.160784 ], [ -95.940303, 36.187541999999873 ], [ -95.923129, 36.188602000000103 ], [ -95.922451, 36.205576 ], [ -95.868822, 36.220589000000118 ], [ -95.868744, 36.177053 ], [ -95.856144, 36.177047 ], [ -95.86882, 36.147976 ], [ -95.77964, 36.147954 ], [ -95.77958, 36.16261 ], [ -95.76165, 36.16275 ], [ -95.761641, 36.118981 ], [ -95.690373, 36.118834 ], [ -95.690315, 36.104349000000113 ], [ -95.654597, 36.104269 ], [ -95.648379, 36.08876499999986 ], [ -95.602778, 36.086914 ], [ -95.598834, 36.092756000000151 ], [ -95.599802, 36.09347 ], [ -95.598247, 36.095519 ], [ -95.600386, 36.096381 ], [ -95.600339, 36.09699 ], [ -95.599859, 36.097252000000104 ], [ -95.591105, 36.089979 ], [ -95.591269, 36.085047 ], [ -95.588361, 36.084729 ], [ -95.58097, 36.095919 ], [ -95.582819, 36.078492 ], [ -95.523195999999857, 36.049741 ], [ -95.54252899999986, 35.989995 ], [ -95.495057, 35.960702 ], [ -95.47949, 35.906973 ], [ -95.402532999999892, 35.885457 ], [ -95.401905, 35.806767 ], [ -95.514477, 35.793944 ], [ -95.500084, 35.783728 ], [ -95.500132, 35.711311 ], [ -95.514267, 35.711319 ], [ -95.505794, 35.697967 ], [ -95.531917, 35.686156 ], [ -95.534787, 35.667767 ], [ -95.553222, 35.667839000000107 ], [ -95.55324, 35.696853 ], [ -95.570986, 35.696855 ], [ -95.579872, 35.769743 ], [ -95.610959, 35.754864 ], [ -95.628101, 35.720727 ], [ -95.713081, 35.725807 ], [ -95.712957, 35.551802 ], [ -95.908619, 35.551826 ], [ -95.936476999999854, 35.567037000000226 ], [ -95.927087999999856, 35.577212000000117 ], [ -95.934629999999842, 35.585626000000211 ], [ -95.925920999999832, 35.601827000000398 ], [ -95.932456, 35.618267000000259 ], [ -95.930639, 35.610072 ], [ -95.99723, 35.609935 ], [ -95.997178, 35.595648 ], [ -95.979952, 35.59583 ], [ -95.97953, 35.551838 ], [ -95.981451, 35.492779 ], [ -95.999449, 35.491105000000111 ], [ -95.999157999999738, 35.456402 ], [ -95.960842999999883, 35.376808000000111 ], [ -95.981307, 35.376827999999897 ], [ -95.981375999999898, 35.289899 ], [ -95.992878, 35.289599000000166 ], [ -96.034506999999849, 35.289795000000105 ], [ -96.034997, 35.328383 ], [ -96.048767, 35.338406 ], [ -96.087502, 35.336983 ], [ -96.087498, 35.362388 ], [ -96.14866, 35.3624760000001 ], [ -96.158758, 35.385451 ], [ -96.211370999999829, 35.391613 ], [ -96.211481999999776, 35.435139 ], [ -96.303861, 35.442431000000155 ], [ -96.303476999999887, 35.431543 ], [ -96.317408, 35.431563000000146 ], [ -96.317435999999873, 35.478766 ], [ -96.299671, 35.478672 ], [ -96.299623, 35.536683 ], [ -96.35281, 35.536994 ], [ -96.352623, 35.551921 ], [ -96.388122, 35.551997 ], [ -96.38808, 35.559857 ], [ -96.476879, 35.552017 ], [ -96.476563, 35.639040000000151 ], [ -96.505821, 35.643995000000167 ], [ -96.512786, 35.668018 ], [ -96.477161, 35.66816 ], [ -96.476755, 35.697210000000148 ], [ -96.459026, 35.698354 ], [ -96.458579, 35.828121 ], [ -96.542719, 35.805356 ], [ -96.619649, 35.770568000000139 ], [ -96.629717, 35.393213 ], [ -96.653257, 35.391727 ], [ -96.703967999999875, 35.416753 ], [ -96.719645, 35.411977 ], [ -96.724629999999891, 35.425005 ], [ -96.742784, 35.406825 ], [ -96.776379999999889, 35.411471 ], [ -96.777107999999885, 35.304141 ], [ -96.860016, 35.304184000000149 ], [ -96.859999, 35.318689 ], [ -96.876617999999894, 35.318702000000101 ], [ -96.877688999999876, 35.304233000000181 ] ], [ [ -95.975235999999811, 35.959242 ], [ -95.974751955712719, 35.959242501600386 ], [ -95.975931280562875, 35.959243989357951 ], [ -95.975235999999811, 35.959242 ] ], [ [ -95.967126, 35.959281 ], [ -95.967100744653138, 35.959281114911711 ], [ -95.967143193375051, 35.959280867952415 ], [ -95.967126, 35.959281 ] ], [ [ -95.922358, 35.938034 ], [ -95.922361339030701, 35.937906746279531 ], [ -95.92234719572302, 35.939657706396673 ], [ -95.922358, 35.938034 ] ], [ [ -95.936155, 35.915616 ], [ -95.937771829404412, 35.91561081913212 ], [ -95.922364, 35.915664000000135 ], [ -95.936155, 35.915616 ] ], [ [ -95.940226, 35.910208 ], [ -95.940253086504839, 35.906799194598001 ], [ -95.940222893425329, 35.911405172478027 ], [ -95.940226, 35.910208 ] ], [ [ -95.943949, 35.901065000000138 ], [ -95.946725, 35.901078 ], [ -95.940298, 35.901105 ], [ -95.943949, 35.901065000000138 ] ], [ [ -95.908509991839821, 35.696341013494212 ], [ -95.908505, 35.696961 ], [ -95.908505, 35.696961 ], [ -95.908509991839821, 35.696341013494212 ] ], [ [ -95.908536999999896, 35.692632 ], [ -95.908524, 35.691574 ], [ -95.908542, 35.692947 ], [ -95.908536999999896, 35.692632 ] ], [ [ -95.908524, 35.687516 ], [ -95.908523858374025, 35.687501958857389 ], [ -95.908524, 35.687516 ], [ -95.908524, 35.687516 ] ], [ [ -95.908516, 35.686719 ], [ -95.908516, 35.686719 ], [ -95.908516015647777, 35.686720611728006 ], [ -95.908516, 35.686719 ] ], [ [ -95.908541985344229, 35.682573814936504 ], [ -95.90853, 35.683881 ], [ -95.908541, 35.683187 ], [ -95.908541985344229, 35.682573814936504 ] ], [ [ -95.908547, 35.681247 ], [ -95.908548, 35.680956 ], [ -95.908543074349623, 35.682104754686634 ], [ -95.908547, 35.681247 ] ], [ [ -95.90879, 35.675799 ], [ -95.90879, 35.675799 ], [ -95.908828272146948, 35.674534056663816 ], [ -95.90879, 35.675799 ] ], [ [ -95.908870019168376, 35.659473890314992 ], [ -95.908874, 35.653543 ], [ -95.908873, 35.653429000000116 ], [ -95.908870019168376, 35.659473890314992 ] ], [ [ -95.925904, 35.653577 ], [ -95.925900999999882, 35.65347300000024 ], [ -95.925904, 35.653577 ], [ -95.925904, 35.653577 ] ], [ [ -95.927848, 35.653611000000147 ], [ -95.927848, 35.653611000000147 ], [ -95.927853, 35.653476000000119 ], [ -95.927848, 35.653611000000147 ] ], [ [ -95.945943512182751, 35.653591707617792 ], [ -95.945947, 35.653508 ], [ -95.944167, 35.65348400000012 ], [ -95.945943512182751, 35.653591707617792 ] ], [ [ -95.944182, 35.649912 ], [ -95.944182, 35.649911999999894 ], [ -95.944179, 35.649162 ], [ -95.944182, 35.649912 ] ], [ [ -95.944182999999882, 35.647022 ], [ -95.944182999999882, 35.647022 ], [ -95.944182567573463, 35.646989099736679 ], [ -95.944182999999882, 35.647022 ] ], [ [ -95.94418, 35.645407 ], [ -95.944182488636784, 35.645281409082337 ], [ -95.944175499999943, 35.645758000771025 ], [ -95.94418, 35.645407 ] ], [ [ -95.944185, 35.643537 ], [ -95.944185, 35.643537 ], [ -95.944168, 35.640576 ], [ -95.944185, 35.643537 ] ], [ [ -95.944172, 35.638996000000169 ], [ -95.944171999999853, 35.638996000000169 ], [ -95.944171154097972, 35.639066209870762 ], [ -95.944172, 35.638996000000169 ] ], [ [ -95.932621, 35.620539000000328 ], [ -95.934422999999867, 35.624324000000385 ], [ -95.936158, 35.624341000000335 ], [ -95.937497999999778, 35.624341000000335 ], [ -95.938152999999645, 35.624354000000373 ], [ -95.942123999999865, 35.624388000000337 ], [ -95.943022999999641, 35.62438900000037 ], [ -95.944008999999582, 35.624392000000327 ], [ -95.944043999999735, 35.624392000000327 ], [ -95.932621, 35.620539000000328 ] ], [ [ -95.932456659070425, 35.618271242768813 ], [ -95.93262, 35.619997 ], [ -95.932594, 35.619287 ], [ -95.932548, 35.618838 ], [ -95.932456659070425, 35.618271242768813 ] ], [ [ -96.072205663082173, 36.060954559814519 ], [ -96.073755999999747, 36.060949999999899 ], [ -96.073755999999747, 36.060949999999885 ], [ -96.072205663082173, 36.060954559814519 ] ], [ [ -96.070013999999873, 36.060959 ], [ -96.070013999999887, 36.060959 ], [ -96.070066665284386, 36.060960449503249 ], [ -96.070013999999873, 36.060959 ] ], [ [ -96.068784, 36.060966 ], [ -96.068784, 36.060966 ], [ -96.068836871196467, 36.06095542576103 ], [ -96.068784, 36.060966 ] ], [ [ -96.066503999999782, 36.061729000000177 ], [ -96.066503999999895, 36.061729000000156 ], [ -96.06691565893199, 36.061591302454467 ], [ -96.066503999999782, 36.061729000000177 ] ], [ [ -96.063147265579587, 36.060970215675425 ], [ -96.063147265579687, 36.060970215675439 ], [ -96.063203720344546, 36.060970911854007 ], [ -96.063147265579587, 36.060970215675425 ] ], [ [ -96.063051332110604, 36.061001098790172 ], [ -96.063051332110646, 36.061001098790157 ], [ -96.063035465276315, 36.061003551157278 ], [ -96.063051332110604, 36.061001098790172 ] ], [ [ -96.061903704203772, 36.061034972613747 ], [ -96.0619037042038, 36.061034972613747 ], [ -96.061891281684751, 36.061034753068441 ], [ -96.061903704203772, 36.061034972613747 ] ], [ [ -96.058228642253653, 36.060711151606 ], [ -96.058228642253624, 36.06071115160595 ], [ -96.05821441545622, 36.06074178349683 ], [ -96.058228642253653, 36.060711151606 ] ], [ [ -96.058721999999875, 36.05991 ], [ -96.058721999999847, 36.05991 ], [ -96.058686862840631, 36.059970514080483 ], [ -96.058721999999875, 36.05991 ] ], [ [ -96.059296, 36.055741 ], [ -96.059296, 36.055741 ], [ -96.05926767555853, 36.055848581115633 ], [ -96.059296, 36.055741 ] ], [ [ -96.059228, 36.055399 ], [ -96.059227999999891, 36.055399 ], [ -96.059252789461937, 36.055456953784848 ], [ -96.059228, 36.055399 ] ], [ [ -96.058922999999794, 36.055076 ], [ -96.05892299999978, 36.055076 ], [ -96.058960000676819, 36.05511506514376 ], [ -96.058922999999794, 36.055076 ] ], [ [ -96.057034, 36.052896 ], [ -96.056554257924077, 36.051919805891878 ], [ -96.057175805236369, 36.053166870534213 ], [ -96.057034, 36.052896 ] ], [ [ -96.056454, 36.050316 ], [ -96.056454, 36.050316 ], [ -96.056456642924431, 36.050382073335911 ], [ -96.056454, 36.050316 ] ], [ [ -96.055890902399341, 36.050020461343969 ], [ -96.056014999999775, 36.050011 ], [ -96.056014999999761, 36.050011 ], [ -96.055890902399341, 36.050020461343969 ] ], [ [ -96.050467999999881, 36.050043 ], [ -96.04947952661702, 36.050040323260632 ], [ -96.051306767029075, 36.050041276801295 ], [ -96.050467999999881, 36.050043 ] ], [ [ -96.047288, 36.04881 ], [ -96.047288, 36.04881 ], [ -96.047296734780815, 36.048810822097089 ], [ -96.047288, 36.04881 ] ], [ [ -96.045583999999749, 36.048793 ], [ -96.045583999999849, 36.048793 ], [ -96.046162171574423, 36.048799263525638 ], [ -96.045583999999749, 36.048793 ] ], [ [ -96.043842999999896, 36.047317000000184 ], [ -96.043611282073286, 36.046657734386066 ], [ -96.043888863766, 36.047465841248687 ], [ -96.043842999999896, 36.047317000000184 ] ], [ [ -96.043503, 36.046439000000177 ], [ -96.043543479192778, 36.046508093808015 ], [ -96.043503, 36.046439000000177 ], [ -96.043503, 36.046439000000177 ] ], [ [ -96.029517999999882, 36.031966000000153 ], [ -96.029533, 36.032663 ], [ -96.029518, 36.031966000000153 ], [ -96.029517999999882, 36.031966000000153 ] ], [ [ -96.011568, 35.987699 ], [ -96.011585924352971, 35.98404511934833 ], [ -96.01157, 35.988368999999864 ], [ -96.011568, 35.987699 ] ], [ [ -96.01161425006724, 35.982817104344726 ], [ -96.011662, 35.962816 ], [ -96.011689, 35.959603 ], [ -96.011663, 35.959155 ], [ -96.011300999999818, 35.959179 ], [ -96.01161425006724, 35.982817104344726 ] ], [ [ -95.994575, 35.901118999999873 ], [ -95.994574999999855, 35.901118999999873 ], [ -95.994604167260192, 35.901119023352358 ], [ -95.994575, 35.901118999999873 ] ], [ [ -95.997159, 35.901121 ], [ -96.007548770308944, 35.901028163944545 ], [ -96.002815, 35.901047 ], [ -95.997159, 35.901121 ] ], [ [ -96.015824999999879, 35.900983 ], [ -96.015825, 35.900983 ], [ -96.015557, 35.900985 ], [ -96.015824999999879, 35.900983 ] ], [ [ -96.016082, 35.900982 ], [ -96.016081999999898, 35.900982 ], [ -96.016002454545344, 35.900982 ], [ -96.016082, 35.900982 ] ], [ [ -96.015655, 35.885949 ], [ -96.015655, 35.885949 ], [ -96.015755722347464, 35.887895802932235 ], [ -96.015655, 35.885949 ] ], [ [ -96.018019999999808, 35.871407 ], [ -96.025040794735233, 35.87146065474316 ], [ -96.015563, 35.871388 ], [ -96.018019999999808, 35.871407 ] ], [ [ -96.02829401238094, 35.871485561286676 ], [ -96.033225999999843, 35.871469 ], [ -96.033225999999843, 35.871469 ], [ -96.02829401238094, 35.871485561286676 ] ], [ [ -96.066433, 35.72059 ], [ -96.06643299999989, 35.720590000000122 ], [ -96.066688, 35.720841 ], [ -96.066433, 35.72059 ] ], [ [ -96.06539, 35.719585 ], [ -96.065389999999837, 35.719585 ], [ -96.065721727268368, 35.719910680261677 ], [ -96.06539, 35.719585 ] ], [ [ -96.065038, 35.71926 ], [ -96.065038, 35.71926 ], [ -96.06506721379121, 35.719284704295603 ], [ -96.065038, 35.71926 ] ], [ [ -96.064203, 35.718784 ], [ -96.064203, 35.718784 ], [ -96.064421880467478, 35.718890654500662 ], [ -96.064203, 35.718784 ] ], [ [ -96.063387, 35.718343 ], [ -96.062428, 35.717861 ], [ -96.062310038746162, 35.717796524293192 ], [ -96.062508999999835, 35.717906 ], [ -96.063386999999821, 35.718343 ], [ -96.063811658828158, 35.718578422837844 ], [ -96.063387, 35.718343 ] ], [ [ -96.059734, 35.716467 ], [ -96.059734, 35.716467 ], [ -96.060977279933226, 35.71710803054399 ], [ -96.059734, 35.716467 ] ], [ [ -96.058935, 35.716068 ], [ -96.058934999999892, 35.716068 ], [ -96.059127431707154, 35.716162050257694 ], [ -96.058935, 35.716068 ] ], [ [ -96.058592, 35.715855 ], [ -96.05833738862934, 35.71560115125466 ], [ -96.058709776421239, 35.715933788373654 ], [ -96.058592, 35.715855 ] ], [ [ -96.058202, 35.715418000000135 ], [ -96.058211375479132, 35.715432232665172 ], [ -96.058202, 35.715418 ], [ -96.058202, 35.715418000000135 ] ], [ [ -96.058202, 35.715418 ], [ -96.058200926018543, 35.715415752134504 ], [ -96.058202, 35.715418 ], [ -96.058202, 35.715418 ] ], [ [ -96.057896863837598, 35.714493295824028 ], [ -96.058028, 35.714999 ], [ -96.057932, 35.714619 ], [ -96.057896863837598, 35.714493295824028 ] ], [ [ -96.057337880784431, 35.712609993233151 ], [ -96.057437, 35.712829 ], [ -96.057382, 35.712683 ], [ -96.057337880784431, 35.712609993233151 ] ], [ [ -96.056969, 35.712177 ], [ -96.056637806241767, 35.711967367478309 ], [ -96.057084445601802, 35.712283108102568 ], [ -96.056969, 35.712177 ] ], [ [ -96.056366, 35.711858 ], [ -96.05590314855597, 35.711781567759857 ], [ -96.056461961423764, 35.711891586506042 ], [ -96.056366, 35.711858 ] ], [ [ -96.055089, 35.711759 ], [ -96.055089, 35.711759 ], [ -96.055325010251252, 35.711762972122258 ], [ -96.055089, 35.711759 ] ], [ [ -96.050636374730672, 35.711708166773683 ], [ -96.049415, 35.711693 ], [ -96.049221748525383, 35.711691193911484 ], [ -96.049415, 35.711693000000118 ], [ -96.050347999999843, 35.711705 ], [ -96.050636374730672, 35.711708166773683 ] ], [ [ -96.045685, 35.711688 ], [ -96.045398564212533, 35.711691373506198 ], [ -96.045684999999764, 35.711688 ], [ -96.045739999999881, 35.71169 ], [ -96.046313834171897, 35.711685419795764 ], [ -96.045685, 35.711688 ] ], [ [ -96.042985892811657, 35.711707518576453 ], [ -96.040931, 35.711702 ], [ -96.038617462682964, 35.71169116033014 ], [ -96.042985892811657, 35.711707518576453 ] ], [ [ -96.037449, 35.711682 ], [ -96.037084579888457, 35.711673771253999 ], [ -96.037504268354397, 35.711683105367129 ], [ -96.037449, 35.711682 ] ], [ [ -96.036776, 35.711632 ], [ -96.036775999999847, 35.711632 ], [ -96.036838487435432, 35.711642028848729 ], [ -96.036776, 35.711632 ] ], [ [ -96.036508, 35.711539 ], [ -96.036508000000126, 35.71153900000018 ], [ -96.036556052852035, 35.711559370233175 ], [ -96.036508, 35.711539 ] ], [ [ -96.035853, 35.71119 ], [ -96.035853, 35.71119 ], [ -96.035891544291133, 35.711212747452436 ], [ -96.035853, 35.71119 ] ], [ [ -96.034296, 35.710328 ], [ -96.033959927430033, 35.710245136675177 ], [ -96.03442983937714, 35.710379425976178 ], [ -96.034296, 35.710328 ] ], [ [ -96.033853, 35.71023 ], [ -96.033853, 35.71023 ], [ -96.033861896668, 35.710230808788047 ], [ -96.033853, 35.71023 ] ], [ [ -96.032657, 35.710359 ], [ -96.032656999999887, 35.710359 ], [ -96.032663076705063, 35.71035759768354 ], [ -96.032657, 35.710359 ] ], [ [ -96.031647, 35.710702 ], [ -96.031647, 35.710702 ], [ -96.031802939170674, 35.710640051594609 ], [ -96.031647, 35.710702 ] ], [ [ -96.031278285308062, 35.710852501315742 ], [ -96.030287, 35.711261 ], [ -96.029961, 35.711385 ], [ -96.029944273223649, 35.711391690711181 ], [ -96.031278285308062, 35.710852501315742 ] ], [ [ -96.029707, 35.711313000000111 ], [ -96.029729, 35.71146 ], [ -96.029729, 35.71146 ], [ -96.029707, 35.711313000000111 ] ], [ [ -96.029801, 35.709912 ], [ -96.029801, 35.709912 ], [ -96.029795160057787, 35.710372382146566 ], [ -96.029801, 35.709912 ] ], [ [ -96.029814342231333, 35.709700863673227 ], [ -96.029968, 35.708817 ], [ -96.030275807759068, 35.708333978984243 ], [ -96.029814342231333, 35.709700863673227 ] ], [ [ -96.030609, 35.707845 ], [ -96.030609, 35.707845 ], [ -96.030423903354006, 35.708110477418614 ], [ -96.030609, 35.707845 ] ], [ [ -96.03136, 35.706855 ], [ -96.031724786357373, 35.706529410263911 ], [ -96.031214874925396, 35.707017823323028 ], [ -96.03136, 35.706855 ] ], [ [ -96.03199, 35.706353 ], [ -96.031989999999865, 35.706353 ], [ -96.031906764391536, 35.706405136610122 ], [ -96.03199, 35.706353 ] ], [ [ -96.032295, 35.706227 ], [ -96.032294999999877, 35.706227 ], [ -96.032253325481378, 35.706241121120293 ], [ -96.032295, 35.706227 ] ], [ [ -96.033000442251335, 35.705992613527549 ], [ -96.032971999999887, 35.706036 ], [ -96.032972, 35.706036 ], [ -96.033000442251335, 35.705992613527549 ] ], [ [ -96.033031, 35.705946 ], [ -96.033093, 35.705584 ], [ -96.033091286803213, 35.705427671002091 ], [ -96.033031, 35.705946 ] ], [ [ -96.033088198343961, 35.705132421221656 ], [ -96.033124, 35.704516 ], [ -96.033139061860979, 35.704049968475232 ], [ -96.033086999999853, 35.705003 ], [ -96.033088198343961, 35.705132421221656 ] ], [ [ -96.033090417086683, 35.702558171685403 ], [ -96.033123, 35.703462 ], [ -96.033116, 35.703349 ], [ -96.033111, 35.703241 ], [ -96.033106, 35.703157 ], [ -96.033090417086683, 35.702558171685403 ] ], [ [ -96.033089, 35.701042 ], [ -96.033105976709905, 35.699433493872732 ], [ -96.033087388357245, 35.701563636495933 ], [ -96.033089, 35.701042 ] ], [ [ -96.033108, 35.698132 ], [ -96.033097889111488, 35.697609345330328 ], [ -96.033109600029988, 35.698997617415223 ], [ -96.033108, 35.698132 ] ], [ [ -96.033059, 35.697165 ], [ -96.033059, 35.697165000000112 ], [ -96.033070750388646, 35.697247588530736 ], [ -96.033059, 35.697165 ] ], [ [ -96.031147, 35.697183 ], [ -96.031147, 35.697183 ], [ -96.031151881393029, 35.697183035761135 ], [ -96.031147, 35.697183 ] ], [ [ -96.029325, 35.697184 ], [ -96.029324999999815, 35.697184 ], [ -96.030003529353877, 35.697175045800378 ], [ -96.029325, 35.697184 ] ], [ [ -96.026753, 35.697172 ], [ -96.026558637040367, 35.697172929966385 ], [ -96.028573, 35.69718 ], [ -96.026753, 35.697172 ] ], [ [ -96.024961, 35.697172 ], [ -96.024263979222482, 35.697141517176384 ], [ -96.025282605527224, 35.697171288483375 ], [ -96.024961, 35.697172 ] ], [ [ -96.024256, 35.69714 ], [ -96.024123, 35.696862 ], [ -96.024128, 35.696742 ], [ -96.024163, 35.6966 ], [ -96.024189, 35.696444 ], [ -96.024208, 35.696292 ], [ -96.024208, 35.69624320000375 ], [ -96.024256, 35.69714 ] ], [ [ -96.024191, 35.695607 ], [ -96.02419520690863, 35.69535500798461 ], [ -96.024207, 35.696218 ], [ -96.024191, 35.695607 ] ], [ [ -96.02419559851019, 35.695218059054376 ], [ -96.024203, 35.693918 ], [ -96.024203, 35.693918 ], [ -96.024194, 35.694831 ], [ -96.024193999999824, 35.694852 ], [ -96.02419559851019, 35.695218059054376 ] ], [ [ -96.024199376087466, 35.6938762043347 ], [ -96.024178, 35.693098 ], [ -96.024171548664555, 35.69305309874224 ], [ -96.024178, 35.693098 ], [ -96.024157999999673, 35.693392 ], [ -96.024157999999844, 35.693399 ], [ -96.024199376087466, 35.6938762043347 ] ], [ [ -96.023739373393965, 35.69208145736313 ], [ -96.022972, 35.690892 ], [ -96.022740014200238, 35.690390553810431 ], [ -96.022971999999882, 35.69089200000014 ], [ -96.023739373393965, 35.69208145736313 ] ], [ [ -96.022730374315913, 35.690361778940222 ], [ -96.022597, 35.689596 ], [ -96.02261933287042, 35.689190552201183 ], [ -96.022730374315913, 35.690361778940222 ] ], [ [ -96.022648166583409, 35.689084376702858 ], [ -96.023022, 35.688226 ], [ -96.023070651171992, 35.688099125379779 ], [ -96.022718, 35.68889 ], [ -96.02269099999981, 35.688964000000119 ], [ -96.022648166583409, 35.689084376702858 ] ], [ [ -96.023088, 35.688054 ], [ -96.023087999999774, 35.688054000000164 ], [ -96.023074660701383, 35.688088682177252 ], [ -96.023088, 35.688054 ] ], [ [ -96.023176, 35.687583 ], [ -96.023187731355478, 35.687213396207426 ], [ -96.023175109255533, 35.687595693116364 ], [ -96.023176, 35.687583 ] ], [ [ -96.023209849551847, 35.686832949458186 ], [ -96.023321, 35.686297 ], [ -96.023332119922799, 35.686254658770331 ], [ -96.023209849551847, 35.686832949458186 ] ], [ [ -96.023407, 35.686048 ], [ -96.023406999999821, 35.686048 ], [ -96.023368011062743, 35.686145472375124 ], [ -96.023407, 35.686048 ] ], [ [ -96.023509386494112, 35.685789298506911 ], [ -96.023627835573791, 35.685563256464043 ], [ -96.023567999999713, 35.685661 ], [ -96.023509386494112, 35.685789298506911 ] ], [ [ -96.023657131909815, 35.685501432160635 ], [ -96.023985, 35.684748 ], [ -96.02401681672346, 35.684589704169746 ], [ -96.023657131909815, 35.685501432160635 ] ], [ [ -96.02402250432533, 35.684543739423319 ], [ -96.024101, 35.683604 ], [ -96.024092043348901, 35.683567320392747 ], [ -96.02402250432533, 35.684543739423319 ] ], [ [ -96.024005, 35.683412 ], [ -96.024005, 35.683412 ], [ -96.024025017760636, 35.683440291782148 ], [ -96.024005, 35.683412 ] ], [ [ -96.023621, 35.683154 ], [ -96.023621, 35.683154000000123 ], [ -96.023813098978366, 35.683265520590879 ], [ -96.023621, 35.683154 ] ], [ [ -96.023310792203162, 35.683026720966971 ], [ -96.022731, 35.682703 ], [ -96.022591090864566, 35.682617031744726 ], [ -96.023310792203162, 35.683026720966971 ] ], [ [ -96.022164069188008, 35.682424630910923 ], [ -96.021958, 35.682534 ], [ -96.02194472587594, 35.68254432431938 ], [ -96.022164069188008, 35.682424630910923 ] ], [ [ -96.021068165384335, 35.683176257635751 ], [ -96.020785, 35.683255 ], [ -96.020583565867597, 35.683288032610669 ], [ -96.021068165384335, 35.683176257635751 ] ], [ [ -96.020124, 35.683343 ], [ -96.019726507866892, 35.683355022580145 ], [ -96.020354259675912, 35.683318658264803 ], [ -96.020124, 35.683343 ] ], [ [ -96.018824, 35.683426 ], [ -96.018824, 35.683426 ], [ -96.018966128466161, 35.683410461841518 ], [ -96.018824, 35.683426 ] ], [ [ -96.018501200333873, 35.683429746688979 ], [ -96.017884, 35.683296 ], [ -96.01748747510679, 35.683136545671317 ], [ -96.018501200333873, 35.683429746688979 ] ], [ [ -96.016835, 35.682813 ], [ -96.016834999999872, 35.682813 ], [ -96.016873636363584, 35.682832545457437 ], [ -96.016835, 35.682813 ] ], [ [ -96.016272, 35.682562 ], [ -96.016272, 35.682562000000154 ], [ -96.016552975291489, 35.682678676202578 ], [ -96.016272, 35.682562 ] ], [ [ -96.015576, 35.682298 ], [ -96.015362488453505, 35.682222846537286 ], [ -96.015622565941129, 35.682314483521452 ], [ -96.015576, 35.682298 ] ], [ [ -96.015073, 35.682192 ], [ -96.014862951908484, 35.68219459309509 ], [ -96.015147231787353, 35.682195374172331 ], [ -96.015073, 35.682192 ] ], [ [ -96.01406, 35.682244 ], [ -96.014059999999759, 35.682244 ], [ -96.014216719333447, 35.682234328406246 ], [ -96.01406, 35.682244 ] ], [ [ -96.013608, 35.682306 ], [ -96.013362870806603, 35.682411954039807 ], [ -96.013761984653215, 35.682271889475771 ], [ -96.013608, 35.682306 ] ], [ [ -96.012848, 35.682645 ], [ -96.012795066330142, 35.682648244472496 ], [ -96.012864087025065, 35.682639899236214 ], [ -96.012848, 35.682645 ] ], [ [ -96.012228, 35.682653 ], [ -96.012227999999894, 35.682653 ], [ -96.012228839014014, 35.68265300635619 ], [ -96.012228, 35.682653 ] ], [ [ -96.011938, 35.682651 ], [ -96.011938, 35.682651000000149 ], [ -96.011994839193818, 35.682651728707675 ], [ -96.011938, 35.682651 ] ], [ [ -96.010265, 35.682649 ], [ -96.010265, 35.682649 ], [ -96.010590993022433, 35.682648114149394 ], [ -96.010265, 35.682649 ] ], [ [ -96.009515998848755, 35.682660011996795 ], [ -96.007914, 35.682655 ], [ -96.007895691741837, 35.682654948427484 ], [ -96.009293999999869, 35.682664 ], [ -96.009515998848755, 35.682660011996795 ] ], [ [ -96.00651, 35.682652 ], [ -96.006509999999821, 35.682652000000132 ], [ -96.006735999999847, 35.682652 ], [ -96.00651, 35.682652 ] ], [ [ -96.006038, 35.682654 ], [ -96.006038, 35.68265400000012 ], [ -96.006190456681466, 35.682653237716636 ], [ -96.006038, 35.682654 ] ], [ [ -96.000009742176033, 35.682655011787432 ], [ -96.00227, 35.682671 ], [ -96.000747, 35.68266 ], [ -96.000009742176033, 35.682655011787432 ] ], [ [ -95.993768366548153, 35.682686777830895 ], [ -95.996235, 35.682671 ], [ -95.995799, 35.682672 ], [ -95.994474, 35.682677 ], [ -95.993768366548153, 35.682686777830895 ] ], [ [ -95.99352538872958, 35.68268823508086 ], [ -95.99268, 35.682681 ], [ -95.9925784, 35.682681 ], [ -95.99352538872958, 35.68268823508086 ] ], [ [ -95.991155, 35.682681 ], [ -95.991155, 35.682681 ], [ -95.991256733333287, 35.682681 ], [ -95.991155, 35.682681 ] ], [ [ -95.990246, 35.682682 ], [ -95.990246, 35.682682000000128 ], [ -95.990303831732078, 35.682681497115418 ], [ -95.990246, 35.682682 ] ], [ [ -95.989335999999739, 35.682684 ], [ -95.989335999999881, 35.682684 ], [ -95.989029555555504, 35.682683222222252 ], [ -95.989335999999739, 35.682684 ] ], [ [ -95.986956, 35.682682 ], [ -95.98218, 35.682685 ], [ -95.988941245289482, 35.682682998079642 ], [ -95.986956, 35.682682 ] ], [ [ -95.980516, 35.682685 ], [ -95.980515999999881, 35.682685 ], [ -95.98055317106089, 35.682685516264762 ], [ -95.980516, 35.682685 ] ], [ [ -95.980141, 35.682684 ], [ -95.980228999999852, 35.682685 ], [ -95.980229, 35.682685 ], [ -95.980141, 35.682684 ] ], [ [ -95.979791, 35.682684 ], [ -95.97979099999985, 35.68268400000013 ], [ -95.979878, 35.682684 ], [ -95.979791, 35.682684 ] ], [ [ -95.975747727199845, 35.682676431501783 ], [ -95.977672, 35.682674 ], [ -95.977428, 35.682672 ], [ -95.975747727199845, 35.682676431501783 ] ], [ [ -95.975336892395362, 35.682674265412956 ], [ -95.974357, 35.682673 ], [ -95.973836658484515, 35.682664429669906 ], [ -95.974357, 35.682673000000108 ], [ -95.975336892395362, 35.682674265412956 ] ], [ [ -95.972755947094015, 35.682654280090354 ], [ -95.971261, 35.682665 ], [ -95.971121830778415, 35.68266620666958 ], [ -95.971489999999847, 35.682664 ], [ -95.972755947094015, 35.682654280090354 ] ], [ [ -95.970577, 35.682662 ], [ -95.970577, 35.682662 ], [ -95.970679487657478, 35.682663819307599 ], [ -95.970577, 35.682662 ] ], [ [ -95.968758682962928, 35.68263545288309 ], [ -95.968213, 35.682629 ], [ -95.967834349848843, 35.682625048868076 ], [ -95.968758682962928, 35.68263545288309 ] ], [ [ -95.967094, 35.682617 ], [ -95.966605938388014, 35.682611293211643 ], [ -95.967280815216654, 35.682619060462031 ], [ -95.967094, 35.682617 ] ], [ [ -95.966289, 35.682607 ], [ -95.966289, 35.682607 ], [ -95.966295718408091, 35.682607090483664 ], [ -95.966289, 35.682607 ] ], [ [ -95.964823, 35.682592 ], [ -95.963220257732374, 35.682567642044326 ], [ -95.965035538435671, 35.682593606083948 ], [ -95.964823, 35.682592 ] ], [ [ -95.962750759102178, 35.682567003947526 ], [ -95.962754, 35.682567 ], [ -95.962754, 35.682567 ], [ -95.962750759102178, 35.682567003947526 ] ], [ [ -95.961932999999846, 35.682568 ], [ -95.961943, 35.6812 ], [ -95.96194, 35.680598200018565 ], [ -95.961942999999863, 35.6812 ], [ -95.961931999999848, 35.681868000000115 ], [ -95.961932999999846, 35.682568 ] ], [ [ -95.961945390743722, 35.680123569572316 ], [ -95.96195, 35.675944 ], [ -95.961875812616981, 35.675372747700735 ], [ -95.961945390743722, 35.680123569572316 ] ], [ [ -95.961736765096887, 35.674498745800733 ], [ -95.961716, 35.67395 ], [ -95.961716403775583, 35.673925773467822 ], [ -95.961736765096887, 35.674498745800733 ] ], [ [ -95.961719, 35.673853 ], [ -95.961718999999718, 35.673853 ], [ -95.961717352177487, 35.673883484716953 ], [ -95.961719, 35.673853 ] ], [ [ -95.961732, 35.673546 ], [ -95.961731999999898, 35.673546 ], [ -95.961732, 35.673563 ], [ -95.961732, 35.673546 ] ], [ [ -95.962079, 35.673436 ], [ -95.961995646531165, 35.673468265866923 ], [ -95.962079, 35.673436 ], [ -95.962079, 35.673436 ] ], [ [ -95.96207791160127, 35.669738505211122 ], [ -95.962062, 35.67146 ], [ -95.962063, 35.671177 ], [ -95.962071, 35.670446 ], [ -95.96207791160127, 35.669738505211122 ] ], [ [ -95.962087, 35.668867 ], [ -95.962086999999883, 35.668866999999885 ], [ -95.96208408760657, 35.669130863152326 ], [ -95.962087, 35.668867 ] ], [ [ -95.962234, 35.668058 ], [ -95.962233999999881, 35.668058 ], [ -95.962160186378782, 35.668057483820824 ], [ -95.962234, 35.668058 ] ], [ [ -95.962251, 35.66582 ], [ -95.962250999999796, 35.66582 ], [ -95.962234189298243, 35.666204668420093 ], [ -95.962251, 35.66582 ] ], [ [ -95.962252, 35.664211 ], [ -95.962272654199012, 35.658342206677631 ], [ -95.962257996077838, 35.665453046319961 ], [ -95.962252, 35.664211 ] ], [ [ -95.962261, 35.657662 ], [ -95.962260999999799, 35.657662 ], [ -95.962272488850289, 35.65822141889241 ], [ -95.962261, 35.657662 ] ], [ [ -95.962327687313703, 35.653487393778349 ], [ -95.962319038177185, 35.652843809848768 ], [ -95.962324999999865, 35.653306 ], [ -95.962327687313703, 35.653487393778349 ] ], [ [ -95.962314, 35.652534 ], [ -95.962314, 35.652534 ], [ -95.962318941226386, 35.652837391307372 ], [ -95.962314, 35.652534 ] ], [ [ -95.96231, 35.652228 ], [ -95.962309999999846, 35.652228000000122 ], [ -95.962312960299784, 35.652493440225228 ], [ -95.96231, 35.652228 ] ], [ [ -95.962306983619143, 35.65154077298655 ], [ -95.962302, 35.650375 ], [ -95.96230113689613, 35.650165697686752 ], [ -95.962306983619143, 35.65154077298655 ] ], [ [ -95.962296, 35.648842 ], [ -95.962291, 35.647867600022032 ], [ -95.96229099999988, 35.647916 ], [ -95.962295999999853, 35.648842 ], [ -95.962298550545512, 35.64951024452359 ], [ -95.962296, 35.648842 ] ], [ [ -95.962289, 35.647316 ], [ -95.962287, 35.646775000012013 ], [ -95.962290006206331, 35.64755698679518 ], [ -95.962289, 35.647316 ] ], [ [ -95.962287678991487, 35.646691951263875 ], [ -95.962263, 35.643845 ], [ -95.962263800706978, 35.642831306523632 ], [ -95.962262999999879, 35.643845 ], [ -95.962287678991487, 35.646691951263875 ] ], [ [ -95.962258, 35.641554000000241 ], [ -95.962262786623995, 35.642371716000419 ], [ -95.962258, 35.641554000000234 ], [ -95.962258, 35.641554000000241 ] ], [ [ -95.964590108061046, 35.641457322497502 ], [ -95.964548999999863, 35.641504 ], [ -95.964549, 35.641504 ], [ -95.964590108061046, 35.641457322497502 ] ], [ [ -95.964178999999888, 35.640439000000143 ], [ -95.964475, 35.640856 ], [ -95.964158, 35.640647 ], [ -95.964178999999888, 35.640439000000143 ] ], [ [ -95.964946, 35.640823 ], [ -95.964949635975927, 35.640797754032207 ], [ -95.964946, 35.640823 ], [ -95.964946, 35.640823 ] ], [ [ -95.965901, 35.640609 ], [ -95.96586, 35.640109 ], [ -95.96584, 35.640894 ], [ -95.965901, 35.640609 ] ], [ [ -95.966102, 35.639642 ], [ -95.966109, 35.639236000000118 ], [ -95.966068999999791, 35.639351000000239 ], [ -95.966101999999793, 35.639642000000187 ], [ -95.965998101631385, 35.639866303964062 ], [ -95.966102, 35.639642 ] ], [ [ -95.967145, 35.639213 ], [ -95.967144999999789, 35.639213 ], [ -95.967099205386134, 35.639225666597419 ], [ -95.967145, 35.639213 ] ], [ [ -95.9672589999998, 35.639076000000195 ], [ -95.967246, 35.638763 ], [ -95.967192, 35.638554 ], [ -95.9672589999998, 35.639076000000195 ] ], [ [ -95.96574199999985, 35.632678000000197 ], [ -95.966277, 35.634525 ], [ -95.96617, 35.634155 ], [ -95.965849, 35.633047 ], [ -95.96574199999985, 35.632678000000197 ] ], [ [ -95.968746, 35.633072 ], [ -95.968754626599903, 35.633069345661653 ], [ -95.968509305261279, 35.633148218355309 ], [ -95.968746, 35.633072 ] ], [ [ -95.970377, 35.632169 ], [ -95.970983358009804, 35.631827479123871 ], [ -95.96968964008127, 35.632556622964316 ], [ -95.970377, 35.632169 ] ], [ [ -95.971647, 35.631454 ], [ -95.97169390103933, 35.631422318517174 ], [ -95.971481173910078, 35.631547297890926 ], [ -95.971647, 35.631454 ] ], [ [ -95.973873640811064, 35.627271504433331 ], [ -95.973855, 35.628828 ], [ -95.97386, 35.628117 ], [ -95.973873640811064, 35.627271504433331 ] ], [ [ -95.973904999999817, 35.625900000000215 ], [ -95.973883077940258, 35.626735726510752 ], [ -95.973908983102021, 35.625761255339633 ], [ -95.973904999999817, 35.625900000000215 ] ], [ [ -95.973932983857551, 35.624679630386268 ], [ -95.973930999999823, 35.624993000000124 ], [ -95.973916, 35.625488000000232 ], [ -95.973913747778454, 35.625579440257646 ], [ -95.973932983857551, 35.624679630386268 ] ], [ [ -95.964197814867561, 35.623932754405345 ], [ -95.969213, 35.62391 ], [ -95.96566, 35.623892 ], [ -95.965643, 35.623891 ], [ -95.964653, 35.623871 ], [ -95.96452, 35.623867 ], [ -95.964487, 35.623867 ], [ -95.964197814867561, 35.623932754405345 ] ], [ [ -95.944067, 35.621307 ], [ -95.962137312999957, 35.62133593400003 ], [ -95.961785, 35.621335 ], [ -95.961281, 35.62133 ], [ -95.960349, 35.621321 ], [ -95.960059, 35.621319 ], [ -95.959439, 35.621315 ], [ -95.95919, 35.621314 ], [ -95.957362, 35.621311 ], [ -95.956309, 35.621316 ], [ -95.955033, 35.621309 ], [ -95.954156, 35.621307 ], [ -95.952355, 35.621305 ], [ -95.951528, 35.6213 ], [ -95.950653, 35.621295 ], [ -95.950198, 35.621291 ], [ -95.949945, 35.62129 ], [ -95.948836, 35.62129 ], [ -95.948382, 35.621291 ], [ -95.946878, 35.62127 ], [ -95.946094, 35.621268 ], [ -95.944538, 35.621295 ], [ -95.944067, 35.621307 ] ], [ [ -95.991375, 35.900972 ], [ -95.991374999999877, 35.900972 ], [ -95.993818285281989, 35.901115953083391 ], [ -95.991375, 35.900972 ] ], [ [ -95.960529431885476, 35.901105564298888 ], [ -95.975992, 35.901126 ], [ -95.961731, 35.901129 ], [ -95.960529431885476, 35.901105564298888 ] ], [ [ -95.957841, 35.901081 ], [ -95.957841, 35.901081 ], [ -95.959065857142832, 35.901081 ], [ -95.957841, 35.901081 ] ], [ [ -96.009809999999888, 35.988309000000136 ], [ -96.009728426145443, 35.988312597379505 ], [ -96.00981, 35.988309000000136 ], [ -96.009809999999888, 35.988309000000136 ] ], [ [ -96.00186, 35.988379 ], [ -96.002239084684277, 35.988380471221411 ], [ -96.001718524799699, 35.988378509618101 ], [ -96.00186, 35.988379 ] ], [ [ -95.993797, 35.988353 ], [ -95.995601496691194, 35.988358785189078 ], [ -95.993623942863422, 35.988352348184037 ], [ -95.993797, 35.988353 ] ], [ [ -95.989103999999898, 35.988377999999898 ], [ -95.989836903075812, 35.988371895865825 ], [ -95.98449098450827, 35.98835938036234 ], [ -95.989103999999898, 35.988377999999898 ] ], [ [ -95.975952367736951, 35.987083191848171 ], [ -95.975946, 35.988347 ], [ -95.975946, 35.988347 ], [ -95.975952367736951, 35.987083191848171 ] ], [ [ -95.958089, 35.951471 ], [ -95.958089, 35.951471 ], [ -95.958087579333039, 35.95102520232173 ], [ -95.958089, 35.951471 ] ], [ [ -95.94553, 35.944519 ], [ -95.94553, 35.944519 ], [ -95.944888470677185, 35.944513163986073 ], [ -95.94553, 35.944519 ] ], [ [ -95.872996, 35.695674 ], [ -95.872996, 35.695674 ], [ -95.872993443692906, 35.696256840055568 ], [ -95.872996, 35.695674 ] ], [ [ -95.872988, 35.692950000000195 ], [ -95.872988, 35.69295 ], [ -95.872992685795026, 35.693370162061619 ], [ -95.872988, 35.692950000000195 ] ], [ [ -95.873000999999874, 35.689355 ], [ -95.873009, 35.684138 ], [ -95.872995, 35.691118 ], [ -95.873000999999874, 35.689355 ] ], [ [ -95.873007, 35.684067 ], [ -95.873007, 35.684067 ], [ -95.873008933637053, 35.684135644119394 ], [ -95.873007, 35.684067 ] ], [ [ -95.873097, 35.682299 ], [ -95.873097, 35.682299 ], [ -95.873023, 35.682305 ], [ -95.873097, 35.682299 ] ], [ [ -95.873978, 35.682299 ], [ -95.875283, 35.682307 ], [ -95.875747, 35.682313000000299 ], [ -95.877076, 35.682324 ], [ -95.877325, 35.682318000000151 ], [ -95.877518, 35.682325 ], [ -95.877801, 35.682323 ], [ -95.880117, 35.682414 ], [ -95.873978, 35.682299 ] ], [ [ -95.890819999999849, 35.682484 ], [ -95.886136, 35.682527 ], [ -95.886277, 35.682527 ], [ -95.890819999999849, 35.682484 ] ], [ [ -95.890815, 35.682028000000152 ], [ -95.890815, 35.682028 ], [ -95.890819928420427, 35.68247747197659 ], [ -95.890815, 35.682028000000152 ] ], [ [ -95.890766, 35.667879 ], [ -95.890766, 35.667879 ], [ -95.890765904577364, 35.667891147396112 ], [ -95.890766, 35.667879 ] ], [ [ -95.890769, 35.665242 ], [ -95.890769, 35.665242 ], [ -95.890768, 35.66656 ], [ -95.890769, 35.665242 ] ], [ [ -95.890775, 35.660794 ], [ -95.890796395951867, 35.657965875200993 ], [ -95.890769, 35.6649770000001 ], [ -95.890775, 35.660794 ] ], [ [ -95.874999, 35.653325 ], [ -95.874999, 35.653325 ], [ -95.874838999999895, 35.653323 ], [ -95.874999, 35.653325 ] ], [ [ -95.784184, 35.6503030000001 ], [ -95.784184, 35.650303 ], [ -95.784170999999887, 35.651084 ], [ -95.784184, 35.6503030000001 ] ], [ [ -95.784184, 35.646938000000219 ], [ -95.784178, 35.649548 ], [ -95.784178, 35.649548 ], [ -95.784184, 35.646938000000219 ] ], [ [ -95.78411799999985, 35.639896 ], [ -95.78411799999985, 35.639896000000107 ], [ -95.78412, 35.639069 ], [ -95.78411799999985, 35.639896 ] ], [ [ -95.784126, 35.638701000000133 ], [ -95.78412, 35.638989 ], [ -95.78412, 35.638989 ], [ -95.784126, 35.638701000000133 ] ], [ [ -95.78404, 35.629909000000232 ], [ -95.78404, 35.629909000000112 ], [ -95.784034, 35.630371 ], [ -95.78404, 35.629909000000232 ] ], [ [ -95.784028, 35.628518 ], [ -95.784028, 35.628518 ], [ -95.784044648415914, 35.629512987814479 ], [ -95.784028, 35.628518 ] ], [ [ -95.784023920867, 35.62412908034721 ], [ -95.790374, 35.624088 ], [ -95.791115, 35.624101 ], [ -95.792558, 35.624106 ], [ -95.79631, 35.624152 ], [ -95.800624999999897, 35.624194 ], [ -95.802182, 35.624201 ], [ -95.804843, 35.624169 ], [ -95.806489999999869, 35.624165 ], [ -95.809735999999873, 35.624131999999882 ], [ -95.804843, 35.624169 ], [ -95.802182, 35.624201 ], [ -95.800624999999897, 35.624194 ], [ -95.792558, 35.624106 ], [ -95.791115, 35.624101 ], [ -95.790374, 35.624088 ], [ -95.787467, 35.62409 ], [ -95.786657, 35.624107 ], [ -95.784024, 35.624124 ], [ -95.784023920867, 35.62412908034721 ] ], [ [ -95.809735999999873, 35.624131999999882 ], [ -95.810403, 35.624123000000267 ], [ -95.811051, 35.624109 ], [ -95.811795, 35.624112000000217 ], [ -95.812503, 35.624112000000217 ], [ -95.815331208541295, 35.624082060251439 ], [ -95.811051, 35.624109 ], [ -95.809735999999873, 35.624131999999882 ] ], [ [ -95.815347150813778, 35.624081938157737 ], [ -95.817728, 35.624072 ], [ -95.819304, 35.624052 ], [ -95.81976, 35.624054 ], [ -95.826777, 35.624111 ], [ -95.833992, 35.624148000000204 ], [ -95.835163, 35.624162 ], [ -95.83663, 35.62417 ], [ -95.836922, 35.624179 ], [ -95.837093, 35.624184 ], [ -95.840041, 35.624176 ], [ -95.843329, 35.624207000000268 ], [ -95.844376, 35.624208 ], [ -95.846333, 35.624228 ], [ -95.849719999999877, 35.624235000000105 ], [ -95.850534, 35.624252000000283 ], [ -95.854903, 35.624274000000106 ], [ -95.855259079067096, 35.624272027262734 ], [ -95.849719999999877, 35.624235 ], [ -95.846333, 35.624228 ], [ -95.844376, 35.624208 ], [ -95.840041, 35.624176 ], [ -95.837093, 35.624184 ], [ -95.83663, 35.62417 ], [ -95.833992, 35.624148 ], [ -95.81976, 35.624054 ], [ -95.819304, 35.624052 ], [ -95.817728, 35.624072 ], [ -95.816657, 35.624072 ], [ -95.815347150813778, 35.624081938157737 ] ], [ [ -95.855449, 35.62427 ], [ -95.857814, 35.624278 ], [ -95.859859, 35.624278 ], [ -95.860784777850071, 35.624289980287891 ], [ -95.855449, 35.62427 ] ], [ [ -95.860790712036135, 35.624290056601026 ], [ -95.863393, 35.624283 ], [ -95.864605, 35.624292 ], [ -95.865247158132817, 35.624290030189762 ], [ -95.863393, 35.624283 ], [ -95.860790712036135, 35.624290056601026 ] ], [ [ -95.865259452378154, 35.624289995616827 ], [ -95.868025, 35.624292 ], [ -95.871661, 35.624294 ], [ -95.871749, 35.624294 ], [ -95.873093, 35.62430000000014 ], [ -95.865259452378154, 35.624289995616827 ] ], [ [ -95.873085999999873, 35.622878000000156 ], [ -95.873085999999873, 35.622878000000249 ], [ -95.873086054302291, 35.622861238749664 ], [ -95.873085999999873, 35.622878000000156 ] ], [ [ -95.873085999999873, 35.62011000000021 ], [ -95.873085999999873, 35.62011 ], [ -95.873081, 35.620414 ], [ -95.873085999999873, 35.62011000000021 ] ], [ [ -95.873101, 35.61912 ], [ -95.873100767629197, 35.619133224059759 ], [ -95.873101, 35.61912 ], [ -95.873101, 35.61912 ] ], [ [ -95.873094, 35.618142 ], [ -95.873094, 35.618142 ], [ -95.873094119190114, 35.618129187119933 ], [ -95.873094, 35.618142 ] ], [ [ -95.873102840153138, 35.617242512802164 ], [ -95.873115, 35.613861 ], [ -95.873104, 35.61499 ], [ -95.873102840153138, 35.617242512802164 ] ], [ [ -95.8731, 35.612083000000119 ], [ -95.8731, 35.612083000000197 ], [ -95.873100902456613, 35.612028401519744 ], [ -95.8731, 35.612083000000119 ] ], [ [ -95.87311, 35.61141 ], [ -95.87311, 35.61141 ], [ -95.873109953374936, 35.611414406073102 ], [ -95.87311, 35.61141 ] ], [ [ -95.873119999999858, 35.610006 ], [ -95.873128999999892, 35.60958 ], [ -95.873128999999892, 35.60958 ], [ -95.873119999999858, 35.610006 ], [ -95.873115, 35.610238 ], [ -95.873114921334775, 35.610241795600473 ], [ -95.873119999999858, 35.610006 ] ], [ [ -95.873128, 35.609076 ], [ -95.873127, 35.608435 ], [ -95.873126017803273, 35.608300439283951 ], [ -95.873128, 35.609076 ] ], [ [ -95.873121556272594, 35.607163957110231 ], [ -95.873116, 35.607410000000122 ], [ -95.873118, 35.6072 ], [ -95.873118, 35.607193000000102 ], [ -95.873121556272594, 35.607163957110231 ] ], [ [ -95.87312999999989, 35.607088 ], [ -95.87312884254122, 35.60709880295051 ], [ -95.87312999999989, 35.607088 ], [ -95.87312999999989, 35.607088 ] ], [ [ -95.873112, 35.604476 ], [ -95.87312099999987, 35.602947 ], [ -95.8731210062234, 35.602946383871618 ], [ -95.873112, 35.604476 ] ], [ [ -95.873124662124937, 35.602583787517162 ], [ -95.873127, 35.602324000000102 ], [ -95.873130012539747, 35.602029775818309 ], [ -95.873127, 35.602324000000102 ], [ -95.873124662124937, 35.602583787517162 ] ], [ [ -95.873139, 35.598508 ], [ -95.873147037549955, 35.597812105995793 ], [ -95.873142, 35.598218 ], [ -95.873139, 35.598508 ] ], [ [ -95.873151, 35.597413000000131 ], [ -95.873150642647218, 35.597417645586695 ], [ -95.873151, 35.597413000000238 ], [ -95.873151, 35.597413000000131 ] ], [ [ -95.873139, 35.594967 ], [ -95.873139, 35.594967 ], [ -95.873139273870351, 35.594949589760844 ], [ -95.873139, 35.594967 ] ], [ [ -95.873157, 35.591594 ], [ -95.873157011571621, 35.591586643684678 ], [ -95.873157, 35.591594 ], [ -95.873155, 35.592346 ], [ -95.873154997177394, 35.592348442978405 ], [ -95.873157, 35.591594 ] ], [ [ -95.873172999999895, 35.580743 ], [ -95.873172770990053, 35.580761798940607 ], [ -95.873172999999895, 35.580743 ], [ -95.873172999999895, 35.580743 ] ], [ [ -95.873171, 35.578718000000237 ], [ -95.873171, 35.578718000000123 ], [ -95.873172998383623, 35.580741363548633 ], [ -95.873171, 35.578718000000237 ] ], [ [ -95.87318, 35.56461 ], [ -95.87318, 35.56461 ], [ -95.873180111964857, 35.564597889175459 ], [ -95.87318, 35.56461 ] ], [ [ -95.873191, 35.562505 ], [ -95.873190991790167, 35.562508650649114 ], [ -95.873191, 35.562505 ], [ -95.873191, 35.562505 ] ], [ [ -95.873181, 35.560898 ], [ -95.873182030074233, 35.560218864952958 ], [ -95.873182, 35.560227 ], [ -95.873181, 35.560898 ], [ -95.87318, 35.561023 ], [ -95.873181, 35.560898 ] ], [ [ -95.873172999999895, 35.553078000000284 ], [ -95.873172999999895, 35.553078000000134 ], [ -95.873171999999897, 35.553203 ], [ -95.873172999999895, 35.553078000000284 ] ], [ [ -95.873182, 35.552283 ], [ -95.873182, 35.552283 ], [ -95.873181963479226, 35.55228709763901 ], [ -95.873182, 35.552283 ] ] ] } },
{ "type": "Feature", "properties": { "district_id": 3, "voting_age_pop": 561525, "lib_votes": 0, "grn_votes": 0, "con_votes": 0, "ref_votes": 0, "total_pop": 746700, "dem_votes_sum": 153484671, "rep_votes_sum": 161936, "lib_votes_sum": 0, "grn_votes_sum": 0, "con_votes_sum": 0, "ref_votes_sum": 0, "minority_pop_sum": 298341, "dem_pct": 0.99894604896807127, "rep_pct": 0.0010539510319287429, "lib_pct": 0.0, "grn_pct": 0.0, "con_pct": 0.0, "ref_pct": 0.0, "minority_pct": 0.39954600241060667, "compactness": 0.12802869005603104 }, "geometry": { "type": "Polygon", "coordinates": [ [ [ -99.56892, 35.508828 ], [ -99.57582, 35.421655 ], [ -99.99966, 35.422364 ], [ -100.000406, 36.499702 ], [ -103.002434, 36.500397 ], [ -103.002199, 37.000104 ], [ -96.750306, 36.999095 ], [ -96.75164, 36.86213 ], [ -96.492591, 36.869627 ], [ -96.474775, 36.840467 ], [ -96.474968, 36.869371 ], [ -96.420647, 36.868482 ], [ -96.424752, 36.845251 ], [ -96.446701, 36.840037999999893 ], [ -96.437528, 36.795278 ], [ -96.454689999999886, 36.785113 ], [ -96.427452999999872, 36.76944 ], [ -96.525481, 36.746883 ], [ -96.508473, 36.680813 ], [ -96.689757, 36.688004 ], [ -96.69987, 36.647269000000129 ], [ -96.690537, 36.607265 ], [ -96.710302, 36.568488 ], [ -96.728014, 36.564805 ], [ -96.727299, 36.550353 ], [ -96.715461, 36.550315000000154 ], [ -96.724851, 36.503204 ], [ -96.705667, 36.482713000000103 ], [ -96.718075, 36.45398 ], [ -96.710769, 36.437656 ], [ -96.678459, 36.420854 ], [ -96.627391, 36.422227 ], [ -96.589599, 36.374518000000243 ], [ -96.540724999999881, 36.400402 ], [ -96.526597999999851, 36.394223 ], [ -96.525894, 36.361272 ], [ -96.572882999999848, 36.331856 ], [ -96.560576999999768, 36.303974 ], [ -96.515228999999849, 36.298332 ], [ -96.474064, 36.333585000000149 ], [ -96.453269, 36.329403000000156 ], [ -96.464064, 36.31113 ], [ -96.515198, 36.286086 ], [ -96.641861, 36.288686999999896 ], [ -96.646337, 36.300814 ], [ -96.663121999999859, 36.296119 ], [ -96.656579, 36.310702 ], [ -96.692194, 36.31881 ], [ -96.693984999999884, 36.340167 ], [ -96.728559, 36.330234 ], [ -96.728516999999897, 36.354886 ], [ -96.750483, 36.354970000000115 ], [ -96.767188, 36.33169 ], [ -96.791161, 36.333229 ], [ -96.800199, 36.318794 ], [ -96.81764, 36.326006 ], [ -96.813626, 36.337755 ], [ -96.889411, 36.333324 ], [ -96.901427, 36.319608 ], [ -96.92496, 36.319647 ], [ -96.925069, 36.24647400000012 ], [ -96.818968, 36.246478 ], [ -96.802387, 36.075906 ], [ -96.767132, 36.053563 ], [ -96.802589, 36.043609000000146 ], [ -96.803207, 35.985644999999884 ], [ -96.785394, 35.985628 ], [ -96.785209, 36.000134 ], [ -96.749821, 36.000205 ], [ -96.749841, 35.988912 ], [ -96.731983, 35.985632 ], [ -96.731535, 35.942176 ], [ -96.621097, 35.941519 ], [ -96.619383, 35.855402 ], [ -96.663266, 35.855164 ], [ -96.66336, 35.84063 ], [ -96.752214, 35.840319 ], [ -96.751936, 35.811209 ], [ -96.823038, 35.811374000000143 ], [ -96.822815, 35.767798 ], [ -96.879535, 35.767832 ], [ -96.876083, 35.796781 ], [ -97.000256, 35.797143 ], [ -97.000225, 35.782599000000133 ], [ -97.017963, 35.782489 ], [ -97.017225, 35.690371 ], [ -97.047397, 35.680973000000122 ], [ -97.034647, 35.681014000000133 ], [ -97.038244999999833, 35.603106 ], [ -97.052637, 35.57932 ], [ -97.088111, 35.579336 ], [ -97.087849, 35.564861 ], [ -97.140801, 35.564977 ], [ -97.141072, 35.724441 ], [ -97.247132, 35.724864 ], [ -97.247121999999877, 35.782786 ], [ -97.371457, 35.783418 ], [ -97.3715, 35.754314 ], [ -97.389359999999897, 35.754234000000132 ], [ -97.38929, 35.783373 ], [ -97.425114, 35.797839 ], [ -97.427342999999894, 35.739728 ], [ -97.44265, 35.739791 ], [ -97.442859, 35.768813 ], [ -97.460130999999848, 35.769023 ], [ -97.460656, 35.754453000000119 ], [ -97.496053, 35.754541 ], [ -97.496219999999894, 35.725466 ], [ -97.531857, 35.725654000000112 ], [ -97.531745, 35.667463 ], [ -97.567164, 35.667686 ], [ -97.562583999999873, 35.565671 ], [ -97.575897, 35.565678 ], [ -97.578726085840458, 35.536741887563558 ], [ -97.56569399999988, 35.536527 ], [ -97.556548, 35.509718 ], [ -97.578809, 35.496912 ], [ -97.569587999999854, 35.48228 ], [ -97.579384, 35.468586 ], [ -97.573321, 35.455084 ], [ -97.530137, 35.452281 ], [ -97.530172, 35.435253 ], [ -97.554638999999852, 35.434284 ], [ -97.547902, 35.398959 ], [ -97.530105, 35.391475 ], [ -97.565587, 35.394038 ], [ -97.565254, 35.319556 ], [ -97.547652, 35.319738 ], [ -97.547236, 35.290785 ], [ -97.598879, 35.303351 ], [ -97.600137, 35.276473 ], [ -97.651989, 35.276412 ], [ -97.653275, 35.290983999999867 ], [ -97.670833, 35.291009000000109 ], [ -97.670887, 35.203775 ], [ -97.917059, 35.203666 ], [ -97.917135, 35.16023 ], [ -98.021293, 35.160069 ], [ -98.018003, 35.120215 ], [ -98.036678, 35.121641 ], [ -98.022768, 35.114484 ], [ -98.022574, 35.029029 ], [ -98.093055999999876, 35.028817 ], [ -98.092883999999671, 35.083207 ], [ -98.122194999999437, 35.072175000000108 ], [ -98.268062999999515, 35.072509000000103 ], [ -98.284787, 35.045443 ], [ -98.311912, 35.046523 ], [ -98.31428, 35.078014 ], [ -98.354763, 35.117304 ], [ -98.252842, 35.117212 ], [ -98.262601, 35.268911 ], [ -98.288609, 35.261925 ], [ -98.288998, 35.276108000000171 ], [ -98.306449, 35.276348000000112 ], [ -98.306411, 35.247304 ], [ -98.324027, 35.247185 ], [ -98.326345, 35.222983 ], [ -98.341578, 35.232747 ], [ -98.41207, 35.233047 ], [ -98.412167, 35.290827 ], [ -98.526445999999837, 35.290702 ], [ -98.526444, 35.42077 ], [ -98.500661, 35.421046 ], [ -98.500454, 35.464262 ], [ -98.509965999999807, 35.46426000000011 ], [ -98.497811, 35.507302 ], [ -98.438395, 35.500511000000145 ], [ -98.43844, 35.529036 ], [ -98.623255, 35.53626 ], [ -98.6233, 35.507915 ], [ -98.640908, 35.507899 ], [ -98.64048, 35.53647 ], [ -98.683408999999884, 35.5369 ], [ -98.703136999999899, 35.565914 ], [ -98.844908, 35.565995 ], [ -98.844918, 35.63858 ], [ -98.7739, 35.638492 ], [ -98.771859, 35.66484 ], [ -98.738398, 35.6501400000001 ], [ -98.738379, 35.638367 ], [ -98.650018, 35.638545 ], [ -98.649991, 35.667603 ], [ -98.632212, 35.667496 ], [ -98.632044, 35.783395 ], [ -98.543393, 35.783185 ], [ -98.525505, 35.797679000000144 ], [ -98.508185, 35.797596 ], [ -98.508253, 35.778878 ], [ -98.475224, 35.794016 ], [ -98.47272, 35.783189 ], [ -98.411898, 35.783225 ], [ -98.418656, 35.838338 ], [ -98.384245, 35.841141 ], [ -98.411827, 35.848646000000116 ], [ -98.402122999999847, 35.898638 ], [ -98.352276, 35.915788 ], [ -98.343506, 35.971011000000111 ], [ -98.476329, 35.971293 ], [ -98.478789, 36.246301 ], [ -98.462009, 36.246264 ], [ -98.462072, 36.260685 ], [ -98.479855, 36.275177 ], [ -98.53249, 36.267985 ], [ -98.547075, 36.276465 ], [ -98.62258, 36.275376 ], [ -98.613687, 36.304318 ], [ -98.623103, 36.377568999999895 ], [ -98.658021, 36.378629000000117 ], [ -98.642922, 36.396843 ], [ -98.67751, 36.4093540000001 ], [ -98.680592999999874, 36.400625 ], [ -98.711647, 36.405255 ], [ -98.711654, 36.376384000000115 ], [ -98.729588, 36.376339000000115 ], [ -98.729603, 36.365574 ], [ -98.782443, 36.361859999999886 ], [ -98.782288, 36.318887 ], [ -98.847457, 36.31873000000023 ], [ -98.863403, 36.354194 ], [ -98.875008, 36.354805000000106 ], [ -98.907768, 36.347754 ], [ -98.930858, 36.321836 ], [ -98.960719, 36.319082 ], [ -98.955849, 36.161577 ], [ -99.596079, 36.164061000000139 ], [ -99.595856, 36.21703 ], [ -99.619299, 36.214410000000122 ], [ -99.613733, 36.187655 ], [ -99.633743, 36.183515 ], [ -99.64026, 36.00971 ], [ -99.629751, 35.897552 ], [ -99.592105, 35.907896 ], [ -99.557246, 35.88951 ], [ -99.513897, 35.927671 ], [ -99.486871, 35.985472 ], [ -99.446522, 36.006987 ], [ -99.381022, 36.012925 ], [ -99.377051999999864, 35.551741 ], [ -99.364128999999892, 35.55172 ], [ -99.364141, 35.508793 ], [ -99.56892, 35.508828 ] ], [ [ -101.44947405882111, 36.703515644082216 ], [ -101.447762845648512, 36.704790532949957 ], [ -101.447765611704696, 36.70478859352248 ], [ -101.44947405882111, 36.703515644082216 ] ], [ [ -101.420573798900193, 36.719642066863045 ], [ -101.411077413203486, 36.724630516308331 ], [ -101.420570958860424, 36.71964358936318 ], [ -101.420573798900193, 36.719642066863045 ] ], [ [ -97.58993799999989, 35.536819 ], [ -97.589938, 35.536819 ], [ -97.590209999999843, 35.536819 ], [ -97.58993799999989, 35.536819 ] ], [ [ -97.589882146968677, 35.53681999363954 ], [ -97.583127, 35.536813 ], [ -97.582744427568755, 35.536806953017823 ], [ -97.589882146968677, 35.53681999363954 ] ], [ [ -97.583414, 35.511301 ], [ -97.579752, 35.511315 ], [ -97.58119, 35.511312 ], [ -97.583414, 35.511301 ] ], [ [ -97.57736, 35.511219 ], [ -97.577445458711523, 35.511226768974403 ], [ -97.577060230586724, 35.511192536343174 ], [ -97.57736, 35.511219 ] ], [ [ -97.576484, 35.511142 ], [ -97.576506674285085, 35.511144134050461 ], [ -97.576359178449749, 35.511131356302705 ], [ -97.576484, 35.511142 ] ], [ [ -97.576137, 35.511112 ], [ -97.576194467979292, 35.511117165661204 ], [ -97.575985424372618, 35.511098303407323 ], [ -97.576137, 35.511112 ] ], [ [ -97.575497, 35.511104 ], [ -97.575970999999868, 35.511097 ], [ -97.575378408858754, 35.511111751055594 ], [ -97.575497, 35.511104 ] ], [ [ -97.57493, 35.511216 ], [ -97.575173055097807, 35.511125774947473 ], [ -97.574721, 35.511319000013813 ], [ -97.57493, 35.511216 ] ], [ [ -97.574383999999895, 35.51146 ], [ -97.574435424199137, 35.511439253766042 ], [ -97.574321119170577, 35.511482037681141 ], [ -97.574383999999895, 35.51146 ] ], [ [ -97.57374, 35.511644 ], [ -97.57391564914731, 35.511603134692301 ], [ -97.573581383210609, 35.511675723361293 ], [ -97.57374, 35.511644 ] ], [ [ -97.573185499999909, 35.511719500000169 ], [ -97.572685, 35.511726 ], [ -97.571656, 35.511635 ], [ -97.573185499999909, 35.511719500000169 ] ], [ [ -97.571656, 35.511635 ], [ -97.570121, 35.511557 ], [ -97.569896636363552, 35.511547545455542 ], [ -97.571656, 35.511635 ] ], [ [ -97.56877, 35.511501 ], [ -97.568790472647734, 35.511501836756928 ], [ -97.568753619963132, 35.511499730229822 ], [ -97.56877, 35.511501 ] ], [ [ -97.567845, 35.511468 ], [ -97.568151234070527, 35.511476848472697 ], [ -97.567017804838173, 35.511462871942527 ], [ -97.567845, 35.511468 ] ], [ [ -97.583429, 35.518646 ], [ -97.583428455536293, 35.518420592919654 ], [ -97.583429999278579, 35.519116162000302 ], [ -97.583429, 35.518646 ] ], [ [ -97.583415, 35.511387 ], [ -97.583415, 35.511387 ], [ -97.583414996387887, 35.511386797725102 ], [ -97.583415, 35.511387 ] ], [ [ -97.583443, 35.533858 ], [ -97.583442, 35.532455 ], [ -97.583441, 35.532353 ], [ -97.583441, 35.531128 ], [ -97.58344, 35.529556 ], [ -97.583439, 35.529414 ], [ -97.583439, 35.528276 ], [ -97.583438, 35.527924 ], [ -97.583438, 35.524232 ], [ -97.583437, 35.524119 ], [ -97.583437, 35.523259 ], [ -97.583436500515106, 35.52316060155097 ], [ -97.583438, 35.527924 ], [ -97.583439, 35.529414 ], [ -97.58344, 35.529556 ], [ -97.583441, 35.532353 ], [ -97.583442, 35.532455 ], [ -97.583442, 35.533777 ], [ -97.583443, 35.533858 ] ] ] } },
{ "type": "Feature", "properties": { "district_id": 4, "voting_age_pop": 567891, "lib_votes": 0, "grn_votes": 0, "con_votes": 0, "ref_votes": 0, "total_pop": 751902, "dem_votes_sum": 115876734, "rep_votes_sum": 137198, "lib_votes_sum": 0, "grn_votes_sum": 0, "con_votes_sum": 0, "ref_votes_sum": 0, "minority_pop_sum": 379638, "dem_pct": 0.99881740065494895, "rep_pct": 0.0011825993450510755, "lib_pct": 0.0, "grn_pct": 0.0, "con_pct": 0.0, "ref_pct": 0.0, "minority_pct": 0.50490356456027519, "compactness": 0.12966505638882486 }, "geometry": { "type": "Polygon", "coordinates": [ [ [ -97.564599999999899, 35.203628 ], [ -97.564628, 35.18183 ], [ -97.599721, 35.182220000000122 ], [ -97.599914, 35.218377 ], [ -97.653219, 35.219362 ], [ -97.653212, 35.276424000000112 ], [ -97.600137, 35.276473 ], [ -97.598879, 35.303351 ], [ -97.547236, 35.290785 ], [ -97.547652, 35.319738 ], [ -97.565254, 35.319556 ], [ -97.565587, 35.394038 ], [ -97.530105, 35.391475 ], [ -97.547902, 35.398959 ], [ -97.554638999999852, 35.434284 ], [ -97.530172, 35.435253 ], [ -97.530137, 35.452281 ], [ -97.573321, 35.455084 ], [ -97.579384, 35.468586 ], [ -97.569587999999854, 35.48228 ], [ -97.578809, 35.496912 ], [ -97.556548, 35.509718 ], [ -97.565693999999837, 35.536527000000248 ], [ -97.578468999999856, 35.536737 ], [ -97.575897, 35.565678 ], [ -97.562583999999873, 35.565671 ], [ -97.567164, 35.667686 ], [ -97.531745, 35.667463 ], [ -97.531857, 35.725654000000112 ], [ -97.496219999999894, 35.725466 ], [ -97.496053, 35.754541 ], [ -97.460656, 35.754453000000119 ], [ -97.460130999999848, 35.769023 ], [ -97.442859, 35.768813 ], [ -97.44265, 35.739791 ], [ -97.427342999999894, 35.739728 ], [ -97.425114, 35.797839 ], [ -97.38929, 35.783373 ], [ -97.389359999999897, 35.754234000000132 ], [ -97.3715, 35.754314 ], [ -97.371457, 35.783418 ], [ -97.247121999999877, 35.782786 ], [ -97.247132, 35.724864 ], [ -97.141072, 35.724441 ], [ -97.140801, 35.564977 ], [ -97.130397, 35.564856 ], [ -97.087849, 35.564861 ], [ -97.088111, 35.579336 ], [ -97.052637, 35.57932 ], [ -97.034996, 35.629999 ], [ -97.034647, 35.681014000000133 ], [ -97.047397, 35.680973000000122 ], [ -97.017225, 35.690371 ], [ -97.017963, 35.782489 ], [ -97.000225, 35.782599000000133 ], [ -97.000256, 35.797143 ], [ -96.946972, 35.79736 ], [ -96.946441, 35.710169000000143 ], [ -96.964278, 35.710078 ], [ -96.963781, 35.59377 ], [ -97.034914, 35.59395 ], [ -97.035638, 35.492681000000125 ], [ -97.04745, 35.486472000000113 ], [ -97.035662, 35.463575 ], [ -97.141489999999862, 35.463977 ], [ -97.142114, 35.37686000000015 ], [ -97.018354, 35.380795000000113 ], [ -97.018462999999812, 35.333157 ], [ -96.983026999999865, 35.333159 ], [ -96.983212999999822, 35.304187 ], [ -96.877688999999876, 35.304233000000181 ], [ -96.876617999999894, 35.318702000000101 ], [ -96.859999, 35.318689 ], [ -96.860016, 35.304184000000149 ], [ -96.777416, 35.304135 ], [ -96.776707, 35.4113720000001 ], [ -96.742784, 35.406825 ], [ -96.723976, 35.424913 ], [ -96.719645, 35.411977 ], [ -96.703967999999875, 35.416753 ], [ -96.618164, 35.385505000000101 ], [ -96.612957, 35.304583 ], [ -96.622896999999895, 35.290054000000133 ], [ -96.942210999999858, 35.289725 ], [ -96.936338, 35.2504530000001 ], [ -96.922285999999815, 35.246250000000153 ], [ -96.93209, 35.175076 ], [ -96.970033999999885, 35.169223 ], [ -97.01086, 35.14522 ], [ -97.142059999999859, 35.145213 ], [ -97.142009, 35.072792 ], [ -97.391666, 35.082589 ], [ -97.403163, 35.087817999999871 ], [ -97.407082, 35.138144 ], [ -97.433069, 35.143794 ], [ -97.442652, 35.160442 ], [ -97.529442, 35.212663 ], [ -97.564599999999899, 35.203628 ] ], [ [ -97.51413199139148, 35.714857868098591 ], [ -97.514126999999846, 35.716777 ], [ -97.51413, 35.715984 ], [ -97.51413199139148, 35.714857868098591 ] ], [ [ -97.511615206875234, 35.69660978768534 ], [ -97.514139999999855, 35.713395 ], [ -97.514143999999845, 35.713091000000155 ], [ -97.514153999999792, 35.712182 ], [ -97.514162999999826, 35.711166000000127 ], [ -97.514159999999848, 35.710337 ], [ -97.514155999999872, 35.709415 ], [ -97.514155999999772, 35.70925 ], [ -97.514154999999874, 35.709195000000108 ], [ -97.514150999999814, 35.708978 ], [ -97.514145, 35.708666 ], [ -97.514125999999877, 35.707418000000168 ], [ -97.514116999999843, 35.706882 ], [ -97.514116999999843, 35.706861 ], [ -97.514111999999869, 35.706244000000112 ], [ -97.514104999999816, 35.704740000000108 ], [ -97.514102, 35.704233 ], [ -97.514067999999767, 35.701672 ], [ -97.514084999999852, 35.696637 ], [ -97.513343999999819, 35.696627 ], [ -97.512107999999884, 35.696612000000115 ], [ -97.511615206875234, 35.69660978768534 ] ], [ [ -97.511123999999811, 35.696607000000149 ], [ -97.510718045514025, 35.696605354238642 ], [ -97.511153886883136, 35.696607321364482 ], [ -97.511123999999811, 35.696607000000149 ] ], [ [ -97.510308862530721, 35.696603738196984 ], [ -97.508565999999817, 35.69654000000012 ], [ -97.508442652293041, 35.696539817398026 ], [ -97.510096999999789, 35.696603000000181 ], [ -97.510308862530721, 35.696603738196984 ] ], [ [ -97.506989021456945, 35.69653552578243 ], [ -97.506468999999854, 35.696528 ], [ -97.505018, 35.696508 ], [ -97.504869, 35.696506000000156 ], [ -97.504778999999829, 35.696505 ], [ -97.504749, 35.696505 ], [ -97.504536999999871, 35.696501 ], [ -97.503928999999829, 35.696493000000125 ], [ -97.503912333333105, 35.696493 ], [ -97.504537, 35.696501000000104 ], [ -97.50474899999989, 35.696505 ], [ -97.505018, 35.696508000000144 ], [ -97.505489999999881, 35.696515 ], [ -97.506468999999797, 35.696528000000207 ], [ -97.506940999999856, 35.696535 ], [ -97.506989021456945, 35.69653552578243 ] ], [ [ -97.497177156629945, 35.696553558688308 ], [ -97.503017, 35.696501 ], [ -97.500991, 35.696523000000113 ], [ -97.500955999999888, 35.696523 ], [ -97.500316, 35.69653 ], [ -97.497177156629945, 35.696553558688308 ] ], [ [ -97.497063, 35.696555 ], [ -97.493281999999795, 35.696537 ], [ -97.492378999999872, 35.696553 ], [ -97.492309999999833, 35.696555 ], [ -97.491893999999874, 35.696562 ], [ -97.491409, 35.696554 ], [ -97.491206, 35.696551 ], [ -97.490547999999819, 35.69654000000012 ], [ -97.490347999999869, 35.696537 ], [ -97.489485761021911, 35.69653512148377 ], [ -97.491893999999817, 35.696562000000185 ], [ -97.497063, 35.696555 ] ], [ [ -97.477892028459436, 35.696318417771067 ], [ -97.477484, 35.696312 ], [ -97.476492999999877, 35.696311 ], [ -97.476481999999862, 35.696311 ], [ -97.476056999999855, 35.696303 ], [ -97.475998, 35.696301 ], [ -97.475958744256857, 35.696300327044469 ], [ -97.476056999999798, 35.696303 ], [ -97.476481999999805, 35.696311000000186 ], [ -97.477892028459436, 35.696318417771067 ] ], [ [ -97.472743115882423, 35.696281535862724 ], [ -97.473949, 35.696286 ], [ -97.473296, 35.696293 ], [ -97.472743115882423, 35.696281535862724 ] ], [ [ -97.471432999999891, 35.696261 ], [ -97.471075651685965, 35.696256754277549 ], [ -97.472116434532083, 35.696269521627777 ], [ -97.471432999999891, 35.696261 ] ], [ [ -97.468896994187574, 35.69624741745622 ], [ -97.468422999999888, 35.696243 ], [ -97.467708999999871, 35.696254 ], [ -97.4675009999998, 35.696288 ], [ -97.466747210025858, 35.696289344638778 ], [ -97.4675009999998, 35.696288 ], [ -97.467708999999829, 35.696254000000103 ], [ -97.468896994187574, 35.69624741745622 ] ], [ [ -97.466143999999872, 35.69628 ], [ -97.465137200516224, 35.696264605513477 ], [ -97.466446636723816, 35.696284988517625 ], [ -97.466143999999872, 35.69628 ] ], [ [ -97.46396399999982, 35.696247 ], [ -97.463760842021117, 35.696244532494248 ], [ -97.464358981101753, 35.69625279788788 ], [ -97.46396399999982, 35.696247 ] ], [ [ -97.461587954269234, 35.696252202395996 ], [ -97.462785999999866, 35.696233000000113 ], [ -97.46273, 35.696233000000113 ], [ -97.462290999999851, 35.69624 ], [ -97.461587954269234, 35.696252202395996 ] ], [ [ -97.460973999999851, 35.696246000000137 ], [ -97.460536, 35.696241 ], [ -97.461469768355542, 35.696252109821408 ], [ -97.460973999999851, 35.696246000000137 ] ], [ [ -97.478120999999746, 35.580053 ], [ -97.478079999999792, 35.574829000000179 ], [ -97.478120999999632, 35.580053 ], [ -97.478120999999746, 35.580053 ] ], [ [ -97.478064999999731, 35.572845000000108 ], [ -97.478050999999837, 35.571023000000181 ], [ -97.478079999999792, 35.574829000000179 ], [ -97.478064999999731, 35.572845000000108 ] ], [ [ -97.478047999999816, 35.570664000000356 ], [ -97.47803999999978, 35.569587 ], [ -97.478050999999837, 35.571023000000181 ], [ -97.478047999999816, 35.570664000000356 ] ], [ [ -97.478037999999628, 35.569229 ], [ -97.478031999999871, 35.568505 ], [ -97.47803999999978, 35.569587 ], [ -97.478037999999628, 35.569229 ] ], [ [ -97.478056999999808, 35.561881000000184 ], [ -97.478069999999889, 35.560949000000143 ], [ -97.478020999999842, 35.564676000000105 ], [ -97.478056999999808, 35.561881000000184 ] ], [ [ -97.478104999999758, 35.558331000000237 ], [ -97.478108999999833, 35.558004 ], [ -97.478096999999806, 35.558854000000117 ], [ -97.478104999999758, 35.558331000000237 ] ], [ [ -97.478135999999722, 35.556067000000304 ], [ -97.478126999999787, 35.555889 ], [ -97.478134029266116, 35.556191156226504 ], [ -97.478135999999722, 35.556067000000304 ] ], [ [ -97.477990999999733, 35.555017000000106 ], [ -97.477909, 35.55472 ], [ -97.478034846153733, 35.555217769306225 ], [ -97.477990999999733, 35.555017000000106 ] ], [ [ -97.477909, 35.55472 ], [ -97.477704999999716, 35.554169000000122 ], [ -97.477193999999884, 35.553053 ], [ -97.477909, 35.55472 ] ], [ [ -97.477132, 35.552918000000361 ], [ -97.477062999999873, 35.552761000000352 ], [ -97.477159999999799, 35.552980000000133 ], [ -97.477132, 35.552918000000361 ] ], [ [ -97.476591999999812, 35.547920000000197 ], [ -97.476593999999807, 35.543971000000113 ], [ -97.476591999276465, 35.547921016301423 ], [ -97.476591999999812, 35.547920000000197 ] ], [ [ -97.476595999999788, 35.542187000000112 ], [ -97.476595999999788, 35.542187 ], [ -97.476593999999807, 35.543971000000113 ], [ -97.476595999999788, 35.542187000000112 ] ], [ [ -97.476595999999788, 35.542187 ], [ -97.476597, 35.540758000000189 ], [ -97.476597963055283, 35.540415152292979 ], [ -97.476595999999788, 35.542187 ] ], [ [ -97.476597999999782, 35.540185 ], [ -97.476597999999825, 35.539860000659068 ], [ -97.476597999999825, 35.540293500074135 ], [ -97.476597999999782, 35.540185 ] ], [ [ -97.476598503795586, 35.539426180179895 ], [ -97.476597999999555, 35.537881000000155 ], [ -97.476521, 35.537823000000174 ], [ -97.476598503795586, 35.539426180179895 ] ], [ [ -97.476497999999779, 35.537788999999236 ], [ -97.476503999999792, 35.536290000000299 ], [ -97.476684999836408, 35.536205000076777 ], [ -97.476497999999779, 35.537788999999236 ] ], [ [ -97.476823010574734, 35.536140487362708 ], [ -97.479760999999812, 35.534769 ], [ -97.480169740874871, 35.534578715110335 ], [ -97.476823010574734, 35.536140487362708 ] ], [ [ -97.48161015543235, 35.533951733378842 ], [ -97.481736999999882, 35.533905000000161 ], [ -97.481886363312469, 35.533860431933363 ], [ -97.48161015543235, 35.533951733378842 ] ], [ [ -97.483851666666467, 35.533568 ], [ -97.484304999999878, 35.533587000000161 ], [ -97.484397142856935, 35.533596000000827 ], [ -97.483851666666467, 35.533568 ] ], [ [ -97.484707999999827, 35.533626000000325 ], [ -97.484746650149006, 35.533631424582936 ], [ -97.48464533333312, 35.53362000000071 ], [ -97.484707999999827, 35.533626000000325 ] ], [ [ -97.486476999999695, 35.534116 ], [ -97.486515178767533, 35.534132140620983 ], [ -97.486470747724312, 35.53411333358892 ], [ -97.486476999999695, 35.534116 ] ], [ [ -97.489888209364295, 35.535529070220512 ], [ -97.489566999999894, 35.535446000000313 ], [ -97.489842999999723, 35.53552 ], [ -97.489888209364295, 35.535529070220512 ] ], [ [ -97.490721999999835, 35.535665000000137 ], [ -97.490723832640796, 35.535665132800233 ], [ -97.490497999999832, 35.535641 ], [ -97.490721999999835, 35.535665000000137 ] ], [ [ -97.491800202250602, 35.535680092037659 ], [ -97.492307999999696, 35.535632 ], [ -97.492616729216081, 35.535582204966829 ], [ -97.491800202250602, 35.535680092037659 ] ], [ [ -97.493506, 35.535358000000123 ], [ -97.493799518518315, 35.535254296301773 ], [ -97.49341969191471, 35.535384325640926 ], [ -97.493506, 35.535358000000123 ] ], [ [ -97.494786999999633, 35.534799 ], [ -97.495050802570347, 35.53462242822804 ], [ -97.494755167543971, 35.53481557032184 ], [ -97.494786999999633, 35.534799 ] ], [ [ -97.495633999999811, 35.534159 ], [ -97.49570199999981, 35.534103666676295 ], [ -97.495577171278924, 35.534209691273631 ], [ -97.495633999999811, 35.534159 ] ], [ [ -97.495904, 35.533924000000141 ], [ -97.496025, 35.533805 ], [ -97.496431, 35.533422000000179 ], [ -97.496025, 35.533805 ], [ -97.495904, 35.533924000000127 ], [ -97.495851884811771, 35.533971151867803 ], [ -97.495904, 35.533924000000141 ] ], [ [ -97.496682999999834, 35.533183 ], [ -97.496702301619479, 35.53316480059371 ], [ -97.496431, 35.533422000000179 ], [ -97.496682999999834, 35.533183 ] ], [ [ -97.498431999999696, 35.53170800000013 ], [ -97.498626648973058, 35.531587520404784 ], [ -97.498342310274936, 35.531767195221029 ], [ -97.498431999999696, 35.53170800000013 ] ], [ [ -97.501141999999845, 35.53041800000014 ], [ -97.501392625179065, 35.530319376763053 ], [ -97.500409999999803, 35.530695000000122 ], [ -97.501141999999845, 35.53041800000014 ] ], [ [ -97.502635999999811, 35.529895 ], [ -97.502717627320934, 35.529870357793634 ], [ -97.502567124173595, 35.52991409832061 ], [ -97.502635999999811, 35.529895 ] ], [ [ -97.503676999999684, 35.529668000000107 ], [ -97.503769931621662, 35.529653629131118 ], [ -97.503569118511834, 35.529687178936726 ], [ -97.503676999999684, 35.529668000000107 ] ], [ [ -97.503789833786868, 35.529650676271167 ], [ -97.504165, 35.529596000000346 ], [ -97.504182996058461, 35.529592625492754 ], [ -97.503789833786868, 35.529650676271167 ] ], [ [ -97.504027999999863, 35.529429000000619 ], [ -97.503833999999699, 35.529188000000161 ], [ -97.504029999999673, 35.529430000000119 ], [ -97.504027999999863, 35.529429000000619 ] ], [ [ -97.502808999999615, 35.523394000000401 ], [ -97.502822999999879, 35.523220000000407 ], [ -97.502804, 35.5235750000001 ], [ -97.502808999999615, 35.523394000000401 ] ], [ [ -97.502837999999869, 35.522849000000413 ], [ -97.50290799999982, 35.522296000000523 ], [ -97.502822999999495, 35.523207000000163 ], [ -97.502837999999869, 35.522849000000413 ] ], [ [ -97.498607237458188, 35.522277987701017 ], [ -97.499336, 35.52228 ], [ -97.49879, 35.522278 ], [ -97.498607237458188, 35.522277987701017 ] ], [ [ -97.496879, 35.522271 ], [ -97.496381200432538, 35.522268914720293 ], [ -97.497944, 35.522275 ], [ -97.496879, 35.522271 ] ], [ [ -97.495354857142743, 35.522265 ], [ -97.494491, 35.522261 ], [ -97.493486333333124, 35.522261 ], [ -97.494491, 35.522261 ], [ -97.495204, 35.522265 ], [ -97.495354857142743, 35.522265 ] ], [ [ -97.47493294424288, 35.522786755094117 ], [ -97.490392, 35.522263 ], [ -97.48997, 35.522262 ], [ -97.488706, 35.52226 ], [ -97.487709, 35.52226 ], [ -97.485981, 35.522263 ], [ -97.485406, 35.522265 ], [ -97.48498, 35.522264 ], [ -97.483702, 35.522262 ], [ -97.483276, 35.522262 ], [ -97.482894, 35.522261 ], [ -97.481748, 35.52226 ], [ -97.481095, 35.52226 ], [ -97.478444, 35.522245 ], [ -97.477098999999882, 35.522238 ], [ -97.476651, 35.522236 ], [ -97.47601, 35.522236 ], [ -97.475851, 35.522237 ], [ -97.475412, 35.522499 ], [ -97.47493294424288, 35.522786755094117 ] ], [ [ -97.474122, 35.524013 ], [ -97.474113087203193, 35.524107062474307 ], [ -97.474153936260905, 35.523959488607289 ], [ -97.474122, 35.524013 ] ], [ [ -97.47363, 35.525185 ], [ -97.473629999999645, 35.525185 ], [ -97.473656123237191, 35.52518524644568 ], [ -97.47363, 35.525185 ] ], [ [ -97.47126, 35.525196 ], [ -97.470839111262421, 35.525164869692688 ], [ -97.473485847278937, 35.525185669063347 ], [ -97.47126, 35.525196 ] ], [ [ -97.470609920306771, 35.525132747126577 ], [ -97.470202, 35.525049 ], [ -97.469854233849006, 35.524941099924938 ], [ -97.470609920306771, 35.525132747126577 ] ], [ [ -97.469435596367234, 35.524770383171806 ], [ -97.468712, 35.524326 ], [ -97.466852999999887, 35.522682 ], [ -97.466729, 35.522583 ], [ -97.466629999999881, 35.522517 ], [ -97.466581688630129, 35.522490261642048 ], [ -97.468711999999812, 35.524326000000414 ], [ -97.469124999999821, 35.524607000000437 ], [ -97.469291999999655, 35.524699 ], [ -97.469435596367234, 35.524770383171806 ] ], [ [ -97.459029, 35.522241 ], [ -97.466182, 35.522319 ], [ -97.466061, 35.522288 ], [ -97.466041999999888, 35.522284 ], [ -97.465936, 35.522264 ], [ -97.465682999999885, 35.52224 ], [ -97.459488, 35.52224 ], [ -97.459029, 35.522241 ] ], [ [ -97.459047802830909, 35.519739774005679 ], [ -97.459067, 35.517354 ], [ -97.459071024760249, 35.516892160064906 ], [ -97.459047802830909, 35.519739774005679 ] ], [ [ -97.459082999999893, 35.515292 ], [ -97.45909, 35.514475 ], [ -97.459093147710064, 35.514034639313628 ], [ -97.459082999999893, 35.515292 ] ], [ [ -97.459125199999917, 35.510037600390291 ], [ -97.459145, 35.50769 ], [ -97.459144999999879, 35.507161 ], [ -97.459144999999879, 35.50769 ], [ -97.459127, 35.509731 ], [ -97.459125199999917, 35.510037600390291 ] ], [ [ -97.459105, 35.290832 ], [ -97.459099, 35.289179 ], [ -97.459082999999893, 35.288033 ], [ -97.459105, 35.290832 ] ], [ [ -97.45907, 35.282804 ], [ -97.459087, 35.287304 ], [ -97.459087, 35.286528999999859 ], [ -97.459080999999898, 35.284916 ], [ -97.459075, 35.283565 ], [ -97.45907, 35.282804 ] ], [ [ -97.459075, 35.280567000000161 ], [ -97.459070966737656, 35.27994722318028 ], [ -97.459074001026607, 35.281958569764519 ], [ -97.459075, 35.280567000000161 ] ], [ [ -97.459056, 35.276991 ], [ -97.459064, 35.2788520000001 ], [ -97.459063, 35.278571 ], [ -97.459056, 35.276991 ] ], [ [ -97.459064850491231, 35.268022351994304 ], [ -97.459057, 35.270382 ], [ -97.459054, 35.268441000000131 ], [ -97.459064850491231, 35.268022351994304 ] ], [ [ -97.459067825254806, 35.267907007487068 ], [ -97.459089, 35.264829 ], [ -97.459036, 35.259255 ], [ -97.459067825254806, 35.267907007487068 ] ], [ [ -97.459030999999854, 35.2581 ], [ -97.459030999999854, 35.258100000000105 ], [ -97.459036, 35.259255 ], [ -97.459030999999854, 35.2581 ] ], [ [ -97.529742000707259, 35.551114284601262 ], [ -97.529742, 35.551115 ], [ -97.529742485989303, 35.551114283186955 ], [ -97.529742000707259, 35.551114284601262 ] ], [ [ -97.549313389870377, 35.550851480069959 ], [ -97.549314999999865, 35.550852000000113 ], [ -97.549313450969038, 35.550851472670843 ], [ -97.549313389870377, 35.550851480069959 ] ], [ [ -97.514302722657987, 35.551127270608589 ], [ -97.514022025827018, 35.551128798547239 ], [ -97.514632999999762, 35.551127000000378 ], [ -97.514302722657987, 35.551127270608589 ] ], [ [ -97.460507999999891, 35.721995 ], [ -97.460507999999848, 35.721995 ], [ -97.460505954332177, 35.722148936634952 ], [ -97.460507999999891, 35.721995 ] ], [ [ -97.460508999999888, 35.717065000000183 ], [ -97.460506704789168, 35.716891003122861 ], [ -97.460510323032921, 35.717494988100555 ], [ -97.460508999999888, 35.717065000000183 ] ], [ [ -97.460506999999893, 35.713274000000233 ], [ -97.460506999999851, 35.713274 ], [ -97.460505961471128, 35.713353966750461 ], [ -97.460506999999893, 35.713274000000233 ] ], [ [ -97.460526, 35.704363 ], [ -97.460526, 35.704363 ], [ -97.460527648255422, 35.70453408929454 ], [ -97.460526, 35.704363 ] ], [ [ -97.495832404186913, 35.72546940443501 ], [ -97.495588999999882, 35.725471 ], [ -97.495436999999839, 35.725471 ], [ -97.495832404186913, 35.72546940443501 ] ], [ [ -97.494763, 35.725458000000124 ], [ -97.494766909985245, 35.725457022503775 ], [ -97.494624186709927, 35.72545590131115 ], [ -97.494763, 35.725458000000124 ] ], [ [ -97.492917999999875, 35.725442 ], [ -97.493084, 35.725440500000055 ], [ -97.492653346063875, 35.725444296346623 ], [ -97.492917999999875, 35.725442 ] ], [ [ -97.486397, 35.725419 ], [ -97.486579529013611, 35.725416458229205 ], [ -97.486536999999885, 35.725417 ], [ -97.48639699999984, 35.725419 ], [ -97.486287999999831, 35.725417 ], [ -97.486164951171787, 35.725417376296207 ], [ -97.486397, 35.725419 ] ], [ [ -97.482533999999845, 35.725401 ], [ -97.483082912965344, 35.725406582165995 ], [ -97.482279540636284, 35.725398412277734 ], [ -97.482533999999845, 35.725401 ] ], [ [ -97.478929999999892, 35.725367 ], [ -97.47904631578929, 35.725367 ], [ -97.478839047602975, 35.725366630274898 ], [ -97.478929999999892, 35.725367 ] ], [ [ -97.476389999999881, 35.725344000000113 ], [ -97.476718583205709, 35.725346611949305 ], [ -97.47251989909347, 35.725317036528452 ], [ -97.476389999999881, 35.725344000000113 ] ], [ [ -97.467931999999863, 35.725306 ], [ -97.468086258069562, 35.725306910972868 ], [ -97.467834047618837, 35.725306 ], [ -97.467931999999863, 35.725306 ] ], [ [ -97.464617, 35.725326000000145 ], [ -97.464893720019873, 35.725323810127129 ], [ -97.464555603251398, 35.725325426198708 ], [ -97.464617, 35.725326000000145 ] ], [ [ -97.463298854725593, 35.725340238342419 ], [ -97.463841999999829, 35.725340000000109 ], [ -97.46343899999988, 35.725340000000109 ], [ -97.463298854725593, 35.725340238342419 ] ], [ [ -97.461668, 35.725335 ], [ -97.461904238407016, 35.725336327182156 ], [ -97.461585788946238, 35.725335754229945 ], [ -97.461668, 35.725335 ] ], [ [ -97.460738999999876, 35.725344 ], [ -97.460893652067583, 35.72534244726851 ], [ -97.460640402484771, 35.725342247155375 ], [ -97.460738999999876, 35.725344 ] ], [ [ -97.48421452983024, 35.696448349942727 ], [ -97.485935999999811, 35.696473000000296 ], [ -97.486949999999865, 35.696497000000114 ], [ -97.487106999999796, 35.696500000000206 ], [ -97.487684443170949, 35.696510071683605 ], [ -97.485935999999867, 35.696473000000168 ], [ -97.48421452983024, 35.696448349942727 ] ], [ [ -97.481513, 35.696400000000125 ], [ -97.481513, 35.6964 ], [ -97.480012, 35.696354 ], [ -97.479524825456423, 35.696345482002975 ], [ -97.481513, 35.696400000000125 ] ], [ [ -97.433087, 35.594075 ], [ -97.433086999999631, 35.594075000000423 ], [ -97.433018611390409, 35.594183323784407 ], [ -97.433087, 35.594075 ] ], [ [ -97.433482999999882, 35.593485 ], [ -97.433482999999825, 35.593485000000108 ], [ -97.433480672563945, 35.593488406946882 ], [ -97.433482999999882, 35.593485 ] ], [ [ -97.435481834901438, 35.590375295883362 ], [ -97.442139, 35.580019 ], [ -97.440348999999813, 35.5828020000001 ], [ -97.435481834901438, 35.590375295883362 ] ], [ [ -97.442398999999682, 35.579612000000473 ], [ -97.442398999999526, 35.57961200000053 ], [ -97.442220875283951, 35.579889183917381 ], [ -97.442398999999682, 35.579612000000473 ] ], [ [ -97.444239999999567, 35.576699000000147 ], [ -97.444239999999425, 35.576699000000154 ], [ -97.443900157420998, 35.577236516104463 ], [ -97.444239999999567, 35.576699000000147 ] ], [ [ -97.445168999999737, 35.575222000000174 ], [ -97.447601390087854, 35.571454280647551 ], [ -97.445074999999733, 35.57538700000012 ], [ -97.445168999999737, 35.575222000000174 ] ], [ [ -97.449894999999856, 35.567901000000163 ], [ -97.449894999999827, 35.567901000000191 ], [ -97.449825671312752, 35.568008452175754 ], [ -97.449894999999856, 35.567901000000163 ] ], [ [ -97.450499999999863, 35.566944 ], [ -97.450499999999877, 35.566944 ], [ -97.45048066954935, 35.566974648331701 ], [ -97.450499999999863, 35.566944 ] ], [ [ -97.451773999999659, 35.564945000000179 ], [ -97.451773999999673, 35.564945000000151 ], [ -97.451686999999808, 35.565079 ], [ -97.451773999999659, 35.564945000000179 ] ], [ [ -97.452129, 35.564359000000152 ], [ -97.452243649084053, 35.564153861367409 ], [ -97.452026531436019, 35.564529061183762 ], [ -97.452129, 35.564359000000152 ] ], [ [ -97.452515, 35.563616000000501 ], [ -97.452573286359225, 35.563476621582389 ], [ -97.452447358107364, 35.563750747253827 ], [ -97.452515, 35.563616000000501 ] ], [ [ -97.452761999999822, 35.562937000000112 ], [ -97.452761999999822, 35.562937 ], [ -97.452736920979206, 35.563012442764922 ], [ -97.452761999999822, 35.562937000000112 ] ], [ [ -97.453079999999773, 35.561802 ], [ -97.453125999999855, 35.561638500166943 ], [ -97.452894999999828, 35.562461 ], [ -97.453079999999773, 35.561802 ] ], [ [ -97.453204999999841, 35.56134700000041 ], [ -97.453204999999841, 35.561347000000367 ], [ -97.453185749999889, 35.561421666691849 ], [ -97.453204999999841, 35.56134700000041 ] ], [ [ -97.453786999999863, 35.55928 ], [ -97.454019333333207, 35.558438000088131 ], [ -97.453759409915932, 35.559381163736681 ], [ -97.453786999999863, 35.55928 ] ], [ [ -97.454778590814826, 35.555679711184311 ], [ -97.455809, 35.551953000000125 ], [ -97.455906043401086, 35.5515989603336 ], [ -97.454778590814826, 35.555679711184311 ] ], [ [ -97.456018099061453, 35.551194796844406 ], [ -97.456018099061382, 35.551194796844385 ], [ -97.455999548288219, 35.551261337673914 ], [ -97.456018099061453, 35.551194796844406 ] ], [ [ -97.42453699999983, 35.551115 ], [ -97.423910999999876, 35.551115 ], [ -97.423755, 35.551116 ], [ -97.42219, 35.551117 ], [ -97.418608, 35.55112 ], [ -97.417494999999874, 35.55112 ], [ -97.415931, 35.551122 ], [ -97.417494999999874, 35.55112 ], [ -97.418608, 35.551120000000303 ], [ -97.423755, 35.551116000000135 ], [ -97.423910999999535, 35.551115 ], [ -97.42453699999983, 35.551115 ] ], [ [ -97.415159999999858, 35.551122 ], [ -97.412939, 35.551123 ], [ -97.41207699999984, 35.551125 ], [ -97.411080999999868, 35.551125 ], [ -97.409349, 35.551127 ], [ -97.408092999999894, 35.551127 ], [ -97.406558, 35.551128 ], [ -97.406424, 35.551129 ], [ -97.405099, 35.55113 ], [ -97.401141056714053, 35.551135972751517 ], [ -97.415159999999858, 35.551122 ] ], [ [ -97.42415699999988, 35.547309 ], [ -97.42415699999988, 35.547309 ], [ -97.424156999957191, 35.547309122026334 ], [ -97.42415699999988, 35.547309 ] ], [ [ -97.424157999999892, 35.544839603850171 ], [ -97.424158999999861, 35.543606909287142 ], [ -97.424157999999892, 35.544198 ], [ -97.424157999999892, 35.544839603850171 ] ], [ [ -97.424159999999873, 35.540583 ], [ -97.42415999800572, 35.540584228398913 ], [ -97.424159999999873, 35.54058300000014 ], [ -97.424159999999873, 35.540583 ] ], [ [ -97.424162, 35.536958000000368 ], [ -97.429075999999725, 35.536937 ], [ -97.430391, 35.536931 ], [ -97.431162741157138, 35.536928027954552 ], [ -97.430391, 35.536931 ], [ -97.425719, 35.536951 ], [ -97.424162, 35.536958000000368 ] ], [ [ -97.423666991523845, 35.282742254867671 ], [ -97.423667, 35.282739 ], [ -97.423667, 35.282739 ], [ -97.423666991523845, 35.282742254867671 ] ], [ [ -97.423676067538835, 35.280951409941473 ], [ -97.423658, 35.281867 ], [ -97.423658, 35.281867 ], [ -97.423675999999872, 35.280962 ], [ -97.423676067538835, 35.280951409941473 ] ], [ [ -97.423674999999889, 35.279264 ], [ -97.423675383834592, 35.279237563560017 ], [ -97.423674999999889, 35.279264 ], [ -97.423674999999889, 35.279264 ] ], [ [ -97.423673, 35.27375 ], [ -97.423676223748714, 35.273919247399199 ], [ -97.423674359696903, 35.273525990533535 ], [ -97.423673, 35.27375 ] ], [ [ -97.423683, 35.269106 ], [ -97.423675999999872, 35.269465 ], [ -97.423703, 35.267741 ], [ -97.423683, 35.269106 ] ], [ [ -97.423693, 35.266923 ], [ -97.423693, 35.266923 ], [ -97.423705, 35.26529700000011 ], [ -97.423693, 35.266923 ] ], [ [ -97.423706008215873, 35.262737706563207 ], [ -97.423701, 35.264786 ], [ -97.423701, 35.264786 ], [ -97.423707, 35.263668 ], [ -97.423706008215873, 35.262737706563207 ] ], [ [ -97.423644750029524, 35.257507763582417 ], [ -97.42362677351214, 35.255128010369297 ], [ -97.423629, 35.256556 ], [ -97.423644750029524, 35.257507763582417 ] ], [ [ -97.423586, 35.249623 ], [ -97.423611037696759, 35.251525865813264 ], [ -97.423583359159096, 35.249599496525335 ], [ -97.423586, 35.249623 ] ], [ [ -97.423494, 35.247329 ], [ -97.428604, 35.247366 ], [ -97.434047, 35.247402 ], [ -97.428195, 35.247346 ], [ -97.423494, 35.247329 ] ], [ [ -97.446646, 35.247413 ], [ -97.441222, 35.247397 ], [ -97.437499, 35.247406 ], [ -97.435395, 35.247418 ], [ -97.434071, 35.247402 ], [ -97.435395, 35.247418 ], [ -97.441222, 35.247397 ], [ -97.444089, 35.247414 ], [ -97.446646, 35.247413 ], [ -97.449226, 35.247431 ], [ -97.45103599999986, 35.247432 ], [ -97.446646, 35.247413 ] ], [ [ -97.45103599999986, 35.247432 ], [ -97.453576999999882, 35.2474330000002 ], [ -97.453965742383616, 35.247432000662343 ], [ -97.45103599999986, 35.247432 ] ], [ [ -97.459035391238217, 35.257739378691944 ], [ -97.459041, 35.253783 ], [ -97.459059, 35.25494800000024 ], [ -97.459051, 35.255488 ], [ -97.459044, 35.25605 ], [ -97.459035391238217, 35.257739378691944 ] ], [ [ -97.459041131371706, 35.252671689058111 ], [ -97.459021, 35.247439 ], [ -97.457168, 35.247431 ], [ -97.456433, 35.247431 ], [ -97.455496222892279, 35.247431998696378 ], [ -97.459041131371706, 35.252671689058111 ] ], [ [ -97.459115, 35.523559000000212 ], [ -97.459115, 35.523559 ], [ -97.459112754825824, 35.523864907507239 ], [ -97.459115, 35.523559000000212 ] ], [ [ -97.459068, 35.535917 ], [ -97.459068, 35.535917 ], [ -97.459068993458374, 35.53623888120061 ], [ -97.459068, 35.535917 ] ], [ [ -97.457137852676425, 35.536792205434395 ], [ -97.459070999999881, 35.536781 ], [ -97.458557999999897, 35.536783 ], [ -97.457137852676425, 35.536792205434395 ] ], [ [ -97.455923, 35.5368 ], [ -97.454282999999862, 35.536809000000169 ], [ -97.454499999999783, 35.536808 ], [ -97.455923, 35.5368 ] ], [ [ -97.450633999999667, 35.53683100000039 ], [ -97.45296899999984, 35.536817 ], [ -97.453097075909284, 35.536816138502921 ], [ -97.452857999999893, 35.536817 ], [ -97.45119, 35.536827 ], [ -97.450634, 35.536831 ], [ -97.449388620252279, 35.536838325763242 ], [ -97.450633999999667, 35.53683100000039 ] ], [ [ -97.44178199999989, 35.536883 ], [ -97.437905540427778, 35.536899156665527 ], [ -97.448772499013771, 35.536841829169511 ], [ -97.44178199999989, 35.536883 ] ], [ [ -97.434467, 35.536915000000178 ], [ -97.436842360218179, 35.536903952589135 ], [ -97.434467, 35.536915 ], [ -97.433033, 35.53692 ], [ -97.432418491692658, 35.536922834447964 ], [ -97.434467, 35.536915000000178 ] ], [ [ -97.445045, 35.58001 ], [ -97.445044999999752, 35.58001 ], [ -97.444128550271628, 35.580018520710347 ], [ -97.445045, 35.58001 ] ], [ [ -97.460039, 35.580085 ], [ -97.460039, 35.580085 ], [ -97.459372599900917, 35.580086152941398 ], [ -97.460039, 35.580085 ] ], [ [ -97.453106, 35.580098 ], [ -97.453105999999693, 35.580098 ], [ -97.452459547984773, 35.580099492099372 ], [ -97.453106, 35.580098 ] ], [ [ -97.354426192507404, 35.594606944446689 ], [ -97.353813, 35.594601 ], [ -97.353813, 35.594601 ], [ -97.354426192507404, 35.594606944446689 ] ], [ [ -97.398289999999832, 35.594703 ], [ -97.398289999999889, 35.594703 ], [ -97.398614342444716, 35.594702120129092 ], [ -97.398289999999832, 35.594703 ] ], [ [ -97.383204411399873, 35.594746666541809 ], [ -97.383828999999494, 35.594746 ], [ -97.383621, 35.594746 ], [ -97.383204411399873, 35.594746666541809 ] ], [ [ -97.380561999999898, 35.594753000000104 ], [ -97.380561999999784, 35.594753 ], [ -97.375527017205087, 35.594765809744068 ], [ -97.380561999999898, 35.594753000000104 ] ], [ [ -97.364690999999823, 35.594707 ], [ -97.36469099999988, 35.594707 ], [ -97.365070084886042, 35.594710998019181 ], [ -97.364690999999823, 35.594707 ] ], [ [ -97.360521999999847, 35.594667 ], [ -97.360522, 35.594667 ], [ -97.360691234519606, 35.59466862413182 ], [ -97.360521999999847, 35.594667 ] ], [ [ -97.353777, 35.587626000000483 ], [ -97.353776999999866, 35.587626 ], [ -97.353783984852171, 35.589017981300515 ], [ -97.353777, 35.587626000000483 ] ], [ [ -97.353654, 35.584435 ], [ -97.353654001240656, 35.584434849870583 ], [ -97.353654, 35.584435 ], [ -97.353654, 35.584435 ] ], [ [ -97.353684, 35.565676000000124 ], [ -97.353684002330155, 35.56567364649419 ], [ -97.353684, 35.565676 ], [ -97.353684, 35.565676000000124 ] ], [ [ -97.380235, 35.551165 ], [ -97.375803636607458, 35.551268795396709 ], [ -97.399140274595283, 35.551138609085008 ], [ -97.380235, 35.551165 ] ], [ [ -97.375376999999872, 35.55125 ], [ -97.375376999999787, 35.55125 ], [ -97.375495999999714, 35.551276 ], [ -97.375376999999872, 35.55125 ] ], [ [ -97.374854039547316, 35.551136545699968 ], [ -97.374053999999674, 35.550963000000294 ], [ -97.374162, 35.550987000000141 ], [ -97.374854039547316, 35.551136545699968 ] ], [ [ -97.366957649848004, 35.551177383943561 ], [ -97.36971664835427, 35.551178858959034 ], [ -97.369409999999888, 35.551178 ], [ -97.366957649848004, 35.551177383943561 ] ], [ [ -97.353708, 35.55117 ], [ -97.365127999999885, 35.551176 ], [ -97.356562999999895, 35.551171 ], [ -97.353708, 35.55117 ] ] ] } }
]
}
