{
"type": "FeatureCollection",
"name": "oregon_optimized_districts_race",
"crs": { "type": "name", "properties": { "name": "urn:ogc:def:crs:OGC:1.3:CRS84" } },
"features": [
{ "type": "Feature", "properties": { "district_id": 0, "voting_age_pop": 472004, "lib_votes": 0, "grn_votes": 0, "con_votes": 0, "ref_votes": 0, "total_pop": 626585, "dem_votes_sum": 99378, "rep_votes_sum": 159286, "lib_votes_sum": 0, "grn_votes_sum": 0, "con_votes_sum": 0, "ref_votes_sum": 0, "minority_pop_sum": 219014, "dem_pct": 0.38419725976556457, "rep_pct": 0.61580274023443538, "lib_pct": 0.0, "grn_pct": 0.0, "con_pct": 0.0, "ref_pct": 0.0, "minority_pct": 0.34953597676292919, "compactness": 0.083248379334719125 }, "geometry": { "type": "MultiPolygon", "coordinates": [ [ [ [ -123.014754090982791, 44.717346169145571 ], [ -123.040039341333042, 44.723913368805391 ], [ -123.04081878313967, 44.736822378926711 ], [ -123.060775549520784, 44.738041636496703 ], [ -123.062168135217576, 44.748047828520541 ], [ -123.100104712850225, 44.746316317943965 ], [ -123.113039679090107, 44.759488458885343 ], [ -123.143558413728513, 44.748502668766619 ], [ -123.131967072306651, 44.74074563187223 ], [ -123.148854829851189, 44.720053388672781 ], [ -123.418216237461252, 44.720568691252673 ], [ -123.418319685726956, 44.734347467829451 ], [ -123.377782120327609, 44.738491569470362 ], [ -123.387984627777072, 44.760234157326011 ], [ -123.329843041990301, 44.781623706633574 ], [ -123.329849356578862, 44.790953752395993 ], [ -123.313027599275372, 44.794709741759775 ], [ -123.307930987228119, 44.78432043255328 ], [ -123.295989623587801, 44.795795891680186 ], [ -123.316707002252897, 44.825184874463645 ], [ -123.315652414289247, 44.879556201954998 ], [ -123.295161742612819, 44.88467705338644 ], [ -123.295215972529959, 44.8940763848112 ], [ -123.275790778611096, 44.889750032971364 ], [ -123.275772550202134, 44.906081595659224 ], [ -123.224774844652998, 44.901153507367461 ], [ -123.1940675756953, 44.913663563377938 ], [ -123.193882082119984, 44.948381544410175 ], [ -123.214326616907925, 44.95555475924796 ], [ -123.19464675826535, 44.983522092216127 ], [ -123.204829237047846, 44.991861018526812 ], [ -123.183770258543774, 45.005775431845116 ], [ -123.168443675363505, 44.999139673094135 ], [ -123.15291706409289, 45.028202085855696 ], [ -123.127253905152031, 45.016051585826332 ], [ -123.121055859455211, 44.996309176602971 ], [ -123.091479997493778, 44.987242266467753 ], [ -123.091895903745112, 44.976156787019086 ], [ -123.078377591746374, 44.96884635781079 ], [ -123.088007118997083, 44.962599193828503 ], [ -123.052528023946834, 44.953264468839286 ], [ -123.04802632807359, 44.962983347109798 ], [ -123.071223652747207, 44.984532535852672 ], [ -123.051916557328468, 44.990434530691388 ], [ -123.05381660802631, 45.013519051933912 ], [ -123.035467490224988, 45.00387919614019 ], [ -122.996342266455031, 45.005370806662199 ], [ -122.97233900416434, 45.049636825558657 ], [ -122.919285730802173, 45.034808619994259 ], [ -122.907489875172729, 45.047432607356221 ], [ -122.887155988603169, 45.055152770976264 ], [ -122.897332681227809, 45.029432589226523 ], [ -122.87370213818258, 45.031148219738434 ], [ -122.854373060953407, 45.06806895188253 ], [ -122.866532900581859, 45.074312124370849 ], [ -122.867897304400401, 45.100400495249389 ], [ -122.8460834101068, 45.100359566361448 ], [ -122.84615857392032, 45.114920447368441 ], [ -122.825482777639579, 45.114923412600156 ], [ -122.825507640335331, 45.128101661252089 ], [ -122.76405769029806, 45.107028895479388 ], [ -122.763983711746761, 45.085670525186465 ], [ -122.726086698795086, 45.085846472663668 ], [ -122.763586045553481, 45.114678561906793 ], [ -122.722421022572405, 45.107304839338589 ], [ -122.722416311878504, 45.114570486257371 ], [ -122.6716614046844, 45.108778868892266 ], [ -122.660788689789683, 45.121765733490363 ], [ -122.641960589936247, 45.114454662528509 ], [ -122.640438651255195, 45.146990312653394 ], [ -122.620463242808199, 45.143412374240832 ], [ -122.625664908182287, 45.157733828238058 ], [ -122.658596663745968, 45.163309015644536 ], [ -122.63035687295077, 45.16501773159095 ], [ -122.640527026960285, 45.176070268210587 ], [ -122.601814994941506, 45.172453127164609 ], [ -122.609425637607984, 45.193165968136007 ], [ -122.630361787476289, 45.196890802146285 ], [ -122.630238775466239, 45.215876922507164 ], [ -122.543443015100934, 45.184400420388656 ], [ -122.543263192502934, 45.197905419347407 ], [ -122.518159237252647, 45.210348452085746 ], [ -122.538300738472387, 45.215903498808416 ], [ -122.538277421974101, 45.23023881512411 ], [ -122.504557555600357, 45.255241864239316 ], [ -122.517985997486662, 45.264016493098339 ], [ -122.540813666645064, 45.258989881963636 ], [ -122.540812549004968, 45.267542489596885 ], [ -122.57294784335663, 45.261747603141103 ], [ -122.57666943611099, 45.280004475292181 ], [ -122.564226482367658, 45.290442352183518 ], [ -122.568639690052635, 45.309359699924485 ], [ -122.527827273910887, 45.309508238215088 ], [ -122.52915875302611, 45.348590650570195 ], [ -122.507243068619445, 45.374307517340036 ], [ -122.512502409576754, 45.392280467086998 ], [ -122.531410405808415, 45.393811843757675 ], [ -122.525641842568803, 45.41010154434872 ], [ -122.497329655307965, 45.39266565291139 ], [ -122.449826489379703, 45.384125480938181 ], [ -122.454790304527549, 45.417599527885272 ], [ -122.398314222131617, 45.419951519659485 ], [ -122.407774004719016, 45.396351073791791 ], [ -122.35258005471681, 45.389247726695025 ], [ -122.342485091683869, 45.374800199701959 ], [ -122.291215657275814, 45.360453783692272 ], [ -122.291412353012703, 45.346048892337343 ], [ -122.24552839443578, 45.346048381735628 ], [ -122.250248482334896, 45.362911631869039 ], [ -122.224405487291548, 45.367793419682172 ], [ -122.225702431669703, 45.377820059013509 ], [ -122.208638240469995, 45.374685713924571 ], [ -122.207828157390992, 45.395692444375754 ], [ -122.242830783954076, 45.41437730333719 ], [ -122.267416307048677, 45.412237283451489 ], [ -122.260505677262032, 45.443688619153875 ], [ -122.242597399096525, 45.451913127544614 ], [ -122.263671722365004, 45.46141187118323 ], [ -121.819636042677303, 45.461658632549266 ], [ -121.776379222278067, 45.402803817497734 ], [ -121.724094871708715, 45.39361634699798 ], [ -121.696927473847921, 45.373618121070265 ], [ -121.703199767472015, 45.330991614953227 ], [ -121.679085529018025, 45.297159404679427 ], [ -121.695256601645085, 45.258022325955679 ], [ -121.481541176534378, 45.258284625422355 ], [ -121.48159422292683, 45.489599640371885 ], [ -121.296971843692376, 45.485469542675226 ], [ -121.247914743203808, 45.504562674307252 ], [ -121.161636400898686, 45.505786652273031 ], [ -121.161731475309693, 45.518844603407381 ], [ -121.147740746566456, 45.518795201771169 ], [ -121.137425264955027, 45.533374437108108 ], [ -121.142590134941273, 45.540673518264903 ], [ -121.158067995303298, 45.533425118951143 ], [ -121.147867087078552, 45.588367246835176 ], [ -121.174235643087371, 45.585181610949036 ], [ -121.189719614205956, 45.596686723501954 ], [ -121.131968190459219, 45.609762683265494 ], [ -121.084947189975495, 45.647898690934326 ], [ -120.983492173377485, 45.648349701014077 ], [ -120.953091170329259, 45.6567507043099 ], [ -120.913490159893072, 45.640050707366363 ], [ -120.895589157670599, 45.642950709124939 ], [ -120.855688156954031, 45.671550715504551 ], [ -120.689384137810663, 45.715852734886894 ], [ -120.634982134224174, 45.745852742265122 ], [ -120.559479120828414, 45.738353750072918 ], [ -120.482376098706851, 45.694454754655233 ], [ -120.210768058569499, 45.725956784017917 ], [ -120.170467059251052, 45.761956790737756 ], [ -119.999516040040859, 45.812486811357537 ], [ -120.00007303191623, 45.776449808592233 ], [ -119.999313077959258, 45.751050103883593 ], [ -119.999534532979041, 45.806412187480255 ], [ -119.8197180533775, 45.844575222418527 ], [ -119.705553858090198, 45.846875555314014 ], [ -119.664987792078307, 45.856667276205592 ], [ -119.608020305620869, 45.911605631215991 ], [ -119.57632373944233, 45.921160213135813 ], [ -119.494601743159649, 45.901136857050616 ], [ -119.460801525009188, 45.911917964488545 ], [ -119.432151929408391, 45.908689598656501 ], [ -119.43190296218549, 45.918256876102944 ], [ -119.257318660282806, 45.93986585939011 ], [ -119.195543922412355, 45.927875900768711 ], [ -119.126133911975046, 45.932864907415947 ], [ -119.027069901492695, 45.969139920493447 ], [ -118.987168822757255, 45.999836238118235 ], [ -117.977780718077796, 46.000737028221593 ], [ -117.977701688958689, 45.860564017852909 ], [ -117.977780593066115, 46.000729845300789 ], [ -116.916002518112819, 45.99541913301146 ], [ -116.875993503256026, 45.954416134314855 ], [ -116.857267488478684, 45.904165132371105 ], [ -116.796064468532109, 45.858479134334395 ], [ -116.782689459088402, 45.825382133686695 ], [ -116.759800452205852, 45.816173135218492 ], [ -116.711835446238283, 45.826273140706235 ], [ -116.665357427826166, 45.782004140947883 ], [ -116.593017413672939, 45.778547147799934 ], [ -116.546656399759826, 45.750978150562936 ], [ -116.535409385524318, 45.691740146950764 ], [ -116.487907367433678, 45.64977514788302 ], [ -116.463648354375522, 45.602791147167743 ], [ -116.482983352696181, 45.577014142333262 ], [ -116.528571356029659, 45.551084136556511 ], [ -116.557600351780337, 45.503223129376714 ], [ -116.554842343293586, 45.462936126168536 ], [ -116.58820834593719, 45.442926121776793 ], [ -116.597460341991052, 45.412776118073623 ], [ -116.673806339132909, 45.321517103881177 ], [ -116.674506330706564, 45.27635509974089 ], [ -116.703620328237875, 45.23976309426012 ], [ -116.729620314306061, 45.142097083651755 ], [ -116.774860315874591, 45.105542076570259 ], [ -116.797342312179296, 45.060273070513553 ], [ -116.84795731409568, 45.02260806254575 ], [ -116.856977306402257, 44.975179057635543 ], [ -116.826284302657797, 44.982499061313042 ], [ -116.850750302610535, 44.958119056674867 ], [ -116.832189293890821, 44.9313790563574 ], [ -116.852440289926577, 44.887583051119918 ], [ -116.898166291072158, 44.854325044315885 ], [ -116.934713285581225, 44.783887034493098 ], [ -117.03828329834262, 44.748185021631166 ], [ -117.062286298727727, 44.727149018346978 ], [ -117.061812295225693, 44.706660016367771 ], [ -117.095881293266373, 44.664743009753835 ], [ -117.124767283598601, 44.583840000486759 ], [ -117.148268284801148, 44.564376997013589 ], [ -117.149255279590747, 44.536156993999356 ], [ -117.181596282710359, 44.522965989762199 ], [ -117.200250281114194, 44.49203298574286 ], [ -117.225089283568394, 44.4823519822938 ], [ -117.215085271531777, 44.427167979121059 ], [ -117.24268827070388, 44.396553973699518 ], [ -117.235130265375503, 44.373858972938237 ], [ -117.189782249772534, 44.336590973863501 ], [ -117.220797556499221, 44.301388070310189 ], [ -117.19835460632261, 44.273545636855431 ], [ -117.150999994119687, 44.25583209878689 ], [ -117.106064636472624, 44.280653319436055 ], [ -117.052994045312914, 44.230581289628482 ], [ -117.026776028541889, 44.249035737433424 ], [ -116.979534034117876, 44.244172111471443 ], [ -116.971291041446506, 44.196783783486126 ], [ -116.924626867407795, 44.192260402167889 ], [ -116.894088852292995, 44.169831192747914 ], [ -116.926742818159724, 44.108992472524086 ], [ -116.977394321898061, 44.083095971200493 ], [ -116.97407144383719, 44.049088096349905 ], [ -116.944509165155239, 44.035941909329331 ], [ -116.935582513097017, 44.025014322969106 ], [ -116.945105732630807, 44.00121552714689 ], [ -116.934763646490779, 43.987755353964296 ], [ -116.978502791591495, 43.96333464231558 ], [ -116.961150145387521, 43.955912119899978 ], [ -116.972035845240356, 43.937275605912689 ], [ -116.958173139849293, 43.930870845182874 ], [ -116.962274228258593, 43.917357926343122 ], [ -116.98244508068143, 43.915515079334227 ], [ -116.98376460627351, 43.867857317112119 ], [ -117.020031152508182, 43.858945503703715 ], [ -117.009420578335138, 43.845516715179556 ], [ -117.032127357780169, 43.834909781154238 ], [ -117.021795530845893, 43.815991574935524 ], [ -117.024651558910776, 42.000804012823835 ], [ -118.696422125696586, 41.991799640806491 ], [ -120.879494494867771, 41.993786450715454 ], [ -120.883317699776484, 42.337016762008922 ], [ -120.911405940994214, 42.338450048799089 ], [ -121.013031940160673, 42.383099048381979 ], [ -121.008609939693528, 42.365990049649838 ], [ -121.027807939487133, 42.372340048317731 ], [ -121.052533939939138, 42.325821047922155 ], [ -121.075120938031461, 42.346159048226752 ], [ -121.085094940227378, 42.334002047743056 ], [ -121.112205940836361, 42.344893048821483 ], [ -121.142132928921384, 42.338438046583413 ], [ -121.162124940674744, 42.323111048716477 ], [ -121.166891940213048, 42.346521047446494 ], [ -121.178380940361095, 42.328862049007846 ], [ -121.19046194027365, 42.330031048904011 ], [ -121.201266940629822, 42.347619047744843 ], [ -121.216415940120001, 42.343030049620275 ], [ -121.257954939502611, 42.368501048256078 ], [ -121.269339941419531, 42.358117048537174 ], [ -121.30878994126941, 42.369051048991849 ], [ -121.336235940652315, 42.362683048080768 ], [ -121.359990941434134, 42.386293049121626 ], [ -121.349785421682597, 42.404436277425255 ], [ -121.349482323266642, 42.74638179412036 ], [ -121.183098557043394, 42.745282882878016 ], [ -121.349893693149397, 42.746676465592188 ], [ -121.351070355663737, 42.891945284908338 ], [ -121.465154880330587, 42.892819519842753 ], [ -121.700759192361303, 42.892485870639106 ], [ -121.700887590815185, 42.74762911645994 ], [ -121.838487910329306, 42.748210574987738 ], [ -121.83171717596953, 42.86765172906243 ], [ -121.888782454176464, 42.884506189614214 ], [ -121.831175564812085, 43.015460580632379 ], [ -121.82536018291708, 43.081166204796112 ], [ -121.781199526300014, 43.18672588538724 ], [ -121.790071114452473, 43.234466304597284 ], [ -121.778257315222447, 43.268837304263506 ], [ -121.348744398965394, 43.266501964082273 ], [ -121.348589798001328, 43.356696509844326 ], [ -121.332348794914054, 43.356580510910597 ], [ -121.328612759609982, 43.616645775895293 ], [ -122.001237998842839, 43.615499586668413 ], [ -122.000378682715336, 43.626276106429984 ], [ -121.964884622701817, 43.626856428888026 ], [ -121.987057135408918, 43.65399839747807 ], [ -121.98157234105129, 43.672958359907383 ], [ -121.565215513387585, 43.67419693656921 ], [ -121.5653985921778, 43.688868973699066 ], [ -121.497671470136751, 43.688907218773814 ], [ -121.515464252665453, 43.667315366505903 ], [ -121.481088625300288, 43.659985130828773 ], [ -121.481187417696731, 43.674426899338442 ], [ -121.452715980225861, 43.674507187756831 ], [ -121.457636300552309, 43.689053476063947 ], [ -121.347957055802809, 43.688931799269639 ], [ -121.347047415280969, 43.818992269335233 ], [ -121.346256077183625, 43.830074189001408 ], [ -121.341575876821608, 43.830939534963285 ], [ -121.337750830059122, 43.816193574273143 ], [ -121.324029864420226, 43.831078547937587 ], [ -121.304271823970609, 43.817036578012122 ], [ -121.271057826583913, 43.835246585563993 ], [ -121.237522854496916, 43.783110550276767 ], [ -121.188352848440402, 43.786573554881848 ], [ -121.160296792540279, 43.768753587936743 ], [ -121.168996838906736, 43.757682554355014 ], [ -121.152775835460218, 43.748971556419235 ], [ -121.088622776597305, 43.761320592440399 ], [ -121.014830821994451, 43.79826857281661 ], [ -121.004173769835262, 43.789458604827203 ], [ -120.987309815483229, 43.795061574639121 ], [ -121.015431827437538, 43.83091457513963 ], [ -120.991684825415973, 43.845737577340799 ], [ -120.9872932376622, 43.900581722875714 ], [ -121.02912307568522, 43.943840123822866 ], [ -121.107183110966147, 43.987678263726707 ], [ -121.163308027801705, 44.051222843097271 ], [ -121.163467745721235, 44.126281160116456 ], [ -121.102781657445291, 44.167016465893049 ], [ -121.102826541983518, 44.181456180927604 ], [ -121.303783330797344, 44.181749742956427 ], [ -121.259995298166771, 44.218564875472069 ], [ -121.301537923544743, 44.218633279090618 ], [ -121.280447947411815, 44.242686577815427 ], [ -121.248095671742291, 44.239199738837314 ], [ -121.257292156866001, 44.224268416161308 ], [ -121.249629976853015, 44.22410023376338 ], [ -121.2296671660079, 44.227679289344074 ], [ -121.229417257983997, 44.247059940290875 ], [ -121.224491923712122, 44.23293466897033 ], [ -121.208574508419204, 44.236001857819112 ], [ -121.199948849808479, 44.225801455626332 ], [ -121.168916004117122, 44.240286232915395 ], [ -121.136089373141942, 44.240277838361671 ], [ -121.133624721099551, 44.269294593707009 ], [ -121.148656639589959, 44.269331667155654 ], [ -121.158719664188894, 44.301878165699534 ], [ -121.194888183916021, 44.305490879443163 ], [ -121.203123199661889, 44.283755113554513 ], [ -121.209260203861362, 44.290998336077429 ], [ -121.39256393156046, 44.2948466738249 ], [ -121.392163330599516, 44.218669426326144 ], [ -121.403739929220635, 44.210675169528201 ], [ -121.368395947651791, 44.168763564279075 ], [ -121.43235582362766, 44.163338577608087 ], [ -121.452483085185662, 44.166748655586794 ], [ -121.444995038932078, 44.181772474917551 ], [ -121.505114388524902, 44.18178322039698 ], [ -121.493405215414853, 44.23316791781108 ], [ -121.513575711027215, 44.233358893447722 ], [ -121.513556031539565, 44.247863219693016 ], [ -121.493338357587078, 44.247697076026427 ], [ -121.493518034329142, 44.262350484631689 ], [ -121.513649108861145, 44.262378103915729 ], [ -121.513471111203117, 44.276968443751599 ], [ -121.493433980095418, 44.276897531889361 ], [ -121.48563392830728, 44.291611391502769 ], [ -121.526790781559683, 44.328298099393542 ], [ -121.577726717460166, 44.316923517913345 ], [ -121.600268318781133, 44.343357451023266 ], [ -121.629378286724261, 44.308545883999841 ], [ -121.730049505518124, 44.304310722253625 ], [ -121.793127088880553, 44.261120334903865 ], [ -121.819112730395588, 44.261900428532684 ], [ -121.824762067464405, 44.282615285893563 ], [ -121.840846579205618, 44.285650303284591 ], [ -121.850056537709889, 44.485889152563459 ], [ -121.809142740530405, 44.516648999116946 ], [ -121.816921968650945, 44.536524515243009 ], [ -121.793552577986048, 44.593738708408608 ], [ -121.813415173503785, 44.617618616595571 ], [ -121.797527130192421, 44.638879393347565 ], [ -121.798763546521982, 44.683923447392267 ], [ -121.962624521292625, 44.683839763562801 ], [ -121.981692491030557, 44.693786835549226 ], [ -122.033802035798558, 44.685652913845473 ], [ -122.142866531850032, 44.726338289345982 ], [ -122.218940248176253, 44.69335871479786 ], [ -122.289845647302982, 44.753413277664684 ], [ -122.436991537519262, 44.759131163818815 ], [ -122.503846825204178, 44.74974452279001 ], [ -122.525460195403937, 44.765187121879698 ], [ -122.565475362114015, 44.768790412462643 ], [ -122.559082031278507, 44.69318217685003 ], [ -122.599966344553579, 44.693248034203258 ], [ -122.600631065164308, 44.61462176005535 ], [ -122.698654943972997, 44.620524604836952 ], [ -122.71226722472619, 44.600828840138881 ], [ -122.773070595011859, 44.653500328805876 ], [ -122.789069867434975, 44.639140164879919 ], [ -122.795995293111758, 44.64984253356981 ], [ -122.809341049453622, 44.638532559193976 ], [ -122.809486030756645, 44.649782360301572 ], [ -122.82704727425002, 44.652994260127528 ], [ -122.883943436385493, 44.645875004598366 ], [ -122.871589880148321, 44.632025404766978 ], [ -122.891891918635494, 44.631348265898609 ], [ -122.886241007697464, 44.660708200329609 ], [ -122.906096498156131, 44.64623669016003 ], [ -122.9377746999225, 44.649889456750678 ], [ -122.936658616497681, 44.66477876930913 ], [ -122.972881046533217, 44.686303885428252 ], [ -122.967903808742093, 44.702888404471423 ], [ -123.006693778667199, 44.686828891492198 ], [ -123.014754090982791, 44.717346169145571 ] ], [ [ -117.109291139131017, 42.473203571769773 ], [ -117.090110220142591, 42.457025043646375 ], [ -117.029627798055472, 42.420926916461895 ], [ -117.109291139131017, 42.473203571769773 ] ], [ [ -118.195374083110792, 42.275874708248054 ], [ -118.197137058813212, 42.124897695410816 ], [ -118.19720203960766, 41.997000684119023 ], [ -118.195374083110792, 42.275874708248054 ] ], [ [ -118.214738086616606, 42.276034707038278 ], [ -118.197367083270564, 42.275890708855776 ], [ -118.195374083110792, 42.275874708248054 ], [ -118.214738086616606, 42.276034707038278 ] ], [ [ -121.102766052051834, 44.159786097981467 ], [ -121.10277358484143, 44.163401521941942 ], [ -121.102781657445291, 44.167016465893049 ], [ -121.102766052051834, 44.159786097981467 ] ], [ [ -121.796048421657161, 44.392666925324392 ], [ -121.776340308757597, 44.392835079449064 ], [ -121.842824817379878, 44.39265583977096 ], [ -121.796048421657161, 44.392666925324392 ] ], [ [ -122.565859504434982, 44.768999408021507 ], [ -122.566167043740862, 44.769143348144759 ], [ -122.565475362114015, 44.768790412462643 ], [ -122.565859504434982, 44.768999408021507 ] ], [ [ -122.973963556393514, 44.703839462384778 ], [ -122.974004754615365, 44.703320400216626 ], [ -122.974004208715499, 44.702814943340677 ], [ -122.973963556393514, 44.703839462384778 ] ], [ [ -122.973909018216943, 44.704406326489107 ], [ -122.973937101334798, 44.704119445813333 ], [ -122.973963556393514, 44.703839462384778 ], [ -122.973909018216943, 44.704406326489107 ] ], [ [ -122.973649449683037, 44.705844101129081 ], [ -122.973773255981442, 44.705277182842821 ], [ -122.973909018216943, 44.704406326489107 ], [ -122.973649449683037, 44.705844101129081 ] ], [ [ -122.97325412908981, 44.706943773309753 ], [ -122.973377083395349, 44.706670515345856 ], [ -122.973649449683037, 44.705844101129081 ], [ -122.97325412908981, 44.706943773309753 ] ], [ [ -122.972461881243277, 44.708255102589867 ], [ -122.973117408257565, 44.707210127894101 ], [ -122.97325412908981, 44.706943773309753 ], [ -122.972461881243277, 44.708255102589867 ] ], [ [ -122.971750362810667, 44.709699735721856 ], [ -122.972092823452314, 44.709115783958481 ], [ -122.972461881243277, 44.708255102589867 ], [ -122.971750362810667, 44.709699735721856 ] ], [ [ -122.9710530963373, 44.710642926967601 ], [ -122.971340988655413, 44.710293979836102 ], [ -122.971750362810667, 44.709699735721856 ], [ -122.9710530963373, 44.710642926967601 ] ], [ [ -122.568459656294834, 44.773289547068536 ], [ -122.568427735214655, 44.77299096072403 ], [ -122.56842773728458, 44.772991018301454 ], [ -122.568459656294834, 44.773289547068536 ] ], [ [ -122.568433818929464, 44.772570853100838 ], [ -122.568423382123939, 44.772869873606943 ], [ -122.568427735214655, 44.77299096072403 ], [ -122.568433818929464, 44.772570853100838 ] ], [ [ -122.86454394339556, 44.758235083619319 ], [ -122.864909393201842, 44.758294266324697 ], [ -122.866920317133079, 44.75837509674605 ], [ -122.86454394339556, 44.758235083619319 ] ], [ [ -122.867495278946635, 44.758354600974585 ], [ -122.867877385052623, 44.758327335018592 ], [ -122.866920317133079, 44.75837509674605 ], [ -122.867495278946635, 44.758354600974585 ] ], [ [ -122.869065456717053, 44.75818390072903 ], [ -122.870391157297576, 44.757828683200906 ], [ -122.867877385052623, 44.758327335018592 ], [ -122.869065456717053, 44.75818390072903 ] ], [ [ -122.870910229732814, 44.757620330454955 ], [ -122.871442738516777, 44.757364271043031 ], [ -122.870391157297576, 44.757828683200906 ], [ -122.870910229732814, 44.757620330454955 ] ], [ [ -122.871703193323327, 44.757142287036039 ], [ -122.872329930121225, 44.756322632446761 ], [ -122.871442738516777, 44.757364271043031 ], [ -122.871703193323327, 44.757142287036039 ] ], [ [ -122.872713254472146, 44.755858212669594 ], [ -122.873233254131861, 44.755065913080188 ], [ -122.872329930121225, 44.756322632446761 ], [ -122.872713254472146, 44.755858212669594 ] ], [ [ -122.873478577498986, 44.754290682481283 ], [ -122.873436927576293, 44.7537476868225 ], [ -122.873233254131861, 44.755065913080188 ], [ -122.873478577498986, 44.754290682481283 ] ], [ [ -122.855351097938723, 44.759570361577353 ], [ -122.85577450967773, 44.759375729951998 ], [ -122.854476439931503, 44.759891421278638 ], [ -122.855351097938723, 44.759570361577353 ] ], [ [ -122.851854190154214, 44.761086664268824 ], [ -122.85246900563692, 44.760721279471191 ], [ -122.850870774226365, 44.76157503123742 ], [ -122.851854190154214, 44.761086664268824 ] ], [ [ -122.848814427321571, 44.762890389634386 ], [ -122.849121665982992, 44.76307428272461 ], [ -122.849599204012392, 44.762411785451292 ], [ -122.848814427321571, 44.762890389634386 ] ], [ [ -122.848029087048303, 44.765891782464386 ], [ -122.848548001938383, 44.76510966111713 ], [ -122.848890389821349, 44.764296893181893 ], [ -122.848029087048303, 44.765891782464386 ] ], [ [ -122.848520864472434, 44.772277945402607 ], [ -122.848152338601253, 44.771366105562137 ], [ -122.848425669714032, 44.772824379900392 ], [ -122.848520864472434, 44.772277945402607 ] ], [ [ -122.845680009106601, 44.774648036413815 ], [ -122.847003694200509, 44.774183635417472 ], [ -122.848425669714032, 44.772824379900392 ], [ -122.845680009106601, 44.774648036413815 ] ], [ [ -122.842865841404006, 44.774367996846628 ], [ -122.844218505793307, 44.774661709747406 ], [ -122.845680009106601, 44.774648036413815 ], [ -122.842865841404006, 44.774367996846628 ] ], [ [ -122.841445322817165, 44.772974655099127 ], [ -122.842209232668878, 44.773995747330787 ], [ -122.842865841404006, 44.774367996846628 ], [ -122.841445322817165, 44.772974655099127 ] ], [ [ -122.837236520840051, 44.770604595481373 ], [ -122.838207720947608, 44.770614842982503 ], [ -122.836226351097181, 44.770488462970917 ], [ -122.837236520840051, 44.770604595481373 ] ], [ [ -122.834887092562639, 44.770379184408604 ], [ -122.835556729334627, 44.770457751011399 ], [ -122.836226351097181, 44.770488462970917 ], [ -122.834887092562639, 44.770379184408604 ] ], [ [ -122.802153025365641, 44.661378849109553 ], [ -122.804076156908621, 44.658316770999512 ], [ -122.803102018849586, 44.659821186334462 ], [ -122.802153025365641, 44.661378849109553 ] ], [ [ -123.010084454387894, 44.777133501534756 ], [ -123.010084457846091, 44.777132740640141 ], [ -123.010096190294092, 44.773987672794505 ], [ -123.010084454387894, 44.777133501534756 ] ], [ [ -122.956518795046037, 44.721332529198072 ], [ -122.956518783288359, 44.721332401601828 ], [ -122.956510905812706, 44.722462833706246 ], [ -122.956518795046037, 44.721332529198072 ] ], [ [ -122.956521018163002, 44.721127396863444 ], [ -122.95727021525397, 44.721099390393007 ], [ -122.955959745676935, 44.721058344134477 ], [ -122.956521018163002, 44.721127396863444 ] ], [ [ -122.957858235983764, 44.720897877679072 ], [ -122.95826776473649, 44.720392444139073 ], [ -122.95727021525397, 44.721099390393007 ], [ -122.957858235983764, 44.720897877679072 ] ], [ [ -122.953921771348263, 44.720417897758054 ], [ -122.954913131547514, 44.720765620111841 ], [ -122.955959745676935, 44.721058344134477 ], [ -122.953921771348263, 44.720417897758054 ] ], [ [ -122.952381000340026, 44.719770844139482 ], [ -122.953117542847679, 44.720119201774203 ], [ -122.953921771348263, 44.720417897758054 ], [ -122.952381000340026, 44.719770844139482 ] ], [ [ -122.959470299934623, 44.719033211821021 ], [ -122.959989152493932, 44.718609785968425 ], [ -122.960248951564864, 44.718384342023974 ], [ -122.959470299934623, 44.719033211821021 ] ], [ [ -122.960495132226839, 44.718155505361338 ], [ -122.961383379457274, 44.717144657215876 ], [ -122.960248951564864, 44.718384342023974 ], [ -122.960495132226839, 44.718155505361338 ] ], [ [ -122.966300889081609, 44.713876422839988 ], [ -122.967611024363123, 44.713688632887987 ], [ -122.968418476195438, 44.713446091155262 ], [ -122.966300889081609, 44.713876422839988 ] ], [ [ -122.969100591845745, 44.713107995524062 ], [ -122.96931946400386, 44.712916782809323 ], [ -122.968418476195438, 44.713446091155262 ], [ -122.969100591845745, 44.713107995524062 ] ], [ [ -122.96970229333408, 44.712510338686528 ], [ -122.969893508321974, 44.712257637715105 ], [ -122.96931946400386, 44.712916782809323 ], [ -122.96970229333408, 44.712510338686528 ] ], [ [ -123.172911120980061, 44.864061299797157 ], [ -123.172239279264332, 44.864366739659857 ], [ -123.17304391591297, 44.864007819409316 ], [ -123.172911120980061, 44.864061299797157 ] ], [ [ -123.148343590968167, 44.753512210066063 ], [ -123.148075248637596, 44.752517701671515 ], [ -123.148323831764699, 44.754648692653426 ], [ -123.148343590968167, 44.753512210066063 ] ], [ [ -123.148088254312384, 44.763297363108862 ], [ -123.146683735007215, 44.767412018668416 ], [ -123.148220890121536, 44.760569186442545 ], [ -123.148088254312384, 44.763297363108862 ] ], [ [ -123.144151803041993, 44.771767726554877 ], [ -123.139419914165089, 44.77421721821058 ], [ -123.145030918824148, 44.770993198564049 ], [ -123.144151803041993, 44.771767726554877 ] ], [ [ -123.11248435853571, 44.795868224666101 ], [ -123.111678451905775, 44.796093889584924 ], [ -123.113515941280809, 44.795603260966345 ], [ -123.11248435853571, 44.795868224666101 ] ], [ [ -123.104172695098484, 44.797257652815077 ], [ -123.108411139302902, 44.796816653158359 ], [ -123.108760482114491, 44.79676506907952 ], [ -123.104172695098484, 44.797257652815077 ] ], [ [ -123.09807914176902, 44.79891954673333 ], [ -123.097906614156173, 44.798998780262849 ], [ -123.097433736183078, 44.799339777076653 ], [ -123.09807914176902, 44.79891954673333 ] ], [ [ -123.109450819836681, 44.820931203752387 ], [ -123.109175170338347, 44.820872253501278 ], [ -123.111150357939081, 44.821596235557315 ], [ -123.109450819836681, 44.820931203752387 ] ], [ [ -123.118767456855068, 44.822835015639811 ], [ -123.118890751078226, 44.822902961624116 ], [ -123.122160580806096, 44.824349216722304 ], [ -123.119929131194468, 44.823158035425728 ], [ -123.118767456855068, 44.822835015639811 ] ], [ [ -123.139864300869959, 44.825533600273303 ], [ -123.139504093012775, 44.825590502379825 ], [ -123.139990107750847, 44.825533052181051 ], [ -123.139864300869959, 44.825533600273303 ] ], [ [ -123.153095718616882, 44.82971694108759 ], [ -123.153354610292794, 44.829771912214326 ], [ -123.150210459350504, 44.826871722904556 ], [ -123.153095718616882, 44.82971694108759 ] ], [ [ -123.169218447841146, 44.828913676335709 ], [ -123.170300568071326, 44.82916374759953 ], [ -123.165698211964795, 44.828743169947401 ], [ -123.169218447841146, 44.828913676335709 ] ], [ [ -123.175384832412604, 44.831251107827811 ], [ -123.177617484197611, 44.83313899287301 ], [ -123.172479006149644, 44.829840412543078 ], [ -123.175384832412604, 44.831251107827811 ] ], [ [ -123.104543275262984, 44.823330379604116 ], [ -123.104485930688497, 44.823314895031892 ], [ -123.1045433457125, 44.823330398696569 ], [ -123.104543275262984, 44.823330379604116 ] ], [ [ -123.004645139706525, 44.722087010911025 ], [ -123.00464015562099, 44.721135675612565 ], [ -123.004647798522328, 44.722594557659463 ], [ -123.004645139706525, 44.722087010911025 ] ], [ [ -123.075530050284868, 44.927075493491941 ], [ -123.07100691956694, 44.928463099725008 ], [ -123.078090866439283, 44.926766764124956 ], [ -123.075530050284868, 44.927075493491941 ] ], [ [ -123.148113917911232, 44.865235923677375 ], [ -123.144615196565681, 44.878120762083093 ], [ -123.14596405942423, 44.873266506714742 ], [ -123.148113917911232, 44.865235923677375 ] ], [ [ -123.109517798298995, 44.91702481831215 ], [ -123.109117521816913, 44.917264219609372 ], [ -123.108661139279747, 44.917743016050828 ], [ -123.109517798298995, 44.91702481831215 ] ], [ [ -123.105765558844112, 44.930608995710472 ], [ -123.110451036963696, 44.930701605459049 ], [ -123.112045823972579, 44.929833766494497 ], [ -123.112549110996937, 44.928934623050395 ], [ -123.105765558844112, 44.930608995710472 ] ], [ [ -123.099749869348415, 44.930449408067034 ], [ -123.093334411850762, 44.930500965990973 ], [ -123.093606566315273, 44.930582413473282 ], [ -123.099749869348415, 44.930449408067034 ] ], [ [ -123.085962339202325, 44.92829468686292 ], [ -123.083498394831253, 44.927314221383355 ], [ -123.0821570738471, 44.927155831834803 ], [ -123.085962339202325, 44.92829468686292 ] ], [ [ -123.044601104742114, 44.944159627684556 ], [ -123.043212575584477, 44.945607698433143 ], [ -123.046289988748896, 44.943674653975478 ], [ -123.044601104742114, 44.944159627684556 ] ], [ [ -123.060784319894211, 44.937367387216398 ], [ -123.064168143855156, 44.935511465829926 ], [ -123.06578650339334, 44.933603202999834 ], [ -123.060784319894211, 44.937367387216398 ] ], [ [ -123.042635890783643, 44.989877040620847 ], [ -123.043216412376779, 44.99013388157497 ], [ -123.039289410319611, 44.986999231141333 ], [ -123.041449836656213, 44.989202530783366 ], [ -123.042635890783643, 44.989877040620847 ] ], [ [ -123.037630705974181, 44.974190827542053 ], [ -123.037890087370485, 44.975763139584011 ], [ -123.0376258275152, 44.9740634713662 ], [ -123.037630705974181, 44.974190827542053 ] ], [ [ -122.948800787416261, 44.718490213405268 ], [ -122.949224501905704, 44.718633618621539 ], [ -122.950918730030608, 44.719101495986941 ], [ -122.948800787416261, 44.718490213405268 ] ], [ [ -122.947381076409556, 44.717824274158502 ], [ -122.948036878921286, 44.718176037672386 ], [ -122.948800787416261, 44.718490213405268 ], [ -122.947381076409556, 44.717824274158502 ] ], [ [ -122.945851724410332, 44.716796295416984 ], [ -122.946752553327343, 44.7174349563169 ], [ -122.947381076409556, 44.717824274158502 ], [ -122.945851724410332, 44.716796295416984 ] ], [ [ -122.939280040282739, 44.714894112022272 ], [ -122.941874810258255, 44.715228836298451 ], [ -122.937094644733719, 44.715092174851641 ], [ -122.939280040282739, 44.714894112022272 ] ], [ [ -122.934513109750938, 44.715706920251286 ], [ -122.936670855819528, 44.715218523570407 ], [ -122.937094644733719, 44.715092174851641 ], [ -122.934513109750938, 44.715706920251286 ] ], [ [ -122.930769126673809, 44.718189679020114 ], [ -122.931329699133983, 44.717701346123455 ], [ -122.931738859017486, 44.717182299477798 ], [ -122.930769126673809, 44.718189679020114 ] ], [ [ -122.929759502224087, 44.718845351771314 ], [ -122.930059495344011, 44.718657537287967 ], [ -122.930769126673809, 44.718189679020114 ], [ -122.929759502224087, 44.718845351771314 ] ], [ [ -122.929854131593416, 44.720358246440831 ], [ -122.929758840884745, 44.720061164738759 ], [ -122.929416551874368, 44.719565961230806 ], [ -122.929854131593416, 44.720358246440831 ] ], [ [ -122.929240566585719, 44.721826726197612 ], [ -122.929799848519025, 44.721215451534299 ], [ -122.929854131593416, 44.720358246440831 ], [ -122.929240566585719, 44.721826726197612 ] ], [ [ -122.926985796612414, 44.721983881196515 ], [ -122.927697053606821, 44.722192128163414 ], [ -122.928530026547278, 44.722137484514256 ], [ -122.926985796612414, 44.721983881196515 ] ], [ [ -122.924158804036864, 44.722858084946338 ], [ -122.924486269018715, 44.722636167406492 ], [ -122.925073966800781, 44.722195568353463 ], [ -122.924158804036864, 44.722858084946338 ] ], [ [ -122.922135922404635, 44.723862188310719 ], [ -122.923011659291035, 44.723496741652703 ], [ -122.924158804036864, 44.722858084946338 ], [ -122.922135922404635, 44.723862188310719 ] ], [ [ -122.883377576411988, 44.691517022718301 ], [ -122.885400289369613, 44.689823774197869 ], [ -122.886346045708123, 44.689019766616077 ], [ -122.883377576411988, 44.691517022718301 ] ], [ [ -122.874183877835932, 44.694197978054255 ], [ -122.87817226249588, 44.693376086119116 ], [ -122.881404204342161, 44.69263839684379 ], [ -122.874183877835932, 44.694197978054255 ] ], [ [ -122.855212454723414, 44.701698342192856 ], [ -122.857251942174273, 44.703331262928515 ], [ -122.857251942174273, 44.703331262928508 ], [ -122.855212454723414, 44.701698342192856 ] ], [ [ -122.919526923196827, 44.726904980851536 ], [ -122.91962318688239, 44.726218575045316 ], [ -122.919403851620459, 44.727045079598497 ], [ -122.919526923196827, 44.726904980851536 ] ], [ [ -122.916632220075272, 44.728742297237588 ], [ -122.918598545869997, 44.727714378463382 ], [ -122.919403851620459, 44.727045079598497 ], [ -122.916632220075272, 44.728742297237588 ] ], [ [ -122.915374347959826, 44.72922389507751 ], [ -122.916331622928993, 44.728872114492475 ], [ -122.916632220075272, 44.728742297237588 ], [ -122.915374347959826, 44.72922389507751 ] ], [ [ -122.913312455346301, 44.72981128019854 ], [ -122.914732778253935, 44.729439015721361 ], [ -122.915374347959826, 44.72922389507751 ], [ -122.913312455346301, 44.72981128019854 ] ], [ [ -122.911810082707362, 44.731395831267335 ], [ -122.912437812610023, 44.730436214538635 ], [ -122.910512403106225, 44.731894428332993 ], [ -122.911810082707362, 44.731395831267335 ] ], [ [ -122.909240970038496, 44.736470663566024 ], [ -122.909705711964861, 44.735937916478498 ], [ -122.908174933767697, 44.736757543441307 ], [ -122.909240970038496, 44.736470663566024 ] ], [ [ -122.904404888424011, 44.739551144454794 ], [ -122.905676478151776, 44.739021788390012 ], [ -122.903256917208907, 44.739721883387539 ], [ -122.904404888424011, 44.739551144454794 ] ], [ [ -122.899405847600747, 44.743792633782768 ], [ -122.900075918017322, 44.742778341171658 ], [ -122.898490546866554, 44.744513161323354 ], [ -122.899405847600747, 44.743792633782768 ] ], [ [ -122.895402532564447, 44.744031719216729 ], [ -122.897479840338193, 44.744953764141016 ], [ -122.898490546866554, 44.744513161323354 ], [ -122.895402532564447, 44.744031719216729 ] ], [ [ -122.892247490647392, 44.74668522763924 ], [ -122.892260433495451, 44.746162779082006 ], [ -122.892192975742049, 44.746856005593017 ], [ -122.892247490647392, 44.74668522763924 ] ], [ [ -122.889939729735858, 44.748744491076607 ], [ -122.891401193956213, 44.747911234832721 ], [ -122.892192975742049, 44.746856005593017 ], [ -122.889939729735858, 44.748744491076607 ] ], [ [ -122.88417477759819, 44.750786776950612 ], [ -122.884966737791089, 44.750568157518984 ], [ -122.883791564873889, 44.750878964456028 ], [ -122.88417477759819, 44.750786776950612 ] ], [ [ -122.880936780862356, 44.751083898308927 ], [ -122.883080783288108, 44.751012170902854 ], [ -122.883791564873889, 44.750878964456028 ], [ -122.880936780862356, 44.751083898308927 ] ], [ [ -122.878108694084347, 44.751189750081451 ], [ -122.878519715111977, 44.751141898993012 ], [ -122.876934067417963, 44.751141924892252 ], [ -122.878108694084347, 44.751189750081451 ] ], [ [ -122.701341654535952, 45.05771166741453 ], [ -122.70202140661074, 45.057919111275162 ], [ -122.701005898167523, 45.057553525679054 ], [ -122.701341654535952, 45.05771166741453 ] ], [ [ -122.70070863047512, 45.05738509952694 ], [ -122.700699666855897, 45.057377746607266 ], [ -122.700701761965107, 45.057379996430768 ], [ -122.70070863047512, 45.05738509952694 ] ], [ [ -122.699988363482746, 45.056794256450445 ], [ -122.700259668497054, 45.057053634368252 ], [ -122.700460743255192, 45.057181755554581 ], [ -122.699988363482746, 45.056794256450445 ] ], [ [ -122.699945906198124, 45.056759428074066 ], [ -122.699823904350055, 45.056659347926796 ], [ -122.699851337506715, 45.05671139748609 ], [ -122.699945906198124, 45.056759428074066 ] ], [ [ -122.688743635093402, 45.053235327970725 ], [ -122.689176343197417, 45.053328681023054 ], [ -122.688660952793668, 45.053205390806198 ], [ -122.688743635093402, 45.053235327970725 ] ], [ [ -122.687899708968814, 45.053023287751586 ], [ -122.688462096705535, 45.053173755134104 ], [ -122.688510950634011, 45.053169507669075 ], [ -122.687899708968814, 45.053023287751586 ] ], [ [ -122.684694466330782, 45.051961751015121 ], [ -122.685740113977744, 45.052416160580307 ], [ -122.68646568717044, 45.052601522760064 ], [ -122.684694466330782, 45.051961751015121 ] ], [ [ -122.683710593913077, 45.051456472120243 ], [ -122.683994294163185, 45.051597422836288 ], [ -122.683671250182627, 45.051398721873291 ], [ -122.683710593913077, 45.051456472120243 ] ], [ [ -122.683345781496016, 45.051238170845345 ], [ -122.683495295760238, 45.051290493863824 ], [ -122.683293758215328, 45.051166935785091 ], [ -122.683345781496016, 45.051238170845345 ] ], [ [ -122.681123480549061, 45.050257129267465 ], [ -122.681232690849498, 45.050351953501533 ], [ -122.681365161535311, 45.050416709450737 ], [ -122.681123480549061, 45.050257129267465 ] ], [ [ -122.681682584639191, 45.048322606295947 ], [ -122.681061400129352, 45.049787064765873 ], [ -122.681120468683517, 45.05025353335003 ], [ -122.681682584639191, 45.048322606295947 ] ], [ [ -122.681761865202091, 45.048050264031673 ], [ -122.681738413825585, 45.048006451577109 ], [ -122.681754762173668, 45.048074664199447 ], [ -122.681761865202091, 45.048050264031673 ] ], [ [ -122.679013264015325, 45.04650908901052 ], [ -122.678775603325107, 45.046387081047875 ], [ -122.678847214200459, 45.046453067715973 ], [ -122.679013264015325, 45.04650908901052 ] ], [ [ -122.658924239877351, 45.036099048207589 ], [ -122.659241419940443, 45.036593725098555 ], [ -122.660112325509019, 45.03709106895198 ], [ -122.658924239877351, 45.036099048207589 ] ], [ [ -122.656580567092973, 45.035633389414386 ], [ -122.657399179945983, 45.035737833884298 ], [ -122.656367480170289, 45.035588843880802 ], [ -122.656580567092973, 45.035633389414386 ] ], [ [ -122.650467785098499, 45.036005252821894 ], [ -122.65086964605473, 45.036036593384075 ], [ -122.653243899143348, 45.035494873119212 ], [ -122.650467785098499, 45.036005252821894 ] ], [ [ -122.649352552935326, 45.032567131015291 ], [ -122.65015570482889, 45.035682857561106 ], [ -122.650434851586553, 45.035992400915426 ], [ -122.649361063778585, 45.032570304299924 ], [ -122.649352552935326, 45.032567131015291 ] ], [ [ -122.645222019095684, 45.033930180798983 ], [ -122.646102518547778, 45.033757154710493 ], [ -122.647247683285613, 45.032944512966061 ], [ -122.645222019095684, 45.033930180798983 ] ], [ [ -122.644188272391503, 45.03375143011101 ], [ -122.644458092304887, 45.033810436869288 ], [ -122.644759353673265, 45.033864805304916 ], [ -122.644188272391503, 45.03375143011101 ] ], [ [ -122.643654068974115, 45.033463530650678 ], [ -122.643819518977082, 45.033582312050044 ], [ -122.643975462817593, 45.033666771080696 ], [ -122.643654068974115, 45.033463530650678 ] ], [ [ -122.643209408709851, 45.032214948124775 ], [ -122.643202902324191, 45.032822917349101 ], [ -122.643622229245551, 45.033436005991454 ], [ -122.643209408709851, 45.032214948124775 ] ], [ [ -122.64319318368824, 45.03216695654438 ], [ -122.643179226272139, 45.03212567222468 ], [ -122.643171048265344, 45.032122380539043 ], [ -122.64319318368824, 45.03216695654438 ] ], [ [ -122.634166176990206, 45.033814250881818 ], [ -122.634700678862316, 45.033814693342272 ], [ -122.635142417131817, 45.033712844480654 ], [ -122.634166176990206, 45.033814250881818 ] ], [ [ -122.632599712775942, 45.03304060968977 ], [ -122.633465499493383, 45.033596792391819 ], [ -122.633822987184459, 45.033743620530352 ], [ -122.632599712775942, 45.03304060968977 ] ], [ [ -122.63207295269504, 45.032737880147934 ], [ -122.631603010389838, 45.032467802486678 ], [ -122.631850414094544, 45.032636430248701 ], [ -122.63207295269504, 45.032737880147934 ] ], [ [ -122.623255754686923, 45.028221490957939 ], [ -122.623578268300378, 45.028264144775093 ], [ -122.623881464415362, 45.028271896782556 ], [ -122.623255754686923, 45.028221490957939 ] ], [ [ -122.622721841082679, 45.028119375037662 ], [ -122.62268704629075, 45.028112049689824 ], [ -122.622697021794721, 45.028115670451655 ], [ -122.622721841082679, 45.028119375037662 ] ], [ [ -122.619695406900107, 45.027482216318084 ], [ -122.620717863181213, 45.027722293549004 ], [ -122.621022044388539, 45.027761515729466 ], [ -122.619695406900107, 45.027482216318084 ] ], [ [ -122.61861922746408, 45.026910993357568 ], [ -122.618794848499491, 45.027088498695626 ], [ -122.618963260130371, 45.027192812063426 ], [ -122.61861922746408, 45.026910993357568 ] ], [ [ -122.61027049992758, 45.023032785192214 ], [ -122.611008340601074, 45.023873409588909 ], [ -122.611635081226027, 45.024310863073147 ], [ -122.61027049992758, 45.023032785192214 ] ], [ [ -122.605809355513756, 45.021813805843749 ], [ -122.606709828632049, 45.021808621127498 ], [ -122.60678218660361, 45.021800138726391 ], [ -122.605809355513756, 45.021813805843749 ] ], [ [ -122.602689617768021, 45.021857634418843 ], [ -122.602917382838115, 45.021862867565197 ], [ -122.604532539142511, 45.021831743587057 ], [ -122.602689617768021, 45.021857634418843 ] ], [ [ -122.600991343295263, 45.021324619011146 ], [ -122.599967438805962, 45.020909875774322 ], [ -122.600708966604927, 45.021233131772611 ], [ -122.600991343295263, 45.021324619011146 ] ], [ [ -122.596867689552283, 45.020101001855075 ], [ -122.597454088121154, 45.020306302321458 ], [ -122.597894611588274, 45.020310678416635 ], [ -122.596867689552283, 45.020101001855075 ] ], [ [ -122.596057304312808, 45.02004194234123 ], [ -122.596155185272082, 45.020049302646441 ], [ -122.59623549648947, 45.020043234587902 ], [ -122.596057304312808, 45.02004194234123 ] ], [ [ -122.595819951905071, 45.017757965657431 ], [ -122.595513751887296, 45.019645440010414 ], [ -122.595702132729258, 45.01988600376805 ], [ -122.59584319218429, 45.017794418259413 ], [ -122.595819951905071, 45.017757965657431 ] ], [ [ -122.595501498412133, 45.017258465946114 ], [ -122.595463770734199, 45.017199289153922 ], [ -122.595468557852499, 45.017225316260607 ], [ -122.595501498412133, 45.017258465946114 ] ], [ [ -122.595303234109394, 45.016947482819674 ], [ -122.59528542315266, 45.016919545751215 ], [ -122.595284503850991, 45.016931631433501 ], [ -122.595303234109394, 45.016947482819674 ] ], [ [ -122.595003229197914, 45.016476913480091 ], [ -122.594763218140471, 45.016104642872683 ], [ -122.594788951881554, 45.016281730668091 ], [ -122.595003229197914, 45.016476913480091 ] ], [ [ -122.595638114064215, 45.013931314194039 ], [ -122.595646897287338, 45.013908831288575 ], [ -122.595632027782827, 45.013895516992385 ], [ -122.595638114064215, 45.013931314194039 ] ], [ [ -122.59432706717007, 45.012727030754412 ], [ -122.594789752979565, 45.013143693286253 ], [ -122.594799281111676, 45.013149862737897 ], [ -122.59432706717007, 45.012727030754412 ] ], [ [ -122.59376329699009, 45.012320395784634 ], [ -122.593622934613904, 45.012273043918412 ], [ -122.593675808761631, 45.012300285679267 ], [ -122.59376329699009, 45.012320395784634 ] ], [ [ -122.593542541553219, 45.01223162386836 ], [ -122.593521368840086, 45.012125994741098 ], [ -122.593528626090773, 45.012224454351617 ], [ -122.593542541553219, 45.01223162386836 ] ], [ [ -122.593503671841844, 45.012037705553418 ], [ -122.59345066972341, 45.011276628693047 ], [ -122.593425772233275, 45.011649277967251 ], [ -122.593503671841844, 45.012037705553418 ] ], [ [ -122.594173292470572, 45.010443673318171 ], [ -122.593992046454261, 45.010679358699448 ], [ -122.593983842401613, 45.010827680419652 ], [ -122.594173292470572, 45.010443673318171 ] ], [ [ -122.594715585019827, 45.009288258944984 ], [ -122.594709746318969, 45.009356290586481 ], [ -122.594711701714232, 45.009269751829535 ], [ -122.594715585019827, 45.009288258944984 ] ], [ [ -122.593511474985235, 45.006866228319275 ], [ -122.593495083421629, 45.006843650483198 ], [ -122.593891718970639, 45.007627699828326 ], [ -122.593511474985235, 45.006866228319275 ] ], [ [ -122.593887843826337, 45.005462828176917 ], [ -122.593892185233116, 45.005523831675319 ], [ -122.593892130380993, 45.005551511579611 ], [ -122.593887843826337, 45.005462828176917 ] ], [ [ -122.593175933328467, 45.003958255392277 ], [ -122.593193460049719, 45.003424984017222 ], [ -122.593133396160255, 45.003880659776939 ], [ -122.593175933328467, 45.003958255392277 ] ], [ [ -122.594674556016159, 45.000909579436062 ], [ -122.594338590432486, 45.001175893014462 ], [ -122.594253284619953, 45.001776621019673 ], [ -122.594674556016159, 45.000909579436062 ] ], [ [ -122.59448764858989, 45.000702165339014 ], [ -122.59381981928388, 45.000025863033741 ], [ -122.593933886350982, 45.000268282686726 ], [ -122.59448764858989, 45.000702165339014 ] ], [ [ -122.593948470474061, 44.997187831479486 ], [ -122.593678962853559, 44.997570671594787 ], [ -122.593716846910127, 44.998003782073745 ], [ -122.593948470474061, 44.997187831479486 ] ], [ [ -122.594383613214745, 44.996440904417263 ], [ -122.59436307558704, 44.996404594695164 ], [ -122.594215570254178, 44.996760941217033 ], [ -122.594383613214745, 44.996440904417263 ] ], [ [ -122.593580731312386, 44.99568949982509 ], [ -122.593078733680144, 44.995006394067545 ], [ -122.593001716215227, 44.995219095049173 ], [ -122.593580731312386, 44.99568949982509 ] ], [ [ -122.59548627138912, 44.992721306892484 ], [ -122.594864354116723, 44.993217638628579 ], [ -122.594790090164821, 44.993473766105559 ], [ -122.595504908359132, 44.99278692797381 ], [ -122.59548627138912, 44.992721306892484 ] ], [ [ -122.595081150176853, 44.991294849798479 ], [ -122.594977261027779, 44.991909471601268 ], [ -122.595339612514906, 44.992204915935382 ], [ -122.595081150176853, 44.991294849798479 ] ], [ [ -122.594973300138136, 44.990915097091481 ], [ -122.594967895422911, 44.99089606638546 ], [ -122.594962109409209, 44.990894559998303 ], [ -122.594973300138136, 44.990915097091481 ] ], [ [ -122.593121647213849, 44.989738782325915 ], [ -122.593330360020744, 44.989943655763582 ], [ -122.593108824283831, 44.989665068994839 ], [ -122.593121647213849, 44.989738782325915 ] ], [ [ -122.590460687676071, 44.989304907010329 ], [ -122.590873925645269, 44.989335924011428 ], [ -122.590952004196936, 44.989202033494053 ], [ -122.590460687676071, 44.989304907010329 ] ], [ [ -122.589183123551862, 44.989572406847003 ], [ -122.589061329187246, 44.98959790841576 ], [ -122.589140830299087, 44.98959183140046 ], [ -122.589183123551862, 44.989572406847003 ] ], [ [ -122.587608433606619, 44.989318596240757 ], [ -122.587553106998726, 44.989294483908374 ], [ -122.587568385751652, 44.989304564987329 ], [ -122.587608433606619, 44.989318596240757 ] ], [ [ -122.583779455856401, 44.988579246743662 ], [ -122.584696638609273, 44.988796984430557 ], [ -122.585878399197185, 44.988724155820705 ], [ -122.583779455856401, 44.988579246743662 ] ], [ [ -122.581561073281634, 44.987941292598478 ], [ -122.581525903105756, 44.988230085142682 ], [ -122.581657068437949, 44.98838175617766 ], [ -122.581561073281634, 44.987941292598478 ] ], [ [ -122.58143314382751, 44.987354296624638 ], [ -122.581433105285171, 44.987354119774714 ], [ -122.581432876874828, 44.98735391771973 ], [ -122.58143314382751, 44.987354296624638 ] ], [ [ -122.580282676051965, 44.986336424956519 ], [ -122.580154479508749, 44.986223018376464 ], [ -122.580196093102941, 44.986290362321526 ], [ -122.580282676051965, 44.986336424956519 ] ], [ [ -122.577499237828206, 44.986029565232684 ], [ -122.578351593637933, 44.986167684701911 ], [ -122.579214758509195, 44.986001220384253 ], [ -122.577499237828206, 44.986029565232684 ] ], [ [ -122.573120406304639, 44.985137638857935 ], [ -122.574706715339559, 44.9857089250889 ], [ -122.575172557955781, 44.985739339659617 ], [ -122.573120406304639, 44.985137638857935 ] ], [ [ -122.571513322492123, 44.985198021326461 ], [ -122.571862213307753, 44.985199280694367 ], [ -122.572164742141837, 44.985124045149362 ], [ -122.571513322492123, 44.985198021326461 ] ], [ [ -122.569837331371048, 44.984308395416171 ], [ -122.570344815863692, 44.984707418055699 ], [ -122.570892785235159, 44.984991724497128 ], [ -122.569837331371048, 44.984308395416171 ] ], [ [ -122.568738281162823, 44.983675932007991 ], [ -122.568968780493464, 44.983826194326944 ], [ -122.569157256156899, 44.983923199221735 ], [ -122.568738281162823, 44.983675932007991 ] ], [ [ -122.568521299595773, 44.98346988383171 ], [ -122.568614582416174, 44.983576518879588 ], [ -122.56864700628239, 44.98360409369031 ], [ -122.568521299595773, 44.98346988383171 ] ], [ [ -122.566867176608682, 44.981703841806222 ], [ -122.567381989422231, 44.982547167875815 ], [ -122.568073014176008, 44.982991272502488 ], [ -122.566867176608682, 44.981703841806222 ] ], [ [ -122.566799154102782, 44.981627781346837 ], [ -122.56678497137564, 44.981582581190587 ], [ -122.566783600663641, 44.981610406551845 ], [ -122.566799154102782, 44.981627781346837 ] ], [ [ -122.56641153475924, 44.980099948930402 ], [ -122.566355544048662, 44.980318575428946 ], [ -122.56644839953745, 44.980509920915729 ], [ -122.56641153475924, 44.980099948930402 ] ], [ [ -122.567202048029117, 44.978611706717274 ], [ -122.567115867426068, 44.978764193606771 ], [ -122.567084598806375, 44.978877699480059 ], [ -122.567202048029117, 44.978611706717274 ] ], [ [ -122.566339606326196, 44.977981673442294 ], [ -122.566141633869961, 44.977784272634025 ], [ -122.566249492494407, 44.977905400541104 ], [ -122.566339606326196, 44.977981673442294 ] ], [ [ -122.566002878426531, 44.976567100103409 ], [ -122.565588781286948, 44.977248641757477 ], [ -122.565739611433074, 44.977562799204549 ], [ -122.566019758654491, 44.976589485416461 ], [ -122.566002878426531, 44.976567100103409 ] ], [ [ -122.565828729758522, 44.976336156476847 ], [ -122.564730372741352, 44.974597322170382 ], [ -122.564705031527041, 44.974846872039258 ], [ -122.564756609077094, 44.975113980432184 ], [ -122.565828729758522, 44.976336156476847 ] ], [ [ -122.565090453188702, 44.973918044465655 ], [ -122.565084649405051, 44.973923212629863 ], [ -122.565086169682203, 44.973929125168546 ], [ -122.565090453188702, 44.973918044465655 ] ], [ [ -122.562913001293367, 44.973220363693244 ], [ -122.563123606877582, 44.973305336300719 ], [ -122.563346897443097, 44.973348279378861 ], [ -122.562913001293367, 44.973220363693244 ] ], [ [ -122.562603434991388, 44.972925943626564 ], [ -122.562709747661032, 44.973071497186758 ], [ -122.562841198763365, 44.973177780021778 ], [ -122.562603434991388, 44.972925943626564 ] ], [ [ -122.561666307393693, 44.970929978119436 ], [ -122.561034712368752, 44.971070122402558 ], [ -122.561168077555337, 44.971396130073771 ], [ -122.561666307393693, 44.970929978119436 ] ], [ [ -122.561657159081264, 44.970621801441759 ], [ -122.561657290749565, 44.970631494424943 ], [ -122.561657457344936, 44.970631848993705 ], [ -122.561657159081264, 44.970621801441759 ] ], [ [ -122.560023335872884, 44.96812094988335 ], [ -122.559994215010349, 44.968822715175357 ], [ -122.560134075471723, 44.969343850127807 ], [ -122.560023335872884, 44.96812094988335 ] ], [ [ -122.559994160379532, 44.967798759818749 ], [ -122.559994087426034, 44.967797954178387 ], [ -122.559993198100798, 44.967797409382136 ], [ -122.559994160379532, 44.967798759818749 ] ], [ [ -122.559675788957151, 44.967602965775235 ], [ -122.558927871094028, 44.967132636558574 ], [ -122.558983706738189, 44.967210370178968 ], [ -122.559068621219765, 44.967301238380976 ], [ -122.559236084302725, 44.967428690072857 ], [ -122.559675788957151, 44.967602965775235 ] ], [ [ -122.559715435474018, 44.965023182004138 ], [ -122.559721963115905, 44.965037234742347 ], [ -122.559712381830039, 44.965017281782472 ], [ -122.559715435474018, 44.965023182004138 ] ], [ [ -122.558129131211047, 44.963969206184977 ], [ -122.558514863892626, 44.964498702256805 ], [ -122.558920131819349, 44.964892076024086 ], [ -122.558129131211047, 44.963969206184977 ] ], [ [ -122.556183708041445, 44.9625855809632 ], [ -122.556005712216503, 44.962941990940898 ], [ -122.556225252496773, 44.962551082918822 ], [ -122.556183708041445, 44.9625855809632 ] ], [ [ -122.556657092948456, 44.961117691696728 ], [ -122.556839613608005, 44.96140373232943 ], [ -122.556815243407257, 44.961500546420886 ], [ -122.556657092948456, 44.961117691696728 ] ], [ [ -122.554833793242665, 44.959467235527732 ], [ -122.555183236310683, 44.960077267747437 ], [ -122.556394508864145, 44.960778623985206 ], [ -122.554833793242665, 44.959467235527732 ] ], [ [ -122.5531110743092, 44.959147170365299 ], [ -122.553303201462057, 44.959175439889698 ], [ -122.553523190738289, 44.959182672420326 ], [ -122.5531110743092, 44.959147170365299 ] ], [ [ -122.552861776861292, 44.958971408371305 ], [ -122.552936498294059, 44.959058092226492 ], [ -122.553015480837985, 44.959109650168116 ], [ -122.552861776861292, 44.958971408371305 ] ], [ [ -122.551864581879585, 44.958074520259082 ], [ -122.551945988860467, 44.958155134830399 ], [ -122.551998962472837, 44.958195384457021 ], [ -122.551864581879585, 44.958074520259082 ] ], [ [ -122.551813979366045, 44.957525270845785 ], [ -122.55174765343196, 44.95782256324663 ], [ -122.551861460181115, 44.958070803072687 ], [ -122.551813979366045, 44.957525270845785 ] ], [ [ -122.551613760979592, 44.955394307806237 ], [ -122.551629779429234, 44.955408851143403 ], [ -122.551596403078648, 44.95519930369921 ], [ -122.551613760979592, 44.955394307806237 ] ], [ [ -122.549991958441396, 44.954420708672771 ], [ -122.548884900609266, 44.953278660670982 ], [ -122.549121736872252, 44.954026448567532 ], [ -122.549991958441396, 44.954420708672771 ] ], [ [ -122.546640270218049, 44.950289330032341 ], [ -122.547069267897967, 44.950365562388043 ], [ -122.54743566529649, 44.950373623476594 ], [ -122.546640270218049, 44.950289330032341 ] ], [ [ -122.54593596287414, 44.949857928382308 ], [ -122.545990227247515, 44.950002210853086 ], [ -122.546112491347998, 44.950108350305491 ], [ -122.54593596287414, 44.949857928382308 ] ], [ [ -122.543585863067008, 44.949076063919605 ], [ -122.544006092104638, 44.949135679358982 ], [ -122.544380791697236, 44.949129353668397 ], [ -122.543585863067008, 44.949076063919605 ] ], [ [ -122.543263325013029, 44.948914578926541 ], [ -122.543335217279477, 44.948972160918942 ], [ -122.543355721658003, 44.948986468750043 ], [ -122.543263325013029, 44.948914578926541 ] ], [ [ -122.543072013372623, 44.948395644386331 ], [ -122.543077438503985, 44.94865164383809 ], [ -122.543226804593743, 44.948879853242296 ], [ -122.543072013372623, 44.948395644386331 ] ], [ [ -122.542221127688677, 44.945733880552375 ], [ -122.542274520005549, 44.946452312817144 ], [ -122.542561088449347, 44.946797369893822 ], [ -122.542221127688677, 44.945733880552375 ] ], [ [ -122.54220653345574, 44.945688225397632 ], [ -122.542201144176929, 44.945671366101685 ], [ -122.542195899704936, 44.945669222212693 ], [ -122.54220653345574, 44.945688225397632 ] ], [ [ -122.540330089640463, 44.944906492173722 ], [ -122.5408262656548, 44.945250489784577 ], [ -122.541694092695423, 44.945464088030839 ], [ -122.540330089640463, 44.944906492173722 ] ], [ [ -122.540271575277657, 44.944054629942492 ], [ -122.540168353992726, 44.944604711776918 ], [ -122.540326886958596, 44.944902713622866 ], [ -122.540271575277657, 44.944054629942492 ] ], [ [ -122.540202322063166, 44.942992765665942 ], [ -122.540199586577955, 44.942950821880785 ], [ -122.540186567336136, 44.942939269382244 ], [ -122.540202322063166, 44.942992765665942 ] ], [ [ -122.538847899952302, 44.942414521124945 ], [ -122.539049819142136, 44.942509714641183 ], [ -122.539294264173478, 44.942540367077775 ], [ -122.538847899952302, 44.942414521124945 ] ], [ [ -122.5387530194416, 44.94230557677308 ], [ -122.538784992146546, 44.942353235313838 ], [ -122.538814838206235, 44.942385784901994 ], [ -122.5387530194416, 44.94230557677308 ] ], [ [ -122.536951791531905, 44.939964135500382 ], [ -122.536925092582351, 44.939906103375534 ], [ -122.536939228745865, 44.939952429032509 ], [ -122.536951791531905, 44.939964135500382 ] ], [ [ -122.536621507276465, 44.939339415149604 ], [ -122.536834605578974, 44.939709422801705 ], [ -122.53659668170873, 44.939192273459994 ], [ -122.536621507276465, 44.939339415149604 ] ], [ [ -122.535961894872742, 44.937812483291168 ], [ -122.53588145958922, 44.938273140202405 ], [ -122.536375517380932, 44.938711548342852 ], [ -122.535961894872742, 44.937812483291168 ] ], [ [ -122.533925866748049, 44.937434732528004 ], [ -122.533985900623776, 44.937364107972954 ], [ -122.53401408809944, 44.93730353214746 ], [ -122.533925866748049, 44.937434732528004 ] ], [ [ -122.533394310604365, 44.937537425228108 ], [ -122.533470678415355, 44.937553365747625 ], [ -122.533512644027923, 44.937557919789917 ], [ -122.533394310604365, 44.937537425228108 ] ], [ [ -122.532665186249119, 44.937341600167784 ], [ -122.532240825459212, 44.936785734466831 ], [ -122.532393156698177, 44.937095231942251 ], [ -122.532665186249119, 44.937341600167784 ] ], [ [ -122.53208815163633, 44.936395894353716 ], [ -122.53210753235976, 44.936430686914036 ], [ -122.532116154740535, 44.936447671154362 ], [ -122.53208815163633, 44.936395894353716 ] ], [ [ -122.530035042517198, 44.93565837726559 ], [ -122.530199855471636, 44.935698396196933 ], [ -122.53031937715987, 44.935707635244263 ], [ -122.530035042517198, 44.93565837726559 ] ], [ [ -122.529802695764189, 44.93524073136124 ], [ -122.529744309763672, 44.93546061551806 ], [ -122.529961816986955, 44.935628419770659 ], [ -122.529802695764189, 44.93524073136124 ] ], [ [ -122.528521238254228, 44.935085051927715 ], [ -122.528115356494595, 44.935100532562572 ], [ -122.528303876038848, 44.935149203257133 ], [ -122.528521238254228, 44.935085051927715 ] ], [ [ -122.526478003357596, 44.936013725397409 ], [ -122.526802851693603, 44.935882036697187 ], [ -122.526975362146814, 44.935682969453914 ], [ -122.526478003357596, 44.936013725397409 ] ], [ [ -122.526303114636761, 44.936029701131389 ], [ -122.526287485306042, 44.936027695964405 ], [ -122.526296948679942, 44.936029750726938 ], [ -122.526303114636761, 44.936029701131389 ] ], [ [ -122.520367614614315, 44.934215800677315 ], [ -122.520528203816653, 44.934234858977412 ], [ -122.520652502622994, 44.934228373326484 ], [ -122.520367614614315, 44.934215800677315 ] ], [ [ -122.519020690124776, 44.933557136833073 ], [ -122.51890871483478, 44.933498844159658 ], [ -122.518927157528637, 44.933511513178253 ], [ -122.519020690124776, 44.933557136833073 ] ], [ [ -122.517783955580427, 44.932196489270737 ], [ -122.517426141880136, 44.932521031814289 ], [ -122.517526214455003, 44.932768713421595 ], [ -122.517783955580427, 44.932196489270737 ] ], [ [ -122.51785921812521, 44.932029394000573 ], [ -122.517842661653333, 44.932048372586671 ], [ -122.517839699027562, 44.932072729665286 ], [ -122.51785921812521, 44.932029394000573 ] ], [ [ -122.517367748089981, 44.931512728276978 ], [ -122.517209598709613, 44.93134647022665 ], [ -122.517337904677476, 44.931505140605942 ], [ -122.517367748089981, 44.931512728276978 ] ], [ [ -122.517197724426183, 44.931170513597223 ], [ -122.517203584460404, 44.931339032656922 ], [ -122.517239918541406, 44.931127273304313 ], [ -122.517197724426183, 44.931170513597223 ] ], [ [ -122.517338409177952, 44.930553254214509 ], [ -122.517346079866755, 44.930508547979699 ], [ -122.517331851803377, 44.930500893640065 ], [ -122.517338409177952, 44.930553254214509 ] ], [ [ -122.51615541432075, 44.929867996384971 ], [ -122.515463385157162, 44.929468396077482 ], [ -122.51554343346362, 44.929618696961782 ], [ -122.515689525932032, 44.929741390560146 ], [ -122.51615541432075, 44.929867996384971 ] ], [ [ -122.515897222369418, 44.927901652354642 ], [ -122.515908723980516, 44.927856991365267 ], [ -122.515891532133111, 44.927837234079675 ], [ -122.515897222369418, 44.927901652354642 ] ], [ [ -122.51408058636153, 44.925756013468046 ], [ -122.514425531412144, 44.926634919273937 ], [ -122.515606150675211, 44.927509265833692 ], [ -122.51408058636153, 44.925756013468046 ] ], [ [ -122.512513321010047, 44.924934617226086 ], [ -122.512197878100181, 44.924800554799738 ], [ -122.512280645899025, 44.924852490136864 ], [ -122.512513321010047, 44.924934617226086 ] ], [ [ -122.512394071910492, 44.924252365216439 ], [ -122.51201552621994, 44.924615252251826 ], [ -122.512141728779227, 44.924765322062292 ], [ -122.512394071910492, 44.924252365216439 ] ], [ [ -122.512435381171642, 44.9236986620081 ], [ -122.512418035454061, 44.923676110877935 ], [ -122.512527302835267, 44.923981534856175 ], [ -122.512435381171642, 44.9236986620081 ] ], [ [ -122.51153005845201, 44.922683839676033 ], [ -122.511741087550675, 44.923156641627138 ], [ -122.512297494096259, 44.923517363717657 ], [ -122.51153005845201, 44.922683839676033 ] ], [ [ -122.509471503555801, 44.920448396780976 ], [ -122.509809268109862, 44.921235552592655 ], [ -122.511443406876168, 44.922589725263478 ], [ -122.509471503555801, 44.920448396780976 ] ], [ [ -122.50851147623338, 44.919882273359448 ], [ -122.509083028844444, 44.920161010815356 ], [ -122.508313011684635, 44.919713778692177 ], [ -122.50851147623338, 44.919882273359448 ] ], [ [ -122.50709119829493, 44.919681835492661 ], [ -122.506836322707088, 44.919702518533455 ], [ -122.506937077145466, 44.919715740663491 ], [ -122.50709119829493, 44.919681835492661 ] ], [ [ -122.50620218553037, 44.919292450946799 ], [ -122.506704082262686, 44.919675508933651 ], [ -122.506139279098065, 44.919130834642225 ], [ -122.50620218553037, 44.919292450946799 ] ], [ [ -122.506031251410761, 44.919026656337344 ], [ -122.505883866745521, 44.918884523168728 ], [ -122.505940067172446, 44.918979790175406 ], [ -122.506031251410761, 44.919026656337344 ] ], [ [ -122.500956881957279, 44.918530541693457 ], [ -122.500796180261304, 44.91854203827932 ], [ -122.500901078522872, 44.918545075205273 ], [ -122.500956881957279, 44.918530541693457 ] ], [ [ -122.499931535680943, 44.918113973114075 ], [ -122.500280650485976, 44.918459107196654 ], [ -122.499906433782499, 44.918084853869424 ], [ -122.499931535680943, 44.918113973114075 ] ], [ [ -122.499797376118153, 44.91798965948206 ], [ -122.499729620354429, 44.917932763107679 ], [ -122.49976451371306, 44.917966203837693 ], [ -122.499797376118153, 44.91798965948206 ] ], [ [ -122.497555477283186, 44.919021933238461 ], [ -122.498055811551509, 44.918749791377252 ], [ -122.498457647063262, 44.918370309488779 ], [ -122.497555477283186, 44.919021933238461 ] ], [ [ -122.497037979914325, 44.919176173901597 ], [ -122.497360712392648, 44.919104068215681 ], [ -122.496867343549127, 44.919144754875873 ], [ -122.497037979914325, 44.919176173901597 ] ], [ [ -122.495608290153683, 44.919864944840668 ], [ -122.495552377913256, 44.920001472709046 ], [ -122.495623391902512, 44.919948461485681 ], [ -122.495608290153683, 44.919864944840668 ] ], [ [ -122.493017644736454, 44.920861848177331 ], [ -122.493713465354574, 44.920671486383341 ], [ -122.493883714702335, 44.920583096227283 ], [ -122.493017644736454, 44.920861848177331 ] ], [ [ -122.48809286334874, 44.921348533515882 ], [ -122.488771380298274, 44.921329835754811 ], [ -122.489347371127096, 44.921239489380291 ], [ -122.48809286334874, 44.921348533515882 ] ], [ [ -122.486714292537386, 44.922368212570234 ], [ -122.486938548386419, 44.922232181079906 ], [ -122.487329127280233, 44.921879060807633 ], [ -122.486714292537386, 44.922368212570234 ] ], [ [ -122.486050783950319, 44.922571427177637 ], [ -122.486269695079045, 44.922642865448474 ], [ -122.486046870491464, 44.922554377440612 ], [ -122.486050783950319, 44.922571427177637 ] ], [ [ -122.481924053784894, 44.921602196449541 ], [ -122.482273279329178, 44.921830117755547 ], [ -122.483358264958071, 44.921554778647966 ], [ -122.481924053784894, 44.921602196449541 ] ], [ [ -122.480794411150356, 44.921675106828452 ], [ -122.481246341503308, 44.921624602917682 ], [ -122.480639101656053, 44.921644679424531 ], [ -122.480794411150356, 44.921675106828452 ] ], [ [ -122.475397046887366, 44.918554624531779 ], [ -122.478410126937732, 44.9206613332926 ], [ -122.479729218367538, 44.921198731897114 ], [ -122.475397046887366, 44.918554624531779 ] ], [ [ -122.472738378044752, 44.917806584265691 ], [ -122.473978296795693, 44.918266222070955 ], [ -122.474301068358187, 44.918190200440911 ], [ -122.472738378044752, 44.917806584265691 ] ], [ [ -122.471095207510018, 44.917147046040064 ], [ -122.471378210358012, 44.917335935062418 ], [ -122.471639012091259, 44.917413292670432 ], [ -122.471095207510018, 44.917147046040064 ] ], [ [ -122.469332642607299, 44.916284086084744 ], [ -122.469765783289816, 44.916733236956084 ], [ -122.470121952841211, 44.916670537640279 ], [ -122.469332642607299, 44.916284086084744 ] ], [ [ -122.466773530627975, 44.915578402479447 ], [ -122.468006844899278, 44.916170890130957 ], [ -122.468875785125519, 44.91613520821673 ], [ -122.466773530627975, 44.915578402479447 ] ], [ [ -122.46409998335966, 44.916344579052584 ], [ -122.464755880847719, 44.91622296007791 ], [ -122.465164940713194, 44.915867792652406 ], [ -122.46409998335966, 44.916344579052584 ] ], [ [ -122.463277853179818, 44.915992989081616 ], [ -122.463517021787894, 44.916187046036605 ], [ -122.463833564371754, 44.916307174283638 ], [ -122.463277853179818, 44.915992989081616 ] ], [ [ -122.46202059967932, 44.916075881588114 ], [ -122.462074513353528, 44.916067752778545 ], [ -122.462096530824255, 44.916062139646108 ], [ -122.46202059967932, 44.916075881588114 ] ], [ [ -122.461599402518033, 44.915878608599051 ], [ -122.461787711352358, 44.916025841737998 ], [ -122.461881786477534, 44.916064687658675 ], [ -122.461599402518033, 44.915878608599051 ] ], [ [ -122.458500848723986, 44.915192126533988 ], [ -122.458670890085344, 44.91522500877587 ], [ -122.458794364206881, 44.91522948285111 ], [ -122.458500848723986, 44.915192126533988 ] ], [ [ -122.458232343409605, 44.915053362232499 ], [ -122.458298317024713, 44.915101647002118 ], [ -122.458348511990735, 44.915130811608904 ], [ -122.458232343409605, 44.915053362232499 ] ], [ [ -122.456183955037048, 44.913687688376974 ], [ -122.456781400090335, 44.914179053675959 ], [ -122.45699715167045, 44.914229855748026 ], [ -122.456183955037048, 44.913687688376974 ] ], [ [ -122.455181792664121, 44.913135487789965 ], [ -122.455408665310827, 44.913356642149601 ], [ -122.455181362050951, 44.913132709685094 ], [ -122.455181792664121, 44.913135487789965 ] ], [ [ -122.453900674084636, 44.911957577752432 ], [ -122.454091740206408, 44.912059234278708 ], [ -122.453875652463665, 44.911846346225275 ], [ -122.453900674084636, 44.911957577752432 ] ], [ [ -122.450713206263941, 44.910707687551046 ], [ -122.45094164919162, 44.910719873251288 ], [ -122.450597729692888, 44.910661110705561 ], [ -122.450713206263941, 44.910707687551046 ] ], [ [ -122.449829750428577, 44.910125254361738 ], [ -122.450281217432448, 44.910501688159897 ], [ -122.450460707200634, 44.910598771804288 ], [ -122.449829750428577, 44.910125254361738 ] ], [ [ -122.448400901197317, 44.909055430968522 ], [ -122.447998743533645, 44.908765275894169 ], [ -122.448188102770956, 44.908934980959934 ], [ -122.448400901197317, 44.909055430968522 ] ], [ [ -122.446955361138023, 44.90798741194417 ], [ -122.447234724238172, 44.908391614178008 ], [ -122.447370178414516, 44.908534322944583 ], [ -122.446955361138023, 44.90798741194417 ] ], [ [ -122.444285091763646, 44.905454343722781 ], [ -122.444713569182198, 44.905673093681116 ], [ -122.444014864259813, 44.905300756686835 ], [ -122.444285091763646, 44.905454343722781 ] ], [ [ -122.442426682210595, 44.904454412000014 ], [ -122.442789224865351, 44.904783315553189 ], [ -122.443084365196725, 44.904804893798925 ], [ -122.442426682210595, 44.904454412000014 ] ], [ [ -122.437936667289861, 44.903173031888585 ], [ -122.437752902528501, 44.903077579762524 ], [ -122.437866995031982, 44.903147972941838 ], [ -122.437936667289861, 44.903173031888585 ] ], [ [ -122.434945266858051, 44.903237948020461 ], [ -122.434828779055721, 44.903211247373477 ], [ -122.434872483626336, 44.90322717708905 ], [ -122.434945266858051, 44.903237948020461 ] ], [ [ -122.430683732554058, 44.902267613683158 ], [ -122.430946846333555, 44.902321446558972 ], [ -122.4306735399757, 44.902258799869379 ], [ -122.430683732554058, 44.902267613683158 ] ], [ [ -122.427981012205422, 44.902576529846165 ], [ -122.428987899445204, 44.90237218102196 ], [ -122.42941483249308, 44.902123842723327 ], [ -122.427981012205422, 44.902576529846165 ] ], [ [ -122.425747480515554, 44.903281695522523 ], [ -122.426787147886714, 44.903006834639136 ], [ -122.426902637258564, 44.902916993074967 ], [ -122.425747480515554, 44.903281695522523 ] ], [ [ -122.423846470364097, 44.903458694673262 ], [ -122.424605796630004, 44.903534742787826 ], [ -122.425095165895328, 44.903449887600047 ], [ -122.423846470364097, 44.903458694673262 ] ], [ [ -122.422922623692799, 44.903935343584131 ], [ -122.422605272264278, 44.904171772068352 ], [ -122.422726053167182, 44.904131148282104 ], [ -122.422922623692799, 44.903935343584131 ] ], [ [ -122.417605143151874, 44.904209480210682 ], [ -122.418267473891518, 44.904158278377238 ], [ -122.4174512802321, 44.904145980001154 ], [ -122.417605143151874, 44.904209480210682 ] ], [ [ -122.409139919238498, 44.904000939100641 ], [ -122.409577433922792, 44.903780046346931 ], [ -122.409667956982673, 44.903618035012521 ], [ -122.409139919238498, 44.904000939100641 ] ], [ [ -122.408083148098882, 44.904893407040859 ], [ -122.408432115945985, 44.904514195330627 ], [ -122.407805188755376, 44.90496880126566 ], [ -122.408083148098882, 44.904893407040859 ] ], [ [ -122.407536749916417, 44.904992587712101 ], [ -122.407257789462022, 44.904966760466927 ], [ -122.407464746527239, 44.904993796157285 ], [ -122.407536749916417, 44.904992587712101 ] ], [ [ -122.398395730357777, 44.903018194912782 ], [ -122.398696338076988, 44.903309146564993 ], [ -122.398307166143951, 44.9029109172996 ], [ -122.398395730357777, 44.903018194912782 ] ], [ [ -122.396480478098525, 44.902250384907354 ], [ -122.396615178332596, 44.902442423121251 ], [ -122.396615369111586, 44.90244249525108 ], [ -122.396480478098525, 44.902250384907354 ] ], [ [ -122.395854253203382, 44.901853112243913 ], [ -122.395829949431587, 44.901808478638621 ], [ -122.395847252668332, 44.901849731827589 ], [ -122.395854253203382, 44.901853112243913 ] ], [ [ -122.395186208121544, 44.900657940004152 ], [ -122.395288042653164, 44.900813263895543 ], [ -122.395179611403918, 44.900614127248744 ], [ -122.395186208121544, 44.900657940004152 ] ], [ [ -122.394981708132306, 44.900250671261816 ], [ -122.394948748680804, 44.90019013990203 ], [ -122.394952738971, 44.900211799973086 ], [ -122.394981708132306, 44.900250671261816 ] ], [ [ -122.3943377598099, 44.898955242597367 ], [ -122.394359156151367, 44.899096481085515 ], [ -122.394376904253136, 44.898831708415962 ], [ -122.3943377598099, 44.898955242597367 ] ], [ [ -122.394468256657234, 44.897468860570136 ], [ -122.394344177237087, 44.897872494110686 ], [ -122.394430852500392, 44.898026881257344 ], [ -122.394468256657234, 44.897468860570136 ] ], [ [ -122.394510011394445, 44.896845928564439 ], [ -122.39451242811576, 44.896809873692895 ], [ -122.39449617888161, 44.896791916995113 ], [ -122.394510011394445, 44.896845928564439 ] ], [ [ -122.394204983700348, 44.896470122179146 ], [ -122.394275427136108, 44.89670113515858 ], [ -122.39448859394119, 44.896783535029975 ], [ -122.394204983700348, 44.896470122179146 ] ], [ [ -122.393568756582752, 44.895767032204077 ], [ -122.393649493508249, 44.896159547756433 ], [ -122.394180664168402, 44.896443246998714 ], [ -122.393568756582752, 44.895767032204077 ] ], [ [ -122.393711577120698, 44.895177123826471 ], [ -122.393480116584755, 44.895404950372622 ], [ -122.39347753634442, 44.895657624165686 ], [ -122.393711577120698, 44.895177123826471 ] ], [ [ -122.394467105982514, 44.893569829405557 ], [ -122.394468840151234, 44.893622387990476 ], [ -122.3944635642831, 44.893555681143646 ], [ -122.394467105982514, 44.893569829405557 ] ], [ [ -122.394078350317216, 44.892917310211686 ], [ -122.394128888643451, 44.892938770227815 ], [ -122.394047423784528, 44.89280212537863 ], [ -122.394078350317216, 44.892917310211686 ] ], [ [ -122.393465249266185, 44.892580913617664 ], [ -122.393729311092841, 44.892628961246302 ], [ -122.393395848890279, 44.892531226814832 ], [ -122.393465249266185, 44.892580913617664 ] ], [ [ -122.393368477751636, 44.892511630592608 ], [ -122.39319219481871, 44.891785250442361 ], [ -122.3931860356534, 44.892328812333972 ], [ -122.393368477751636, 44.892511630592608 ] ], [ [ -122.394957912167001, 44.889916736308642 ], [ -122.394108634690127, 44.890231061361689 ], [ -122.393838007180378, 44.890739663356172 ], [ -122.394957912167001, 44.889916736308642 ] ], [ [ -122.396817602097457, 44.888789887121284 ], [ -122.396054144601663, 44.889444404032602 ], [ -122.395875964339666, 44.889545693968074 ], [ -122.396070727816991, 44.889466977549581 ], [ -122.396817602097457, 44.888789887121284 ] ], [ [ -122.399487459565293, 44.886358145440752 ], [ -122.399440917075893, 44.88641161719783 ], [ -122.399495770516452, 44.886361886592738 ], [ -122.399487459565293, 44.886358145440752 ] ], [ [ -122.399775887673727, 44.886223714507956 ], [ -122.3995278846144, 44.886295137333867 ], [ -122.399529391208247, 44.886331405760643 ], [ -122.399775887673727, 44.886223714507956 ] ], [ [ -122.399815135428611, 44.886207773381116 ], [ -122.399830977511783, 44.886201338854931 ], [ -122.399829656466665, 44.886201080974764 ], [ -122.399815135428611, 44.886207773381116 ] ], [ [ -122.400994264219449, 44.885714431585676 ], [ -122.400946068694324, 44.88574842417362 ], [ -122.401029768624213, 44.885714427772157 ], [ -122.400994264219449, 44.885714431585676 ] ], [ [ -122.840123969209486, 44.809634546323906 ], [ -122.840519408636254, 44.809632032040078 ], [ -122.840503535706731, 44.809632083974094 ], [ -122.840123969209486, 44.809634546323906 ] ], [ [ -122.821419570161453, 44.819838419855991 ], [ -122.821418923770054, 44.819837417527843 ], [ -122.821457822155139, 44.819897801546752 ], [ -122.821419570161453, 44.819838419855991 ] ], [ [ -122.789389960235027, 44.793276669117297 ], [ -122.782623040411252, 44.794352046893003 ], [ -122.784191753449335, 44.794294356226274 ], [ -122.789389960235027, 44.793276669117297 ] ], [ [ -122.791003288863408, 44.792757785049751 ], [ -122.7915301969296, 44.792441171670269 ], [ -122.789389960235027, 44.793276669117297 ], [ -122.791003288863408, 44.792757785049751 ] ], [ [ -122.780879630715205, 44.793294445063864 ], [ -122.781639834072365, 44.793805683195252 ], [ -122.782623040411252, 44.794352046893003 ], [ -122.780879630715205, 44.793294445063864 ] ], [ [ -122.775912546376944, 44.793304688553889 ], [ -122.777238482191621, 44.792970221422813 ], [ -122.778589601406551, 44.792525747215478 ], [ -122.775912546376944, 44.793304688553889 ] ], [ [ -122.773501266326846, 44.79338297134106 ], [ -122.774454781351494, 44.793473105314177 ], [ -122.775912546376944, 44.793304688553889 ], [ -122.773501266326846, 44.79338297134106 ] ], [ [ -122.76573723096034, 44.793170610920932 ], [ -122.767335209231661, 44.793039378004025 ], [ -122.768623102462072, 44.792765286016731 ], [ -122.76573723096034, 44.793170610920932 ] ], [ [ -122.764208000064926, 44.792992594994566 ], [ -122.764884272442288, 44.793137993991905 ], [ -122.76573723096034, 44.793170610920932 ], [ -122.764208000064926, 44.792992594994566 ] ], [ [ -122.763048503221498, 44.792221060482426 ], [ -122.763411823150506, 44.792591124590622 ], [ -122.764208000064926, 44.792992594994566 ], [ -122.763048503221498, 44.792221060482426 ] ], [ [ -122.759969809688315, 44.790563524917374 ], [ -122.760254438353925, 44.790697030699192 ], [ -122.760834072448603, 44.790933819375191 ], [ -122.759969809688315, 44.790563524917374 ] ], [ [ -122.756006749449242, 44.7900310865706 ], [ -122.757772709816905, 44.790450609370524 ], [ -122.7582370549693, 44.790450455730429 ], [ -122.756006749449242, 44.7900310865706 ] ], [ [ -122.751721524938802, 44.789092693883092 ], [ -122.752801394742875, 44.78955858285785 ], [ -122.753230470573016, 44.789641986782073 ], [ -122.751721524938802, 44.789092693883092 ] ], [ [ -122.739427644522834, 44.789006200621316 ], [ -122.74042887033022, 44.788791341094218 ], [ -122.741782827775566, 44.788333254165217 ], [ -122.739427644522834, 44.789006200621316 ] ], [ [ -122.736364324401279, 44.789580342917162 ], [ -122.736824646046102, 44.78955072678378 ], [ -122.737741642130473, 44.789398950160972 ], [ -122.736364324401279, 44.789580342917162 ] ], [ [ -122.734509822039612, 44.789380600020053 ], [ -122.735525822890551, 44.789545289593804 ], [ -122.736364324401279, 44.789580342917162 ], [ -122.734509822039612, 44.789380600020053 ] ], [ [ -122.726711597138802, 44.793191796316748 ], [ -122.727620379473251, 44.792626855256103 ], [ -122.728267728033188, 44.79128241126979 ], [ -122.726711597138802, 44.793191796316748 ] ], [ [ -122.724809507296769, 44.792934989689051 ], [ -122.726070128346407, 44.793196154610307 ], [ -122.726711597138802, 44.793191796316748 ], [ -122.724809507296769, 44.792934989689051 ] ], [ [ -122.722990243148743, 44.792178482495039 ], [ -122.723843541684516, 44.792570020843243 ], [ -122.724809507296769, 44.792934989689051 ], [ -122.722990243148743, 44.792178482495039 ] ], [ [ -122.72172007632841, 44.79136994589858 ], [ -122.722521286158141, 44.791909921685232 ], [ -122.722990243148743, 44.792178482495039 ], [ -122.72172007632841, 44.79136994589858 ] ], [ [ -122.720186921004469, 44.789986776168696 ], [ -122.720807398005689, 44.790587411170719 ], [ -122.72172007632841, 44.79136994589858 ], [ -122.720186921004469, 44.789986776168696 ] ], [ [ -122.719174114982408, 44.788405696974877 ], [ -122.71964575349773, 44.789344024733076 ], [ -122.720186921004469, 44.789986776168696 ], [ -122.719174114982408, 44.788405696974877 ] ], [ [ -122.71757383855298, 44.785577690638739 ], [ -122.718203785077151, 44.786725592539796 ], [ -122.719174114982408, 44.788405696974877 ], [ -122.71757383855298, 44.785577690638739 ] ], [ [ -122.716433320763002, 44.783378157787617 ], [ -122.716759705818063, 44.784098953265904 ], [ -122.71757383855298, 44.785577690638739 ], [ -122.716433320763002, 44.783378157787617 ] ], [ [ -122.707760114833562, 44.778958423666239 ], [ -122.708405070286702, 44.779099274979345 ], [ -122.711880685569326, 44.779712663595689 ], [ -122.707760114833562, 44.778958423666239 ] ], [ [ -122.702712389469824, 44.777883845525039 ], [ -122.704145910113638, 44.778244788152726 ], [ -122.70498328209122, 44.77843071177265 ], [ -122.702712389469824, 44.777883845525039 ] ], [ [ -122.69851727630882, 44.777490791216181 ], [ -122.698809856403756, 44.777485118577296 ], [ -122.699614157041282, 44.777424196265066 ], [ -122.69851727630882, 44.777490791216181 ] ], [ [ -122.696848010644842, 44.777361242826807 ], [ -122.697460467433558, 44.777459395436679 ], [ -122.697824771748458, 44.777465541596719 ], [ -122.696848010644842, 44.777361242826807 ] ], [ [ -122.695730670767347, 44.776955070626286 ], [ -122.696507943123521, 44.777283537511742 ], [ -122.696848010644842, 44.777361242826807 ], [ -122.695730670767347, 44.776955070626286 ] ], [ [ -122.695000073159534, 44.776133141614189 ], [ -122.695319617822918, 44.776632372606244 ], [ -122.695517596989163, 44.776823108825027 ], [ -122.695000073159534, 44.776133141614189 ] ], [ [ -122.686629121429434, 44.775893120749252 ], [ -122.687029279733835, 44.775930680384675 ], [ -122.68769236327131, 44.775892079277881 ], [ -122.686629121429434, 44.775893120749252 ] ], [ [ -122.684946086061444, 44.775906096929511 ], [ -122.685281235375726, 44.775886726240223 ], [ -122.685453497627634, 44.775876767876966 ], [ -122.684946086061444, 44.775906096929511 ] ], [ [ -122.680588828831347, 44.777376728400775 ], [ -122.6813788151578, 44.777128293111659 ], [ -122.681674187838041, 44.776993126895754 ], [ -122.680588828831347, 44.777376728400775 ] ], [ [ -122.678389681037871, 44.777794607235151 ], [ -122.678728435467519, 44.777743140928237 ], [ -122.679638717037506, 44.777563095046183 ], [ -122.678389681037871, 44.777794607235151 ] ], [ [ -122.677505636579738, 44.777928512631185 ], [ -122.677882497112705, 44.777871660988197 ], [ -122.678389681037871, 44.777794607235151 ], [ -122.677505636579738, 44.777928512631185 ] ], [ [ -122.675603756123081, 44.777861710762501 ], [ -122.67647761009799, 44.777922534160631 ], [ -122.677505636579738, 44.777928512631185 ], [ -122.675603756123081, 44.777861710762501 ] ], [ [ -122.674094662787809, 44.777715451174707 ], [ -122.674588205107611, 44.777777332594233 ], [ -122.675603756123081, 44.777861710762501 ], [ -122.674094662787809, 44.777715451174707 ] ], [ [ -122.672651113391254, 44.777542288918475 ], [ -122.673638678665469, 44.777678915889453 ], [ -122.674094662787809, 44.777715451174707 ], [ -122.672651113391254, 44.777542288918475 ] ], [ [ -122.668368962257389, 44.778103593806605 ], [ -122.668863120227982, 44.777977523517848 ], [ -122.669343685958751, 44.777851923510859 ], [ -122.668368962257389, 44.778103593806605 ] ], [ [ -122.665999465560418, 44.778764648326955 ], [ -122.666282984910367, 44.778687930006583 ], [ -122.666514324544707, 44.778625330102933 ], [ -122.665999465560418, 44.778764648326955 ] ], [ [ -122.663812301836302, 44.779409311399469 ], [ -122.664389711989287, 44.779242655930801 ], [ -122.66491875012818, 44.779070403875224 ], [ -122.663812301836302, 44.779409311399469 ] ], [ [ -122.662796763492324, 44.779707200123205 ], [ -122.663227423700022, 44.779582365854552 ], [ -122.663812301836302, 44.779409311399469 ], [ -122.662796763492324, 44.779707200123205 ] ], [ [ -122.661949381714322, 44.779917838856015 ], [ -122.662363938083672, 44.779825728042283 ], [ -122.662796763492324, 44.779707200123205 ], [ -122.661949381714322, 44.779917838856015 ] ], [ [ -122.659718984763927, 44.780388143290452 ], [ -122.660170605520506, 44.780308197739892 ], [ -122.66060490015542, 44.78022858045945 ], [ -122.659718984763927, 44.780388143290452 ] ], [ [ -122.658415594834864, 44.780548998703573 ], [ -122.659293582552266, 44.78044812232816 ], [ -122.659718984763927, 44.780388143290452 ], [ -122.658415594834864, 44.780548998703573 ] ], [ [ -122.65802407370019, 44.780549976655266 ], [ -122.658415092503276, 44.780549052376998 ], [ -122.658415594834864, 44.780548998703573 ], [ -122.65802407370019, 44.780549976655266 ] ], [ [ -122.654860665667869, 44.780901763604255 ], [ -122.655313025980618, 44.780841289015029 ], [ -122.655747816206372, 44.780774628689606 ], [ -122.654860665667869, 44.780901763604255 ] ], [ [ -122.65348650369441, 44.781141639672896 ], [ -122.65400142718164, 44.781054171873741 ], [ -122.654860665667869, 44.780901763604255 ], [ -122.65348650369441, 44.781141639672896 ] ], [ [ -122.650260828319503, 44.781993629876403 ], [ -122.650594566355196, 44.781903094999393 ], [ -122.650962223659036, 44.781792365748565 ], [ -122.650260828319503, 44.781993629876403 ] ], [ [ -122.649492275916174, 44.78215062905312 ], [ -122.649836848646487, 44.782092219446035 ], [ -122.650260828319503, 44.781993629876403 ], [ -122.649492275916174, 44.78215062905312 ] ], [ [ -122.647486865969967, 44.782305239425838 ], [ -122.648025894238728, 44.782346909890016 ], [ -122.64836206357559, 44.782321334406483 ], [ -122.647486865969967, 44.782305239425838 ] ], [ [ -122.644644577257566, 44.782903447482894 ], [ -122.645108982324516, 44.782700356359754 ], [ -122.64534165720184, 44.782585680751154 ], [ -122.644644577257566, 44.782903447482894 ] ], [ [ -122.643264160977679, 44.783960167465665 ], [ -122.643476386530025, 44.783813469392562 ], [ -122.643650347872168, 44.783622218338088 ], [ -122.643264160977679, 44.783960167465665 ] ], [ [ -122.642196012936878, 44.784298650113712 ], [ -122.64298623425951, 44.784101504064559 ], [ -122.643264160977679, 44.783960167465665 ], [ -122.642196012936878, 44.784298650113712 ] ], [ [ -122.64023481030199, 44.785850956049735 ], [ -122.640374667782723, 44.785415796279821 ], [ -122.640410430939767, 44.785237876890271 ], [ -122.64023481030199, 44.785850956049735 ] ], [ [ -122.639964152353144, 44.786395255936625 ], [ -122.640074592439134, 44.786256744465234 ], [ -122.64023481030199, 44.785850956049735 ], [ -122.639964152353144, 44.786395255936625 ] ], [ [ -122.639335611266119, 44.786952050488921 ], [ -122.639530683891834, 44.786809799730889 ], [ -122.639964152353144, 44.786395255936625 ], [ -122.639335611266119, 44.786952050488921 ] ], [ [ -122.638876965760147, 44.787184671744917 ], [ -122.639139680464424, 44.787071250693927 ], [ -122.639335611266119, 44.786952050488921 ], [ -122.638876965760147, 44.787184671744917 ] ], [ [ -122.638087903432819, 44.787437682060073 ], [ -122.638383563364982, 44.787358020771528 ], [ -122.638876965760147, 44.787184671744917 ], [ -122.638087903432819, 44.787437682060073 ] ], [ [ -122.637370889220662, 44.787584535639134 ], [ -122.637754409747018, 44.787536148101665 ], [ -122.638087903432819, 44.787437682060073 ], [ -122.637370889220662, 44.787584535639134 ] ], [ [ -122.634923688488314, 44.78783256484531 ], [ -122.635344250627043, 44.787795836208538 ], [ -122.636119488342644, 44.787712125132224 ], [ -122.634923688488314, 44.78783256484531 ] ], [ [ -122.631754288593271, 44.78808862862082 ], [ -122.632175283445207, 44.788063480049708 ], [ -122.632620651878426, 44.788020206831675 ], [ -122.631754288593271, 44.78808862862082 ] ], [ [ -122.62907987547915, 44.788080980526964 ], [ -122.629477984322818, 44.788114152510019 ], [ -122.630620306234334, 44.788109935636996 ], [ -122.62907987547915, 44.788080980526964 ] ], [ [ -122.628321549439633, 44.787997287403854 ], [ -122.628720069509356, 44.788041601254093 ], [ -122.62907987547915, 44.788080980526964 ], [ -122.628321549439633, 44.787997287403854 ] ], [ [ -122.625051973599369, 44.788358713297164 ], [ -122.625691824632298, 44.788156017680741 ], [ -122.625988762407303, 44.788058271856151 ], [ -122.625051973599369, 44.788358713297164 ] ], [ [ -122.62404865508573, 44.788631666540802 ], [ -122.624369752243368, 44.788561941318441 ], [ -122.625051973599369, 44.788358713297164 ], [ -122.62404865508573, 44.788631666540802 ] ], [ [ -122.622970074324954, 44.788850413551359 ], [ -122.623652882026335, 44.788713935936983 ], [ -122.62404865508573, 44.788631666540802 ], [ -122.622970074324954, 44.788850413551359 ] ], [ [ -122.621305106649956, 44.789116507383063 ], [ -122.620477904145446, 44.789218054079036 ], [ -122.622052771536616, 44.789028889553691 ], [ -122.621305106649956, 44.789116507383063 ] ], [ [ -122.619311707604467, 44.789066527169851 ], [ -122.619784251967445, 44.789132898516399 ], [ -122.620477904145446, 44.789218054079036 ], [ -122.619311707604467, 44.789066527169851 ] ], [ [ -122.61699440333912, 44.788659533693092 ], [ -122.6176416844621, 44.788814832657636 ], [ -122.618015397090801, 44.788865735602982 ], [ -122.61699440333912, 44.788659533693092 ] ], [ [ -122.615254061193795, 44.788276292201857 ], [ -122.61557426404444, 44.78839156956785 ], [ -122.615933408258016, 44.788465559747863 ], [ -122.615254061193795, 44.788276292201857 ] ], [ [ -122.613195019020367, 44.787188534415264 ], [ -122.613416180087739, 44.787282682238846 ], [ -122.613778014920953, 44.787362770433802 ], [ -122.613195019020367, 44.787188534415264 ] ], [ [ -122.611935113676708, 44.786455782739004 ], [ -122.61221762004088, 44.786646715125066 ], [ -122.612499926872076, 44.78683216263785 ], [ -122.611935113676708, 44.786455782739004 ] ], [ [ -122.611054644640731, 44.785877249894504 ], [ -122.611135466736897, 44.785930376247279 ], [ -122.611311284024595, 44.786045942705464 ], [ -122.611054644640731, 44.785877249894504 ] ], [ [ -122.610496919122298, 44.78548349598239 ], [ -122.610795883456305, 44.785703193624549 ], [ -122.611054644640731, 44.785877249894504 ], [ -122.610496919122298, 44.78548349598239 ] ], [ [ -122.609743277803858, 44.785052996088268 ], [ -122.610132931368923, 44.785276753798527 ], [ -122.610496919122298, 44.78548349598239 ], [ -122.609743277803858, 44.785052996088268 ] ], [ [ -122.608342744556751, 44.784212720690064 ], [ -122.608633479159849, 44.784330153723062 ], [ -122.608712318273206, 44.784361998014717 ], [ -122.608342744556751, 44.784212720690064 ] ], [ [ -122.604976011682879, 44.783074261410292 ], [ -122.605304498938352, 44.783206733875758 ], [ -122.605671968567592, 44.783246302648891 ], [ -122.604976011682879, 44.783074261410292 ] ], [ [ -122.604325055736226, 44.78276306978006 ], [ -122.604646682608589, 44.782918737511913 ], [ -122.604976011682879, 44.783074261410292 ], [ -122.604325055736226, 44.78276306978006 ] ], [ [ -122.603128355428623, 44.782225243801783 ], [ -122.603313084546045, 44.782377709265901 ], [ -122.603716823529155, 44.782566413582636 ], [ -122.603128355428623, 44.782225243801783 ] ], [ [ -122.603016494299013, 44.781800119551463 ], [ -122.603074745995926, 44.782076178505463 ], [ -122.603128355428623, 44.782225243801783 ], [ -122.603016494299013, 44.781800119551463 ] ], [ [ -122.602456006431638, 44.781117320634308 ], [ -122.602651596893281, 44.781356276779533 ], [ -122.60265684796893, 44.781361992316462 ], [ -122.602456006431638, 44.781117320634308 ] ], [ [ -122.602003680657546, 44.780607586300171 ], [ -122.602245239550456, 44.780884732965482 ], [ -122.602456006431638, 44.781117320634308 ], [ -122.602003680657546, 44.780607586300171 ] ], [ [ -122.60142651630099, 44.779987542766193 ], [ -122.601721924902108, 44.780322575945171 ], [ -122.602003680657546, 44.780607586300171 ], [ -122.60142651630099, 44.779987542766193 ] ], [ [ -122.601134021518604, 44.779784936924791 ], [ -122.601171363947373, 44.779810804134122 ], [ -122.60142651630099, 44.779987542766193 ], [ -122.601134021518604, 44.779784936924791 ] ], [ [ -122.600710695673044, 44.779481083345665 ], [ -122.600871855287608, 44.779674290433512 ], [ -122.601134021518604, 44.779784936924791 ], [ -122.600710695673044, 44.779481083345665 ] ], [ [ -122.600416880833848, 44.778978379770102 ], [ -122.600563034755311, 44.77923549096996 ], [ -122.600710695673044, 44.779481083345665 ], [ -122.600416880833848, 44.778978379770102 ] ], [ [ -122.595495463707962, 44.777874177918093 ], [ -122.595892839439387, 44.777889815051843 ], [ -122.596280629690568, 44.777853835994804 ], [ -122.595495463707962, 44.777874177918093 ] ], [ [ -122.590681140563859, 44.777697386497991 ], [ -122.59142567641311, 44.777672167370937 ], [ -122.591709309315434, 44.777632294831385 ], [ -122.590681140563859, 44.777697386497991 ] ], [ [ -122.589949077482345, 44.777641767598723 ], [ -122.590300001533109, 44.777704412387052 ], [ -122.590681140563859, 44.777697386497991 ], [ -122.589949077482345, 44.777641767598723 ] ], [ [ -122.586349266932785, 44.777278625647533 ], [ -122.586956923129975, 44.777303372413883 ], [ -122.587562636308704, 44.777327638563825 ], [ -122.586349266932785, 44.777278625647533 ] ], [ [ -122.583386977258115, 44.777231816686076 ], [ -122.583924558138676, 44.777236431377624 ], [ -122.584597744909416, 44.777237409378259 ], [ -122.583386977258115, 44.777231816686076 ] ], [ [ -122.58253448197469, 44.777189940617085 ], [ -122.582851060834656, 44.777219966949147 ], [ -122.583386977258115, 44.777231816686076 ], [ -122.58253448197469, 44.777189940617085 ] ], [ [ -122.581191153477192, 44.777020466319769 ], [ -122.582087586034135, 44.777147552952762 ], [ -122.58253448197469, 44.777189940617085 ], [ -122.581191153477192, 44.777020466319769 ] ], [ [ -122.580150761901734, 44.776694162416092 ], [ -122.580509666101818, 44.776818171833931 ], [ -122.580821539977549, 44.776919978044639 ], [ -122.580150761901734, 44.776694162416092 ] ], [ [ -122.576693872446256, 44.776444711538502 ], [ -122.577608226274748, 44.776535233489867 ], [ -122.578716397986028, 44.77655222618165 ], [ -122.576693872446256, 44.776444711538502 ] ], [ [ -122.575788274697757, 44.776223084015555 ], [ -122.576369718577581, 44.776375960630048 ], [ -122.576693872446256, 44.776444711538502 ], [ -122.575788274697757, 44.776223084015555 ] ], [ [ -122.574757902449576, 44.776013079469429 ], [ -122.575459022363674, 44.776173117335198 ], [ -122.575788274697757, 44.776223084015555 ], [ -122.574757902449576, 44.776013079469429 ] ], [ [ -122.573478723310899, 44.7757936381674 ], [ -122.573808654367326, 44.775862548135564 ], [ -122.574757902449576, 44.776013079469429 ], [ -122.573478723310899, 44.7757936381674 ] ], [ [ -122.572025217868045, 44.775493420788536 ], [ -122.572817633283123, 44.775675129945547 ], [ -122.573478723310899, 44.7757936381674 ], [ -122.572025217868045, 44.775493420788536 ] ], [ [ -122.571473663486429, 44.775260659923099 ], [ -122.57174609949314, 44.775391249862658 ], [ -122.572025217868045, 44.775493420788536 ], [ -122.571473663486429, 44.775260659923099 ] ], [ [ -122.568724104130339, 44.774269791332557 ], [ -122.568916593608748, 44.774373550052381 ], [ -122.569481518334143, 44.774550171575434 ], [ -122.568724104130339, 44.774269791332557 ] ], [ [ -122.56853410845018, 44.773808618769436 ], [ -122.568607425852932, 44.774131722301313 ], [ -122.568724104130339, 44.774269791332557 ], [ -122.56853410845018, 44.773808618769436 ] ], [ [ -122.64760530912865, 44.724038070515604 ], [ -122.651353630246078, 44.726186597944263 ], [ -122.649488805772293, 44.725105611750834 ], [ -122.64760530912865, 44.724038070515604 ] ], [ [ -122.822293740621873, 44.774668553819211 ], [ -122.824027104252011, 44.77323077682243 ], [ -122.824601056522823, 44.772657058596998 ], [ -122.822293740621873, 44.774668553819211 ] ], [ [ -122.819328868924117, 44.778244153919843 ], [ -122.819641903403479, 44.778029024340896 ], [ -122.822293740621873, 44.774668553819211 ], [ -122.819328868924117, 44.778244153919843 ] ], [ [ -122.817347845513638, 44.777748956369535 ], [ -122.818809428105524, 44.778261208521336 ], [ -122.819328868924117, 44.778244153919843 ], [ -122.817347845513638, 44.777748956369535 ] ], [ [ -122.815102706165803, 44.778072853991766 ], [ -122.814042493315171, 44.77914572493556 ], [ -122.817347845513638, 44.777748956369535 ], [ -122.815102706165803, 44.778072853991766 ] ], [ [ -122.813619226828109, 44.782895491350111 ], [ -122.813591345171147, 44.782154368830021 ], [ -122.813549682844084, 44.78174119553919 ], [ -122.813619226828109, 44.782895491350111 ] ], [ [ -122.813496259290147, 44.783957584561797 ], [ -122.813617528188118, 44.783523850171974 ], [ -122.813619226828109, 44.782895491350111 ], [ -122.813496259290147, 44.783957584561797 ] ], [ [ -122.81282709893388, 44.784900125496911 ], [ -122.813221950342552, 44.784514238398856 ], [ -122.813496259290147, 44.783957584561797 ], [ -122.81282709893388, 44.784900125496911 ] ], [ [ -122.811650983113623, 44.785405615766592 ], [ -122.81233495574881, 44.785214332293698 ], [ -122.81282709893388, 44.784900125496911 ], [ -122.811650983113623, 44.785405615766592 ] ], [ [ -122.81023036129433, 44.785436363151589 ], [ -122.811159820520686, 44.785456787937697 ], [ -122.811650983113623, 44.785405615766592 ], [ -122.81023036129433, 44.785436363151589 ] ], [ [ -122.802361737631685, 44.790965359840264 ], [ -122.802790674584287, 44.790430949563003 ], [ -122.803263747687993, 44.788854814180013 ], [ -122.802361737631685, 44.790965359840264 ] ], [ [ -122.800135851591804, 44.791665385553607 ], [ -122.801297179630211, 44.791423023541668 ], [ -122.802361737631685, 44.790965359840264 ], [ -122.800135851591804, 44.791665385553607 ] ], [ [ -122.798168671827042, 44.791487826460845 ], [ -122.799466475454679, 44.791658587264266 ], [ -122.800135851591804, 44.791665385553607 ], [ -122.798168671827042, 44.791487826460845 ] ], [ [ -122.818676723067711, 44.802697994292004 ], [ -122.818649668727119, 44.802687019645681 ], [ -122.818649551750156, 44.802686972519332 ], [ -122.818676723067711, 44.802697994292004 ] ], [ [ -122.814700582430206, 44.789448178693078 ], [ -122.814700751814172, 44.789448177937267 ], [ -122.815854836002146, 44.789442273868161 ], [ -122.814700582430206, 44.789448178693078 ] ], [ [ -122.815811402650482, 44.785199686875863 ], [ -122.815809475106519, 44.785015375782962 ], [ -122.815809474051818, 44.785015318184541 ], [ -122.815811402650482, 44.785199686875863 ] ], [ [ -122.833631334238589, 44.831776433295126 ], [ -122.833613210962099, 44.831772689665378 ], [ -122.834008634042874, 44.831854426853376 ], [ -122.833631334238589, 44.831776433295126 ] ], [ [ -122.705137253072692, 45.059040086267117 ], [ -122.705189651449103, 45.059176724453167 ], [ -122.705217078948081, 45.059236052266449 ], [ -122.705137253072692, 45.059040086267117 ] ], [ [ -122.705286997261425, 45.059416832939256 ], [ -122.704638022078797, 45.060990836158005 ], [ -122.704805996910252, 45.061589675911769 ], [ -122.705308432366792, 45.059472255396997 ], [ -122.705286997261425, 45.059416832939256 ] ], [ [ -122.704811413402126, 45.061596026634639 ], [ -122.705040528258152, 45.061791455172845 ], [ -122.705257755487096, 45.061903627017344 ], [ -122.704811413402126, 45.061596026634639 ] ], [ [ -122.705441246150272, 45.061965393937832 ], [ -122.705854863654039, 45.06202374378536 ], [ -122.706524639034342, 45.06200854878238 ], [ -122.705441246150272, 45.061965393937832 ] ], [ [ -122.707435646576826, 45.06247876332592 ], [ -122.707418272656142, 45.062457517318521 ], [ -122.707435693766243, 45.062554219071686 ], [ -122.707435646576826, 45.06247876332592 ] ], [ [ -122.707280365087641, 45.064456124223284 ], [ -122.707437173115622, 45.064919644912571 ], [ -122.707436719050278, 45.06419362131647 ], [ -122.707280365087641, 45.064456124223284 ] ], [ [ -122.70745571183943, 45.064934307188189 ], [ -122.70768505546738, 45.065046864382573 ], [ -122.707894908160412, 45.065080130556012 ], [ -122.70745571183943, 45.064934307188189 ] ], [ [ -122.70886695998658, 45.06555883879544 ], [ -122.708864682008254, 45.065557685725565 ], [ -122.708865156805274, 45.065557985116101 ], [ -122.70886695998658, 45.06555883879544 ] ], [ [ -122.710296711699826, 45.066361389490368 ], [ -122.710809772960474, 45.066542245795816 ], [ -122.709631556974685, 45.065945862128601 ], [ -122.710296711699826, 45.066361389490368 ] ], [ [ -122.711492711798925, 45.066887929624343 ], [ -122.711131331898002, 45.066705009862268 ], [ -122.711236384746741, 45.066775490442694 ], [ -122.711492711798925, 45.066887929624343 ] ], [ [ -122.71286381026178, 45.068075921083512 ], [ -122.713459143687089, 45.068771811076971 ], [ -122.713768311376143, 45.068953484030452 ], [ -122.71286381026178, 45.068075921083512 ] ], [ [ -122.714050429835893, 45.069078062498768 ], [ -122.714848105136397, 45.069293216435668 ], [ -122.715222693715219, 45.069342256003353 ], [ -122.714050429835893, 45.069078062498768 ] ], [ [ -122.716460734531111, 45.069649537507587 ], [ -122.716735701413697, 45.069798221032627 ], [ -122.716972333515386, 45.069836630072913 ], [ -122.716460734531111, 45.069649537507587 ] ], [ [ -122.717157740587069, 45.06992712928534 ], [ -122.717158821823631, 45.069933002217439 ], [ -122.71716110226042, 45.069938119731724 ], [ -122.717157740587069, 45.06992712928534 ] ], [ [ -122.717173818420278, 45.069979693137164 ], [ -122.717167546463287, 45.069959188003075 ], [ -122.717168350339549, 45.069963574055215 ], [ -122.717173818420278, 45.069979693137164 ] ], [ [ -122.717221260249573, 45.070134796174308 ], [ -122.71755370321641, 45.07123271189699 ], [ -122.717601225764426, 45.071296277058075 ], [ -122.717727698336475, 45.071430935972778 ], [ -122.718046850559745, 45.071653765215977 ], [ -122.717221260249573, 45.070134796174308 ] ], [ [ -122.718744529524812, 45.07236365665095 ], [ -122.718761043012975, 45.072378886213407 ], [ -122.718738872839111, 45.072328186145718 ], [ -122.718744529524812, 45.07236365665095 ] ], [ [ -122.719214485859112, 45.075077573417758 ], [ -122.717761531105708, 45.072853476712922 ], [ -122.717622999375152, 45.073270230144885 ], [ -122.717782950232603, 45.074019763789863 ], [ -122.717868956196199, 45.074148317571193 ], [ -122.717971289348839, 45.0742707190674 ], [ -122.718221358245174, 45.07449296379675 ], [ -122.719214485859112, 45.075077573417758 ] ], [ [ -122.720840304311665, 45.076064885753851 ], [ -122.720826208032662, 45.076052392546494 ], [ -122.720863478323722, 45.076238067549525 ], [ -122.720840304311665, 45.076064885753851 ] ], [ [ -122.720866051501687, 45.076257297142988 ], [ -122.720872255639634, 45.076948707419746 ], [ -122.720976269943307, 45.077080963526832 ], [ -122.720866051501687, 45.076257297142988 ] ], [ [ -122.721081118729188, 45.078041183104695 ], [ -122.72110486053873, 45.078041910671764 ], [ -122.721097216207554, 45.077984785653562 ], [ -122.721081118729188, 45.078041183104695 ] ], [ [ -122.720848473205493, 45.080280780635377 ], [ -122.719655085029473, 45.079578538443279 ], [ -122.719689680017538, 45.079657458991953 ], [ -122.719728381557317, 45.079720647763942 ], [ -122.719843065142356, 45.079848279920057 ], [ -122.720848473205493, 45.080280780635377 ] ], [ [ -122.72237238987276, 45.081069616088726 ], [ -122.722357344155895, 45.081061827924174 ], [ -122.722364337308036, 45.081069334538299 ], [ -122.72237238987276, 45.081069616088726 ] ], [ [ -122.722499161432324, 45.081135237231294 ], [ -122.722497191174057, 45.081134217361175 ], [ -122.722498811580891, 45.081136519530375 ], [ -122.722499161432324, 45.081135237231294 ] ], [ [ -122.722276613648702, 45.08195092862114 ], [ -122.722375840029372, 45.081587241403554 ], [ -122.722216634731367, 45.08180290496081 ], [ -122.722276613648702, 45.08195092862114 ] ], [ [ -122.724121693220141, 45.083093766864458 ], [ -122.724530554451647, 45.083070870550152 ], [ -122.724883392680127, 45.082965690866807 ], [ -122.724121693220141, 45.083093766864458 ] ], [ [ -122.725093696067077, 45.084658338939747 ], [ -122.725104085954541, 45.084581496132571 ], [ -122.72507711587275, 45.084636380718386 ], [ -122.725093696067077, 45.084658338939747 ] ], [ [ -122.725131708921808, 45.084706628286419 ], [ -122.725102021710342, 45.084669365123226 ], [ -122.725126956506571, 45.084702387860752 ], [ -122.725131708921808, 45.084706628286419 ] ], [ [ -122.725232753483937, 45.085102201194978 ], [ -122.72602121504643, 45.085823118368765 ], [ -122.725222753518707, 45.084820906623989 ], [ -122.725232753483937, 45.085102201194978 ] ], [ [ -122.493504796034372, 45.080913520853386 ], [ -122.493481886615754, 45.080888625251191 ], [ -122.493458248447098, 45.080864073655825 ], [ -122.493504796034372, 45.080913520853386 ] ], [ [ -122.486387877218078, 45.08119550384027 ], [ -122.486387886940221, 45.08119582053628 ], [ -122.486503599510826, 45.081192003187013 ], [ -122.486387877218078, 45.08119550384027 ] ], [ [ -122.487272746526813, 45.071221342210791 ], [ -122.487774186778452, 45.070812822407675 ], [ -122.48706494607714, 45.071511836369638 ], [ -122.487272746526813, 45.071221342210791 ] ], [ [ -122.487774186778452, 45.070812822407675 ], [ -122.4883030560771, 45.070570850739216 ], [ -122.488746897449758, 45.070455600448241 ], [ -122.487774186778452, 45.070812822407675 ] ], [ [ -122.660804079237039, 45.037535072191481 ], [ -122.661011345099709, 45.037680175471976 ], [ -122.661163630542191, 45.037762256538599 ], [ -122.660804079237039, 45.037535072191481 ] ], [ [ -122.66173184030977, 45.038121280972611 ], [ -122.661751008185107, 45.038137367125174 ], [ -122.661769524267314, 45.038145091573959 ], [ -122.66173184030977, 45.038121280972611 ] ], [ [ -122.662712531836817, 45.039112786990941 ], [ -122.663648596289221, 45.040204855590808 ], [ -122.662662052180991, 45.038799681197375 ], [ -122.662712531836817, 45.039112786990941 ] ], [ [ -122.664956324803413, 45.042283374957051 ], [ -122.665391103970194, 45.042686694954497 ], [ -122.664560512489189, 45.041503703765066 ], [ -122.664956324803413, 45.042283374957051 ] ], [ [ -122.665759785621461, 45.043278846549711 ], [ -122.666085297567932, 45.043675399199671 ], [ -122.665688589068424, 45.043110389775158 ], [ -122.665759785621461, 45.043278846549711 ] ], [ [ -122.666142419942773, 45.0437311962854 ], [ -122.666259320338341, 45.043819703932904 ], [ -122.666110734142237, 45.043701525875065 ], [ -122.666142419942773, 45.0437311962854 ] ], [ [ -122.666645602577987, 45.044126932439461 ], [ -122.667902858956353, 45.045501879207066 ], [ -122.669674240711899, 45.046535694186993 ], [ -122.666645602577987, 45.044126932439461 ] ], [ [ -122.669786138585039, 45.046592528675177 ], [ -122.670102932869668, 45.046698176900343 ], [ -122.670291649058697, 45.046725670996693 ], [ -122.669786138585039, 45.046592528675177 ] ], [ [ -122.671318852529126, 45.046996216869154 ], [ -122.671348569441534, 45.047013313044644 ], [ -122.671427167571622, 45.047024744918282 ], [ -122.671318852529126, 45.046996216869154 ] ], [ [ -122.674809079129801, 45.046874246438513 ], [ -122.676270346570931, 45.046656108801507 ], [ -122.673600752361452, 45.047033767689165 ], [ -122.674809079129801, 45.046874246438513 ] ], [ [ -122.676693210685286, 45.046616016667798 ], [ -122.676913581174418, 45.046565112102797 ], [ -122.676532285302471, 45.046619053039166 ], [ -122.676693210685286, 45.046616016667798 ] ], [ [ -122.67709349538535, 45.046539660089145 ], [ -122.677193004068073, 45.046545581136947 ], [ -122.67729354570551, 45.046511359457163 ], [ -122.67709349538535, 45.046539660089145 ] ], [ [ -120.996701398952069, 42.746355743707724 ], [ -120.996603635615131, 42.746355497634703 ], [ -120.996581555870733, 43.000113368095818 ], [ -120.996701398952069, 42.746355743707724 ] ], [ [ -120.899762943798137, 42.743824734419029 ], [ -120.898251598855182, 42.743867082179563 ], [ -120.952153383871902, 42.743789564801567 ], [ -120.899762943798137, 42.743824734419029 ] ], [ [ -120.883144192897561, 42.704740534717494 ], [ -120.883353616452936, 42.743888507288425 ], [ -120.883457926565896, 42.743888357277839 ], [ -120.883144192897561, 42.704740534717494 ] ], [ [ -120.880880267219936, 42.420754097653756 ], [ -120.880692076250028, 42.397027642879031 ], [ -120.881125573924308, 42.486545488586337 ], [ -120.880880267219936, 42.420754097653756 ] ], [ [ -121.351299824435344, 42.91998888797206 ], [ -121.349780737008032, 43.004520484482789 ], [ -121.349671553870124, 43.03217423395872 ], [ -121.351299824435344, 42.91998888797206 ] ], [ [ -121.134647013611655, 44.636054602572585 ], [ -121.136902800118406, 44.636056726645265 ], [ -121.13464728838288, 44.635958596274783 ], [ -121.134647013611655, 44.636054602572585 ] ], [ [ -121.136638999689694, 44.63616188470094 ], [ -121.135642392921952, 44.636755995411733 ], [ -121.136902800118406, 44.636056726645265 ], [ -121.136638999689694, 44.63616188470094 ] ], [ [ -121.122628854993991, 44.648608896159168 ], [ -121.122905165457851, 44.648312871198279 ], [ -121.12234519946621, 44.648899101094699 ], [ -121.122628854993991, 44.648608896159168 ] ], [ [ -121.122907407280167, 44.648312896658133 ], [ -121.123681180930916, 44.647429903150453 ], [ -121.122905165457851, 44.648312871198279 ], [ -121.122907407280167, 44.648312896658133 ] ], [ [ -121.1239065224689, 44.647019585468414 ], [ -121.124092899537061, 44.646804401997166 ], [ -121.12376749669761, 44.647180094368323 ], [ -121.1239065224689, 44.647019585468414 ] ], [ [ -121.123260252654859, 44.647035216037871 ], [ -121.123127382804768, 44.647170221899657 ], [ -121.123496430151164, 44.646797511949728 ], [ -121.123260252654859, 44.647035216037871 ] ], [ [ -121.122642551877831, 44.646966157565579 ], [ -121.122548617878365, 44.646934228505408 ], [ -121.123127382804768, 44.647170221899657 ], [ -121.122642551877831, 44.646966157565579 ] ], [ [ -121.122408165157637, 44.64689964380608 ], [ -121.122247809008897, 44.646877214510148 ], [ -121.122548617878365, 44.646934228505408 ], [ -121.122408165157637, 44.64689964380608 ] ], [ [ -121.122129194815656, 44.646871444421627 ], [ -121.114286854204693, 44.646813798796714 ], [ -121.122247809008897, 44.646877214510148 ], [ -121.122129194815656, 44.646871444421627 ] ], [ [ -121.114293635807897, 44.644031520734742 ], [ -121.114140775742385, 44.644032938986868 ], [ -121.114286854204693, 44.646813798796714 ], [ -121.114293635807897, 44.644031520734742 ] ], [ [ -121.11266303672555, 44.650016274991302 ], [ -121.124518531333536, 44.650057946488495 ], [ -121.109179873888777, 44.650003803836931 ], [ -121.11266303672555, 44.650016274991302 ] ], [ [ -120.827570784896878, 44.562796247363529 ], [ -120.817415345719525, 44.562745385272436 ], [ -120.807259905673448, 44.562694551060638 ], [ -120.827570784896878, 44.562796247363529 ] ], [ [ -120.786949030397651, 44.562592827650796 ], [ -120.746855498778729, 44.562446634649085 ], [ -120.807259905673448, 44.562694551060638 ], [ -120.786949030397651, 44.562592827650796 ] ], [ [ -120.98855335695022, 44.41536280717574 ], [ -120.9885744208445, 44.418954888599565 ], [ -120.988764032363804, 44.436931258941762 ], [ -120.98855335695022, 44.41536280717574 ] ], [ [ -120.988432499310406, 44.39034110907977 ], [ -120.988440130485586, 44.397427355521693 ], [ -120.98855335695022, 44.41536280717574 ], [ -120.988432499310406, 44.39034110907977 ] ], [ [ -121.008560979505432, 44.390300046074735 ], [ -120.988432427401406, 44.390274227206724 ], [ -120.988432499310406, 44.39034110907977 ], [ -121.008560979505432, 44.390300046074735 ] ], [ [ -120.847028706846217, 44.319234627153861 ], [ -120.847025994435612, 44.318305043160152 ], [ -120.84703030443707, 44.319781765697854 ], [ -120.847028706846217, 44.319234627153861 ] ], [ [ -121.002306658352467, 44.134562781656442 ], [ -121.007299565024326, 44.13472254262215 ], [ -120.997308036932395, 44.134394706499748 ], [ -121.002306658352467, 44.134562781656442 ] ], [ [ -121.01231639980773, 44.134907066067136 ], [ -121.017327442834116, 44.135083297070658 ], [ -121.007299565024326, 44.13472254262215 ], [ -121.01231639980773, 44.134907066067136 ] ], [ [ -121.027351114503801, 44.135415249485995 ], [ -121.037351027003965, 44.135782586478541 ], [ -121.017327442834116, 44.135083297070658 ], [ -121.027351114503801, 44.135415249485995 ] ], [ [ -121.057351168214666, 44.136514002512278 ], [ -121.067352540826107, 44.136878215232201 ], [ -121.047351277226298, 44.136148545977569 ], [ -121.057351168214666, 44.136514002512278 ] ], [ [ -121.59325010221211, 44.651298058699723 ], [ -121.593308847816388, 44.564817260654678 ], [ -121.592761906459728, 44.661444191268608 ], [ -121.59325010221211, 44.651298058699723 ] ], [ [ -121.125474098624466, 44.649425090271883 ], [ -121.124520590247911, 44.649414486692102 ], [ -121.124897766318725, 44.649418683850868 ], [ -121.125474098624466, 44.649425090271883 ] ], [ [ -121.126050426113181, 44.649431502785148 ], [ -121.127010983395422, 44.649442168723901 ], [ -121.125858320691975, 44.64942936318613 ], [ -121.126050426113181, 44.649431502785148 ] ], [ [ -121.127408277226209, 44.648541260651641 ], [ -121.1276003796781, 44.648543391320416 ], [ -121.12702406348177, 44.648536992985321 ], [ -121.127408277226209, 44.648541260651641 ] ], [ [ -121.127602761713135, 44.648378816159699 ], [ -121.127609296442188, 44.647926230952592 ], [ -121.1276003796781, 44.648543391320416 ], [ -121.127602761713135, 44.648378816159699 ] ], [ [ -121.128572222067064, 44.647936911768397 ], [ -121.128650004730119, 44.647933874303504 ], [ -121.127609296442188, 44.647926230952592 ], [ -121.128572222067064, 44.647936911768397 ] ], [ [ -121.128187297576872, 44.647479987826472 ], [ -121.127231623189857, 44.647469381486331 ], [ -121.128717337241142, 44.647488476822751 ], [ -121.128187297576872, 44.647479987826472 ] ], [ [ -121.124350247859255, 44.648507265394905 ], [ -121.124349048996763, 44.64896202936503 ], [ -121.124350680884646, 44.64839459266102 ], [ -121.124350247859255, 44.648507265394905 ] ], [ [ -121.630827206977074, 44.392425032293779 ], [ -121.66090931913574, 44.393187923421522 ], [ -121.636014624410549, 44.39241911300747 ], [ -121.630827206977074, 44.392425032293779 ] ], [ [ -121.554129912142486, 44.393082926405846 ], [ -121.564409458721073, 44.392955530519032 ], [ -121.55909654004499, 44.3930201719675 ], [ -121.554129912142486, 44.393082926405846 ] ], [ [ -121.549057415174858, 44.393100207393189 ], [ -121.543984640917671, 44.393118408288743 ], [ -121.554129912142486, 44.393082926405846 ], [ -121.549057415174858, 44.393100207393189 ] ], [ [ -121.523783831281364, 44.393239368629615 ], [ -121.533869710194736, 44.393185055545445 ], [ -121.528826770840638, 44.393212197606417 ], [ -121.523783831281364, 44.393239368629615 ] ], [ [ -121.493484136728767, 44.393259037409102 ], [ -121.503597736228002, 44.393274107502236 ], [ -121.498759177444427, 44.393265712330937 ], [ -121.493484136728767, 44.393259037409102 ] ], [ [ -121.405676098504202, 44.393159406110449 ], [ -121.412684370182575, 44.393199518165908 ], [ -121.40762975228759, 44.393170562088336 ], [ -121.405676098504202, 44.393159406110449 ] ], [ [ -121.064031194247804, 44.390505043571132 ], [ -121.072837040718014, 44.390523646087331 ], [ -121.069077179173306, 44.390515515778119 ], [ -121.064031194247804, 44.390505043571132 ] ], [ [ -121.058984910856395, 44.390494570061072 ], [ -121.052724606603547, 44.390482118204588 ], [ -121.064031194247804, 44.390505043571132 ], [ -121.058984910856395, 44.390494570061072 ] ], [ [ -121.042651085199935, 44.390462396600633 ], [ -121.033753681047912, 44.390445683706936 ], [ -121.052724606603547, 44.390482118204588 ], [ -121.042651085199935, 44.390462396600633 ] ], [ [ -121.107894325764178, 44.320041285240642 ], [ -121.108081808767523, 44.327232533076945 ], [ -121.108355054886616, 44.254803739080884 ], [ -121.107894325764178, 44.320041285240642 ] ], [ [ -121.108384794670584, 44.251167281640008 ], [ -121.108397780718292, 44.247535427675487 ], [ -121.108355054886616, 44.254803739080884 ], [ -121.108384794670584, 44.251167281640008 ] ], [ [ -121.108492238601684, 44.233023773762767 ], [ -121.108492255762442, 44.233020072348239 ], [ -121.108492245864326, 44.233022077307361 ], [ -121.108492238601684, 44.233023773762767 ] ], [ [ -121.102919741333949, 44.218494441148309 ], [ -121.102918963588522, 44.217518792170644 ], [ -121.102919737103207, 44.218491259835012 ], [ -121.102919741333949, 44.218494441148309 ] ], [ [ -121.102910837035665, 44.209960187530541 ], [ -121.102896161623391, 44.203092621083051 ], [ -121.102894023185925, 44.206700834434251 ], [ -121.102910837035665, 44.209960187530541 ] ], [ [ -121.102881505840145, 44.199485290444095 ], [ -121.102868809544972, 44.195874947665651 ], [ -121.102896161623391, 44.203092621083051 ], [ -121.102881505840145, 44.199485290444095 ] ], [ [ -121.102846960458336, 44.192281166059566 ], [ -121.102826995472327, 44.18868439793831 ], [ -121.102868809544972, 44.195874947665651 ], [ -121.102846960458336, 44.192281166059566 ] ], [ [ -121.281048306222289, 44.393013668930848 ], [ -121.29046628795254, 44.392967797863662 ], [ -121.290472646549077, 44.392967741699891 ], [ -121.281048306222289, 44.393013668930848 ] ], [ [ -121.20004789679831, 44.527674958986744 ], [ -121.200026628193541, 44.524077214161402 ], [ -121.199988887547292, 44.521661251797241 ], [ -121.20004789679831, 44.527674958986744 ] ], [ [ -121.211921344125315, 44.520470917737718 ], [ -121.200369415072004, 44.520463611720118 ], [ -121.205025881696614, 44.520473374828434 ], [ -121.211921344125315, 44.520470917737718 ] ], [ [ -121.220188822422031, 44.527643207318668 ], [ -121.220132917440111, 44.520498642182318 ], [ -121.220133239188783, 44.520579896805792 ], [ -121.220188822422031, 44.527643207318668 ] ], [ [ -121.220278949528179, 44.527725094323102 ], [ -121.225250563381991, 44.527702307510239 ], [ -121.220188822422031, 44.527643207318668 ], [ -121.220278949528179, 44.527725094323102 ] ], [ [ -121.225268765617045, 44.531312748280243 ], [ -121.225273576570984, 44.532262894823454 ], [ -121.225250563381991, 44.527702307510239 ], [ -121.225268765617045, 44.531312748280243 ] ], [ [ -121.149616515163046, 44.623387459617412 ], [ -121.149908386466294, 44.623395527459309 ], [ -121.148232517359205, 44.623307645772996 ], [ -121.149616515163046, 44.623387459617412 ] ], [ [ -121.140727724902433, 44.617896173296977 ], [ -121.142646757173452, 44.617900855351365 ], [ -121.14483632503071, 44.617906161541406 ], [ -121.140727724902433, 44.617896173296977 ] ], [ [ -121.14305252331053, 44.616856631764357 ], [ -121.14111765344046, 44.61684665120957 ], [ -121.141114016223099, 44.616859963557019 ], [ -121.14305252331053, 44.616856631764357 ] ], [ [ -121.139788697764615, 44.611800402584691 ], [ -121.139785709113809, 44.612409984241779 ], [ -121.139776276538271, 44.614335437741616 ], [ -121.139788697764615, 44.611800402584691 ] ], [ [ -121.140290301229015, 44.607059240434346 ], [ -121.141551244641093, 44.610270358692468 ], [ -121.141707354896297, 44.610667881248546 ], [ -121.140290301229015, 44.607059240434346 ] ], [ [ -121.134747984176599, 44.609622955168994 ], [ -121.134754104317707, 44.608443446568792 ], [ -121.134761320051965, 44.607052012097604 ], [ -121.134747984176599, 44.609622955168994 ] ], [ [ -121.134742590102178, 44.610662312947326 ], [ -121.135068990134769, 44.610662873661369 ], [ -121.13706274392635, 44.610665614042425 ], [ -121.134742590102178, 44.610662312947326 ] ], [ [ -121.133232028542835, 44.614904106211164 ], [ -121.133349273018084, 44.614673741192497 ], [ -121.134467843046139, 44.612472275055289 ], [ -121.133232028542835, 44.614904106211164 ] ], [ [ -121.130039098526936, 44.616608768132252 ], [ -121.130092489786847, 44.616393479512702 ], [ -121.130145878099043, 44.616178188181877 ], [ -121.130039098526936, 44.616608768132252 ] ], [ [ -121.129617519314436, 44.616823203475484 ], [ -121.129772178794582, 44.616823563743402 ], [ -121.130613578532234, 44.616825516833984 ], [ -121.129617519314436, 44.616823203475484 ] ], [ [ -121.109222779099696, 44.625038994612773 ], [ -121.109223035351079, 44.624927565870664 ], [ -121.109223227695097, 44.624843143839364 ], [ -121.109222779099696, 44.625038994612773 ] ], [ [ -121.101495139701655, 44.634667152539571 ], [ -121.101486304356911, 44.634554988365245 ], [ -121.101438116013128, 44.634352219060403 ], [ -121.101495139701655, 44.634667152539571 ] ], [ [ -121.101485556082068, 44.634856506186075 ], [ -121.101500051850365, 44.634771380921691 ], [ -121.101495139701655, 44.634667152539571 ], [ -121.101485556082068, 44.634856506186075 ] ], [ [ -121.103848129319132, 44.639497148074909 ], [ -121.100134198242245, 44.639446277416418 ], [ -121.095094957138642, 44.63939222250022 ], [ -121.103848129319132, 44.639497148074909 ] ], [ [ -121.103808425138197, 44.638961618549686 ], [ -121.103836307079703, 44.639389876949416 ], [ -121.103848129319132, 44.639497148074909 ], [ -121.103808425138197, 44.638961618549686 ] ], [ [ -121.103728858845372, 44.637762533935948 ], [ -121.10374912087957, 44.638067922991155 ], [ -121.103808425138197, 44.638961618549686 ], [ -121.103728858845372, 44.637762533935948 ] ], [ [ -121.102088120867478, 44.636505745349588 ], [ -121.102206616507644, 44.636549864037356 ], [ -121.102352636958827, 44.636585783132205 ], [ -121.102088120867478, 44.636505745349588 ] ], [ [ -121.101918150481538, 44.636403465229783 ], [ -121.101992550413399, 44.636455337967213 ], [ -121.102088120867478, 44.636505745349588 ], [ -121.101918150481538, 44.636403465229783 ] ], [ [ -121.101668044745935, 44.635952623665737 ], [ -121.101769028412804, 44.63623339342589 ], [ -121.101918150481538, 44.636403465229783 ], [ -121.101668044745935, 44.635952623665737 ] ], [ [ -121.102748456018205, 44.635924611731483 ], [ -121.101663829867135, 44.635912264358275 ], [ -121.101668044745935, 44.635952623665737 ], [ -121.102748456018205, 44.635924611731483 ] ], [ [ -121.103526581441471, 44.636441731111503 ], [ -121.10291266965389, 44.636206903895143 ], [ -121.102753764289275, 44.636194146535871 ], [ -121.103526581441471, 44.636441731111503 ] ], [ [ -121.107156626157959, 44.63888484980675 ], [ -121.107229073049183, 44.638266222656519 ], [ -121.107209796984904, 44.638213117059642 ], [ -121.107156626157959, 44.63888484980675 ] ], [ [ -121.107190440846338, 44.639119228935058 ], [ -121.107201462019148, 44.638884941310408 ], [ -121.107156626157959, 44.63888484980675 ], [ -121.107190440846338, 44.639119228935058 ] ], [ [ -121.105790609283176, 44.644174817237243 ], [ -121.105861509111435, 44.644302508149536 ], [ -121.105953973591198, 44.644414127052734 ], [ -121.105790609283176, 44.644174817237243 ] ], [ [ -121.105292272591896, 44.643195023453131 ], [ -121.105627597751848, 44.643854322458132 ], [ -121.105790609283176, 44.644174817237243 ], [ -121.105292272591896, 44.643195023453131 ] ], [ [ -121.104572898987612, 44.641775396476298 ], [ -121.104621575475974, 44.641876258118401 ], [ -121.105292272591896, 44.643195023453131 ], [ -121.104572898987612, 44.641775396476298 ] ], [ [ -121.104062542721863, 44.639970962791061 ], [ -121.104412380092199, 44.64134250183232 ], [ -121.104572898987612, 44.641775396476298 ], [ -121.104062542721863, 44.639970962791061 ] ], [ [ -121.102705857108816, 44.639967047283058 ], [ -121.103870361129722, 44.639982984400739 ], [ -121.104062542721863, 44.639970962791061 ], [ -121.102705857108816, 44.639967047283058 ] ], [ [ -121.100221345626608, 44.640261191883077 ], [ -121.101438496040359, 44.640277875557913 ], [ -121.102778554314085, 44.640296228718732 ], [ -121.100221345626608, 44.640261191883077 ] ], [ [ -121.10314500093989, 44.643813265493719 ], [ -121.102381379726367, 44.643249910797863 ], [ -121.101913896416491, 44.642934875797224 ], [ -121.10314500093989, 44.643813265493719 ] ], [ [ -121.172500201229525, 44.592677874654726 ], [ -121.165041889808492, 44.592664863648444 ], [ -121.165460262180858, 44.592666244900975 ], [ -121.172500201229525, 44.592677874654726 ] ], [ [ -121.172517089457173, 44.590849298756034 ], [ -121.172535074072343, 44.588023978958404 ], [ -121.172500201229525, 44.592677874654726 ], [ -121.172517089457173, 44.590849298756034 ] ], [ [ -121.170045359625263, 44.587190645729727 ], [ -121.170040085932328, 44.588013559083691 ], [ -121.170042864217322, 44.587580160109916 ], [ -121.170045359625263, 44.587190645729727 ] ], [ [ -121.170051683914309, 44.586203157107654 ], [ -121.170046414106508, 44.587026064140296 ], [ -121.170049191047582, 44.586592666073621 ], [ -121.170051683914309, 44.586203157107654 ] ], [ [ -121.171201438646918, 44.586482275843515 ], [ -121.170625680233442, 44.586479868980021 ], [ -121.170817598450441, 44.58648067250104 ], [ -121.171201438646918, 44.586482275843515 ] ], [ [ -121.172566034989629, 44.583086524306474 ], [ -121.172544829765826, 44.586487878025203 ], [ -121.172553869643636, 44.585061507567858 ], [ -121.172566034989629, 44.583086524306474 ] ], [ [ -121.181348070187923, 44.582848459928996 ], [ -121.180901444728207, 44.583120938529113 ], [ -121.180966232368831, 44.583121203459775 ], [ -121.181348070187923, 44.582848459928996 ] ], [ [ -121.182065450047787, 44.583125700307669 ], [ -121.181273278827973, 44.583122459261169 ], [ -121.1817999346504, 44.583124616471373 ], [ -121.182065450047787, 44.583125700307669 ] ], [ [ -121.185165206170581, 44.589114929230234 ], [ -121.18517672942717, 44.581864886079074 ], [ -121.185170937974718, 44.585490388424383 ], [ -121.185165206170581, 44.589114929230234 ] ], [ [ -121.176522786396077, 44.591691953775374 ], [ -121.177724256590594, 44.590777479951448 ], [ -121.177483732420896, 44.590938939467463 ], [ -121.176522786396077, 44.591691953775374 ] ], [ [ -121.170014087564212, 44.596292252450461 ], [ -121.1700110399794, 44.595767182972772 ], [ -121.170009084939281, 44.596089902290622 ], [ -121.170014087564212, 44.596292252450461 ] ], [ [ -121.145479297396989, 44.624168628824435 ], [ -121.14481744214136, 44.624900476182759 ], [ -121.144922244290456, 44.62482368325626 ], [ -121.145479297396989, 44.624168628824435 ] ], [ [ -121.124743447312568, 44.646808389457604 ], [ -121.124528535019536, 44.64680707462972 ], [ -121.12493556506324, 44.646809569661123 ], [ -121.124743447312568, 44.646808389457604 ] ], [ [ -121.124527877002294, 44.647023391329625 ], [ -121.12452711274976, 44.647274720273757 ], [ -121.124528535019536, 44.64680707462972 ], [ -121.124527877002294, 44.647023391329625 ] ], [ [ -121.125312973113409, 44.647283460130751 ], [ -121.125505075080184, 44.647285594335209 ], [ -121.125120867339973, 44.647281322021456 ], [ -121.125312973113409, 44.647283460130751 ] ], [ [ -121.127587308635754, 44.649448567125454 ], [ -121.1279715322474, 44.649452830158786 ], [ -121.127395201879168, 44.649446433741787 ], [ -121.127587308635754, 44.649448567125454 ] ], [ [ -120.523163492539013, 43.092267127687869 ], [ -120.760776967230171, 43.092680801385477 ], [ -120.404652994063113, 43.092036279437011 ], [ -120.523163492539013, 43.092267127687869 ] ], [ [ -121.134627392936736, 44.642849175188992 ], [ -121.129572448246961, 44.642894922733639 ], [ -121.129862767784104, 44.642898332636435 ], [ -121.134627392936736, 44.642849175188992 ] ], [ [ -119.305496898559028, 44.995704242294103 ], [ -119.163869993760571, 44.996124850297178 ], [ -119.163856890888226, 44.996242967871275 ], [ -119.305496898559028, 44.995704242294103 ] ], [ [ -119.119684458334049, 44.996317258837308 ], [ -119.015751560896618, 44.996467000425532 ], [ -119.09566871853302, 44.996415843108402 ], [ -119.119684458334049, 44.996317258837308 ] ], [ [ -118.861293431452552, 44.998001163023275 ], [ -118.88829568205793, 44.998179863054432 ], [ -118.942070234060196, 44.997394101677557 ], [ -118.899934419765799, 44.997924272225958 ], [ -118.861293431452552, 44.998001163023275 ] ], [ [ -118.714450530786465, 44.99709860549801 ], [ -118.736288654629874, 44.997173878145098 ], [ -118.739157611986499, 44.997192865113732 ], [ -118.736978254992778, 44.997091378696091 ], [ -118.714450530786465, 44.99709860549801 ] ], [ [ -118.563382624373105, 44.996577895000115 ], [ -118.584140082611484, 44.996649443411911 ], [ -118.559810989670723, 44.996528238046722 ], [ -118.563382624373105, 44.996577895000115 ] ], [ [ -118.403225916427559, 44.976263741414478 ], [ -118.398846164582181, 44.974418474925891 ], [ -118.394839939640647, 44.973954347755779 ], [ -118.392291255581299, 44.972401170352519 ], [ -118.390416848459679, 44.972212808440212 ], [ -118.399371590725735, 44.97576290959983 ], [ -118.403225916427559, 44.976263741414478 ] ], [ [ -118.389452547672718, 44.973011792698571 ], [ -118.390245857043581, 44.974097924708524 ], [ -118.389952398547322, 44.972354698972929 ], [ -118.389452547672718, 44.973011792698571 ] ], [ [ -118.390769589490617, 44.977208910596076 ], [ -118.390508554929127, 44.975658378845289 ], [ -118.390536360541716, 44.977379182330196 ], [ -118.390769589490617, 44.977208910596076 ] ], [ [ -118.387293155379922, 44.979707818642986 ], [ -118.387490728945977, 44.983084664078916 ], [ -118.389743030586132, 44.977958359079658 ], [ -118.387293155379922, 44.979707818642986 ] ], [ [ -118.386895589460138, 44.983881911739218 ], [ -118.379072575444539, 44.979764072865287 ], [ -118.38141258867347, 44.981739911444578 ], [ -118.386895589460138, 44.983881911739218 ] ], [ [ -118.378094406491954, 44.980108986867826 ], [ -118.376531588015411, 44.981510912233865 ], [ -118.378599604549635, 44.979930848285257 ], [ -118.378094406491954, 44.980108986867826 ] ], [ [ -118.373526777241651, 44.981640611631484 ], [ -118.369037493441297, 44.983810883028639 ], [ -118.374883592956337, 44.981818685787346 ], [ -118.373526777241651, 44.981640611631484 ] ], [ [ -118.368381283853694, 44.984525155647951 ], [ -118.368699982602408, 44.984064062795561 ], [ -118.368439304700729, 44.984259606477394 ], [ -118.368381283853694, 44.984525155647951 ] ], [ [ -118.36679049106128, 44.986826656721 ], [ -118.367105935454106, 44.986370290607148 ], [ -118.366808740258222, 44.986633819530013 ], [ -118.36679049106128, 44.986826656721 ] ], [ [ -118.36388158694281, 44.991034914285947 ], [ -118.363957751479674, 44.990924732403954 ], [ -118.363016487201648, 44.991212592494236 ], [ -118.36388158694281, 44.991034914285947 ] ], [ [ -118.35647637660648, 44.988503137743798 ], [ -118.356291607123367, 44.988199286870042 ], [ -118.356072833182594, 44.988066865595982 ], [ -118.354947334701478, 44.987946117711132 ], [ -118.35642958550541, 44.988426914415278 ], [ -118.356449586119737, 44.990505914951271 ], [ -118.358402736697585, 44.992160176728241 ], [ -118.35647637660648, 44.988503137743798 ] ], [ [ -118.339118415866452, 44.97960738180744 ], [ -118.336198778101732, 44.978957437471486 ], [ -118.334582584025071, 44.976536939900974 ], [ -118.331430553713702, 44.975700562725777 ], [ -118.328883212284822, 44.972375176247255 ], [ -118.339118415866452, 44.97960738180744 ] ], [ [ -118.324685084356062, 44.971907220427141 ], [ -118.326937310618177, 44.97215219782386 ], [ -118.324709783530324, 44.971890032928179 ], [ -118.324685084356062, 44.971907220427141 ] ], [ [ -118.321325290988767, 44.973063375168302 ], [ -118.320389590027318, 44.974352022852692 ], [ -118.321389331339589, 44.973064011512726 ], [ -118.321325290988767, 44.973063375168302 ] ], [ [ -118.315901992949037, 44.974377117977973 ], [ -118.315368575380589, 44.974161917308322 ], [ -118.319061576268538, 44.976062917497131 ], [ -118.315901992949037, 44.974377117977973 ] ], [ [ -118.310969543286731, 44.971586794680285 ], [ -118.312352730759486, 44.971821584882221 ], [ -118.311081942313081, 44.971561047472477 ], [ -118.310969543286731, 44.971586794680285 ] ], [ [ -118.308632910668209, 44.972122043723999 ], [ -118.30847338236444, 44.970013047599181 ], [ -118.308376572984741, 44.972183918053304 ], [ -118.308632910668209, 44.972122043723999 ] ], [ [ -118.305337454046224, 44.969340422623908 ], [ -118.305264572697851, 44.969364918204342 ], [ -118.306700586453474, 44.96963280173717 ], [ -118.305337454046224, 44.969340422623908 ] ], [ [ -118.302457571058781, 44.968568918169808 ], [ -118.30371232476584, 44.968503801061175 ], [ -118.302406172200008, 44.968484185865478 ], [ -118.302457571058781, 44.968568918169808 ] ], [ [ -118.299849686540725, 44.963867097648553 ], [ -118.299543570592732, 44.963764917903042 ], [ -118.301890567560093, 44.967634191794204 ], [ -118.299849686540725, 44.963867097648553 ] ], [ [ -118.299258662711225, 44.960714324988615 ], [ -118.298836569271117, 44.960759918115215 ], [ -118.298928496702885, 44.963381933898155 ], [ -118.299258662711225, 44.960714324988615 ] ], [ [ -118.290275071607809, 44.962796185897332 ], [ -118.292181212650206, 44.9628839568648 ], [ -118.290983227057012, 44.962599345315034 ], [ -118.290275071607809, 44.962796185897332 ] ], [ [ -118.28966983274708, 44.963163763997315 ], [ -118.290222847153643, 44.962810702304772 ], [ -118.290038119789358, 44.962862049440687 ], [ -118.28966983274708, 44.963163763997315 ] ], [ [ -118.278217566951426, 44.961677175334678 ], [ -118.282356228507993, 44.962957472435043 ], [ -118.281288843909834, 44.962285328951168 ], [ -118.278217566951426, 44.961677175334678 ] ], [ [ -118.276760365169054, 44.9587714435051 ], [ -118.273451052529353, 44.957581960592236 ], [ -118.276926025158417, 44.95941698502056 ], [ -118.276760365169054, 44.9587714435051 ] ], [ [ -118.270399169583911, 44.957213121228925 ], [ -118.271266563662422, 44.957762920348365 ], [ -118.271701085307114, 44.95772692527752 ], [ -118.270399169583911, 44.957213121228925 ] ], [ [ -118.260625189090362, 44.956691446011682 ], [ -118.258806513364149, 44.956798220651692 ], [ -118.260465561386638, 44.956762921829124 ], [ -118.262865563083849, 44.958962921478111 ], [ -118.264188647145389, 44.959161383923146 ], [ -118.260625189090362, 44.956691446011682 ] ], [ [ -118.255765560610186, 44.956862921586648 ], [ -118.255812854472651, 44.956861915337726 ], [ -118.255381910185164, 44.956813945246751 ], [ -118.255765560610186, 44.956862921586648 ] ], [ [ -117.992149879622303, 44.643793439267057 ], [ -117.991858119013926, 44.658210944888637 ], [ -117.992149879903309, 44.643793439267938 ], [ -117.992149879622303, 44.643793439267057 ] ], [ [ -118.233814328945115, 44.644292715578494 ], [ -117.992149987991056, 44.643788083501612 ], [ -117.992149879903309, 44.643793439267938 ], [ -118.233814328945115, 44.644292715578494 ] ], [ [ -118.232058265974928, 43.349121795692056 ], [ -118.232074280204401, 43.435808802800004 ], [ -118.232142270615427, 43.374886797550879 ], [ -118.232058265974928, 43.349121795692056 ] ], [ [ -118.22744838568677, 44.039986852624629 ], [ -118.232074281044078, 43.436781803104061 ], [ -118.232074280204401, 43.435808802800004 ], [ -118.22744838568677, 44.039986852624629 ] ], [ [ -118.216701190260707, 42.91455276081912 ], [ -118.229062191755801, 42.914586759719214 ], [ -118.221318190547819, 42.914564760559337 ], [ -118.216701190260707, 42.91455276081912 ] ], [ [ -120.909468503499227, 44.822950207466704 ], [ -120.899304578670609, 44.822914494645204 ], [ -120.904386539206101, 44.822932422062529 ], [ -120.909468503499227, 44.822950207466704 ] ], [ [ -120.889142599512454, 44.822878722825436 ], [ -120.894224550754814, 44.822896675902278 ], [ -120.899304578670609, 44.822914494645204 ], [ -120.889142599512454, 44.822878722825436 ] ], [ [ -121.732226744643171, 45.175066830491694 ], [ -121.732018093433851, 45.174499235759335 ], [ -121.731474120045547, 45.174037191809845 ], [ -121.732226744643171, 45.175066830491694 ] ], [ [ -121.737074261479833, 45.179577943854802 ], [ -121.737312324403007, 45.1786866979471 ], [ -121.737074965836996, 45.178353745655215 ], [ -121.737074261479833, 45.179577943854802 ] ], [ [ -121.738237213809597, 45.181593458410987 ], [ -121.737964374992359, 45.181406713137086 ], [ -121.738477574150622, 45.181930582012676 ], [ -121.738237213809597, 45.181593458410987 ] ], [ [ -121.73924703080813, 45.182716027102437 ], [ -121.739142040343353, 45.182568775295877 ], [ -121.738908536280576, 45.182370500379385 ], [ -121.73924703080813, 45.182716027102437 ] ], [ [ -121.744268365138808, 45.185253735205848 ], [ -121.741951100185076, 45.183834906662334 ], [ -121.741232902678163, 45.183731567098242 ], [ -121.744268365138808, 45.185253735205848 ] ], [ [ -121.747460878434893, 45.204879032964726 ], [ -121.747520647793749, 45.204800474566625 ], [ -121.747546137865086, 45.204715069249545 ], [ -121.747460878434893, 45.204879032964726 ] ], [ [ -121.746817430971646, 45.205785760498834 ], [ -121.745826684056851, 45.206060911912544 ], [ -121.746273451050598, 45.205984011028342 ], [ -121.746817430971646, 45.205785760498834 ] ], [ [ -121.74230475496914, 45.206196895068103 ], [ -121.743282572810472, 45.206238235471943 ], [ -121.745161324996062, 45.206180577643416 ], [ -121.74230475496914, 45.206196895068103 ] ], [ [ -121.742187577463213, 45.206191941008996 ], [ -121.740411237639222, 45.205068496555789 ], [ -121.740405340079391, 45.205068233202432 ], [ -121.742187577463213, 45.206191941008996 ] ], [ [ -121.734382080227206, 45.208976388039112 ], [ -121.732400701649425, 45.209370890739329 ], [ -121.733897228519211, 45.209344191468233 ], [ -121.734382080227206, 45.208976388039112 ] ], [ [ -121.729573120913216, 45.210330548717295 ], [ -121.72800242870305, 45.211807022037547 ], [ -121.729131116368237, 45.211072391114044 ], [ -121.729573120913216, 45.210330548717295 ] ], [ [ -121.716160489252786, 45.211720029090692 ], [ -121.716723145174868, 45.211849510496918 ], [ -121.717011149393016, 45.211879506738704 ], [ -121.716160489252786, 45.211720029090692 ] ], [ [ -121.71508895877335, 45.211452401428168 ], [ -121.715565363332857, 45.211619509190456 ], [ -121.716072162371162, 45.211701155710884 ], [ -121.71508895877335, 45.211452401428168 ] ], [ [ -121.714215379394389, 45.211307917997964 ], [ -121.714013460967081, 45.211159128379265 ], [ -121.714010287254027, 45.2111615036291 ], [ -121.714215379394389, 45.211307917997964 ] ], [ [ -121.710424798233717, 45.215549677394492 ], [ -121.710054580474733, 45.217522567019913 ], [ -121.710460668517939, 45.216265758397434 ], [ -121.710424798233717, 45.215549677394492 ] ], [ [ -121.709626964634083, 45.219158242374768 ], [ -121.709630526840328, 45.219154405945112 ], [ -121.709635699667643, 45.219146573644508 ], [ -121.709626964634083, 45.219158242374768 ] ], [ [ -121.708606189089139, 45.220142341770597 ], [ -121.708758437274753, 45.220063563504091 ], [ -121.708996750723131, 45.219882926280015 ], [ -121.708606189089139, 45.220142341770597 ] ], [ [ -121.707585648619727, 45.220617241471807 ], [ -121.70773361357061, 45.220617807334143 ], [ -121.707961861086858, 45.220536545418945 ], [ -121.707585648619727, 45.220617241471807 ] ], [ [ -121.702782974356253, 45.223380069046677 ], [ -121.703844667092568, 45.222545243369879 ], [ -121.703891708901011, 45.222474031134695 ], [ -121.702782974356253, 45.223380069046677 ] ], [ [ -121.684341934750591, 45.232161593118697 ], [ -121.683385097368529, 45.230675640821602 ], [ -121.681929378467828, 45.229333487953618 ], [ -121.684341934750591, 45.232161593118697 ] ], [ [ -121.684383896679805, 45.233622232324215 ], [ -121.684579058869787, 45.233209507833635 ], [ -121.684448275925376, 45.232355912987572 ], [ -121.684383896679805, 45.233622232324215 ] ], [ [ -121.684234033269348, 45.236569888776835 ], [ -121.684270489092015, 45.236519434769292 ], [ -121.684298715810527, 45.235297669635905 ], [ -121.684234033269348, 45.236569888776835 ] ], [ [ -121.681334325289015, 45.244280035835033 ], [ -121.682771714834601, 45.243207459610026 ], [ -121.682825939598999, 45.242863120359999 ], [ -121.681334325289015, 45.244280035835033 ] ], [ [ -121.68071648751804, 45.244866922441055 ], [ -121.680851820626415, 45.244816782321024 ], [ -121.681005828402562, 45.244592077115442 ], [ -121.68071648751804, 45.244866922441055 ] ], [ [ -121.680085800330929, 45.249996976256149 ], [ -121.680489506838043, 45.248980980184342 ], [ -121.679628221211999, 45.250467233906882 ], [ -121.680085800330929, 45.249996976256149 ] ], [ [ -121.679669247509494, 45.250868987868678 ], [ -121.67973828650311, 45.25121596049577 ], [ -121.679729052343319, 45.250962055450756 ], [ -121.679669247509494, 45.250868987868678 ] ], [ [ -121.687527211754386, 45.251331245781074 ], [ -121.679760830926412, 45.251329262641015 ], [ -121.687534701550646, 45.251336789733223 ], [ -121.687527211754386, 45.251331245781074 ] ], [ [ -121.688766138174202, 45.252352782234951 ], [ -121.688617114778367, 45.252137987029307 ], [ -121.687597546230876, 45.25138330738573 ], [ -121.688766138174202, 45.252352782234951 ] ], [ [ -121.692165226612872, 45.254702495421455 ], [ -121.691403724650982, 45.254540887914189 ], [ -121.692721143209297, 45.254835899061447 ], [ -121.692165226612872, 45.254702495421455 ] ], [ [ -121.695682452039549, 45.255435200413466 ], [ -121.695681948911854, 45.255432437171656 ], [ -121.695676184481343, 45.255433932205349 ], [ -121.695682452039549, 45.255435200413466 ] ], [ [ -121.69576973129324, 45.256436444081885 ], [ -121.695689920912088, 45.255476220402279 ], [ -121.695438939158507, 45.256999137536816 ], [ -121.69576973129324, 45.256436444081885 ] ], [ [ -121.148278650250575, 44.664564090309213 ], [ -121.148586108251322, 44.650031928630575 ], [ -121.148308155777457, 44.65746762960061 ], [ -121.148278650250575, 44.664564090309213 ] ], [ [ -121.148470174355978, 44.664563656645413 ], [ -121.150728527245306, 44.664553351621649 ], [ -121.148278650250575, 44.664564090309213 ], [ -121.148470174355978, 44.664563656645413 ] ], [ [ -121.125160367212331, 44.663314957928598 ], [ -121.124551730237798, 44.662841555023135 ], [ -121.125103884770979, 44.663279676807136 ], [ -121.125160367212331, 44.663314957928598 ] ], [ [ -121.125801336550651, 44.663536734511339 ], [ -121.126478116146316, 44.663556012465932 ], [ -121.125160367212331, 44.663314957928598 ], [ -121.125801336550651, 44.663536734511339 ] ], [ [ -121.126798893576947, 44.663494066387315 ], [ -121.128015599452198, 44.663028553538062 ], [ -121.126478116146316, 44.663556012465932 ], [ -121.126798893576947, 44.663494066387315 ] ], [ [ -121.128087551497529, 44.662794011001459 ], [ -121.127549150635758, 44.662373522693969 ], [ -121.128015599452198, 44.663028553538062 ], [ -121.128087551497529, 44.662794011001459 ] ], [ [ -121.127336029264711, 44.660272012838632 ], [ -121.127502921974013, 44.660808852410696 ], [ -121.127483440863344, 44.660601427470667 ], [ -121.127336029264711, 44.660272012838632 ] ], [ [ -121.127663396856249, 44.658224157410572 ], [ -121.127544507209265, 44.658671006264413 ], [ -121.127613397494812, 44.658541380049471 ], [ -121.127663396856249, 44.658224157410572 ] ], [ [ -121.128400148514231, 44.652271085973858 ], [ -121.128394268100507, 44.652390142816017 ], [ -121.128395614409129, 44.652372303266603 ], [ -121.128400148514231, 44.652271085973858 ] ], [ [ -121.128832640201594, 44.65226675792956 ], [ -121.12889824983732, 44.65225624888123 ], [ -121.128400148514231, 44.652271085973858 ], [ -121.128832640201594, 44.65226675792956 ] ], [ [ -121.129117432358569, 44.652175237306949 ], [ -121.129400947873961, 44.652038680284548 ], [ -121.12889824983732, 44.65225624888123 ], [ -121.129117432358569, 44.652175237306949 ] ], [ [ -121.13291563218516, 44.650048583910753 ], [ -121.133017050539365, 44.650048325394451 ], [ -121.12988139028532, 44.64874390659952 ], [ -121.13291563218516, 44.650048583910753 ] ], [ [ -121.13000309738419, 44.647917518595897 ], [ -121.129962404964303, 44.648187766921147 ], [ -121.12988139028532, 44.64874390659952 ], [ -121.13000309738419, 44.647917518595897 ] ], [ [ -121.797514008958728, 44.699828853320419 ], [ -121.796578407999377, 44.699310279962056 ], [ -121.797514715292266, 44.699833376137079 ], [ -121.797514008958728, 44.699828853320419 ] ], [ [ -121.798439702752148, 44.70130152929665 ], [ -121.79771293049086, 44.700968634172192 ], [ -121.798490666031569, 44.701347223530689 ], [ -121.798439702752148, 44.70130152929665 ] ], [ [ -121.801107525629874, 44.703919547320794 ], [ -121.800968276368266, 44.70356222910182 ], [ -121.801185592383561, 44.70411986838937 ], [ -121.801107525629874, 44.703919547320794 ] ], [ [ -121.783971560951386, 44.772377188148916 ], [ -121.779814135399022, 44.775597285531845 ], [ -121.78470124983798, 44.771870239601924 ], [ -121.783971560951386, 44.772377188148916 ] ], [ [ -121.789326886530759, 44.773153000705719 ], [ -121.788951495028357, 44.77295664782276 ], [ -121.78470124983798, 44.771870239601924 ], [ -121.789326886530759, 44.773153000705719 ] ], [ [ -121.792080997797115, 44.77231444323278 ], [ -121.791511206040909, 44.77230436521269 ], [ -121.796084067581845, 44.772858948707785 ], [ -121.792080997797115, 44.77231444323278 ] ], [ [ -121.796945644240978, 44.774359976222165 ], [ -121.796500429064722, 44.773159939376178 ], [ -121.796084067581845, 44.772858948707785 ], [ -121.796945644240978, 44.774359976222165 ] ], [ [ -121.80478426166114, 44.778171074829672 ], [ -121.804731256710568, 44.777515835700534 ], [ -121.804523553902229, 44.779197277161757 ], [ -121.80478426166114, 44.778171074829672 ] ], [ [ -121.806823306722194, 44.780614144321959 ], [ -121.80495955598991, 44.779411635824111 ], [ -121.804523553902229, 44.779197277161757 ], [ -121.806823306722194, 44.780614144321959 ] ], [ [ -121.808639796988444, 44.781779552975856 ], [ -121.807568064349326, 44.782071642189656 ], [ -121.809484246200881, 44.781792097254218 ], [ -121.808639796988444, 44.781779552975856 ] ], [ [ -121.812486756224246, 44.781618642236609 ], [ -121.811199843173512, 44.781856776910459 ], [ -121.812609610202514, 44.783510665143297 ], [ -121.812486756224246, 44.781618642236609 ] ], [ [ -121.815009942954759, 44.78508877262415 ], [ -121.814309011426047, 44.784674030552623 ], [ -121.81672149096525, 44.786313482143704 ], [ -121.815009942954759, 44.78508877262415 ] ], [ [ -121.818305972285074, 44.787912857313493 ], [ -121.817400963005369, 44.786815321116812 ], [ -121.81672149096525, 44.786313482143704 ], [ -121.818305972285074, 44.787912857313493 ] ], [ [ -121.818916455647226, 44.788774774793303 ], [ -121.81850094926375, 44.788188138659585 ], [ -121.818305972285074, 44.787912857313493 ], [ -121.818916455647226, 44.788774774793303 ] ], [ [ -121.818667027031225, 44.790056709084446 ], [ -121.819255771049214, 44.789711691233819 ], [ -121.818916455647226, 44.788774774793303 ], [ -121.818667027031225, 44.790056709084446 ] ], [ [ -121.818270127398151, 44.793162960817796 ], [ -121.816537749107724, 44.792974391209796 ], [ -121.81954645704343, 44.794043009593992 ], [ -121.818270127398151, 44.793162960817796 ] ], [ [ -121.82016540328253, 44.794959657894957 ], [ -121.820231896429362, 44.794660216862191 ], [ -121.81954645704343, 44.794043009593992 ], [ -121.82016540328253, 44.794959657894957 ] ], [ [ -121.820192924677698, 44.798380363431548 ], [ -121.819858397724801, 44.79694684640279 ], [ -121.820255722246657, 44.799075296113195 ], [ -121.820192924677698, 44.798380363431548 ] ], [ [ -121.819654269194373, 44.800758248500188 ], [ -121.820205694872726, 44.800391646595386 ], [ -121.820255722246657, 44.799075296113195 ], [ -121.819654269194373, 44.800758248500188 ] ], [ [ -121.815784947095906, 44.803778568294099 ], [ -121.817536454367072, 44.802689313501958 ], [ -121.814589361965474, 44.804032718186761 ], [ -121.815784947095906, 44.803778568294099 ] ], [ [ -121.812368190070615, 44.805669065953822 ], [ -121.813108770145902, 44.805431128360638 ], [ -121.810377823355097, 44.805887473893755 ], [ -121.812368190070615, 44.805669065953822 ] ], [ [ -121.812229730480865, 44.811572167905695 ], [ -121.811749229547047, 44.809495557671923 ], [ -121.811675125699196, 44.811238206877647 ], [ -121.812229730480865, 44.811572167905695 ] ], [ [ -121.808645104063615, 44.811421229853735 ], [ -121.808762544203617, 44.8108963252593 ], [ -121.805570365659136, 44.812044910568666 ], [ -121.808645104063615, 44.811421229853735 ] ], [ [ -121.801297758681798, 44.812097266637451 ], [ -121.803851137845641, 44.812140510816029 ], [ -121.805570365659136, 44.812044910568666 ], [ -121.801297758681798, 44.812097266637451 ] ], [ [ -121.796400299323238, 44.81198876879747 ], [ -121.79912176226938, 44.812085820773206 ], [ -121.801297758681798, 44.812097266637451 ], [ -121.796400299323238, 44.81198876879747 ] ], [ [ -121.794610820097802, 44.812675290488237 ], [ -121.79516997966671, 44.812676798683064 ], [ -121.796400299323238, 44.81198876879747 ], [ -121.794610820097802, 44.812675290488237 ] ], [ [ -121.790819361687852, 44.81492865551489 ], [ -121.790878891191255, 44.813905373191091 ], [ -121.790195919577428, 44.815434524118231 ], [ -121.790819361687852, 44.81492865551489 ] ], [ [ -121.782767005977234, 44.818497515137267 ], [ -121.784977642858436, 44.817133353213919 ], [ -121.781232972959629, 44.819069221467437 ], [ -121.782767005977234, 44.818497515137267 ] ], [ [ -121.759808370568422, 44.825529672281718 ], [ -121.760002165702645, 44.825433665188839 ], [ -121.689912146500191, 44.825473496718665 ], [ -121.759808370568422, 44.825529672281718 ] ], [ [ -121.654326427830554, 44.825459533647901 ], [ -121.669568336201053, 44.825465630761705 ], [ -121.644169034914384, 44.82545546447578 ], [ -121.654326427830554, 44.825459533647901 ] ], [ [ -121.511987865144576, 44.825406026916959 ], [ -121.562600283573929, 44.825423270670839 ], [ -121.492470153002031, 44.825321274880729 ], [ -121.511987865144576, 44.825406026916959 ] ], [ [ -121.446699724875614, 44.825061788950308 ], [ -121.462029587213678, 44.825179368202242 ], [ -121.492470153002031, 44.825321274880729 ], [ -121.446699724875614, 44.825061788950308 ] ], [ [ -121.369864980857642, 44.824860800504524 ], [ -121.400774666121166, 44.824977381900823 ], [ -121.334034416889281, 44.824555097761788 ], [ -121.369864980857642, 44.824860800504524 ] ], [ [ -121.257356196673101, 44.825096588690691 ], [ -121.277839043098624, 44.824946000961198 ], [ -121.250197949246854, 44.824996747138947 ], [ -121.257356196673101, 44.825096588690691 ] ], [ [ -121.154996202127819, 44.825107218415923 ], [ -121.191024163628867, 44.824952431774996 ], [ -121.139644765448153, 44.825019110150095 ], [ -121.154996202127819, 44.825107218415923 ] ], [ [ -121.787394650534281, 44.690314729708064 ], [ -121.787305872101697, 44.689838178052 ], [ -121.787205937626069, 44.689301749764489 ], [ -121.787394650534281, 44.690314729708064 ] ], [ [ -121.787887945558751, 44.68846149889287 ], [ -121.788869751965478, 44.687063097028194 ], [ -121.787205937626069, 44.689301749764489 ], [ -121.787887945558751, 44.68846149889287 ] ], [ [ -121.793627128085518, 44.695282479744861 ], [ -121.793342047679658, 44.69460093617792 ], [ -121.793253489200467, 44.69455840431575 ], [ -121.793627128085518, 44.695282479744861 ] ], [ [ -121.792907858167013, 44.694392419065522 ], [ -121.791777627781144, 44.694189232141881 ], [ -121.793253489200467, 44.69455840431575 ], [ -121.792907858167013, 44.694392419065522 ] ], [ [ -121.790619749453143, 44.693071885299233 ], [ -121.790047023957257, 44.692806468211032 ], [ -121.791777627781144, 44.694189232141881 ], [ -121.790619749453143, 44.693071885299233 ] ], [ [ -121.090006373875624, 44.823264320927528 ], [ -121.086402902564245, 44.823296621631755 ], [ -121.089555527078261, 44.823275063542788 ], [ -121.090006373875624, 44.823264320927528 ] ], [ [ -121.733322699400276, 44.888387382148586 ], [ -121.733976398533997, 44.888839869410226 ], [ -121.733811845540956, 44.888607879202347 ], [ -121.733322699400276, 44.888387382148586 ] ], [ [ -121.729971505440062, 44.890790992289155 ], [ -121.727590634170056, 44.891300705682255 ], [ -121.729809911202224, 44.890880949972093 ], [ -121.729971505440062, 44.890790992289155 ] ], [ [ -121.725876082666957, 44.892274316301901 ], [ -121.724915933530127, 44.893605876922095 ], [ -121.725522824878809, 44.893090070259909 ], [ -121.725876082666957, 44.892274316301901 ] ], [ [ -121.72404483736139, 44.89481390981986 ], [ -121.723727655292592, 44.895253770420283 ], [ -121.723946912977624, 44.895016168809974 ], [ -121.72404483736139, 44.89481390981986 ] ], [ [ -121.714048360995079, 44.902157719363807 ], [ -121.713762888509891, 44.902998942608058 ], [ -121.713911045825569, 44.902786744598409 ], [ -121.714048360995079, 44.902157719363807 ] ], [ [ -121.713711813440113, 44.903946700875935 ], [ -121.713628648051838, 44.906142252724628 ], [ -121.713668436155885, 44.905926113733742 ], [ -121.713711813440113, 44.903946700875935 ] ], [ [ -121.714241654583276, 44.906144105411428 ], [ -121.713624704174819, 44.906246368312473 ], [ -121.714800667643047, 44.906241890543981 ], [ -121.714241654583276, 44.906144105411428 ] ], [ [ -121.723100375524666, 44.906210287366605 ], [ -121.723241389039927, 44.906176801290222 ], [ -121.722363340721969, 44.906213093808447 ], [ -121.723100375524666, 44.906210287366605 ] ], [ [ -121.725129715732109, 44.905728383868635 ], [ -121.725314169682477, 44.905684581745156 ], [ -121.725179666213009, 44.905706786183757 ], [ -121.725129715732109, 44.905728383868635 ] ], [ [ -121.725922889574747, 44.905540029310707 ], [ -121.727018293643056, 44.905279903291941 ], [ -121.726346615574244, 44.905356796257564 ], [ -121.725922889574747, 44.905540029310707 ] ], [ [ -121.727537497328271, 44.905156607385081 ], [ -121.727591252219568, 44.905143842133022 ], [ -121.727583147746984, 44.905136868549683 ], [ -121.727537497328271, 44.905156607385081 ] ], [ [ -121.729521438615308, 44.906029791165352 ], [ -121.72967239642503, 44.906099413265643 ], [ -121.729571099743438, 44.906043091906284 ], [ -121.729521438615308, 44.906029791165352 ] ], [ [ -121.731793926441739, 44.907077859027183 ], [ -121.732339987167663, 44.907329698539691 ], [ -121.731802618593136, 44.90707926621981 ], [ -121.731793926441739, 44.907077859027183 ] ], [ [ -121.733960613313656, 44.907859118701936 ], [ -121.732566655710258, 44.907434236213987 ], [ -121.734500942417327, 44.908159486228072 ], [ -121.733960613313656, 44.907859118701936 ] ], [ [ -121.735068407009038, 44.90837225217615 ], [ -121.73507305543923, 44.908373995061652 ], [ -121.735072940066487, 44.908373754977205 ], [ -121.735068407009038, 44.90837225217615 ] ], [ [ -121.738848993911716, 44.910694847125619 ], [ -121.737825195963239, 44.910343770003621 ], [ -121.737274781402022, 44.910223423414905 ], [ -121.738848993911716, 44.910694847125619 ] ], [ [ -121.744474113355139, 44.91421758142674 ], [ -121.742959153694812, 44.912992617146678 ], [ -121.74121861982816, 44.912176733554723 ], [ -121.744474113355139, 44.91421758142674 ] ], [ [ -121.744504211349877, 44.914236449327177 ], [ -121.744506962406575, 44.914238173915635 ], [ -121.74451167197229, 44.914238922234858 ], [ -121.744504211349877, 44.914236449327177 ] ], [ [ -121.745491854940795, 44.914394666690811 ], [ -121.745515416520462, 44.914398410461551 ], [ -121.745509567415596, 44.914394215852226 ], [ -121.745491854940795, 44.914394666690811 ] ], [ [ -121.746262325931781, 44.915252410559589 ], [ -121.745971409679044, 44.914725419069931 ], [ -121.745534454666185, 44.914412063417494 ], [ -121.746262325931781, 44.915252410559589 ] ], [ [ -121.74648099784342, 44.918170566572741 ], [ -121.746328949193995, 44.917110179987013 ], [ -121.746320121336524, 44.918658843798163 ], [ -121.74648099784342, 44.918170566572741 ] ], [ [ -121.747078697315814, 44.926378013011714 ], [ -121.747421217851553, 44.927720296302141 ], [ -121.747284828108917, 44.926940780327776 ], [ -121.747078697315814, 44.926378013011714 ] ], [ [ -121.757082768552792, 44.936738422657342 ], [ -121.756908140528026, 44.936602827364688 ], [ -121.756765092501738, 44.936552486484608 ], [ -121.757082768552792, 44.936738422657342 ] ], [ [ -121.757286592396156, 44.936905547890397 ], [ -121.757341494344331, 44.936980597048645 ], [ -121.757339836909395, 44.936904959312152 ], [ -121.757286592396156, 44.936905547890397 ] ], [ [ -121.757356026931674, 44.937000462601361 ], [ -121.757468483600405, 44.936993538297315 ], [ -121.757351904314049, 44.936994827123947 ], [ -121.757356026931674, 44.937000462601361 ] ], [ [ -121.757595234327809, 44.937082134503079 ], [ -121.757597779163603, 44.937083003378518 ], [ -121.757597131876508, 44.93708211352287 ], [ -121.757595234327809, 44.937082134503079 ] ], [ [ -121.759104097426629, 44.938554368240361 ], [ -121.759565768924844, 44.939007986314436 ], [ -121.759403457820127, 44.938662669458999 ], [ -121.759104097426629, 44.938554368240361 ] ], [ [ -121.771894002471001, 44.938235505041966 ], [ -121.773315739192299, 44.937316875297512 ], [ -121.771879779911529, 44.938229983022644 ], [ -121.769236925323085, 44.938349722308836 ], [ -121.767590779215837, 44.939444412668195 ], [ -121.760006275554531, 44.939440805380166 ], [ -121.767605000396685, 44.939449935237178 ], [ -121.769251147657911, 44.93835524465851 ], [ -121.771894002471001, 44.938235505041966 ] ], [ [ -121.778658005237858, 44.935495949792859 ], [ -121.775836900319291, 44.93677178528354 ], [ -121.776798502625695, 44.936560582314478 ], [ -121.778658005237858, 44.935495949792859 ] ], [ [ -121.790155648212419, 44.934903427782018 ], [ -121.7907415043084, 44.934873235984028 ], [ -121.790727563159507, 44.934867701715753 ], [ -121.790155648212419, 44.934903427782018 ] ], [ [ -121.793366632260103, 44.935824279759323 ], [ -121.790743592104874, 44.934874064784076 ], [ -121.794843156464083, 44.936790540905122 ], [ -121.793366632260103, 44.935824279759323 ] ], [ [ -121.794955165193201, 44.936842902169893 ], [ -121.795031856094695, 44.936878753210642 ], [ -121.794971046600693, 44.936842721357174 ], [ -121.794955165193201, 44.936842902169893 ] ], [ [ -121.786600591893773, 44.944118990300467 ], [ -121.78735542568667, 44.943519155065189 ], [ -121.788495847907669, 44.942204513514731 ], [ -121.786600591893773, 44.944118990300467 ] ], [ [ -121.785137328159109, 44.95218498151889 ], [ -121.785471209743704, 44.953865936816307 ], [ -121.785380985317175, 44.952654532746713 ], [ -121.785137328159109, 44.95218498151889 ] ], [ [ -121.789063958573877, 44.959150643210613 ], [ -121.788770268147914, 44.958363742623867 ], [ -121.788420825114855, 44.958079462582099 ], [ -121.789063958573877, 44.959150643210613 ] ], [ [ -121.792132420324108, 44.961801143500558 ], [ -121.791718469610785, 44.961300784343386 ], [ -121.789171112790655, 44.959270542895815 ], [ -121.792132420324108, 44.961801143500558 ] ], [ [ -121.792847492929738, 44.963810719135139 ], [ -121.792863933310628, 44.9633164762813 ], [ -121.792350826664361, 44.962324733265788 ], [ -121.792847492929738, 44.963810719135139 ] ], [ [ -121.793928547999286, 44.966329388752769 ], [ -121.792959531059992, 44.964145922968093 ], [ -121.79387133600018, 44.966873854522888 ], [ -121.793928547999286, 44.966329388752769 ] ], [ [ -121.793946061477413, 44.967097411924541 ], [ -121.794950371999946, 44.970101939181355 ], [ -121.794647701196212, 44.968481741125068 ], [ -121.793946061477413, 44.967097411924541 ] ], [ [ -121.795514665804546, 44.97175203362216 ], [ -121.796015458080944, 44.972374806841145 ], [ -121.795959937871928, 44.9721550284833 ], [ -121.795514665804546, 44.97175203362216 ] ], [ [ -121.796337102686095, 44.972774792762351 ], [ -121.796365160475858, 44.97280968431086 ], [ -121.796354444014554, 44.972780525573839 ], [ -121.796337102686095, 44.972774792762351 ] ], [ [ -121.796859973868649, 44.973669938976975 ], [ -121.797047900244124, 44.974547451946918 ], [ -121.797072674753409, 44.97451192904181 ], [ -121.796859973868649, 44.973669938976975 ] ], [ [ -121.799479658733105, 44.976374217942173 ], [ -121.798320929372863, 44.976132215831086 ], [ -121.80099556995583, 44.976911734758744 ], [ -121.799479658733105, 44.976374217942173 ] ], [ [ -121.801582671666594, 44.97971518050241 ], [ -121.801266718220191, 44.980227120642979 ], [ -121.801590925928068, 44.979875591541983 ], [ -121.801582671666594, 44.97971518050241 ] ], [ [ -121.801459162837986, 44.985412131914714 ], [ -121.800699636844115, 44.982734184578028 ], [ -121.801667964089532, 44.987277433685477 ], [ -121.801459162837986, 44.985412131914714 ] ], [ [ -121.801931473608136, 44.989026692832248 ], [ -121.801886756208873, 44.990174856269384 ], [ -121.801925615218138, 44.98999583349935 ], [ -121.801931473608136, 44.989026692832248 ] ], [ [ -121.801113457510652, 44.993721384636707 ], [ -121.801567564374309, 44.993149737797275 ], [ -121.801617224547741, 44.993078544314194 ], [ -121.801113457510652, 44.993721384636707 ] ], [ [ -121.801016113403165, 44.994360349998367 ], [ -121.801041381906686, 44.995433123530304 ], [ -121.801044535630382, 44.994912483703168 ], [ -121.801016113403165, 44.994360349998367 ] ], [ [ -121.801331242018335, 44.996709172695056 ], [ -121.801055154036689, 44.995937407437289 ], [ -121.801505283846268, 45.000089601160646 ], [ -121.801331242018335, 44.996709172695056 ] ], [ [ -121.802729055133213, 45.002477090003644 ], [ -121.802586738595508, 45.001592292217275 ], [ -121.80154149871862, 45.000351981637678 ], [ -121.802729055133213, 45.002477090003644 ] ], [ [ -121.802864146587325, 45.002718828455649 ], [ -121.803006284702633, 45.002973175404762 ], [ -121.802998932104728, 45.002944098201212 ], [ -121.802864146587325, 45.002718828455649 ] ], [ [ -121.803844202600658, 45.010520024441391 ], [ -121.804276595716615, 45.012077028371579 ], [ -121.804205313505861, 45.011456427582992 ], [ -121.803844202600658, 45.010520024441391 ] ], [ [ -121.804179622600415, 45.012196432811137 ], [ -121.80073332925916, 45.013224444096991 ], [ -121.801965212608039, 45.013129929893708 ], [ -121.804179622600415, 45.012196432811137 ] ], [ [ -121.792205754662575, 45.016602773898924 ], [ -121.792188896095382, 45.016612853448265 ], [ -121.792205977606613, 45.016612659659089 ], [ -121.792205754662575, 45.016602773898924 ] ], [ [ -121.792080555003722, 45.016677629336648 ], [ -121.79203546082681, 45.016704590603013 ], [ -121.792081151289608, 45.016704072297138 ], [ -121.792080555003722, 45.016677629336648 ] ], [ [ -121.791955356275025, 45.016752484120403 ], [ -121.791882019521267, 45.01679633122022 ], [ -121.791956325924147, 45.016795488382151 ], [ -121.791955356275025, 45.016752484120403 ] ], [ [ -121.791830158476444, 45.016827338250209 ], [ -121.791728584454575, 45.016888067960309 ], [ -121.7918315013479, 45.016886900715612 ], [ -121.791830158476444, 45.016827338250209 ] ], [ [ -121.791706155196451, 45.016955137437563 ], [ -121.791491549392305, 45.017987725637809 ], [ -121.79172290463562, 45.01769811234211 ], [ -121.791706155196451, 45.016955137437563 ] ], [ [ -121.791471426429226, 45.018012915737472 ], [ -121.791462211668389, 45.018008584245798 ], [ -121.791470747183155, 45.018013766023415 ], [ -121.791471426429226, 45.018012915737472 ] ], [ [ -121.786812125535192, 45.015822722343174 ], [ -121.787411203492212, 45.016139891394538 ], [ -121.787549101376726, 45.016169157493628 ], [ -121.786812125535192, 45.015822722343174 ] ], [ [ -121.782306986632804, 45.01515963539935 ], [ -121.783613771145781, 45.015496562651954 ], [ -121.786746003513784, 45.015812990257238 ], [ -121.782306986632804, 45.01515963539935 ] ], [ [ -121.779603020301266, 45.022165947880616 ], [ -121.779380539885594, 45.022393666965897 ], [ -121.779580035359757, 45.022200940724893 ], [ -121.779603020301266, 45.022165947880616 ] ], [ [ -121.779059195447829, 45.022787467658851 ], [ -121.779220459058337, 45.023361679666493 ], [ -121.779222094575488, 45.023108318814415 ], [ -121.779059195447829, 45.022787467658851 ] ], [ [ -121.777732225814873, 45.025329310031168 ], [ -121.777834831849191, 45.029845191743881 ], [ -121.777849243796368, 45.027619340381179 ], [ -121.777732225814873, 45.025329310031168 ] ], [ [ -121.780020089793638, 45.033302119041245 ], [ -121.779069858994603, 45.032833987857067 ], [ -121.78091213883215, 45.034358778612301 ], [ -121.780020089793638, 45.033302119041245 ] ], [ [ -121.779303099480927, 45.035090710537126 ], [ -121.780240095685116, 45.03470317691044 ], [ -121.780362612656802, 45.034635073837876 ], [ -121.779303099480927, 45.035090710537126 ] ], [ [ -121.779126517061712, 45.035194832070282 ], [ -121.77848859824222, 45.036088289812795 ], [ -121.778991248811423, 45.035617177931165 ], [ -121.779126517061712, 45.035194832070282 ] ], [ [ -121.778051578391953, 45.03670036398362 ], [ -121.777455831696756, 45.037534734677841 ], [ -121.777985825499158, 45.036961017815152 ], [ -121.778051578391953, 45.03670036398362 ] ], [ [ -121.773814380497384, 45.038701132539408 ], [ -121.773267560207231, 45.038873450594096 ], [ -121.773477844410039, 45.038828841940003 ], [ -121.773814380497384, 45.038701132539408 ] ], [ [ -121.769507708681232, 45.040058268767154 ], [ -121.770598204413361, 45.039825954339676 ], [ -121.770970184803105, 45.039597410854903 ], [ -121.769507708681232, 45.040058268767154 ] ], [ [ -121.768049310919025, 45.039701443926504 ], [ -121.768421100451206, 45.039875216434737 ], [ -121.768813528691496, 45.039938462451218 ], [ -121.768049310919025, 45.039701443926504 ] ], [ [ -121.764160751101286, 45.039760736570649 ], [ -121.766970715157626, 45.039905282797477 ], [ -121.767751657881291, 45.03970598253332 ], [ -121.764160751101286, 45.039760736570649 ] ], [ [ -121.76411788681483, 45.039756040461292 ], [ -121.764110085413563, 45.03975238616006 ], [ -121.764114708055487, 45.039755692203954 ], [ -121.76411788681483, 45.039756040461292 ] ], [ [ -121.762111488542857, 45.038816203702396 ], [ -121.762694476225676, 45.039218846387023 ], [ -121.763211625308884, 45.039331531502754 ], [ -121.762111488542857, 45.038816203702396 ] ], [ [ -121.758608669281344, 45.038540311962464 ], [ -121.758605813094647, 45.038539103973825 ], [ -121.758607496294644, 45.038540307952807 ], [ -121.758608669281344, 45.038540311962464 ] ], [ [ -121.756296324677677, 45.037806956966726 ], [ -121.753889119104741, 45.037239902082113 ], [ -121.754601047876335, 45.037557614167902 ], [ -121.756296324677677, 45.037806956966726 ] ], [ [ -121.750960220167826, 45.03654604154773 ], [ -121.750882310415335, 45.036407643068813 ], [ -121.750948515835375, 45.036545013582455 ], [ -121.750960220167826, 45.03654604154773 ] ], [ [ -121.750305214863687, 45.03538248311137 ], [ -121.750190543114854, 45.035310612791051 ], [ -121.750571342164349, 45.035855237351612 ], [ -121.750305214863687, 45.03538248311137 ] ], [ [ -121.748788835495276, 45.034432087668876 ], [ -121.749140568474701, 45.034688405407756 ], [ -121.74944489211623, 45.034843275115158 ], [ -121.748788835495276, 45.034432087668876 ] ], [ [ -121.748731759655669, 45.034425278318714 ], [ -121.746002635169091, 45.034099683139715 ], [ -121.746467950016196, 45.034357688971433 ], [ -121.748731759655669, 45.034425278318714 ] ], [ [ -121.739025033914785, 45.034795040004056 ], [ -121.739747389116999, 45.034655382700727 ], [ -121.735425791170542, 45.034920388839915 ], [ -121.739025033914785, 45.034795040004056 ] ], [ [ -121.730119498336435, 45.036029459857126 ], [ -121.735159488232938, 45.034941002452484 ], [ -121.727956611984538, 45.036177988555039 ], [ -121.730119498336435, 45.036029459857126 ] ], [ [ -121.727829229875411, 45.03621105687175 ], [ -121.725734829462212, 45.036935747992544 ], [ -121.726915983126062, 45.03671810193331 ], [ -121.727829229875411, 45.03621105687175 ] ], [ [ -121.716825165635356, 45.037803575229873 ], [ -121.717184658187776, 45.037663951858363 ], [ -121.717698183493269, 45.037378942004977 ], [ -121.716825165635356, 45.037803575229873 ] ], [ [ -121.716789053729116, 45.037821139883121 ], [ -121.716503717307134, 45.037959925923104 ], [ -121.716622540696832, 45.037941393767888 ], [ -121.716789053729116, 45.037821139883121 ] ], [ [ -121.716290747561843, 45.038063512996864 ], [ -121.717212586695624, 45.038226525199406 ], [ -121.716849784007209, 45.038095978499499 ], [ -121.716290747561843, 45.038063512996864 ] ], [ [ -121.718500641969243, 45.040904413499192 ], [ -121.719809923167546, 45.042194184184844 ], [ -121.719722116539799, 45.041845110331771 ], [ -121.718500641969243, 45.040904413499192 ] ], [ [ -121.720987305600516, 45.046083942020765 ], [ -121.72103476193908, 45.043992720555458 ], [ -121.720888881397059, 45.043325699329415 ], [ -121.720987305600516, 45.046083942020765 ] ], [ [ -121.702690022945319, 45.056367718748142 ], [ -121.706918070667314, 45.056317837549443 ], [ -121.707535056553994, 45.056114309519529 ], [ -121.702690022945319, 45.056367718748142 ] ], [ [ -121.697640759891982, 45.059262717994507 ], [ -121.699130263803966, 45.05871466098484 ], [ -121.702327974353693, 45.056466095147783 ], [ -121.697640759891982, 45.059262717994507 ] ], [ [ -121.690855910471399, 45.064965809886026 ], [ -121.691384621971963, 45.064648058256793 ], [ -121.691608280456762, 45.064211072635082 ], [ -121.690855910471399, 45.064965809886026 ] ], [ [ -121.690481114107186, 45.065341781795574 ], [ -121.689386554727307, 45.066439760095456 ], [ -121.690321849376801, 45.065874846673339 ], [ -121.690481114107186, 45.065341781795574 ] ], [ [ -121.688261543293677, 45.066856208118452 ], [ -121.688382354885533, 45.06683928919832 ], [ -121.689160362776207, 45.066541981177188 ], [ -121.688261543293677, 45.066856208118452 ] ], [ [ -121.683304525443532, 45.067763056078007 ], [ -121.682868891475465, 45.067950653210225 ], [ -121.683070185123825, 45.067884491015441 ], [ -121.683304525443532, 45.067763056078007 ] ], [ [ -121.682687811115386, 45.068028631696343 ], [ -121.681724648725535, 45.068443395734263 ], [ -121.682239255659283, 45.068408694642415 ], [ -121.682687811115386, 45.068028631696343 ] ], [ [ -121.677523463675044, 45.0679476059819 ], [ -121.677869809037304, 45.06823007852212 ], [ -121.678369251248654, 45.068196432804179 ], [ -121.677523463675044, 45.0679476059819 ] ], [ [ -121.676420721944879, 45.068153530362693 ], [ -121.675915507886415, 45.068247873050609 ], [ -121.676161991553826, 45.068259355433803 ], [ -121.676420721944879, 45.068153530362693 ] ], [ [ -121.658769395393747, 45.068361423688906 ], [ -121.659070663619076, 45.068491006918741 ], [ -121.674344127600008, 45.068414553347161 ], [ -121.658769395393747, 45.068361423688906 ] ], [ [ -121.659324055927499, 45.070440633639436 ], [ -121.659428286859153, 45.070238932450735 ], [ -121.659376830141028, 45.069085409611091 ], [ -121.659324055927499, 45.070440633639436 ] ], [ [ -121.659194009685152, 45.073780040186911 ], [ -121.659550363761298, 45.073401573117145 ], [ -121.659302230281554, 45.071001099483126 ], [ -121.659194009685152, 45.073780040186911 ] ], [ [ -121.659198037398085, 45.073820755294136 ], [ -121.659757860110346, 45.076025538487976 ], [ -121.659748135300958, 45.074933034506614 ], [ -121.659198037398085, 45.073820755294136 ] ], [ [ -121.657319821037845, 45.082180830913451 ], [ -121.658068346259384, 45.081368830307113 ], [ -121.658258799859681, 45.080764045837313 ], [ -121.657319821037845, 45.082180830913451 ] ], [ [ -121.65127157180936, 45.086744993663586 ], [ -121.652186280411925, 45.08574816052365 ], [ -121.652319784530889, 45.085324391692502 ], [ -121.65127157180936, 45.086744993663586 ] ], [ [ -121.651068897297648, 45.092722140896072 ], [ -121.651198570219833, 45.093991040358667 ], [ -121.651207215269181, 45.092995626225438 ], [ -121.651068897297648, 45.092722140896072 ] ], [ [ -121.651223519158037, 45.094235172089057 ], [ -121.651892743867634, 45.100783317292887 ], [ -121.651609637269459, 45.095776425761343 ], [ -121.651223519158037, 45.094235172089057 ] ], [ [ -121.6535242562517, 45.102285606883065 ], [ -121.654680090625249, 45.102369336380796 ], [ -121.653517621443399, 45.102280642739743 ], [ -121.6535242562517, 45.102285606883065 ] ], [ [ -121.657351448126391, 45.10315146479801 ], [ -121.657370239612078, 45.103155716122004 ], [ -121.657364454378722, 45.103152083547528 ], [ -121.657351448126391, 45.10315146479801 ] ], [ [ -121.657395873567097, 45.103171811796784 ], [ -121.659024845406449, 45.104516432422599 ], [ -121.65890748420496, 45.104120950839572 ], [ -121.657395873567097, 45.103171811796784 ] ], [ [ -121.662457107000279, 45.107349459215278 ], [ -121.66201494544562, 45.106884573869941 ], [ -121.661040717631536, 45.106180372757521 ], [ -121.662457107000279, 45.107349459215278 ] ], [ [ -121.66254859848614, 45.107503124629702 ], [ -121.662551146150207, 45.108415240549853 ], [ -121.662675327242141, 45.1082383099317 ], [ -121.66254859848614, 45.107503124629702 ] ], [ [ -121.664017742425557, 45.116285796242522 ], [ -121.664133173021739, 45.11685999829448 ], [ -121.664089539251705, 45.11642441181327 ], [ -121.664017742425557, 45.116285796242522 ] ], [ [ -121.66450825156565, 45.118725762416545 ], [ -121.664762912984756, 45.119992497356762 ], [ -121.664813222408185, 45.119230579369656 ], [ -121.66450825156565, 45.118725762416545 ] ], [ [ -121.664773908684936, 45.120047191453658 ], [ -121.664886752700326, 45.120040349686505 ], [ -121.66477276714626, 45.120041513288633 ], [ -121.664773908684936, 45.120047191453658 ] ], [ [ -121.666150181807211, 45.12015908204291 ], [ -121.666235130544379, 45.120165988342407 ], [ -121.666225159002792, 45.120160791093625 ], [ -121.666150181807211, 45.12015908204291 ] ], [ [ -121.67835347009796, 45.120946125764071 ], [ -121.667248520347414, 45.120602056205136 ], [ -121.666746381067171, 45.120430577170445 ], [ -121.667262761801851, 45.120607600334679 ], [ -121.67835347009796, 45.120946125764071 ] ], [ [ -121.680513391869354, 45.122268976645522 ], [ -121.680516913264114, 45.122271138530294 ], [ -121.680519269628988, 45.122270829913269 ], [ -121.680513391869354, 45.122268976645522 ] ], [ [ -121.681277562973492, 45.12217151488742 ], [ -121.681588783390239, 45.122125125875641 ], [ -121.681233316754572, 45.122177309898035 ], [ -121.681277562973492, 45.12217151488742 ] ], [ [ -121.682018114999593, 45.122239506743902 ], [ -121.68203825886026, 45.122245009406534 ], [ -121.682037067691624, 45.122243032015966 ], [ -121.682018114999593, 45.122239506743902 ] ], [ [ -121.682825370971941, 45.123333963326964 ], [ -121.68274382295256, 45.123006464272336 ], [ -121.682452843755343, 45.122811606778136 ], [ -121.682825370971941, 45.123333963326964 ] ], [ [ -121.684156785128792, 45.124190476958049 ], [ -121.683283894344839, 45.123922295901743 ], [ -121.682341062828883, 45.124022217535298 ], [ -121.684156785128792, 45.124190476958049 ] ], [ [ -121.688055602598453, 45.121706616449671 ], [ -121.685491940496732, 45.124309981123403 ], [ -121.685203422970289, 45.12428746660764 ], [ -121.688055602598453, 45.121706616449671 ] ], [ [ -121.688515946301223, 45.120312364172129 ], [ -121.688501701571212, 45.120306821808342 ], [ -121.688478795485423, 45.120424884862757 ], [ -121.688515946301223, 45.120312364172129 ] ], [ [ -121.690871578684593, 45.117579691048164 ], [ -121.690699764843103, 45.117655688259028 ], [ -121.690606578472128, 45.117887113527871 ], [ -121.690871578684593, 45.117579691048164 ] ], [ [ -121.693308511734855, 45.117756952702472 ], [ -121.692355988204199, 45.117637558276577 ], [ -121.692181724096329, 45.11767329344125 ], [ -121.693308511734855, 45.117756952702472 ] ], [ [ -121.693347552589941, 45.117781539432599 ], [ -121.694742141597061, 45.118805377175441 ], [ -121.694604251019229, 45.118572963804318 ], [ -121.693347552589941, 45.117781539432599 ] ], [ [ -121.697640020875014, 45.125545954647521 ], [ -121.697820546182101, 45.126047072879224 ], [ -121.697695294471174, 45.125617324397908 ], [ -121.697640020875014, 45.125545954647521 ] ], [ [ -121.699966544782058, 45.12781259463965 ], [ -121.699385012347747, 45.127188154728422 ], [ -121.697915182755679, 45.12625237679115 ], [ -121.699966544782058, 45.12781259463965 ] ], [ [ -121.701379184845919, 45.12888699073045 ], [ -121.701659308129038, 45.129100038605507 ], [ -121.701577515778581, 45.129013236130348 ], [ -121.701379184845919, 45.12888699073045 ] ], [ [ -121.704894335405314, 45.131750509016804 ], [ -121.705370313125883, 45.131902466612786 ], [ -121.704892222055221, 45.131748866782424 ], [ -121.704894335405314, 45.131750509016804 ] ], [ [ -121.70539949071609, 45.131944589941781 ], [ -121.705869378473935, 45.133096147007315 ], [ -121.705722248694357, 45.132410549599562 ], [ -121.70539949071609, 45.131944589941781 ] ], [ [ -121.707586297410217, 45.138417749168838 ], [ -121.707279043253777, 45.138001937281615 ], [ -121.706424774153589, 45.137325499798905 ], [ -121.707586297410217, 45.138417749168838 ] ], [ [ -121.707805772537782, 45.139213011004642 ], [ -121.707630566281068, 45.138507518220955 ], [ -121.707906859214205, 45.14052285782742 ], [ -121.707805772537782, 45.139213011004642 ] ], [ [ -121.709786062566423, 45.142051534624002 ], [ -121.709363380681367, 45.14147172040169 ], [ -121.70862166529777, 45.141233514098204 ], [ -121.709786062566423, 45.142051534624002 ] ], [ [ -121.712802257631665, 45.153961156226366 ], [ -121.712836590272559, 45.15396638749877 ], [ -121.712830866661392, 45.153962146411331 ], [ -121.712802257631665, 45.153961156226366 ] ], [ [ -121.713955595625279, 45.154035953214034 ], [ -121.714093431882219, 45.154044426611812 ], [ -121.71408756636238, 45.15403940055316 ], [ -121.713955595625279, 45.154035953214034 ] ], [ [ -121.716465062129572, 45.155500071560972 ], [ -121.715262991599801, 45.154747048651316 ], [ -121.715192407143988, 45.154716458213237 ], [ -121.716465062129572, 45.155500071560972 ] ], [ [ -121.717081631853063, 45.156580661889087 ], [ -121.71708036057403, 45.156351089653597 ], [ -121.716926613110857, 45.156122863872199 ], [ -121.717081631853063, 45.156580661889087 ] ], [ [ -121.717110058720763, 45.15663537661527 ], [ -121.71859309965987, 45.157406657507778 ], [ -121.717854148235659, 45.156969307094215 ], [ -121.717110058720763, 45.15663537661527 ] ], [ [ -121.71956841681714, 45.157913882243591 ], [ -121.719572808028673, 45.157916165932683 ], [ -121.71957641355182, 45.157916522540752 ], [ -121.71956841681714, 45.157913882243591 ] ], [ [ -121.722555686474109, 45.158211189910148 ], [ -121.722636960350314, 45.158219228346482 ], [ -121.72262892382399, 45.158214302871777 ], [ -121.722555686474109, 45.158211189910148 ] ], [ [ -121.72421905614496, 45.160371377195794 ], [ -121.725386861351751, 45.161384652481566 ], [ -121.725322386514449, 45.161209152507546 ], [ -121.72421905614496, 45.160371377195794 ] ], [ [ -121.726994614118453, 45.162779629746943 ], [ -121.727150446431949, 45.16291483686323 ], [ -121.727106828476778, 45.162853620030845 ], [ -121.726994614118453, 45.162779629746943 ] ], [ [ -121.728906139766607, 45.170140020484247 ], [ -121.73003749219059, 45.171078046531747 ], [ -121.729984596664906, 45.170968452485234 ], [ -121.728906139766607, 45.170140020484247 ] ], [ [ -121.0712698895464, 44.823399159028554 ], [ -121.081357929695159, 44.823331142491448 ], [ -121.081631568067252, 44.823329226910808 ], [ -121.0712698895464, 44.823399159028554 ] ], [ [ -120.964958500298806, 44.823205123593183 ], [ -120.970013644464629, 44.823234709632651 ], [ -120.979733326733765, 44.823132931594458 ], [ -120.964958500298806, 44.823205123593183 ] ], [ [ -121.73770186444095, 44.879046494441987 ], [ -121.738115165344638, 44.87866559441099 ], [ -121.737692481909932, 44.879055140734962 ], [ -121.73770186444095, 44.879046494441987 ] ], [ [ -121.739786159536038, 44.876811831927611 ], [ -121.739859206299798, 44.876742116851496 ], [ -121.739786882605145, 44.876811140906106 ], [ -121.739786159536038, 44.876811831927611 ] ], [ [ -121.740461825387754, 44.876476270456756 ], [ -121.740662908430139, 44.876435567487412 ], [ -121.74065596531814, 44.876436972665374 ], [ -121.740461825387754, 44.876476270456756 ] ], [ [ -121.745725495040361, 44.875591741724499 ], [ -121.746129042482536, 44.875427304061674 ], [ -121.746131161694549, 44.875426440178288 ], [ -121.745725495040361, 44.875591741724499 ] ], [ [ -121.746132783981452, 44.875425776154373 ], [ -121.746247617018739, 44.875378986144355 ], [ -121.746134446471828, 44.875425098188842 ], [ -121.746132783981452, 44.875425776154373 ] ], [ [ -121.746257830563408, 44.875372672816987 ], [ -121.74625986536806, 44.875371419238526 ], [ -121.746258070378161, 44.875372524379536 ], [ -121.746257830563408, 44.875372672816987 ] ], [ [ -121.746262418466657, 44.875369842259708 ], [ -121.746665884098945, 44.875120589825279 ], [ -121.74625986536806, 44.875371419238526 ], [ -121.746262418466657, 44.875369842259708 ] ], [ [ -121.751858486323357, 44.862799539527373 ], [ -121.752245044273408, 44.862433063058255 ], [ -121.752251837702389, 44.862426622148924 ], [ -121.751858486323357, 44.862799539527373 ] ], [ [ -121.752542213157909, 44.862129033927779 ], [ -121.752549897047984, 44.862119556330128 ], [ -121.752714128322665, 44.861916974179287 ], [ -121.752542213157909, 44.862129033927779 ] ], [ [ -121.751968415669268, 44.858521968975332 ], [ -121.751918364751816, 44.858433618726288 ], [ -121.751916124837763, 44.858429665216768 ], [ -121.751968415669268, 44.858521968975332 ] ], [ [ -121.751886418992271, 44.858377232006745 ], [ -121.751878192343639, 44.858362709551727 ], [ -121.751566969003733, 44.857813322855122 ], [ -121.751886418992271, 44.858377232006745 ] ], [ [ -121.748647062131141, 44.855182845563505 ], [ -121.74860338678009, 44.855166015168663 ], [ -121.748600626694326, 44.855164951958052 ], [ -121.748647062131141, 44.855182845563505 ] ], [ [ -121.748048722219693, 44.854952275769634 ], [ -121.747209263904779, 44.854628783363317 ], [ -121.747883414026546, 44.854888573462048 ], [ -121.748048722219693, 44.854952275769634 ] ], [ [ -121.746710836832037, 44.854485904163035 ], [ -121.746705187347402, 44.85448428489547 ], [ -121.747209263904779, 44.854628783363317 ], [ -121.746710836832037, 44.854485904163035 ] ], [ [ -121.746070489899196, 44.854311633854138 ], [ -121.746057394687355, 44.854309292506343 ], [ -121.746054844309668, 44.854308836567476 ], [ -121.746070489899196, 44.854311633854138 ] ], [ [ -121.743969133114589, 44.853935966354818 ], [ -121.743777713723958, 44.853888352514474 ], [ -121.74374514454108, 44.853880251477939 ], [ -121.743969133114589, 44.853935966354818 ] ], [ [ -121.743700847086799, 44.853869232218187 ], [ -121.742992211222017, 44.853692962687404 ], [ -121.743510892431502, 44.853821982611294 ], [ -121.743700847086799, 44.853869232218187 ] ], [ [ -121.744619276805693, 44.842420993911517 ], [ -121.744971743569664, 44.841837060042238 ], [ -121.74497807570873, 44.84182656899506 ], [ -121.744619276805693, 44.842420993911517 ] ], [ [ -121.744980188444686, 44.841823068056861 ], [ -121.745256579244199, 44.841365160857912 ], [ -121.744983016840266, 44.841818382013159 ], [ -121.744980188444686, 44.841823068056861 ] ], [ [ -121.745340944424441, 44.841183097050916 ], [ -121.745343945271784, 44.841176622516628 ], [ -121.745463132574031, 44.840919405445078 ], [ -121.745340944424441, 44.841183097050916 ] ], [ [ -121.747758290726793, 44.835954087296088 ], [ -121.748272797445736, 44.835251469502275 ], [ -121.748338864495096, 44.835161246135641 ], [ -121.747758290726793, 44.835954087296088 ] ], [ [ -121.748419434835384, 44.835051216148486 ], [ -121.748343753862244, 44.835154568037915 ], [ -121.748338864495096, 44.835161246135641 ], [ -121.748419434835384, 44.835051216148486 ] ], [ [ -121.748556078882743, 44.834868748493044 ], [ -121.748572101751279, 44.834848431956615 ], [ -121.74975603098467, 44.833347213474873 ], [ -121.748556078882743, 44.834868748493044 ] ], [ [ -121.753838683366183, 44.828760623124758 ], [ -121.753841755229047, 44.828757304023689 ], [ -121.753723690153166, 44.828884836011689 ], [ -121.753838683366183, 44.828760623124758 ] ], [ [ -121.754051060227411, 44.828585144139339 ], [ -121.754058518097878, 44.828580133094192 ], [ -121.75405558255791, 44.828582105124681 ], [ -121.754051060227411, 44.828585144139339 ] ], [ [ -121.754974204316952, 44.828090630621894 ], [ -121.758640647118227, 44.826148327724788 ], [ -121.758663999038987, 44.826135956251342 ], [ -121.754974204316952, 44.828090630621894 ] ], [ [ -121.122509180370528, 45.580380475105073 ], [ -121.127180647157346, 45.588361299473512 ], [ -121.104895238184042, 45.591227058973047 ], [ -121.105158098809738, 45.605647617873814 ], [ -121.148653877730126, 45.594779313064556 ], [ -121.122509180370528, 45.580380475105073 ] ], [ [ -120.846878318480478, 44.294418940537085 ], [ -120.837042727844519, 44.294368042266953 ], [ -120.846909524740951, 44.294470764747366 ], [ -120.847074138497788, 44.297301300846243 ], [ -120.849923463287425, 44.297262055538212 ], [ -120.846878318480478, 44.294418940537085 ] ], [ [ -119.657196381346239, 43.958925321062168 ], [ -119.657197075589693, 43.95897695641429 ], [ -119.657197246455553, 43.95892532228136 ], [ -119.657196381346239, 43.958925321062168 ] ], [ [ -119.601128565106478, 43.959601694396078 ], [ -119.537073267716451, 43.959550929159256 ], [ -119.597574436650987, 43.959621912107615 ], [ -119.601128565106478, 43.959601694396078 ] ], [ [ -118.99278908698912, 43.959927935814903 ], [ -118.988463506980935, 43.959838774994253 ], [ -118.957694976904207, 43.960066717032092 ], [ -118.99278908698912, 43.959927935814903 ] ], [ [ -120.390287419416083, 42.193300932303387 ], [ -120.395191302998967, 42.193239927642111 ], [ -120.375549213842859, 42.193482942153636 ], [ -120.390287419416083, 42.193300932303387 ] ], [ [ -119.363778358009597, 42.224228908607344 ], [ -119.363528264475633, 42.136950595183066 ], [ -119.365297362658509, 42.749043644818649 ], [ -119.363778358009597, 42.224228908607344 ] ], [ [ -120.336304060994578, 42.178787919681447 ], [ -120.348672535736995, 42.178718625235504 ], [ -120.354833436957009, 42.178683583244009 ], [ -120.336304060994578, 42.178787919681447 ] ], [ [ -120.356254471351704, 42.164329786281051 ], [ -120.375691594596844, 42.164180926209987 ], [ -120.353932148648994, 42.164347339350229 ], [ -120.356254471351704, 42.164329786281051 ] ], [ [ -120.361867406951717, 42.18771020077476 ], [ -120.361866982164699, 42.187806087853346 ], [ -120.361871663648856, 42.18681687871122 ], [ -120.361867406951717, 42.18771020077476 ] ], [ [ -120.355054700952607, 42.178683827486154 ], [ -120.355079158594947, 42.175059949914981 ], [ -120.355054700749818, 42.178683827485926 ], [ -120.355054700952607, 42.178683827486154 ] ], [ [ -120.592650302498512, 42.747158635037046 ], [ -120.523580251989443, 42.747024305120718 ], [ -120.415280957617185, 42.746913165012657 ], [ -120.592650302498512, 42.747158635037046 ] ], [ [ -119.943901461053542, 42.746325592084482 ], [ -119.706016421058635, 42.74657561353542 ], [ -119.792306436117769, 42.746835606022437 ], [ -119.943901461053542, 42.746325592084482 ] ], [ [ -119.706054421170549, 42.748701614144323 ], [ -119.623555096196185, 42.748784421992475 ], [ -119.629353408422503, 42.748982620581444 ], [ -119.706054421170549, 42.748701614144323 ] ], [ [ -120.377764920278594, 43.615951241041053 ], [ -120.495366691270846, 43.616065703462063 ], [ -120.5156311654044, 43.615977705806152 ], [ -120.377764920278594, 43.615951241041053 ] ], [ [ -120.368407681264543, 43.611475619637972 ], [ -120.358155556361282, 43.611549470650765 ], [ -120.37772335051946, 43.611492038575896 ], [ -120.368407681264543, 43.611475619637972 ] ], [ [ -119.777542089840338, 43.697962708847257 ], [ -119.777390390331661, 43.770695200415524 ], [ -119.775415162182043, 43.959090030662068 ], [ -119.777390598957524, 43.770693490170927 ], [ -119.777542089840338, 43.697962708847257 ] ], [ [ -119.89537059974802, 43.602287662901006 ], [ -119.896593641770608, 43.611169913933033 ], [ -119.895093598945763, 43.600100662635683 ], [ -119.89537059974802, 43.602287662901006 ] ], [ [ -119.93156748752871, 42.917049606977116 ], [ -119.943440489795933, 42.917112605451479 ], [ -119.933941487537965, 42.91706160630045 ], [ -119.93156748752871, 42.917049606977116 ] ], [ [ -119.896789525588673, 43.179011629988288 ], [ -119.932452532417898, 43.17898762705893 ], [ -119.921137530229373, 43.178893628050695 ], [ -119.896789525588673, 43.179011629988288 ] ], [ [ -119.894820592829007, 43.568068659976362 ], [ -119.896350555737598, 43.354200643869291 ], [ -119.895528574487514, 43.456489651822935 ], [ -119.894820592829007, 43.568068659976362 ] ], [ [ -120.747577450246197, 43.927152044528164 ], [ -120.747874872666642, 43.927407167641903 ], [ -120.747873905231515, 43.927187073687023 ], [ -120.747577450246197, 43.927152044528164 ] ], [ [ -120.838198175092074, 44.82271524919409 ], [ -120.848304145456481, 44.822745638599073 ], [ -120.828090293381834, 44.822684823314326 ], [ -120.838198175092074, 44.82271524919409 ] ], [ [ -120.79776867057565, 44.822593711091272 ], [ -120.807876505063248, 44.822624093857968 ], [ -120.787662778293594, 44.822563280164822 ], [ -120.79776867057565, 44.822593711091272 ] ], [ [ -120.767447185612511, 44.82250255778365 ], [ -120.777554974756725, 44.822532983806688 ], [ -120.787662778293594, 44.822563280164822 ], [ -120.767447185612511, 44.82250255778365 ] ], [ [ -120.747233579082334, 44.822441745424427 ], [ -120.757456966036656, 44.822472508600221 ], [ -120.767447185612511, 44.82250255778365 ], [ -120.747233579082334, 44.822441745424427 ] ], [ [ -120.717456209512434, 44.822470889846009 ], [ -120.727619673340797, 44.82246090936119 ], [ -120.707294672490619, 44.822480814500928 ], [ -120.717456209512434, 44.822470889846009 ] ], [ [ -120.686952320666094, 44.822498822573088 ], [ -120.697123496701209, 44.822489845382783 ], [ -120.707294672490619, 44.822480814500928 ], [ -120.686952320666094, 44.822498822573088 ] ], [ [ -120.595000716963312, 44.822265165036676 ], [ -120.605195159980767, 44.822359982307134 ], [ -120.58483521566086, 44.822170611180013 ], [ -120.595000716963312, 44.822265165036676 ] ], [ [ -120.514544888919403, 44.821676175670305 ], [ -120.524596474183213, 44.821746875513846 ], [ -120.504520307442462, 44.821605613349568 ], [ -120.514544888919403, 44.821676175670305 ] ], [ [ -120.46542792688534, 44.821689328448734 ], [ -120.485374988057089, 44.821539184879889 ], [ -120.465065639412728, 44.821688874648331 ], [ -120.46542792688534, 44.821689328448734 ] ], [ [ -120.44536530116568, 44.821664986782551 ], [ -120.455420700504874, 44.821677181933829 ], [ -120.465065639412728, 44.821688874648331 ], [ -120.44536530116568, 44.821664986782551 ] ], [ [ -120.411321851726157, 44.821643839182201 ], [ -120.416104815152863, 44.821646703694952 ], [ -120.406540815572697, 44.821640946616895 ], [ -120.411321851726157, 44.821643839182201 ] ], [ [ -120.382008470411492, 44.821625822534472 ], [ -120.386104344292917, 44.821628709266825 ], [ -120.38123081091554, 44.821625258119369 ], [ -120.382008470411492, 44.821625822534472 ] ], [ [ -120.379210908038203, 44.826880705200772 ], [ -120.378699907411217, 44.826882705380186 ], [ -120.380262908269813, 44.826877705121568 ], [ -120.379210908038203, 44.826880705200772 ] ], [ [ -120.387099909067288, 44.829262705119248 ], [ -120.384179909258648, 44.828136705422708 ], [ -120.380262908269813, 44.826877705121568 ], [ -120.387099909067288, 44.829262705119248 ] ], [ [ -120.399190911149518, 44.829699703626986 ], [ -120.397295910690616, 44.829382704103658 ], [ -120.400508911905987, 44.830114703487816 ], [ -120.399190911149518, 44.829699703626986 ] ], [ [ -120.40503691371444, 44.833784703656526 ], [ -120.401600912354098, 44.830848703587357 ], [ -120.400508911905987, 44.830114703487816 ], [ -120.40503691371444, 44.833784703656526 ] ], [ [ -120.405058914768659, 44.838683703951411 ], [ -120.405298914103554, 44.834713703802798 ], [ -120.40503691371444, 44.833784703656526 ], [ -120.405058914768659, 44.838683703951411 ] ], [ [ -120.409242915465839, 44.839797703711518 ], [ -120.408303915599092, 44.839557703291355 ], [ -120.410074915922024, 44.840386703288004 ], [ -120.409242915465839, 44.839797703711518 ] ], [ [ -120.411637916870987, 44.846986703704857 ], [ -120.410807916846977, 44.845698703980105 ], [ -120.411992917964085, 44.848422703795492 ], [ -120.411637916870987, 44.846986703704857 ] ], [ [ -120.416031919277188, 44.853249703462851 ], [ -120.413877919136183, 44.852912703556441 ], [ -120.418473919668969, 44.853767703956372 ], [ -120.416031919277188, 44.853249703462851 ] ], [ [ -120.427562920537326, 44.85369170285049 ], [ -120.42447792080425, 44.853473702964045 ], [ -120.418473919668969, 44.853767703956372 ], [ -120.427562920537326, 44.85369170285049 ] ], [ [ -120.4334829232141, 44.856755702611451 ], [ -120.431486922194154, 44.85555270204275 ], [ -120.427562920537326, 44.85369170285049 ], [ -120.4334829232141, 44.856755702611451 ] ], [ [ -120.435580923294793, 44.860153702066995 ], [ -120.434029923205813, 44.857393701864012 ], [ -120.4334829232141, 44.856755702611451 ], [ -120.435580923294793, 44.860153702066995 ] ], [ [ -120.44114892584949, 44.863607702107352 ], [ -120.439574925670243, 44.863612701935011 ], [ -120.443374925939764, 44.86381770164531 ], [ -120.44114892584949, 44.863607702107352 ] ], [ [ -120.445759925910522, 44.863063701634267 ], [ -120.44469992580656, 44.863271701377428 ], [ -120.443374925939764, 44.86381770164531 ], [ -120.445759925910522, 44.863063701634267 ] ], [ [ -120.454554927680334, 44.86516370107099 ], [ -120.452484926894201, 44.86440570059785 ], [ -120.455217928092836, 44.865612700591278 ], [ -120.454554927680334, 44.86516370107099 ] ], [ [ -120.454176928818697, 44.869672700801551 ], [ -120.45499492873526, 44.867761700988694 ], [ -120.455217928092836, 44.865612700591278 ], [ -120.454176928818697, 44.869672700801551 ] ], [ [ -120.458441930268819, 44.873797700901441 ], [ -120.456215929543049, 44.873872701542773 ], [ -120.459605930822718, 44.874290700558511 ], [ -120.458441930268819, 44.873797700901441 ] ], [ [ -120.460366930898871, 44.876118701030052 ], [ -120.45990293065509, 44.874838701034236 ], [ -120.459605930822718, 44.874290700558511 ], [ -120.460366930898871, 44.876118701030052 ] ], [ [ -120.460139930837087, 44.878221700733249 ], [ -120.460428931268851, 44.876761701411368 ], [ -120.460366930898871, 44.876118701030052 ], [ -120.460139930837087, 44.878221700733249 ] ], [ [ -120.458777932111985, 44.881204701951148 ], [ -120.459623931113313, 44.879657701119854 ], [ -120.460139930837087, 44.878221700733249 ], [ -120.458777932111985, 44.881204701951148 ] ], [ [ -120.455750931142518, 44.882815701936401 ], [ -120.458532932134531, 44.881573701426326 ], [ -120.458777932111985, 44.881204701951148 ], [ -120.455750931142518, 44.882815701936401 ] ], [ [ -120.449600930787383, 44.884453702481217 ], [ -120.451272931447406, 44.884220702422581 ], [ -120.446931930722272, 44.884596702879165 ], [ -120.449600930787383, 44.884453702481217 ] ], [ [ -120.447080934967801, 44.905880704108583 ], [ -120.444534934120156, 44.904263704216646 ], [ -120.45100493530046, 44.908668704488626 ], [ -120.447080934967801, 44.905880704108583 ] ], [ [ -120.456994935394377, 44.904086703354338 ], [ -120.455784935497192, 44.905137703191002 ], [ -120.458272936174694, 44.903741703362456 ], [ -120.456994935394377, 44.904086703354338 ] ], [ [ -120.460811936701177, 44.90397870273663 ], [ -120.459692935800021, 44.903744703166268 ], [ -120.458272936174694, 44.903741703362456 ], [ -120.460811936701177, 44.90397870273663 ] ], [ [ -120.47181693848016, 44.90769570169239 ], [ -120.469790938257418, 44.9074417026318 ], [ -120.473579940065676, 44.908167701653873 ], [ -120.47181693848016, 44.90769570169239 ] ], [ [ -120.474149939525887, 44.909666702306481 ], [ -120.474191939651462, 44.909146701894187 ], [ -120.473579940065676, 44.908167701653873 ], [ -120.474149939525887, 44.909666702306481 ] ], [ [ -120.471390940481385, 44.918451703245438 ], [ -120.471087940266173, 44.916914702842192 ], [ -120.47128494146358, 44.919348702586191 ], [ -120.471390940481385, 44.918451703245438 ] ], [ [ -120.477123945100686, 44.930977702817351 ], [ -120.476634944564424, 44.92949870288107 ], [ -120.477093945296104, 44.932202703221634 ], [ -120.477123945100686, 44.930977702817351 ] ], [ [ -120.474911944042688, 44.933348703146329 ], [ -120.476013944864164, 44.933266703451757 ], [ -120.477093945296104, 44.932202703221634 ], [ -120.474911944042688, 44.933348703146329 ] ], [ [ -120.475535945932492, 44.938067704093235 ], [ -120.472897944463057, 44.935463704065405 ], [ -120.476157664488184, 44.939427336638047 ], [ -120.475535945932492, 44.938067704093235 ] ], [ [ -120.48087894798519, 44.944021703511211 ], [ -120.480306947247044, 44.943147704076083 ], [ -120.48169894757892, 44.945512703885825 ], [ -120.48087894798519, 44.944021703511211 ] ], [ [ -120.484945949378883, 44.949706703358487 ], [ -120.482668949126037, 44.949249703946492 ], [ -120.488244949914986, 44.95068770329646 ], [ -120.484945949378883, 44.949706703358487 ] ], [ [ -120.48914695068278, 44.951304703170244 ], [ -120.488695950432316, 44.950915703695898 ], [ -120.488244949914986, 44.95068770329646 ], [ -120.48914695068278, 44.951304703170244 ] ], [ [ -120.488262145855643, 44.952460348646873 ], [ -120.489136950566333, 44.952165703682937 ], [ -120.48914695068278, 44.951304703170244 ], [ -120.488262145855643, 44.952460348646873 ] ], [ [ -120.486042950842759, 44.956215704245956 ], [ -120.486585951331506, 44.955774703877523 ], [ -120.485096950290639, 44.95647770457807 ], [ -120.486042950842759, 44.956215704245956 ] ], [ [ -120.485995951774498, 44.961680704261255 ], [ -120.485834951731064, 44.960697703945605 ], [ -120.485995951893628, 44.962754704122631 ], [ -120.485995951774498, 44.961680704261255 ] ], [ [ -120.484051354846088, 44.963956269423726 ], [ -120.484838951872618, 44.963839704767132 ], [ -120.485995951893628, 44.962754704122631 ], [ -120.484051354846088, 44.963956269423726 ] ], [ [ -120.481206952428778, 44.96521370492875 ], [ -120.482038952560032, 44.965199705041677 ], [ -120.479720951107396, 44.965193705387968 ], [ -120.481206952428778, 44.96521370492875 ] ], [ [ -120.484165953784498, 44.973722705737288 ], [ -120.483683954184187, 44.972854705243364 ], [ -120.48377995483429, 44.975437706029084 ], [ -120.484165953784498, 44.973722705737288 ] ], [ [ -120.48091595454936, 44.978681706360923 ], [ -120.481719954683683, 44.977996705720351 ], [ -120.48377995483429, 44.975437706029084 ], [ -120.48091595454936, 44.978681706360923 ] ], [ [ -120.479628955403683, 44.985903707014508 ], [ -120.479500955015652, 44.984601706259156 ], [ -120.478701956373087, 44.988542707252059 ], [ -120.479628955403683, 44.985903707014508 ] ], [ [ -120.480059956444791, 44.989768706750574 ], [ -120.479670956788866, 44.989266706650724 ], [ -120.478701956373087, 44.988542707252059 ], [ -120.480059956444791, 44.989768706750574 ] ], [ [ -120.487659959958037, 45.002354706717398 ], [ -120.487259959938257, 45.001655707403138 ], [ -120.487659960137748, 45.002954707240541 ], [ -120.487659959958037, 45.002354706717398 ] ], [ [ -120.48515696023729, 45.007057707842876 ], [ -120.486558960373543, 45.006155707420866 ], [ -120.482586960580647, 45.007691707556219 ], [ -120.48515696023729, 45.007057707842876 ] ], [ [ -120.488059964744139, 45.02595570864424 ], [ -120.48095896276169, 45.021155709094394 ], [ -120.488959965391004, 45.027055708514204 ], [ -120.488059964744139, 45.02595570864424 ] ], [ [ -120.488959965447108, 45.029155708826011 ], [ -120.489059965261376, 45.027955708855217 ], [ -120.488959965391004, 45.027055708514204 ], [ -120.488959965447108, 45.029155708826011 ] ], [ [ -120.481859965542057, 45.036555709816838 ], [ -120.483459965340685, 45.034155709487422 ], [ -120.4813599664013, 45.03705570981289 ], [ -120.481859965542057, 45.036555709816838 ] ], [ [ -120.489560969115701, 45.046455709597787 ], [ -120.488059968151475, 45.043155709946184 ], [ -120.489760969711938, 45.04715571017055 ], [ -120.489560969115701, 45.046455709597787 ] ], [ [ -120.48906097009224, 45.048555710549763 ], [ -120.489660969272279, 45.047755709804065 ], [ -120.489760969711938, 45.04715571017055 ], [ -120.48906097009224, 45.048555710549763 ] ], [ [ -120.483060969972925, 45.056655711004218 ], [ -120.482660970330613, 45.056355711238908 ], [ -120.483360970655554, 45.056955710995076 ], [ -120.483060969972925, 45.056655711004218 ] ], [ [ -120.489060971678725, 45.058155710757461 ], [ -120.488560971117124, 45.057855710423631 ], [ -120.489360971481602, 45.058555710725479 ], [ -120.489060971678725, 45.058155710757461 ] ], [ [ -120.489660972320621, 45.060955711239004 ], [ -120.489560972075111, 45.059355710980931 ], [ -120.489360971481602, 45.058555710725479 ], [ -120.489660972320621, 45.060955711239004 ] ], [ [ -120.494761973765961, 45.063055710160732 ], [ -120.494061972600932, 45.062955710454183 ], [ -120.495561973027421, 45.0635557104806 ], [ -120.494761973765961, 45.063055710160732 ] ], [ [ -120.4618609687315, 45.068755714204841 ], [ -120.495260974059704, 45.068554711027105 ], [ -120.461441968455787, 45.0687477142977 ], [ -120.4618609687315, 45.068755714204841 ] ], [ [ -120.402258958292151, 45.066756720291686 ], [ -120.422159962290479, 45.067955717626482 ], [ -120.461441968455787, 45.0687477142977 ], [ -120.402258958292151, 45.066756720291686 ] ], [ [ -120.297355940843588, 45.066956730500721 ], [ -120.376157953791932, 45.067056722958228 ], [ -120.402258958292151, 45.066756720291686 ], [ -120.297355940843588, 45.066956730500721 ] ], [ [ -120.240406931282465, 45.066136735889188 ], [ -120.254854933718775, 45.065757734261176 ], [ -120.235152930446603, 45.066158736452664 ], [ -120.240406931282465, 45.066136735889188 ] ], [ [ -119.953848881793562, 45.065661763923373 ], [ -120.00005788991291, 45.065611759393086 ], [ -119.91024387447284, 45.065663768340734 ], [ -119.953848881793562, 45.065661763923373 ] ], [ [ -119.910243873919939, 45.066563768278037 ], [ -119.910243874365975, 45.065843767977597 ], [ -119.91024387447284, 45.065663768340734 ], [ -119.910243873919939, 45.066563768278037 ] ], [ [ -119.790709337532633, 45.067769996240855 ], [ -119.876541868458119, 45.068357772173407 ], [ -119.79070934627623, 45.067768630151761 ], [ -119.790709337532633, 45.067769996240855 ] ], [ [ -119.790737191781687, 45.063417913133897 ], [ -119.791380785633507, 45.024178564967166 ], [ -119.791136269329485, 45.001027718932669 ], [ -119.790737191781687, 45.063417913133897 ] ], [ [ -119.791068839192974, 44.994641775692209 ], [ -119.736602405368444, 44.994746167459361 ], [ -119.770257962678585, 44.99519868817746 ], [ -119.791068839192974, 44.994641775692209 ] ], [ [ -119.533089726425956, 44.995450143538093 ], [ -119.527713652104126, 44.995690545045676 ], [ -119.548714162099174, 44.995518770019267 ], [ -119.533089726425956, 44.995450143538093 ] ], [ [ -119.306056465935427, 44.996000881476697 ], [ -119.322163572047046, 44.995919245242419 ], [ -119.306056475236275, 44.995886026432601 ], [ -119.306056465935427, 44.996000881476697 ] ], [ [ -119.671967571805922, 44.994870047996095 ], [ -119.671184795582121, 44.874869778212727 ], [ -119.670632402807598, 44.871627232649338 ], [ -119.671967571805922, 44.994870047996095 ] ], [ [ -120.837223482626882, 44.307329644520856 ], [ -120.837223559246823, 44.307327517723202 ], [ -120.836881661320419, 44.306445812888903 ], [ -120.837223482626882, 44.307329644520856 ] ], [ [ -120.834925336905371, 44.305623108522326 ], [ -120.833606064387155, 44.306268685423944 ], [ -120.836881661320419, 44.306445812888903 ], [ -120.834925336905371, 44.305623108522326 ] ], [ [ -119.653942935150582, 44.621763756993829 ], [ -119.653409871402474, 44.695864417988119 ], [ -119.653891890296237, 44.429872706552729 ], [ -119.653942935150582, 44.621763756993829 ] ], [ [ -120.020677598864467, 44.389691387455478 ], [ -120.020869410901213, 44.397657566740186 ], [ -120.020721413681429, 44.38969121695348 ], [ -120.020677598864467, 44.389691387455478 ] ], [ [ -119.991294758777158, 44.388963711972131 ], [ -119.970478293898083, 44.388975669677123 ], [ -119.958570753072308, 44.389482715797122 ], [ -119.97030475489936, 44.389004714629024 ], [ -119.991294758777158, 44.388963711972131 ] ], [ [ -119.655104701146627, 44.389190744808658 ], [ -119.653881059755633, 44.389076565272525 ], [ -119.653881082600094, 44.389162645016796 ], [ -119.655104701146627, 44.389190744808658 ] ], [ [ -120.373924129095172, 44.820331067846347 ], [ -120.372648904958695, 44.820375705964594 ], [ -120.371462098444837, 44.821618280082234 ], [ -120.373924129095172, 44.820331067846347 ] ], [ [ -120.38027523813598, 44.818328556996171 ], [ -120.37936822686801, 44.819104822600472 ], [ -120.380803925254085, 44.818781437155884 ], [ -120.38027523813598, 44.818328556996171 ] ], [ [ -120.377258200759371, 44.81498717746355 ], [ -120.385686202972522, 44.811855299674463 ], [ -120.385687607665901, 44.811122676308045 ], [ -120.377810904464084, 44.812039705067434 ], [ -120.377258200759371, 44.81498717746355 ] ], [ [ -120.385690270332361, 44.809733926595463 ], [ -120.385695402814008, 44.807056916997283 ], [ -120.384848651840429, 44.807131408911552 ], [ -120.385690270332361, 44.809733926595463 ] ], [ [ -120.379018902941951, 44.806319704319066 ], [ -120.379604479101687, 44.806655708621385 ], [ -120.379398707599151, 44.804714824837951 ], [ -120.379018902941951, 44.806319704319066 ] ], [ [ -120.379656739589961, 44.803624475065661 ], [ -120.385714769443467, 44.798567634289995 ], [ -120.3813899029672, 44.800726704262907 ], [ -120.379656739589961, 44.803624475065661 ] ], [ [ -120.385145557608155, 44.796588449970251 ], [ -120.39178594713151, 44.796231068327216 ], [ -120.39100090377859, 44.795789702801983 ], [ -120.385145557608155, 44.796588449970251 ] ], [ [ -120.396088288937989, 44.787280417240972 ], [ -120.404689905374894, 44.794724701188962 ], [ -120.394687240145871, 44.804399530321724 ], [ -120.399555950470202, 44.803870631893083 ], [ -120.399937105062804, 44.799872277611748 ], [ -120.40481220718867, 44.795077895046575 ], [ -120.405565206240809, 44.792412700913047 ], [ -120.396088288937989, 44.787280417240972 ] ], [ [ -120.394267901508655, 44.784277701403958 ], [ -120.394653169676047, 44.785921137156052 ], [ -120.394430090085976, 44.783821248404259 ], [ -120.394267901508655, 44.784277701403958 ] ], [ [ -120.394838901133767, 44.782670701125788 ], [ -120.394800965321764, 44.782777467662662 ], [ -120.39673181554879, 44.781511231612342 ], [ -120.394838901133767, 44.782670701125788 ] ], [ [ -120.399102977399977, 44.77901951439037 ], [ -120.398058953258825, 44.780640889271069 ], [ -120.399222059291915, 44.779878108786889 ], [ -120.399102977399977, 44.77901951439037 ] ], [ [ -120.39865523317826, 44.777085319992821 ], [ -120.398947443377011, 44.77789807662883 ], [ -120.398852286597219, 44.7772119625917 ], [ -120.39865523317826, 44.777085319992821 ] ], [ [ -120.389680899109578, 44.771643700869518 ], [ -120.396822468580936, 44.775907422675289 ], [ -120.388583291223028, 44.770611898700679 ], [ -120.389680899109578, 44.771643700869518 ] ], [ [ -120.387662712698088, 44.762368744120529 ], [ -120.387782541115172, 44.769119287801288 ], [ -120.388773172449447, 44.763073889182124 ], [ -120.387662712698088, 44.762368744120529 ] ], [ [ -120.385158895185057, 44.761170700878345 ], [ -120.385409579365472, 44.760937971676853 ], [ -120.385789763002933, 44.69682038728061 ], [ -120.385158895185057, 44.761170700878345 ] ], [ [ -119.670578469880198, 44.86664339470439 ], [ -119.670602183748429, 44.868834800752175 ], [ -119.671224486374484, 44.859508601527622 ], [ -119.670578469880198, 44.86664339470439 ] ], [ [ -119.652979996527236, 44.755551919046042 ], [ -119.652693435683886, 44.79530626400399 ], [ -119.653336771096804, 44.762786772267617 ], [ -119.652979996527236, 44.755551919046042 ] ], [ [ -119.288295892775068, 45.858516497098371 ], [ -119.288251162770678, 45.858515151257862 ], [ -119.288305146586168, 45.859442506691643 ], [ -119.288295892775068, 45.858516497098371 ] ], [ [ -119.288074335191709, 45.858047968769299 ], [ -119.288003346115119, 45.858046772312981 ], [ -119.288064775061628, 45.858509543206914 ], [ -119.288074335191709, 45.858047968769299 ] ], [ [ -119.287525556996641, 45.857959381471176 ], [ -119.287539216824982, 45.858038949835205 ], [ -119.28756358581056, 45.856860254114899 ], [ -119.287525556996641, 45.857959381471176 ] ], [ [ -119.275810949477872, 45.850594180321117 ], [ -119.275793681629807, 45.850662359536059 ], [ -119.275793682235332, 45.851152389378569 ], [ -119.275810949477872, 45.850594180321117 ] ], [ [ -119.272922509499708, 45.848424061705522 ], [ -119.272523208118741, 45.848503529477391 ], [ -119.272028833594561, 45.848662464425523 ], [ -119.272922509499708, 45.848424061705522 ] ], [ [ -118.243734572370712, 44.950287875263669 ], [ -118.243515291937285, 44.954718871664888 ], [ -118.244292385527601, 44.953611747194337 ], [ -118.244674131679673, 44.951330215755469 ], [ -118.243734572370712, 44.950287875263669 ] ], [ [ -118.244965556258947, 44.945363922006912 ], [ -118.243804054637963, 44.950009956443431 ], [ -118.243511932942624, 44.944137572820736 ], [ -118.244965556258947, 44.945363922006912 ] ], [ [ -118.240116697552253, 44.942783510910246 ], [ -118.238065555359057, 44.942864922302221 ], [ -118.240857551834793, 44.943078975494842 ], [ -118.240116697552253, 44.942783510910246 ] ], [ [ -118.234147228820461, 44.93999214813784 ], [ -118.234086317233889, 44.939959462774254 ], [ -118.234069245269581, 44.93996615351503 ], [ -118.234147228820461, 44.93999214813784 ] ], [ [ -118.22969083318003, 44.94157062152803 ], [ -118.224206301899898, 44.937403134007589 ], [ -118.229465553868636, 44.941664923131555 ], [ -118.22969083318003, 44.94157062152803 ] ], [ [ -118.227434929049693, 44.927822637424612 ], [ -118.226420552280544, 44.932318920647617 ], [ -118.226870227524458, 44.930819842939059 ], [ -118.227434929049693, 44.927822637424612 ] ], [ [ -118.231636774747813, 44.921406947618628 ], [ -118.232165549707432, 44.922965921917751 ], [ -118.228089111395903, 44.926360327826664 ], [ -118.232232965451487, 44.923218809351603 ], [ -118.232196674334091, 44.922706116996515 ], [ -118.231636774747813, 44.921406947618628 ] ], [ [ -118.228532664177209, 44.916057547396896 ], [ -118.227765548432345, 44.917366921667828 ], [ -118.228034998154868, 44.917905826011292 ], [ -118.228532664177209, 44.916057547396896 ] ], [ [ -118.237214708436625, 44.907463005505676 ], [ -118.231765547456803, 44.911666920967313 ], [ -118.230366697059551, 44.91312660344007 ], [ -118.234827542071713, 44.91065170030695 ], [ -118.237503233537083, 44.908417342508606 ], [ -118.237214708436625, 44.907463005505676 ] ], [ [ -118.236401829265404, 44.898986720223071 ], [ -118.236365546977297, 44.899167919402615 ], [ -118.23492577406526, 44.904255015922267 ], [ -118.236346999775279, 44.89938338205279 ], [ -118.236401829265404, 44.898986720223071 ] ], [ [ -118.231911209260986, 44.892638843141768 ], [ -118.232274821332965, 44.890767992917141 ], [ -118.232138313064752, 44.890254790756074 ], [ -118.231911209260986, 44.892638843141768 ] ], [ [ -118.224781396418919, 44.875485118473463 ], [ -118.229865541739713, 44.882468918708405 ], [ -118.231844583121685, 44.889150498956404 ], [ -118.230154867532363, 44.882797520414428 ], [ -118.224781396418919, 44.875485118473463 ] ], [ [ -118.227765539244544, 44.872869918028677 ], [ -118.227770124705387, 44.872915882324662 ], [ -118.227965829638237, 44.871948593866371 ], [ -118.227765539244544, 44.872869918028677 ] ], [ [ -118.227514394393452, 44.868222594610195 ], [ -118.227485185801342, 44.867981508110454 ], [ -118.227465538758707, 44.868069917776005 ], [ -118.227514394393452, 44.868222594610195 ] ], [ [ -118.236654602323526, 44.861699666072695 ], [ -118.236665539814823, 44.861570916629063 ], [ -118.232121794757987, 44.863578121334044 ], [ -118.236654602323526, 44.861699666072695 ] ], [ [ -118.241668016484027, 44.862854666632742 ], [ -118.245993405073136, 44.86395093943802 ], [ -118.248686641779031, 44.864256491204344 ], [ -118.241668016484027, 44.862854666632742 ] ], [ [ -118.267669665061817, 44.869406609720016 ], [ -118.264765545634347, 44.866769914065223 ], [ -118.264260653156882, 44.866668936115694 ], [ -118.267669665061817, 44.869406609720016 ] ], [ [ -118.296060142253779, 44.86237736707902 ], [ -118.296120980628814, 44.862336801549461 ], [ -118.295653309577929, 44.861258858530668 ], [ -118.296060142253779, 44.86237736707902 ] ], [ [ -118.294357836302069, 44.854749778716133 ], [ -118.293692280751699, 44.853058848018883 ], [ -118.293666547298031, 44.853070910262801 ], [ -118.294357836302069, 44.854749778716133 ] ], [ [ -118.296366427413545, 44.851805360472042 ], [ -118.29704304569114, 44.851533467651393 ], [ -118.297369036198859, 44.85133538758344 ], [ -118.296366427413545, 44.851805360472042 ] ], [ [ -118.308867548168848, 44.8412719080305 ], [ -118.306662561347551, 44.846636305492396 ], [ -118.311581105546239, 44.840367389897906 ], [ -118.308867548168848, 44.8412719080305 ] ], [ [ -118.312399295327722, 44.840061202621989 ], [ -118.314467548464648, 44.838071907247446 ], [ -118.312212053234148, 44.840131273484936 ], [ -118.312399295327722, 44.840061202621989 ] ], [ [ -118.318339672935238, 44.836523060552416 ], [ -118.31888166241265, 44.836358945336997 ], [ -118.318851190464954, 44.836318450836046 ], [ -118.318339672935238, 44.836523060552416 ] ], [ [ -118.318355965518933, 44.835660337058357 ], [ -118.317511741297196, 44.83453841422839 ], [ -118.316605072631603, 44.833909448255397 ], [ -118.318355965518933, 44.835660337058357 ] ], [ [ -118.309600324492209, 44.831099225500111 ], [ -118.308275811667542, 44.830625381218155 ], [ -118.308267546144151, 44.830672907012193 ], [ -118.309600324492209, 44.831099225500111 ] ], [ [ -118.308449488957635, 44.829626748022228 ], [ -118.308477840707752, 44.829475278029932 ], [ -118.308489955580555, 44.829394065069927 ], [ -118.308449488957635, 44.829626748022228 ] ], [ [ -118.311402005520463, 44.822861587517515 ], [ -118.311167545288754, 44.823072906427683 ], [ -118.310456322238522, 44.824580749705866 ], [ -118.311402005520463, 44.822861587517515 ] ], [ [ -118.309141969117718, 44.821269419067114 ], [ -118.309101162924222, 44.821240671190715 ], [ -118.30900720768372, 44.821251042536176 ], [ -118.309141969117718, 44.821269419067114 ] ], [ [ -118.307575702817829, 44.81922376370887 ], [ -118.306967544137493, 44.820972906310175 ], [ -118.307409249387291, 44.821033139020408 ], [ -118.307575702817829, 44.81922376370887 ] ], [ [ -118.298413360870271, 44.81626080272305 ], [ -118.303126418657953, 44.817105193396507 ], [ -118.302156726531663, 44.816729175941596 ], [ -118.298413360870271, 44.81626080272305 ] ], [ [ -118.295122542836069, 44.813244457140264 ], [ -118.294966540952572, 44.812943606288563 ], [ -118.295656351592228, 44.815119997845372 ], [ -118.295122542836069, 44.813244457140264 ] ], [ [ -118.298251404748555, 44.80219095296907 ], [ -118.29806653861877, 44.802874905914024 ], [ -118.294966540096411, 44.809455512042319 ], [ -118.29713339654792, 44.80647042759324 ], [ -118.298251404748555, 44.80219095296907 ] ], [ [ -118.297385287998068, 44.799040943131907 ], [ -118.298310571087356, 44.798625630517463 ], [ -118.298435420025797, 44.798356072405127 ], [ -118.297385287998068, 44.799040943131907 ] ], [ [ -118.299394035260491, 44.796286309102548 ], [ -118.299588884077323, 44.795865598457489 ], [ -118.297321553795982, 44.793753746277531 ], [ -118.299394035260491, 44.796286309102548 ] ], [ [ -118.294270802434283, 44.789849831081668 ], [ -118.294066536158354, 44.7897759053184 ], [ -118.295773310035074, 44.791861726987719 ], [ -118.294270802434283, 44.789849831081668 ] ], [ [ -118.293605224563393, 44.787746139907782 ], [ -118.294131352508657, 44.784738462521695 ], [ -118.293863818479053, 44.784206685651235 ], [ -118.293605224563393, 44.787746139907782 ] ], [ [ -118.289666533645047, 44.779075904558177 ], [ -118.293621402774818, 44.783685655974182 ], [ -118.29237129784768, 44.780635619435756 ], [ -118.28931153709344, 44.778320739655278 ], [ -118.285250960631771, 44.773037481430343 ], [ -118.285068138681666, 44.772977709475306 ], [ -118.289666533645047, 44.779075904558177 ] ], [ [ -118.283689191814645, 44.77228823818951 ], [ -118.282918457399319, 44.7715653458121 ], [ -118.282866530698044, 44.771876904992375 ], [ -118.283689191814645, 44.77228823818951 ] ], [ [ -118.285652248452166, 44.767766975427968 ], [ -118.28606589798008, 44.767610413981899 ], [ -118.282961997025652, 44.771304107620118 ], [ -118.285652248452166, 44.767766975427968 ] ], [ [ -118.287882860800991, 44.766922710052881 ], [ -118.290017676532059, 44.765017034807222 ], [ -118.287539530888125, 44.76705265793472 ], [ -118.287882860800991, 44.766922710052881 ] ], [ [ -118.286833967984919, 44.759517130603747 ], [ -118.286566529171864, 44.75967790387709 ], [ -118.289483293190742, 44.764093916146486 ], [ -118.286833967984919, 44.759517130603747 ] ], [ [ -118.286744535885745, 44.754604713997949 ], [ -118.286783322346011, 44.754386717771467 ], [ -118.286754575186322, 44.754318580745654 ], [ -118.286744535885745, 44.754604713997949 ] ], [ [ -118.286171617099612, 44.752936825854377 ], [ -118.285359700222102, 44.751012326935161 ], [ -118.285166527023264, 44.751177903586203 ], [ -118.286171617099612, 44.752936825854377 ] ], [ [ -118.285430396226246, 44.75095173037942 ], [ -118.288416933734965, 44.750213559738086 ], [ -118.28586652702721, 44.750577902692321 ], [ -118.285430396226246, 44.75095173037942 ] ], [ [ -118.296758760234113, 44.746955279366027 ], [ -118.300153044873412, 44.745957179468128 ], [ -118.294879410464603, 44.746772200897333 ], [ -118.296758760234113, 44.746955279366027 ] ], [ [ -118.308761095760758, 44.744631145670347 ], [ -118.312361708558029, 44.744332276555447 ], [ -118.310066529667139, 44.744278900454901 ], [ -118.308761095760758, 44.744631145670347 ] ], [ [ -118.321082665581088, 44.74154570052422 ], [ -118.321266531603598, 44.741478899051849 ], [ -118.320658483979201, 44.741652627562573 ], [ -118.321082665581088, 44.74154570052422 ] ], [ [ -118.327504039105506, 44.74244715917429 ], [ -118.329502161228504, 44.743509518708713 ], [ -118.32958263302254, 44.743486449594222 ], [ -118.327504039105506, 44.74244715917429 ] ], [ [ -118.338765926163958, 44.743603298683354 ], [ -118.339491545697143, 44.743959979285258 ], [ -118.339888283556476, 44.744024180539824 ], [ -118.338765926163958, 44.743603298683354 ] ], [ [ -118.341908291070226, 44.744208331554987 ], [ -118.350321844366576, 44.743866589607308 ], [ -118.35006753725493, 44.743778896868839 ], [ -118.341908291070226, 44.744208331554987 ] ], [ [ -118.351592329101763, 44.744304688951978 ], [ -118.352532464312333, 44.7447155803927 ], [ -118.352864956978692, 44.744743523984553 ], [ -118.351592329101763, 44.744304688951978 ] ], [ [ -118.365854334287405, 44.747194733560875 ], [ -118.365968540694851, 44.74707889527221 ], [ -118.363401176365016, 44.745843601358374 ], [ -118.365854334287405, 44.747194733560875 ] ], [ [ -118.37990888124645, 44.744316195621678 ], [ -118.379568542392093, 44.744378893484722 ], [ -118.379210074253223, 44.744511660546152 ], [ -118.37990888124645, 44.744316195621678 ] ], [ [ -118.383192571131914, 44.74084779639513 ], [ -118.383348410446558, 44.740763822253761 ], [ -118.383347688967518, 44.740696651462102 ], [ -118.383192571131914, 44.74084779639513 ] ], [ [ -118.383339003595864, 44.739888024073792 ], [ -118.383329023415754, 44.738958833179133 ], [ -118.383168541991779, 44.738978893311696 ], [ -118.383339003595864, 44.739888024073792 ] ], [ [ -118.386368543000714, 44.738578892777305 ], [ -118.387190567010734, 44.735854487308373 ], [ -118.387068543110701, 44.735878892026093 ], [ -118.386368543000714, 44.738578892777305 ] ], [ [ -118.387999073466759, 44.735692786169693 ], [ -118.388505772242297, 44.735651152757185 ], [ -118.388696820458478, 44.735553236539481 ], [ -118.387999073466759, 44.735692786169693 ] ], [ [ -118.400013940747428, 44.726483667410278 ], [ -118.400055736132813, 44.726490146243016 ], [ -118.40043221918593, 44.726247250586709 ], [ -118.400013940747428, 44.726483667410278 ] ], [ [ -118.445569551116137, 44.723478885840322 ], [ -118.445630470771391, 44.72347405612728 ], [ -118.450542918992284, 44.720310267996766 ], [ -118.445569551116137, 44.723478885840322 ] ], [ [ -118.459657061408748, 44.714604168929739 ], [ -118.460461942977545, 44.712802552084952 ], [ -118.460370550788227, 44.712879883220495 ], [ -118.459657061408748, 44.714604168929739 ] ], [ [ -118.468328659616773, 44.7056392064232 ], [ -118.468450744677384, 44.70561993680306 ], [ -118.468710396856707, 44.705371992904439 ], [ -118.468328659616773, 44.7056392064232 ] ], [ [ -118.498466557187527, 44.710696879701921 ], [ -118.498816277867164, 44.7102683230761 ], [ -118.498835136051241, 44.710235473132926 ], [ -118.498466557187527, 44.710696879701921 ] ], [ [ -118.473508836592046, 44.658689600853322 ], [ -118.473469543632049, 44.65868187816163 ], [ -118.478169544690715, 44.661680877921192 ], [ -118.473508836592046, 44.658689600853322 ] ], [ [ -118.466168541991166, 44.655581878732477 ], [ -118.463253615872688, 44.655652643742535 ], [ -118.463150803156154, 44.655676183270195 ], [ -118.466168541991166, 44.655581878732477 ] ], [ [ -118.371658884005328, 44.644074256954546 ], [ -118.371084208722507, 44.643463758715718 ], [ -118.371038622302805, 44.643453988970656 ], [ -118.371658884005328, 44.644074256954546 ] ], [ [ -118.364842650907363, 44.640029171864036 ], [ -118.364593243528844, 44.639832669523621 ], [ -118.364568915059081, 44.639830086642924 ], [ -118.364842650907363, 44.640029171864036 ] ], [ [ -118.363182427656497, 44.63968288724277 ], [ -118.362176523399938, 44.639576093032431 ], [ -118.362265520131032, 44.63968288749151 ], [ -118.363182427656497, 44.63968288724277 ] ], [ [ -118.36138113275905, 44.638621629997012 ], [ -118.360931889061987, 44.63801289062603 ], [ -118.360884547156374, 44.638025722892181 ], [ -118.36138113275905, 44.638621629997012 ] ], [ [ -118.355154726196503, 44.63916254265154 ], [ -118.355050139232858, 44.639149567655267 ], [ -118.355065518410385, 44.63918288807826 ], [ -118.355154726196503, 44.63916254265154 ] ], [ [ -118.354689263212563, 44.638367690593782 ], [ -118.354426339889301, 44.636820786910739 ], [ -118.353488449805766, 44.635765922173654 ], [ -118.354689263212563, 44.638367690593782 ] ], [ [ -118.345851580514832, 44.632607775771092 ], [ -118.343445248930593, 44.631390033933215 ], [ -118.343565515248685, 44.631782888138218 ], [ -118.345851580514832, 44.632607775771092 ] ], [ [ -118.344165513938279, 44.625182887520175 ], [ -118.344447586426725, 44.625118752313178 ], [ -118.34383468694034, 44.624245550613914 ], [ -118.344165513938279, 44.625182887520175 ] ], [ [ -118.341771641283273, 44.62130622015701 ], [ -118.341165512396927, 44.621182887752944 ], [ -118.342752586106286, 44.622703842778705 ], [ -118.341771641283273, 44.62130622015701 ] ], [ [ -118.34036222801582, 44.615301824789725 ], [ -118.338470497519509, 44.613106063552323 ], [ -118.338464510959113, 44.613183887304793 ], [ -118.34036222801582, 44.615301824789725 ] ], [ [ -118.338532284186144, 44.612302846613787 ], [ -118.338813234380268, 44.611015385242887 ], [ -118.338645586284798, 44.610829908305838 ], [ -118.338532284186144, 44.612302846613787 ] ], [ [ -118.338300549150176, 44.610448175705692 ], [ -118.337533031746091, 44.609599022123248 ], [ -118.336574709677862, 44.60980464972517 ], [ -118.338300549150176, 44.610448175705692 ] ], [ [ -118.335613445412733, 44.609446213222583 ], [ -118.33375171562281, 44.608472934038296 ], [ -118.333064098326716, 44.608495601217264 ], [ -118.335613445412733, 44.609446213222583 ] ], [ [ -118.331664509102509, 44.608883887841436 ], [ -118.329104946285966, 44.608626113771372 ], [ -118.318564506067176, 44.60508388872865 ], [ -118.328464508088629, 44.608583888012255 ], [ -118.331664509102509, 44.608883887841436 ] ], [ [ -118.232005847751523, 44.256088873176743 ], [ -118.232038222039421, 44.255189344873649 ], [ -118.231999831742598, 44.256088873331954 ], [ -118.232005847751523, 44.256088873176743 ] ], [ [ -118.193340976984246, 44.268873170883232 ], [ -118.193255119059074, 44.256338136745015 ], [ -118.193187405304016, 44.256338054773984 ], [ -118.193340976984246, 44.268873170883232 ] ], [ [ -118.193353421896745, 44.270689874018103 ], [ -118.193353071843944, 44.270638774223464 ], [ -118.179980781046623, 44.270689218142046 ], [ -118.193353421896745, 44.270689874018103 ] ], [ [ -118.132053418248319, 44.31388888318363 ], [ -118.1320436432555, 44.313188677578879 ], [ -118.13204027886519, 44.313889077353949 ], [ -118.132053418248319, 44.31388888318363 ] ], [ [ -118.11185341663132, 44.328688886804365 ], [ -118.111852889972582, 44.328613288464318 ], [ -118.106027907264007, 44.32868888729665 ], [ -118.11185341663132, 44.328688886804365 ] ], [ [ -118.091553416255778, 44.343088890077546 ], [ -118.086971209996236, 44.343067550881884 ], [ -118.086971128747336, 44.343088890420887 ], [ -118.091553416255778, 44.343088890077546 ] ], [ [ -118.086953417675247, 44.357488891520653 ], [ -118.086922031620361, 44.355982539461507 ], [ -118.086916295890106, 44.357488644044075 ], [ -118.086953417675247, 44.357488891520653 ] ], [ [ -118.07185341751773, 44.371788893383993 ], [ -118.071880343161993, 44.357605005475094 ], [ -118.071656929764188, 44.371790838831046 ], [ -118.07185341751773, 44.371788893383993 ] ], [ [ -118.05169622767265, 44.374549438048483 ], [ -118.051662354760182, 44.372523578695116 ], [ -118.05163474773839, 44.372524380353909 ], [ -118.05169622767265, 44.374549438048483 ] ], [ [ -118.051954418084421, 44.389988897346946 ], [ -118.05195361928692, 44.38994113654865 ], [ -118.04667951861957, 44.389962784432512 ], [ -118.051954418084421, 44.389988897346946 ] ], [ [ -118.03145541903713, 44.415188900719663 ], [ -118.031577212429639, 44.404884451802602 ], [ -118.031297206096937, 44.415189687826114 ], [ -118.03145541903713, 44.415188900719663 ] ], [ [ -118.011355266678322, 44.427519592381095 ], [ -118.011354416222957, 44.415300492760586 ], [ -118.011151910917718, 44.415299545634163 ], [ -118.011355266678322, 44.427519592381095 ] ], [ [ -118.011355417682097, 44.429688904272474 ], [ -118.011355410368722, 44.429583842904336 ], [ -117.989653626563467, 44.429657782954877 ], [ -118.011355417682097, 44.429688904272474 ] ], [ [ -117.971610036763778, 44.434760866967736 ], [ -117.971610403780033, 44.429719257867298 ], [ -117.971529457313054, 44.429719533659181 ], [ -117.971610036763778, 44.434760866967736 ] ], [ [ -118.354158447466403, 44.255389857559862 ], [ -118.497262472757114, 44.255089844778695 ], [ -118.354074445128418, 44.256565897862721 ], [ -118.354158447466403, 44.255389857559862 ] ], [ [ -118.496963477991017, 44.284789847011098 ], [ -118.495463478693537, 44.287389847056417 ], [ -118.498463477427194, 44.278189845811227 ], [ -118.496963477991017, 44.284789847011098 ] ], [ [ -118.48236347961425, 44.304288849854785 ], [ -118.481063479270617, 44.306888850239119 ], [ -118.481063479291151, 44.306986609343866 ], [ -118.48236347961425, 44.304288849854785 ] ], [ [ -118.481012873134617, 44.30966810754034 ], [ -118.475763480900937, 44.317888850947455 ], [ -118.481012548219994, 44.309797048294172 ], [ -118.481012873134617, 44.30966810754034 ] ], [ [ -118.46741091294804, 44.321964424774436 ], [ -118.467363480144925, 44.321988852432327 ], [ -118.46892171570228, 44.325746959023505 ], [ -118.46741091294804, 44.321964424774436 ] ], [ [ -118.468913797256121, 44.328244399108151 ], [ -118.468563482165266, 44.333288853252796 ], [ -118.468895068362627, 44.334150979464127 ], [ -118.468913797256121, 44.328244399108151 ] ], [ [ -118.468893536599737, 44.334634029237137 ], [ -118.468387153424558, 44.334768639633246 ], [ -118.468893519354467, 44.334639467609136 ], [ -118.468893536599737, 44.334634029237137 ] ], [ [ -118.460114441978959, 44.337848328597651 ], [ -118.459263481982831, 44.338788854534435 ], [ -118.459111974378914, 44.339279477129558 ], [ -118.460114441978959, 44.337848328597651 ] ], [ [ -118.458316577063428, 44.341855121392996 ], [ -118.457247176058573, 44.345538053282368 ], [ -118.457587202060395, 44.345083566811127 ], [ -118.458316577063428, 44.341855121392996 ] ], [ [ -118.453880643727175, 44.348668847961328 ], [ -118.453462260277547, 44.34885189250825 ], [ -118.453801006846135, 44.348741973615333 ], [ -118.453880643727175, 44.348668847961328 ] ], [ [ -118.444762480996644, 44.350488856703862 ], [ -118.443969151209018, 44.350595651726529 ], [ -118.447510132629475, 44.350783247537372 ], [ -118.444762480996644, 44.350488856703862 ] ], [ [ -118.436848174119604, 44.352233462912629 ], [ -118.439733551094221, 44.351165828725868 ], [ -118.435965714423503, 44.352828795120161 ], [ -118.436848174119604, 44.352233462912629 ] ], [ [ -118.43453607013636, 44.354122277261162 ], [ -118.435754380291996, 44.355227163064463 ], [ -118.435672959998726, 44.354976107387678 ], [ -118.43453607013636, 44.354122277261162 ] ], [ [ -118.4336454946353, 44.365069961431331 ], [ -118.433659496041017, 44.36516797302933 ], [ -118.433661085001731, 44.365093580273417 ], [ -118.4336454946353, 44.365069961431331 ] ], [ [ -118.430105553414506, 44.369938364423632 ], [ -118.433300289441632, 44.368825290948635 ], [ -118.433584914385264, 44.368659667891741 ], [ -118.433587651588638, 44.368531523719177 ], [ -118.430105553414506, 44.369938364423632 ] ], [ [ -118.429917705070849, 44.369998147137721 ], [ -118.428411877721842, 44.370310475844889 ], [ -118.429404398548186, 44.370161506569197 ], [ -118.429917705070849, 44.369998147137721 ] ], [ [ -118.411854992081913, 44.37317060751392 ], [ -118.411662479347271, 44.373088861577038 ], [ -118.407662477849414, 44.370888861916988 ], [ -118.407794776347814, 44.371077862594852 ], [ -118.41144999934572, 44.373031565541147 ], [ -118.411854992081913, 44.37317060751392 ] ], [ [ -118.42014372353016, 44.385142074610833 ], [ -118.421460264592739, 44.38598568462352 ], [ -118.421308581128372, 44.385711389275379 ], [ -118.42014372353016, 44.385142074610833 ] ], [ [ -118.425062486199948, 44.398687862684014 ], [ -118.429563486713917, 44.39878886179082 ], [ -118.426732487021766, 44.397573862148427 ], [ -118.425062486199948, 44.398687862684014 ] ], [ [ -118.423463491023668, 44.426387864860509 ], [ -118.420763491184815, 44.428087865476911 ], [ -118.421863490458804, 44.42288786487039 ], [ -118.423463491023668, 44.426387864860509 ] ], [ [ -118.364287191720365, 44.475381032839287 ], [ -118.362062489259515, 44.473987874025148 ], [ -118.36726249059285, 44.478787873792207 ], [ -118.364287191720365, 44.475381032839287 ] ], [ [ -118.373262283698367, 44.506377563539608 ], [ -118.373263496886324, 44.50638787544748 ], [ -118.374863497447336, 44.507487875825298 ], [ -118.373262283698367, 44.506377563539608 ] ], [ [ -118.364863501017567, 44.537686879418885 ], [ -118.362863501001826, 44.536686878976482 ], [ -118.368863501941888, 44.534286878311271 ], [ -118.364863501017567, 44.537686879418885 ] ], [ [ -117.920266512787165, 45.022801095947194 ], [ -117.921510512441813, 45.021526958956578 ], [ -117.918616512133923, 45.024490959906373 ], [ -117.920266512787165, 45.022801095947194 ] ], [ [ -118.519076615972551, 44.995961899118733 ], [ -118.518479632615808, 45.080659905341925 ], [ -118.51912661627793, 44.999861899456612 ], [ -118.519076615972551, 44.995961899118733 ] ], [ [ -118.548581637775982, 45.080761902697091 ], [ -118.53445363499236, 45.080713903705956 ], [ -118.518479632615808, 45.080659905341925 ], [ -118.548581637775982, 45.080761902697091 ] ], [ [ -117.747326646650876, 45.861018040703598 ], [ -117.74711462834307, 45.773352034118233 ], [ -117.747259553176292, 45.833305967666789 ], [ -117.747326646650876, 45.861018040703598 ] ], [ [ -117.746447597699969, 45.617200022604159 ], [ -117.727162593487208, 45.617278024257786 ], [ -117.730269836987134, 45.617265675096753 ], [ -117.746447597699969, 45.617200022604159 ] ], [ [ -117.973107686825145, 45.852680017571622 ], [ -117.973679680236742, 45.816984014252796 ], [ -117.972935688818595, 45.860592018148544 ], [ -117.973107686825145, 45.852680017571622 ] ], [ [ -118.001063684440908, 45.817070011875771 ], [ -118.04501669340209, 45.817104007430203 ], [ -117.973679680236742, 45.816984014252796 ], [ -118.001063684440908, 45.817070011875771 ] ], [ [ -118.758010833408562, 45.66624132073057 ], [ -118.75801865831275, 45.66575461869116 ], [ -118.757994889978335, 45.667232896484016 ], [ -118.758010833408562, 45.66624132073057 ] ], [ [ -118.754239551379541, 45.672913106841435 ], [ -118.754287087162155, 45.673809928990337 ], [ -118.754287754398746, 45.672924318512621 ], [ -118.754239551379541, 45.672913106841435 ] ], [ [ -118.757665922686868, 45.677396368954916 ], [ -118.757584135158496, 45.677461185572291 ], [ -118.757062031230021, 45.677874957821039 ], [ -118.757665922686868, 45.677396368954916 ] ], [ [ -118.755530116795669, 45.678216441495771 ], [ -118.755535782993803, 45.678203219054076 ], [ -118.75433462445416, 45.678327039463191 ], [ -118.755530116795669, 45.678216441495771 ] ], [ [ -118.750044465921405, 45.68041886058981 ], [ -118.75095957099937, 45.680103891393287 ], [ -118.749751457084002, 45.680519710210476 ], [ -118.750044465921405, 45.68041886058981 ] ], [ [ -118.755315798522901, 45.680735348609936 ], [ -118.755855775013586, 45.680751514272714 ], [ -118.754192016779768, 45.680701696819135 ], [ -118.755315798522901, 45.680735348609936 ] ], [ [ -118.755863150277563, 45.681065834361952 ], [ -118.755879543606468, 45.681764448582925 ], [ -118.755855775013586, 45.680751514272714 ], [ -118.755863150277563, 45.681065834361952 ] ], [ [ -118.761026738706093, 45.678350027681425 ], [ -118.761028545208333, 45.677817413764735 ], [ -118.761023324211465, 45.679356488698971 ], [ -118.761026738706093, 45.678350027681425 ] ], [ [ -118.066387688253101, 45.773535001992656 ], [ -118.066579681504592, 45.760715359611162 ], [ -118.066501640492504, 45.751932598622552 ], [ -118.066387688253101, 45.773535001992656 ] ], [ [ -118.0450676833497, 45.773544003988334 ], [ -118.059939686519854, 45.773566003124095 ], [ -118.066387688253101, 45.773535001992656 ], [ -118.0450676833497, 45.773544003988334 ] ], [ [ -118.842816884053391, 45.515523865749003 ], [ -118.843272874510092, 45.515528194107056 ], [ -118.842827421890675, 45.500943220719556 ], [ -118.842816884053391, 45.515523865749003 ] ], [ [ -118.832448090998696, 45.515424993561375 ], [ -118.832455295161935, 45.51542506301427 ], [ -118.842816884053391, 45.515523865749003 ], [ -118.832448090998696, 45.515424993561375 ] ], [ [ -118.384252678803961, 45.438571945610654 ], [ -118.384479678759462, 45.44265694595402 ], [ -118.384080677347072, 45.435456945291925 ], [ -118.384252678803961, 45.438571945610654 ] ], [ [ -118.251073651983759, 45.42905795828937 ], [ -118.366579673155798, 45.428956946929119 ], [ -118.241872651354981, 45.428957958691761 ], [ -118.251073651983759, 45.42905795828937 ] ], [ [ -118.241772650920083, 45.427357959156573 ], [ -118.241866650166827, 45.42887095845478 ], [ -118.241872651354981, 45.428957958691761 ], [ -118.241772650920083, 45.427357959156573 ] ], [ [ -118.197970641778781, 45.427158963014087 ], [ -118.234737649111182, 45.427443959581083 ], [ -118.241772650920083, 45.427357959156573 ], [ -118.197970641778781, 45.427158963014087 ] ], [ [ -118.1177436571123, 45.574893982473583 ], [ -118.117299653871925, 45.560493981422802 ], [ -118.117000661783962, 45.600753984132908 ], [ -118.1177436571123, 45.574893982473583 ] ], [ [ -118.428482684367978, 45.428956940303124 ], [ -118.428381673924903, 45.374856936646097 ], [ -118.428281670342002, 45.355156935176105 ], [ -118.428482684367978, 45.428956940303124 ] ], [ [ -118.696795698642703, 45.257658901312141 ], [ -118.69769771604382, 45.345158908140135 ], [ -118.697596711079896, 45.316158905388257 ], [ -118.696795698642703, 45.257658901312141 ] ], [ [ -118.673205694847795, 45.257715904018028 ], [ -118.655792691664445, 45.25775890569674 ], [ -118.696795698642703, 45.257658901312141 ], [ -118.673205694847795, 45.257715904018028 ] ], [ [ -118.655840690262949, 45.249858905304094 ], [ -118.655790679759178, 45.196860900610538 ], [ -118.655792691664445, 45.25775890569674 ], [ -118.655840690262949, 45.249858905304094 ] ], [ [ -118.656294708148081, 45.340457911910143 ], [ -118.613891699822219, 45.339857915562341 ], [ -118.643095705049689, 45.340457912799707 ], [ -118.656294708148081, 45.340457911910143 ] ], [ [ -118.053981805056708, 45.339829218425436 ], [ -118.073002512427024, 45.331782214448936 ], [ -118.060739692770056, 45.336911513342876 ], [ -118.053981805056708, 45.339829218425436 ] ], [ [ -118.114701957362982, 45.342935140909638 ], [ -118.11034133897472, 45.343845784728927 ], [ -118.112521654638655, 45.34339048606234 ], [ -118.114701957362982, 45.342935140909638 ] ], [ [ -118.832696320911396, 45.495206015321934 ], [ -118.832553777111315, 45.500888022639053 ], [ -118.832784293883151, 45.500889261156615 ], [ -118.832696320911396, 45.495206015321934 ] ], [ [ -118.833676750046649, 45.495143537493249 ], [ -118.834227585913979, 45.492434822452054 ], [ -118.832696320911396, 45.495206015321934 ], [ -118.833676750046649, 45.495143537493249 ] ], [ [ -118.832553777111315, 45.500888022639053 ], [ -118.832552568814933, 45.50095403902543 ], [ -118.832539009502028, 45.50169499264382 ], [ -118.832553777111315, 45.500888022639053 ] ], [ [ -118.833557908889716, 45.489155805088728 ], [ -118.832815612956011, 45.492821887256007 ], [ -118.83300394621736, 45.492770259525201 ], [ -118.833557908889716, 45.489155805088728 ] ], [ [ -118.835043406695846, 45.488239365160617 ], [ -118.835169260335547, 45.488220957930189 ], [ -118.833855008631815, 45.48832267867914 ], [ -118.835043406695846, 45.488239365160617 ] ], [ [ -118.841270614769769, 45.477303422362823 ], [ -118.841353802902702, 45.476778443866799 ], [ -118.84099728358089, 45.478086715062538 ], [ -118.841270614769769, 45.477303422362823 ] ], [ [ -118.832828563137738, 45.471812536666015 ], [ -118.834716923292916, 45.471846117096923 ], [ -118.832844865985663, 45.470086622405823 ], [ -118.832828563137738, 45.471812536666015 ] ], [ [ -118.832856749885366, 45.469661586356779 ], [ -118.832856750243749, 45.469561576552103 ], [ -118.831787191202764, 45.469636583444135 ], [ -118.832856749885366, 45.469661586356779 ] ], [ [ -118.830753283574026, 45.470720005035474 ], [ -118.830907775351946, 45.470886683506492 ], [ -118.830610675845278, 45.469661586350924 ], [ -118.830753283574026, 45.470720005035474 ] ], [ [ -118.82755159556794, 45.485645660301678 ], [ -118.827722868090788, 45.476720113815048 ], [ -118.825893633606825, 45.485614491586496 ], [ -118.82755159556794, 45.485645660301678 ] ], [ [ -118.825512448457673, 45.486177322094406 ], [ -118.825909815357903, 45.486249390020966 ], [ -118.825893633606825, 45.485614491586496 ], [ -118.825512448457673, 45.486177322094406 ] ], [ [ -118.825500564452895, 45.485569109089688 ], [ -118.825084623971179, 45.485610991623631 ], [ -118.825501495019992, 45.485616770262595 ], [ -118.825500564452895, 45.485569109089688 ] ], [ [ -118.822339422798635, 45.48616899098608 ], [ -118.825084134396974, 45.48624159792336 ], [ -118.825084171364438, 45.486193981462996 ], [ -118.822339422798635, 45.48616899098608 ] ], [ [ -118.822319578098842, 45.489891640081986 ], [ -118.822376470498682, 45.488935429552974 ], [ -118.822331860161015, 45.488908507217268 ], [ -118.822319578098842, 45.489891640081986 ] ], [ [ -118.82237507527293, 45.489893112283745 ], [ -118.824743742098434, 45.489917135826218 ], [ -118.822319578098842, 45.489891640081986 ], [ -118.82237507527293, 45.489893112283745 ] ], [ [ -118.827485192394747, 45.494516678816474 ], [ -118.827271279657793, 45.494774920930908 ], [ -118.828388375211048, 45.493591995674201 ], [ -118.827485192394747, 45.494516678816474 ] ], [ [ -118.827449540510841, 45.496632562368873 ], [ -118.827544612895508, 45.497132366392222 ], [ -118.827497076111811, 45.495591291200988 ], [ -118.827449540510841, 45.496632562368873 ] ], [ [ -118.830194741357232, 45.497457235596258 ], [ -118.830530204618483, 45.496809008647169 ], [ -118.829279675575833, 45.498873313399812 ], [ -118.830194741357232, 45.497457235596258 ] ], [ [ -118.831216764472998, 45.495299730944282 ], [ -118.831377188526702, 45.494758891957048 ], [ -118.830530204618483, 45.496809008647169 ], [ -118.831216764472998, 45.495299730944282 ] ], [ [ -118.83259330147645, 45.493649443247421 ], [ -118.83259296008525, 45.493613828757034 ], [ -118.83191005235183, 45.493612753654944 ], [ -118.83259330147645, 45.493649443247421 ] ], [ [ -118.827437305427523, 45.504568279224195 ], [ -118.832485130885516, 45.504639069653869 ], [ -118.832490359145751, 45.50435338976299 ], [ -118.827437305427523, 45.504568279224195 ] ], [ [ -118.827417425578574, 45.50795983559091 ], [ -118.822351311120812, 45.507952025018533 ], [ -118.827437305427523, 45.504568279224195 ], [ -118.827417425578574, 45.50795983559091 ] ], [ [ -118.821115377545112, 45.50984254546929 ], [ -118.819912242621186, 45.511728034197482 ], [ -118.822351311120812, 45.507952025018533 ], [ -118.821115377545112, 45.50984254546929 ] ], [ [ -118.819888179716258, 45.65903196816312 ], [ -118.820635894714769, 45.658870581457926 ], [ -118.822048232985367, 45.658565729631306 ], [ -118.819888179716258, 45.65903196816312 ] ], [ [ -118.828182377553901, 45.657953907507938 ], [ -118.829700100816126, 45.659495244121956 ], [ -118.828310687245221, 45.657935747271743 ], [ -118.828182377553901, 45.657953907507938 ] ], [ [ -118.830089649503648, 45.659505424896778 ], [ -118.830247810234852, 45.65583901524986 ], [ -118.830267908961872, 45.655373053008418 ], [ -118.830089649503648, 45.659505424896778 ] ], [ [ -118.829300747123838, 45.64703342776096 ], [ -118.829300549533158, 45.646946223423356 ], [ -118.827931515061181, 45.646986100585018 ], [ -118.829300747123838, 45.64703342776096 ] ], [ [ -118.827931513952194, 45.640030279943986 ], [ -118.827931513754152, 45.639594971619829 ], [ -118.827931515061181, 45.646986100585018 ], [ -118.827931513952194, 45.640030279943986 ] ], [ [ -118.825869776375399, 45.640055600014037 ], [ -118.825858945054819, 45.640020387075722 ], [ -118.821276479515731, 45.640033682205704 ], [ -118.825869776375399, 45.640055600014037 ] ], [ [ -118.821694796362266, 45.642280351640856 ], [ -118.822801106389093, 45.644342876285357 ], [ -118.82283566039753, 45.644407293085344 ], [ -118.821694796362266, 45.642280351640856 ] ], [ [ -118.800663945181029, 45.648491847427444 ], [ -118.800674211386465, 45.648511552136192 ], [ -118.801862610150536, 45.650040128814155 ], [ -118.800663945181029, 45.648491847427444 ] ], [ [ -118.797061479424571, 45.652731653546709 ], [ -118.796968829145627, 45.645672183600674 ], [ -118.796966405488149, 45.645487504947837 ], [ -118.797061479424571, 45.652731653546709 ] ], [ [ -118.791117252911306, 45.646871382429843 ], [ -118.791022544385839, 45.646869209429582 ], [ -118.78890245763948, 45.646820570532419 ], [ -118.791117252911306, 45.646871382429843 ] ], [ [ -118.996897617009665, 45.552325731773706 ], [ -118.997560217081585, 45.552336184632992 ], [ -119.001864282724569, 45.552403994540818 ], [ -118.996897617009665, 45.552325731773706 ] ], [ [ -118.818818701436442, 45.644422809524208 ], [ -118.819137013745248, 45.646026518670048 ], [ -118.8194908888198, 45.64780930694139 ], [ -118.818818701436442, 45.644422809524208 ] ], [ [ -118.783505804412101, 45.649066710415937 ], [ -118.783656340565571, 45.651934179942785 ], [ -118.783466195615091, 45.648312170539242 ], [ -118.783505804412101, 45.649066710415937 ] ], [ [ -118.784990124962491, 45.651959380622067 ], [ -118.785415170404406, 45.651967407804115 ], [ -118.783656340565571, 45.651934179942785 ], [ -118.784990124962491, 45.651959380622067 ] ], [ [ -118.786066522350723, 45.654056883338896 ], [ -118.786128210195201, 45.654991105978922 ], [ -118.785985601295565, 45.652831338378618 ], [ -118.786066522350723, 45.654056883338896 ] ], [ [ -118.811177284456988, 45.654115819162207 ], [ -118.814126886023118, 45.651070232925605 ], [ -118.81233032944904, 45.652782578929447 ], [ -118.811177284456988, 45.654115819162207 ] ], [ [ -118.785866331325181, 45.675842781637101 ], [ -118.786617398771526, 45.675470781081891 ], [ -118.786887564196178, 45.67531105232662 ], [ -118.785866331325181, 45.675842781637101 ] ], [ [ -118.782860321609022, 45.676107062356351 ], [ -118.782547943876551, 45.67613986365545 ], [ -118.7848300474149, 45.676055351983841 ], [ -118.782860321609022, 45.676107062356351 ] ], [ [ -118.796742558045878, 45.679449723711777 ], [ -118.796599949727877, 45.679243808969737 ], [ -118.796676007499798, 45.679356730157302 ], [ -118.796742558045878, 45.679449723711777 ] ], [ [ -118.797246439368053, 45.679808412326111 ], [ -118.797873913831353, 45.680246806970544 ], [ -118.796742558045878, 45.679449723711777 ], [ -118.797246439368053, 45.679808412326111 ] ], [ [ -118.848679392675436, 45.668908079039198 ], [ -118.838340323617402, 45.672956413356836 ], [ -118.841222190323236, 45.671959927346428 ], [ -118.848679392675436, 45.668908079039198 ] ], [ [ -118.847669253343653, 45.669883858184555 ], [ -118.848679393077049, 45.669759290993859 ], [ -118.848085192974835, 45.669780052308489 ], [ -118.847669253343653, 45.669883858184555 ] ], [ [ -118.850669960650933, 45.669738529795453 ], [ -118.85146136098318, 45.670039949902005 ], [ -118.850996770485565, 45.669842335217247 ], [ -118.850669960650933, 45.669738529795453 ] ], [ [ -118.851871842736642, 45.670765988841794 ], [ -118.851346160713931, 45.670321952838371 ], [ -118.851798940681007, 45.670797336999534 ], [ -118.851871842736642, 45.670765988841794 ] ], [ [ -118.850461992427611, 45.672977171864915 ], [ -118.850176681889778, 45.673545573944111 ], [ -118.850254022605753, 45.673433888474456 ], [ -118.850461992427611, 45.672977171864915 ] ], [ [ -118.812509061093408, 45.681691356018447 ], [ -118.812515407252732, 45.682484416684424 ], [ -118.823039690414021, 45.681674906778937 ], [ -118.812509061093408, 45.681691356018447 ] ], [ [ -118.37447194814537, 45.913582519755245 ], [ -118.375745912329094, 45.915606537221279 ], [ -118.375023365977725, 45.914363031890645 ], [ -118.37447194814537, 45.913582519755245 ] ], [ [ -118.375023367425243, 45.922643722967734 ], [ -118.37403461866181, 45.921149057055501 ], [ -118.37456702187383, 45.921955917394392 ], [ -118.375023367425243, 45.922643722967734 ] ], [ [ -118.378978360131015, 45.927484576745449 ], [ -118.37639240273667, 45.924918712513211 ], [ -118.377913554464683, 45.926519084414174 ], [ -118.378978360131015, 45.927484576745449 ] ], [ [ -118.380366410407078, 45.931412499608832 ], [ -118.378921316139341, 45.928357472608077 ], [ -118.379092446068512, 45.928979072024724 ], [ -118.380366410407078, 45.931412499608832 ] ], [ [ -118.381697417812788, 45.933039134220209 ], [ -118.381107970846926, 45.932576275110904 ], [ -118.381355158849402, 45.932787868275071 ], [ -118.381697417812788, 45.933039134220209 ] ], [ [ -118.384073256279564, 45.936816083678231 ], [ -118.384240522633235, 45.936819315377193 ], [ -118.384254198370442, 45.93548827010229 ], [ -118.384073256279564, 45.936816083678231 ] ], [ [ -118.397663788067192, 45.949796807531975 ], [ -118.39770130363334, 45.949796674153241 ], [ -118.392444339589872, 45.949737315297426 ], [ -118.397663788067192, 45.949796807531975 ] ], [ [ -118.398457243453294, 45.950762130385762 ], [ -118.398363825178762, 45.950368036797471 ], [ -118.398674493975392, 45.951141788662518 ], [ -118.398457243453294, 45.950762130385762 ] ], [ [ -118.403590138351063, 45.949906414334599 ], [ -118.402758644512161, 45.949897868076249 ], [ -118.402753780510167, 45.949977458456175 ], [ -118.403590138351063, 45.949906414334599 ] ], [ [ -118.409531009195732, 45.941980057904843 ], [ -118.410158516951327, 45.940175920512509 ], [ -118.409369119954277, 45.942004152677605 ], [ -118.409531009195732, 45.941980057904843 ] ], [ [ -118.392864459350534, 45.929211612555768 ], [ -118.392864702546376, 45.929284244848418 ], [ -118.393517271784859, 45.929299656743652 ], [ -118.392864459350534, 45.929211612555768 ] ], [ [ -118.385728465969621, 45.934057409190615 ], [ -118.385510701309684, 45.934904060280822 ], [ -118.3857415630482, 45.934904554098857 ], [ -118.385728465969621, 45.934057409190615 ] ], [ [ -118.383293830511363, 45.913608063262188 ], [ -118.382153759406435, 45.917656936227665 ], [ -118.383218564526331, 45.913886787575713 ], [ -118.383293830511363, 45.913608063262188 ] ], [ [ -118.381893876458534, 45.912732058297117 ], [ -118.38094741892732, 45.913242774400231 ], [ -118.382334664424775, 45.911348115988979 ], [ -118.381893876458534, 45.912732058297117 ] ], [ [ -117.435203480180903, 42.765474317601303 ], [ -117.449531790835678, 42.766675385768714 ], [ -117.455597256946135, 42.767183264441918 ], [ -117.435203480180903, 42.765474317601303 ] ], [ [ -117.041019031213381, 42.988036971382733 ], [ -117.041010400798584, 42.973503950792626 ], [ -117.041008618910382, 42.970506626374366 ], [ -117.041019031213381, 42.988036971382733 ] ], [ [ -117.070677581511504, 42.970034818812216 ], [ -117.070670618520069, 42.973650332128649 ], [ -117.070677793889658, 42.97727165639526 ], [ -117.070677581511504, 42.970034818812216 ] ], [ [ -117.067659375749528, 43.736986340047181 ], [ -117.065638098470728, 43.739614188917599 ], [ -117.065865552875593, 43.739431313539328 ], [ -117.067659375749528, 43.736986340047181 ] ], [ [ -117.250140633813174, 43.98566837357621 ], [ -117.250527378464795, 43.98567294868387 ], [ -117.250397248164006, 43.98566165270659 ], [ -117.250140633813174, 43.98566837357621 ] ], [ [ -117.245532659659787, 43.989127977348225 ], [ -117.245627664918004, 43.98793720644067 ], [ -117.245532690100731, 43.987936810501445 ], [ -117.245532659659787, 43.989127977348225 ] ], [ [ -117.24301261194023, 43.99164806582904 ], [ -117.243019552603457, 43.989119868923396 ], [ -117.243014732215556, 43.990874953131403 ], [ -117.24301261194023, 43.99164806582904 ] ], [ [ -117.21546684891824, 43.992514476022095 ], [ -117.218592801837602, 43.991612129804174 ], [ -117.217875901049013, 43.991796211139729 ], [ -117.21546684891824, 43.992514476022095 ] ], [ [ -117.216329554402492, 43.991910197508894 ], [ -117.215467896547295, 43.99201869448266 ], [ -117.215904703604394, 43.992009461769037 ], [ -117.216329554402492, 43.991910197508894 ] ], [ [ -117.216742065058142, 43.991768085211021 ], [ -117.216981228375587, 43.991435066278676 ], [ -117.216329554402492, 43.991910197508894 ], [ -117.216742065058142, 43.991768085211021 ] ], [ [ -117.217224501070163, 43.991160591325482 ], [ -117.217347901220904, 43.990925144017403 ], [ -117.216981228375587, 43.991435066278676 ], [ -117.217224501070163, 43.991160591325482 ] ], [ [ -117.217179556513997, 43.99011295625337 ], [ -117.217404312664783, 43.990703696195702 ], [ -117.217335270674042, 43.990223680918987 ], [ -117.217179556513997, 43.99011295625337 ] ], [ [ -117.219583934343675, 43.98761168267464 ], [ -117.218881494230658, 43.987941955413305 ], [ -117.219280749438369, 43.987772895075459 ], [ -117.219583934343675, 43.98761168267464 ] ], [ [ -117.225036548397114, 43.985185850154451 ], [ -117.224185317181337, 43.985683598213406 ], [ -117.224708449705275, 43.98537985413261 ], [ -117.225036548397114, 43.985185850154451 ] ], [ [ -117.225433183835136, 43.985043214284943 ], [ -117.225740234348322, 43.984898598165451 ], [ -117.225036548397114, 43.985185850154451 ], [ -117.225433183835136, 43.985043214284943 ] ], [ [ -117.227814110976524, 43.98636140981997 ], [ -117.227348385827554, 43.985895997421004 ], [ -117.227703300352545, 43.986266153082255 ], [ -117.227814110976524, 43.98636140981997 ] ], [ [ -117.228076593258905, 43.986511200063369 ], [ -117.228458876693665, 43.986661574412096 ], [ -117.227814110976524, 43.98636140981997 ], [ -117.228076593258905, 43.986511200063369 ] ], [ [ -117.230217200928237, 43.987216148050365 ], [ -117.229956733520979, 43.987055594530602 ], [ -117.230105541400803, 43.987163085429927 ], [ -117.230217200928237, 43.987216148050365 ] ], [ [ -117.232728516979066, 43.984006365708439 ], [ -117.232199640736582, 43.984525484336274 ], [ -117.232619731664144, 43.984145894672714 ], [ -117.232728516979066, 43.984006365708439 ] ], [ [ -117.019575270843674, 44.025136108902927 ], [ -117.020458519085437, 44.024847344352317 ], [ -117.020334481712482, 44.024870669854629 ], [ -117.019575270843674, 44.025136108902927 ] ], [ [ -117.009503000350364, 44.024760662008163 ], [ -117.009500968925636, 44.023937724175987 ], [ -117.009498537206326, 44.024760696491562 ], [ -117.009503000350364, 44.024760662008163 ] ], [ [ -116.970666406898317, 44.014009821852724 ], [ -116.975570823784921, 44.01399364304131 ], [ -116.970423172833065, 44.014009500450889 ], [ -116.970666406898317, 44.014009821852724 ] ], [ [ -116.970423138419051, 44.013525355965271 ], [ -116.970420617549209, 44.013846252185878 ], [ -116.970423172833065, 44.014009500450889 ], [ -116.970423138419051, 44.013525355965271 ] ], [ [ -116.969513407364047, 44.01038421693832 ], [ -116.964454560317378, 44.010395178187373 ], [ -116.970448530211229, 44.01038218857326 ], [ -116.969513407364047, 44.01038421693832 ] ], [ [ -116.962695333061376, 44.010540310385828 ], [ -116.962731813605288, 44.010518099828829 ], [ -116.962408683060886, 44.010542700395028 ], [ -116.962695333061376, 44.010540310385828 ] ], [ [ -116.96296355507441, 44.013040573973619 ], [ -116.962964368844027, 44.013011335628903 ], [ -116.962946872623263, 44.013637574843308 ], [ -116.96296355507441, 44.013040573973619 ] ], [ [ -116.960456320544793, 44.014025283111522 ], [ -116.960684387367735, 44.014025167961051 ], [ -116.955460365363209, 44.014014619471261 ], [ -116.960456320544793, 44.014025283111522 ] ], [ [ -116.955340620525305, 44.012645306968061 ], [ -116.955454631592815, 44.012640930347146 ], [ -116.950439746278107, 44.01265584971668 ], [ -116.955340620525305, 44.012645306968061 ] ], [ [ -116.947199767160114, 44.014911449632791 ], [ -116.947201462997171, 44.014088504534172 ], [ -116.947197875218563, 44.015826267542828 ], [ -116.947199767160114, 44.014911449632791 ] ], [ [ -116.943806758933491, 44.013997869554125 ], [ -116.944892605648917, 44.013999208821389 ], [ -116.942925936237231, 44.013996772817286 ], [ -116.943806758933491, 44.013997869554125 ] ], [ [ -116.947481701226195, 44.019906019876615 ], [ -116.947868433760078, 44.02080731905118 ], [ -116.946461583984174, 44.017550487662632 ], [ -116.947481701226195, 44.019906019876615 ] ], [ [ -116.950545865501667, 44.019448208336364 ], [ -116.950469835757076, 44.019448259991449 ], [ -116.951714897264083, 44.019447427679225 ], [ -116.950545865501667, 44.019448208336364 ] ], [ [ -116.954160318486899, 44.022354672015624 ], [ -116.954756333698938, 44.02246297115903 ], [ -116.953326017032197, 44.022203067962863 ], [ -116.954160318486899, 44.022354672015624 ] ], [ [ -116.952592513295542, 44.023667611969856 ], [ -116.952588686599199, 44.023006977779971 ], [ -116.952590253596867, 44.023922838122658 ], [ -116.952592513295542, 44.023667611969856 ] ], [ [ -116.951732334806337, 44.023918526805957 ], [ -116.951960450246588, 44.023919968261616 ], [ -116.952590253596867, 44.023922838122658 ], [ -116.951732334806337, 44.023918526805957 ] ], [ [ -116.951275282471883, 44.024004218280069 ], [ -116.951277119931433, 44.02391564589675 ], [ -116.951271815914836, 44.024171015273204 ], [ -116.951275282471883, 44.024004218280069 ] ], [ [ -116.947008376204991, 44.021410037799768 ], [ -116.947234062097465, 44.02200315792836 ], [ -116.946978374734243, 44.021327718146033 ], [ -116.947008376204991, 44.021410037799768 ] ], [ [ -116.94496721419226, 44.021315100764589 ], [ -116.945377278281171, 44.021314990942237 ], [ -116.942953272049181, 44.021315613729783 ], [ -116.94496721419226, 44.021315100764589 ] ], [ [ -116.941454543280727, 44.021315972498762 ], [ -116.941824217132563, 44.021315885532395 ], [ -116.942953272049181, 44.021315613729783 ], [ -116.941454543280727, 44.021315972498762 ] ], [ [ -116.941440641138826, 44.01943025217097 ], [ -116.941452935342042, 44.021178818536242 ], [ -116.941454543280727, 44.021315972498762 ], [ -116.941440641138826, 44.01943025217097 ] ], [ [ -116.940332790558841, 44.021055579094174 ], [ -116.940541871850499, 44.021054726244181 ], [ -116.939443221460863, 44.021055377219859 ], [ -116.940332790558841, 44.021055579094174 ] ], [ [ -116.939418622860998, 44.016653862281196 ], [ -116.939437387132472, 44.020138475800088 ], [ -116.939443221460863, 44.021055377219859 ], [ -116.939418622860998, 44.016653862281196 ] ], [ [ -116.993332911863618, 44.012874053749599 ], [ -116.99218193631647, 44.013925265833578 ], [ -116.993209723615465, 44.013071563417611 ], [ -116.993332911863618, 44.012874053749599 ] ], [ [ -116.991800550587698, 43.894785364293085 ], [ -116.992316772690671, 43.89118674945869 ], [ -116.991370090423118, 43.891186559207199 ], [ -116.991800550587698, 43.894785364293085 ] ], [ [ -116.995647025670294, 43.890527100560519 ], [ -116.994245706741808, 43.892349146249884 ], [ -116.994246714449545, 43.89244790958557 ], [ -116.995647025670294, 43.890527100560519 ] ], [ [ -116.994722310613071, 43.888163600733968 ], [ -116.995515084513215, 43.88816423008867 ], [ -116.995742675637331, 43.888164405203739 ], [ -116.994722310613071, 43.888163600733968 ] ], [ [ -116.995743877671401, 43.887851670459064 ], [ -116.995744555120851, 43.887676015499025 ], [ -116.995739320462121, 43.887591053035386 ], [ -116.995743877671401, 43.887851670459064 ] ], [ [ -117.006284660075025, 43.880419766416075 ], [ -117.006265503829468, 43.884016294966337 ], [ -117.006277010435184, 43.8876156107561 ], [ -117.006284660075025, 43.880419766416075 ] ], [ [ -117.0069714236717, 43.874730658162839 ], [ -117.008079426872783, 43.874734459287659 ], [ -117.008229015023048, 43.874734970563956 ], [ -117.0069714236717, 43.874730658162839 ] ], [ [ -117.006384547996291, 43.874509175023526 ], [ -117.006422473849639, 43.874509301971187 ], [ -117.006972355587266, 43.874510478335608 ], [ -117.006384547996291, 43.874509175023526 ] ], [ [ -116.993639378117663, 43.869581925148147 ], [ -117.004362693796779, 43.8696181426848 ], [ -117.006302453751346, 43.869624577252502 ], [ -116.993639378117663, 43.869581925148147 ] ], [ [ -117.253095007684834, 43.976528197233101 ], [ -117.255537999788629, 43.976523653958473 ], [ -117.250530776284208, 43.976515081787319 ], [ -117.253095007684834, 43.976528197233101 ] ], [ [ -117.250529497680773, 43.974715559165368 ], [ -117.250530725610332, 43.976446501320666 ], [ -117.250530776284208, 43.976515081787319 ], [ -117.250529497680773, 43.974715559165368 ] ], [ [ -117.245516594552043, 43.974688555230109 ], [ -117.24927594845343, 43.974708829305428 ], [ -117.250529497680773, 43.974715559165368 ], [ -117.245516594552043, 43.974688555230109 ] ], [ [ -117.245518681098559, 43.975535783602126 ], [ -117.245517663677816, 43.975122431897098 ], [ -117.245516594552043, 43.974688555230109 ], [ -117.245518681098559, 43.975535783602126 ] ], [ [ -117.242240184536655, 43.975525450961911 ], [ -117.244577762672961, 43.975532824685153 ], [ -117.245518681098559, 43.975535783602126 ], [ -117.242240184536655, 43.975525450961911 ] ], [ [ -117.242248971537038, 43.976507161673432 ], [ -117.242245166749612, 43.976081811763322 ], [ -117.242240184536655, 43.975525450961911 ], [ -117.242248971537038, 43.976507161673432 ] ], [ [ -117.240522131315799, 43.976079965338094 ], [ -117.240521241551377, 43.976502416595153 ], [ -117.240525087696625, 43.974680924721476 ], [ -117.240522131315799, 43.976079965338094 ] ], [ [ -117.237237700199984, 43.979261462585512 ], [ -117.237238833374661, 43.979077076949494 ], [ -117.237235458791446, 43.979625708931046 ], [ -117.237237700199984, 43.979261462585512 ] ], [ [ -117.23623843888015, 43.98113128148799 ], [ -117.236239788564561, 43.980911823302215 ], [ -117.236237929785389, 43.981213572707148 ], [ -117.23623843888015, 43.98113128148799 ] ], [ [ -116.997497595230428, 44.023042162372221 ], [ -116.995507258845592, 44.023040777302299 ], [ -116.99703121821581, 44.023043088452184 ], [ -116.997497595230428, 44.023042162372221 ] ], [ [ -116.997798869838903, 44.023923124933354 ], [ -116.997799718152478, 44.023042369939034 ], [ -116.99779971779877, 44.023042369937841 ], [ -116.997798869838903, 44.023923124933354 ] ], [ [ -116.985403053802159, 44.036887978863341 ], [ -116.985419219142415, 44.035191994986135 ], [ -116.985518292814774, 44.024795295911176 ], [ -116.985403053802159, 44.036887978863341 ] ], [ [ -117.002911366827931, 44.025488602343415 ], [ -117.0029126152792, 44.02665976983554 ], [ -117.002911366995889, 44.025488602328565 ], [ -117.002911366827931, 44.025488602343415 ] ], [ [ -116.989277449034944, 44.034007813849982 ], [ -116.98927754843217, 44.034008295990766 ], [ -116.990502512322834, 44.034014867358856 ], [ -116.989277449034944, 44.034007813849982 ] ], [ [ -116.961683837054224, 44.039329157964133 ], [ -116.961535994844795, 44.038745357307128 ], [ -116.961009645784301, 44.037532677270157 ], [ -116.961683837054224, 44.039329157964133 ] ], [ [ -116.959884159779619, 44.036942893319051 ], [ -116.958740257445839, 44.036756784411011 ], [ -116.961009645784301, 44.037532677270157 ], [ -116.959884159779619, 44.036942893319051 ] ], [ [ -116.957663880077334, 44.036644722942611 ], [ -116.956934135234732, 44.037019113732939 ], [ -116.956468545964128, 44.037324284769745 ], [ -116.957663880077334, 44.036644722942611 ] ], [ [ -116.95545984200777, 44.037681538891952 ], [ -116.955507807361101, 44.034655617471678 ], [ -116.955475382677236, 44.033976232296325 ], [ -116.95545984200777, 44.037681538891952 ] ], [ [ -116.955475914415061, 44.033845820892736 ], [ -116.953523157564291, 44.032605722764863 ], [ -116.955475382677236, 44.033976232296325 ], [ -116.955475914415061, 44.033845820892736 ] ], [ [ -116.949866510234557, 44.028454724646828 ], [ -116.949756826835554, 44.028191241789187 ], [ -116.948813006544484, 44.026964702392462 ], [ -116.949866510234557, 44.028454724646828 ] ], [ [ -116.947947663892009, 44.026554446734025 ], [ -116.947952414100456, 44.027351470889286 ], [ -116.947959092573811, 44.028471150101353 ], [ -116.947947663892009, 44.026554446734025 ] ], [ [ -116.937264713934127, 44.026656130694732 ], [ -116.937391211072651, 44.025791270072219 ], [ -116.937182506111753, 44.025171337112909 ], [ -116.937264713934127, 44.026656130694732 ] ], [ [ -116.96896971027617, 44.042443113448805 ], [ -116.966095224078273, 44.040749930891614 ], [ -116.965246831599487, 44.040516497873796 ], [ -116.96896971027617, 44.042443113448805 ] ], [ [ -116.964225488402107, 44.04095410220858 ], [ -116.963772766599845, 44.041177861652336 ], [ -116.965246831599487, 44.040516497873796 ], [ -116.964225488402107, 44.04095410220858 ] ], [ [ -117.59100534436989, 44.444466944881789 ], [ -117.59085654770054, 44.430165126795714 ], [ -117.590824366906901, 44.430164975289031 ], [ -117.59100534436989, 44.444466944881789 ] ], [ [ -117.570119337685313, 44.430275945745677 ], [ -117.585028115330061, 44.43013768662076 ], [ -117.570116149406473, 44.430067481243142 ], [ -117.570119337685313, 44.430275945745677 ] ], [ [ -117.509599321557019, 44.401831949398563 ], [ -117.529356933466204, 44.401575493294651 ], [ -117.509594616034661, 44.401405853863992 ], [ -117.509599321557019, 44.401831949398563 ] ], [ [ -117.486709495105856, 44.300474300119411 ], [ -117.411333105718867, 44.301415263065252 ], [ -117.486166298853007, 44.301425943067187 ], [ -117.485912313713612, 44.387701950522427 ], [ -117.499146919180887, 44.387448238502671 ], [ -117.486619462554572, 44.387502913275895 ], [ -117.486709495105856, 44.300474300119411 ] ], [ [ -117.855235832429315, 44.767331506978984 ], [ -117.855282862044405, 44.779877754421804 ], [ -117.855316939537502, 44.788965269357178 ], [ -117.855235832429315, 44.767331506978984 ] ], [ [ -117.823734158738176, 44.752391153996761 ], [ -117.827003028135096, 44.752390215492483 ], [ -117.85538742105814, 44.75237810257746 ], [ -117.823734158738176, 44.752391153996761 ] ], [ [ -117.560704136437835, 45.079606025482462 ], [ -117.56315145789965, 45.079593998208772 ], [ -117.376037423543195, 45.080362016396158 ], [ -117.560704136437835, 45.079606025482462 ] ], [ [ -117.277590992141057, 45.426444903415693 ], [ -117.209183661158931, 45.426251491466026 ], [ -117.188224849843635, 45.426236914772694 ], [ -117.277590992141057, 45.426444903415693 ] ], [ [ -117.3840725133917, 45.713899900857328 ], [ -117.291037421524621, 45.714343161012771 ], [ -117.343218430420805, 45.714103790848327 ], [ -117.3840725133917, 45.713899900857328 ] ], [ [ -117.2798958216014, 45.629666671281782 ], [ -117.291902091650428, 45.629651127017858 ], [ -117.30184018061864, 45.629637313853607 ], [ -117.2798958216014, 45.629666671281782 ] ] ], [ [ [ -123.082714364411842, 44.971436224421424 ], [ -123.082958830662818, 44.973216175106863 ], [ -123.082387535263251, 44.97317996196945 ], [ -123.082714364411842, 44.971436224421424 ] ] ], [ [ [ -123.079169467559936, 44.981811327633295 ], [ -123.08778373965778, 44.98402101315061 ], [ -123.079166849697415, 44.983956574220379 ], [ -123.079169467559936, 44.981811327633295 ] ] ], [ [ [ -121.229427702230353, 44.248252875499432 ], [ -121.229960664441364, 44.247536565044435 ], [ -121.230538703679329, 44.248164867776239 ], [ -121.229427702230353, 44.248252875499432 ] ] ], [ [ [ -121.199259852029414, 44.283742918802126 ], [ -121.199877788520581, 44.288300730430713 ], [ -121.199223652194206, 44.288301238748666 ], [ -121.199259852029414, 44.283742918802126 ] ] ] ] } },
{ "type": "Feature", "properties": { "district_id": 1, "voting_age_pop": 498425, "lib_votes": 0, "grn_votes": 0, "con_votes": 0, "ref_votes": 0, "total_pop": 641682, "dem_votes_sum": 213335, "rep_votes_sum": 94409, "lib_votes_sum": 0, "grn_votes_sum": 0, "con_votes_sum": 0, "ref_votes_sum": 0, "minority_pop_sum": 239846, "dem_pct": 0.69322228865550584, "rep_pct": 0.30677771134449411, "lib_pct": 0.0, "grn_pct": 0.0, "con_pct": 0.0, "ref_pct": 0.0, "minority_pct": 0.37377704221093938, "compactness": 0.11033785309066207 }, "geometry": { "type": "MultiPolygon", "coordinates": [ [ [ [ -123.976558616765629, 45.489738386521424 ], [ -123.962109616045723, 45.497180388242661 ], [ -123.949454624577712, 45.545394392057851 ], [ -123.956725631882605, 45.571308392749543 ], [ -123.939667652861758, 45.688980400743908 ], [ -123.946041663190073, 45.733254402203734 ], [ -123.968440672666432, 45.761677402220947 ], [ -123.982592674904083, 45.761820400267247 ], [ -123.962250781239632, 45.814784755098444 ], [ -123.963670132940166, 45.876209600334285 ], [ -123.968000020199142, 45.909590581605478 ], [ -123.993413370528771, 45.946405789005006 ], [ -123.971584311408108, 45.967732682439724 ], [ -123.936406280369397, 45.976798031418177 ], [ -123.92554565388825, 46.008770863782502 ], [ -123.946224896731451, 46.107879496504395 ], [ -124.000483169769637, 46.210216981686671 ], [ -124.024261584077976, 46.229267162666204 ], [ -124.001013182857989, 46.237003443012412 ], [ -123.988077434493178, 46.207798721451262 ], [ -123.971458598931136, 46.212013515736444 ], [ -123.874269847479923, 46.181047780165756 ], [ -123.874242899543873, 46.187665220471828 ], [ -123.793825704582375, 46.198354693113302 ], [ -123.793349610135905, 46.255274150314811 ], [ -123.740160356788067, 46.269285218836465 ], [ -123.688165867300867, 46.250124412846674 ], [ -123.501244387574516, 46.270626540412856 ], [ -123.465464482772887, 46.262665217764123 ], [ -123.432262739214238, 46.239768414049202 ], [ -123.428534717288528, 46.179940695875004 ], [ -123.390509019029366, 46.150164208018566 ], [ -123.363496673930186, 46.147382339954852 ], [ -123.365299071299233, 46.103506528369181 ], [ -123.363459609526743, 46.147572563906508 ], [ -123.313228786658101, 46.14226981557519 ], [ -123.262896202575931, 46.151224438618485 ], [ -123.16543130232381, 46.189116624219302 ], [ -123.119709079589711, 46.186477734518398 ], [ -122.903070132425867, 46.084088868462302 ], [ -122.876542343747005, 46.031533308970879 ], [ -122.813014530573753, 45.961116648879191 ], [ -122.810222858460264, 45.913061086755832 ], [ -122.783764506537722, 45.868338864663386 ], [ -122.796234399896676, 45.821843601914942 ], [ -122.761664210794322, 45.76107863095212 ], [ -122.774558963014172, 45.68061564696 ], [ -122.762424236460902, 45.656437955244527 ], [ -122.790077039343913, 45.616891906373191 ], [ -122.733496985392406, 45.56681974014284 ], [ -122.67886008455082, 45.575287595338281 ], [ -122.678778494400078, 45.556039233239495 ], [ -122.702655521894357, 45.552166140977981 ], [ -122.667798302899413, 45.52676626434792 ], [ -122.670419992165819, 45.51309649315197 ], [ -122.637084887896222, 45.51931237424067 ], [ -122.617175799624334, 45.508764707911958 ], [ -122.612572146067052, 45.519274464343951 ], [ -122.616163056220145, 45.501928586823212 ], [ -122.62574171980539, 45.50878375017669 ], [ -122.652716122006495, 45.500819307882793 ], [ -122.622617507112196, 45.49735847437001 ], [ -122.622652973059701, 45.484726378258692 ], [ -122.642440794287566, 45.481695275728214 ], [ -122.641425865300548, 45.458702253150335 ], [ -122.66649694077077, 45.46433418437087 ], [ -122.665118993978993, 45.50115769036114 ], [ -122.677912595417254, 45.499964192517538 ], [ -122.680829659520398, 45.471521528609983 ], [ -122.743645942754512, 45.442958904086296 ], [ -122.74352303063425, 45.456737922902754 ], [ -122.743658188873837, 45.468298876451456 ], [ -122.751653338268071, 45.442644591690261 ], [ -122.782433569218014, 45.456833197462629 ], [ -122.825996760251641, 45.4382586637103 ], [ -122.842104527861565, 45.454627223268439 ], [ -122.826086109553884, 45.465664613798516 ], [ -122.866001996035791, 45.459516133228661 ], [ -122.867444101506521, 45.478688750617223 ], [ -122.939189361682025, 45.470354184124581 ], [ -122.950669145743078, 45.449622244655792 ], [ -122.984982558354019, 45.442620290931032 ], [ -122.963633721986852, 45.430945591338698 ], [ -122.960240730696427, 45.411361206657595 ], [ -122.974605852505292, 45.40056945204568 ], [ -122.993963131678612, 45.402059344243362 ], [ -123.008266729793974, 45.383296970511878 ], [ -123.032355786429576, 45.390889873399523 ], [ -123.032159760260441, 45.404962301045558 ], [ -123.076307102604545, 45.401121084186428 ], [ -123.062757612598261, 45.397599568091451 ], [ -123.059012671383783, 45.375168247715351 ], [ -123.083059296459496, 45.375216441246152 ], [ -123.083124884342226, 45.363378798832862 ], [ -123.106942022476233, 45.358007758482628 ], [ -123.0945782912586, 45.344329551242907 ], [ -123.114709702422729, 45.338943114351196 ], [ -123.119686726215264, 45.31969574162413 ], [ -123.161538941576268, 45.325921698667571 ], [ -123.264215858925169, 45.303466661254305 ], [ -123.360925147335507, 45.310685418256107 ], [ -123.361028819702099, 45.288967290172643 ], [ -123.381174804113044, 45.288269154967615 ], [ -123.381295327059277, 45.273936171662008 ], [ -123.463179024258778, 45.273760481515268 ], [ -123.46366020804011, 45.375114467118053 ], [ -123.698929937011229, 45.374173542324272 ], [ -123.733155825540919, 45.386861366144963 ], [ -123.748367330534052, 45.381185583767149 ], [ -123.844389956267264, 45.392202746999082 ], [ -123.84438995397214, 45.377846612652981 ], [ -123.885746232507969, 45.378180512978176 ], [ -123.88536218668763, 45.435920494135495 ], [ -123.906040326279182, 45.435920492000093 ], [ -123.906040329074784, 45.450928825787912 ], [ -123.965433360901102, 45.451431636391405 ], [ -123.976558616765629, 45.489738386521424 ] ], [ [ -123.85394995030768, 46.170603791005298 ], [ -123.851021442308465, 46.170628675524206 ], [ -123.874269847479923, 46.181047780165756 ], [ -123.85394995030768, 46.170603791005298 ] ], [ [ -123.860211207421884, 46.167126167073164 ], [ -123.860208943873971, 46.167114987041337 ], [ -123.85394995030768, 46.170603791005298 ], [ -123.860211207421884, 46.167126167073164 ] ], [ [ -123.035672849859907, 46.126006638868368 ], [ -123.035419240072116, 46.124226035882884 ], [ -123.035565030870714, 46.12737852648106 ], [ -123.035672849859907, 46.126006638868368 ] ], [ [ -123.003384141960126, 46.097762926701023 ], [ -122.998685432593092, 46.099831482425827 ], [ -123.007177353022726, 46.09648824758613 ], [ -123.003384141960126, 46.097762926701023 ] ], [ [ -122.943221678744138, 46.082365647289791 ], [ -122.943315166556658, 46.079676246448876 ], [ -122.943203019087662, 46.082902382625981 ], [ -122.943221678744138, 46.082365647289791 ] ], [ [ -122.927366397441759, 46.039906243799997 ], [ -122.900241035068689, 46.040135251432773 ], [ -122.918189301373744, 46.040214841542131 ], [ -122.927366397441759, 46.039906243799997 ] ], [ [ -122.897803811598834, 46.040155827803666 ], [ -122.898475417057497, 46.047683610389917 ], [ -122.897806063822856, 46.040155808789166 ], [ -122.897803811598834, 46.040155827803666 ] ], [ [ -122.890649175706898, 46.047039366201737 ], [ -122.888391834363702, 46.047039367261107 ], [ -122.890641069290623, 46.047053587417572 ], [ -122.890649175706898, 46.047039366201737 ] ], [ [ -122.970299311041629, 45.949419001158333 ], [ -122.970012620570444, 45.943034848985853 ], [ -122.970333065591532, 45.953819535099392 ], [ -122.970299311041629, 45.949419001158333 ] ], [ [ -123.006763924891445, 45.98213917000281 ], [ -123.008159855277597, 45.982184436818834 ], [ -123.006551502323106, 45.981076887168975 ], [ -123.006763924891445, 45.98213917000281 ] ], [ [ -123.004367935112342, 45.974540405774405 ], [ -123.00381110577284, 45.973714386822735 ], [ -123.004591114969571, 45.975240439217274 ], [ -123.004367935112342, 45.974540405774405 ] ], [ [ -123.011312215034451, 45.939016180045705 ], [ -123.011308029792929, 45.924354274420701 ], [ -123.011289249558189, 45.973510462431179 ], [ -123.011312215034451, 45.939016180045705 ] ], [ [ -122.907806379685809, 45.909650438509154 ], [ -122.914648460305742, 45.910075967282694 ], [ -122.918546738124903, 45.910278360735795 ], [ -122.907806379685809, 45.909650438509154 ] ], [ [ -122.916991432707462, 45.789942905126502 ], [ -122.914283031897298, 45.790286739576835 ], [ -122.911644700419359, 45.790676639803799 ], [ -122.916991432707462, 45.789942905126502 ] ], [ [ -122.920876080687435, 45.764429059475098 ], [ -122.924242666219612, 45.76438048428281 ], [ -122.925466498711458, 45.764354143151479 ], [ -122.920876080687435, 45.764429059475098 ] ], [ [ -122.892717604250549, 45.742005347146552 ], [ -122.890453759914834, 45.740624497321534 ], [ -122.892202384557422, 45.741691094300101 ], [ -122.892717604250549, 45.742005347146552 ] ], [ [ -122.929154701354719, 45.719285296103955 ], [ -122.929200917821774, 45.707273378511594 ], [ -122.929104663251763, 45.699350488197275 ], [ -122.929154701354719, 45.719285296103955 ] ], [ [ -122.929120347916651, 45.673668191827424 ], [ -122.929144933327834, 45.667816905075441 ], [ -122.929117771213654, 45.665989207441726 ], [ -122.929120347916651, 45.673668191827424 ] ], [ [ -122.929107801113958, 45.636266801228565 ], [ -122.929109295735756, 45.635989767361643 ], [ -122.929107659141835, 45.635843446528433 ], [ -122.929107801113958, 45.636266801228565 ] ], [ [ -122.929101771251027, 45.635316646292296 ], [ -122.928867165123819, 45.63531314591976 ], [ -122.928667655384416, 45.635314844500186 ], [ -122.929101771251027, 45.635316646292296 ] ], [ [ -122.909092404622569, 45.635228418656077 ], [ -122.909092437056799, 45.635233597757804 ], [ -122.909472839159037, 45.635235176613939 ], [ -122.909092404622569, 45.635228418656077 ] ], [ [ -122.909087346646558, 45.634420754423658 ], [ -122.909162277333593, 45.628019820037444 ], [ -122.909006911202255, 45.621575152932522 ], [ -122.909087346646558, 45.634420754423658 ] ], [ [ -122.908987333995057, 45.620763027741773 ], [ -122.893664682840352, 45.620547716225516 ], [ -122.887887273056421, 45.620466279641683 ], [ -122.887886178547745, 45.620636774200229 ], [ -122.908987333995057, 45.620763027741773 ] ], [ [ -122.88794025921969, 45.61336151015292 ], [ -122.887947916700597, 45.611018846237094 ], [ -122.88792707582634, 45.614265743086655 ], [ -122.88794025921969, 45.61336151015292 ] ], [ [ -122.887963148716551, 45.606352542315108 ], [ -122.867494684917574, 45.60622620209238 ], [ -122.867578799049411, 45.593747838803658 ], [ -122.867393063363636, 45.606273778616639 ], [ -122.887963148716551, 45.606352542315108 ] ], [ [ -122.899795645026686, 45.521242399472762 ], [ -122.899829840773222, 45.521938137175049 ], [ -122.899860078184389, 45.522553328785605 ], [ -122.899795645026686, 45.521242399472762 ] ], [ [ -122.891685996656037, 45.495900134163648 ], [ -122.891679787201824, 45.496192834247971 ], [ -122.891682892576384, 45.496046484195496 ], [ -122.891685996656037, 45.495900134163648 ] ], [ [ -122.893066996329878, 45.484126133932733 ], [ -122.897169996780079, 45.48398729244073 ], [ -122.897212456650948, 45.483985855020677 ], [ -122.893066996329878, 45.484126133932733 ] ], [ [ -122.905630025641486, 45.483751715608612 ], [ -122.908553581732193, 45.483754434664633 ], [ -122.898313014306368, 45.483744585148614 ], [ -122.905630025641486, 45.483751715608612 ] ], [ [ -122.89716817876149, 45.480629831983165 ], [ -122.897219201763207, 45.482758841388552 ], [ -122.897091852353327, 45.477444624735362 ], [ -122.89716817876149, 45.480629831983165 ] ], [ [ -123.857893551654101, 46.155665251391653 ], [ -123.857895401823086, 46.155674391576071 ], [ -123.85972611449894, 46.152404488952691 ], [ -123.857893551654101, 46.155665251391653 ] ], [ [ -123.867151214611681, 46.151397937888063 ], [ -123.864864478404868, 46.152896103673299 ], [ -123.867137216774807, 46.151446135656983 ], [ -123.867151214611681, 46.151397937888063 ] ], [ [ -123.868861980457282, 46.144699858819315 ], [ -123.867344232143196, 46.150733329869929 ], [ -123.869206587381726, 46.144320359027788 ], [ -123.868861980457282, 46.144699858819315 ] ], [ [ -123.869715379644774, 46.143760044674892 ], [ -123.869448867928114, 46.144053545014373 ], [ -123.871413196233192, 46.143106520876081 ], [ -123.869715379644774, 46.143760044674892 ] ], [ [ -123.889873579626382, 46.15323213986629 ], [ -123.894320242371634, 46.15544123163447 ], [ -123.896215687742938, 46.15544123139172 ], [ -123.894257359124538, 46.153344152148406 ], [ -123.88987358054213, 46.153219694449575 ], [ -123.889864596549828, 46.150606005272437 ], [ -123.889873579626382, 46.15323213986629 ] ], [ [ -123.901551680523369, 46.150406860819729 ], [ -123.901550396852571, 46.150487192962196 ], [ -123.902009820219462, 46.148384271592533 ], [ -123.901551680523369, 46.150406860819729 ] ], [ [ -123.901650494023613, 46.145004825230806 ], [ -123.902579111310359, 46.146338786825758 ], [ -123.902584742106825, 46.146249580819109 ], [ -123.901650494023613, 46.145004825230806 ] ], [ [ -123.899737007024598, 46.11227009796653 ], [ -123.899736752585881, 46.11229361384693 ], [ -123.899737074660862, 46.112270098286714 ], [ -123.899737007024598, 46.11227009796653 ] ], [ [ -123.899737071007905, 46.112264184464152 ], [ -123.899737059623547, 46.11226523663521 ], [ -123.899737074660862, 46.112270098286714 ], [ -123.899737071007905, 46.112264184464152 ] ], [ [ -123.899647236282419, 46.083217154621785 ], [ -123.899737055398774, 46.112263870742716 ], [ -123.899737070814211, 46.112263870907064 ], [ -123.89972808866905, 46.097720623669602 ], [ -123.899647236282419, 46.083217154621785 ] ], [ [ -123.868978739047051, 46.039758699200071 ], [ -123.86868229460795, 46.039758699053635 ], [ -123.889684909030791, 46.040188960902825 ], [ -123.868978739047051, 46.039758699200071 ] ], [ [ -123.757883721799217, 45.783338713277153 ], [ -123.843601272958537, 45.783633449651958 ], [ -123.855928416087608, 45.783299076236617 ], [ -123.835666657145637, 45.783353416389502 ], [ -123.757883721799217, 45.783338713277153 ] ], [ [ -123.715707637004783, 45.77310242866735 ], [ -123.68309027140927, 45.773859863555707 ], [ -123.719303301695064, 45.773302373362071 ], [ -123.715707637004783, 45.77310242866735 ] ], [ [ -123.525633545445672, 45.775413746990218 ], [ -123.531008216953609, 45.775245341550544 ], [ -123.509309012785209, 45.775438297837759 ], [ -123.525633545445672, 45.775413746990218 ] ], [ [ -123.504284870848792, 45.775451324683154 ], [ -123.360978980714933, 45.779586356290793 ], [ -123.335420965545907, 45.779943093814687 ], [ -123.485182403082703, 45.780043766358922 ], [ -123.504284870848792, 45.775451324683154 ] ], [ [ -123.067933080034592, 45.779644187056689 ], [ -123.031057619496522, 45.779159648916099 ], [ -123.031048549102024, 45.779403520983678 ], [ -123.067933080034592, 45.779644187056689 ] ], [ [ -123.031698856684002, 45.765779401778723 ], [ -123.031738742370734, 45.760843523272598 ], [ -123.03134051402661, 45.771553041449828 ], [ -123.031698856684002, 45.765779401778723 ] ], [ [ -123.031835973338616, 45.751420232246659 ], [ -123.023427446510183, 45.751435851285045 ], [ -123.031834652360729, 45.751540069272941 ], [ -123.031835973338616, 45.751420232246659 ] ], [ [ -123.000673810546502, 45.751153234346745 ], [ -122.990896382709849, 45.751032585623747 ], [ -123.000705412140476, 45.751154181853913 ], [ -123.000673810546502, 45.751153234346745 ] ], [ [ -122.99036537976734, 45.73665245652942 ], [ -122.929156409968641, 45.735691551493439 ], [ -122.929141566885448, 45.736138977969233 ], [ -122.99036537976734, 45.73665245652942 ] ], [ [ -123.135127617611474, 45.41894257230549 ], [ -123.135425883525727, 45.433458839059448 ], [ -123.135441238143414, 45.433458905199487 ], [ -123.135127617611474, 45.41894257230549 ] ], [ [ -123.114655371288165, 45.404388361619134 ], [ -123.114694794452504, 45.418958605364502 ], [ -123.114709301627357, 45.418958590188517 ], [ -123.114655371288165, 45.404388361619134 ] ], [ [ -123.920892376447313, 45.992633851589964 ], [ -123.921628994641182, 45.990898811665055 ], [ -123.921636453518957, 45.990830003465817 ], [ -123.920892376447313, 45.992633851589964 ] ], [ [ -123.914900612287724, 45.989176200696363 ], [ -123.915304853609229, 45.986161500761703 ], [ -123.91481935018416, 45.989250776773531 ], [ -123.914900612287724, 45.989176200696363 ] ], [ [ -123.912529060564452, 45.992072155029469 ], [ -123.912599648901931, 45.995327164916965 ], [ -123.912672791603939, 45.994318910954433 ], [ -123.912529060564452, 45.992072155029469 ] ], [ [ -123.91234939896222, 45.997682634648022 ], [ -123.912205511341327, 45.998861801500887 ], [ -123.914280776390328, 45.996715350779255 ], [ -123.912585601705572, 45.995520799923717 ], [ -123.91234939896222, 45.997682634648022 ] ], [ [ -123.912339675827099, 45.997682517181111 ], [ -123.911316335312733, 45.997670154022941 ], [ -123.912339675776821, 45.997682517622884 ], [ -123.912339675827099, 45.997682517181111 ] ], [ [ -123.911513964587996, 45.997270761696285 ], [ -123.911549897326452, 45.996783998156616 ], [ -123.911316335312733, 45.997670154022941 ], [ -123.911513964587996, 45.997270761696285 ] ], [ [ -123.912114351160611, 45.999663070533785 ], [ -123.911720578959006, 46.003124069797657 ], [ -123.911948861924614, 46.001795344238225 ], [ -123.912114351160611, 45.999663070533785 ] ], [ [ -123.894625638156924, 46.012383265281422 ], [ -123.894625637978763, 46.011603406232013 ], [ -123.894625637297025, 46.010361848748417 ], [ -123.894625638156924, 46.012383265281422 ] ], [ [ -123.878671550417337, 45.982360127351242 ], [ -123.907732053195105, 45.982366366515883 ], [ -123.913673780331962, 45.982347666890504 ], [ -123.878671550417337, 45.982360127351242 ] ], [ [ -123.915170105589795, 45.984357596195046 ], [ -123.913800983111784, 45.983201196782481 ], [ -123.913867548943941, 45.984332627821097 ], [ -123.911154636501394, 45.984301418480882 ], [ -123.915170105589795, 45.984357596195046 ] ], [ [ -123.913750766970637, 45.982347639483983 ], [ -123.91367890202153, 45.98234766506723 ], [ -123.913705851556287, 45.984226514341245 ], [ -123.913750766970637, 45.982347639483983 ] ], [ [ -123.959115670982754, 45.867365500387244 ], [ -123.959586444259003, 45.863377001417085 ], [ -123.959501946631477, 45.863530952062739 ], [ -123.959115670982754, 45.867365500387244 ] ], [ [ -123.96499066384628, 45.910634390738466 ], [ -123.964964373692993, 45.910617207211892 ], [ -123.965233208830639, 45.911009406750757 ], [ -123.96499066384628, 45.910634390738466 ] ], [ [ -123.956493136174984, 45.874746119246431 ], [ -123.956492592350827, 45.874758614248634 ], [ -123.956744120475207, 45.87475235973745 ], [ -123.956493136174984, 45.874746119246431 ] ], [ [ -123.926785448249959, 45.950373750793972 ], [ -123.926812266908101, 45.951995921745784 ], [ -123.92681226640137, 45.950397015709008 ], [ -123.926785448249959, 45.950373750793972 ] ], [ [ -123.911343282333206, 45.983558616115396 ], [ -123.910750394451597, 45.983564857901833 ], [ -123.912223630981273, 45.983552373680418 ], [ -123.911343282333206, 45.983558616115396 ] ], [ [ -123.912564994875865, 45.999517306526748 ], [ -123.912582960363963, 45.999380020870447 ], [ -123.91259194439138, 45.999248974426358 ], [ -123.912564994875865, 45.999517306526748 ] ], [ [ -123.913804669583257, 46.000559422899627 ], [ -123.913822636414139, 46.000422139695381 ], [ -123.91383161917291, 46.000284855558995 ], [ -123.913804669583257, 46.000559422899627 ] ], [ [ -123.91367890531555, 46.00028485559227 ], [ -123.913625006963613, 46.000833990087784 ], [ -123.913642973209932, 46.000653025676954 ], [ -123.91367890531555, 46.00028485559227 ] ], [ [ -123.923659198803392, 46.039920822036692 ], [ -123.923623265938261, 46.040107893508605 ], [ -123.92363225013402, 46.046100074188352 ], [ -123.923659198803392, 46.039920822036692 ] ], [ [ -123.915915714564292, 46.016781461014787 ], [ -123.916186155021393, 46.016448529494781 ], [ -123.911208542114849, 46.016837606457699 ], [ -123.915915714564292, 46.016781461014787 ] ], [ [ -123.911208542114849, 46.016837606457699 ], [ -123.910867497966137, 46.014113554063748 ], [ -123.910867452623364, 46.014113552434985 ], [ -123.911208542114849, 46.016837606457699 ] ], [ [ -123.9095915733553, 46.014067721453877 ], [ -123.910162595297123, 46.015771031347008 ], [ -123.910229377490865, 46.015870657162409 ], [ -123.9095915733553, 46.014067721453877 ] ], [ [ -123.908801052425005, 46.016887611525114 ], [ -123.908729191640646, 46.018509451813955 ], [ -123.908801052662724, 46.01688761152424 ], [ -123.908801052425005, 46.016887611525114 ] ], [ [ -123.908741349744389, 46.016887829746359 ], [ -123.907121207031452, 46.016893751583041 ], [ -123.904093884333435, 46.016912467169512 ], [ -123.908741349744389, 46.016887829746359 ] ], [ [ -123.907121206135628, 46.016806415165249 ], [ -123.907085273139657, 46.012932277590778 ], [ -123.907121207031452, 46.016893751583041 ], [ -123.907121206135628, 46.016806415165249 ] ], [ [ -123.911046843562048, 46.011303935835713 ], [ -123.910921080281639, 46.012913561413697 ], [ -123.910934566993348, 46.012983449483414 ], [ -123.911046843562048, 46.011303935835713 ] ], [ [ -123.910949014516859, 46.011057329618936 ], [ -123.910624635848279, 46.010517823139132 ], [ -123.910925960020734, 46.011078862722265 ], [ -123.910949014516859, 46.011057329618936 ] ], [ [ -123.912879406779794, 46.007866168731674 ], [ -123.912839855351848, 46.007782825044572 ], [ -123.911891259197745, 46.00831539858433 ], [ -123.912879406779794, 46.007866168731674 ] ], [ [ -123.912367366460984, 46.006699400144129 ], [ -123.914137047809646, 46.005657399353673 ], [ -123.91414663857806, 46.005603573409459 ], [ -123.912367366460984, 46.006699400144129 ] ], [ [ -123.924012468231993, 46.013187404980812 ], [ -123.924018518393098, 46.01317558742079 ], [ -123.922383584609591, 46.011709464461269 ], [ -123.924012468231993, 46.013187404980812 ] ], [ [ -123.918089637976493, 46.017355384228829 ], [ -123.919985083635169, 46.017654819836892 ], [ -123.919994063814499, 46.0176534136437 ], [ -123.918089637976493, 46.017355384228829 ] ], [ [ -123.916364872394468, 46.016294868715427 ], [ -123.916342800331464, 46.016313846246696 ], [ -123.918089637976493, 46.017355384228829 ], [ -123.916364872394468, 46.016294868715427 ] ], [ [ -123.92886945039821, 46.144276626972669 ], [ -123.929076063498698, 46.147425845911741 ], [ -123.929067080649219, 46.147276480177986 ], [ -123.92886945039821, 46.144276626972669 ] ], [ [ -123.908217177621637, 46.138002548337155 ], [ -123.907076316843003, 46.138512966857789 ], [ -123.908236784250306, 46.137998104134347 ], [ -123.908217177621637, 46.138002548337155 ] ], [ [ -123.464870702298711, 45.433332551890054 ], [ -123.464934683555498, 45.433332150559707 ], [ -123.464751263712373, 45.426437491198023 ], [ -123.464870702298711, 45.433332551890054 ] ], [ [ -123.407796905763192, 45.433665489629682 ], [ -123.375735382369385, 45.433849382350076 ], [ -123.383111350652314, 45.433809255176101 ], [ -123.407796905763192, 45.433665489629682 ] ], [ [ -123.461632071166235, 45.475069273378757 ], [ -123.463897544512406, 45.447266451872537 ], [ -123.485454540383842, 45.44714107772846 ], [ -123.485950061930183, 45.436016185869434 ], [ -123.485439949681876, 45.447135777309846 ], [ -123.463882959561431, 45.447261073878948 ], [ -123.461961251166116, 45.462109562594613 ], [ -123.461632071166235, 45.475069273378757 ] ], [ [ -123.441132804535073, 45.491278404686476 ], [ -123.461194200749816, 45.491565293961749 ], [ -123.461560654402703, 45.477760107707411 ], [ -123.461179600751166, 45.491560012136866 ], [ -123.441132804535073, 45.491278404686476 ] ], [ [ -123.442720177177449, 45.521115074878146 ], [ -123.421966959096082, 45.521408456855426 ], [ -123.421934435551265, 45.53537636116976 ], [ -123.402144811798863, 45.535645719991649 ], [ -123.40204666312512, 45.550075552819798 ], [ -123.361145931998919, 45.549897808553901 ], [ -123.361157759234331, 45.552028052633865 ], [ -123.402061268422472, 45.550080859286382 ], [ -123.402159412551825, 45.535651110226937 ], [ -123.421949041223812, 45.535381684883383 ], [ -123.421981552952843, 45.521413844724989 ], [ -123.442734777044478, 45.521120465409787 ], [ -123.440756607125891, 45.504690422519992 ], [ -123.442720177177449, 45.521115074878146 ] ], [ [ -123.464370540706128, 45.679274196872193 ], [ -123.464362285308582, 45.678842552097507 ], [ -123.464356007461717, 45.679274213952063 ], [ -123.464370540706128, 45.679274196872193 ] ], [ [ -123.464108060244499, 45.665548416046278 ], [ -123.464100355988279, 45.665145489750394 ], [ -123.464086017307821, 45.665145474529766 ], [ -123.464108060244499, 45.665548416046278 ] ], [ [ -123.443765753589517, 45.66511852088955 ], [ -123.443862185625804, 45.650683558622163 ], [ -123.443751092898708, 45.665118504883971 ], [ -123.443765753589517, 45.66511852088955 ] ], [ [ -123.423271925140426, 45.636181275962514 ], [ -123.423009514287088, 45.650619336484013 ], [ -123.42328664694729, 45.636181420819398 ], [ -123.423271925140426, 45.636181275962514 ] ], [ [ -123.422347515426594, 45.636172180128014 ], [ -123.400900095110927, 45.635961145382353 ], [ -123.400894000906845, 45.636082910159132 ], [ -123.422347515426594, 45.636172180128014 ] ], [ [ -123.380229716894121, 45.63575240643592 ], [ -123.380676168695388, 45.621991011546918 ], [ -123.380395434876377, 45.62851691401211 ], [ -123.380229716894121, 45.63575240643592 ] ], [ [ -123.359050460563168, 45.62248392303232 ], [ -123.342366311503525, 45.622234586849629 ], [ -123.350710437192831, 45.622382445947053 ], [ -123.359050460563168, 45.62248392303232 ] ], [ [ -123.340345112065478, 45.607460992446534 ], [ -123.340497869385146, 45.622201477735338 ], [ -123.340512419487965, 45.622201735565731 ], [ -123.340345112065478, 45.607460992446534 ] ], [ [ -123.308422225817154, 45.607298477291856 ], [ -123.32030827079727, 45.607401609730616 ], [ -123.338143972433016, 45.607449786753456 ], [ -123.308422225817154, 45.607298477291856 ] ], [ [ -123.361108296921799, 45.578779045521919 ], [ -123.319995823525062, 45.578683961644664 ], [ -123.320210065719806, 45.592984115351285 ], [ -123.299256714721125, 45.593017230811746 ], [ -123.299425257530558, 45.607247341220273 ], [ -123.299271312812095, 45.593022635104688 ], [ -123.320224664378856, 45.592989436889091 ], [ -123.320010419947749, 45.578689364229312 ], [ -123.361108296921799, 45.578779045521919 ] ], [ [ -123.485137585022684, 45.679255202110632 ], [ -123.481810174306801, 45.708767442808089 ], [ -123.484739892107925, 45.708769050804747 ], [ -123.485137585022684, 45.679255202110632 ] ], [ [ -123.361463166886011, 45.729977561364045 ], [ -123.361041331985035, 45.708701157921382 ], [ -123.365095403013285, 45.708703383030006 ], [ -123.361026710410925, 45.708695749659043 ], [ -123.361463166886011, 45.729977561364045 ] ], [ [ -123.361246949238307, 45.769735581702932 ], [ -123.361504964411253, 45.760249057308343 ], [ -123.361223550162663, 45.764930226827694 ], [ -123.361246949238307, 45.769735581702932 ] ], [ [ -123.847257502422806, 46.180979365331567 ], [ -123.849799735469347, 46.179032538954523 ], [ -123.846382592025066, 46.181351224667772 ], [ -123.847257502422806, 46.180979365331567 ] ], [ [ -123.844364927106867, 46.180593738231231 ], [ -123.84544290539715, 46.181750612760283 ], [ -123.845632871451414, 46.181669873120136 ], [ -123.844364927106867, 46.180593738231231 ] ], [ [ -123.850275840372902, 46.170634896300037 ], [ -123.838328244530032, 46.170019020447207 ], [ -123.82151178113368, 46.17146228000918 ], [ -123.838328244962213, 46.170031462692485 ], [ -123.850275840372902, 46.170634896300037 ] ], [ [ -123.849871597616897, 46.169471566316069 ], [ -123.849871598088782, 46.169465345585294 ], [ -123.849413456879759, 46.170249196596863 ], [ -123.849871597616897, 46.169471566316069 ] ], [ [ -123.052911684110427, 45.933081773828228 ], [ -123.052855743780114, 45.930110652283851 ], [ -123.0528242511337, 45.931197427368744 ], [ -123.052911684110427, 45.933081773828228 ] ], [ [ -123.072829595463972, 45.938775676086379 ], [ -123.072791063745441, 45.930744577908023 ], [ -123.07276797544877, 45.93200266144931 ], [ -123.072829595463972, 45.938775676086379 ] ], [ [ -123.816876476524897, 46.185644006284186 ], [ -123.822095687859928, 46.181483168102389 ], [ -123.809814816913928, 46.182110870299702 ], [ -123.816876476524897, 46.185644006284186 ] ], [ [ -123.801766809245265, 46.177477522072635 ], [ -123.808288578748346, 46.17762058569199 ], [ -123.774574800742613, 46.176923926516928 ], [ -123.801766809245265, 46.177477522072635 ] ], [ [ -123.691759094421556, 46.141506932182899 ], [ -123.671214620335419, 46.141805697805843 ], [ -123.722005374436151, 46.141096127279482 ], [ -123.691759094421556, 46.141506932182899 ] ], [ [ -123.809824686615542, 46.123547045143077 ], [ -123.796215205306382, 46.111510342928433 ], [ -123.809823820501251, 46.123552289707767 ], [ -123.809824686615542, 46.123547045143077 ] ], [ [ -123.484490761194593, 46.068392059329703 ], [ -123.484445848075794, 46.082494417432123 ], [ -123.484517708247495, 46.054572865142674 ], [ -123.484490761194593, 46.068392059329703 ] ], [ [ -123.365289932481517, 46.09606363640313 ], [ -123.365275324329431, 46.084164289044224 ], [ -123.36696414797845, 46.039178824858958 ], [ -123.365121140726444, 46.076501428218585 ], [ -123.365289932481517, 46.09606363640313 ] ], [ [ -123.353618557136897, 46.094228209141725 ], [ -123.360097597442021, 46.096351629609998 ], [ -123.355011058508595, 46.094669541854742 ], [ -123.353618557136897, 46.094228209141725 ] ], [ [ -123.3283220564673, 46.087111929604006 ], [ -123.330490715117406, 46.087343617638709 ], [ -123.329560235883477, 46.087223937026131 ], [ -123.3283220564673, 46.087111929604006 ] ], [ [ -123.184422015993732, 46.10256493100615 ], [ -123.186104595534658, 46.102376099906017 ], [ -123.18180018368605, 46.102859120156907 ], [ -123.184422015993732, 46.10256493100615 ] ], [ [ -123.360594992268801, 45.867613594581222 ], [ -123.360245391124039, 45.812826549503619 ], [ -123.357703749747174, 45.857742476969399 ], [ -123.360594992268801, 45.867613594581222 ] ], [ [ -123.359641948123752, 46.039020887459628 ], [ -123.360365684826505, 45.881109126733968 ], [ -123.359647320335611, 45.910539016800449 ], [ -123.359094432434745, 46.039007971951392 ], [ -123.359641948123752, 46.039020887459628 ] ], [ [ -123.199918802209638, 46.117873681867216 ], [ -123.203635413755165, 46.11545088616711 ], [ -123.19895316221384, 46.118434974635917 ], [ -123.199918802209638, 46.117873681867216 ] ], [ [ -123.807632804971917, 46.161707112022384 ], [ -123.811935737159345, 46.16950267623092 ], [ -123.811136235951992, 46.164413598115296 ], [ -123.809609099175617, 46.162615510062132 ], [ -123.80763280476917, 46.161694668114443 ], [ -123.807283778248788, 46.160733878777059 ], [ -123.807632804971917, 46.161707112022384 ] ], [ [ -123.809339604350029, 46.159106271002514 ], [ -123.808944345452801, 46.158583598559119 ], [ -123.809339297344906, 46.159106418221413 ], [ -123.809339604350029, 46.159106271002514 ] ], [ [ -123.810875722519469, 46.156853767716527 ], [ -123.810417581990677, 46.156200400834379 ], [ -123.810873488510424, 46.156856773131167 ], [ -123.810875722519469, 46.156853767716527 ] ], [ [ -123.812801008185929, 46.153265027702275 ], [ -123.813265240711999, 46.152752981593082 ], [ -123.813233620195987, 46.152147861063746 ], [ -123.812801008185929, 46.153265027702275 ] ], [ [ -123.810336730509633, 46.140672864855304 ], [ -123.806959543647721, 46.134319313732441 ], [ -123.807695682097489, 46.137180899907712 ], [ -123.810336729750063, 46.140679089155647 ], [ -123.810516393212211, 46.143380386071627 ], [ -123.811783018988081, 46.145602320803533 ], [ -123.811980648801608, 46.148060659330206 ], [ -123.813122911542351, 46.150029181634501 ], [ -123.810336730509633, 46.140672864855304 ] ], [ [ -123.821565215587583, 46.170740642301332 ], [ -123.821565679211332, 46.170734434978996 ], [ -123.816355450537046, 46.17059135344563 ], [ -123.821565215587583, 46.170740642301332 ] ], [ [ -122.928612493248679, 46.039864341266849 ], [ -122.928612837896083, 46.039864329677371 ], [ -122.928403043069295, 46.032560806289226 ], [ -122.928612493248679, 46.039864341266849 ] ], [ [ -123.070743258134314, 45.509967257626137 ], [ -123.069435572389196, 45.509988570402427 ], [ -123.070743252645343, 45.509988940123961 ], [ -123.070743258134314, 45.509967257626137 ] ], [ [ -123.067013781140787, 45.509920100127459 ], [ -123.064125075652427, 45.509910404650078 ], [ -123.069377407248922, 45.509949484459135 ], [ -123.067013781140787, 45.509920100127459 ] ], [ [ -123.064018238836368, 45.508293635547851 ], [ -123.062095269573121, 45.508260171726512 ], [ -123.060680195219433, 45.508251225988246 ], [ -123.064018238836368, 45.508293635547851 ] ], [ [ -123.056990336284287, 45.510812920124188 ], [ -123.056932322288091, 45.510276314839466 ], [ -123.05693218013721, 45.510791215170684 ], [ -123.056270041209132, 45.510796058930616 ], [ -123.055953188058012, 45.510964315798354 ], [ -123.054725245464226, 45.510950430673155 ], [ -123.05196114834132, 45.512447991951142 ], [ -123.051791926834966, 45.512712853769685 ], [ -123.056990336284287, 45.510812920124188 ] ], [ [ -123.051302557784396, 45.513325155827062 ], [ -123.051599796180099, 45.512953251305312 ], [ -123.051791926834966, 45.512712853769685 ], [ -123.051302557784396, 45.513325155827062 ] ], [ [ -123.052017189967543, 45.510830561387792 ], [ -123.052053276606742, 45.510743626285119 ], [ -123.052065611216733, 45.510701431615267 ], [ -123.052017189967543, 45.510830561387792 ] ], [ [ -123.052065611216733, 45.510701431615267 ], [ -123.052082071831222, 45.510601638096325 ], [ -123.052082319073136, 45.51051551362815 ], [ -123.052065611216733, 45.510701431615267 ] ], [ [ -123.052082319073136, 45.51051551362815 ], [ -123.051935143726027, 45.51003785474235 ], [ -123.051879567871865, 45.509930441827116 ], [ -123.052082319073136, 45.51051551362815 ] ], [ [ -123.051879567871865, 45.509930441827116 ], [ -123.051445167555357, 45.509641927862958 ], [ -123.051361894898818, 45.50960071800899 ], [ -123.051879567871865, 45.509930441827116 ] ], [ [ -123.051361894898818, 45.50960071800899 ], [ -123.051239530891792, 45.509572531015309 ], [ -123.051124215857442, 45.509572334589322 ], [ -123.051361894898818, 45.50960071800899 ] ], [ [ -123.051124215857442, 45.509572334589322 ], [ -123.051051618123722, 45.50958492942874 ], [ -123.050984098184799, 45.509606900541201 ], [ -123.051124215857442, 45.509572334589322 ] ], [ [ -123.050102358560437, 45.509838371261509 ], [ -123.049954990266102, 45.509919959894255 ], [ -123.050241439330293, 45.509790108412702 ], [ -123.050102358560437, 45.509838371261509 ] ], [ [ -123.049954990266102, 45.509919959894255 ], [ -123.04983329818026, 45.510032346800429 ], [ -123.049760261133287, 45.510154945767596 ], [ -123.049954990266102, 45.509919959894255 ] ], [ [ -123.049528968208492, 45.510387919837406 ], [ -123.049381107381151, 45.510528013020732 ], [ -123.049226187348154, 45.510692899993032 ], [ -123.049528968208492, 45.510387919837406 ] ], [ [ -123.049226187348154, 45.510692899993032 ], [ -123.048748107959312, 45.510979085815144 ], [ -123.048612333759635, 45.51107801103305 ], [ -123.049226187348154, 45.510692899993032 ] ], [ [ -123.048088406328972, 45.511003018764448 ], [ -123.048087971081131, 45.51100208208269 ], [ -123.047947219175569, 45.510776949426969 ], [ -123.048088406328972, 45.511003018764448 ] ], [ [ -123.047866318741242, 45.510032738024741 ], [ -123.047831131669852, 45.509963859443808 ], [ -123.047774588320948, 45.509915213851684 ], [ -123.047866318741242, 45.510032738024741 ] ], [ [ -123.047774588320948, 45.509915213851684 ], [ -123.047685593083713, 45.509877254080941 ], [ -123.047583161179148, 45.509864240073 ], [ -123.047774588320948, 45.509915213851684 ] ], [ [ -123.047583161179148, 45.509864240073 ], [ -123.047518950671858, 45.50986958935529 ], [ -123.047467112004824, 45.509881967285864 ], [ -123.047583161179148, 45.509864240073 ] ], [ [ -123.047467112004824, 45.509881967285864 ], [ -123.047427824690288, 45.509897126887871 ], [ -123.047395478856899, 45.509914483414619 ], [ -123.047467112004824, 45.509881967285864 ] ], [ [ -123.046877349527691, 45.510177423716641 ], [ -123.046804623059657, 45.510205426947287 ], [ -123.046609193740238, 45.510308701196529 ], [ -123.046877349527691, 45.510177423716641 ] ], [ [ -123.044424050376747, 45.510083838954522 ], [ -123.044330236444267, 45.509963577384383 ], [ -123.04430350202648, 45.509929306309786 ], [ -123.044424050376747, 45.510083838954522 ] ], [ [ -123.04433635673152, 45.509589096582587 ], [ -123.044363416481374, 45.509555702793669 ], [ -123.044402747811816, 45.509507164588555 ], [ -123.04433635673152, 45.509589096582587 ] ], [ [ -123.045853849859213, 45.509187552615465 ], [ -123.046072026155045, 45.509080632495575 ], [ -123.046077353956434, 45.509074521250078 ], [ -123.045853849859213, 45.509187552615465 ] ], [ [ -123.046077353956434, 45.509074521250078 ], [ -123.046118259907828, 45.509016849297524 ], [ -123.046140896128591, 45.508969298101981 ], [ -123.046077353956434, 45.509074521250078 ] ], [ [ -123.046140896128591, 45.508969298101981 ], [ -123.046151930841134, 45.508934318969494 ], [ -123.046158586563465, 45.508898797704177 ], [ -123.046140896128591, 45.508969298101981 ] ], [ [ -123.046158586563465, 45.508898797704177 ], [ -123.046160815201318, 45.508863003655918 ], [ -123.046158598242243, 45.508827209119502 ], [ -123.046158586563465, 45.508898797704177 ] ], [ [ -123.046158598242243, 45.508827209119502 ], [ -123.046150095427549, 45.508784638880016 ], [ -123.046135311002075, 45.508742926301544 ], [ -123.046158598242243, 45.508827209119502 ] ], [ [ -123.046135311002075, 45.508742926301544 ], [ -123.046092473726716, 45.508670188958739 ], [ -123.045925284971617, 45.508467728305696 ], [ -123.046135311002075, 45.508742926301544 ] ], [ [ -123.046071479771086, 45.507680620861009 ], [ -123.046373138332925, 45.50746976417895 ], [ -123.046684826108901, 45.507251392020947 ], [ -123.046071479771086, 45.507680620861009 ] ], [ [ -123.047330484271569, 45.507080301223752 ], [ -123.047411597176747, 45.507067549533822 ], [ -123.046944270189854, 45.507139907975095 ], [ -123.047330484271569, 45.507080301223752 ] ], [ [ -123.047411597176747, 45.507067549533822 ], [ -123.047452976859944, 45.507055435935641 ], [ -123.047491949371107, 45.507039867322256 ], [ -123.047411597176747, 45.507067549533822 ] ], [ [ -123.047491949371107, 45.507039867322256 ], [ -123.047532796707316, 45.507018142416875 ], [ -123.047564710611269, 45.506996011547152 ], [ -123.047491949371107, 45.507039867322256 ] ], [ [ -123.047564710611269, 45.506996011547152 ], [ -123.047603129593455, 45.506960028735634 ], [ -123.047627092713327, 45.50692820173056 ], [ -123.047564710611269, 45.506996011547152 ] ], [ [ -123.047627092713327, 45.50692820173056 ], [ -123.047642714371662, 45.506898660986153 ], [ -123.047651943245526, 45.506872432815925 ], [ -123.047627092713327, 45.50692820173056 ] ], [ [ -123.047651943245526, 45.506872432815925 ], [ -123.047657053580537, 45.506847012617129 ], [ -123.047652041282589, 45.506613188698566 ], [ -123.047651943245526, 45.506872432815925 ] ], [ [ -123.047643727400086, 45.506537378139662 ], [ -123.047636025011755, 45.506467143430442 ], [ -123.047606079321184, 45.506321483420329 ], [ -123.047643727400086, 45.506537378139662 ] ], [ [ -123.047583610677407, 45.506279048348759 ], [ -123.047557426160907, 45.506248621690872 ], [ -123.047606079321184, 45.506321483420329 ], [ -123.047583610677407, 45.506279048348759 ] ], [ [ -123.047557426160907, 45.506248621690872 ], [ -123.047453100832243, 45.506204012077411 ], [ -123.047413594133772, 45.506201979475819 ], [ -123.047557426160907, 45.506248621690872 ] ], [ [ -123.047294307618458, 45.506210963861221 ], [ -123.047176481695189, 45.506229876421202 ], [ -123.047413594133772, 45.506201979475819 ], [ -123.047294307618458, 45.506210963861221 ] ], [ [ -123.044489663197226, 45.505914649947805 ], [ -123.04438008131487, 45.505901301886546 ], [ -123.044324565276071, 45.505898690180203 ], [ -123.044489663197226, 45.505914649947805 ] ], [ [ -123.044324565276071, 45.505898690180203 ], [ -123.044199612395587, 45.505902790427825 ], [ -123.04410396516883, 45.505915463883419 ], [ -123.044324565276071, 45.505898690180203 ] ], [ [ -123.04410396516883, 45.505915463883419 ], [ -123.043998297844809, 45.505939853043245 ], [ -123.04391057440715, 45.505969501132768 ], [ -123.04410396516883, 45.505915463883419 ] ], [ [ -123.04391057440715, 45.505969501132768 ], [ -123.043817484576394, 45.506012288726104 ], [ -123.04375372751467, 45.506050136799431 ], [ -123.04391057440715, 45.505969501132768 ] ], [ [ -123.04375372751467, 45.506050136799431 ], [ -123.043695944015994, 45.506092462868622 ], [ -123.043644770184656, 45.50613880451715 ], [ -123.04375372751467, 45.506050136799431 ] ], [ [ -123.043644770184656, 45.50613880451715 ], [ -123.043600765809984, 45.506188653303994 ], [ -123.043578497888532, 45.506222691368698 ], [ -123.043644770184656, 45.50613880451715 ] ], [ [ -123.042975139297752, 45.506442993796071 ], [ -123.042964179719675, 45.506440997445551 ], [ -123.04277276539618, 45.506440156639727 ], [ -123.042975139297752, 45.506442993796071 ] ], [ [ -123.04277276539618, 45.506440156639727 ], [ -123.042688508900881, 45.506466941551146 ], [ -123.042611248836579, 45.506502663426552 ], [ -123.04277276539618, 45.506440156639727 ] ], [ [ -123.042611248836579, 45.506502663426552 ], [ -123.04249695499594, 45.506585383847316 ], [ -123.042422481590464, 45.506681497538281 ], [ -123.042611248836579, 45.506502663426552 ] ], [ [ -123.041077425570393, 45.50662190416574 ], [ -123.041193237838485, 45.506409606237355 ], [ -123.041092937667599, 45.506577566252105 ], [ -123.041077425570393, 45.50662190416574 ] ], [ [ -123.04107343317142, 45.506686623376687 ], [ -123.041075844628821, 45.50674054433545 ], [ -123.041077425570393, 45.50662190416574 ], [ -123.04107343317142, 45.506686623376687 ] ], [ [ -123.041052874070814, 45.506961033505426 ], [ -123.041035228453779, 45.506988816477254 ], [ -123.041021958656913, 45.507032308024485 ], [ -123.041052874070814, 45.506961033505426 ] ], [ [ -123.041020558209368, 45.507074921202765 ], [ -123.041021331835665, 45.50709221905845 ], [ -123.041021958656913, 45.507032308024485 ], [ -123.041020558209368, 45.507074921202765 ] ], [ [ -123.04016970238203, 45.507593108146153 ], [ -123.04015564244061, 45.507590357236566 ], [ -123.04009687043029, 45.507587858396327 ], [ -123.04016970238203, 45.507593108146153 ] ], [ [ -123.03902434395593, 45.506631566326945 ], [ -123.039019350266571, 45.50661423628717 ], [ -123.039001750051838, 45.506576939773709 ], [ -123.03902434395593, 45.506631566326945 ] ], [ [ -123.039001750051838, 45.506576939773709 ], [ -123.038764776934215, 45.506320889726091 ], [ -123.038546293728658, 45.506105647019886 ], [ -123.039001750051838, 45.506576939773709 ] ], [ [ -123.038546293728658, 45.506105647019886 ], [ -123.03822889872167, 45.505839189880817 ], [ -123.038060386082279, 45.505715974691675 ], [ -123.038546293728658, 45.506105647019886 ] ], [ [ -123.038060386082279, 45.505715974691675 ], [ -123.03789113540671, 45.505604190176221 ], [ -123.037818670780183, 45.505572834897428 ], [ -123.038060386082279, 45.505715974691675 ] ], [ [ -123.037818670780183, 45.505572834897428 ], [ -123.037645478790608, 45.505550071794524 ], [ -123.03745280406288, 45.505567307777049 ], [ -123.037818670780183, 45.505572834897428 ] ], [ [ -123.03745280406288, 45.505567307777049 ], [ -123.037171205573969, 45.5056267356684 ], [ -123.036999293028032, 45.50568505728512 ], [ -123.03745280406288, 45.505567307777049 ] ], [ [ -123.036999293028032, 45.50568505728512 ], [ -123.036911528381196, 45.505736607282053 ], [ -123.036832744732877, 45.505795314103324 ], [ -123.036999293028032, 45.50568505728512 ] ], [ [ -123.03644281132037, 45.505947328745869 ], [ -123.036336584380734, 45.505991850603166 ], [ -123.036078861251525, 45.50611773921915 ], [ -123.03644281132037, 45.505947328745869 ] ], [ [ -123.035686181559029, 45.505630471370182 ], [ -123.035710754097039, 45.505591757852883 ], [ -123.035729080054949, 45.505559082903183 ], [ -123.035686181559029, 45.505630471370182 ] ], [ [ -122.912627911131125, 45.49150363593521 ], [ -122.913566974498821, 45.491993110093183 ], [ -122.912604304554165, 45.491503324387359 ], [ -122.912627911131125, 45.49150363593521 ] ], [ [ -122.912591312481709, 45.491980055785469 ], [ -122.912601221945081, 45.491980188373589 ], [ -122.912604304554165, 45.491503324387359 ], [ -122.912591312481709, 45.491980055785469 ] ], [ [ -122.915600527059638, 45.493550731719758 ], [ -122.915564873808037, 45.494834708021337 ], [ -122.915565809228227, 45.494834893279069 ], [ -122.915600527059638, 45.493550731719758 ] ], [ [ -122.912647103451945, 45.494256847606152 ], [ -122.912550555759637, 45.493510437337825 ], [ -122.91254960970349, 45.493510424839101 ], [ -122.91258753056897, 45.494245049216666 ], [ -122.912647103451945, 45.494256847606152 ] ], [ [ -123.000668721476899, 45.532532947878394 ], [ -123.000567934267266, 45.532136814508348 ], [ -123.001721456676677, 45.532539964846286 ], [ -123.000668721476899, 45.532532947878394 ] ], [ [ -123.059322649851765, 45.527202772680432 ], [ -123.05933139986125, 45.528405308858154 ], [ -123.059381667289372, 45.527202770646568 ], [ -123.059322649851765, 45.527202772680432 ] ], [ [ -123.046635844047231, 45.528295134186664 ], [ -123.046583753174488, 45.52825895868245 ], [ -123.046568634074617, 45.528294964471421 ], [ -123.046635844047231, 45.528295134186664 ] ], [ [ -123.037966665544076, 45.527777200205897 ], [ -123.037908508172919, 45.527755483732385 ], [ -123.038245080712613, 45.528160484174521 ], [ -123.037966665544076, 45.527777200205897 ] ], [ [ -123.037133668300484, 45.527156562541784 ], [ -123.03719182476199, 45.527178279411011 ], [ -123.036781647760776, 45.527013544406536 ], [ -123.037133668300484, 45.527156562541784 ] ], [ [ -123.03617702690363, 45.526709859922235 ], [ -123.036133375116151, 45.526698528732467 ], [ -123.036460747951409, 45.526913032241012 ], [ -123.03617702690363, 45.526709859922235 ] ], [ [ -123.031819884120921, 45.520554065809307 ], [ -123.032276175502318, 45.523064770843924 ], [ -123.031912308166881, 45.520758898014073 ], [ -123.031819884120921, 45.520554065809307 ] ], [ [ -123.029671029260655, 45.51997943082781 ], [ -123.029623428703871, 45.520550789775939 ], [ -123.02968118049543, 45.520550291720483 ], [ -123.029671029260655, 45.51997943082781 ] ], [ [ -123.050203858385473, 45.513954840765003 ], [ -123.05130365730966, 45.513955606590962 ], [ -123.049748705798365, 45.513950409976928 ], [ -123.050203858385473, 45.513954840765003 ] ], [ [ -123.049479048710324, 45.51388166638425 ], [ -123.049621785252654, 45.513926822730554 ], [ -123.049748705798365, 45.513950409976928 ], [ -123.049479048710324, 45.51388166638425 ] ], [ [ -123.0491166729214, 45.513738573957234 ], [ -123.049350006965497, 45.513860996006251 ], [ -123.048923886759837, 45.513609146403482 ], [ -123.0491166729214, 45.513738573957234 ] ], [ [ -123.047631788040619, 45.512845471081533 ], [ -123.048142700941639, 45.513185819651376 ], [ -123.04839987146093, 45.513299436369593 ], [ -123.047631788040619, 45.512845471081533 ] ], [ [ -123.046708281556562, 45.51230161639662 ], [ -123.046835390856828, 45.512385080043025 ], [ -123.046898794734616, 45.51241224191488 ], [ -123.046708281556562, 45.51230161639662 ] ], [ [ -123.046471707106846, 45.512173447938956 ], [ -123.046529517811265, 45.512211440095669 ], [ -123.046687188673772, 45.512290188960328 ], [ -123.046471707106846, 45.512173447938956 ] ], [ [ -123.046332957196128, 45.512032000288698 ], [ -123.046398629128504, 45.512110409963121 ], [ -123.046431363880913, 45.512132320349068 ], [ -123.046332957196128, 45.512032000288698 ] ], [ [ -123.045292302931159, 45.511281696426721 ], [ -123.044949839945616, 45.51092731599342 ], [ -123.045251404369665, 45.511239374928763 ], [ -123.045292302931159, 45.511281696426721 ] ], [ [ -123.043749317799396, 45.509965640847518 ], [ -123.043841144702569, 45.510021223244841 ], [ -123.043863019916643, 45.510032538116349 ], [ -123.043749317799396, 45.509965640847518 ] ], [ [ -123.043599954059474, 45.509793095074357 ], [ -123.043558350675596, 45.509726037700922 ], [ -123.043590500671826, 45.509777858757218 ], [ -123.043599954059474, 45.509793095074357 ] ], [ [ -123.043621181973677, 45.509457982486218 ], [ -123.043539891907159, 45.509483994602576 ], [ -123.043595352268227, 45.509466248226353 ], [ -123.043621181973677, 45.509457982486218 ] ], [ [ -123.043288584864285, 45.509389130489879 ], [ -123.043334673486129, 45.509426266469646 ], [ -123.043539891907159, 45.509483994602576 ], [ -123.043288584864285, 45.509389130489879 ] ], [ [ -123.043126493699774, 45.509218774930197 ], [ -123.043235775620133, 45.509348282904078 ], [ -123.043288584864285, 45.509389130489879 ], [ -123.043126493699774, 45.509218774930197 ] ], [ [ -123.043096505184863, 45.509202824036372 ], [ -123.043110758707797, 45.509211856262446 ], [ -123.043126493699774, 45.509218774930197 ], [ -123.043096505184863, 45.509202824036372 ] ], [ [ -123.042798075110454, 45.509044088806171 ], [ -123.042823049045452, 45.509057832353797 ], [ -123.042823420820582, 45.509057570230027 ], [ -123.042798075110454, 45.509044088806171 ] ], [ [ -123.042265243150936, 45.508769073584368 ], [ -123.042336235626792, 45.508795228255892 ], [ -123.042203256638999, 45.508741202104872 ], [ -123.042265243150936, 45.508769073584368 ] ], [ [ -123.041914202800754, 45.508628543453021 ], [ -123.041937086129295, 45.508633063299627 ], [ -123.041856272991993, 45.508612795760257 ], [ -123.041914202800754, 45.508628543453021 ] ], [ [ -123.041747281426595, 45.508595572546959 ], [ -123.041807597816529, 45.508607486319534 ], [ -123.041856272991993, 45.508612795760257 ], [ -123.041747281426595, 45.508595572546959 ] ], [ [ -123.041783612242838, 45.510067711147798 ], [ -123.041636250055774, 45.510688902585585 ], [ -123.041789112716373, 45.510071338185305 ], [ -123.041783612242838, 45.510067711147798 ] ], [ [ -123.041239821954179, 45.51107529504732 ], [ -123.040438047423322, 45.510949680529997 ], [ -123.040965849432297, 45.5110323726106 ], [ -123.041239821954179, 45.51107529504732 ] ], [ [ -123.040437070528142, 45.510945704386415 ], [ -123.040417709782105, 45.510866902520483 ], [ -123.04043643668868, 45.510943127934837 ], [ -123.040437070528142, 45.510945704386415 ] ], [ [ -123.039093816758992, 45.509481929056705 ], [ -123.039105393489351, 45.509491189070474 ], [ -123.039830353233867, 45.5095573119401 ], [ -123.039093816758992, 45.509481929056705 ] ], [ [ -123.037696929303507, 45.50751398159786 ], [ -123.037722163510281, 45.507522304409434 ], [ -123.037383906426953, 45.507410738235272 ], [ -123.037696929303507, 45.50751398159786 ] ], [ [ -123.037136499400901, 45.507043056229946 ], [ -123.037383357893148, 45.50740992389975 ], [ -123.037383906426953, 45.507410738235272 ], [ -123.037136499400901, 45.507043056229946 ] ], [ [ -123.036377557818739, 45.506813418555943 ], [ -123.035681865487447, 45.506762736676116 ], [ -123.035689613694188, 45.506763301708929 ], [ -123.036377557818739, 45.506813418555943 ] ], [ [ -123.035680251459212, 45.506762619092505 ], [ -123.035470815303469, 45.50674736145082 ], [ -123.035672838962711, 45.506762079440172 ], [ -123.035680251459212, 45.506762619092505 ] ], [ [ -123.032931864497456, 45.507180878656101 ], [ -123.032781696095441, 45.513555325222079 ], [ -123.035156034601442, 45.50721536458834 ], [ -123.032931864497456, 45.507180878656101 ] ], [ [ -123.035299656967254, 45.514316255354466 ], [ -123.035262002069473, 45.513584618740921 ], [ -123.035240890614105, 45.514316072408846 ], [ -123.035299656967254, 45.514316255354466 ] ], [ [ -123.036526244668039, 45.51960150132593 ], [ -123.036468093741107, 45.519579785928457 ], [ -123.022320428045234, 45.518113753214713 ], [ -123.022234050234303, 45.519932200896484 ], [ -123.036526244668039, 45.51960150132593 ] ], [ [ -123.038313956523041, 45.512472903638816 ], [ -123.037003337594015, 45.51246816755534 ], [ -123.038315126010531, 45.512489035035429 ], [ -123.038313956523041, 45.512472903638816 ] ], [ [ -123.040089040840328, 45.513850937125611 ], [ -123.040205556402555, 45.51126349589331 ], [ -123.038454654406863, 45.513828375156599 ], [ -123.040089040840328, 45.513850937125611 ] ], [ [ -123.056491649254795, 45.527067339364763 ], [ -123.056532356879231, 45.527225737707575 ], [ -123.056680041755598, 45.527314338396387 ], [ -123.056491649254795, 45.527067339364763 ] ], [ [ -123.055425917376525, 45.526894854103844 ], [ -123.055512731172726, 45.527112767362951 ], [ -123.055591783623257, 45.527149771562001 ], [ -123.055425917376525, 45.526894854103844 ] ], [ [ -122.937251107288034, 45.551189434354988 ], [ -122.937252051889928, 45.551189351311834 ], [ -122.936809226745197, 45.551196818873009 ], [ -122.937251107288034, 45.551189434354988 ] ], [ [ -123.096562188065178, 45.616703485029369 ], [ -123.096718521605879, 45.61670445848435 ], [ -123.096718521959431, 45.616704430269351 ], [ -123.096562188065178, 45.616703485029369 ] ], [ [ -123.096716044681855, 45.616902138078579 ], [ -123.096559708969536, 45.616901164610219 ], [ -123.096559708965188, 45.616901164955834 ], [ -123.096716044681855, 45.616902138078579 ] ], [ [ -122.814070184878446, 45.873424671731961 ], [ -122.811285049778675, 45.876925364713166 ], [ -122.812743494240181, 45.875118904049565 ], [ -122.814070184878446, 45.873424671731961 ] ], [ [ -122.829742375368653, 45.867296653065608 ], [ -122.828730352569053, 45.865936264216863 ], [ -122.83050209274235, 45.869138544388363 ], [ -122.829742375368653, 45.867296653065608 ] ], [ [ -122.833366709318796, 45.847029379362141 ], [ -122.829972647973094, 45.85057651259708 ], [ -122.832991496489967, 45.847421540477747 ], [ -122.833366709318796, 45.847029379362141 ] ], [ [ -122.817858077840683, 45.823166964468996 ], [ -122.812451719452753, 45.832327588342565 ], [ -122.813354872443909, 45.831118326947404 ], [ -122.817858077840683, 45.823166964468996 ] ], [ [ -122.863890947908402, 45.721348761584778 ], [ -122.784454528538063, 45.721402154303654 ], [ -122.888197499783445, 45.721400592820977 ], [ -122.863890947908402, 45.721348761584778 ] ], [ [ -122.788413308295134, 45.555703780060362 ], [ -122.789989236965823, 45.555701701996099 ], [ -122.788413573501543, 45.555703779282418 ], [ -122.788413308295134, 45.555703780060362 ] ], [ [ -122.784793553799503, 45.551772682960397 ], [ -122.784795355006366, 45.551999123467695 ], [ -122.784793644745804, 45.551784074732481 ], [ -122.784793553799503, 45.551772682960397 ] ], [ [ -122.784774380251875, 45.548421662167478 ], [ -122.784778094528846, 45.54845310638099 ], [ -122.784774504550086, 45.548422712908739 ], [ -122.784774380251875, 45.548421662167478 ] ], [ [ -122.795021528864893, 45.548427515902866 ], [ -122.784784583414364, 45.548400131828487 ], [ -122.784784626817739, 45.548421877996134 ], [ -122.795021528864893, 45.548427515902866 ] ], [ [ -122.794236219643835, 45.549446221745448 ], [ -122.794268534793247, 45.549413651524418 ], [ -122.794576661976407, 45.549010659731998 ], [ -122.794236219643835, 45.549446221745448 ] ], [ [ -122.793829528878732, 45.549533355374706 ], [ -122.794136773576383, 45.54950849061759 ], [ -122.793291317188476, 45.549418822042298 ], [ -122.793829528878732, 45.549533355374706 ] ], [ [ -122.793767900384296, 45.550183515179931 ], [ -122.79355216602859, 45.55008922921968 ], [ -122.793142740143651, 45.550014714306279 ], [ -122.793767900384296, 45.550183515179931 ] ], [ [ -122.795859330177763, 45.551780832260249 ], [ -122.795747256768308, 45.551671936612244 ], [ -122.793809842777264, 45.550212196474341 ], [ -122.795859330177763, 45.551780832260249 ] ], [ [ -122.795953686212428, 45.552072873045482 ], [ -122.795952602224233, 45.552016989037625 ], [ -122.7959494904797, 45.551985940079632 ], [ -122.795953686212428, 45.552072873045482 ] ], [ [ -122.796061899703517, 45.554314942640033 ], [ -122.796065980643405, 45.554017759503111 ], [ -122.796046649691306, 45.553998983858754 ], [ -122.796061899703517, 45.554314942640033 ] ], [ [ -122.796128428484693, 45.555693304536888 ], [ -122.796955647496702, 45.555688978079566 ], [ -122.796128172568473, 45.555688002457913 ], [ -122.796128428484693, 45.555693304536888 ] ], [ [ -122.804606385189516, 45.556189111037007 ], [ -122.804592500037245, 45.555698771291517 ], [ -122.804590360186822, 45.556189134350774 ], [ -122.804606385189516, 45.556189111037007 ] ], [ [ -122.806182521712685, 45.562920779010625 ], [ -122.805495892497319, 45.562911226797119 ], [ -122.805495928111085, 45.56291647761396 ], [ -122.806182521712685, 45.562920779010625 ] ], [ [ -122.826187201191772, 45.563040740681856 ], [ -122.825481767113033, 45.563041685493197 ], [ -122.826187238209201, 45.563046105144423 ], [ -122.826187201191772, 45.563040740681856 ] ], [ [ -122.757753411540307, 45.466181313807702 ], [ -122.75660728234017, 45.466176214685831 ], [ -122.757754475837487, 45.466614937500573 ], [ -122.757753411540307, 45.466181313807702 ] ], [ [ -122.878567160317161, 45.763341916497708 ], [ -122.878687953756796, 45.764645531924288 ], [ -122.878503686404542, 45.762656658853473 ], [ -122.878567160317161, 45.763341916497708 ] ], [ [ -122.827055863803139, 45.568127778793631 ], [ -122.826255008977498, 45.568042201420333 ], [ -122.826255008977498, 45.568042201420347 ], [ -122.827055863803139, 45.568127778793631 ] ], [ [ -122.867591365918983, 45.591917875728925 ], [ -122.867591642445049, 45.591877755591575 ], [ -122.861761830225007, 45.591900532462567 ], [ -122.867591365918983, 45.591917875728925 ] ], [ [ -122.846722950461569, 45.591855790744638 ], [ -122.850884523187531, 45.591868171717799 ], [ -122.846837585402028, 45.585752894440468 ], [ -122.846722950461569, 45.591855790744638 ] ], [ [ -122.836660459646382, 45.577472730776478 ], [ -122.826356151951643, 45.577521440355014 ], [ -122.846977665758487, 45.577515768810308 ], [ -122.836660459646382, 45.577472730776478 ] ], [ [ -122.83600538379855, 45.815642537002191 ], [ -122.836100000011442, 45.808330094121565 ], [ -122.835879848900007, 45.82534157999936 ], [ -122.83600538379855, 45.815642537002191 ] ], [ [ -122.917611403359828, 45.931899798906585 ], [ -122.920853596218379, 45.933348654720476 ], [ -122.919034980550038, 45.932256342818519 ], [ -122.917611403359828, 45.931899798906585 ] ], [ [ -122.805424210806578, 45.454810568783856 ], [ -122.80680283666473, 45.454821799710942 ], [ -122.805426082041336, 45.454063519929598 ], [ -122.805424210806578, 45.454810568783856 ] ], [ [ -122.789266895512156, 45.498754870738722 ], [ -122.789266898396463, 45.498754878782968 ], [ -122.792195452470409, 45.499022250500644 ], [ -122.789266895512156, 45.498754870738722 ] ], [ [ -122.761777425271433, 45.482405061355919 ], [ -122.761777601239103, 45.482397925644925 ], [ -122.7610639287293, 45.482373812808525 ], [ -122.761777425271433, 45.482405061355919 ] ], [ [ -122.780238707952634, 45.546175136051289 ], [ -122.780768187446171, 45.546141509629493 ], [ -122.780768266667891, 45.546141504456934 ], [ -122.780238707952634, 45.546175136051289 ] ], [ [ -122.780770229054198, 45.545915862322133 ], [ -122.780581051975815, 45.545353874853291 ], [ -122.780576481105314, 45.54534029629918 ], [ -122.780770229054198, 45.545915862322133 ] ], [ [ -122.78368856236095, 45.544065074543994 ], [ -122.783700342002845, 45.54407911829383 ], [ -122.783912865696706, 45.544332472872796 ], [ -122.78368856236095, 45.544065074543994 ] ], [ [ -122.784030750865483, 45.544207748982082 ], [ -122.784032829918914, 45.544205549034167 ], [ -122.783912865696706, 45.544332472872796 ], [ -122.784030750865483, 45.544207748982082 ] ], [ [ -122.784863945313006, 45.53401337227892 ], [ -122.774657711857031, 45.533799753898542 ], [ -122.76442652810006, 45.533867357853744 ], [ -122.784863945313006, 45.53401337227892 ] ], [ [ -122.764396657613574, 45.519547050454591 ], [ -122.760362558487515, 45.519539998544197 ], [ -122.764466975514154, 45.519561862390773 ], [ -122.764396657613574, 45.519547050454591 ] ], [ [ -122.74379933467489, 45.505121979652564 ], [ -122.743803730761513, 45.50557071921579 ], [ -122.743800677415081, 45.504878891705111 ], [ -122.74379933467489, 45.505121979652564 ] ], [ [ -122.74380954643479, 45.497979644402307 ], [ -122.743809420396758, 45.497940905644036 ], [ -122.743809299844344, 45.498171476849045 ], [ -122.74380954643479, 45.497979644402307 ] ], [ [ -122.743696901650438, 45.480833015692802 ], [ -122.743672909066845, 45.476439654345747 ], [ -122.743660421210009, 45.471672615189213 ], [ -122.743696901650438, 45.480833015692802 ] ], [ [ -122.744780246555749, 45.490852416687041 ], [ -122.743800299383508, 45.492496903805595 ], [ -122.743800299383508, 45.492496903805609 ], [ -122.744780246555749, 45.490852416687041 ] ], [ [ -122.743818040357255, 45.507529292413281 ], [ -122.743818040357255, 45.507529292413274 ], [ -122.743068377088775, 45.507380228669014 ], [ -122.743818040357255, 45.507529292413281 ] ], [ [ -122.885210910618994, 46.046249048989871 ], [ -122.88728841366266, 46.046156541441313 ], [ -122.888350435165862, 46.046087614589375 ], [ -122.885210910618994, 46.046249048989871 ] ] ], [ [ [ -123.363455651759637, 46.147667313538662 ], [ -123.363459609526743, 46.147572563906508 ], [ -123.363572017840909, 46.147584404406039 ], [ -123.363455651759637, 46.147667313538662 ] ] ], [ [ [ -122.743667602299169, 45.447700121394924 ], [ -122.744352459331026, 45.447276491382645 ], [ -122.744349445105243, 45.44769881307483 ], [ -122.743667602299169, 45.447700121394924 ] ] ] ] } },
{ "type": "Feature", "properties": { "district_id": 2, "voting_age_pop": 486073, "lib_votes": 0, "grn_votes": 0, "con_votes": 0, "ref_votes": 0, "total_pop": 639216, "dem_votes_sum": 184993, "rep_votes_sum": 125827, "lib_votes_sum": 0, "grn_votes_sum": 0, "con_votes_sum": 0, "ref_votes_sum": 0, "minority_pop_sum": 191501, "dem_pct": 0.5951772730197542, "rep_pct": 0.4048227269802458, "lib_pct": 0.0, "grn_pct": 0.0, "con_pct": 0.0, "ref_pct": 0.0, "minority_pct": 0.29958730695101499, "compactness": 0.051596813229946636 }, "geometry": { "type": "MultiPolygon", "coordinates": [ [ [ [ -123.845774808867404, 44.930027406292773 ], [ -123.968475529804124, 44.929816193250652 ], [ -123.969112960322576, 44.911357278766864 ], [ -124.022894180832637, 44.915350795357746 ], [ -124.008752150270112, 45.044916440205512 ], [ -123.966371525215806, 45.043986362036222 ], [ -124.018005533382194, 45.049813357379641 ], [ -124.012177537676465, 45.076926359895396 ], [ -123.989543538568995, 45.094050363152604 ], [ -123.970475550622581, 45.172733369066201 ], [ -123.964183579997155, 45.317031378133329 ], [ -123.97291358456711, 45.336895378269361 ], [ -124.007770590269018, 45.336818374171798 ], [ -123.973412589321015, 45.354796379204906 ], [ -123.965433360901102, 45.451431636391405 ], [ -123.906040329074784, 45.450928825787912 ], [ -123.906040326279182, 45.435920492000093 ], [ -123.88536218668763, 45.435920494135495 ], [ -123.885746232507969, 45.378180512978176 ], [ -123.84438995397214, 45.377846612652981 ], [ -123.844389956267264, 45.392202746999082 ], [ -123.748367330534052, 45.381185583767149 ], [ -123.733155825540919, 45.386861366144963 ], [ -123.698929937011229, 45.374173542324272 ], [ -123.463655515752521, 45.375114432524278 ], [ -123.463160721535758, 45.273760543971264 ], [ -123.381295327059277, 45.273936171662008 ], [ -123.381174804113044, 45.288269154967615 ], [ -123.36058319302532, 45.288971848376981 ], [ -123.360925147335507, 45.310685418256107 ], [ -123.264215858925169, 45.303466661254305 ], [ -123.161538941576268, 45.325921698667571 ], [ -123.119686726215264, 45.31969574162413 ], [ -123.114709702422729, 45.338943114351196 ], [ -123.0945782912586, 45.344329551242907 ], [ -123.106942022476233, 45.358007758482628 ], [ -123.083124884342226, 45.363378798832862 ], [ -123.083059296459496, 45.375216441246152 ], [ -123.059012671383783, 45.375168247715351 ], [ -123.062757612598261, 45.397599568091451 ], [ -123.06989746957521, 45.397603370515625 ], [ -123.076307102604545, 45.401121084186428 ], [ -123.032175827182812, 45.404968052922094 ], [ -123.032369419358659, 45.390896491926668 ], [ -123.01129440095869, 45.391032676674151 ], [ -123.011657669351337, 45.383754622170741 ], [ -123.011651809949626, 45.376353199995684 ], [ -122.993963131678612, 45.402059344243362 ], [ -122.974605852505292, 45.40056945204568 ], [ -122.960240730696427, 45.411361206657595 ], [ -122.963633721986852, 45.430945591338698 ], [ -122.984982558354019, 45.442620290931032 ], [ -122.950669145743078, 45.449622244655792 ], [ -122.939189361682025, 45.470354184124581 ], [ -122.867444101506521, 45.478688750617223 ], [ -122.866001996035791, 45.459516133228661 ], [ -122.826086109553884, 45.465664613798516 ], [ -122.842104527861565, 45.454627223268439 ], [ -122.825996760251641, 45.4382586637103 ], [ -122.782433569218014, 45.456833197462629 ], [ -122.764900806196678, 45.441680176004517 ], [ -122.743649394158609, 45.454898553853972 ], [ -122.743719630603735, 45.439766572671367 ], [ -122.680829659520398, 45.471521528609983 ], [ -122.677912595417254, 45.499964192517538 ], [ -122.665118993978993, 45.50115769036114 ], [ -122.66649694077077, 45.46433418437087 ], [ -122.655667668498367, 45.449240500410482 ], [ -122.652617810633458, 45.445741188324966 ], [ -122.651254012565204, 45.44517078587733 ], [ -122.661096382798874, 45.457801880290042 ], [ -122.610212283739017, 45.461511674765909 ], [ -122.638915580991551, 45.461502830657025 ], [ -122.642440794287566, 45.481695275728214 ], [ -122.622652973059701, 45.484726378258692 ], [ -122.622617507112196, 45.49735847437001 ], [ -122.652716122006495, 45.500819307882793 ], [ -122.622760724100019, 45.508776168439567 ], [ -122.599401994680235, 45.497466492885131 ], [ -122.609753097504736, 45.461511314972739 ], [ -122.592839939145748, 45.458621203145803 ], [ -122.597308225037651, 45.437631893071263 ], [ -122.579294918510314, 45.432567854003537 ], [ -122.579041460596201, 45.461519636088092 ], [ -122.568659630111853, 45.457718531749229 ], [ -122.5667136099933, 45.461305565062702 ], [ -122.547686663825289, 45.461055706760014 ], [ -122.541805039545366, 45.458169328668959 ], [ -122.561739183154643, 45.45779859066387 ], [ -122.568135845927259, 45.45009075725789 ], [ -122.553506637873966, 45.442726282987699 ], [ -122.568329385811154, 45.442313947067461 ], [ -122.540719804666907, 45.438472030405904 ], [ -122.5586543833885, 45.423468790282669 ], [ -122.540656334726876, 45.426774402240099 ], [ -122.543678195178472, 45.413053786762426 ], [ -122.525947761269848, 45.410401818892197 ], [ -122.558112740646024, 45.407963329851761 ], [ -122.55346962037099, 45.417667453183618 ], [ -122.565344299357079, 45.413109197113236 ], [ -122.559723149986183, 45.406664943055823 ], [ -122.530430948599374, 45.408841506263265 ], [ -122.531410405808415, 45.393811843757675 ], [ -122.512502409576754, 45.392280467086998 ], [ -122.507243068619445, 45.374307517340036 ], [ -122.52915875302611, 45.348590650570195 ], [ -122.527827273910887, 45.309508238215088 ], [ -122.568639690052635, 45.309359699924485 ], [ -122.564226482367658, 45.290442352183518 ], [ -122.576688428059782, 45.278582470584674 ], [ -122.57294784335663, 45.261747603141103 ], [ -122.540812549004968, 45.267542489596885 ], [ -122.540813666645064, 45.258989881963636 ], [ -122.517985997486662, 45.264016493098339 ], [ -122.504557555600357, 45.255241864239316 ], [ -122.538277421974101, 45.23023881512411 ], [ -122.538300738472387, 45.215903498808416 ], [ -122.518159237252647, 45.210348452085746 ], [ -122.543263192502934, 45.197905419347407 ], [ -122.543443015100934, 45.184400420388656 ], [ -122.630238775466239, 45.215876922507164 ], [ -122.630361787476289, 45.196890802146285 ], [ -122.609425637607984, 45.193165968136007 ], [ -122.601814994941506, 45.172453127164609 ], [ -122.640527026960285, 45.176070268210587 ], [ -122.63035687295077, 45.16501773159095 ], [ -122.658566407224441, 45.167178532382884 ], [ -122.617681849905424, 45.149572004457312 ], [ -122.640438651255195, 45.146990312653394 ], [ -122.641960589936247, 45.114454662528509 ], [ -122.660788689789683, 45.121765733490363 ], [ -122.6716614046844, 45.108778868892266 ], [ -122.722416311878504, 45.114570486257371 ], [ -122.722421022572405, 45.107304839338589 ], [ -122.763586045553481, 45.114678561906793 ], [ -122.726039994323415, 45.085846689501906 ], [ -122.763983711746761, 45.085670525186465 ], [ -122.76405769029806, 45.107028895479388 ], [ -122.825507640335331, 45.128101661252089 ], [ -122.825482777639579, 45.114923412600156 ], [ -122.84615857392032, 45.114920447368441 ], [ -122.8460834101068, 45.100359566361448 ], [ -122.867897304400401, 45.100400495249389 ], [ -122.866532900581859, 45.074312124370849 ], [ -122.854373060953407, 45.06806895188253 ], [ -122.87370213818258, 45.031148219738434 ], [ -122.897332681227809, 45.029432589226523 ], [ -122.887155988603169, 45.055152770976264 ], [ -122.919285730802173, 45.034808619994259 ], [ -122.97233900416434, 45.049636825558657 ], [ -122.996342266455031, 45.005370806662199 ], [ -123.035467490224988, 45.00387919614019 ], [ -123.042517929806877, 45.013512221463046 ], [ -123.05381660802631, 45.013519051933912 ], [ -123.051915480497868, 44.990280648779603 ], [ -123.067795600552301, 44.996314299451953 ], [ -123.071223652747207, 44.984532535852672 ], [ -123.04802632807359, 44.962983347109798 ], [ -123.052528023946834, 44.953264468839286 ], [ -123.088007118997083, 44.962599193828503 ], [ -123.078377591746374, 44.96884635781079 ], [ -123.091895903745112, 44.976156787019086 ], [ -123.091479997493778, 44.987242266467753 ], [ -123.121055859455211, 44.996309176602971 ], [ -123.127253905152031, 45.016051585826332 ], [ -123.151295013100835, 45.028203904562616 ], [ -123.168443675363505, 44.999139673094135 ], [ -123.183770258543774, 45.005775431845116 ], [ -123.194076178812949, 44.999137281071071 ], [ -123.19395253841806, 45.014569478615172 ], [ -123.229735514566556, 45.020972692826582 ], [ -123.234970600074064, 44.978316323994697 ], [ -123.252817662318407, 44.963232389684492 ], [ -123.29634077072663, 44.970293968586937 ], [ -123.296280171670446, 44.983635982014782 ], [ -123.275930898162514, 44.975428277285125 ], [ -123.296144322669349, 45.007782024064703 ], [ -123.330646239195616, 44.995112198498425 ], [ -123.344009231695708, 45.011289291542766 ], [ -123.360835629890673, 45.005427467959244 ], [ -123.355602692728226, 44.991075675434907 ], [ -123.365806081728664, 44.9910195903323 ], [ -123.365837837430576, 45.005462120840257 ], [ -123.376102886079835, 45.005535326758356 ], [ -123.377651173757528, 44.981280177589909 ], [ -123.35704107152489, 44.98135991851025 ], [ -123.357073525379207, 44.974105244172655 ], [ -123.389221719469489, 44.9813867536201 ], [ -123.398176357423296, 44.956059337861461 ], [ -123.418616412321029, 44.956195371641179 ], [ -123.4188463945015, 44.970671980651744 ], [ -123.600583838246337, 44.968909680234667 ], [ -123.600800540734454, 45.000377114438344 ], [ -123.725780906154597, 45.000742472992307 ], [ -123.72443914985044, 45.070423549188419 ], [ -123.72540348822443, 45.04399238705831 ], [ -123.895918514558076, 45.044756369798421 ], [ -123.895801582463562, 45.002795923753773 ], [ -123.906319322449576, 45.002481615019406 ], [ -123.906363826777962, 44.988464381308106 ], [ -123.926003662894871, 44.988464420876213 ], [ -123.925745548112971, 44.963449945326325 ], [ -123.783118517658707, 44.957525943942372 ], [ -123.783724135596714, 44.922510002576338 ], [ -123.845819424249882, 44.922453053882201 ], [ -123.845774808867404, 44.930027406292773 ] ], [ [ -123.966344524224112, 45.04493136252475 ], [ -123.966470524175747, 45.044682362182719 ], [ -123.966371525215806, 45.043986362036222 ], [ -123.966344524224112, 45.04493136252475 ] ], [ [ -122.743706672762116, 45.433294637799378 ], [ -122.733420731931929, 45.433209060825959 ], [ -122.729624300872089, 45.43318595859877 ], [ -122.743706672762116, 45.433294637799378 ] ], [ [ -122.743830987761697, 45.348462993869795 ], [ -122.743828296751758, 45.343670219068038 ], [ -122.743786521648147, 45.354026305508171 ], [ -122.743830987761697, 45.348462993869795 ] ], [ [ -122.750067784541457, 45.233372129728487 ], [ -122.750104849059326, 45.23378839771582 ], [ -122.75016845057722, 45.233905982349661 ], [ -122.750067784541457, 45.233372129728487 ] ], [ [ -122.749855107737943, 45.231962387009212 ], [ -122.749855060522407, 45.231962419198034 ], [ -122.749855116506779, 45.231962445134791 ], [ -122.749855107737943, 45.231962387009212 ] ], [ [ -122.747593920435676, 45.233503912842664 ], [ -122.748512868373155, 45.233059860935633 ], [ -122.74918187722264, 45.232421354788833 ], [ -122.747593920435676, 45.233503912842664 ] ], [ [ -122.746028008588866, 45.233371547384429 ], [ -122.746775835262582, 45.233532324957935 ], [ -122.747545367520658, 45.233511396598608 ], [ -122.746028008588866, 45.233371547384429 ] ], [ [ -122.745889471650457, 45.233318418442607 ], [ -122.74593384243822, 45.233336376083777 ], [ -122.745982102190752, 45.233354883775085 ], [ -122.745889471650457, 45.233318418442607 ] ], [ [ -122.745870771801208, 45.233310575605515 ], [ -122.746687131479959, 45.229213998345074 ], [ -122.746448667520383, 45.229131541430377 ], [ -122.745248198847733, 45.232358473573321 ], [ -122.745261511211993, 45.232640795850138 ], [ -122.74537892736295, 45.23291081417652 ], [ -122.745870771801208, 45.233310575605515 ] ], [ [ -122.746977150486828, 45.229469956366152 ], [ -122.746859660504484, 45.22932914719533 ], [ -122.746690904023325, 45.229215895738257 ], [ -122.746977150486828, 45.229469956366152 ] ], [ [ -122.747051987556702, 45.230098713415174 ], [ -122.747068886611885, 45.229832261283541 ], [ -122.747000955001894, 45.229515653044849 ], [ -122.747051987556702, 45.230098713415174 ] ], [ [ -122.750289611092072, 45.230434714071578 ], [ -122.75200032951507, 45.230133673444811 ], [ -122.752013224720486, 45.230115326193911 ], [ -122.750289611092072, 45.230434714071578 ] ], [ [ -122.752536513832368, 45.229370787370769 ], [ -122.752527633391523, 45.229335706028763 ], [ -122.752515979770294, 45.229400003538778 ], [ -122.752536513832368, 45.229370787370769 ] ], [ [ -122.751036931613982, 45.229331703770818 ], [ -122.751424711782803, 45.229197151419228 ], [ -122.75172351943317, 45.228949966228789 ], [ -122.751036931613982, 45.229331703770818 ] ], [ [ -122.7498113987876, 45.229031186737693 ], [ -122.748973549728248, 45.22742094074362 ], [ -122.75099622755458, 45.22933835037832 ], [ -122.7498113987876, 45.229031186737693 ] ], [ [ -122.748828301259721, 45.227141785865847 ], [ -122.748813141360202, 45.227134858361524 ], [ -122.748840995281526, 45.227166182722371 ], [ -122.748828301259721, 45.227141785865847 ] ], [ [ -122.748015279560519, 45.22677231959549 ], [ -122.747210069827688, 45.222925836156044 ], [ -122.747187292313356, 45.222884750421045 ], [ -122.746760626325454, 45.225498310216153 ], [ -122.746903239060401, 45.225871616916471 ], [ -122.747156303605081, 45.226204548497336 ], [ -122.748015279560519, 45.22677231959549 ] ], [ [ -122.746581066509108, 45.221791238595898 ], [ -122.747048081114968, 45.22143898680438 ], [ -122.746934609631438, 45.222428963239061 ], [ -122.746581066509108, 45.221791238595898 ] ], [ [ -122.748074233928207, 45.220664990140328 ], [ -122.747972353529391, 45.22035223327125 ], [ -122.748004455928438, 45.220524993380479 ], [ -122.748074233928207, 45.220664990140328 ] ], [ [ -122.747288161282128, 45.218251825650057 ], [ -122.747346580515241, 45.21919902370329 ], [ -122.747844905668998, 45.219960985877002 ], [ -122.747288161282128, 45.218251825650057 ] ], [ [ -122.747078369407504, 45.217607768239908 ], [ -122.747056262196168, 45.217588575360097 ], [ -122.747092037104167, 45.217649728053352 ], [ -122.747078369407504, 45.217607768239908 ] ], [ [ -122.74532582045758, 45.216086232792769 ], [ -122.74607164888441, 45.215615781690182 ], [ -122.746078255290115, 45.216739489873035 ], [ -122.74532582045758, 45.216086232792769 ] ], [ [ -122.747874545482958, 45.214478540668431 ], [ -122.747526301315304, 45.214641212205855 ], [ -122.747381460976953, 45.214789573481646 ], [ -122.747874545482958, 45.214478540668431 ] ], [ [ -122.748750281091716, 45.213926131143275 ], [ -122.748739283689162, 45.213912997656514 ], [ -122.748724775526597, 45.21394221999865 ], [ -122.748750281091716, 45.213926131143275 ] ], [ [ -122.752698033297378, 45.212309329573905 ], [ -122.749753141215464, 45.211150961302529 ], [ -122.752629809892895, 45.212286702821572 ], [ -122.752692806625817, 45.212309127435049 ], [ -122.752698033297378, 45.212309329573905 ] ], [ [ -122.753371250617704, 45.212335365904778 ], [ -122.753382257781098, 45.212323350885548 ], [ -122.753337434399128, 45.21233405808033 ], [ -122.753371250617704, 45.212335365904778 ] ], [ [ -122.753929493296837, 45.211726005298587 ], [ -122.75391450305203, 45.211718170986948 ], [ -122.753919366774468, 45.211737059158303 ], [ -122.753929493296837, 45.211726005298587 ] ], [ [ -122.753583412107687, 45.209194466572782 ], [ -122.754325359491503, 45.20902004019802 ], [ -122.757484248620315, 45.209145120277647 ], [ -122.75752167095429, 45.209131853830975 ], [ -122.75510711627804, 45.208942027181806 ], [ -122.754326531239201, 45.209011752833966 ], [ -122.753583412107687, 45.209194466572782 ] ], [ [ -122.758956151052899, 45.208623319514267 ], [ -122.758950965802057, 45.208607149759111 ], [ -122.758903433795865, 45.208642008271092 ], [ -122.758956151052899, 45.208623319514267 ] ], [ [ -122.756889016448469, 45.208635000035876 ], [ -122.757412056430155, 45.208655559759634 ], [ -122.758467046829892, 45.208190943677806 ], [ -122.756889016448469, 45.208635000035876 ] ], [ [ -122.755846158150348, 45.207808586195313 ], [ -122.755683183738356, 45.207329553950586 ], [ -122.757214000556374, 45.205809788165247 ], [ -122.755672567403963, 45.207305336276569 ], [ -122.755846158150348, 45.207808586195313 ] ], [ [ -122.758479434204631, 45.205354579910903 ], [ -122.758501317363937, 45.205310255718437 ], [ -122.758449094393796, 45.205365493945216 ], [ -122.758479434204631, 45.205354579910903 ] ], [ [ -122.759505377401467, 45.20327650169915 ], [ -122.759482822723044, 45.203152835490975 ], [ -122.759490928843462, 45.203305768206654 ], [ -122.759505377401467, 45.20327650169915 ] ], [ [ -122.759144076268427, 45.201295472768237 ], [ -122.759149843858197, 45.20140114316947 ], [ -122.759233935571956, 45.201788181459548 ], [ -122.759144076268427, 45.201295472768237 ] ], [ [ -122.759106368385886, 45.201088714926371 ], [ -122.759089211188936, 45.20107489138033 ], [ -122.759123707081827, 45.201183785628572 ], [ -122.759106368385886, 45.201088714926371 ] ], [ [ -122.757276491350467, 45.201569489058379 ], [ -122.757355904981509, 45.201280866363611 ], [ -122.757368363630476, 45.20095650798126 ], [ -122.757276491350467, 45.201569489058379 ] ], [ [ -122.756546564958299, 45.202059433384299 ], [ -122.756955236294246, 45.201900000325544 ], [ -122.757240640990133, 45.201631330872416 ], [ -122.756546564958299, 45.202059433384299 ] ], [ [ -122.755460395550301, 45.201963207459372 ], [ -122.756093316192548, 45.202088693930037 ], [ -122.756495729994, 45.202069440277455 ], [ -122.755460395550301, 45.201963207459372 ] ], [ [ -122.753415068228733, 45.201753341468525 ], [ -122.753914516222324, 45.201864508980854 ], [ -122.754577624737223, 45.201872628618901 ], [ -122.753415068228733, 45.201753341468525 ] ], [ [ -122.75338896109956, 45.201742445447785 ], [ -122.753145533888073, 45.201107646205429 ], [ -122.753606568493296, 45.20098420700144 ], [ -122.75338896109956, 45.201742445447785 ] ], [ [ -122.75448975687641, 45.200747737949946 ], [ -122.754491441859116, 45.200725830079278 ], [ -122.754461171349561, 45.200755391590022 ], [ -122.75448975687641, 45.200747737949946 ] ], [ [ -122.754543614802259, 45.200047481799217 ], [ -122.754524908550579, 45.20003151583866 ], [ -122.754541164723278, 45.200079337704196 ], [ -122.754543614802259, 45.200047481799217 ] ], [ [ -122.754419103138005, 45.199941209846259 ], [ -122.754408974213945, 45.199937378782032 ], [ -122.754422493875268, 45.199944103877101 ], [ -122.754419103138005, 45.199941209846259 ] ], [ [ -122.7522147478671, 45.199946814914483 ], [ -122.753168496644633, 45.200034010371638 ], [ -122.754035483788542, 45.199937820931126 ], [ -122.7522147478671, 45.199946814914483 ] ], [ [ -122.75146700712088, 45.199683015172319 ], [ -122.751805607905681, 45.199830446607507 ], [ -122.752179235116571, 45.19993897146221 ], [ -122.75146700712088, 45.199683015172319 ] ], [ [ -122.750397317332613, 45.199130263169543 ], [ -122.750524745494801, 45.197797877183149 ], [ -122.751183360587234, 45.199568173359992 ], [ -122.750397317332613, 45.199130263169543 ] ], [ [ -122.750589710808541, 45.197118589322045 ], [ -122.750562604486745, 45.197046419764099 ], [ -122.750584471500432, 45.197173372678542 ], [ -122.750589710808541, 45.197118589322045 ] ], [ [ -122.749809275192305, 45.19504067235335 ], [ -122.751501108855763, 45.194452157788454 ], [ -122.75040801169277, 45.196634820540098 ], [ -122.749809275192305, 45.19504067235335 ] ], [ [ -122.751482503475245, 45.19485677123042 ], [ -122.751612855345186, 45.194660148512376 ], [ -122.751503269848044, 45.194453757527597 ], [ -122.751482503475245, 45.19485677123042 ] ], [ [ -122.752038803699264, 45.196172351702721 ], [ -122.752607992837909, 45.196341201527119 ], [ -122.752022059902998, 45.196165560690503 ], [ -122.752038803699264, 45.196172351702721 ] ], [ [ -122.754616087242397, 45.196722269220665 ], [ -122.754617982818232, 45.196711550765478 ], [ -122.754595621264869, 45.196718387853799 ], [ -122.754616087242397, 45.196722269220665 ] ], [ [ -122.754787408778242, 45.19575353052317 ], [ -122.754735735182635, 45.195708678815059 ], [ -122.754785886159141, 45.195762140255027 ], [ -122.754787408778242, 45.19575353052317 ] ], [ [ -122.753101653836751, 45.194290308736967 ], [ -122.753089932976224, 45.194285272515557 ], [ -122.753102187974875, 45.194290772370529 ], [ -122.753101653836751, 45.194290308736967 ] ], [ [ -122.75278046893925, 45.194174821478761 ], [ -122.752873936100386, 45.194207748793602 ], [ -122.752967402817475, 45.194239194161817 ], [ -122.75278046893925, 45.194174821478761 ] ], [ [ -122.752579760061167, 45.194098988281816 ], [ -122.752045265362938, 45.192055268430856 ], [ -122.754121447521911, 45.192091905970528 ], [ -122.752579760061167, 45.194098988281816 ] ], [ [ -122.756512047791546, 45.193091282318861 ], [ -122.756530630549335, 45.193097399516553 ], [ -122.756496922042686, 45.193084960016236 ], [ -122.756512047791546, 45.193091282318861 ] ], [ [ -122.75669623602019, 45.193775291445206 ], [ -122.756765744984634, 45.193408953625848 ], [ -122.756628038882198, 45.193165802130338 ], [ -122.75669623602019, 45.193775291445206 ] ], [ [ -122.756535727467849, 45.193989785341209 ], [ -122.756585194020246, 45.193938800027738 ], [ -122.756634602383471, 45.193876367352694 ], [ -122.756535727467849, 45.193989785341209 ] ], [ [ -122.756780070294084, 45.195798387590358 ], [ -122.756815535299054, 45.195791718443985 ], [ -122.75676692455481, 45.19579252951312 ], [ -122.756780070294084, 45.195798387590358 ] ], [ [ -122.758030112452829, 45.195563318376053 ], [ -122.758120856030004, 45.195521429935845 ], [ -122.757960224385045, 45.19557646078497 ], [ -122.758030112452829, 45.195563318376053 ] ], [ [ -122.759941460216098, 45.194681008352767 ], [ -122.759946190137867, 45.194654094572208 ], [ -122.75990653025066, 45.194697132730425 ], [ -122.759941460216098, 45.194681008352767 ] ], [ [ -122.760414990764673, 45.191986503761122 ], [ -122.760405639177037, 45.191847995766842 ], [ -122.760395929934433, 45.19209496700956 ], [ -122.760414990764673, 45.191986503761122 ] ], [ [ -122.760349345342547, 45.191014210850028 ], [ -122.760328896255899, 45.190986137861614 ], [ -122.76035285824041, 45.19106624179414 ], [ -122.760349345342547, 45.191014210850028 ] ], [ [ -122.759442489720769, 45.189769244757002 ], [ -122.75944134336882, 45.18976985123269 ], [ -122.759443864006471, 45.189771131449547 ], [ -122.759442489720769, 45.189769244757002 ] ], [ [ -122.755062037233898, 45.191553461299129 ], [ -122.754118703295035, 45.190743262066114 ], [ -122.756363685657661, 45.19138074394322 ], [ -122.755062037233898, 45.191553461299129 ] ], [ [ -122.753534087631181, 45.190241148653655 ], [ -122.753337961473832, 45.189460234136227 ], [ -122.754673747958478, 45.189276449755624 ], [ -122.753489893509283, 45.189296258105564 ], [ -122.753300737871371, 45.189498173891963 ], [ -122.75324005259445, 45.189805973744193 ], [ -122.753322666660168, 45.190049060124871 ], [ -122.753421610515701, 45.1901629439581 ], [ -122.753534087631181, 45.190241148653655 ] ], [ [ -122.756112173407161, 45.189452462482414 ], [ -122.756125961919679, 45.18944320669771 ], [ -122.756080498806213, 45.189448586630199 ], [ -122.756112173407161, 45.189452462482414 ] ], [ [ -122.756730233486465, 45.189037577163923 ], [ -122.756709743955412, 45.189017775478128 ], [ -122.756720650151465, 45.189044010194287 ], [ -122.756730233486465, 45.189037577163923 ] ], [ [ -122.756538596349898, 45.188852373126387 ], [ -122.756527325816336, 45.188847469779617 ], [ -122.756540209961955, 45.188853932573338 ], [ -122.756538596349898, 45.188852373126387 ] ], [ [ -122.755990203744702, 45.188733890980068 ], [ -122.753132897416492, 45.187213035156084 ], [ -122.75416199677305, 45.186092891196544 ], [ -122.755990203744702, 45.188733890980068 ] ], [ [ -122.754522755746422, 45.186189903551842 ], [ -122.754510873289746, 45.186183764173578 ], [ -122.754508256884563, 45.186182428145607 ], [ -122.754522755746422, 45.186189903551842 ] ], [ [ -122.755011016634597, 45.186514855667689 ], [ -122.754818951035617, 45.186367666614068 ], [ -122.754613024747229, 45.186238828967177 ], [ -122.755011016634597, 45.186514855667689 ] ], [ [ -122.755868753717564, 45.187022864648426 ], [ -122.75587894223284, 45.187026586536263 ], [ -122.755866885874212, 45.187021767505286 ], [ -122.755868753717564, 45.187022864648426 ] ], [ [ -122.756126633274164, 45.187117068563033 ], [ -122.756161597485786, 45.187118748187366 ], [ -122.756081792398959, 45.187100688113397 ], [ -122.756126633274164, 45.187117068563033 ] ], [ [ -122.757889692839811, 45.187201763038786 ], [ -122.757892400551682, 45.187181310861995 ], [ -122.75786757814511, 45.187200700686077 ], [ -122.757889692839811, 45.187201763038786 ] ], [ [ -122.758051046229255, 45.185982998665189 ], [ -122.757998359819155, 45.185944878877187 ], [ -122.758050213977938, 45.185989285047157 ], [ -122.758051046229255, 45.185982998665189 ] ], [ [ -122.757923223447349, 45.185890515999077 ], [ -122.75792176663596, 45.185890700470352 ], [ -122.757928172070578, 45.185894096442404 ], [ -122.757923223447349, 45.185890515999077 ] ], [ [ -122.755822027192281, 45.186156583001235 ], [ -122.756185778428986, 45.186253801133631 ], [ -122.757314543335141, 45.185967591122917 ], [ -122.755822027192281, 45.186156583001235 ] ], [ [ -122.754955348153388, 45.184625017979293 ], [ -122.758103120536077, 45.184151361398634 ], [ -122.755820541161, 45.186155968669276 ], [ -122.754955348153388, 45.184625017979293 ] ], [ [ -122.75921944336821, 45.183983383358594 ], [ -122.760071891995395, 45.183665431900337 ], [ -122.759164029931739, 45.183991721675461 ], [ -122.75921944336821, 45.183983383358594 ] ], [ [ -122.760441097092468, 45.183527722993233 ], [ -122.760439956645612, 45.183500585423317 ], [ -122.760341614528016, 45.183564828784689 ], [ -122.760441097092468, 45.183527722993233 ] ], [ [ -122.760407842427242, 45.182736404349498 ], [ -122.760400310717756, 45.182738164666027 ], [ -122.760408331417395, 45.182748040301142 ], [ -122.760407842427242, 45.182736404349498 ] ], [ [ -122.75859721449946, 45.18315958403474 ], [ -122.759423679178127, 45.183063185268274 ], [ -122.759739303151221, 45.182892655614204 ], [ -122.75859721449946, 45.18315958403474 ] ], [ [ -122.757881749879743, 45.183094792474904 ], [ -122.758199140819485, 45.183140667062474 ], [ -122.758509091903946, 45.183159001788987 ], [ -122.757881749879743, 45.183094792474904 ] ], [ [ -122.757273488603474, 45.182710695993009 ], [ -122.757527024837017, 45.182928399400375 ], [ -122.757840665092615, 45.183086758998144 ], [ -122.757273488603474, 45.182710695993009 ] ], [ [ -122.757204010365797, 45.182664628689054 ], [ -122.757177298007008, 45.182651683514202 ], [ -122.757212936045192, 45.182670546831844 ], [ -122.757204010365797, 45.182664628689054 ] ], [ [ -122.757063581758757, 45.182596575030196 ], [ -122.75704082797823, 45.182587132447331 ], [ -122.757078230306561, 45.182603673924284 ], [ -122.757063581758757, 45.182596575030196 ] ], [ [ -122.7525724886587, 45.182643782693056 ], [ -122.75272118237649, 45.182644243853751 ], [ -122.752772624414405, 45.182630692504006 ], [ -122.7525724886587, 45.182643782693056 ] ], [ [ -122.752273589545865, 45.182576774916065 ], [ -122.752392497514776, 45.182615082970081 ], [ -122.752512281706373, 45.182637737104507 ], [ -122.752273589545865, 45.182576774916065 ] ], [ [ -122.752265002753447, 45.182573308846273 ], [ -122.752850198265065, 45.180586810066416 ], [ -122.755130538834891, 45.180029141778043 ], [ -122.752265002753447, 45.182573308846273 ] ], [ [ -122.756710208013743, 45.179642822856401 ], [ -122.756736425898524, 45.1796207820219 ], [ -122.756602652935655, 45.17966912627088 ], [ -122.756710208013743, 45.179642822856401 ] ], [ [ -122.757613283586551, 45.178883620950472 ], [ -122.757459139976874, 45.178936750255296 ], [ -122.757202221468134, 45.17922919587987 ], [ -122.757613283586551, 45.178883620950472 ] ], [ [ -122.757737204951027, 45.178779441353313 ], [ -122.757725391009771, 45.178768712991761 ], [ -122.757696896037672, 45.178813328721866 ], [ -122.757737204951027, 45.178779441353313 ] ], [ [ -122.755923415142718, 45.178792547183356 ], [ -122.756454580702851, 45.17880870107804 ], [ -122.757163152095188, 45.178525564389524 ], [ -122.755923415142718, 45.178792547183356 ] ], [ [ -122.755645187446248, 45.178571373781402 ], [ -122.755759063756102, 45.178700910256751 ], [ -122.755920054713812, 45.178791271586661 ], [ -122.755645187446248, 45.178571373781402 ] ], [ [ -122.754117234829934, 45.177348974020092 ], [ -122.755155380277927, 45.177214694837517 ], [ -122.754927225618161, 45.177996989887568 ], [ -122.754117234829934, 45.177348974020092 ] ], [ [ -122.75522057078291, 45.177243101951255 ], [ -122.755192527338224, 45.17723052444213 ], [ -122.755170278288645, 45.177220939720542 ], [ -122.75522057078291, 45.177243101951255 ] ], [ [ -122.755991159836199, 45.177888543311148 ], [ -122.755628700488913, 45.177506825789564 ], [ -122.755263524960512, 45.177263433054272 ], [ -122.755991159836199, 45.177888543311148 ] ], [ [ -122.756194484322535, 45.178029272632081 ], [ -122.756197389422255, 45.178028851341374 ], [ -122.756174512088776, 45.178020760815052 ], [ -122.756194484322535, 45.178029272632081 ] ], [ [ -122.756944781822725, 45.177920466155889 ], [ -122.757001194172346, 45.177887168718208 ], [ -122.756894657685308, 45.177927735053395 ], [ -122.756944781822725, 45.177920466155889 ] ], [ [ -122.757769372822125, 45.177433748674261 ], [ -122.757816556390495, 45.177369669512593 ], [ -122.757704931063245, 45.177471785778962 ], [ -122.757769372822125, 45.177433748674261 ] ], [ [ -122.759317600347629, 45.175331090880199 ], [ -122.758450699214464, 45.176055822295893 ], [ -122.758136713209552, 45.176934868348738 ], [ -122.759317600347629, 45.175331090880199 ] ], [ [ -122.758101082566512, 45.174869882411116 ], [ -122.756462990463476, 45.173089633125436 ], [ -122.758248563983457, 45.172718587283207 ], [ -122.758101082566512, 45.174869882411116 ] ], [ [ -122.761961330470456, 45.171947059047774 ], [ -122.761958600060339, 45.171930300066123 ], [ -122.761934088908291, 45.171952719995147 ], [ -122.761961330470456, 45.171947059047774 ] ], [ [ -122.761915209347833, 45.171663971590746 ], [ -122.761904394370021, 45.171659823606888 ], [ -122.761915689831454, 45.171666920764942 ], [ -122.761915209347833, 45.171663971590746 ] ], [ [ -122.761802348900716, 45.171620685004122 ], [ -122.759830355377758, 45.170051838010117 ], [ -122.76113022931645, 45.169513098592518 ], [ -122.761802348900716, 45.171620685004122 ] ], [ [ -122.762244295119913, 45.169051364253896 ], [ -122.762528411197067, 45.168775195112907 ], [ -122.762204012498216, 45.169068059804822 ], [ -122.762244295119913, 45.169051364253896 ] ], [ [ -122.763082860345833, 45.168236250459344 ], [ -122.763182669720607, 45.168106882645588 ], [ -122.762813024378616, 45.168498541429322 ], [ -122.763082860345833, 45.168236250459344 ] ], [ [ -122.765124965116271, 45.1655893200655 ], [ -122.765162828750576, 45.165508639764951 ], [ -122.763381334429653, 45.167849382722231 ], [ -122.765124965116271, 45.1655893200655 ] ], [ [ -122.765994074020526, 45.163737383266152 ], [ -122.767358101515725, 45.163318038894872 ], [ -122.765567823105769, 45.164645665633302 ], [ -122.765994074020526, 45.163737383266152 ] ], [ [ -122.768092075555415, 45.163092391226016 ], [ -122.768120861729301, 45.163057977044431 ], [ -122.768044378218889, 45.163107054977239 ], [ -122.768092075555415, 45.163092391226016 ] ], [ [ -122.769269581391583, 45.161684653322673 ], [ -122.770360216119272, 45.162292370424204 ], [ -122.76909114721245, 45.161897978116997 ], [ -122.769269581391583, 45.161684653322673 ] ], [ [ -122.771937022828752, 45.163170977971824 ], [ -122.771979261211641, 45.163183302084619 ], [ -122.771931005700438, 45.163167625212296 ], [ -122.771937022828752, 45.163170977971824 ] ], [ [ -122.772339255158812, 45.163288339283845 ], [ -122.772448498954887, 45.163312304057058 ], [ -122.772268150286436, 45.163267592681905 ], [ -122.772339255158812, 45.163288339283845 ] ], [ [ -122.772589611438462, 45.163343259838136 ], [ -122.773130531650665, 45.163435168863622 ], [ -122.773165586218738, 45.163434937136557 ], [ -122.772589611438462, 45.163343259838136 ] ], [ [ -122.774176775359919, 45.163222600580909 ], [ -122.773976150381401, 45.163371409796305 ], [ -122.774125180979354, 45.163284111492906 ], [ -122.774176775359919, 45.163222600580909 ] ], [ [ -122.774854775609356, 45.162414281310532 ], [ -122.774611429822031, 45.162568281076744 ], [ -122.774268649238081, 45.16311306821602 ], [ -122.774854775609356, 45.162414281310532 ] ], [ [ -122.77487104613391, 45.161983954824947 ], [ -122.774831472322489, 45.16192754190407 ], [ -122.774869761089391, 45.162017942089186 ], [ -122.77487104613391, 45.161983954824947 ] ], [ [ -122.774736085640399, 45.161791566868061 ], [ -122.774721195383648, 45.161786367534404 ], [ -122.774763202628961, 45.161830222543763 ], [ -122.774736085640399, 45.161791566868061 ] ], [ [ -122.774202170221827, 45.161624533138209 ], [ -122.774357359740861, 45.161672845542739 ], [ -122.774515100109952, 45.161716995490096 ], [ -122.774202170221827, 45.161624533138209 ] ], [ [ -122.773282724412041, 45.160902634496949 ], [ -122.773479768401288, 45.161327320992292 ], [ -122.774123513049972, 45.161598120244065 ], [ -122.773282724412041, 45.160902634496949 ] ], [ [ -122.773105105283207, 45.160755709954671 ], [ -122.772110418101306, 45.159638523925217 ], [ -122.772234073850541, 45.160234497943883 ], [ -122.773105105283207, 45.160755709954671 ] ], [ [ -122.772028227650878, 45.1595462104831 ], [ -122.771951845092687, 45.159497643131957 ], [ -122.771943065798808, 45.159494275418211 ], [ -122.772028227650878, 45.1595462104831 ] ], [ [ -122.77150155045166, 45.160038668443129 ], [ -122.771657016431874, 45.159924031524994 ], [ -122.771678142402578, 45.159765424160661 ], [ -122.77150155045166, 45.160038668443129 ] ], [ [ -122.771246791125151, 45.16009565233761 ], [ -122.770243808920867, 45.158773639233239 ], [ -122.770718032603213, 45.158459922089996 ], [ -122.771246791125151, 45.16009565233761 ] ], [ [ -122.771577035460226, 45.157891654375781 ], [ -122.771326387740331, 45.158035321762554 ], [ -122.771094979163777, 45.158210556259391 ], [ -122.771577035460226, 45.157891654375781 ] ], [ [ -122.772259894359635, 45.157439909499764 ], [ -122.772282365591792, 45.157377276966393 ], [ -122.772216132297132, 45.157468860372134 ], [ -122.772259894359635, 45.157439909499764 ] ], [ [ -122.772904031626823, 45.155644522312869 ], [ -122.773139095559017, 45.155669657576965 ], [ -122.772667676399081, 45.15630331571159 ], [ -122.772904031626823, 45.155644522312869 ] ], [ [ -122.774147440020798, 45.155777479200381 ], [ -122.773972026465799, 45.155750817690752 ], [ -122.773921893570076, 45.155753361681477 ], [ -122.774147440020798, 45.155777479200381 ] ], [ [ -122.774487247974207, 45.155813814599867 ], [ -122.774481820577137, 45.155798090051924 ], [ -122.7744708520611, 45.155812061398194 ], [ -122.774487247974207, 45.155813814599867 ] ], [ [ -122.774200122004103, 45.154981931778359 ], [ -122.774974739447046, 45.153685433776957 ], [ -122.774384516099047, 45.155516173527701 ], [ -122.774200122004103, 45.154981931778359 ] ], [ [ -122.77559802759869, 45.153152497163809 ], [ -122.776112830556244, 45.153200345094632 ], [ -122.776150151743948, 45.153216151518379 ], [ -122.776113799651625, 45.15320052652919 ], [ -122.7760836757231, 45.153188978173112 ], [ -122.776005548292517, 45.153164193445086 ], [ -122.775840318064766, 45.153133042054918 ], [ -122.77559802759869, 45.153152497163809 ] ], [ [ -122.776171998803932, 45.15322540427352 ], [ -122.776508139418169, 45.153310192351789 ], [ -122.77634319090194, 45.153238586835442 ], [ -122.776171998803932, 45.15322540427352 ] ], [ [ -122.776888011639315, 45.153287099354706 ], [ -122.776891322334322, 45.15325654633174 ], [ -122.776867855718905, 45.153288436735394 ], [ -122.776888011639315, 45.153287099354706 ] ], [ [ -122.776941891377689, 45.152789863694473 ], [ -122.776921547106411, 45.152829016021329 ], [ -122.776929132188656, 45.152907613800636 ], [ -122.776941891377689, 45.152789863694473 ] ], [ [ -122.777016909122452, 45.152097546169564 ], [ -122.776982939172328, 45.152151134611806 ], [ -122.776975885847548, 45.152476139399731 ], [ -122.777016909122452, 45.152097546169564 ] ], [ [ -122.777046796080029, 45.151821725557731 ], [ -122.777042176914421, 45.151820105315913 ], [ -122.777046736318937, 45.151822277082168 ], [ -122.777046796080029, 45.151821725557731 ] ], [ [ -122.77695887748402, 45.151799519047117 ], [ -122.778325740216431, 45.151072819255084 ], [ -122.778359258162922, 45.151087509061149 ], [ -122.77695887748402, 45.151799519047117 ] ], [ [ -122.778387062444139, 45.151099694754045 ], [ -122.778406621653204, 45.151107562805848 ], [ -122.778421964111345, 45.151110005461447 ], [ -122.778387062444139, 45.151099694754045 ] ], [ [ -122.778460551489474, 45.151116148914312 ], [ -122.778567910532814, 45.151116519309646 ], [ -122.778590154845574, 45.151100524410268 ], [ -122.778460551489474, 45.151116148914312 ] ], [ [ -122.778716817572175, 45.151009446772115 ], [ -122.778710430959933, 45.150977176671994 ], [ -122.778689259779995, 45.151029262390033 ], [ -122.778716817572175, 45.151009446772115 ] ], [ [ -122.780003701121359, 45.148768400907137 ], [ -122.77992594580985, 45.148900205674934 ], [ -122.78000072471292, 45.148830626019219 ], [ -122.780003701121359, 45.148768400907137 ] ], [ [ -122.780013410957693, 45.148565405562408 ], [ -122.780007071206896, 45.14856307637907 ], [ -122.780013350158768, 45.148566676636435 ], [ -122.780013410957693, 45.148565405562408 ] ], [ [ -122.77974621181518, 45.148477274761582 ], [ -122.779735896569775, 45.148473399929401 ], [ -122.779874632410511, 45.148531785732636 ], [ -122.77974621181518, 45.148477274761582 ] ], [ [ -122.780376848432837, 45.14780586742539 ], [ -122.780247573967074, 45.147921499932096 ], [ -122.780359272965171, 45.147855174170445 ], [ -122.780376848432837, 45.14780586742539 ] ], [ [ -122.780402864453137, 45.147732881221998 ], [ -122.78038100316229, 45.147699110027048 ], [ -122.780386546965886, 45.147778658851081 ], [ -122.780402864453137, 45.147732881221998 ] ], [ [ -122.77999931413521, 45.147109475814396 ], [ -122.780104935654663, 45.147417579910162 ], [ -122.780346806456009, 45.147646283114021 ], [ -122.77999931413521, 45.147109475814396 ] ], [ [ -122.779609472848151, 45.146507241673 ], [ -122.780120484897935, 45.146154907096076 ], [ -122.779932330347918, 45.147005998454503 ], [ -122.779609472848151, 45.146507241673 ] ], [ [ -122.782106298458828, 45.145042297188347 ], [ -122.782197577900789, 45.144925926401591 ], [ -122.781326263604626, 45.145479337032825 ], [ -122.782106298458828, 45.145042297188347 ] ], [ [ -122.782758353710747, 45.144210996548765 ], [ -122.78289843009901, 45.143856995595051 ], [ -122.782629405124439, 45.14299550457622 ], [ -122.782758353710747, 45.144210996548765 ] ], [ [ -122.782747999964585, 45.142663103311314 ], [ -122.782668125082012, 45.142548573701312 ], [ -122.782734193579003, 45.142701800372983 ], [ -122.782747999964585, 45.142663103311314 ] ], [ [ -122.782599017421035, 45.142449482622432 ], [ -122.782021879080318, 45.141713792881895 ], [ -122.781863313065514, 45.141639309526006 ], [ -122.782599017421035, 45.142449482622432 ] ], [ [ -122.780799479534807, 45.141735555488211 ], [ -122.780903620525152, 45.141745640919382 ], [ -122.781131973470039, 45.141705474484716 ], [ -122.780799479534807, 45.141735555488211 ] ], [ [ -122.780769853692661, 45.141725968515004 ], [ -122.780707896056512, 45.141480922759371 ], [ -122.781108126261842, 45.141017076057501 ], [ -122.781134253727046, 45.140929502053467 ], [ -122.780655525340634, 45.141529539267893 ], [ -122.780663930190926, 45.141643274475534 ], [ -122.780769853692661, 45.141725968515004 ] ], [ [ -122.781366316172608, 45.140151669546078 ], [ -122.781112774888044, 45.140565209063823 ], [ -122.78114463455897, 45.14089470755723 ], [ -122.781366316172608, 45.140151669546078 ] ], [ [ -122.780315884190685, 45.140254310919687 ], [ -122.780440733186083, 45.140257060226155 ], [ -122.78053063532326, 45.140195494596796 ], [ -122.780315884190685, 45.140254310919687 ] ], [ [ -122.780226769689222, 45.140114109782175 ], [ -122.780232772028967, 45.140194689673237 ], [ -122.780312974604612, 45.140253335425164 ], [ -122.780226769689222, 45.140114109782175 ] ], [ [ -122.779833200555018, 45.139478469832241 ], [ -122.780046805800268, 45.139385079529134 ], [ -122.779945459940549, 45.139659776820785 ], [ -122.779833200555018, 45.139478469832241 ] ], [ [ -122.780481006693478, 45.139195242179021 ], [ -122.78065424479631, 45.138382148753692 ], [ -122.780552476060549, 45.138633261844582 ], [ -122.780481006693478, 45.139195242179021 ] ], [ [ -122.780784702785553, 45.13776983623427 ], [ -122.781069340785876, 45.137771072700559 ], [ -122.780750889261569, 45.137928542700138 ], [ -122.780784702785553, 45.13776983623427 ] ], [ [ -122.781604299284098, 45.137773396557975 ], [ -122.781425126385329, 45.137744540969351 ], [ -122.781250419272908, 45.137771859304728 ], [ -122.781604299284098, 45.137773396557975 ] ], [ [ -122.78203912146067, 45.137775285423565 ], [ -122.782037208478499, 45.137727363879499 ], [ -122.781987818511794, 45.13777506256379 ], [ -122.78203912146067, 45.137775285423565 ] ], [ [ -122.782035552770324, 45.137685887196994 ], [ -122.783060131940999, 45.136741638561581 ], [ -122.783066014289403, 45.136743954048939 ], [ -122.782035552770324, 45.137685887196994 ] ], [ [ -122.783131178595866, 45.136776866347134 ], [ -122.783103789623027, 45.136762066293436 ], [ -122.783088028781677, 45.136754214243531 ], [ -122.783131178595866, 45.136776866347134 ] ], [ [ -122.783275824213689, 45.136887476789575 ], [ -122.783238398052092, 45.136852010421755 ], [ -122.783190929249344, 45.136814845968182 ], [ -122.783275824213689, 45.136887476789575 ] ], [ [ -122.783153174376167, 45.137515488177556 ], [ -122.783374459555986, 45.137183532213506 ], [ -122.783386902347402, 45.13707362509647 ], [ -122.783153174376167, 45.137515488177556 ] ], [ [ -122.783408408825579, 45.137890240801205 ], [ -122.783417705581471, 45.137877981975031 ], [ -122.783390368498601, 45.137885497279441 ], [ -122.783408408825579, 45.137890240801205 ] ], [ [ -122.783794498921637, 45.137381135039163 ], [ -122.783753384383985, 45.13738781540448 ], [ -122.783616249213424, 45.137616179067855 ], [ -122.783794498921637, 45.137381135039163 ] ], [ [ -122.783997681360134, 45.137113212976367 ], [ -122.783982135357192, 45.137096051291394 ], [ -122.783984663137815, 45.137130379207193 ], [ -122.783997681360134, 45.137113212976367 ] ], [ [ -122.783312257689701, 45.136356548936263 ], [ -122.783277542403226, 45.136452752691163 ], [ -122.783441353582973, 45.136499063340707 ], [ -122.783312257689701, 45.136356548936263 ] ], [ [ -122.78489510691054, 45.135904915556488 ], [ -122.784301892966297, 45.135967884567812 ], [ -122.78402295133904, 45.136153767603552 ], [ -122.78489510691054, 45.135904915556488 ] ], [ [ -122.785406817516218, 45.136371188064551 ], [ -122.785263232173619, 45.136158054877356 ], [ -122.784916416379815, 45.135919614019038 ], [ -122.785406817516218, 45.136371188064551 ] ], [ [ -122.785543194065568, 45.136496766481656 ], [ -122.785560639167173, 45.136497985231593 ], [ -122.78553983850469, 45.136493676613398 ], [ -122.785543194065568, 45.136496766481656 ] ], [ [ -122.785646219514391, 45.136503964046689 ], [ -122.785659557151618, 45.136492377826478 ], [ -122.785601093289358, 45.136500811437969 ], [ -122.785646219514391, 45.136503964046689 ] ], [ [ -122.786318756901423, 45.135919737227674 ], [ -122.78581031954613, 45.136150729281056 ], [ -122.785763401666358, 45.136402169458584 ], [ -122.786318756901423, 45.135919737227674 ] ], [ [ -122.786146667932414, 45.135494261158321 ], [ -122.786146551126691, 45.135494208868472 ], [ -122.786146669897988, 45.1354942660181 ], [ -122.786146667932414, 45.135494261158321 ] ], [ [ -122.785197302853575, 45.135069261896376 ], [ -122.78582614197154, 45.134430896506025 ], [ -122.786130840052053, 45.13548717556715 ], [ -122.785197302853575, 45.135069261896376 ] ], [ [ -122.786173962768004, 45.134577214277421 ], [ -122.786216918718054, 45.134342592243655 ], [ -122.786153639568383, 45.134578674878213 ], [ -122.786173962768004, 45.134577214277421 ] ], [ [ -122.786336232246867, 45.133690906032982 ], [ -122.786211099588712, 45.133953884600572 ], [ -122.786222961516614, 45.134309586874039 ], [ -122.786336232246867, 45.133690906032982 ] ], [ [ -122.786149051121598, 45.133372577785771 ], [ -122.786142758974123, 45.133370205761508 ], [ -122.786149550263019, 45.13337342664942 ], [ -122.786149051121598, 45.133372577785771 ] ], [ [ -122.785878977840966, 45.133317337899641 ], [ -122.785974284765985, 45.133342671953216 ], [ -122.786004735150357, 45.133341424779317 ], [ -122.785878977840966, 45.133317337899641 ] ], [ [ -122.785333340831514, 45.132339916959801 ], [ -122.785402892028856, 45.132065939441489 ], [ -122.786115932703083, 45.131744876995647 ], [ -122.785502381903669, 45.131903892836952 ], [ -122.78538949417441, 45.13206014358542 ], [ -122.785333340831514, 45.132339916959801 ] ], [ [ -122.78642534573207, 45.131605556325162 ], [ -122.786436102021966, 45.131551192420055 ], [ -122.786344579501858, 45.131641923298915 ], [ -122.78642534573207, 45.131605556325162 ] ], [ [ -122.786636563954303, 45.130538018214992 ], [ -122.787237127537864, 45.130568179441923 ], [ -122.786444831878427, 45.131507070375839 ], [ -122.786636563954303, 45.130538018214992 ] ], [ [ -122.787295865644779, 45.130593919234634 ], [ -122.787297730887801, 45.130594086873792 ], [ -122.787282801245624, 45.13058855043078 ], [ -122.787295865644779, 45.130593919234634 ] ], [ [ -122.787752997905457, 45.130635004089257 ], [ -122.787824401977474, 45.130609482735501 ], [ -122.787721632999563, 45.130632185162931 ], [ -122.787752997905457, 45.130635004089257 ] ], [ [ -122.787903259519112, 45.13058129733782 ], [ -122.788570587715526, 45.13028726868454 ], [ -122.788566259460239, 45.13017913879149 ], [ -122.788538797514107, 45.130152327197905 ], [ -122.787903259519112, 45.13058129733782 ] ], [ [ -122.786590529239945, 45.129304160042608 ], [ -122.786647901438144, 45.129204459032309 ], [ -122.786541616816862, 45.129063288478179 ], [ -122.786590529239945, 45.129304160042608 ] ], [ [ -122.786037081908091, 45.129360500058304 ], [ -122.786025052880916, 45.129031865233699 ], [ -122.786570419486537, 45.129321217397496 ], [ -122.786037081908091, 45.129360500058304 ] ], [ [ -122.786016092992256, 45.128787078502519 ], [ -122.786001461862682, 45.128781071691819 ], [ -122.786016351391183, 45.128794138049898 ], [ -122.786016092992256, 45.128787078502519 ] ], [ [ -122.785053143122056, 45.128455819525229 ], [ -122.78512498587412, 45.128313317109715 ], [ -122.785344830881527, 45.128656722387113 ], [ -122.785053143122056, 45.128455819525229 ] ], [ [ -122.785502090071375, 45.127565312934465 ], [ -122.785465814694305, 45.127538500253763 ], [ -122.785490589866185, 45.12758812428541 ], [ -122.785502090071375, 45.127565312934465 ] ], [ [ -122.78434975164781, 45.126713564224524 ], [ -122.784624630461209, 45.127073369071802 ], [ -122.785340303100213, 45.127445729176088 ], [ -122.78434975164781, 45.126713564224524 ] ], [ [ -122.783254463575119, 45.127082809675457 ], [ -122.783485075121604, 45.127013582778694 ], [ -122.783713586081319, 45.126868370668447 ], [ -122.783254463575119, 45.127082809675457 ] ], [ [ -122.782782858887785, 45.126236651239829 ], [ -122.782804834128115, 45.126222093580836 ], [ -122.783577859113151, 45.125459863037428 ], [ -122.782782858887785, 45.126236651239829 ] ], [ [ -122.783675631519387, 45.125363455189508 ], [ -122.783661849909137, 45.125340871347582 ], [ -122.783654510804453, 45.125384281147461 ], [ -122.783675631519387, 45.125363455189508 ] ], [ [ -122.783603048880238, 45.125244514354264 ], [ -122.78359657044598, 45.125243406267352 ], [ -122.783606432162273, 45.125250058528422 ], [ -122.783603048880238, 45.125244514354264 ] ], [ [ -122.783415816383794, 45.12521009276233 ], [ -122.783447957747569, 45.125217472998102 ], [ -122.783471628416748, 45.125221011489202 ], [ -122.783415816383794, 45.12521009276233 ] ], [ [ -122.783320673203761, 45.125162014386206 ], [ -122.783239682811285, 45.124992697638739 ], [ -122.783395617565745, 45.12520384706778 ], [ -122.783320673203761, 45.125162014386206 ] ], [ [ -122.783047893566845, 45.124591745224798 ], [ -122.783044980324576, 45.124591878092929 ], [ -122.783049061813287, 45.124594187556013 ], [ -122.783047893566845, 45.124591745224798 ] ], [ [ -122.781756298344007, 45.124845989395475 ], [ -122.782159636328444, 45.124850629383275 ], [ -122.782355936658846, 45.124634573154019 ], [ -122.781756298344007, 45.124845989395475 ] ], [ [ -122.781672086813259, 45.124771629560179 ], [ -122.781676320173347, 45.124808966414811 ], [ -122.781754867922373, 45.124845477711666 ], [ -122.781672086813259, 45.124771629560179 ] ], [ [ -122.780232453220052, 45.123487332377344 ], [ -122.780206450197696, 45.12347410020385 ], [ -122.780235204189097, 45.123489786544503 ], [ -122.780232453220052, 45.123487332377344 ] ], [ [ -122.780192890357398, 45.123467199998608 ], [ -122.780192775774637, 45.123467168855456 ], [ -122.780194356232045, 45.123467945939304 ], [ -122.780192890357398, 45.123467199998608 ] ], [ [ -122.778518775927651, 45.12400411292851 ], [ -122.779070532316922, 45.123970285967232 ], [ -122.779624315028002, 45.123592008575372 ], [ -122.778518775927651, 45.12400411292851 ] ], [ [ -122.77823725905472, 45.123413829171845 ], [ -122.778610994757855, 45.123297968014342 ], [ -122.778513441338973, 45.12400290134876 ], [ -122.77823725905472, 45.123413829171845 ] ], [ [ -122.779115943122463, 45.123141429473378 ], [ -122.779101615068669, 45.123134621946292 ], [ -122.77910632252653, 45.123144411948772 ], [ -122.779115943122463, 45.123141429473378 ] ], [ [ -122.777791737528389, 45.122512271127079 ], [ -122.778275713941696, 45.122924204379181 ], [ -122.778958558206128, 45.123066652903169 ], [ -122.777791737528389, 45.122512271127079 ] ], [ [ -122.777503196075742, 45.123625187991692 ], [ -122.777464585408509, 45.123123481708042 ], [ -122.777021396819691, 45.122841213041703 ], [ -122.777503196075742, 45.123625187991692 ] ], [ [ -122.776864573661854, 45.123750784548271 ], [ -122.776973664301295, 45.123766329037359 ], [ -122.777472983431068, 45.123642243467145 ], [ -122.776864573661854, 45.123750784548271 ] ], [ [ -122.776460178676004, 45.123606793925276 ], [ -122.776709896166864, 45.123775259705717 ], [ -122.776837330783451, 45.123747233532725 ], [ -122.776460178676004, 45.123606793925276 ] ], [ [ -122.775905304507077, 45.123400175571682 ], [ -122.775860760234636, 45.123148251257241 ], [ -122.776219449249695, 45.123517153661744 ], [ -122.775905304507077, 45.123400175571682 ] ], [ [ -122.77573524167326, 45.122438363266006 ], [ -122.77605390471706, 45.122314985494796 ], [ -122.775803904646935, 45.122826697527408 ], [ -122.77573524167326, 45.122438363266006 ] ], [ [ -122.776947164553874, 45.121969137856958 ], [ -122.77693014029073, 45.121956927798522 ], [ -122.776937524868899, 45.121972870110589 ], [ -122.776947164553874, 45.121969137856958 ] ], [ [ -122.776107311807095, 45.121366779677373 ], [ -122.776147385684908, 45.121251962620455 ], [ -122.776134303111903, 45.121386138447527 ], [ -122.776107311807095, 45.121366779677373 ] ], [ [ -122.776253752302821, 45.120947206814492 ], [ -122.776209503015195, 45.12091558133195 ], [ -122.776205530618611, 45.120914907313434 ], [ -122.776253752302821, 45.120947206814492 ] ], [ [ -122.775600397812326, 45.121009207123102 ], [ -122.775748016104117, 45.120996500393254 ], [ -122.775876757248156, 45.120931089622459 ], [ -122.775600397812326, 45.121009207123102 ] ], [ [ -122.775433425403818, 45.120956283023581 ], [ -122.77549484702071, 45.120986073840882 ], [ -122.775570514761824, 45.121005562242047 ], [ -122.775433425403818, 45.120956283023581 ] ], [ [ -122.774970257984393, 45.120789788906599 ], [ -122.775148775681402, 45.120854946399866 ], [ -122.775191076481107, 45.120869166270268 ], [ -122.774970257984393, 45.120789788906599 ] ], [ [ -122.77431774557509, 45.12007831457084 ], [ -122.77447662524628, 45.119926057170872 ], [ -122.774857275466232, 45.120748551176916 ], [ -122.77431774557509, 45.12007831457084 ] ], [ [ -122.775084654627847, 45.119343367338438 ], [ -122.774992595248179, 45.119402496092086 ], [ -122.774976187258417, 45.119447314779777 ], [ -122.775084654627847, 45.119343367338438 ] ], [ [ -122.775775630248162, 45.118681180817774 ], [ -122.775756187103568, 45.118672289152997 ], [ -122.775773613296991, 45.118683113745035 ], [ -122.775775630248162, 45.118681180817774 ] ], [ [ -122.774084084144874, 45.119298795785909 ], [ -122.77449517016386, 45.119159297834848 ], [ -122.774509989811278, 45.118878627389414 ], [ -122.774084084144874, 45.119298795785909 ] ], [ [ -122.773990372570935, 45.119281574451946 ], [ -122.774016005157236, 45.119288847414609 ], [ -122.774042082174134, 45.119294139955414 ], [ -122.773990372570935, 45.119281574451946 ] ], [ [ -122.773844204630691, 45.119168315262456 ], [ -122.773848676161577, 45.119052316128816 ], [ -122.773841371690764, 45.119024691467523 ], [ -122.773844204630691, 45.119168315262456 ] ], [ [ -122.773601474564245, 45.118117420929686 ], [ -122.77360111799058, 45.118349784202231 ], [ -122.773711704319552, 45.118534302284552 ], [ -122.773601474564245, 45.118117420929686 ] ], [ [ -122.773511120613037, 45.117775706227683 ], [ -122.773508696334559, 45.117774751229533 ], [ -122.773511174518063, 45.117775910094785 ], [ -122.773511120613037, 45.117775706227683 ] ], [ [ -122.772376023146762, 45.118056414110924 ], [ -122.772547312716867, 45.118039686825661 ], [ -122.772698605616668, 45.117972495306105 ], [ -122.772376023146762, 45.118056414110924 ] ], [ [ -122.77209149518427, 45.117854612553607 ], [ -122.772072321687403, 45.117979471188967 ], [ -122.77235485631617, 45.11805495595052 ], [ -122.77209149518427, 45.117854612553607 ] ], [ [ -122.771416001719885, 45.118124681260468 ], [ -122.771510797179175, 45.118052979724538 ], [ -122.771548912797144, 45.11795173222724 ], [ -122.771416001719885, 45.118124681260468 ] ], [ [ -122.770537686442694, 45.118217692288113 ], [ -122.770798446830909, 45.118247836545336 ], [ -122.771364216069685, 45.118146311001226 ], [ -122.770537686442694, 45.118217692288113 ] ], [ [ -122.770350171601521, 45.118020025210114 ], [ -122.770420501480984, 45.118126689759201 ], [ -122.770499012545599, 45.118203502644469 ], [ -122.770350171601521, 45.118020025210114 ] ], [ [ -122.769982049939472, 45.117279174953495 ], [ -122.769912206119514, 45.117439513526932 ], [ -122.770193828928342, 45.117909068545046 ], [ -122.769982049939472, 45.117279174953495 ] ], [ [ -122.768897378795018, 45.117297842706712 ], [ -122.768969728936668, 45.117308813828856 ], [ -122.769037258413562, 45.117295435306239 ], [ -122.768897378795018, 45.117297842706712 ] ], [ [ -122.769042191660915, 45.116815327715472 ], [ -122.768603613289159, 45.116955914138401 ], [ -122.768895860248165, 45.117297325971151 ], [ -122.769042191660915, 45.116815327715472 ] ], [ [ -122.769077357320143, 45.11669949561287 ], [ -122.769066374053736, 45.116697718206758 ], [ -122.769073488607802, 45.116712238769132 ], [ -122.769077357320143, 45.11669949561287 ] ], [ [ -122.76843445035091, 45.116595454814643 ], [ -122.768528587388232, 45.116631097490121 ], [ -122.768751807980166, 45.116646812410529 ], [ -122.76843445035091, 45.116595454814643 ] ], [ [ -122.768401224503478, 45.116361478313415 ], [ -122.768305896494738, 45.116499868613552 ], [ -122.768431734632358, 45.116594426574245 ], [ -122.768401224503478, 45.116361478313415 ] ], [ [ -122.768390120113082, 45.116276694809279 ], [ -122.768370039133401, 45.116259694254957 ], [ -122.768396043290977, 45.116321919079482 ], [ -122.768390120113082, 45.116276694809279 ] ], [ [ -122.768159536488255, 45.116081482442731 ], [ -122.768155241943759, 45.116079896879583 ], [ -122.768160210713575, 45.116082053243652 ], [ -122.768159536488255, 45.116081482442731 ] ], [ [ -122.767083034251073, 45.115908228392932 ], [ -122.767269464690813, 45.115294811723679 ], [ -122.767851151208475, 45.116027959038739 ], [ -122.767083034251073, 45.115908228392932 ] ], [ [ -122.767489279081346, 45.114571542547786 ], [ -122.767466416003501, 45.114561557309841 ], [ -122.767488824573135, 45.114573038054239 ], [ -122.767489279081346, 45.114571542547786 ] ], [ [ -122.765526646691058, 45.115816269081066 ], [ -122.765617835678825, 45.115804838071469 ], [ -122.765746573549904, 45.115725614797931 ], [ -122.765526646691058, 45.115816269081066 ] ], [ [ -122.765224229676093, 45.115748444408908 ], [ -122.765358914837975, 45.115318524095734 ], [ -122.765488277153935, 45.115816216313632 ], [ -122.765224229676093, 45.115748444408908 ] ], [ [ -122.765564829563331, 45.114661229964014 ], [ -122.765537406045112, 45.114645435468589 ], [ -122.76554280404369, 45.114731537316878 ], [ -122.765564829563331, 45.114661229964014 ] ], [ [ -122.765314980262872, 45.114517329825702 ], [ -122.765313292664629, 45.114516644849175 ], [ -122.765315248084335, 45.114517484077062 ], [ -122.765314980262872, 45.114517329825702 ] ], [ [ -122.764308021783222, 45.114190892161183 ], [ -122.7648406559249, 45.113645138086362 ], [ -122.764819662985673, 45.114388551208961 ], [ -122.764308021783222, 45.114190892161183 ] ], [ [ -122.765164253000435, 45.113009556577722 ], [ -122.765177980706738, 45.113015308534536 ], [ -122.765018686597472, 45.112838107302778 ], [ -122.765164253000435, 45.113009556577722 ] ], [ [ -122.764679357724717, 45.11246063078022 ], [ -122.764850964400026, 45.112682134520249 ], [ -122.764989150098316, 45.112805250383644 ], [ -122.764679357724717, 45.11246063078022 ] ], [ [ -122.763947344523771, 45.113525900781575 ], [ -122.76396280548137, 45.11335383981195 ], [ -122.763903650282401, 45.113208753241025 ], [ -122.763947344523771, 45.113525900781575 ] ], [ [ -122.811214530621868, 45.40769607332431 ], [ -122.810724425245482, 45.407695280588932 ], [ -122.810725590119446, 45.407817888246399 ], [ -122.811214530621868, 45.40769607332431 ] ], [ [ -122.809167710317709, 45.404822204679526 ], [ -122.808952632019043, 45.40489690095626 ], [ -122.808960116002339, 45.404918952589817 ], [ -122.809167710317709, 45.404822204679526 ] ], [ [ -122.815592096930501, 45.346262720238052 ], [ -122.825858026940949, 45.346215177479934 ], [ -122.805583937134571, 45.346282837964679 ], [ -122.815592096930501, 45.346262720238052 ] ], [ [ -122.805512530050976, 45.339006273449058 ], [ -122.805467570234299, 45.331766646361253 ], [ -122.784903962701563, 45.331819777440892 ], [ -122.774263599281852, 45.331883232644763 ], [ -122.805466624889078, 45.331766719408378 ], [ -122.805512530050976, 45.339006273449058 ] ], [ [ -122.784933842621939, 45.259551879897707 ], [ -122.784910202098189, 45.274065880134955 ], [ -122.784936604351032, 45.274065872866878 ], [ -122.784933842621939, 45.259551879897707 ] ], [ [ -123.732130508125024, 45.347801863690854 ], [ -123.731567961485325, 45.347757204420816 ], [ -123.723494394418921, 45.347805913210181 ], [ -123.732130508125024, 45.347801863690854 ] ], [ [ -123.112126897120064, 45.324417652808606 ], [ -123.112138985613399, 45.323031966087747 ], [ -123.112164649947857, 45.320089696339551 ], [ -123.112126897120064, 45.324417652808606 ] ], [ [ -123.073551963659185, 45.295526068910419 ], [ -123.073547485263674, 45.295527658785602 ], [ -123.073201502031822, 45.295650519477867 ], [ -123.073551963659185, 45.295526068910419 ] ], [ [ -123.068339899533029, 45.292015990000685 ], [ -123.068463713694669, 45.291848174113667 ], [ -123.068394862525039, 45.291941493384336 ], [ -123.068339899533029, 45.292015990000685 ] ], [ [ -123.051259806879798, 45.271895659131772 ], [ -123.051260381048166, 45.27184185689309 ], [ -123.051259808044236, 45.271895514152369 ], [ -123.051259806879798, 45.271895659131772 ] ], [ [ -123.021572990170071, 45.2662059292526 ], [ -123.02155199041735, 45.266230929630176 ], [ -123.021556918790196, 45.266225062510401 ], [ -123.021572990170071, 45.2662059292526 ] ], [ [ -123.021513989838908, 45.266272930174068 ], [ -123.021535191520982, 45.266249497315748 ], [ -123.02155199041735, 45.266230929630176 ], [ -123.021513989838908, 45.266272930174068 ] ], [ [ -123.019332683312385, 45.271790420427386 ], [ -123.019394865645566, 45.271790670491228 ], [ -123.024486428438536, 45.271811059976052 ], [ -123.019332683312385, 45.271790420427386 ] ], [ [ -123.0243952988221, 45.279263995346987 ], [ -123.024395069393989, 45.279269816484387 ], [ -123.02439293488338, 45.279324089929069 ], [ -123.0243952988221, 45.279263995346987 ] ], [ [ -122.962820482331921, 45.284198435100713 ], [ -122.960113556059255, 45.282046864480243 ], [ -122.960915337091592, 45.282775440620078 ], [ -122.962820482331921, 45.284198435100713 ] ], [ [ -122.953137366965194, 45.271646188322983 ], [ -122.952355347188899, 45.270729102467079 ], [ -122.954521330368081, 45.274042386176539 ], [ -122.953137366965194, 45.271646188322983 ] ], [ [ -122.935571331054319, 45.268174221836048 ], [ -122.928667638473001, 45.268609501436622 ], [ -122.929478441431414, 45.268636263148665 ], [ -122.935571331054319, 45.268174221836048 ] ], [ [ -122.917817948910553, 45.267697269441904 ], [ -122.913852009902598, 45.266487190447627 ], [ -122.916157271390304, 45.267426917601924 ], [ -122.917817948910553, 45.267697269441904 ] ], [ [ -122.897242035209629, 45.256735570132939 ], [ -122.897120732158271, 45.256737781606553 ], [ -122.895696069085503, 45.257262878175162 ], [ -122.897242035209629, 45.256735570132939 ] ], [ [ -122.859400434650027, 45.254446634972993 ], [ -122.859191406990334, 45.254669055135714 ], [ -122.864616743855578, 45.253034738988738 ], [ -122.859400434650027, 45.254446634972993 ] ], [ [ -122.850273072613462, 45.259517557319278 ], [ -122.850199455082958, 45.259558455442516 ], [ -122.865953074852612, 45.259621731784527 ], [ -122.850273072613462, 45.259517557319278 ] ], [ [ -122.87729406311486, 45.216143182164799 ], [ -122.877240681168288, 45.215607385627948 ], [ -122.877293115660748, 45.216133675082887 ], [ -122.87729406311486, 45.216143182164799 ] ], [ [ -123.838211592353105, 45.259105469637277 ], [ -123.844723303356091, 45.259188061531027 ], [ -123.864602992477316, 45.259243730087675 ], [ -123.838211592353105, 45.259105469637277 ] ], [ [ -123.72555369139603, 45.216265006635595 ], [ -123.606427386198433, 45.216552435424951 ], [ -123.463514125537799, 45.21629186209271 ], [ -123.463347811743901, 45.244821324139664 ], [ -123.463531992469029, 45.216317737356242 ], [ -123.601576594973736, 45.216550144781749 ], [ -123.613939383853278, 45.217107972006964 ], [ -123.624049730518038, 45.217121544436331 ], [ -123.72555369139603, 45.216265006635595 ] ], [ [ -123.335432407454334, 45.289227016821314 ], [ -123.339133476180777, 45.289189440331874 ], [ -123.339866298499373, 45.289181985537809 ], [ -123.335432407454334, 45.289227016821314 ] ], [ [ -123.148821956981237, 45.188894047968873 ], [ -123.148858986446498, 45.188854345802888 ], [ -123.148926445447415, 45.188782016638434 ], [ -123.148821956981237, 45.188894047968873 ] ], [ [ -123.148148372274434, 45.189432992073279 ], [ -123.148198771346742, 45.189392667719659 ], [ -123.148401808238617, 45.189230215683317 ], [ -123.148148372274434, 45.189432992073279 ] ], [ [ -123.130960572611983, 45.188173729871878 ], [ -123.130942069577728, 45.188296309096565 ], [ -123.13098304611664, 45.188024850154591 ], [ -123.130960572611983, 45.188173729871878 ] ], [ [ -123.120106754976774, 45.24238660995713 ], [ -123.12022618269954, 45.242386609822915 ], [ -123.120243210830282, 45.242386609391659 ], [ -123.120106754976774, 45.24238660995713 ] ], [ [ -123.11989775528545, 45.242485614603893 ], [ -123.119976227709586, 45.242448441892847 ], [ -123.120106754976774, 45.24238660995713 ], [ -123.11989775528545, 45.242485614603893 ] ], [ [ -123.115618748573951, 45.240782627030413 ], [ -123.115650640604116, 45.240858676469884 ], [ -123.115657749029481, 45.240875626977171 ], [ -123.115618748573951, 45.240782627030413 ] ], [ [ -123.111338736724505, 45.237741638278344 ], [ -123.111453188918304, 45.237822572520571 ], [ -123.111618737833922, 45.237939637578123 ], [ -123.111338736724505, 45.237741638278344 ] ], [ [ -123.111162723389057, 45.237741633518617 ], [ -123.111252751752616, 45.2377416343177 ], [ -123.111334193482818, 45.237741634922166 ], [ -123.111162723389057, 45.237741633518617 ] ], [ [ -123.108322731373164, 45.236284647231471 ], [ -123.108493747134787, 45.236397438500681 ], [ -123.108883733372764, 45.236654645784157 ], [ -123.108322731373164, 45.236284647231471 ] ], [ [ -123.006604027984167, 45.270775977168128 ], [ -123.006604045652608, 45.270777046356997 ], [ -123.006607028841984, 45.270954978066364 ], [ -123.006604027984167, 45.270775977168128 ] ], [ [ -123.006598025396841, 45.270356977118816 ], [ -123.006598025748687, 45.270383383398325 ], [ -123.006598026897862, 45.270439977276936 ], [ -123.006598025396841, 45.270356977118816 ] ], [ [ -123.395721487286764, 45.075395716692221 ], [ -123.449905458155044, 45.075281935224339 ], [ -123.380497076871663, 45.075426584199015 ], [ -123.395721487286764, 45.075395716692221 ] ], [ [ -123.380369273621355, 45.075426834399565 ], [ -123.339880181296039, 45.075498920177957 ], [ -123.356965178507508, 45.075761109175261 ], [ -123.380369273621355, 45.075426834399565 ] ], [ [ -123.339880181296039, 45.075498920177957 ], [ -123.209414364583466, 45.074979531651074 ], [ -123.205573063093837, 45.074985406143789 ], [ -123.339880181296039, 45.075498920177957 ] ], [ [ -123.186187834009132, 45.075014028013584 ], [ -123.186634618218093, 45.075013368346568 ], [ -123.186157799670696, 45.075014042896967 ], [ -123.186187834009132, 45.075014028013584 ] ], [ [ -123.068255595234575, 45.074956054844208 ], [ -123.164860115204348, 45.075024596868531 ], [ -123.068242147987036, 45.074864016385675 ], [ -123.068255595234575, 45.074956054844208 ] ], [ [ -123.066125853073316, 45.069503761994014 ], [ -123.066073150617626, 45.068635722079712 ], [ -123.066449391343696, 45.064568069209912 ], [ -123.066001551416647, 45.067790207996154 ], [ -123.066125853073316, 45.069503761994014 ] ], [ [ -123.068673736496265, 45.048561559675612 ], [ -123.067151374051917, 45.059517047078181 ], [ -123.06876697536687, 45.051070729934459 ], [ -123.068673736496265, 45.048561559675612 ] ], [ [ -123.071695584842288, 45.034997499763833 ], [ -123.071751502092368, 45.034882872950334 ], [ -123.071245251623367, 45.035651864923501 ], [ -123.071695584842288, 45.034997499763833 ] ], [ [ -123.075096708331614, 45.018409499323241 ], [ -123.07513075863649, 45.022098341541337 ], [ -123.075129144938003, 45.018171991412366 ], [ -123.075096708331614, 45.018409499323241 ] ], [ [ -123.079169467559936, 44.981811327633295 ], [ -123.08778373965778, 44.98402101315061 ], [ -123.087770973300508, 44.982267709027838 ], [ -123.079169467559936, 44.981811327633295 ] ], [ [ -123.082958830662818, 44.973216175106863 ], [ -123.082714364411842, 44.971436224421424 ], [ -123.082387535263251, 44.97317996196945 ], [ -123.082958830662818, 44.973216175106863 ] ], [ [ -123.068740936622035, 44.998578768976358 ], [ -123.070726342239183, 45.005203018772427 ], [ -123.069446840740625, 45.000269641930238 ], [ -123.068740936622035, 44.998578768976358 ] ], [ [ -123.074113122263739, 45.011858567907382 ], [ -123.075030805536301, 45.013219490195112 ], [ -123.074915392326915, 45.012661462488289 ], [ -123.074113122263739, 45.011858567907382 ] ], [ [ -123.550541424127147, 45.075557553753256 ], [ -123.520202294236427, 45.075056743609743 ], [ -123.50095778288933, 45.075172121177488 ], [ -123.550541424127147, 45.075557553753256 ] ], [ [ -123.432448116259977, 45.096592678916025 ], [ -123.432447408043913, 45.096969691603292 ], [ -123.432447211460953, 45.097074500088496 ], [ -123.432448116259977, 45.096592678916025 ] ], [ [ -123.407553993505218, 45.104814813015459 ], [ -123.407292496713936, 45.104812215046252 ], [ -123.404185142394141, 45.104781348733162 ], [ -123.407553993505218, 45.104814813015459 ] ], [ [ -123.398501955555318, 45.106607505888583 ], [ -123.398396445762884, 45.106606713516705 ], [ -123.398308808661028, 45.106606055724981 ], [ -123.398501955555318, 45.106607505888583 ] ], [ [ -123.384068023818628, 45.103267127909412 ], [ -123.384088638478659, 45.103236561860946 ], [ -123.384155023987816, 45.103138128459726 ], [ -123.384068023818628, 45.103267127909412 ] ], [ [ -123.383057164592472, 45.094895132660454 ], [ -123.383063302664752, 45.096696553415498 ], [ -123.383063748141453, 45.09682711875589 ], [ -123.383057164592472, 45.094895132660454 ] ], [ [ -123.38132495914077, 45.094118125481437 ], [ -123.381449936937017, 45.094158296486 ], [ -123.381464960377869, 45.094163125198612 ], [ -123.38132495914077, 45.094118125481437 ] ], [ [ -123.381508802855194, 45.094161590319004 ], [ -123.381503283345495, 45.094149814605011 ], [ -123.381502960015439, 45.094149124901136 ], [ -123.381508802855194, 45.094161590319004 ] ], [ [ -123.348903824996341, 45.09909276207874 ], [ -123.347817271134758, 45.099314246053851 ], [ -123.348739819425191, 45.099126193419899 ], [ -123.348903824996341, 45.09909276207874 ] ], [ [ -123.290819360298599, 45.136340379237446 ], [ -123.290819353113676, 45.136340388417651 ], [ -123.29353273297248, 45.134228589027245 ], [ -123.290819360298599, 45.136340379237446 ] ], [ [ -123.114395068364217, 45.144949199751487 ], [ -123.113481254672408, 45.146477771123564 ], [ -123.113691631912289, 45.146125873879001 ], [ -123.114395068364217, 45.144949199751487 ] ], [ [ -123.042755906674373, 45.100908613291011 ], [ -123.04292241982391, 45.100753168561141 ], [ -123.042767349983919, 45.100897930197995 ], [ -123.042755906674373, 45.100908613291011 ] ], [ [ -123.044075503045605, 45.095758929514375 ], [ -123.044028809741334, 45.095506917563768 ], [ -123.044069279228566, 45.095725340063304 ], [ -123.044075503045605, 45.095758929514375 ] ], [ [ -123.01724071476238, 45.101220949043437 ], [ -123.030679810953501, 45.101074751971865 ], [ -123.035312623659138, 45.099714940690156 ], [ -123.042659393503939, 45.094433459108004 ], [ -123.046066322650319, 45.089268105371865 ], [ -123.01724071476238, 45.101220949043437 ] ], [ [ -123.059838873186251, 45.084191156550474 ], [ -123.060548301655871, 45.08349312041608 ], [ -123.052914156761929, 45.085942518457557 ], [ -123.05195115548814, 45.086338206983285 ], [ -123.049589257923628, 45.087419048766954 ], [ -123.048620688554536, 45.087888232932826 ], [ -123.059838873186251, 45.084191156550474 ] ], [ [ -123.784423177237898, 45.147410970614807 ], [ -123.784808503479482, 45.076320382489605 ], [ -123.768811155842087, 45.076578849457533 ], [ -123.784196632244772, 45.076701901204466 ], [ -123.784423177237898, 45.147410970614807 ] ], [ [ -123.739454256456838, 45.076344054708869 ], [ -123.724361359952539, 45.076103240974781 ], [ -123.724359541083828, 45.076223327690634 ], [ -123.739454256456838, 45.076344054708869 ] ], [ [ -123.705874794255635, 45.076200290847638 ], [ -123.647526710344962, 45.076029420962932 ], [ -123.724359541083828, 45.076223327690634 ], [ -123.705874794255635, 45.076200290847638 ] ], [ [ -123.449146265547625, 45.089517357216764 ], [ -123.449142940735015, 45.089156053171578 ], [ -123.449147946297074, 45.089700053821453 ], [ -123.449146265547625, 45.089517357216764 ] ], [ [ -123.448990912576633, 45.077778662740364 ], [ -123.448984848131445, 45.077446041013069 ], [ -123.448992851947366, 45.077885041604077 ], [ -123.448990912576633, 45.077778662740364 ] ], [ [ -123.428540076090712, 45.081010214188609 ], [ -123.426893558219064, 45.081432584895666 ], [ -123.429413872677927, 45.080786065614348 ], [ -123.428540076090712, 45.081010214188609 ] ], [ [ -123.395678681721606, 45.082061647788763 ], [ -123.395449893594275, 45.082060867962554 ], [ -123.395562377587936, 45.082061251523413 ], [ -123.395678681721606, 45.082061647788763 ] ], [ [ -123.41372926195038, 45.14566411914128 ], [ -123.413435461278695, 45.145390424471486 ], [ -123.413745239554373, 45.145679003301005 ], [ -123.41372926195038, 45.14566411914128 ] ], [ [ -123.403366365295724, 45.122613122518061 ], [ -123.403453251594243, 45.122613661085964 ], [ -123.403078161250193, 45.122611334876581 ], [ -123.403366365295724, 45.122613122518061 ] ], [ [ -123.40344941384933, 45.122606066790262 ], [ -123.403436454170745, 45.122580423845335 ], [ -123.403453251594243, 45.122613661085964 ], [ -123.40344941384933, 45.122606066790262 ] ], [ [ -123.784424213448276, 45.19991061911017 ], [ -123.784423666305585, 45.172195639522222 ], [ -123.7842179249797, 45.173376002500127 ], [ -123.784424213448276, 45.19991061911017 ] ], [ [ -123.006761715205457, 45.110346081073736 ], [ -123.009117009192821, 45.106279587097475 ], [ -123.005529438014776, 45.111141044435087 ], [ -123.003639781329895, 45.112390937711375 ], [ -123.006761715205457, 45.110346081073736 ] ], [ [ -122.996586559793087, 45.117738646498999 ], [ -122.999066305197559, 45.11469123423263 ], [ -122.996532084123132, 45.11740555339717 ], [ -122.996586559793087, 45.117738646498999 ] ], [ [ -123.009135394891757, 45.127515464330628 ], [ -122.9982412552244, 45.120741045533151 ], [ -123.012058784224337, 45.133477988125343 ], [ -123.009135394891757, 45.127515464330628 ] ], [ [ -123.014585158735116, 45.136443453584839 ], [ -123.017080824753762, 45.137642034551419 ], [ -123.012747989793809, 45.134300497746167 ], [ -123.014585158735116, 45.136443453584839 ] ], [ [ -123.031662255106738, 45.144889683530877 ], [ -123.028831738346042, 45.141941692723364 ], [ -123.032453382824272, 45.146540104524021 ], [ -123.031662255106738, 45.144889683530877 ] ], [ [ -123.033263858563117, 45.150559741283338 ], [ -123.033146734650202, 45.149135245281443 ], [ -123.032891224971962, 45.148214543260806 ], [ -123.033263858563117, 45.150559741283338 ] ], [ [ -123.007779689110706, 45.159480547302834 ], [ -123.019688448821071, 45.163391767123784 ], [ -123.026509038106454, 45.162677392501891 ], [ -123.028003117357628, 45.161811200545479 ], [ -123.031035084499479, 45.158627436959968 ], [ -123.033559495495638, 45.154312834699105 ], [ -123.033296022546168, 45.1509509230183 ], [ -123.028131199350113, 45.161379588542225 ], [ -123.007779689110706, 45.159480547302834 ] ], [ [ -123.016525058900044, 45.177592497256143 ], [ -123.015275477290544, 45.176792643965683 ], [ -123.017804786435477, 45.186177954688496 ], [ -123.016525058900044, 45.177592497256143 ] ], [ [ -123.019722467381214, 45.198660234298032 ], [ -123.019486968244649, 45.197770145608843 ], [ -123.019772074577588, 45.190525516128837 ], [ -123.0183993082223, 45.187934122673205 ], [ -123.018789001104722, 45.195839660571984 ], [ -123.019722467381214, 45.198660234298032 ] ], [ [ -123.028545082471666, 45.201988032206145 ], [ -123.034983526720296, 45.200033477504689 ], [ -123.027239600614877, 45.202126108494745 ], [ -123.028545082471666, 45.201988032206145 ] ], [ [ -123.042890594532921, 45.198933957927288 ], [ -123.037843136022403, 45.199260709576492 ], [ -123.044545545417336, 45.199832800164067 ], [ -123.042890594532921, 45.198933957927288 ] ], [ [ -123.044827062292654, 45.200041881157794 ], [ -123.046895656789602, 45.204530762457274 ], [ -123.048103085924041, 45.205789040652078 ], [ -123.045753401391636, 45.200754758290891 ], [ -123.044827062292654, 45.200041881157794 ] ], [ [ -123.050520971662692, 45.216001005990321 ], [ -123.050583346769329, 45.208866347244246 ], [ -123.042087018748418, 45.220114679070001 ], [ -123.050520971662692, 45.216001005990321 ] ], [ [ -123.038304755029202, 45.222334810151075 ], [ -123.034895068312053, 45.223047455403147 ], [ -123.037412797479789, 45.222669317074754 ], [ -123.038304755029202, 45.222334810151075 ] ], [ [ -122.995835704272309, 45.237699801308054 ], [ -122.995715784211924, 45.232636876340237 ], [ -122.996723851168852, 45.238998123423848 ], [ -122.995835704272309, 45.237699801308054 ] ], [ [ -123.001558411097946, 45.256949308979813 ], [ -123.000943893828662, 45.258537080470965 ], [ -123.001439169233137, 45.254789046667973 ], [ -123.001558411097946, 45.256949308979813 ] ], [ [ -123.223996577899342, 45.226804943555514 ], [ -123.22764704276355, 45.227072325555248 ], [ -123.223374458387752, 45.226759375619018 ], [ -123.223996577899342, 45.226804943555514 ] ], [ [ -123.220899669930148, 45.226579720159059 ], [ -123.221950916973725, 45.226656037333086 ], [ -123.223374458387752, 45.226759375619018 ], [ -123.220899669930148, 45.226579720159059 ] ], [ [ -123.215964895205829, 45.231267611809159 ], [ -123.215843588647289, 45.231329354327215 ], [ -123.215798042187018, 45.231352536878887 ], [ -123.215964895205829, 45.231267611809159 ] ], [ [ -123.121471794852411, 45.254086442974305 ], [ -123.12160231990309, 45.255784625173455 ], [ -123.121806475744847, 45.258440585157949 ], [ -123.121471794852411, 45.254086442974305 ] ], [ [ -123.114129899814756, 45.253684218219099 ], [ -123.114622662839352, 45.253691445773875 ], [ -123.114623599109322, 45.253691459478617 ], [ -123.114129899814756, 45.253684218219099 ] ], [ [ -123.235223060150005, 45.2739680096767 ], [ -123.237552926773617, 45.27397101834714 ], [ -123.238244371760501, 45.273971901802383 ], [ -123.235223060150005, 45.2739680096767 ] ], [ [ -123.213918853819536, 45.271382760392711 ], [ -123.213908644261153, 45.271689591216102 ], [ -123.213832464893642, 45.273979069454569 ], [ -123.213918853819536, 45.271382760392711 ] ], [ [ -122.960710670381374, 45.296908608106413 ], [ -122.960715119714763, 45.2964120559433 ], [ -122.960718717807481, 45.296010468153845 ], [ -122.960710670381374, 45.296908608106413 ] ], [ [ -122.982932699834492, 45.283115030478051 ], [ -122.982965733355485, 45.283070235469395 ], [ -122.982944921205601, 45.283098457095782 ], [ -122.982932699834492, 45.283115030478051 ] ], [ [ -122.98811826480609, 45.297150183539372 ], [ -122.98813016004695, 45.297164007478742 ], [ -122.988199745490249, 45.297244870606015 ], [ -122.98811826480609, 45.297150183539372 ] ], [ [ -122.988162138138989, 45.297097832084646 ], [ -122.988130716909538, 45.29713532515197 ], [ -122.98811826480609, 45.297150183539372 ], [ -122.988162138138989, 45.297097832084646 ] ], [ [ -122.929258437229535, 45.34628099194439 ], [ -122.942822227608332, 45.346338221651742 ], [ -122.923060178988109, 45.346250553666323 ], [ -122.929258437229535, 45.34628099194439 ] ], [ [ -122.970251539308322, 45.346957197367168 ], [ -122.970227941310057, 45.346459798079103 ], [ -122.970256257531702, 45.347985942771714 ], [ -122.970251539308322, 45.346957197367168 ] ], [ [ -122.991395252888495, 45.361100912534013 ], [ -122.991386661980087, 45.37546740545978 ], [ -122.996923714100944, 45.375672902724716 ], [ -122.991395252888495, 45.361100912534013 ] ], [ [ -122.970798640734131, 45.36078278791544 ], [ -122.980529960706704, 45.36103228006214 ], [ -122.990856524943581, 45.361092591643597 ], [ -122.970798640734131, 45.36078278791544 ] ], [ [ -122.970309450761093, 45.35958272031867 ], [ -122.970299487615037, 45.360769965009915 ], [ -122.970314898962101, 45.36077036091703 ], [ -122.970309450761093, 45.35958272031867 ] ], [ [ -122.963321247982293, 45.30933513091118 ], [ -122.96349224860549, 45.309484130678065 ], [ -122.963352786571178, 45.30936261156689 ], [ -122.963321247982293, 45.30933513091118 ] ], [ [ -122.838694423407802, 45.268856192180245 ], [ -122.842271698160999, 45.26570221581305 ], [ -122.847037658214063, 45.261231605645747 ], [ -122.838694423407802, 45.268856192180245 ] ], [ [ -122.851369291746565, 45.128945406945626 ], [ -122.851369642290592, 45.128945024301387 ], [ -122.851700943068579, 45.12858337736035 ], [ -122.851369291746565, 45.128945406945626 ] ], [ [ -122.848253841486894, 45.131995635532213 ], [ -122.848266757492127, 45.132000314097688 ], [ -122.848535210266135, 45.132097549590725 ], [ -122.848253841486894, 45.131995635532213 ] ], [ [ -122.847552827678783, 45.129696302589103 ], [ -122.850341523771135, 45.129614732387118 ], [ -122.850384995810771, 45.129613460579861 ], [ -122.847552827678783, 45.129696302589103 ] ], [ [ -122.842711302848244, 45.134860664973985 ], [ -122.842189360258658, 45.135460002325921 ], [ -122.842653457691185, 45.134927088044279 ], [ -122.842711302848244, 45.134860664973985 ] ], [ [ -122.847568095689013, 45.132761279004932 ], [ -122.847832641651053, 45.13287829033063 ], [ -122.847688231712226, 45.132814416217165 ], [ -122.847568095689013, 45.132761279004932 ] ], [ [ -122.844629466914711, 45.135176097119789 ], [ -122.844329671150376, 45.13551077597463 ], [ -122.844345129957873, 45.135493518624514 ], [ -122.844629466914711, 45.135176097119789 ] ], [ [ -122.827113232446109, 45.151784186567482 ], [ -122.827114918513331, 45.151569623396036 ], [ -122.82711488246737, 45.151574175031016 ], [ -122.827113232446109, 45.151784186567482 ] ], [ [ -122.804879456658014, 45.172607668540955 ], [ -122.805492780345887, 45.172605463590543 ], [ -122.80487959534841, 45.172607667542003 ], [ -122.804879456658014, 45.172607668540955 ] ], [ [ -122.829668402801147, 45.222783777511033 ], [ -122.82988346467674, 45.222834433048334 ], [ -122.829883559857535, 45.222834455415146 ], [ -122.829668402801147, 45.222783777511033 ] ], [ [ -122.908791656119718, 45.34612714964959 ], [ -122.908806188446562, 45.346127218794578 ], [ -122.908817480587913, 45.343323059823128 ], [ -122.908791656119718, 45.34612714964959 ] ], [ [ -122.908896257926401, 45.323756547721779 ], [ -122.908921538860611, 45.317475901655797 ], [ -122.90890705304335, 45.317475857330358 ], [ -122.908896257926401, 45.323756547721779 ] ], [ [ -122.831272825541149, 45.346192527914937 ], [ -122.826243589394082, 45.346213511015513 ], [ -122.846432279847974, 45.346112302003384 ], [ -122.831272825541149, 45.346192527914937 ] ], [ [ -122.867946045260354, 45.281321121434338 ], [ -122.867906161520068, 45.317345036185188 ], [ -122.867970370518691, 45.277910462773058 ], [ -122.867946045260354, 45.281321121434338 ] ], [ [ -122.868000111708426, 45.259635331830331 ], [ -122.867964419208008, 45.266872622981715 ], [ -122.867981357943492, 45.271159682266791 ], [ -122.868000111708426, 45.259635331830331 ] ], [ [ -122.856700278009427, 45.317270209633193 ], [ -122.867887944760525, 45.317344938243295 ], [ -122.846497528445781, 45.31718135327985 ], [ -122.856700278009427, 45.317270209633193 ] ], [ [ -122.743715670794174, 45.332068061574759 ], [ -122.743743162466103, 45.332067806021143 ], [ -122.74371567005052, 45.332067998719332 ], [ -122.743715670794174, 45.332068061574759 ] ], [ [ -122.764359590436314, 45.331922159871169 ], [ -122.769191751109105, 45.331902941834528 ], [ -122.764390377006237, 45.331921939691341 ], [ -122.764359590436314, 45.331922159871169 ] ], [ [ -122.80875699436659, 45.405009131139636 ], [ -122.808951995917695, 45.404897130850365 ], [ -122.808695008998555, 45.405042623059309 ], [ -122.80875699436659, 45.405009131139636 ] ], [ [ -122.811953286557298, 45.400017707427281 ], [ -122.812053642077061, 45.400016569495634 ], [ -122.815170822271426, 45.399981169753467 ], [ -122.811953286557298, 45.400017707427281 ] ], [ [ -122.790524995494891, 45.402118947222732 ], [ -122.792715900347474, 45.402371216620622 ], [ -122.792760948913539, 45.402124339971728 ], [ -122.790524995494891, 45.402118947222732 ] ], [ [ -122.743921906470248, 45.386803085920718 ], [ -122.744762236612829, 45.387018093047423 ], [ -122.743921906470248, 45.386803085920711 ], [ -122.743921906470248, 45.386803085920718 ] ], [ [ -122.743937060856652, 45.393277276598006 ], [ -122.743937060856652, 45.393277276597999 ], [ -122.742803741325503, 45.394759748178551 ], [ -122.743937060856652, 45.393277276598006 ] ], [ [ -122.743151889580503, 45.255475816954778 ], [ -122.743202048364338, 45.254583799279629 ], [ -122.74304472046569, 45.254847605454472 ], [ -122.743151889580503, 45.255475816954778 ] ], [ [ -122.744456567558927, 45.253394990980034 ], [ -122.744458010081104, 45.253429707700207 ], [ -122.744451405300694, 45.253454361974462 ], [ -122.744456567558927, 45.253394990980034 ] ], [ [ -122.744116356030545, 45.25242649997022 ], [ -122.744932940838751, 45.250853051157975 ], [ -122.744843142185331, 45.250824767870263 ], [ -122.744646563880949, 45.25078270951748 ], [ -122.744273101709808, 45.250768324525247 ], [ -122.743595276902255, 45.250976446564316 ], [ -122.744116356030545, 45.25242649997022 ] ], [ [ -122.745151619774475, 45.251173935423495 ], [ -122.745093540069135, 45.250960894293534 ], [ -122.745007582213745, 45.25089042949439 ], [ -122.745151619774475, 45.251173935423495 ] ], [ [ -122.747670483804626, 45.252169589937687 ], [ -122.747656533560729, 45.252164168355478 ], [ -122.747650119918376, 45.25216815022204 ], [ -122.747670483804626, 45.252169589937687 ] ], [ [ -122.747942187500698, 45.25152302947204 ], [ -122.747930842244799, 45.251528826760044 ], [ -122.747933953882111, 45.251542622733822 ], [ -122.747942187500698, 45.25152302947204 ] ], [ [ -122.747368121865136, 45.250937958839046 ], [ -122.747492076920011, 45.248741997271424 ], [ -122.747278698563235, 45.248964175992867 ], [ -122.747171687171971, 45.249145582611348 ], [ -122.747046185309983, 45.250293872103107 ], [ -122.747164767695651, 45.250690014670703 ], [ -122.747278355951082, 45.250876368138492 ], [ -122.747368121865136, 45.250937958839046 ] ], [ [ -122.751172828064028, 45.246116729377903 ], [ -122.751158759365794, 45.246151072727884 ], [ -122.751151237157515, 45.246167476000217 ], [ -122.751172828064028, 45.246116729377903 ] ], [ [ -122.751099798499141, 45.245325762362597 ], [ -122.749879470933692, 45.243386385848083 ], [ -122.74971301922794, 45.243586685354472 ], [ -122.749690211728122, 45.243913489025587 ], [ -122.751099798499141, 45.245325762362597 ] ], [ [ -122.751435156710272, 45.243323393593805 ], [ -122.751399595521931, 45.243332937118474 ], [ -122.751378653774665, 45.243338046418152 ], [ -122.751435156710272, 45.243323393593805 ] ], [ [ -122.751958873699948, 45.242861176281536 ], [ -122.751942242898565, 45.242862729077309 ], [ -122.751936266806197, 45.242881128543083 ], [ -122.751958873699948, 45.242861176281536 ] ], [ [ -122.75181598598185, 45.242403430592539 ], [ -122.751833060491933, 45.242419346325555 ], [ -122.751840777786654, 45.24242669001427 ], [ -122.75181598598185, 45.242403430592539 ] ], [ [ -122.75128032863752, 45.242052075158327 ], [ -122.750238936101084, 45.240541292435346 ], [ -122.750267979079396, 45.240829044497431 ], [ -122.750520295998115, 45.241353846369762 ], [ -122.750908835106713, 45.24176250618455 ], [ -122.751186441560947, 45.241997583938485 ], [ -122.75128032863752, 45.242052075158327 ] ], [ [ -122.751294278929862, 45.239406807617492 ], [ -122.751274997320365, 45.23945630954676 ], [ -122.751259321189778, 45.239492551494031 ], [ -122.751294278929862, 45.239406807617492 ] ], [ [ -122.75125204184252, 45.238383632213377 ], [ -122.751243955229398, 45.238395860055107 ], [ -122.751274307898711, 45.238923020212091 ], [ -122.75125204184252, 45.238383632213377 ] ], [ [ -122.749832442475963, 45.238174692726162 ], [ -122.748191503708313, 45.237283955560606 ], [ -122.74855808633491, 45.23792018282861 ], [ -122.748673126173458, 45.238013654085123 ], [ -122.749832442475963, 45.238174692726162 ] ], [ [ -122.747590521419895, 45.235826882600257 ], [ -122.748046253907248, 45.235525274796544 ], [ -122.74753494449341, 45.235604577599865 ], [ -122.747520178820182, 45.235721183147966 ], [ -122.747590521419895, 45.235826882600257 ] ], [ [ -122.749675920939183, 45.236120463231565 ], [ -122.749648354772262, 45.236119727325736 ], [ -122.74963055398193, 45.236119060793428 ], [ -122.749675920939183, 45.236120463231565 ] ], [ [ -122.750571887448785, 45.235810700313621 ], [ -122.750557735097772, 45.235805261514102 ], [ -122.750525095119187, 45.235826877889274 ], [ -122.750571887448785, 45.235810700313621 ] ], [ [ -122.739415739352651, 45.25920211726141 ], [ -122.739423719774976, 45.259192500463847 ], [ -122.738866392047981, 45.259588235919303 ], [ -122.739415739352651, 45.25920211726141 ] ], [ [ -122.741376781669373, 45.259128029827721 ], [ -122.741358207695413, 45.259125833589046 ], [ -122.741348533703047, 45.259133171484166 ], [ -122.741376781669373, 45.259128029827721 ] ], [ [ -122.741256591334533, 45.258046288567961 ], [ -122.741163984505377, 45.25697089798517 ], [ -122.74109847364916, 45.257069248440132 ], [ -122.741032561836391, 45.257289322588505 ], [ -122.741256591334533, 45.258046288567961 ] ], [ [ -122.743255111098506, 45.256308534956027 ], [ -122.743241512240331, 45.256303085230172 ], [ -122.743231838754866, 45.256316352937446 ], [ -122.743255111098506, 45.256308534956027 ] ], [ [ -122.809193362780107, 45.18637079144073 ], [ -122.809411273508729, 45.186194653541278 ], [ -122.809452292807165, 45.186161497385257 ], [ -122.809193362780107, 45.18637079144073 ] ], [ [ -122.647810450896756, 45.444138442292441 ], [ -122.647793302153673, 45.438468122643229 ], [ -122.647989729083051, 45.438360730499021 ], [ -122.647810450896756, 45.444138442292441 ] ], [ [ -122.651317757597738, 45.436541172346097 ], [ -122.651027509708413, 45.435667774906285 ], [ -122.650987907642786, 45.436721516321441 ], [ -122.651317757597738, 45.436541172346097 ] ], [ [ -122.649883592808095, 45.434242780780544 ], [ -122.649102334043974, 45.432995173222167 ], [ -122.650639108080142, 45.435128723871614 ], [ -122.649883592808095, 45.434242780780544 ] ], [ [ -122.662305493144785, 45.432712312903959 ], [ -122.719763092549002, 45.433112052833565 ], [ -122.712820075932498, 45.43304149335183 ], [ -122.662305493144785, 45.432712312903959 ] ], [ [ -122.697551639173824, 45.430000639841033 ], [ -122.697697917493144, 45.429758916287938 ], [ -122.69743538118054, 45.430250314645761 ], [ -122.697551639173824, 45.430000639841033 ] ], [ [ -122.628188502701519, 45.325831595965624 ], [ -122.628081535841588, 45.325834193459592 ], [ -122.628092027221058, 45.325839742552702 ], [ -122.62810369409587, 45.325843964529582 ], [ -122.628116202687849, 45.325846737767066 ], [ -122.628129195293468, 45.325847983395491 ], [ -122.628142300485251, 45.325847665109166 ], [ -122.628155140897903, 45.325845792622232 ], [ -122.628167350980917, 45.325842418638409 ], [ -122.628178578374332, 45.325837641525759 ], [ -122.628188502701519, 45.325831595965624 ] ], [ [ -122.652018974190796, 45.450885402389829 ], [ -122.651960959557996, 45.450717914674151 ], [ -122.652038405963552, 45.450970538327262 ], [ -122.652018974190796, 45.450885402389829 ] ], [ [ -122.604932142930551, 45.459603792453997 ], [ -122.604960413815377, 45.459600794970946 ], [ -122.604988987169662, 45.459600197131159 ], [ -122.604960407236817, 45.459600755485049 ], [ -122.604932142930551, 45.459603792453997 ] ], [ [ -122.599662739460001, 45.458625271881147 ], [ -122.599187482942853, 45.457745507011353 ], [ -122.599103390616875, 45.45720936257478 ], [ -122.599662739460001, 45.458625271881147 ] ], [ [ -122.61871726385354, 45.460428595755204 ], [ -122.618739412622119, 45.460451368532773 ], [ -122.618729613639317, 45.460439367651269 ], [ -122.61871726385354, 45.460428595755204 ] ], [ [ -122.618738311623986, 45.46056273412735 ], [ -122.618751775540886, 45.460486994296694 ], [ -122.618719449919979, 45.460598636526008 ], [ -122.618738311623986, 45.46056273412735 ] ], [ [ -122.564566605834443, 45.459428908921083 ], [ -122.564919735493007, 45.461248196434283 ], [ -122.564897849078577, 45.459615618260081 ], [ -122.564566605834443, 45.459428908921083 ] ], [ [ -122.564988482093298, 45.435492365327221 ], [ -122.566224241834433, 45.436362709079368 ], [ -122.563983910083039, 45.435456853059335 ], [ -122.564988482093298, 45.435492365327221 ] ] ], [ [ [ -122.538202395347369, 45.4341394931133 ], [ -122.541829570338351, 45.432397157135426 ], [ -122.543102298979321, 45.434157602430894 ], [ -122.538202395347369, 45.4341394931133 ] ] ], [ [ [ -122.543362384012767, 45.431634493095537 ], [ -122.543745763114032, 45.432313014320243 ], [ -122.543360672925161, 45.433062432423078 ], [ -122.543362384012767, 45.431634493095537 ] ] ], [ [ [ -122.539159149453923, 45.456516760824002 ], [ -122.539893745530733, 45.454926653814724 ], [ -122.540703759482511, 45.456539809131371 ], [ -122.539159149453923, 45.456516760824002 ] ] ], [ [ [ -122.53512450660088, 45.45803930190462 ], [ -122.532809607133416, 45.454747997218995 ], [ -122.537897589294516, 45.455996335436666 ], [ -122.53512450660088, 45.45803930190462 ] ] ], [ [ [ -122.532493976361408, 45.461318172817478 ], [ -122.527615002221552, 45.459543950182542 ], [ -122.53253302183667, 45.459552974207725 ], [ -122.532493976361408, 45.461318172817478 ] ] ], [ [ [ -122.380495408468803, 45.46128414473683 ], [ -122.364692493424457, 45.461351284896757 ], [ -122.372790381759955, 45.461260471434571 ], [ -122.380495408468803, 45.46128414473683 ] ] ] ] } },
{ "type": "Feature", "properties": { "district_id": 3, "voting_age_pop": 485294, "lib_votes": 0, "grn_votes": 0, "con_votes": 0, "ref_votes": 0, "total_pop": 631221, "dem_votes_sum": 208115, "rep_votes_sum": 76303, "lib_votes_sum": 0, "grn_votes_sum": 0, "con_votes_sum": 0, "ref_votes_sum": 0, "minority_pop_sum": 285520, "dem_pct": 0.73172232418482652, "rep_pct": 0.26827767581517342, "lib_pct": 0.0, "grn_pct": 0.0, "con_pct": 0.0, "ref_pct": 0.0, "minority_pct": 0.4523296911858129, "compactness": 0.13106660664849276 }, "geometry": { "type": "MultiPolygon", "coordinates": [ [ [ [ -122.561825034982647, 45.414617313047998 ], [ -122.549582677248239, 45.411872624643316 ], [ -122.557990493608273, 45.407939936265898 ], [ -122.525947761269848, 45.410401818892197 ], [ -122.543678195178472, 45.413053786762426 ], [ -122.540656334726876, 45.426774402240099 ], [ -122.5586543833885, 45.423468790282669 ], [ -122.540719804666907, 45.438472030405904 ], [ -122.564881761517285, 45.435729699597267 ], [ -122.568329385811154, 45.442313947067461 ], [ -122.553506637873966, 45.442726282987699 ], [ -122.568135845927259, 45.45009075725789 ], [ -122.561739183154643, 45.45779859066387 ], [ -122.541805039545366, 45.458169328668959 ], [ -122.547250070390888, 45.461069316473107 ], [ -122.579172847099613, 45.461524131476601 ], [ -122.60147581069063, 45.461488388536047 ], [ -122.612572146067052, 45.519274464343951 ], [ -122.617175799624334, 45.508764707911958 ], [ -122.637084887896222, 45.51931237424067 ], [ -122.670419992165819, 45.51309649315197 ], [ -122.667798302899413, 45.52676626434792 ], [ -122.702655521894357, 45.552166140977981 ], [ -122.678778494400078, 45.556039233239495 ], [ -122.67886008455082, 45.575287595338281 ], [ -122.733496985392406, 45.56681974014284 ], [ -122.77847392286445, 45.599490915679276 ], [ -122.790983856012446, 45.626774351272843 ], [ -122.762424236460902, 45.656437955244527 ], [ -122.642012196499195, 45.609285244787777 ], [ -122.547885335992675, 45.596480156734756 ], [ -122.438938132523802, 45.563453571752191 ], [ -122.380104336650646, 45.57578691068511 ], [ -122.352744449693361, 45.569372689781332 ], [ -122.331514566225579, 45.548242598322787 ], [ -122.266713368668306, 45.543842861600936 ], [ -122.182878656795978, 45.576787019622515 ], [ -122.101765329035729, 45.583175471729341 ], [ -122.044334067967256, 45.609531636723204 ], [ -121.983011994422142, 45.622897072159631 ], [ -121.955746683914597, 45.643561215029862 ], [ -121.908281326789194, 45.654404606970566 ], [ -121.867181328468476, 45.693282614285764 ], [ -121.811318322761949, 45.706766620312592 ], [ -121.707372303015674, 45.694814630449365 ], [ -121.53312028011905, 45.72654665039471 ], [ -121.423606256260555, 45.693995658944253 ], [ -121.337784243813402, 45.704954668643332 ], [ -121.21579321682907, 45.671243678898605 ], [ -121.196570202891422, 45.616694677262707 ], [ -121.176002309956004, 45.606277653764337 ], [ -121.189719614205956, 45.596686723501954 ], [ -121.174235643087371, 45.585181610949036 ], [ -121.147867087078552, 45.588367246835176 ], [ -121.158067995303298, 45.533425118951143 ], [ -121.142590134941273, 45.540673518264903 ], [ -121.137425264955027, 45.533374437108108 ], [ -121.147740746566456, 45.518795201771169 ], [ -121.161731475309693, 45.518844603407381 ], [ -121.161636400898686, 45.505786652273031 ], [ -121.247914743203808, 45.504562674307252 ], [ -121.296971843692376, 45.485469542675226 ], [ -121.48159422292683, 45.489599640371885 ], [ -121.481541176534378, 45.258284625422355 ], [ -121.695270307088947, 45.258022347021267 ], [ -121.679099808312216, 45.297164958923631 ], [ -121.703214057650328, 45.330997168847105 ], [ -121.696941771615343, 45.373623678417779 ], [ -121.724109177189519, 45.39362190272918 ], [ -121.776393537763823, 45.402809368463529 ], [ -121.806937010310094, 45.435306954969128 ], [ -121.806890456714527, 45.454686680475163 ], [ -121.821782896712506, 45.463436532394333 ], [ -122.277150646611787, 45.461402625500376 ], [ -122.242587413390822, 45.452571310699398 ], [ -122.260505677262032, 45.443688619153875 ], [ -122.265277040309641, 45.409948729132985 ], [ -122.242830783954076, 45.41437730333719 ], [ -122.207828157390992, 45.395692444375754 ], [ -122.208638240469995, 45.374685713924571 ], [ -122.225702431669703, 45.377820059013509 ], [ -122.224405487291548, 45.367793419682172 ], [ -122.250248482334896, 45.362911631869039 ], [ -122.24552839443578, 45.346048381735628 ], [ -122.291412353012703, 45.346048892337343 ], [ -122.291215657275814, 45.360453783692272 ], [ -122.342485091683869, 45.374800199701959 ], [ -122.35258005471681, 45.389247726695025 ], [ -122.407774004719016, 45.396351073791791 ], [ -122.398314222131617, 45.419951519659485 ], [ -122.454790304527549, 45.417599527885272 ], [ -122.449826489379703, 45.384125480938181 ], [ -122.498802568568379, 45.393192818153153 ], [ -122.517558305424473, 45.409724616850887 ], [ -122.559723149986183, 45.406664943055823 ], [ -122.565369041733888, 45.413795019001583 ], [ -122.55346962037099, 45.417667453183618 ], [ -122.561825034982647, 45.414617313047998 ] ], [ [ -122.454780488188206, 45.460945844835514 ], [ -122.533265236891353, 45.461324985306 ], [ -122.437754460276579, 45.461179407909846 ], [ -122.454780488188206, 45.460945844835514 ] ], [ [ -122.541829570338351, 45.432397157135426 ], [ -122.54146810791967, 45.429012000995527 ], [ -122.538202395347369, 45.4341394931133 ], [ -122.543102298979321, 45.434157602430894 ], [ -122.541829570338351, 45.432397157135426 ] ], [ [ -122.722844537301555, 45.597462701784849 ], [ -122.701748708353435, 45.615162986187507 ], [ -122.701763331335584, 45.615150722923616 ], [ -122.722844537301555, 45.597462701784849 ] ], [ [ -122.51568905555105, 45.413390530881436 ], [ -122.515689055519161, 45.413390529981854 ], [ -122.515681840717789, 45.41339365783584 ], [ -122.51568905555105, 45.413390530881436 ] ], [ [ -122.524769038771282, 45.442471570171747 ], [ -122.524771873482138, 45.442742498863566 ], [ -122.524772220311021, 45.442200643313477 ], [ -122.524769038771282, 45.442471570171747 ] ], [ [ -122.532010206671316, 45.433574447807395 ], [ -122.532213220116731, 45.433634716373263 ], [ -122.531865319699563, 45.433556436886434 ], [ -122.532010206671316, 45.433574447807395 ] ], [ [ -122.532361201220141, 45.433711322986575 ], [ -122.532655509248769, 45.433893337753616 ], [ -122.532510633181786, 45.433800503788433 ], [ -122.532361201220141, 45.433711322986575 ] ], [ [ -122.532937872086947, 45.43325417112024 ], [ -122.532959728315632, 45.433299432337115 ], [ -122.532922203639487, 45.433207656180912 ], [ -122.532937872086947, 45.43325417112024 ] ], [ [ -122.532910145017794, 45.433136482001217 ], [ -122.532916646729376, 45.433184068513185 ], [ -122.532910076449937, 45.433088677077968 ], [ -122.532910145017794, 45.433136482001217 ] ], [ [ -122.539303936550937, 45.454910252214461 ], [ -122.540703759482511, 45.456539809131371 ], [ -122.539893745530733, 45.454926653814724 ], [ -122.539303936550937, 45.454910252214461 ] ], [ [ -122.53512450660088, 45.45803930190462 ], [ -122.532809607133416, 45.454747997218995 ], [ -122.529587110216227, 45.456426905819754 ], [ -122.53512450660088, 45.45803930190462 ] ], [ [ -122.543745763114032, 45.432313014320243 ], [ -122.543362384012767, 45.431634493095537 ], [ -122.543360672925161, 45.433062432423078 ], [ -122.543745763114032, 45.432313014320243 ] ], [ [ -122.503197307666838, 45.408812354607754 ], [ -122.503352443684435, 45.40889571241199 ], [ -122.503424381864406, 45.408942177928971 ], [ -122.503197307666838, 45.408812354607754 ] ], [ [ -122.41495946724713, 45.461567639279302 ], [ -122.414510555180186, 45.461574268617412 ], [ -122.41492046237147, 45.46094186002103 ], [ -122.415052503857595, 45.460455363250063 ], [ -122.414896222935496, 45.459821743137624 ], [ -122.414188872450126, 45.457649475591182 ], [ -122.413612056287633, 45.456259012065551 ], [ -122.413983592487867, 45.454968818061921 ], [ -122.413999127520498, 45.447066325322318 ], [ -122.413610704405727, 45.456259049006761 ], [ -122.414509203172571, 45.461574305569172 ], [ -122.393324903931003, 45.461295510014359 ], [ -122.372790381759955, 45.461260471434571 ], [ -122.353827912990582, 45.461467376545755 ], [ -122.383175557153237, 45.461296965766948 ], [ -122.413907135553913, 45.461585561930221 ], [ -122.41495946724713, 45.461567639279302 ] ], [ [ -122.416438951478867, 45.472551343383103 ], [ -122.416465684888266, 45.472493537403743 ], [ -122.416539074976995, 45.472334843645783 ], [ -122.416438951478867, 45.472551343383103 ] ], [ [ -122.413736808411713, 45.469967375912915 ], [ -122.413736309356452, 45.469643379440086 ], [ -122.413737701643853, 45.470547895941273 ], [ -122.413736808411713, 45.469967375912915 ] ], [ [ -122.459955716147704, 45.470002827163178 ], [ -122.459741602251952, 45.47000290292965 ], [ -122.459373602323552, 45.470009905336255 ], [ -122.459955716147704, 45.470002827163178 ] ], [ [ -122.278954739340705, 45.389505102265176 ], [ -122.278988146455987, 45.389504590161359 ], [ -122.279169154864661, 45.389501805444922 ], [ -122.278954739340705, 45.389505102265176 ] ], [ [ -122.290460381250611, 45.461375466809358 ], [ -122.281213498634102, 45.461406056426789 ], [ -122.299895850062029, 45.461421832970402 ], [ -122.290460381250611, 45.461375466809358 ] ], [ [ -121.907258699846324, 45.525131645108196 ], [ -121.907021310081035, 45.524778548902745 ], [ -121.907021310070476, 45.524778549486832 ], [ -121.907258699846324, 45.525131645108196 ] ], [ [ -121.906885780564139, 45.551902933883753 ], [ -121.906930166303823, 45.551862732391719 ], [ -121.906905220378491, 45.551885325957848 ], [ -121.906885780564139, 45.551902933883753 ] ], [ [ -121.906026271883974, 45.552528929403216 ], [ -121.906117150883958, 45.552454866723814 ], [ -121.906066084433647, 45.552496483313256 ], [ -121.906026271883974, 45.552528929403216 ] ], [ [ -121.90301716630978, 45.56037843864793 ], [ -121.903022443181257, 45.560369418830135 ], [ -121.903021375016792, 45.560371244368639 ], [ -121.90301716630978, 45.56037843864793 ] ], [ [ -121.902862459131185, 45.560973333265693 ], [ -121.902862602568447, 45.560964313982872 ], [ -121.902862480899074, 45.560971933572581 ], [ -121.902862459131185, 45.560973333265693 ] ], [ [ -121.9076416452898, 45.5664070343147 ], [ -121.907675305890251, 45.566384950564697 ], [ -121.907661217075741, 45.566394193629328 ], [ -121.9076416452898, 45.5664070343147 ] ], [ [ -121.913702625249826, 45.572091652404119 ], [ -121.914066317804384, 45.571582858222015 ], [ -121.914066253390303, 45.571582947209308 ], [ -121.913702625249826, 45.572091652404119 ] ], [ [ -121.91339201606371, 45.57364718796898 ], [ -121.913368796069918, 45.573371666770385 ], [ -121.913368830853813, 45.573372085720663 ], [ -121.91339201606371, 45.57364718796898 ] ], [ [ -121.911995974528566, 45.576209928067776 ], [ -121.912025563275506, 45.576195017154518 ], [ -121.912012898292772, 45.576201399380587 ], [ -121.911995974528566, 45.576209928067776 ] ], [ [ -121.911330871925372, 45.578082717000072 ], [ -121.911331764157367, 45.578072580710931 ], [ -121.911331106673742, 45.578080047566814 ], [ -121.911330871925372, 45.578082717000072 ] ], [ [ -121.915960624580279, 45.589469737408258 ], [ -121.916010965129772, 45.589395842293506 ], [ -121.915961043744616, 45.589469122084914 ], [ -121.915960624580279, 45.589469737408258 ] ], [ [ -121.915937153738355, 45.592019955737506 ], [ -121.916146162087813, 45.591159951167015 ], [ -121.916146072582833, 45.591160319447312 ], [ -121.915937153738355, 45.592019955737506 ] ], [ [ -121.512185052152262, 45.703956697141663 ], [ -121.509595446845978, 45.704017657368929 ], [ -121.506896677419974, 45.704081188257099 ], [ -121.512185052152262, 45.703956697141663 ] ] ], [ [ [ -122.565639166668035, 45.435152393948258 ], [ -122.565305728510012, 45.435545913004766 ], [ -122.563983910083039, 45.435456853059335 ], [ -122.565639166668035, 45.435152393948258 ] ] ], [ [ [ -122.579041460596201, 45.461519636088092 ], [ -122.579294918510314, 45.432567854003537 ], [ -122.597308225037651, 45.437631893071263 ], [ -122.596601090694946, 45.46145834865893 ], [ -122.579041460596201, 45.461519636088092 ] ] ], [ [ [ -122.570122557684414, 45.461377379630775 ], [ -122.566060301163091, 45.457638998788902 ], [ -122.571346792486253, 45.458175400286954 ], [ -122.570122557684414, 45.461377379630775 ] ] ], [ [ [ -122.564801375914627, 45.460449355039742 ], [ -122.564897849078577, 45.459615618260081 ], [ -122.564919735493007, 45.461248196434283 ], [ -122.564801375914627, 45.460449355039742 ] ] ], [ [ [ -121.104895238184042, 45.591227058973047 ], [ -121.135508881419767, 45.580242107083286 ], [ -121.148653877730126, 45.594779313064556 ], [ -121.105158098809738, 45.605647617873814 ], [ -121.104895238184042, 45.591227058973047 ] ] ] ] } },
{ "type": "Feature", "properties": { "district_id": 4, "voting_age_pop": 506169, "lib_votes": 0, "grn_votes": 0, "con_votes": 0, "ref_votes": 0, "total_pop": 642389, "dem_votes_sum": 179258, "rep_votes_sum": 135554, "lib_votes_sum": 0, "grn_votes_sum": 0, "con_votes_sum": 0, "ref_votes_sum": 0, "minority_pop_sum": 129980, "dem_pct": 0.56941285592671187, "rep_pct": 0.43058714407328819, "lib_pct": 0.0, "grn_pct": 0.0, "con_pct": 0.0, "ref_pct": 0.0, "minority_pct": 0.20233845847298132, "compactness": 0.047692447836936359 }, "geometry": { "type": "MultiPolygon", "coordinates": [ [ [ [ -123.107706601988156, 43.953382090181428 ], [ -123.107612424247066, 43.931648571446509 ], [ -123.187749724970871, 43.931809947411608 ], [ -123.187623360076685, 43.917386491981595 ], [ -123.227620075650663, 43.917522211666416 ], [ -123.237875886872516, 43.924845138841327 ], [ -123.22957930253969, 43.975211386261009 ], [ -123.259480045153595, 43.975490679996319 ], [ -123.260527503605942, 43.993559093442776 ], [ -123.270899582823631, 43.993615266729556 ], [ -123.208986840134159, 44.049362207166538 ], [ -123.208557308432091, 44.128072923919227 ], [ -123.195400441031381, 44.127931110718407 ], [ -123.200501330295481, 44.149574943714882 ], [ -123.186810830587234, 44.156755307831901 ], [ -123.200599695899641, 44.171439620626245 ], [ -123.201078627819143, 44.232551149164841 ], [ -123.23991005513372, 44.228475995336353 ], [ -123.234856664121125, 44.215335525271328 ], [ -123.217788049205851, 44.218739222727379 ], [ -123.221620216423347, 44.215065816869362 ], [ -123.213935719356641, 44.207720357729002 ], [ -123.204923180939559, 44.207346114167414 ], [ -123.203050262714726, 44.193035222068552 ], [ -123.290476605853371, 44.188861688707057 ], [ -123.351292182425738, 44.161045692001146 ], [ -123.335388302732142, 44.186601598210949 ], [ -123.348293235188237, 44.223185386522665 ], [ -123.345698265026314, 44.244718287648482 ], [ -123.330881362504641, 44.244637336731927 ], [ -123.340508336533617, 44.26522717295822 ], [ -123.330686048034366, 44.28361420770154 ], [ -123.534642846049948, 44.28152506057117 ], [ -123.53217238374323, 44.331615127383138 ], [ -123.552047886176354, 44.33156378179936 ], [ -123.552882186477802, 44.375179018296919 ], [ -123.471963339691257, 44.375320627742738 ], [ -123.476556599915511, 44.433632004530892 ], [ -123.496667222178999, 44.432956206876952 ], [ -123.496444922398453, 44.476494820932963 ], [ -123.596140653177812, 44.477450424140358 ], [ -123.596936872822695, 44.651136628923553 ], [ -123.597248566719628, 44.536893662104902 ], [ -123.633585350088993, 44.537412194430807 ], [ -123.634251192545264, 44.564412677711474 ], [ -123.658685454684829, 44.564845154838871 ], [ -123.657674865395705, 44.591738591841072 ], [ -123.781276840501008, 44.592446414593454 ], [ -123.78134072194662, 44.475932339763638 ], [ -124.083324430011047, 44.477957319111312 ], [ -124.058295461466855, 44.658871331648946 ], [ -124.079263468209561, 44.677205330489464 ], [ -124.057915476731395, 44.735168336057157 ], [ -124.074080491445898, 44.79811233808293 ], [ -124.025443762060974, 44.927060045263879 ], [ -124.017480969003287, 44.912860481354663 ], [ -123.969112960322576, 44.911357278766864 ], [ -123.968475529804124, 44.929816193250652 ], [ -123.783724135596714, 44.922510002576338 ], [ -123.783118517658707, 44.957525943942372 ], [ -123.925745548112971, 44.963449945326325 ], [ -123.926003662894871, 44.988464420876213 ], [ -123.906363826777962, 44.988464381308106 ], [ -123.906319322449576, 45.002481615019406 ], [ -123.895801582463562, 45.002795923753773 ], [ -123.895918723893473, 45.044761761535511 ], [ -123.72540348822443, 45.04399238705831 ], [ -123.724669932812191, 44.986629839238688 ], [ -123.724608885613094, 45.000757166342424 ], [ -123.600800540734454, 45.000377114438344 ], [ -123.600583838246337, 44.968909680234667 ], [ -123.4188463945015, 44.970671980651744 ], [ -123.418616412321029, 44.956195371641179 ], [ -123.398176357423296, 44.956059337861461 ], [ -123.389221719469489, 44.9813867536201 ], [ -123.357073525379207, 44.974105244172655 ], [ -123.35704107152489, 44.98135991851025 ], [ -123.377651173757528, 44.981280177589909 ], [ -123.376102886079835, 45.005535326758356 ], [ -123.355602692728226, 44.991075675434907 ], [ -123.360835629890673, 45.005427467959244 ], [ -123.344009231695708, 45.011289291542766 ], [ -123.330646239195616, 44.995112198498425 ], [ -123.296144322669349, 45.007782024064703 ], [ -123.275930898162514, 44.975428277285125 ], [ -123.296280171670446, 44.983635982014782 ], [ -123.29634077072663, 44.970293968586937 ], [ -123.252817662318407, 44.963232389684492 ], [ -123.234970600074064, 44.978316323994697 ], [ -123.229735514566556, 45.020972692826582 ], [ -123.19395253841806, 45.014569478615172 ], [ -123.194108169041527, 44.991870779522721 ], [ -123.204829237047846, 44.991861018526812 ], [ -123.19464675826535, 44.983522092216127 ], [ -123.21434157985864, 44.962902337627241 ], [ -123.193882082119984, 44.948381544410175 ], [ -123.1940675756953, 44.913663563377938 ], [ -123.224774844652998, 44.901153507367461 ], [ -123.275772550202134, 44.906081595659224 ], [ -123.275790778611096, 44.889750032971364 ], [ -123.295215972529959, 44.8940763848112 ], [ -123.295161742612819, 44.88467705338644 ], [ -123.315652414289247, 44.879556201954998 ], [ -123.316707002252897, 44.825184874463645 ], [ -123.295989623587801, 44.795795891680186 ], [ -123.307930987228119, 44.78432043255328 ], [ -123.313027599275372, 44.794709741759775 ], [ -123.329849356578862, 44.790953752395993 ], [ -123.329843041990301, 44.781623706633574 ], [ -123.387984627777072, 44.760234157326011 ], [ -123.377782120327609, 44.738491569470362 ], [ -123.418319685726956, 44.734347467829451 ], [ -123.418216237461252, 44.720568691252673 ], [ -123.471226734595277, 44.720633665101332 ], [ -123.149030588719938, 44.720226724745899 ], [ -123.131967072306651, 44.74074563187223 ], [ -123.143558413728513, 44.748502668766619 ], [ -123.112022325206325, 44.759248209476937 ], [ -123.100104712850225, 44.746316317943965 ], [ -123.062168135217576, 44.748047828520541 ], [ -123.034109676023277, 44.720556342364034 ], [ -123.01943862852076, 44.725050647526004 ], [ -123.006693778667199, 44.686828891492198 ], [ -122.967903808742093, 44.702888404471423 ], [ -122.972881046533217, 44.686303885428252 ], [ -122.936658616497681, 44.66477876930913 ], [ -122.9377746999225, 44.649889456750678 ], [ -122.906096498156131, 44.64623669016003 ], [ -122.886241007697464, 44.660708200329609 ], [ -122.891891918635494, 44.631348265898609 ], [ -122.871589880148321, 44.632025404766978 ], [ -122.883943436385493, 44.645875004598366 ], [ -122.82704727425002, 44.652994260127528 ], [ -122.809486030756645, 44.649782360301572 ], [ -122.809341049453622, 44.638532559193976 ], [ -122.795995293111758, 44.64984253356981 ], [ -122.789069867434975, 44.639140164879919 ], [ -122.773070595011859, 44.653500328805876 ], [ -122.71226722472619, 44.600828840138881 ], [ -122.698654943972997, 44.620524604836952 ], [ -122.600631065164308, 44.61462176005535 ], [ -122.599966344553579, 44.693248034203258 ], [ -122.559082031278507, 44.69318217685003 ], [ -122.565475362114015, 44.768790412462643 ], [ -122.525460195403937, 44.765187121879698 ], [ -122.503846825204178, 44.74974452279001 ], [ -122.436991537519262, 44.759131163818815 ], [ -122.288579496224216, 44.753062861972509 ], [ -122.218940248176253, 44.69335871479786 ], [ -122.142866531850032, 44.726338289345982 ], [ -122.033802035798558, 44.685652913845473 ], [ -121.981692491030557, 44.693786835549226 ], [ -121.962624521292625, 44.683839763562801 ], [ -121.798944604174451, 44.684174776733556 ], [ -121.797527130192421, 44.638879393347565 ], [ -121.813415173503785, 44.617618616595571 ], [ -121.793552577986048, 44.593738708408608 ], [ -121.816921968650945, 44.536524515243009 ], [ -121.809142740530405, 44.516648999116946 ], [ -121.850056537709889, 44.485889152563459 ], [ -121.840846579205618, 44.285650303284591 ], [ -121.824762067464405, 44.282615285893563 ], [ -121.819112730395588, 44.261900428532684 ], [ -121.797331100737921, 44.25935823487174 ], [ -121.730049505518124, 44.304310722253625 ], [ -121.629378286724261, 44.308545883999841 ], [ -121.600268318781133, 44.343357451023266 ], [ -121.577726717460166, 44.316923517913345 ], [ -121.526790781559683, 44.328298099393542 ], [ -121.48563392830728, 44.291611391502769 ], [ -121.493433980095418, 44.276897531889361 ], [ -121.513471111203117, 44.276968443751599 ], [ -121.513649108861145, 44.262378103915729 ], [ -121.493518034329142, 44.262350484631689 ], [ -121.493338357587078, 44.247697076026427 ], [ -121.513556031539565, 44.247863219693016 ], [ -121.513575711027215, 44.233358893447722 ], [ -121.493405215414853, 44.23316791781108 ], [ -121.505114388524902, 44.18178322039698 ], [ -121.444995038932078, 44.181772474917551 ], [ -121.452483085185662, 44.166748655586794 ], [ -121.43235582362766, 44.163338577608087 ], [ -121.368395947651791, 44.168763564279075 ], [ -121.403739929220635, 44.210675169528201 ], [ -121.392163330599516, 44.218669426326144 ], [ -121.39256393156046, 44.2948466738249 ], [ -121.209260203861362, 44.290998336077429 ], [ -121.203123199661889, 44.283755113554513 ], [ -121.194888183916021, 44.305490879443163 ], [ -121.164920317103579, 44.305521937769761 ], [ -121.148656639589959, 44.269331667155654 ], [ -121.133624721099551, 44.269294593707009 ], [ -121.136089373141942, 44.240277838361671 ], [ -121.168916004117122, 44.240286232915395 ], [ -121.199948849808479, 44.225801455626332 ], [ -121.208574508419204, 44.236001857819112 ], [ -121.224491923712122, 44.23293466897033 ], [ -121.229417257983997, 44.247059940290875 ], [ -121.2296671660079, 44.227679289344074 ], [ -121.249629976853015, 44.22410023376338 ], [ -121.248095671742291, 44.239199738837314 ], [ -121.280447947411815, 44.242686577815427 ], [ -121.301537923544743, 44.218633279090618 ], [ -121.259995298166771, 44.218564875472069 ], [ -121.303783330797344, 44.181749742956427 ], [ -121.102826541983518, 44.181456180927604 ], [ -121.163467745721235, 44.126281160116456 ], [ -121.163308027801705, 44.051222843097271 ], [ -121.107183110966147, 43.987678263726707 ], [ -121.02912307568522, 43.943840123822866 ], [ -120.9872932376622, 43.900581722875714 ], [ -120.991684825415973, 43.845737577340799 ], [ -121.015431827437538, 43.83091457513963 ], [ -120.987309815483229, 43.795061574639121 ], [ -121.004173769835262, 43.789458604827203 ], [ -121.014830821994451, 43.79826857281661 ], [ -121.088622776597305, 43.761320592440399 ], [ -121.152775835460218, 43.748971556419235 ], [ -121.168996838906736, 43.757682554355014 ], [ -121.160296792540279, 43.768753587936743 ], [ -121.188352848440402, 43.786573554881848 ], [ -121.237522854496916, 43.783110550276767 ], [ -121.271057826583913, 43.835246585563993 ], [ -121.304271823970609, 43.817036578012122 ], [ -121.324029864420226, 43.831078547937587 ], [ -121.337750830059122, 43.816193574273143 ], [ -121.34478685639661, 43.921001015963476 ], [ -121.544168388337013, 43.92153318335599 ], [ -121.530174676662682, 43.908703538678196 ], [ -121.542410965119132, 43.901732707898184 ], [ -121.643931098119026, 43.885892988210848 ], [ -121.675080428804364, 43.871578386539269 ], [ -121.755927063110818, 43.885940825444131 ], [ -121.813351655450944, 43.858457091435326 ], [ -121.809905384065019, 43.822784691428957 ], [ -121.871101799520659, 43.797746262826273 ], [ -121.919436350177037, 43.796080678532526 ], [ -121.975495144412264, 43.811451604450063 ], [ -121.967884815958143, 43.864933050577527 ], [ -121.989435330812668, 43.877577332678882 ], [ -122.062406119775687, 43.881518745090638 ], [ -122.141094303363218, 43.952302271548994 ], [ -122.265733585434162, 43.952277251829798 ], [ -122.265299535710184, 44.04134502477978 ], [ -122.745231346441557, 44.040984314559523 ], [ -122.745289859624435, 44.011121805798403 ], [ -122.805553118754304, 44.004299283406063 ], [ -122.805552206934607, 44.019279391928748 ], [ -122.861141147591724, 44.018323076449647 ], [ -122.838819209964143, 44.005649194617789 ], [ -122.848364213696271, 43.993191026317753 ], [ -122.903947119389898, 43.996658012672633 ], [ -122.924474078091365, 44.013912968599413 ], [ -122.936231061523927, 44.009381979808907 ], [ -122.937493058999081, 44.019538958646123 ], [ -122.966490730571252, 44.023668134190984 ], [ -122.958392510176282, 43.996732787321442 ], [ -122.987055560254547, 43.996832846999254 ], [ -122.987146640665387, 43.953327115081159 ], [ -123.014814301383851, 43.953347495890334 ], [ -123.013160072928827, 43.967861125819674 ], [ -123.032470670251058, 43.967870364405215 ], [ -123.032504072739343, 43.982485361024722 ], [ -123.062551515927566, 43.982365187973848 ], [ -123.070361630451671, 43.953341828916493 ], [ -123.107706601988156, 43.953382090181428 ] ], [ [ -122.435803243250589, 44.755975242036726 ], [ -122.436368626306233, 44.755725845482914 ], [ -122.436595592105846, 44.755604498475471 ], [ -122.435803243250589, 44.755975242036726 ] ], [ [ -122.434739834065581, 44.756129813892834 ], [ -122.435396998970091, 44.756090301431513 ], [ -122.435803243250589, 44.755975242036726 ], [ -122.434739834065581, 44.756129813892834 ] ], [ [ -122.433827829896444, 44.755919782708425 ], [ -122.434209731895905, 44.756054316310163 ], [ -122.434739834065581, 44.756129813892834 ], [ -122.433827829896444, 44.755919782708425 ] ], [ [ -122.432865369519561, 44.755411099750013 ], [ -122.433018843230357, 44.755509146045966 ], [ -122.433827829896444, 44.755919782708425 ], [ -122.432865369519561, 44.755411099750013 ] ], [ [ -122.431921455675933, 44.754995553434767 ], [ -122.432506223980013, 44.755265970043993 ], [ -122.432865369519561, 44.755411099750013 ], [ -122.431921455675933, 44.754995553434767 ] ], [ [ -122.431225315827632, 44.75467652822536 ], [ -122.431436391797206, 44.754827357931269 ], [ -122.431921455675933, 44.754995553434767 ], [ -122.431225315827632, 44.75467652822536 ] ], [ [ -122.119841675111076, 44.711935366629746 ], [ -122.119607318508343, 44.71276865118859 ], [ -122.119680243860572, 44.712915047350805 ], [ -122.119841675111076, 44.711935366629746 ] ], [ [ -122.118716434163289, 44.71098296615417 ], [ -122.119264337359255, 44.711446715128517 ], [ -122.119841675111076, 44.711935366629746 ], [ -122.118716434163289, 44.71098296615417 ] ], [ [ -122.117738195922556, 44.710674226322261 ], [ -122.118036383902975, 44.710768337823218 ], [ -122.118716434163289, 44.71098296615417 ], [ -122.117738195922556, 44.710674226322261 ] ], [ [ -123.177708340532675, 44.255751577610852 ], [ -123.178090977413035, 44.255106285916781 ], [ -123.177257540568462, 44.256376538553475 ], [ -123.177708340532675, 44.255751577610852 ] ], [ [ -123.178678275686934, 44.253757361334237 ], [ -123.178910582666006, 44.253057190722089 ], [ -123.178391391685409, 44.254433581623772 ], [ -123.178678275686934, 44.253757361334237 ] ], [ [ -123.17897895970988, 44.252329638258942 ], [ -123.178787688222585, 44.25160224249467 ], [ -123.178910582666006, 44.253057190722089 ], [ -123.17897895970988, 44.252329638258942 ] ], [ [ -123.178418638137614, 44.250919423639068 ], [ -123.178418440811782, 44.250919192431091 ], [ -123.178787688222585, 44.25160224249467 ], [ -123.178418638137614, 44.250919423639068 ] ], [ [ -123.177817385244936, 44.250321532223715 ], [ -123.177417416243145, 44.250029160860286 ], [ -123.178418440811782, 44.250919192431091 ], [ -123.177817385244936, 44.250321532223715 ] ], [ [ -123.177107327882709, 44.249802489261398 ], [ -123.176355886203737, 44.249337941109225 ], [ -123.177417416243145, 44.250029160860286 ], [ -123.177107327882709, 44.249802489261398 ] ], [ [ -123.175673092333852, 44.248863241763459 ], [ -123.175220280874328, 44.248556808878369 ], [ -123.176355886203737, 44.249337941109225 ], [ -123.175673092333852, 44.248863241763459 ] ], [ [ -123.17501731264251, 44.248419452590021 ], [ -123.174211437125692, 44.248115359522366 ], [ -123.175220280874328, 44.248556808878369 ], [ -123.17501731264251, 44.248419452590021 ] ], [ [ -123.167244428726647, 44.240817392309502 ], [ -123.166875778299271, 44.24011394984813 ], [ -123.16759981998139, 44.24153130001848 ], [ -123.167244428726647, 44.240817392309502 ] ], [ [ -123.165509748927775, 44.238058096655053 ], [ -123.165058998958457, 44.237361536196651 ], [ -123.16594676978761, 44.238754702295431 ], [ -123.165509748927775, 44.238058096655053 ] ], [ [ -123.1628733611184, 44.234769334663056 ], [ -123.16266133483542, 44.234643878269686 ], [ -123.163611110335992, 44.23531583549007 ], [ -123.1628733611184, 44.234769334663056 ] ], [ [ -123.161247238420046, 44.233809502542542 ], [ -123.161073624630859, 44.233719092378642 ], [ -123.16266133483542, 44.234643878269686 ], [ -123.161247238420046, 44.233809502542542 ] ], [ [ -123.158742603487795, 44.233113716115724 ], [ -123.158529016656956, 44.233123074522176 ], [ -123.159540011997976, 44.233078785390518 ], [ -123.158742603487795, 44.233113716115724 ] ], [ [ -123.152819335591772, 44.23070527264769 ], [ -123.152528374166096, 44.230411137215796 ], [ -123.153392821986273, 44.231344083002433 ], [ -123.152819335591772, 44.23070527264769 ] ], [ [ -123.156038220850931, 44.219580523500326 ], [ -123.156261612198307, 44.219326320055949 ], [ -123.15571531472456, 44.219947962348776 ], [ -123.156038220850931, 44.219580523500326 ] ], [ [ -123.156419598340108, 44.21908050913769 ], [ -123.156685212811041, 44.21866723178141 ], [ -123.156261612198307, 44.219326320055949 ], [ -123.156419598340108, 44.21908050913769 ] ], [ [ -123.157067656266648, 44.21800116217932 ], [ -123.157087865801188, 44.217942255147463 ], [ -123.156685212811041, 44.21866723178141 ], [ -123.157067656266648, 44.21800116217932 ] ], [ [ -123.158078310062109, 44.216061330365797 ], [ -123.158094893263637, 44.216041486152527 ], [ -123.157559297375357, 44.216669440093959 ], [ -123.158078310062109, 44.216061330365797 ] ], [ [ -123.158597475081976, 44.215440044036427 ], [ -123.15902096590608, 44.214804824865524 ], [ -123.158094893263637, 44.216041486152527 ], [ -123.158597475081976, 44.215440044036427 ] ], [ [ -123.159117164707894, 44.21409443648713 ], [ -123.158815978852459, 44.213394360316862 ], [ -123.15902096590608, 44.214804824865524 ], [ -123.159117164707894, 44.21409443648713 ] ], [ [ -123.163118963889119, 44.205601012591593 ], [ -123.163829303678185, 44.20507506030858 ], [ -123.161924601510819, 44.206443892114002 ], [ -123.163118963889119, 44.205601012591593 ] ], [ [ -123.164472203620079, 44.20451839862551 ], [ -123.16537310077392, 44.203237791387487 ], [ -123.163829303678185, 44.20507506030858 ], [ -123.164472203620079, 44.20451839862551 ] ], [ [ -123.165769443408848, 44.202582087035516 ], [ -123.165926310008146, 44.202293439613776 ], [ -123.16537310077392, 44.203237791387487 ], [ -123.165769443408848, 44.202582087035516 ] ], [ [ -123.16612446031958, 44.20192975764347 ], [ -123.166206269762668, 44.201243342938248 ], [ -123.165926310008146, 44.202293439613776 ], [ -123.16612446031958, 44.20192975764347 ] ], [ [ -123.165905679643913, 44.200570672794065 ], [ -123.165451399325363, 44.20007286453702 ], [ -123.166206269762668, 44.201243342938248 ], [ -123.165905679643913, 44.200570672794065 ] ], [ [ -123.165184093319908, 44.200068153690481 ], [ -123.164207156007109, 44.200070911459626 ], [ -123.165451399325363, 44.20007286453702 ], [ -123.165184093319908, 44.200068153690481 ] ], [ [ -123.137831006446191, 44.095600071622187 ], [ -123.137829226066671, 44.093362128326959 ], [ -123.137830652842524, 44.095600070941536 ], [ -123.137831006446191, 44.095600071622187 ] ], [ [ -123.136274707459606, 44.092551857622091 ], [ -123.136274388287049, 44.092534383996679 ], [ -123.136273155422913, 44.093358034235386 ], [ -123.136274707459606, 44.092551857622091 ] ], [ [ -123.133161936968364, 44.092524448448351 ], [ -123.133161586964604, 44.092524444067251 ], [ -123.133148279810314, 44.093352639409055 ], [ -123.133161936968364, 44.092524448448351 ] ], [ [ -123.130043209875026, 44.092506953791997 ], [ -123.130042865026127, 44.092506952881756 ], [ -123.130042255631196, 44.092940576568665 ], [ -123.130043209875026, 44.092506953791997 ] ], [ [ -123.129048592359354, 44.092516728835719 ], [ -123.129048265780128, 44.09250449208615 ], [ -123.12904785637312, 44.092762589652963 ], [ -123.129048592359354, 44.092516728835719 ] ], [ [ -123.127619563514187, 44.091612447157829 ], [ -123.127619217219618, 44.091612441772206 ], [ -123.127617879510566, 44.092004206705212 ], [ -123.127619563514187, 44.091612447157829 ] ], [ [ -123.126522729389322, 44.091488806507961 ], [ -123.126183058435558, 44.090647755353004 ], [ -123.126657307617819, 44.091801381745505 ], [ -123.126522729389322, 44.091488806507961 ] ], [ [ -123.126692594304686, 44.09041981715265 ], [ -123.126692263154823, 44.090419815010925 ], [ -123.126694787320446, 44.090486216288589 ], [ -123.126692594304686, 44.09041981715265 ] ], [ [ -123.125397192928901, 44.088811615181314 ], [ -123.125394414361267, 44.088805598157478 ], [ -123.126088184438203, 44.090414960121507 ], [ -123.125397192928901, 44.088811615181314 ] ], [ [ -123.124201833087923, 44.088588836512407 ], [ -123.124200275610633, 44.088851537870056 ], [ -123.124200621888477, 44.088851543266223 ], [ -123.124201833087923, 44.088588836512407 ] ], [ [ -123.123413510899837, 44.089802217159644 ], [ -123.123738269056958, 44.089797756689087 ], [ -123.123413514044032, 44.089801843424929 ], [ -123.123413510899837, 44.089802217159644 ] ], [ [ -123.124685023060849, 44.093253311278055 ], [ -123.124705667793648, 44.09220505581488 ], [ -123.12468467067896, 44.093253309627286 ], [ -123.124685023060849, 44.093253311278055 ] ], [ [ -123.123929696797035, 44.092587183533439 ], [ -123.123930263410173, 44.09220323101264 ], [ -123.123929350740212, 44.092587183533041 ], [ -123.123929696797035, 44.092587183533439 ] ], [ [ -123.123329337454038, 44.092174557264478 ], [ -123.123328178699495, 44.092511253152971 ], [ -123.123328524796364, 44.092511254054685 ], [ -123.123329337454038, 44.092174557264478 ] ], [ [ -123.12109364418292, 44.092180960726587 ], [ -123.12109330557584, 44.092180959642846 ], [ -123.12111320848291, 44.093316520520482 ], [ -123.12109364418292, 44.092180960726587 ] ], [ [ -123.120602301769139, 44.092851040792361 ], [ -123.120847892332364, 44.092849834261152 ], [ -123.120847878102282, 44.092849462733867 ], [ -123.120602301769139, 44.092851040792361 ] ], [ [ -123.119651747685523, 44.093318561679354 ], [ -123.119713329937369, 44.092995842256499 ], [ -123.119651331695749, 44.093318562400107 ], [ -123.119651747685523, 44.093318561679354 ] ], [ [ -123.11841889781995, 44.093320779661035 ], [ -123.118428358445072, 44.092025868169898 ], [ -123.118418550551226, 44.093320780572192 ], [ -123.11841889781995, 44.093320779661035 ] ], [ [ -123.118847593365501, 44.089555493705078 ], [ -123.119439474603837, 44.089367524274763 ], [ -123.117395853177214, 44.092022773613799 ], [ -123.118847593365501, 44.089555493705078 ] ], [ [ -123.119329655577204, 44.088641152849164 ], [ -123.120022211667191, 44.087934264005071 ], [ -123.118946570803473, 44.08936833557231 ], [ -123.119329655577204, 44.088641152849164 ] ], [ [ -123.120143555903255, 44.087532687646878 ], [ -123.120769528860919, 44.087532137553239 ], [ -123.119928450284249, 44.087932484736527 ], [ -123.120143555903255, 44.087532687646878 ] ], [ [ -123.120956845551703, 44.087671616414639 ], [ -123.122915468941088, 44.087696601578351 ], [ -123.120766637758265, 44.087665782977027 ], [ -123.120956845551703, 44.087671616414639 ] ], [ [ -123.12465094813993, 44.087992812041932 ], [ -123.124322352661821, 44.087214549745262 ], [ -123.122907401044785, 44.087970308419557 ], [ -123.12465094813993, 44.087992812041932 ] ], [ [ -123.122930712040557, 44.087200548022871 ], [ -123.122937014732372, 44.08697890872569 ], [ -123.12293035587075, 44.08720054465531 ], [ -123.122930712040557, 44.087200548022871 ] ], [ [ -123.123475042050643, 44.086918422065061 ], [ -123.123260625152994, 44.086409586399029 ], [ -123.122905558213972, 44.086978833835168 ], [ -123.123475042050643, 44.086918422065061 ] ], [ [ -123.122719815210459, 44.086343414930496 ], [ -123.122719636168171, 44.086343433527581 ], [ -123.122750202265294, 44.086414831889691 ], [ -123.122719815210459, 44.086343414930496 ] ], [ [ -123.120668004865792, 44.084526149117607 ], [ -123.123130856968075, 44.084376073125242 ], [ -123.120756694343925, 44.086378251666581 ], [ -123.120668004865792, 44.084526149117607 ] ], [ [ -123.12251671222036, 44.084135290703173 ], [ -123.122516526135428, 44.084135291457187 ], [ -123.122621143375568, 44.084379531676554 ], [ -123.12251671222036, 44.084135290703173 ] ], [ [ -123.120450758839283, 44.083325982992321 ], [ -123.122595547118394, 44.083112410127789 ], [ -123.12060107428897, 44.084138563064087 ], [ -123.120450758839283, 44.083325982992321 ] ], [ [ -123.121932876036894, 44.083029885471632 ], [ -123.121930299593259, 44.082951573402667 ], [ -123.12193488353337, 44.08311170615719 ], [ -123.121932876036894, 44.083029885471632 ] ], [ [ -123.120357833665736, 44.082684862807575 ], [ -123.120356940100606, 44.082681633312049 ], [ -123.120408256724744, 44.082949349658897 ], [ -123.120357833665736, 44.082684862807575 ] ], [ [ -123.119820203221948, 44.082361848068665 ], [ -123.120313386652057, 44.082311173329053 ], [ -123.119865738686784, 44.082689515105002 ], [ -123.119820203221948, 44.082361848068665 ] ], [ [ -123.118924803087353, 44.081816735293259 ], [ -123.118920464962315, 44.081696921560003 ], [ -123.118987616691072, 44.082325409236091 ], [ -123.118924803087353, 44.081816735293259 ] ], [ [ -123.117386484857917, 44.080739070029409 ], [ -123.118565731650094, 44.080736112972438 ], [ -123.117874446571136, 44.081714687549258 ], [ -123.117386484857917, 44.080739070029409 ] ], [ [ -123.119328647342385, 44.081035187909691 ], [ -123.119350563990409, 44.079933594149608 ], [ -123.118567300490014, 44.081037057077054 ], [ -123.119328647342385, 44.081035187909691 ] ], [ [ -123.115790305705573, 44.077995402430929 ], [ -123.116089212509181, 44.077995393729417 ], [ -123.116931160884945, 44.080050424432457 ], [ -123.115790305705573, 44.077995402430929 ] ], [ [ -123.11662085755593, 44.077992627417387 ], [ -123.116620857553357, 44.077992627261551 ], [ -123.116601848762514, 44.077992227570903 ], [ -123.11662085755593, 44.077992627417387 ] ], [ [ -123.116621758690229, 44.078047027231925 ], [ -123.117743487880176, 44.077542539975269 ], [ -123.12009840868339, 44.077540358243319 ], [ -123.117743144006766, 44.077542169848847 ], [ -123.116621758690229, 44.078047027231925 ] ], [ [ -123.120099419401669, 44.07794826138953 ], [ -123.120448403442694, 44.077946700721384 ], [ -123.120099418944918, 44.077947890441408 ], [ -123.120099419401669, 44.07794826138953 ] ], [ [ -123.120048632472219, 44.078311661573998 ], [ -123.120583974526937, 44.078309898282917 ], [ -123.120048623282017, 44.078311290830165 ], [ -123.120048632472219, 44.078311661573998 ] ], [ [ -123.119595317899851, 44.078917372684245 ], [ -123.119594978162795, 44.0789173725246 ], [ -123.119595666727264, 44.078943834956064 ], [ -123.119595317899851, 44.078917372684245 ] ], [ [ -123.118680012330117, 44.078494017616336 ], [ -123.118679675090846, 44.078494017395577 ], [ -123.118378329715256, 44.078946789040138 ], [ -123.118680012330117, 44.078494017616336 ] ], [ [ -123.118680012330117, 44.078494017616336 ], [ -123.119136487500683, 44.078492302137754 ], [ -123.119133714643652, 44.078040053120965 ], [ -123.118680012330117, 44.078494017616336 ] ], [ [ -123.119138647273815, 44.079082429795953 ], [ -123.120280393341673, 44.079051996368982 ], [ -123.116627279195498, 44.07908881119112 ], [ -123.119138647273815, 44.079082429795953 ] ], [ [ -123.120508948484641, 44.079059988020774 ], [ -123.120917217229533, 44.079061311670586 ], [ -123.120280682441432, 44.079078345694505 ], [ -123.120508948484641, 44.079059988020774 ] ], [ [ -123.120780575669315, 44.080384520680752 ], [ -123.121485717541347, 44.080382146134205 ], [ -123.120780575208229, 44.080384149732524 ], [ -123.120780575669315, 44.080384520680752 ] ], [ [ -123.120661388006468, 44.081030753305136 ], [ -123.120697822070724, 44.081031123795462 ], [ -123.120661384005359, 44.081030386941613 ], [ -123.120661388006468, 44.081030753305136 ] ], [ [ -123.120699629843728, 44.081141900120272 ], [ -123.121274939406845, 44.081138867895959 ], [ -123.120961062806501, 44.081139806592375 ], [ -123.120699629843728, 44.081141900120272 ] ], [ [ -123.121277291362148, 44.081414366177796 ], [ -123.12194671452437, 44.081412116098249 ], [ -123.121277287154612, 44.081413995317106 ], [ -123.121277291362148, 44.081414366177796 ] ], [ [ -123.12282589568639, 44.081600594106341 ], [ -123.122535034330099, 44.079863823 ], [ -123.122045284216824, 44.081810585770185 ], [ -123.12282589568639, 44.081600594106341 ] ], [ [ -123.12130848676729, 44.07905966142966 ], [ -123.125840083204196, 44.079019716343161 ], [ -123.121511508427616, 44.079547695937748 ], [ -123.12130848676729, 44.07905966142966 ] ], [ [ -123.127850059542595, 44.078665651439991 ], [ -123.127850066265452, 44.078665966418178 ], [ -123.128305800754447, 44.078664465992475 ], [ -123.127850059542595, 44.078665651439991 ] ], [ [ -123.12631845703379, 44.078671723050419 ], [ -123.126315543835375, 44.07809779329375 ], [ -123.125834271684141, 44.07882730736997 ], [ -123.12631845703379, 44.078671723050419 ] ], [ [ -123.126315225568277, 44.0777881349414 ], [ -123.126315569457006, 44.077788504142106 ], [ -123.126304532352762, 44.07725559388502 ], [ -123.126315225568277, 44.0777881349414 ] ], [ [ -123.121761247603558, 44.077331989491938 ], [ -123.121759408109469, 44.077780211337348 ], [ -123.121759754240287, 44.077780214942194 ], [ -123.121761247603558, 44.077331989491938 ] ], [ [ -123.119617621086448, 44.075061719255778 ], [ -123.120087835686121, 44.07482119392651 ], [ -123.120774432327735, 44.077777049945951 ], [ -123.119617621086448, 44.075061719255778 ] ], [ [ -123.119336859574133, 44.074415544975793 ], [ -123.119805061761994, 44.07413280015443 ], [ -123.11951458583755, 44.074829252419732 ], [ -123.119336859574133, 44.074415544975793 ] ], [ [ -123.119237468243327, 44.074142457447238 ], [ -123.119746343119147, 44.072235491833979 ], [ -123.119687205179176, 44.071941411888247 ], [ -123.118855511821934, 44.072235782864247 ], [ -123.119237468243327, 44.074142457447238 ] ], [ [ -123.118762699404073, 44.071546042593653 ], [ -123.118786402706704, 44.071545407426036 ], [ -123.118797391118235, 44.071937063403844 ], [ -123.118762699404073, 44.071546042593653 ] ], [ [ -123.118786778199421, 44.07154637016211 ], [ -123.119867433328551, 44.071551227352685 ], [ -123.119867437984851, 44.071550858986548 ], [ -123.118786778199421, 44.07154637016211 ] ], [ [ -123.120092176293241, 44.0715512561748 ], [ -123.120887235725561, 44.071549715873303 ], [ -123.119862911092724, 44.071941365247284 ], [ -123.120092176293241, 44.0715512561748 ] ], [ [ -123.12111586475659, 44.071550678159568 ], [ -123.122712639689766, 44.071552452901763 ], [ -123.120882334507613, 44.071946015165175 ], [ -123.12111586475659, 44.071550678159568 ] ], [ [ -123.122714991253645, 44.07195120827982 ], [ -123.124039839566663, 44.071955074514833 ], [ -123.124039844196659, 44.071954706148539 ], [ -123.122714991253645, 44.07195120827982 ] ], [ [ -123.125152666086436, 44.071963237576369 ], [ -123.125148190732475, 44.071447691197889 ], [ -123.124036612234676, 44.072321338900274 ], [ -123.125152666086436, 44.071963237576369 ] ], [ [ -123.123309270857291, 44.071446955445111 ], [ -123.123310853052885, 44.070967401831389 ], [ -123.123308924926036, 44.071446955442802 ], [ -123.123309270857291, 44.071446955445111 ] ], [ [ -123.119828377522694, 44.070899657442702 ], [ -123.119823568055395, 44.071434772895955 ], [ -123.119823915314981, 44.071434774678714 ], [ -123.119828377522694, 44.070899657442702 ] ], [ [ -123.118689909991232, 44.070894612020211 ], [ -123.119490231820933, 44.069777650812512 ], [ -123.119493418942085, 44.06938090670905 ], [ -123.118492040886252, 44.069773090646677 ], [ -123.118689909991232, 44.070894612020211 ] ], [ [ -123.118201512393, 44.068798057604845 ], [ -123.118322324024618, 44.06937497623889 ], [ -123.118322591311099, 44.069374977194208 ], [ -123.118201512393, 44.068798057604845 ] ], [ [ -123.118032792318331, 44.067994123192143 ], [ -123.119392347556015, 44.067751640595084 ], [ -123.118174164306922, 44.068667750471889 ], [ -123.118032792318331, 44.067994123192143 ] ], [ [ -123.11791366046495, 44.067361277563258 ], [ -123.119044012398021, 44.067365842824522 ], [ -123.117986614889773, 44.067750102854724 ], [ -123.11791366046495, 44.067361277563258 ] ], [ [ -123.119614090943656, 44.067629773291046 ], [ -123.119612398334695, 44.067363887236517 ], [ -123.119041434890377, 44.06762763648441 ], [ -123.119614090943656, 44.067629773291046 ] ], [ [ -123.119171675578897, 44.066771010431346 ], [ -123.119290463929076, 44.066431646835753 ], [ -123.119185540946688, 44.067366046817426 ], [ -123.119171675578897, 44.066771010431346 ] ], [ [ -123.118583876413751, 44.066173837261289 ], [ -123.120287079461875, 44.066178225915479 ], [ -123.11782310680104, 44.066762194670524 ], [ -123.118583876413751, 44.066173837261289 ] ], [ [ -123.12027451967019, 44.066777831428155 ], [ -123.120504032310379, 44.066778506439086 ], [ -123.120504044406402, 44.066778136998693 ], [ -123.12027451967019, 44.066777831428155 ] ], [ [ -123.123289426661643, 44.0668589701786 ], [ -123.123288885518889, 44.06685860018861 ], [ -123.120502263341308, 44.066845948768233 ], [ -123.123289426661643, 44.0668589701786 ] ], [ [ -123.120303690185636, 44.065436789980069 ], [ -123.120417059275326, 44.06543704960977 ], [ -123.12030370232317, 44.065436421439159 ], [ -123.120303690185636, 44.065436789980069 ] ], [ [ -123.11937293713396, 44.06475855710255 ], [ -123.119390995212768, 44.064041609817302 ], [ -123.117511262362811, 44.065020202596187 ], [ -123.11937293713396, 44.06475855710255 ] ], [ [ -123.119400167573119, 44.063815984381364 ], [ -123.119391002042747, 44.064041400768659 ], [ -123.119390995212768, 44.064041609817302 ], [ -123.119400167573119, 44.063815984381364 ] ], [ [ -123.12682170599966, 44.064032051773864 ], [ -123.136358564729775, 44.07001943225761 ], [ -123.119592013798353, 44.063545800813991 ], [ -123.12682170599966, 44.064032051773864 ] ], [ [ -123.138091901103209, 44.071936450003896 ], [ -123.138137862549655, 44.071987954030028 ], [ -123.136952239278756, 44.07065930283175 ], [ -123.138091901103209, 44.071936450003896 ] ], [ [ -123.138222870487255, 44.072083212252629 ], [ -123.138469985480796, 44.072316646736425 ], [ -123.13871771462091, 44.072494969514246 ], [ -123.138222870487255, 44.072083212252629 ] ], [ [ -123.180532332020533, 44.677611419646162 ], [ -123.180529044623739, 44.677227082002531 ], [ -123.180536177661594, 44.678015786989157 ], [ -123.180532332020533, 44.677611419646162 ] ], [ [ -123.180508652784766, 44.67065807168462 ], [ -123.180490330425457, 44.671222419683446 ], [ -123.180529044623739, 44.677227082002531 ], [ -123.180508652784766, 44.67065807168462 ] ], [ [ -123.181278330280847, 44.666001419360228 ], [ -123.181192324198136, 44.66278951453797 ], [ -123.180508652784766, 44.67065807168462 ], [ -123.181278330280847, 44.666001419360228 ] ], [ [ -123.182998277343188, 44.65780477215349 ], [ -123.182967394120311, 44.657802391606502 ], [ -123.182997441133452, 44.657810631351758 ], [ -123.182998277343188, 44.65780477215349 ] ], [ [ -123.182965732637655, 44.657798217831257 ], [ -123.182964065601439, 44.65780211035262 ], [ -123.182967394120311, 44.657802391606502 ], [ -123.182965732637655, 44.657798217831257 ] ], [ [ -123.171222029229696, 44.633757538044094 ], [ -123.16938771047667, 44.635315999894523 ], [ -123.170456889811774, 44.63456932072085 ], [ -123.171222029229696, 44.633757538044094 ] ], [ [ -123.171477396254048, 44.633296085485249 ], [ -123.171681723628808, 44.632811565672874 ], [ -123.171222029229696, 44.633757538044094 ], [ -123.171477396254048, 44.633296085485249 ] ], [ [ -123.171819763074751, 44.631767438914174 ], [ -123.171732302636059, 44.630211464769701 ], [ -123.171681723628808, 44.632811565672874 ], [ -123.171819763074751, 44.631767438914174 ] ], [ [ -123.171590048697141, 44.62867556816721 ], [ -123.171484208114549, 44.628174532143014 ], [ -123.171732302636059, 44.630211464769701 ], [ -123.171590048697141, 44.62867556816721 ] ], [ [ -123.167049392622772, 44.636326601055011 ], [ -123.168213003984576, 44.635846567485139 ], [ -123.16938771047667, 44.635315999894523 ], [ -123.167049392622772, 44.636326601055011 ] ], [ [ -123.164448846814949, 44.637279090326828 ], [ -123.165105660594904, 44.637060521398269 ], [ -123.167049392622772, 44.636326601055011 ], [ -123.164448846814949, 44.637279090326828 ] ], [ [ -123.163070680004935, 44.637567558534734 ], [ -123.163789305146665, 44.63743871220219 ], [ -123.164448846814949, 44.637279090326828 ], [ -123.163070680004935, 44.637567558534734 ] ], [ [ -123.160816427835485, 44.63769685517817 ], [ -123.162324814906327, 44.637647639889643 ], [ -123.163070680004935, 44.637567558534734 ], [ -123.160816427835485, 44.63769685517817 ] ], [ [ -123.159312761249168, 44.637556739177477 ], [ -123.160065471475406, 44.637666660626522 ], [ -123.160816427835485, 44.63769685517817 ], [ -123.159312761249168, 44.637556739177477 ] ], [ [ -123.15180348408478, 44.63738473875317 ], [ -123.153309292459966, 44.637321380916482 ], [ -123.154754484654617, 44.637245212317517 ], [ -123.15180348408478, 44.63738473875317 ] ], [ [ -123.144352552657992, 44.637771098603864 ], [ -123.1458605940268, 44.63771422078436 ], [ -123.147356149468649, 44.63763660259287 ], [ -123.144352552657992, 44.637771098603864 ] ], [ [ -123.142075762146604, 44.637828676363476 ], [ -123.142834622221315, 44.637821926630743 ], [ -123.144352552657992, 44.637771098603864 ], [ -123.142075762146604, 44.637828676363476 ] ], [ [ -123.139827332133834, 44.637750122101458 ], [ -123.140571313447239, 44.637796223379553 ], [ -123.142075762146604, 44.637828676363476 ], [ -123.139827332133834, 44.637750122101458 ] ], [ [ -123.129557479420868, 44.638361895511281 ], [ -123.130971622415359, 44.63810001938819 ], [ -123.131685719607333, 44.637954673172572 ], [ -123.129557479420868, 44.638361895511281 ] ], [ [ -123.127499726804189, 44.638924732858932 ], [ -123.128206958560583, 44.638754869012253 ], [ -123.128876031875933, 44.638549094389788 ], [ -123.127499726804189, 44.638924732858932 ] ], [ [ -123.125367057136984, 44.639404878600573 ], [ -123.126788358303955, 44.639088256534507 ], [ -123.127499726804189, 44.638924732858932 ], [ -123.125367057136984, 44.639404878600573 ] ], [ [ -123.121977367720035, 44.638837422755635 ], [ -123.121981905539059, 44.639655773792406 ], [ -123.121987664803498, 44.63986696541123 ], [ -123.121977367720035, 44.638837422755635 ] ], [ [ -123.115736573187789, 44.634850787173484 ], [ -123.115775886457797, 44.635293796902381 ], [ -123.115832739417883, 44.635869251438208 ], [ -123.115736573187789, 44.634850787173484 ] ], [ [ -123.116826124022907, 44.633981369563294 ], [ -123.116379943331225, 44.634299495058549 ], [ -123.115736573187789, 44.634850787173484 ], [ -123.116826124022907, 44.633981369563294 ] ], [ [ -123.1221903460481, 44.632344667457581 ], [ -123.122194345359205, 44.631690220701024 ], [ -123.122189516565896, 44.632344811600376 ], [ -123.1221903460481, 44.632344667457581 ] ], [ [ -123.127080708755798, 44.630954462519639 ], [ -123.126408029424425, 44.631546545635146 ], [ -123.126253737722905, 44.63170385031674 ], [ -123.127080708755798, 44.630954462519639 ] ], [ [ -123.128799577106108, 44.631471770636026 ], [ -123.128593911461721, 44.631092245605039 ], [ -123.128417598895794, 44.630819936702679 ], [ -123.128799577106108, 44.631471770636026 ] ], [ [ -123.129251220978219, 44.631949300824544 ], [ -123.12888914760947, 44.631552647424918 ], [ -123.128799577106108, 44.631471770636026 ], [ -123.129251220978219, 44.631949300824544 ] ], [ [ -123.131823757765957, 44.632069918351363 ], [ -123.131471583407915, 44.63223588857155 ], [ -123.130786227800996, 44.632570998105606 ], [ -123.131823757765957, 44.632069918351363 ] ], [ [ -123.134896917950314, 44.624454002290612 ], [ -123.134592227851897, 44.624514191005879 ], [ -123.134014167356256, 44.624647213161829 ], [ -123.134896917950314, 44.624454002290612 ] ], [ [ -123.136823348919421, 44.624688010559353 ], [ -123.136317212443942, 44.62458685862704 ], [ -123.135933118284342, 44.624549326622002 ], [ -123.136823348919421, 44.624688010559353 ] ], [ [ -123.12599197978119, 44.6057416700407 ], [ -123.125633326715572, 44.605880360804633 ], [ -123.125373032060352, 44.605990597315753 ], [ -123.12599197978119, 44.6057416700407 ] ], [ [ -123.13407040340195, 44.602015555647192 ], [ -123.13390159623323, 44.602279875731021 ], [ -123.13381983262579, 44.60246634813533 ], [ -123.13407040340195, 44.602015555647192 ] ], [ [ -123.128943350656371, 44.596951167345189 ], [ -123.130508817748449, 44.596955484788644 ], [ -123.134307143992217, 44.596965399253399 ], [ -123.128943350656371, 44.596951167345189 ] ], [ [ -123.126696411149325, 44.090520235455685 ], [ -123.126695734530941, 44.090502445214348 ], [ -123.126695857906142, 44.090533250948631 ], [ -123.126696411149325, 44.090520235455685 ] ], [ [ -123.137832027962418, 44.095604389278009 ], [ -123.137832397473545, 44.0956004404553 ], [ -123.137832050150806, 44.095600440527214 ], [ -123.137832027962418, 44.095604389278009 ] ], [ [ -123.13835461000248, 44.091010025055752 ], [ -123.138330557747167, 44.091001757600331 ], [ -123.13835461884004, 44.091010275157096 ], [ -123.13835461000248, 44.091010025055752 ] ], [ [ -123.138317211980265, 44.088027387621551 ], [ -123.138310295354174, 44.088027641418982 ], [ -123.138317215970659, 44.088027751286518 ], [ -123.138317211980265, 44.088027387621551 ] ], [ [ -123.137887905949512, 44.088017090467567 ], [ -123.137888249972022, 44.088017459633342 ], [ -123.138309908182308, 44.088023453801846 ], [ -123.137887905949512, 44.088017090467567 ] ], [ [ -123.230806278581582, 44.603814773348034 ], [ -123.236543327194568, 44.606877410086099 ], [ -123.230807411488357, 44.60381373026032 ], [ -123.230806278581582, 44.603814773348034 ] ], [ [ -123.235174847820787, 44.59964619104764 ], [ -123.235174648366325, 44.59964607791327 ], [ -123.230807411488357, 44.60381373026032 ], [ -123.235174847820787, 44.59964619104764 ] ], [ [ -123.22095148760009, 44.584771360152203 ], [ -123.22183316708778, 44.584648916489066 ], [ -123.223843480698505, 44.58424462875405 ], [ -123.22095148760009, 44.584771360152203 ] ], [ [ -123.218730357121387, 44.584946952197178 ], [ -123.220211900976864, 44.584846629703826 ], [ -123.22095148760009, 44.584771360152203 ], [ -123.218730357121387, 44.584946952197178 ] ], [ [ -123.226663036294767, 44.583567588569949 ], [ -123.227344986067592, 44.583370245751929 ], [ -123.223843480698505, 44.58424462875405 ], [ -123.226663036294767, 44.583567588569949 ] ], [ [ -123.21145421896442, 44.585798267208709 ], [ -123.213657131724474, 44.585520077389567 ], [ -123.210010386231588, 44.585884531998651 ], [ -123.21145421896442, 44.585798267208709 ] ], [ [ -123.207853073317111, 44.586030160651902 ], [ -123.208569319717682, 44.585988895690669 ], [ -123.210010386231588, 44.585884531998651 ], [ -123.207853073317111, 44.586030160651902 ] ], [ [ -123.204227338411215, 44.586147597999165 ], [ -123.20569989961524, 44.586100429539158 ], [ -123.20345769631588, 44.586155891945033 ], [ -123.204227338411215, 44.586147597999165 ] ], [ [ -123.189287740496127, 44.586026201591352 ], [ -123.192079871871158, 44.585739557944926 ], [ -123.187466052482108, 44.586163623678829 ], [ -123.189287740496127, 44.586026201591352 ] ], [ [ -123.218521292172341, 44.48719169016907 ], [ -123.216029265302609, 44.487968563078496 ], [ -123.217927568682967, 44.48740720747594 ], [ -123.218521292172341, 44.48719169016907 ] ], [ [ -123.219072188883871, 44.486921623030497 ], [ -123.219594588517182, 44.486616389309482 ], [ -123.218521292172341, 44.48719169016907 ], [ -123.219072188883871, 44.486921623030497 ] ], [ [ -123.220067040812964, 44.486268272808488 ], [ -123.220464387260435, 44.485872218774055 ], [ -123.219594588517182, 44.486616389309482 ], [ -123.220067040812964, 44.486268272808488 ] ], [ [ -123.220931263678963, 44.484957818067478 ], [ -123.220950297315127, 44.48446616291109 ], [ -123.220464387260435, 44.485872218774055 ], [ -123.220931263678963, 44.484957818067478 ] ], [ [ -123.220227939149098, 44.483128442546203 ], [ -123.22084896914248, 44.483983071955691 ], [ -123.220592124127037, 44.483535379932306 ], [ -123.220227939149098, 44.483128442546203 ] ], [ [ -123.21980972866406, 44.48275462698227 ], [ -123.218302631954302, 44.481807361706608 ], [ -123.220227939149098, 44.483128442546203 ], [ -123.21980972866406, 44.48275462698227 ] ], [ [ -123.217763136788975, 44.481503446489306 ], [ -123.217199501906421, 44.481215978110718 ], [ -123.218302631954302, 44.481807361706608 ], [ -123.217763136788975, 44.481503446489306 ] ], [ [ -123.214685357193204, 44.475705350334152 ], [ -123.214045759560179, 44.476588801445502 ], [ -123.214365146352264, 44.476151589030657 ], [ -123.214685357193204, 44.475705350334152 ] ], [ [ -123.215312841298598, 44.474782561403849 ], [ -123.215880336396552, 44.473888744389512 ], [ -123.214685357193204, 44.475705350334152 ], [ -123.215312841298598, 44.474782561403849 ] ], [ [ -123.21658967549439, 44.473036536838208 ], [ -123.217141925987079, 44.472104570094913 ], [ -123.215880336396552, 44.473888744389512 ], [ -123.21658967549439, 44.473036536838208 ] ], [ [ -123.217298971454341, 44.471612851154532 ], [ -123.217432773440535, 44.470626551935219 ], [ -123.217141925987079, 44.472104570094913 ], [ -123.217298971454341, 44.471612851154532 ] ], [ [ -123.217459722640058, 44.470139681592165 ], [ -123.217444308700706, 44.469159121475585 ], [ -123.217432773440535, 44.470626551935219 ], [ -123.217459722640058, 44.470139681592165 ] ], [ [ -123.217380737328028, 44.4686626830769 ], [ -123.217261743680965, 44.468169466457681 ], [ -123.217444308700706, 44.469159121475585 ], [ -123.217380737328028, 44.4686626830769 ] ], [ [ -123.217093063690712, 44.467679162198863 ], [ -123.216899401681232, 44.467187314720064 ], [ -123.217261743680965, 44.468169466457681 ], [ -123.217093063690712, 44.467679162198863 ] ], [ [ -123.216272037861003, 44.465703112543032 ], [ -123.216040026887683, 44.465210473151281 ], [ -123.216899401681232, 44.467187314720064 ], [ -123.216272037861003, 44.465703112543032 ] ], [ [ -123.214303214901904, 44.461848065368251 ], [ -123.215309022055109, 44.463762640619208 ], [ -123.21482498302484, 44.462799196282432 ], [ -123.214303214901904, 44.461848065368251 ] ], [ [ -123.213842172210647, 44.460883978599433 ], [ -123.213578447849656, 44.460408822522986 ], [ -123.214303214901904, 44.461848065368251 ], [ -123.213842172210647, 44.460883978599433 ] ], [ [ -123.213263537902989, 44.459945276166415 ], [ -123.212592382544486, 44.459035299067374 ], [ -123.213578447849656, 44.460408822522986 ], [ -123.213263537902989, 44.459945276166415 ] ], [ [ -123.211869092152938, 44.453743483879421 ], [ -123.211699761715437, 44.455199179910636 ], [ -123.211794042949464, 44.454717297666797 ], [ -123.211869092152938, 44.453743483879421 ] ], [ [ -123.211890082152848, 44.453251271188897 ], [ -123.211878269826144, 44.452754100782563 ], [ -123.211869092152938, 44.453743483879421 ], [ -123.211890082152848, 44.453251271188897 ] ], [ [ -123.211313534723118, 44.450270118422864 ], [ -123.211673681989851, 44.451250619159573 ], [ -123.211535395525161, 44.450752716792223 ], [ -123.211313534723118, 44.450270118422864 ] ], [ [ -123.207478406745992, 44.446673234003654 ], [ -123.20897086421779, 44.447781353651102 ], [ -123.208498849720485, 44.447396961839615 ], [ -123.207478406745992, 44.446673234003654 ] ], [ [ -123.206464062156442, 44.440182667928482 ], [ -123.20598661251789, 44.441646263501596 ], [ -123.206320374982084, 44.440673449713877 ], [ -123.206464062156442, 44.440182667928482 ] ], [ [ -123.211465905208115, 44.435087067117955 ], [ -123.209619641862645, 44.43561999904896 ], [ -123.21022849201907, 44.435451922621134 ], [ -123.211465905208115, 44.435087067117955 ] ], [ [ -123.21616506892002, 44.43457793591169 ], [ -123.214756761850424, 44.434606117361945 ], [ -123.21547075702351, 44.434638492797511 ], [ -123.21616506892002, 44.43457793591169 ] ], [ [ -123.220879302206669, 44.434146463775782 ], [ -123.218861347835229, 44.43420244861764 ], [ -123.220230745049065, 44.434243083126205 ], [ -123.220879302206669, 44.434146463775782 ] ], [ [ -123.225602527031157, 44.434069827850259 ], [ -123.22348192719565, 44.434142272575016 ], [ -123.224862002690401, 44.434124870045544 ], [ -123.225602527031157, 44.434069827850259 ] ], [ [ -123.226328705573792, 44.433913577893144 ], [ -123.226967491323961, 44.433650511145629 ], [ -123.225602527031157, 44.434069827850259 ], [ -123.226328705573792, 44.433913577893144 ] ], [ [ -123.227836014575757, 44.432857492550006 ], [ -123.228064289805118, 44.431890244479547 ], [ -123.226967491323961, 44.433650511145629 ], [ -123.227836014575757, 44.432857492550006 ] ], [ [ -123.228039287301868, 44.431400511254367 ], [ -123.227840679431296, 44.430437506423708 ], [ -123.228064289805118, 44.431890244479547 ], [ -123.228039287301868, 44.431400511254367 ] ], [ [ -123.227686024096059, 44.429959916631617 ], [ -123.227201489203523, 44.429025015771487 ], [ -123.227840679431296, 44.430437506423708 ], [ -123.227686024096059, 44.429959916631617 ] ], [ [ -123.225843548374925, 44.426663726772716 ], [ -123.226723660726961, 44.42806953765038 ], [ -123.226173349824904, 44.427119842619391 ], [ -123.225843548374925, 44.426663726772716 ] ], [ [ -123.225481855701887, 44.426221590140173 ], [ -123.224735876379285, 44.425345150180902 ], [ -123.225843548374925, 44.426663726772716 ], [ -123.225481855701887, 44.426221590140173 ] ], [ [ -123.221999395171466, 44.422291371942073 ], [ -123.223265680441941, 44.423564970689092 ], [ -123.222457085157046, 44.422699293516885 ], [ -123.221999395171466, 44.422291371942073 ] ], [ [ -123.22414182408852, 44.41719968300054 ], [ -123.221884051906613, 44.416418517982983 ], [ -123.222909950913632, 44.416939990463469 ], [ -123.22414182408852, 44.41719968300054 ] ], [ [ -123.224791483757798, 44.417252676231456 ], [ -123.226127551856536, 44.417285114626516 ], [ -123.22414182408852, 44.41719968300054 ], [ -123.224791483757798, 44.417252676231456 ] ], [ [ -123.227421201464978, 44.41706743488237 ], [ -123.229040503405926, 44.415513127985122 ], [ -123.226127551856536, 44.417285114626516 ], [ -123.227421201464978, 44.41706743488237 ] ], [ [ -123.22931845071021, 44.415073350860062 ], [ -123.229253543855307, 44.413656140257537 ], [ -123.229040503405926, 44.415513127985122 ], [ -123.22931845071021, 44.415073350860062 ] ], [ [ -123.22918346612866, 44.413184996283881 ], [ -123.228860242672923, 44.411770698283107 ], [ -123.229253543855307, 44.413656140257537 ], [ -123.22918346612866, 44.413184996283881 ] ], [ [ -123.22778083339783, 44.407268863724482 ], [ -123.228408856832104, 44.409789657147265 ], [ -123.227932646066748, 44.407768648923359 ], [ -123.22778083339783, 44.407268863724482 ] ], [ [ -123.227632859843084, 44.406769243879552 ], [ -123.227316100732736, 44.405775051364451 ], [ -123.22778083339783, 44.407268863724482 ], [ -123.227632859843084, 44.406769243879552 ] ], [ [ -123.226870512884474, 44.404280774383935 ], [ -123.226302882405562, 44.402267464333576 ], [ -123.225905092807608, 44.401299417395933 ], [ -123.226870512884474, 44.404280774383935 ] ], [ [ -123.225092188969015, 44.3993603952554 ], [ -123.224034001880028, 44.397495485798736 ], [ -123.225905092807608, 44.401299417395933 ], [ -123.225092188969015, 44.3993603952554 ] ], [ [ -123.177339770552578, 44.27988262118734 ], [ -123.176766068209517, 44.278957388577936 ], [ -123.176616529013828, 44.278731305830945 ], [ -123.177339770552578, 44.27988262118734 ] ], [ [ -123.175017200891077, 44.27413521012101 ], [ -123.1749625491736, 44.273612585471852 ], [ -123.174894378287291, 44.273086715072566 ], [ -123.175017200891077, 44.27413521012101 ] ], [ [ -123.174812346676759, 44.271522652734717 ], [ -123.174771609650918, 44.271003540112126 ], [ -123.174716685882615, 44.270491349936762 ], [ -123.174812346676759, 44.271522652734717 ] ], [ [ -123.17464852095992, 44.269576032403549 ], [ -123.174607570098999, 44.269234493600024 ], [ -123.174505741772009, 44.268682531265029 ], [ -123.17464852095992, 44.269576032403549 ] ], [ [ -123.17431511322944, 44.267736921059836 ], [ -123.174208823346063, 44.267251696368625 ], [ -123.174505741772009, 44.268682531265029 ], [ -123.17431511322944, 44.267736921059836 ] ], [ [ -123.174180290461621, 44.267085026537657 ], [ -123.174061063385551, 44.266608389031184 ], [ -123.174208823346063, 44.267251696368625 ], [ -123.174180290461621, 44.267085026537657 ] ], [ [ -123.174703148816008, 44.264504546360698 ], [ -123.174935483304026, 44.263811244181753 ], [ -123.174976524207423, 44.263094228590568 ], [ -123.174703148816008, 44.264504546360698 ] ], [ [ -123.724764070376693, 44.955218194090513 ], [ -123.724684731155648, 44.982794381628814 ], [ -123.724916843572601, 44.952176814992427 ], [ -123.724764070376693, 44.955218194090513 ] ], [ [ -123.236962452397464, 44.559421520120729 ], [ -123.23790554341133, 44.560649779279238 ], [ -123.238809733789836, 44.561785487633919 ], [ -123.236962452397464, 44.559421520120729 ] ], [ [ -123.240213732830384, 44.56257182105152 ], [ -123.240888595541065, 44.562716522783312 ], [ -123.242678848724225, 44.562944960113875 ], [ -123.240213732830384, 44.56257182105152 ] ], [ [ -123.251359940662226, 44.551976250810924 ], [ -123.251254863356067, 44.551915646243508 ], [ -123.25125206125449, 44.551914030625689 ], [ -123.251359940662226, 44.551976250810924 ] ], [ [ -123.250774470647585, 44.551638576249431 ], [ -123.250143765536023, 44.551364107418699 ], [ -123.25125206125449, 44.551914030625689 ], [ -123.250774470647585, 44.551638576249431 ] ], [ [ -123.242921801617243, 44.54296220039577 ], [ -123.243258434573008, 44.542533082491886 ], [ -123.243540872358722, 44.542094650186179 ], [ -123.242921801617243, 44.54296220039577 ] ], [ [ -123.244427058904293, 44.540983709011137 ], [ -123.24461203542559, 44.54079853737678 ], [ -123.244878179324118, 44.540498992621998 ], [ -123.244427058904293, 44.540983709011137 ] ], [ [ -123.245792857838879, 44.539521445310534 ], [ -123.246246408543655, 44.539117077292104 ], [ -123.247080719069032, 44.538299754489863 ], [ -123.245792857838879, 44.539521445310534 ] ], [ [ -123.247475118059398, 44.537869216344561 ], [ -123.247801067424021, 44.53741964160524 ], [ -123.247080719069032, 44.538299754489863 ], [ -123.247475118059398, 44.537869216344561 ] ], [ [ -123.248038639834064, 44.536937713518313 ], [ -123.24824828191511, 44.53647716460371 ], [ -123.247801067424021, 44.53741964160524 ], [ -123.248038639834064, 44.536937713518313 ] ], [ [ -123.250121553965286, 44.53277415701492 ], [ -123.250214131968434, 44.53263027814846 ], [ -123.250418088895813, 44.532313298497918 ], [ -123.250121553965286, 44.53277415701492 ] ], [ [ -123.251043134155665, 44.5314798604944 ], [ -123.251571088944971, 44.530698439437721 ], [ -123.251668075855164, 44.530522419391986 ], [ -123.251043134155665, 44.5314798604944 ] ], [ [ -123.251924507525302, 44.530025652375279 ], [ -123.252161136020476, 44.529515987356909 ], [ -123.251668075855164, 44.530522419391986 ], [ -123.251924507525302, 44.530025652375279 ] ], [ [ -123.252373192721365, 44.529014125445777 ], [ -123.252485780219047, 44.52851837653651 ], [ -123.252161136020476, 44.529515987356909 ], [ -123.252373192721365, 44.529014125445777 ] ], [ [ -123.252399713958738, 44.528040679816357 ], [ -123.252149999459476, 44.527590901669448 ], [ -123.251752362780636, 44.527145560756914 ], [ -123.252399713958738, 44.528040679816357 ] ], [ [ -123.251290467000572, 44.526823372212746 ], [ -123.250775955497716, 44.526561215921156 ], [ -123.251752362780636, 44.527145560756914 ], [ -123.251290467000572, 44.526823372212746 ] ], [ [ -123.249391789857782, 44.526148220466489 ], [ -123.248694118805943, 44.526080126151612 ], [ -123.250775955497716, 44.526561215921156 ], [ -123.249391789857782, 44.526148220466489 ] ], [ [ -123.24728621221422, 44.52608300593532 ], [ -123.245889124826874, 44.526232784436424 ], [ -123.248694118805943, 44.526080126151612 ], [ -123.24728621221422, 44.52608300593532 ] ], [ [ -123.245187772058372, 44.526329349786415 ], [ -123.244503308623322, 44.526458435572508 ], [ -123.245889124826874, 44.526232784436424 ], [ -123.245187772058372, 44.526329349786415 ] ], [ [ -123.243878413225715, 44.526670465484159 ], [ -123.243301904546158, 44.526932006845705 ], [ -123.244503308623322, 44.526458435572508 ], [ -123.243878413225715, 44.526670465484159 ] ], [ [ -123.228629144457244, 44.517521190966526 ], [ -123.228533803541765, 44.516517599383832 ], [ -123.228370893087657, 44.516032655328111 ], [ -123.228629144457244, 44.517521190966526 ] ], [ [ -123.22808267338074, 44.515574668676898 ], [ -123.227694516917751, 44.515152890804089 ], [ -123.226865874318975, 44.514338039934515 ], [ -123.22808267338074, 44.515574668676898 ] ], [ [ -123.226446028909393, 44.513935292292771 ], [ -123.22559835709265, 44.513163519465898 ], [ -123.226865874318975, 44.514338039934515 ], [ -123.226446028909393, 44.513935292292771 ] ], [ [ -123.225156805506586, 44.512788137000733 ], [ -123.22469658372988, 44.512423410361954 ], [ -123.22559835709265, 44.513163519465898 ], [ -123.225156805506586, 44.512788137000733 ] ], [ [ -123.224202621051873, 44.512075105830185 ], [ -123.223634776300614, 44.511786732879742 ], [ -123.22469658372988, 44.512423410361954 ], [ -123.224202621051873, 44.512075105830185 ] ], [ [ -123.223010043341432, 44.511552649621642 ], [ -123.221684756424381, 44.511184506280635 ], [ -123.223634776300614, 44.511786732879742 ], [ -123.223010043341432, 44.511552649621642 ] ], [ [ -123.21612171584502, 44.509032365616264 ], [ -123.215189495375313, 44.508252434350368 ], [ -123.214705589507915, 44.507871256645132 ], [ -123.21612171584502, 44.509032365616264 ] ], [ [ -123.212896890481744, 44.499040352924666 ], [ -123.213425725615863, 44.498134018310857 ], [ -123.213674720996394, 44.497679205613451 ], [ -123.212896890481744, 44.499040352924666 ] ], [ [ -123.214512801449246, 44.496336157829504 ], [ -123.214736312580513, 44.495869775965758 ], [ -123.213674720996394, 44.497679205613451 ], [ -123.214512801449246, 44.496336157829504 ] ], [ [ -123.215096301466573, 44.494193405618624 ], [ -123.215045619351542, 44.493956629773507 ], [ -123.214736312580513, 44.495869775965758 ], [ -123.215096301466573, 44.494193405618624 ] ], [ [ -123.214983792398229, 44.492893066750199 ], [ -123.214828311749628, 44.492399180185295 ], [ -123.215045619351542, 44.493956629773507 ], [ -123.214983792398229, 44.492893066750199 ] ], [ [ -123.214633194291054, 44.491918513140028 ], [ -123.214593955768834, 44.491824864544078 ], [ -123.214828311749628, 44.492399180185295 ], [ -123.214633194291054, 44.491918513140028 ] ], [ [ -123.224860071944022, 44.392313201523493 ], [ -123.226484478045705, 44.390839931229031 ], [ -123.228015066321802, 44.389286228348375 ], [ -123.224860071944022, 44.392313201523493 ] ], [ [ -123.241383679515039, 44.385424087130168 ], [ -123.242830732247739, 44.385350257856082 ], [ -123.244610926017202, 44.38455314990474 ], [ -123.241383679515039, 44.385424087130168 ] ], [ [ -123.245142023692026, 44.383686547360185 ], [ -123.245184735340032, 44.382730554686788 ], [ -123.244610926017202, 44.38455314990474 ], [ -123.245142023692026, 44.383686547360185 ] ], [ [ -123.244699131701708, 44.380842095791209 ], [ -123.243072416658947, 44.378574551697724 ], [ -123.245184735340032, 44.382730554686788 ], [ -123.244699131701708, 44.380842095791209 ] ], [ [ -123.240647500601227, 44.376054617329906 ], [ -123.239768069558565, 44.375260530289125 ], [ -123.243072416658947, 44.378574551697724 ], [ -123.240647500601227, 44.376054617329906 ] ], [ [ -123.238760001366373, 44.374537409196833 ], [ -123.236019724750605, 44.372867215512983 ], [ -123.239768069558565, 44.375260530289125 ], [ -123.238760001366373, 44.374537409196833 ] ], [ [ -123.233506579469449, 44.371830935385702 ], [ -123.230131873368208, 44.371022711439409 ], [ -123.236019724750605, 44.372867215512983 ], [ -123.233506579469449, 44.371830935385702 ] ], [ [ -123.225413370025194, 44.359989232511154 ], [ -123.228883208097642, 44.359989567081769 ], [ -123.231169442973922, 44.359163482148467 ], [ -123.225413370025194, 44.359989232511154 ] ], [ [ -123.233192146726338, 44.358395232711118 ], [ -123.233718628972539, 44.358080972121677 ], [ -123.231169442973922, 44.359163482148467 ], [ -123.233192146726338, 44.358395232711118 ] ], [ [ -123.235295613477518, 44.356519501777591 ], [ -123.235285046575228, 44.355080136154164 ], [ -123.233718628972539, 44.358080972121677 ], [ -123.235295613477518, 44.356519501777591 ] ], [ [ -123.234837161503876, 44.354181702365331 ], [ -123.232915048685555, 44.352196021949545 ], [ -123.235285046575228, 44.355080136154164 ], [ -123.234837161503876, 44.354181702365331 ] ], [ [ -123.229628115534126, 44.346527473275536 ], [ -123.228857168771583, 44.345059764099396 ], [ -123.229573812154143, 44.346525289365218 ], [ -123.229628115534126, 44.346527473275536 ] ], [ [ -123.234852328016444, 44.339387668976165 ], [ -123.237434524491988, 44.338878759791541 ], [ -123.238736874738322, 44.338559274056145 ], [ -123.234852328016444, 44.339387668976165 ] ], [ [ -123.239381539816321, 44.338363039830966 ], [ -123.240596067350438, 44.337844629573773 ], [ -123.238736874738322, 44.338559274056145 ], [ -123.239381539816321, 44.338363039830966 ] ], [ [ -123.241157093552843, 44.337537807136549 ], [ -123.242528823588259, 44.336422670215391 ], [ -123.240596067350438, 44.337844629573773 ], [ -123.241157093552843, 44.337537807136549 ] ], [ [ -123.243352792132782, 44.335652581107595 ], [ -123.244137010087357, 44.334851034840106 ], [ -123.242528823588259, 44.336422670215391 ], [ -123.243352792132782, 44.335652581107595 ] ], [ [ -123.245337278022077, 44.333630258674539 ], [ -123.245639962243686, 44.333158478901964 ], [ -123.244137010087357, 44.334851034840106 ], [ -123.245337278022077, 44.333630258674539 ] ], [ [ -123.245707605798486, 44.332649077932324 ], [ -123.245299997503196, 44.331672385024312 ], [ -123.245639962243686, 44.333158478901964 ], [ -123.245707605798486, 44.332649077932324 ] ], [ [ -123.243869393909122, 44.330570934568144 ], [ -123.241299099619027, 44.329826805786887 ], [ -123.245299997503196, 44.331672385024312 ], [ -123.243869393909122, 44.330570934568144 ] ], [ [ -123.238690522867898, 44.329039768098063 ], [ -123.236566485614574, 44.328998435827359 ], [ -123.241299099619027, 44.329826805786887 ], [ -123.238690522867898, 44.329039768098063 ] ], [ [ -123.235228210507969, 44.329241024832683 ], [ -123.23257397833909, 44.32999754004517 ], [ -123.236566485614574, 44.328998435827359 ], [ -123.235228210507969, 44.329241024832683 ] ], [ [ -123.217538434255303, 44.321818479685028 ], [ -123.217590545914817, 44.320850406709731 ], [ -123.217510289056207, 44.319872194063265 ], [ -123.217538434255303, 44.321818479685028 ] ], [ [ -123.217068357190854, 44.314683857431838 ], [ -123.217310186442631, 44.313726468389049 ], [ -123.217317829972359, 44.313121724280322 ], [ -123.217068357190854, 44.314683857431838 ] ], [ [ -123.217085036536403, 44.311695143782615 ], [ -123.215789755357932, 44.310481855068595 ], [ -123.217317829972359, 44.313121724280322 ], [ -123.217085036536403, 44.311695143782615 ] ], [ [ -123.213997718370948, 44.309678630981324 ], [ -123.211990271038417, 44.309253745711608 ], [ -123.215789755357932, 44.310481855068595 ], [ -123.213997718370948, 44.309678630981324 ] ], [ [ -123.209955949227663, 44.309030126683801 ], [ -123.205855227336926, 44.308795351198462 ], [ -123.211990271038417, 44.309253745711608 ], [ -123.209955949227663, 44.309030126683801 ] ], [ [ -123.204404912571349, 44.308717836151885 ], [ -123.200785882552822, 44.308853341891293 ], [ -123.205855227336926, 44.308795351198462 ], [ -123.204404912571349, 44.308717836151885 ] ], [ [ -123.193259890941974, 44.30518863822509 ], [ -123.193702200840917, 44.304302368777847 ], [ -123.193755571873183, 44.303353198227008 ], [ -123.193259890941974, 44.30518863822509 ] ], [ [ -123.193478528200473, 44.302901410881155 ], [ -123.191204416688137, 44.300262615525568 ], [ -123.193755571873183, 44.303353198227008 ], [ -123.193478528200473, 44.302901410881155 ] ], [ [ -123.191433821416553, 44.294253087841206 ], [ -123.192431923335619, 44.293569820547141 ], [ -123.19288133885847, 44.293167491498714 ], [ -123.191433821416553, 44.294253087841206 ] ], [ [ -123.193775276765976, 44.291764166875801 ], [ -123.193394907957355, 44.290237973642405 ], [ -123.19288133885847, 44.293167491498714 ], [ -123.193775276765976, 44.291764166875801 ] ], [ [ -123.192403473230385, 44.288840654433621 ], [ -123.191111234467016, 44.287588183844136 ], [ -123.193394907957355, 44.290237973642405 ], [ -123.192403473230385, 44.288840654433621 ] ], [ [ -123.188446511675764, 44.285862549999315 ], [ -123.18661446824629, 44.285185573083915 ], [ -123.191111234467016, 44.287588183844136 ], [ -123.188446511675764, 44.285862549999315 ] ], [ [ -123.180447350943709, 44.283760250401819 ], [ -123.180948862459744, 44.283759636520188 ], [ -123.179949345916839, 44.283427180830905 ], [ -123.180447350943709, 44.283760250401819 ] ], [ [ -123.405232310891193, 44.498079053661073 ], [ -123.405213385731955, 44.498076167571902 ], [ -123.405242958402525, 44.502606148071564 ], [ -123.405232310891193, 44.498079053661073 ] ], [ [ -123.373765129507319, 44.504071329795778 ], [ -123.373766529051593, 44.504070348612949 ], [ -123.37364751172052, 44.500404357153158 ], [ -123.373765129507319, 44.504071329795778 ] ], [ [ -123.373647305327779, 44.500397877797859 ], [ -123.371061981444115, 44.500401107534827 ], [ -123.37364751172052, 44.500404357153158 ], [ -123.373647305327779, 44.500397877797859 ] ], [ [ -123.37105543309184, 44.500401098551592 ], [ -123.371060234339637, 44.50277528890696 ], [ -123.371061981444115, 44.500401107534827 ], [ -123.37105543309184, 44.500401098551592 ] ], [ [ -123.371061029607432, 44.502829342764223 ], [ -123.37106219479459, 44.502829342835284 ], [ -123.371060234339637, 44.50277528890696 ], [ -123.371061029607432, 44.502829342764223 ] ], [ [ -123.361532119359921, 44.502826893039447 ], [ -123.371061042572421, 44.502830161002009 ], [ -123.371061029607432, 44.502829342764223 ], [ -123.361532119359921, 44.502826893039447 ] ], [ [ -123.36748883677906, 44.493066511009786 ], [ -123.367492738615084, 44.493060333380548 ], [ -123.362933371781196, 44.493098026518943 ], [ -123.36748883677906, 44.493066511009786 ] ], [ [ -123.366129238192144, 44.514438335297235 ], [ -123.366143374780208, 44.514493685628786 ], [ -123.366990952124681, 44.517811979993951 ], [ -123.366129238192144, 44.514438335297235 ] ], [ [ -123.353922954052308, 44.517071393163889 ], [ -123.353924054040377, 44.517070424320046 ], [ -123.34401047149511, 44.517084365669596 ], [ -123.353922954052308, 44.517071393163889 ] ], [ [ -123.35768952919635, 44.525250515629509 ], [ -123.357710638326196, 44.525261166486622 ], [ -123.357590169737904, 44.525138992108396 ], [ -123.35768952919635, 44.525250515629509 ] ], [ [ -123.382220927366774, 44.54068060451138 ], [ -123.38222057647377, 44.540680562138434 ], [ -123.38220116950464, 44.540765971095396 ], [ -123.382220927366774, 44.54068060451138 ] ], [ [ -123.38388162874773, 44.542597028252246 ], [ -123.383889337473505, 44.544164392167843 ], [ -123.383955038523027, 44.548033035190841 ], [ -123.38388162874773, 44.542597028252246 ] ], [ [ -123.383577124299165, 44.548896528140411 ], [ -123.383580909898825, 44.548896505322439 ], [ -123.383580333029002, 44.548404113821142 ], [ -123.383577124299165, 44.548896528140411 ] ], [ [ -123.377824025158759, 44.549713317922894 ], [ -123.377823701470831, 44.549712129382947 ], [ -123.377823344205638, 44.550753518997467 ], [ -123.377824025158759, 44.549713317922894 ] ], [ [ -123.373433523784868, 44.553003686454375 ], [ -123.373433525466737, 44.553003821489035 ], [ -123.377013064881282, 44.552994389697602 ], [ -123.373433523784868, 44.553003686454375 ] ], [ [ -123.373433211961455, 44.553003823161603 ], [ -123.373442672795463, 44.553681720677275 ], [ -123.373433525466737, 44.553003821489035 ], [ -123.373433211961455, 44.553003823161603 ] ], [ [ -123.367130337898786, 44.557007394695148 ], [ -123.367121829750616, 44.556858269474681 ], [ -123.367103812011905, 44.557419897270492 ], [ -123.367130337898786, 44.557007394695148 ] ], [ [ -123.366740896174761, 44.563931290758241 ], [ -123.366789760498904, 44.564102284710664 ], [ -123.366698720017155, 44.563783697105485 ], [ -123.366740896174761, 44.563931290758241 ] ], [ [ -123.364718080072876, 44.565886104307687 ], [ -123.364718079137631, 44.565885679289337 ], [ -123.364463963777993, 44.564887678656206 ], [ -123.364718080072876, 44.565886104307687 ] ], [ [ -123.364363226122236, 44.564594844180064 ], [ -123.364361459515067, 44.564591557078238 ], [ -123.364377783665688, 44.564621931681337 ], [ -123.364363226122236, 44.564594844180064 ] ], [ [ -123.364291705654026, 44.564484691531085 ], [ -123.364191248647813, 44.56437473223037 ], [ -123.364295047057681, 44.564489810692017 ], [ -123.364291705654026, 44.564484691531085 ] ], [ [ -123.364154907100357, 44.564338604780858 ], [ -123.364154904891038, 44.564338602998021 ], [ -123.364191248647813, 44.56437473223037 ], [ -123.364154907100357, 44.564338604780858 ] ], [ [ -123.364065040276543, 44.56426815340788 ], [ -123.364064992534608, 44.564268120797585 ], [ -123.364081021988795, 44.564279290074623 ], [ -123.364065040276543, 44.56426815340788 ] ], [ [ -123.36397805367119, 44.564211220381409 ], [ -123.363978048823, 44.56421121757851 ], [ -123.364007699955721, 44.564228986885006 ], [ -123.36397805367119, 44.564211220381409 ] ], [ [ -123.34274335683088, 44.55740053600929 ], [ -123.342743447179188, 44.557400529232858 ], [ -123.343036823568966, 44.557376157993097 ], [ -123.34274335683088, 44.55740053600929 ] ], [ [ -123.343406122840449, 44.551627056120992 ], [ -123.339654686658037, 44.550246194036973 ], [ -123.343406122282175, 44.551627147085973 ], [ -123.343406122840449, 44.551627056120992 ] ], [ [ -123.27321048617398, 44.579540605539378 ], [ -123.273210450030405, 44.579540587516398 ], [ -123.272909117986714, 44.579543593678316 ], [ -123.27321048617398, 44.579540605539378 ] ], [ [ -123.269256549652823, 44.579578901349649 ], [ -123.269256520665635, 44.5795789011596 ], [ -123.269179572538874, 44.579579450643237 ], [ -123.269256549652823, 44.579578901349649 ] ], [ [ -123.255603743520879, 44.567752005432489 ], [ -123.255279770787681, 44.568631576963405 ], [ -123.255375286174456, 44.5683866481085 ], [ -123.255603743520879, 44.567752005432489 ] ], [ [ -123.254071134293099, 44.571793778606491 ], [ -123.254534224364292, 44.570796479792946 ], [ -123.254551245737431, 44.570732170135472 ], [ -123.254071134293099, 44.571793778606491 ] ], [ [ -123.252557689588429, 44.57359280104771 ], [ -123.252984584814527, 44.573164186034575 ], [ -123.253738297438815, 44.572261960429884 ], [ -123.252557689588429, 44.57359280104771 ] ], [ [ -123.251557690604869, 44.574363696272741 ], [ -123.251976213666381, 44.574073576126167 ], [ -123.252557689588429, 44.57359280104771 ], [ -123.251557690604869, 44.574363696272741 ] ], [ [ -123.250418015826682, 44.575024339431614 ], [ -123.250995904979945, 44.574701757354596 ], [ -123.251557690604869, 44.574363696272741 ], [ -123.250418015826682, 44.575024339431614 ] ], [ [ -123.248567874854388, 44.575885459312985 ], [ -123.249208186900319, 44.575623465496122 ], [ -123.250418015826682, 44.575024339431614 ], [ -123.248567874854388, 44.575885459312985 ] ], [ [ -123.247254396203445, 44.57636494816964 ], [ -123.247915181775866, 44.576129481782239 ], [ -123.248567874854388, 44.575885459312985 ], [ -123.247254396203445, 44.57636494816964 ] ], [ [ -123.241263392495995, 44.578493870751764 ], [ -123.242627137464979, 44.578060063433959 ], [ -123.243295534813399, 44.577822380858208 ], [ -123.241263392495995, 44.578493870751764 ] ], [ [ -123.237897503535166, 44.579666890113465 ], [ -123.238563765032978, 44.579423885406023 ], [ -123.239129160907993, 44.579214630904744 ], [ -123.237897503535166, 44.579666890113465 ] ], [ [ -123.232655173034672, 44.581684223310539 ], [ -123.234653896041436, 44.580992003632936 ], [ -123.235316245057049, 44.580746883004601 ], [ -123.232655173034672, 44.581684223310539 ] ], [ [ -123.230018593197528, 44.582572791959883 ], [ -123.230681161577863, 44.582372121955302 ], [ -123.232655173034672, 44.581684223310539 ], [ -123.230018593197528, 44.582572791959883 ] ], [ [ -123.285427608945312, 44.527148455460072 ], [ -123.285446943374581, 44.53100180522862 ], [ -123.285423706196326, 44.526023605454945 ], [ -123.285427608945312, 44.527148455460072 ] ], [ [ -123.285402561300558, 44.519929178228118 ], [ -123.285415979741146, 44.524368215918578 ], [ -123.285423706196326, 44.526023605454945 ], [ -123.285402561300558, 44.519929178228118 ] ], [ [ -123.273665771887622, 44.519990446070771 ], [ -123.27389701727904, 44.519989333593905 ], [ -123.285402561300558, 44.519929178228118 ], [ -123.273665771887622, 44.519990446070771 ] ], [ [ -123.254272313921774, 44.528365403923075 ], [ -123.254589202378412, 44.528088557221601 ], [ -123.251825375321232, 44.53047855876261 ], [ -123.254272313921774, 44.528365403923075 ] ], [ [ -123.330434939054413, 44.283614346866614 ], [ -123.297917479320986, 44.283612744712194 ], [ -123.230425531555468, 44.283699317762938 ], [ -123.330434939054413, 44.283614346866614 ] ], [ [ -123.337011065095325, 44.526564457409563 ], [ -123.33704650561755, 44.531996904053578 ], [ -123.337011825101754, 44.526565040745545 ], [ -123.337011065095325, 44.526564457409563 ] ], [ [ -123.293808507525952, 44.525281116537279 ], [ -123.293824115667718, 44.525328380308899 ], [ -123.293808550686308, 44.525280992368728 ], [ -123.293808507525952, 44.525281116537279 ] ], [ [ -123.277015604298413, 44.536237790337729 ], [ -123.277034777146753, 44.536237736606019 ], [ -123.277195349379554, 44.536199169230798 ], [ -123.277015604298413, 44.536237790337729 ] ], [ [ -123.257089313559831, 44.524780403117973 ], [ -123.257311691122212, 44.524855661148536 ], [ -123.257315139804703, 44.524855024025605 ], [ -123.257089313559831, 44.524780403117973 ] ], [ [ -123.388938811284163, 44.429501911067455 ], [ -123.383748137643337, 44.429614551578936 ], [ -123.388938821544897, 44.429508384636705 ], [ -123.388938811284163, 44.429501911067455 ] ], [ [ -123.282860429338598, 44.398402928604057 ], [ -123.269713279163213, 44.398302615641981 ], [ -123.282860366866402, 44.398403144460808 ], [ -123.282860429338598, 44.398402928604057 ] ], [ [ -123.244193078716222, 44.404685670779962 ], [ -123.244197785248105, 44.405056139373002 ], [ -123.244214687696896, 44.405268541884382 ], [ -123.244193078716222, 44.404685670779962 ] ], [ [ -123.244304994149147, 44.405477506673876 ], [ -123.244486080327803, 44.405703469491087 ], [ -123.244492508675421, 44.405707195680087 ], [ -123.244304994149147, 44.405477506673876 ] ], [ [ -123.245016833379012, 44.405847850960527 ], [ -123.245112702819512, 44.405838042037864 ], [ -123.245188225807496, 44.405819496386819 ], [ -123.245016833379012, 44.405847850960527 ] ], [ [ -123.24561138296373, 44.405715585772668 ], [ -123.24579618827434, 44.405678638023822 ], [ -123.245727697858911, 44.405687022961899 ], [ -123.24561138296373, 44.405715585772668 ] ], [ [ -123.246798206371693, 44.405735803300615 ], [ -123.246991069957858, 44.405725611555425 ], [ -123.247166448002403, 44.405710013567514 ], [ -123.246798206371693, 44.405735803300615 ] ], [ [ -123.247626343638444, 44.405550437740786 ], [ -123.248354902957459, 44.405297635543867 ], [ -123.248658707426785, 44.405191381506668 ], [ -123.247626343638444, 44.405550437740786 ] ], [ [ -123.245964728477134, 44.407749374939613 ], [ -123.245938771472169, 44.407796258059562 ], [ -123.245937287660041, 44.407845696302957 ], [ -123.245964728477134, 44.407749374939613 ] ], [ [ -123.240240341918437, 44.406881248339552 ], [ -123.239825753945155, 44.407060552405703 ], [ -123.240741732006157, 44.406554108605107 ], [ -123.240240341918437, 44.406881248339552 ] ], [ [ -123.239335170061437, 44.40988234433037 ], [ -123.239651187975326, 44.410131808354095 ], [ -123.239623403957523, 44.410106663260585 ], [ -123.239335170061437, 44.40988234433037 ] ], [ [ -123.239847116475673, 44.410309125990715 ], [ -123.240048141975024, 44.410586246159504 ], [ -123.239873421640127, 44.410332933795232 ], [ -123.239847116475673, 44.410309125990715 ] ], [ [ -123.444594142663959, 44.418928343393475 ], [ -123.444594349824229, 44.418912854976512 ], [ -123.434444149435663, 44.418732823586886 ], [ -123.444594142663959, 44.418928343393475 ] ], [ [ -123.340212937270081, 44.543071208352856 ], [ -123.340212905664842, 44.543071308203125 ], [ -123.340236200625654, 44.543067185593912 ], [ -123.340212937270081, 44.543071208352856 ] ], [ [ -123.256831927698769, 44.55068653783573 ], [ -123.255439300299216, 44.55069102806474 ], [ -123.255523662989248, 44.550690947232042 ], [ -123.256831927698769, 44.55068653783573 ] ], [ [ -123.253221797263308, 44.550689738691339 ], [ -123.251032556198922, 44.550692290865364 ], [ -123.255439300299216, 44.55069102806474 ], [ -123.253221797263308, 44.550689738691339 ] ], [ [ -123.256028224301375, 44.566729617236312 ], [ -123.25622773251844, 44.566263896154105 ], [ -123.255808060928999, 44.56724354597808 ], [ -123.256028224301375, 44.566729617236312 ] ], [ [ -123.256565714406193, 44.565740256105201 ], [ -123.256821040848536, 44.565233634761192 ], [ -123.25622773251844, 44.566263896154105 ], [ -123.256565714406193, 44.565740256105201 ] ], [ [ -123.258260334740442, 44.562773866907499 ], [ -123.258552049853762, 44.5622853488007 ], [ -123.257934361665804, 44.563256593960908 ], [ -123.258260334740442, 44.562773866907499 ] ], [ [ -123.259129083844897, 44.561304051190881 ], [ -123.259399083463919, 44.560813853903149 ], [ -123.258849929568171, 44.561796680164903 ], [ -123.259129083844897, 44.561304051190881 ] ], [ [ -123.259665466711169, 44.560312702623271 ], [ -123.260130936361705, 44.55931493640805 ], [ -123.259399083463919, 44.560813853903149 ], [ -123.259665466711169, 44.560312702623271 ] ], [ [ -123.26033245997921, 44.558823516475812 ], [ -123.260493515290861, 44.558316103107074 ], [ -123.260130936361705, 44.55931493640805 ], [ -123.26033245997921, 44.558823516475812 ] ], [ [ -123.26062862364904, 44.557782826299366 ], [ -123.26070627642892, 44.557275243820449 ], [ -123.260493515290861, 44.558316103107074 ], [ -123.26062862364904, 44.557782826299366 ] ], [ [ -123.260730536328637, 44.556749091058954 ], [ -123.260399913274568, 44.555776717572904 ], [ -123.26070627642892, 44.557275243820449 ], [ -123.260730536328637, 44.556749091058954 ] ], [ [ -123.259423737019219, 44.555060813797418 ], [ -123.257602624923905, 44.55448649300498 ], [ -123.259976510939083, 44.55538295864929 ], [ -123.259423737019219, 44.555060813797418 ] ], [ [ -123.256896343469279, 44.554261323388715 ], [ -123.255572144615485, 44.553871314455591 ], [ -123.257602624923905, 44.55448649300498 ], [ -123.256896343469279, 44.554261323388715 ] ], [ [ -123.254904334794219, 44.553649530816735 ], [ -123.254237989267409, 44.553438058550171 ], [ -123.255572144615485, 44.553871314455591 ], [ -123.254904334794219, 44.553649530816735 ] ], [ [ -123.96288198927364, 44.551475892655318 ], [ -124.026441837213682, 44.552169873496496 ], [ -124.053604121357921, 44.552455536648814 ], [ -123.96288198927364, 44.551475892655318 ] ], [ [ -123.316783545223018, 44.694289228764966 ], [ -123.316783545882259, 44.694289319698306 ], [ -123.33714520653885, 44.693953126918544 ], [ -123.316783545223018, 44.694289228764966 ] ], [ [ -123.316778984524817, 44.694289394459084 ], [ -123.316791822449943, 44.708631648256073 ], [ -123.316783545882259, 44.694289319698306 ], [ -123.316778984524817, 44.694289394459084 ] ], [ [ -123.33714520653885, 44.693953126918544 ], [ -123.357605492921451, 44.694113198243429 ], [ -123.357643811680916, 44.684002149105225 ], [ -123.357605321128318, 44.694113196275936 ], [ -123.33714520653885, 44.693953126918544 ] ], [ [ -123.357660466478052, 44.679626070508135 ], [ -123.357644290118984, 44.678438148406634 ], [ -123.357643811680916, 44.684002149105225 ], [ -123.357660466478052, 44.679626070508135 ] ], [ [ -123.357465835070414, 44.6651889563501 ], [ -123.357384040129844, 44.650988371060194 ], [ -123.357644290118984, 44.678438148406634 ], [ -123.357465835070414, 44.6651889563501 ] ], [ [ -123.28344644610732, 44.632988084946632 ], [ -123.283537318395233, 44.633052213042177 ], [ -123.283464628316025, 44.63299746081811 ], [ -123.28344644610732, 44.632988084946632 ] ], [ [ -123.283239372160438, 44.632894949298844 ], [ -123.283340660186653, 44.632933541124814 ], [ -123.283307328691379, 44.632916355379287 ], [ -123.283239372160438, 44.632894949298844 ] ], [ [ -123.283224603102411, 44.632889321846513 ], [ -123.283174837302269, 44.632874620598052 ], [ -123.283239372160438, 44.632894949298844 ], [ -123.283224603102411, 44.632889321846513 ] ], [ [ -123.283102098690946, 44.632853133109428 ], [ -123.283085468612413, 44.632849785527448 ], [ -123.283174837302269, 44.632874620598052 ], [ -123.283102098690946, 44.632853133109428 ] ], [ [ -123.283058125992, 44.632842186537914 ], [ -123.283014707526476, 44.632835537813683 ], [ -123.283085468612413, 44.632849785527448 ], [ -123.283058125992, 44.632842186537914 ] ], [ [ -123.282978704286137, 44.63282828878792 ], [ -123.282940394952874, 44.632824158129367 ], [ -123.283014707526476, 44.632835537813683 ], [ -123.282978704286137, 44.63282828878792 ] ], [ [ -123.282863479692594, 44.632815865350871 ], [ -123.282834306727395, 44.632815702490291 ], [ -123.282940394952874, 44.632824158129367 ], [ -123.282863479692594, 44.632815865350871 ] ], [ [ -123.282570156656462, 44.63282470317327 ], [ -123.282727520917618, 44.632815108002902 ], [ -123.282675665079822, 44.632814819728729 ], [ -123.282570156656462, 44.63282470317327 ] ], [ [ -123.271373338467612, 44.641056408426216 ], [ -123.271349044747467, 44.641010028485475 ], [ -123.271358503211275, 44.641080516548932 ], [ -123.271373338467612, 44.641056408426216 ] ], [ [ -123.271309339028306, 44.643635409251225 ], [ -123.270963911160052, 44.643726836572284 ], [ -123.271400263270138, 44.64363286022909 ], [ -123.271309339028306, 44.643635409251225 ] ], [ [ -123.254232335192683, 44.633332410340337 ], [ -123.254224547316397, 44.632375156615964 ], [ -123.254234334858253, 44.634498410529545 ], [ -123.254232335192683, 44.633332410340337 ] ], [ [ -124.054308188196657, 44.634446795870957 ], [ -124.054616998177622, 44.634728294247068 ], [ -124.051956889009659, 44.632303327584893 ], [ -124.054308188196657, 44.634446795870957 ] ], [ [ -124.044082167681651, 44.655769803384246 ], [ -124.043912348114958, 44.647175297613657 ], [ -124.043975639046295, 44.650378713738263 ], [ -124.044082167681651, 44.655769803384246 ] ], [ [ -124.001140448112579, 44.650668411352115 ], [ -124.009742350433044, 44.650611536752322 ], [ -124.043975639046295, 44.650378713738263 ], [ -124.001140448112579, 44.650668411352115 ] ], [ [ -123.899865134331748, 44.64915720562405 ], [ -123.899999170779324, 44.634358610601247 ], [ -123.900372858957695, 44.593060382460841 ], [ -123.899865134331748, 44.64915720562405 ] ], [ [ -123.817748457282022, 44.649060935702238 ], [ -123.823017862930612, 44.649068902636834 ], [ -123.899865134331748, 44.64915720562405 ], [ -123.817748457282022, 44.649060935702238 ] ], [ [ -123.602826054300749, 44.651317500013249 ], [ -123.602852473800212, 44.656087756940245 ], [ -123.602872391149987, 44.651317376907834 ], [ -123.602826054300749, 44.651317500013249 ] ], [ [ -123.35858830668947, 44.621626034989362 ], [ -123.353452091439209, 44.6215443965039 ], [ -123.373844288406403, 44.621162530813805 ], [ -123.35858830668947, 44.621626034989362 ] ], [ [ -123.373893543219921, 44.602534823355775 ], [ -123.373839638199726, 44.606718935174058 ], [ -123.373872860775393, 44.610359476515413 ], [ -123.373893543219921, 44.602534823355775 ] ], [ [ -123.373930494591676, 44.599577870921173 ], [ -123.373969318674071, 44.595933177765559 ], [ -123.373893543219921, 44.602534823355775 ], [ -123.373930494591676, 44.599577870921173 ] ], [ [ -123.373995704970056, 44.580102404626487 ], [ -123.373913945276442, 44.587418072342174 ], [ -123.373942490143605, 44.588611852780168 ], [ -123.373995704970056, 44.580102404626487 ] ], [ [ -123.307711593132609, 44.587965174315819 ], [ -123.307750349569261, 44.587964920106565 ], [ -123.307413232418583, 44.58796577076528 ], [ -123.307711593132609, 44.587965174315819 ] ], [ [ -123.26875879817355, 44.593758120038608 ], [ -123.268758793417135, 44.593758120038615 ], [ -123.270427762703775, 44.593761931377848 ], [ -123.26875879817355, 44.593758120038608 ] ], [ [ -123.26259172902887, 44.597235144020523 ], [ -123.262592368729116, 44.597233658813231 ], [ -123.262594647076469, 44.597227940952273 ], [ -123.26259172902887, 44.597235144020523 ] ], [ [ -123.804900860732218, 44.709850008500027 ], [ -123.846679881202192, 44.709750335441619 ], [ -123.883798186735788, 44.709648856272985 ], [ -123.804900860732218, 44.709850008500027 ] ], [ [ -123.846662816213467, 44.870639708577478 ], [ -123.846667493444926, 44.82663713387614 ], [ -123.846679881202192, 44.709750335441619 ], [ -123.846662816213467, 44.870639708577478 ] ], [ [ -124.053080177511248, 44.65726853263287 ], [ -124.053423693673267, 44.658365365624903 ], [ -124.053979925613163, 44.660141305919666 ], [ -124.053080177511248, 44.65726853263287 ] ], [ [ -123.725155678689575, 44.7650106617169 ], [ -123.725780591169155, 44.875067121203308 ], [ -123.726083453235702, 44.871670376899836 ], [ -123.725155678689575, 44.7650106617169 ] ], [ [ -123.724865287624823, 44.910828123147922 ], [ -123.725054439725454, 44.934005216535112 ], [ -123.72528249320402, 44.903874729395191 ], [ -123.724865287624823, 44.910828123147922 ] ], [ [ -123.704472091564341, 44.72115811692003 ], [ -123.704482420409377, 44.721080370345554 ], [ -123.687958037681057, 44.721099182591473 ], [ -123.704472091564341, 44.72115811692003 ] ], [ [ -123.291505753063888, 44.928408071942471 ], [ -123.291504480870316, 44.929565698548664 ], [ -123.291506594785744, 44.928408072885212 ], [ -123.291505753063888, 44.928408071942471 ] ], [ [ -123.152984061257015, 44.030106307888914 ], [ -123.152125262617545, 44.030107219641778 ], [ -123.152125562715185, 44.030107219845242 ], [ -123.152984061257015, 44.030106307888914 ] ], [ [ -123.151938086733125, 44.030655111735499 ], [ -123.152021078464259, 44.030654786424115 ], [ -123.151780118355987, 44.030655596380143 ], [ -123.151938086733125, 44.030655111735499 ] ], [ [ -123.151777230417323, 44.030344024477102 ], [ -123.151775034966121, 44.030106982177386 ], [ -123.151780118355987, 44.030655596380143 ], [ -123.151777230417323, 44.030344024477102 ] ], [ [ -123.15192312282025, 44.090459778655919 ], [ -123.151571534640766, 44.090458579915357 ], [ -123.152306050203819, 44.090461085382117 ], [ -123.15192312282025, 44.090459778655919 ] ], [ [ -123.153909190632561, 44.124283188506951 ], [ -123.151893454987047, 44.124285225270185 ], [ -123.15390643839784, 44.124283194227004 ], [ -123.153909190632561, 44.124283188506951 ] ], [ [ -123.13761188788007, 44.329672330177431 ], [ -123.133581746020795, 44.332402882651188 ], [ -123.1346417907275, 44.331833718797924 ], [ -123.13761188788007, 44.329672330177431 ] ], [ [ -123.132252571548221, 44.325361579518599 ], [ -123.139902784676906, 44.325782212130022 ], [ -123.135274389195004, 44.325397145423167 ], [ -123.132252571548221, 44.325361579518599 ] ], [ [ -123.184273632836437, 44.588083835342388 ], [ -123.18318971931609, 44.590006832308482 ], [ -123.183762385841447, 44.589024150714941 ], [ -123.184273632836437, 44.588083835342388 ] ], [ [ -123.191588238389812, 44.595885731578946 ], [ -123.194132555456036, 44.596245976931016 ], [ -123.192871521303289, 44.596016236485255 ], [ -123.191588238389812, 44.595885731578946 ] ], [ [ -123.196329249057612, 44.597222208220742 ], [ -123.195300115814916, 44.596653583800247 ], [ -123.194132555456036, 44.596245976931016 ], [ -123.196329249057612, 44.597222208220742 ] ], [ [ -123.197793736219481, 44.598762731712441 ], [ -123.19719734219224, 44.597919973018215 ], [ -123.196329249057612, 44.597222208220742 ], [ -123.197793736219481, 44.598762731712441 ] ], [ [ -123.198343957355817, 44.60058923096566 ], [ -123.198202528087961, 44.599659625661488 ], [ -123.197793736219481, 44.598762731712441 ], [ -123.198343957355817, 44.60058923096566 ] ], [ [ -123.198152304741583, 44.601994822293875 ], [ -123.198276391549413, 44.60152665609646 ], [ -123.198343957355817, 44.60058923096566 ], [ -123.198152304741583, 44.601994822293875 ] ], [ [ -123.197004624088649, 44.603700084095401 ], [ -123.197727834045338, 44.602899167969383 ], [ -123.198152304741583, 44.601994822293875 ], [ -123.197004624088649, 44.603700084095401 ] ], [ [ -123.195103912228831, 44.604953709446882 ], [ -123.195626007003455, 44.604698710322111 ], [ -123.197004624088649, 44.603700084095401 ], [ -123.195103912228831, 44.604953709446882 ] ], [ [ -123.192632275615978, 44.605953391358049 ], [ -123.189904223396795, 44.606811341868571 ], [ -123.191307682074523, 44.606465659596928 ], [ -123.192632275615978, 44.605953391358049 ] ], [ [ -123.186523260380937, 44.60759322697433 ], [ -123.187936183071713, 44.607326183940259 ], [ -123.189904223396795, 44.606811341868571 ], [ -123.186523260380937, 44.60759322697433 ] ], [ [ -123.183156643813746, 44.614178966331906 ], [ -123.18320723283847, 44.615762229028448 ], [ -123.183237027797759, 44.614709329668017 ], [ -123.183156643813746, 44.614178966331906 ] ], [ [ -123.182470567173624, 44.617810161217157 ], [ -123.182985181920756, 44.616812400417729 ], [ -123.18320723283847, 44.615762229028448 ], [ -123.182470567173624, 44.617810161217157 ] ], [ [ -123.181158304731284, 44.619050086497602 ], [ -123.182107582049269, 44.618267763254849 ], [ -123.182470567173624, 44.617810161217157 ], [ -123.181158304731284, 44.619050086497602 ] ], [ [ -123.178551005213563, 44.619918431866772 ], [ -123.179940543559582, 44.619595787479525 ], [ -123.181158304731284, 44.619050086497602 ], [ -123.178551005213563, 44.619918431866772 ] ], [ [ -123.176344490674424, 44.620108848440978 ], [ -123.177091731912853, 44.620063629187435 ], [ -123.178551005213563, 44.619918431866772 ], [ -123.176344490674424, 44.620108848440978 ] ], [ [ -123.135556412722266, 44.074681961146531 ], [ -123.13555606754565, 44.074681592003714 ], [ -123.135009031098022, 44.074634700737121 ], [ -123.135556412722266, 44.074681961146531 ] ], [ [ -123.135950725627538, 44.075950461471855 ], [ -123.135950381647874, 44.075950091401396 ], [ -123.135493609453547, 44.075947786954345 ], [ -123.135950725627538, 44.075950461471855 ] ], [ [ -123.134399968832994, 44.075464227691889 ], [ -123.135587040675887, 44.075462486981678 ], [ -123.135587106366046, 44.075462117176421 ], [ -123.134399968832994, 44.075464227691889 ] ], [ [ -123.135557877305459, 44.075178341721106 ], [ -123.135558234803753, 44.075321683598958 ], [ -123.135558577096546, 44.075321685450326 ], [ -123.135557877305459, 44.075178341721106 ] ], [ [ -123.134112151201947, 44.076191250119173 ], [ -123.134111805984872, 44.076190880072346 ], [ -123.13347908291955, 44.076121415095521 ], [ -123.134112151201947, 44.076191250119173 ] ], [ [ -123.136601443984844, 44.076548772214899 ], [ -123.13785115867914, 44.076549686320121 ], [ -123.13660144225689, 44.076548403095209 ], [ -123.136601443984844, 44.076548772214899 ] ], [ [ -123.136123428416326, 44.075906220474309 ], [ -123.136598523980382, 44.075906626165164 ], [ -123.13612346665596, 44.075905851314573 ], [ -123.136123428416326, 44.075906220474309 ] ], [ [ -123.136309674051176, 44.075398350843088 ], [ -123.136328492563862, 44.075398808376548 ], [ -123.136328490878327, 44.075398440156306 ], [ -123.136309674051176, 44.075398350843088 ] ], [ [ -123.138018028374191, 44.07605583592801 ], [ -123.138017683258767, 44.076055689187463 ], [ -123.138018580842541, 44.07665481116905 ], [ -123.138018028374191, 44.07605583592801 ] ], [ [ -123.139212750488809, 44.077264307403183 ], [ -123.139210056599751, 44.076962083995625 ], [ -123.138022204873593, 44.077264516137618 ], [ -123.139212750488809, 44.077264307403183 ] ], [ [ -123.137964589611315, 44.076899769938819 ], [ -123.138502150736485, 44.076899507198348 ], [ -123.137852797702692, 44.076892462842572 ], [ -123.137964589611315, 44.076899769938819 ] ], [ [ -123.133070966283384, 44.07689083273047 ], [ -123.133070621109511, 44.076890463579879 ], [ -123.132602950461958, 44.076890242826913 ], [ -123.133070966283384, 44.07689083273047 ] ], [ [ -123.135493234996417, 44.077390201985551 ], [ -123.135492193380841, 44.077000580547207 ], [ -123.134889173583502, 44.077389375214764 ], [ -123.135493234996417, 44.077390201985551 ] ], [ [ -123.138949230544512, 44.078694168497385 ], [ -123.140012679326276, 44.078700168185641 ], [ -123.140012681401146, 44.078699800776526 ], [ -123.138949230544512, 44.078694168497385 ] ], [ [ -123.13796578513211, 44.078198291345203 ], [ -123.138945137560086, 44.078204754039454 ], [ -123.138597166420823, 44.078201902288782 ], [ -123.13796578513211, 44.078198291345203 ] ], [ [ -123.139546175482593, 44.077948977118773 ], [ -123.139545376473279, 44.077774625047873 ], [ -123.139541004390679, 44.078125012227012 ], [ -123.139546175482593, 44.077948977118773 ] ], [ [ -123.141161758407065, 44.078197857956276 ], [ -123.141161169324647, 44.0781837987006 ], [ -123.141161804629604, 44.078542675001259 ], [ -123.141161758407065, 44.078197857956276 ] ], [ [ -123.142564110101304, 44.078933907353651 ], [ -123.142558728845671, 44.079811581417552 ], [ -123.142559074867378, 44.079811582259886 ], [ -123.142564110101304, 44.078933907353651 ] ], [ [ -123.1405634607016, 44.079229775397394 ], [ -123.1405564577246, 44.079806940209366 ], [ -123.140563804689123, 44.079230144554487 ], [ -123.141165851849763, 44.079231298411756 ], [ -123.1405634607016, 44.079229775397394 ] ], [ [ -123.135625368493166, 44.079388703334288 ], [ -123.135625023288256, 44.079388334191428 ], [ -123.135054625186811, 44.079387681100165 ], [ -123.135625368493166, 44.079388703334288 ] ], [ [ -123.134292759931967, 44.079757326354979 ], [ -123.134292415981037, 44.07975695717861 ], [ -123.133800150593402, 44.07975876790762 ], [ -123.134292759931967, 44.079757326354979 ] ], [ [ -123.13466291848772, 44.080299238189923 ], [ -123.134662573283549, 44.080298869044029 ], [ -123.134325341507434, 44.080298596423937 ], [ -123.13466291848772, 44.080299238189923 ] ], [ [ -123.13724022381686, 44.080956529984867 ], [ -123.137241086248679, 44.080596516763784 ], [ -123.137849673412532, 44.080598039039259 ], [ -123.137849678346328, 44.080515584609707 ], [ -123.137240741026389, 44.080596147625833 ], [ -123.137239879840152, 44.080956160817522 ], [ -123.135867860834111, 44.080954785520468 ], [ -123.13724022381686, 44.080956529984867 ] ], [ [ -123.137241321915013, 44.0805141460621 ], [ -123.137242724795755, 44.080299160673285 ], [ -123.1372409746822, 44.080514146132188 ], [ -123.137241321915013, 44.0805141460621 ] ], [ [ -123.132852704725806, 44.081590949737937 ], [ -123.132858098903043, 44.080863334507519 ], [ -123.13308637273532, 44.080296860929188 ], [ -123.132852704725806, 44.081590949737937 ] ], [ [ -123.132524769885066, 44.081153929403683 ], [ -123.132813429242219, 44.081153486986544 ], [ -123.132524770637559, 44.081153559325614 ], [ -123.132524769885066, 44.081153929403683 ] ], [ [ -123.136774766085537, 44.083665420106612 ], [ -123.136497567642692, 44.083663367070415 ], [ -123.13649756679321, 44.083663734450369 ], [ -123.136774766085537, 44.083665420106612 ] ], [ [ -123.133402539859816, 44.08382964475355 ], [ -123.133402195849797, 44.083829274674862 ], [ -123.132479716907, 44.083820971280645 ], [ -123.133402539859816, 44.08382964475355 ] ], [ [ -123.137075277942145, 44.085362266340638 ], [ -123.137076459077747, 44.085079801614349 ], [ -123.136489252794789, 44.085358497046755 ], [ -123.137075277942145, 44.085362266340638 ] ], [ [ -123.133550646726476, 44.084673331693786 ], [ -123.133545081216454, 44.085331618769622 ], [ -123.133548214994406, 44.085120433979746 ], [ -123.133550646726476, 44.084673331693786 ] ], [ [ -123.133542843652776, 44.085614249258263 ], [ -123.134178876164356, 44.085336622307338 ], [ -123.133538376881631, 44.086184749450815 ], [ -123.133542843652776, 44.085614249258263 ] ], [ [ -123.134333163232256, 44.087919859027402 ], [ -123.134346833663386, 44.086192508767738 ], [ -123.133578726964117, 44.087913508948667 ], [ -123.134333163232256, 44.087919859027402 ] ], [ [ -123.132840514621904, 44.086482905568147 ], [ -123.133592974398624, 44.086487898420543 ], [ -123.133592977762135, 44.086487530981799 ], [ -123.132840514621904, 44.086482905568147 ] ], [ [ -123.132508458775547, 44.086179082250766 ], [ -123.132840994282489, 44.086180443911999 ], [ -123.132840996362276, 44.086180075603195 ], [ -123.132508458775547, 44.086179082250766 ] ], [ [ -123.132489268609206, 44.084878877049078 ], [ -123.13339534817996, 44.084885663671564 ], [ -123.13248926449279, 44.084878509786321 ], [ -123.132489268609206, 44.084878877049078 ] ], [ [ -123.136657527821683, 44.087368389441032 ], [ -123.136657182563013, 44.087368020300872 ], [ -123.136596225219321, 44.087936193353663 ], [ -123.136657527821683, 44.087368389441032 ] ], [ [ -123.135231084405149, 44.088739952689956 ], [ -123.134565377899193, 44.088735083267146 ], [ -123.134572208817218, 44.088735500709653 ], [ -123.135231084405149, 44.088739952689956 ] ], [ [ -123.135234185025311, 44.088387434708473 ], [ -123.13523383762346, 44.088387432074015 ], [ -123.135231084405149, 44.088739952689956 ], [ -123.135234185025311, 44.088387434708473 ] ], [ [ -123.136369483880088, 44.088714795608674 ], [ -123.136369139822392, 44.088714425538789 ], [ -123.136125359306746, 44.088712623800255 ], [ -123.136369483880088, 44.088714795608674 ] ], [ [ -123.138229256924816, 44.089167854749171 ], [ -123.138228797739941, 44.089373625280949 ], [ -123.138229603096875, 44.089168023075757 ], [ -123.138229256924816, 44.089167854749171 ] ], [ [ -123.13614399265505, 44.089677817903848 ], [ -123.136143332239996, 44.089761271939913 ], [ -123.136144340064618, 44.089677820535464 ], [ -123.13614399265505, 44.089677817903848 ] ], [ [ -123.135473554507939, 44.090279012033761 ], [ -123.135417128725848, 44.09023761189907 ], [ -123.135418417396764, 44.090238675567647 ], [ -123.135473554507939, 44.090279012033761 ] ], [ [ -123.136554235000105, 44.092017066344106 ], [ -123.136280454293811, 44.092015717462019 ], [ -123.136280452194896, 44.092016084871794 ], [ -123.136554235000105, 44.092017066344106 ] ], [ [ -123.136799862918878, 44.091667099765218 ], [ -123.136799177825637, 44.091866506181695 ], [ -123.136800209051671, 44.091667101524749 ], [ -123.136799862918878, 44.091667099765218 ] ], [ [ -123.136796703363515, 44.09239361505643 ], [ -123.136553336781134, 44.092392715342882 ], [ -123.136563836906902, 44.092393122877588 ], [ -123.136796703363515, 44.09239361505643 ] ], [ [ -123.134420197389488, 44.092024543913553 ], [ -123.134206504610873, 44.092023947261524 ], [ -123.134206503787539, 44.092024315541366 ], [ -123.134420197389488, 44.092024543913553 ] ], [ [ -123.134466768654391, 44.091656382442039 ], [ -123.134465641124933, 44.092026517072533 ], [ -123.134467113983277, 44.091657028908607 ], [ -123.134466768654391, 44.091656382442039 ] ], [ [ -123.134464459222599, 44.092413806379504 ], [ -123.134419077068799, 44.092413697378348 ], [ -123.134419074998846, 44.092414065687557 ], [ -123.134464459222599, 44.092413806379504 ] ], [ [ -123.133853826863557, 44.09201468955051 ], [ -123.133852617878532, 44.092384545995316 ], [ -123.133854172998326, 44.092014691319136 ], [ -123.133853826863557, 44.09201468955051 ] ], [ [ -123.133852481638257, 44.092412401933352 ], [ -123.133165824737674, 44.092410696100046 ], [ -123.133852617878532, 44.092384545995316 ], [ -123.133852481638257, 44.092412401933352 ] ], [ [ -123.126194261265795, 44.06869988981876 ], [ -123.125364658351117, 44.068698537216115 ], [ -123.126203226136312, 44.068700272988856 ], [ -123.126194261265795, 44.06869988981876 ] ], [ [ -123.127491491264408, 44.069630627686685 ], [ -123.126941593085661, 44.069630485632537 ], [ -123.127663417612169, 44.06963104087135 ], [ -123.127491491264408, 44.069630627686685 ] ], [ [ -123.126782019755112, 44.069654787198594 ], [ -123.126781675911403, 44.069654417999786 ], [ -123.12607797580965, 44.069910037793754 ], [ -123.126782019755112, 44.069654787198594 ] ], [ [ -123.126780981421049, 44.070087904742287 ], [ -123.12607746372089, 44.070088252482336 ], [ -123.126781672794024, 44.069909974819886 ], [ -123.126780981421049, 44.070087904742287 ] ], [ [ -123.125727683017203, 44.069935996046873 ], [ -123.124898976742244, 44.069936581407532 ], [ -123.126077496416968, 44.070018837323083 ], [ -123.125727683017203, 44.069935996046873 ] ], [ [ -123.125644559946323, 44.069751091815263 ], [ -123.12488689454679, 44.069747094679499 ], [ -123.124886877406851, 44.069747462438599 ], [ -123.125644559946323, 44.069751091815263 ] ], [ [ -123.128744771127202, 44.070289479205627 ], [ -123.128088533426236, 44.070289548416099 ], [ -123.128745385979897, 44.070289848341694 ], [ -123.128744771127202, 44.070289479205627 ] ], [ [ -123.129364613198831, 44.070920463443876 ], [ -123.12907978136532, 44.070920406761871 ], [ -123.129365841255648, 44.070662803071798 ], [ -123.129364613198831, 44.070920463443876 ] ], [ [ -123.129229300855826, 44.072176705610353 ], [ -123.128583858789526, 44.072183842188309 ], [ -123.129225996886333, 44.071945612174375 ], [ -123.129229300855826, 44.072176705610353 ] ], [ [ -123.131736435391716, 44.072367738090477 ], [ -123.131736887578128, 44.072368016491879 ], [ -123.131892059964315, 44.072236057347169 ], [ -123.131736435391716, 44.072367738090477 ] ], [ [ -123.133119889051301, 44.073218676126245 ], [ -123.133262967685212, 44.073098426156506 ], [ -123.133262519106466, 44.073098144974907 ], [ -123.133119889051301, 44.073218676126245 ] ], [ [ -123.133198202836013, 44.074138351578348 ], [ -123.133189334597418, 44.073261639151596 ], [ -123.133188991572339, 44.073261427519718 ], [ -123.133198202836013, 44.074138351578348 ] ], [ [ -123.134463304988699, 44.074232465867773 ], [ -123.133193279194458, 44.07425043436065 ], [ -123.13504955512596, 44.074224541749807 ], [ -123.134463304988699, 44.074232465867773 ] ], [ [ -123.133196813102202, 44.07416782428372 ], [ -123.133041212223262, 44.07416710218456 ], [ -123.133041213887992, 44.074167470404767 ], [ -123.133196813102202, 44.07416782428372 ] ], [ [ -123.130097855394638, 44.071504292184414 ], [ -123.130013594606964, 44.071503780043074 ], [ -123.133037465013174, 44.073311919293012 ], [ -123.130097855394638, 44.071504292184414 ] ], [ [ -123.129817210517245, 44.074218559098149 ], [ -123.129547798838331, 44.074224194541252 ], [ -123.129825899663416, 44.07372557797445 ], [ -123.129817210517245, 44.074218559098149 ] ], [ [ -123.12836614103351, 44.074221775031049 ], [ -123.127733479426141, 44.074232822832187 ], [ -123.128377624435373, 44.073756087930256 ], [ -123.12836614103351, 44.074221775031049 ] ], [ [ -123.129745981501173, 44.075050747680841 ], [ -123.129745637606874, 44.075050378490801 ], [ -123.129316317433975, 44.075044553082137 ], [ -123.129745981501173, 44.075050747680841 ] ], [ [ -123.128264974432298, 44.075579811363994 ], [ -123.127695121080279, 44.075583361445034 ], [ -123.128256583708037, 44.074884156894043 ], [ -123.128264974432298, 44.075579811363994 ] ], [ [ -123.129107060671529, 44.076647234918092 ], [ -123.128535681079427, 44.076650715000696 ], [ -123.129094212699115, 44.076181573722479 ], [ -123.129107060671529, 44.076647234918092 ] ], [ [ -123.126230455172063, 44.076672508979726 ], [ -123.125819858242991, 44.076673298122223 ], [ -123.126215414345666, 44.076170182502267 ], [ -123.126230455172063, 44.076672508979726 ] ], [ [ -123.130063375252263, 44.076641418974759 ], [ -123.129774365332864, 44.076643248760533 ], [ -123.130066694631367, 44.076377560446403 ], [ -123.130063375252263, 44.076641418974759 ] ], [ [ -123.129060945390563, 44.077405293563899 ], [ -123.129060601446142, 44.07740492347223 ], [ -123.128186570802598, 44.077410179637376 ], [ -123.129060945390563, 44.077405293563899 ] ], [ [ -123.127302488084169, 44.07741359923137 ], [ -123.127302144150846, 44.077413229134301 ], [ -123.126994957416372, 44.07741421559308 ], [ -123.127302488084169, 44.07741359923137 ] ], [ [ -123.126992455800575, 44.077125283991833 ], [ -123.126631341692956, 44.077127221588611 ], [ -123.126631343479531, 44.0771275934068 ], [ -123.126992455800575, 44.077125283991833 ] ], [ [ -123.120513202342707, 44.079668136889829 ], [ -123.120510867623054, 44.079539817200256 ], [ -123.120511866634544, 44.079728813615304 ], [ -123.120513202342707, 44.079668136889829 ] ], [ [ -123.120286038168729, 44.079931156663982 ], [ -123.120511846900172, 44.079929003150291 ], [ -123.120057373101787, 44.079931732416576 ], [ -123.120286038168729, 44.079931156663982 ] ], [ [ -123.120428755907128, 44.08039752564278 ], [ -123.120428510524633, 44.080067701153311 ], [ -123.120225145967737, 44.080397074485283 ], [ -123.120428755907128, 44.08039752564278 ] ], [ [ -123.120311048100533, 44.068294116756739 ], [ -123.120770919865762, 44.068294447207151 ], [ -123.120311048970905, 44.068293747578871 ], [ -123.120311048100533, 44.068294116756739 ] ], [ [ -123.122316715134815, 44.082445313904735 ], [ -123.122216669969177, 44.082217228461651 ], [ -123.121952157911451, 44.082446959683445 ], [ -123.122316715134815, 44.082445313904735 ] ], [ [ -123.12238337603722, 44.069789925859133 ], [ -123.122383032220625, 44.069789556646803 ], [ -123.121479248425487, 44.069785823779952 ], [ -123.12238337603722, 44.069789925859133 ] ], [ [ -123.122822421664594, 44.085359507110454 ], [ -123.122814728077799, 44.085009254651645 ], [ -123.122441885270717, 44.085363248744059 ], [ -123.122822421664594, 44.085359507110454 ] ], [ [ -123.122739543208965, 44.076680326889857 ], [ -123.122739198101783, 44.076679957707434 ], [ -123.12225124079427, 44.076680880035816 ], [ -123.122739543208965, 44.076680326889857 ] ], [ [ -123.123381042932508, 44.082813212673592 ], [ -123.123380697784881, 44.082812843492825 ], [ -123.122868658175435, 44.082816715405819 ], [ -123.123381042932508, 44.082813212673592 ] ], [ [ -123.126103869370695, 44.084541823418704 ], [ -123.126437263853731, 44.084539418297581 ], [ -123.123641328128912, 44.084551646482396 ], [ -123.126103869370695, 44.084541823418704 ] ], [ [ -123.122971893598944, 44.085621499032037 ], [ -123.123648830267967, 44.0856142559552 ], [ -123.122971736941665, 44.085621127237793 ], [ -123.122971893598944, 44.085621499032037 ] ], [ [ -123.124169599622817, 44.086851845827049 ], [ -123.126587624787945, 44.084986020358876 ], [ -123.127097846628317, 44.084981625279639 ], [ -123.12709805406719, 44.084400045766898 ], [ -123.124169599622817, 44.086851845827049 ] ], [ [ -123.126431693190099, 44.084402295449678 ], [ -123.126432056614519, 44.08393463504045 ], [ -123.126431348510863, 44.084402297226625 ], [ -123.126431693190099, 44.084402295449678 ] ], [ [ -123.123959297382498, 44.091598237302172 ], [ -123.123958460262827, 44.091596572277233 ], [ -123.123981693018806, 44.091657676060557 ], [ -123.123959297382498, 44.091598237302172 ] ], [ [ -123.124134792112244, 44.092062220025966 ], [ -123.124075523997917, 44.091904446214279 ], [ -123.123717452627858, 44.092060944565077 ], [ -123.124134792112244, 44.092062220025966 ] ], [ [ -123.123522815281007, 44.068663648266835 ], [ -123.123522470216386, 44.068663279087289 ], [ -123.12317630670627, 44.068661606218257 ], [ -123.123522815281007, 44.068663648266835 ] ], [ [ -123.124019856391072, 44.075552344239767 ], [ -123.124302497562297, 44.074957989930567 ], [ -123.123753526716811, 44.075556970510036 ], [ -123.124019856391072, 44.075552344239767 ] ], [ [ -123.124663742592332, 44.07083749130144 ], [ -123.124664201293911, 44.070645473232574 ], [ -123.123573977284181, 44.070837774126765 ], [ -123.124663742592332, 44.07083749130144 ] ], [ [ -123.125192238013653, 44.080224550899047 ], [ -123.125171519088468, 44.080224747353512 ], [ -123.125245254458122, 44.080224352167207 ], [ -123.125192238013653, 44.080224550899047 ] ], [ [ -123.127175525020192, 44.079819499817035 ], [ -123.127472315766468, 44.079820256182316 ], [ -123.127525293698639, 44.079819781682239 ], [ -123.127175525020192, 44.079819499817035 ] ], [ [ -123.126428992214286, 44.080733248545513 ], [ -123.126290503533113, 44.08073349039973 ], [ -123.126428999761558, 44.080733858831664 ], [ -123.126428992214286, 44.080733248545513 ] ], [ [ -123.124992247147873, 44.083945157645736 ], [ -123.124992620477812, 44.083519900179979 ], [ -123.124288549685531, 44.083949709159981 ], [ -123.124992247147873, 44.083945157645736 ] ], [ [ -123.129932521375849, 44.085099253917825 ], [ -123.129932177421026, 44.08509888472777 ], [ -123.128096405206406, 44.085093523636843 ], [ -123.129932521375849, 44.085099253917825 ] ], [ [ -123.129348110183358, 44.084070939855806 ], [ -123.129347764990484, 44.084070570693349 ], [ -123.129351140791485, 44.084445215609762 ], [ -123.129348110183358, 44.084070939855806 ] ], [ [ -123.129336603553838, 44.08382358835609 ], [ -123.129336258362557, 44.083823219193611 ], [ -123.129363234352226, 44.083855550296974 ], [ -123.129336603553838, 44.08382358835609 ] ], [ [ -123.129334752279433, 44.083421657413354 ], [ -123.129334408297709, 44.083421287322153 ], [ -123.128992069094508, 44.083877873912328 ], [ -123.129334752279433, 44.083421657413354 ] ], [ [ -123.12889317813223, 44.081695407932102 ], [ -123.128907110089557, 44.082769030090404 ], [ -123.128907449727308, 44.08276902752349 ], [ -123.12889317813223, 44.081695407932102 ] ], [ [ -123.12699310035336, 44.083367779908848 ], [ -123.126992756427413, 44.083367410709904 ], [ -123.124819937866107, 44.083384409064614 ], [ -123.12699310035336, 44.083367779908848 ] ], [ [ -123.12728972509926, 44.083434250477382 ], [ -123.127700956810912, 44.083432267171226 ], [ -123.127289713366551, 44.083433879792345 ], [ -123.12728972509926, 44.083434250477382 ] ], [ [ -123.127715970556764, 44.085009608151026 ], [ -123.128094948179879, 44.085011306355277 ], [ -123.127715967718217, 44.085009240858874 ], [ -123.127715970556764, 44.085009608151026 ] ], [ [ -123.126148381181167, 44.088812492681605 ], [ -123.126148726422471, 44.088812862753642 ], [ -123.126148913675479, 44.088613991241871 ], [ -123.126148568809057, 44.088613989420253 ], [ -123.126148381181167, 44.088812492681605 ] ], [ [ -123.125271771983165, 44.07667491992671 ], [ -123.125256381512955, 44.076175292064022 ], [ -123.124997989342617, 44.076675025469747 ], [ -123.125271771983165, 44.07667491992671 ] ], [ [ -123.126710924309393, 44.08232566368455 ], [ -123.126087079271358, 44.082331057790029 ], [ -123.126707922757745, 44.082015492645262 ], [ -123.126710924309393, 44.08232566368455 ] ], [ [ -123.12627438901886, 44.082015982951219 ], [ -123.126274733013716, 44.082016243203363 ], [ -123.126271660431144, 44.081727842570452 ], [ -123.12627438901886, 44.082015982951219 ] ], [ [ -123.126086559160285, 44.082304187092269 ], [ -123.125361286568108, 44.082310913618485 ], [ -123.125361290882793, 44.082311286277942 ], [ -123.126086559160285, 44.082304187092269 ] ], [ [ -123.125493445581398, 44.069192412005954 ], [ -123.12549310046056, 44.069192041933029 ], [ -123.124902522883261, 44.069189228390535 ], [ -123.125493445581398, 44.069192412005954 ] ], [ [ -123.12593059245107, 44.077341203949118 ], [ -123.125937642351204, 44.076792611857485 ], [ -123.125526092446577, 44.077339978891445 ], [ -123.12593059245107, 44.077341203949118 ] ], [ [ -123.125499789071284, 44.071047689260858 ], [ -123.12549944518689, 44.071047319158595 ], [ -123.125249100489256, 44.0710474411325 ], [ -123.125499789071284, 44.071047689260858 ] ], [ [ -123.126819104047485, 44.088016726923136 ], [ -123.126815840809073, 44.088403421541848 ], [ -123.126816079705904, 44.088403594218484 ], [ -123.126819104047485, 44.088016726923136 ] ], [ [ -123.127621586682707, 44.090217007936012 ], [ -123.127621931901103, 44.090217377104139 ], [ -123.127622380958201, 44.089880814395805 ], [ -123.127621586682707, 44.090217007936012 ] ], [ [ -123.127190367360996, 44.088940273263447 ], [ -123.127190371200427, 44.088962971991073 ], [ -123.127190564814185, 44.088940274936647 ], [ -123.127190367360996, 44.088940273263447 ] ], [ [ -123.127464672791959, 44.080230870176905 ], [ -123.127951742437048, 44.080231269335911 ], [ -123.127951742382692, 44.08023112977699 ], [ -123.127464672791959, 44.080230870176905 ] ], [ [ -123.128145231846631, 44.08842275069366 ], [ -123.128145575809725, 44.088423119889313 ], [ -123.128144482038238, 44.088060227274092 ], [ -123.128145231846631, 44.08842275069366 ] ], [ [ -123.128511068724805, 44.091492191536211 ], [ -123.129596304643684, 44.091499852671554 ], [ -123.128511072161331, 44.09149182499678 ], [ -123.128511068724805, 44.091492191536211 ] ], [ [ -123.12988111401468, 44.091502325778436 ], [ -123.129882901851161, 44.091255436296933 ], [ -123.129596304643684, 44.091499852671554 ], [ -123.12988111401468, 44.091502325778436 ] ], [ [ -123.129081104234672, 44.086517021843804 ], [ -123.129080759029051, 44.086516652680366 ], [ -123.128736831731175, 44.086514339660006 ], [ -123.129081104234672, 44.086517021843804 ] ], [ [ -123.129855028796555, 44.083902870977184 ], [ -123.129529612413762, 44.083788362703892 ], [ -123.130000809180842, 44.083999160999802 ], [ -123.129855028796555, 44.083902870977184 ] ], [ [ -123.130101531922875, 44.085033865747405 ], [ -123.130838128959638, 44.085037115978906 ], [ -123.130101526532926, 44.08503349761444 ], [ -123.130101531922875, 44.085033865747405 ] ], [ [ -123.131386913798224, 44.085149000625421 ], [ -123.131386568586066, 44.085148631469174 ], [ -123.130839307158084, 44.085146716228273 ], [ -123.131386913798224, 44.085149000625421 ] ], [ [ -123.130464752266775, 44.083423121171542 ], [ -123.13046921819948, 44.084160681479396 ], [ -123.130469560544086, 44.084160683346376 ], [ -123.130464752266775, 44.083423121171542 ] ], [ [ -123.130454263969284, 44.0885709892395 ], [ -123.130454609195823, 44.088571358398831 ], [ -123.130458302907286, 44.088036459519515 ], [ -123.130454263969284, 44.0885709892395 ] ], [ [ -123.130493341915241, 44.079633721142734 ], [ -123.130491033626967, 44.080488171975361 ], [ -123.130493850841162, 44.079720149274806 ], [ -123.130493341915241, 44.079633721142734 ] ], [ [ -123.130643461410997, 44.079513284370869 ], [ -123.130781780773901, 44.079513749651738 ], [ -123.130781752880992, 44.079513381146988 ], [ -123.130643461410997, 44.079513284370869 ] ], [ [ -123.13092684420279, 44.079523818412568 ], [ -123.130782886988527, 44.079524437409795 ], [ -123.130926282450176, 44.079332863493455 ], [ -123.13092684420279, 44.079523818412568 ] ], [ [ -123.130492500884202, 44.079015450741267 ], [ -123.130492157281552, 44.079015448004263 ], [ -123.130492761324277, 44.079332100740956 ], [ -123.130492500884202, 44.079015450741267 ] ], [ [ -123.130764294226154, 44.081591512129009 ], [ -123.129697808330292, 44.081595987886551 ], [ -123.13076522867766, 44.08106768577769 ], [ -123.130764294226154, 44.081591512129009 ] ], [ [ -123.130573876958266, 44.092402080636681 ], [ -123.131092404374897, 44.092403316553089 ], [ -123.130573877804551, 44.092401712356867 ], [ -123.130573876958266, 44.092402080636681 ] ], [ [ -123.130333373086842, 44.092011814365094 ], [ -123.130574843909713, 44.092012088648993 ], [ -123.13033337518263, 44.092011446056013 ], [ -123.130333373086842, 44.092011814365094 ] ], [ [ -123.131284554774012, 44.088522612893648 ], [ -123.131285077225058, 44.088410168819003 ], [ -123.13071370396743, 44.088517934999075 ], [ -123.131284554774012, 44.088522612893648 ] ], [ [ -123.131288270042148, 44.088042553407725 ], [ -123.1312879226425, 44.088042550761088 ], [ -123.131285077225058, 44.088410168819003 ], [ -123.131288270042148, 44.088042553407725 ] ], [ [ -123.13213003166166, 44.092379180979904 ], [ -123.132130375673427, 44.092379550163578 ], [ -123.132131039026788, 44.092017083719703 ], [ -123.13213003166166, 44.092379180979904 ] ], [ [ -123.131870054720366, 44.085657987818429 ], [ -123.131869709502126, 44.085657618663603 ], [ -123.131394316367732, 44.085657370920551 ], [ -123.131870054720366, 44.085657987818429 ] ], [ [ -123.131908294061432, 44.08792093962532 ], [ -123.131907950077363, 44.087920570441213 ], [ -123.131587112457765, 44.087919598234606 ], [ -123.131908294061432, 44.08792093962532 ] ], [ [ -123.131855795432074, 44.08655413051244 ], [ -123.131855451415802, 44.086553760428821 ], [ -123.131588613169512, 44.086551487599294 ], [ -123.131855795432074, 44.08655413051244 ] ], [ [ -123.131953874426401, 44.08624717137976 ], [ -123.131951677167095, 44.086569932066503 ], [ -123.131952022815298, 44.086570172455275 ], [ -123.131953874426401, 44.08624717137976 ] ], [ [ -123.13244567066117, 44.086821749272112 ], [ -123.132445326639555, 44.086821379190248 ], [ -123.131900483270883, 44.086676634272656 ], [ -123.13244567066117, 44.086821749272112 ] ], [ [ -123.132873595899468, 44.088476580497868 ], [ -123.132873939892932, 44.08847694967907 ], [ -123.132876653810129, 44.088054197164496 ], [ -123.132873595899468, 44.088476580497868 ] ], [ [ -123.132842815045777, 44.087114053654304 ], [ -123.132833253975392, 44.087615436994206 ], [ -123.13283360544159, 44.087615446743627 ], [ -123.132842815045777, 44.087114053654304 ] ], [ [ -123.13283893858403, 44.087923687451486 ], [ -123.132838593305578, 44.08792331740009 ], [ -123.1325150635829, 44.087921656577244 ], [ -123.13283893858403, 44.087923687451486 ] ], [ [ -123.132910952350514, 44.083189488626324 ], [ -123.132910608347402, 44.083189118546123 ], [ -123.132471572036067, 44.083187443421487 ], [ -123.132910952350514, 44.083189488626324 ] ], [ [ -123.137860465146943, 44.089372544732697 ], [ -123.13786046185092, 44.089372913071209 ], [ -123.138229143061267, 44.089373995315775 ], [ -123.137860465146943, 44.089372544732697 ] ], [ [ -123.146869630086996, 44.713593041644181 ], [ -123.147543986563136, 44.716038071924494 ], [ -123.147311870551945, 44.714798606968174 ], [ -123.146869630086996, 44.713593041644181 ] ], [ [ -123.146354475994059, 44.712391751160752 ], [ -123.145981740193449, 44.71181853937734 ], [ -123.146869630086996, 44.713593041644181 ], [ -123.146354475994059, 44.712391751160752 ] ], [ [ -123.145194853753139, 44.710691690826827 ], [ -123.144794293510643, 44.710140652001819 ], [ -123.145981740193449, 44.71181853937734 ], [ -123.145194853753139, 44.710691690826827 ] ], [ [ -123.144348632892587, 44.709613050487398 ], [ -123.14337886601507, 44.708567134664008 ], [ -123.144794293510643, 44.710140652001819 ], [ -123.144348632892587, 44.709613050487398 ] ], [ [ -123.142350461690143, 44.707500624358758 ], [ -123.141812770957074, 44.706979363320208 ], [ -123.14337886601507, 44.708567134664008 ], [ -123.142350461690143, 44.707500624358758 ] ], [ [ -123.141281536199187, 44.706472786595874 ], [ -123.140162337474209, 44.705480760927252 ], [ -123.141812770957074, 44.706979363320208 ], [ -123.141281536199187, 44.706472786595874 ] ], [ [ -123.136295082515147, 44.702042121077831 ], [ -123.139062280707876, 44.70448570646716 ], [ -123.137441343002322, 44.702997787722246 ], [ -123.136295082515147, 44.702042121077831 ] ], [ [ -123.135032396121318, 44.701148245975091 ], [ -123.134366625465205, 44.700726504086283 ], [ -123.136295082515147, 44.702042121077831 ], [ -123.135032396121318, 44.701148245975091 ] ], [ [ -123.133702829677674, 44.700305657117184 ], [ -123.132340265180702, 44.699497954768596 ], [ -123.134366625465205, 44.700726504086283 ], [ -123.133702829677674, 44.700305657117184 ] ], [ [ -123.124274187397518, 44.69382373700028 ], [ -123.125182263739617, 44.694880067421522 ], [ -123.124742541121918, 44.694349512361825 ], [ -123.124274187397518, 44.69382373700028 ] ], [ [ -123.123783717656977, 44.693319056002416 ], [ -123.123171417539098, 44.692884778553953 ], [ -123.124274187397518, 44.69382373700028 ], [ -123.123783717656977, 44.693319056002416 ] ], [ [ -123.119344251341857, 44.682543601088383 ], [ -123.119619306122914, 44.683812903901845 ], [ -123.119532106727178, 44.683164137696913 ], [ -123.119344251341857, 44.682543601088383 ] ], [ [ -123.117889392504367, 44.679563650518688 ], [ -123.118491407003205, 44.680749062048747 ], [ -123.118195215533234, 44.680156588290593 ], [ -123.117889392504367, 44.679563650518688 ] ], [ [ -123.117320071993348, 44.678377651442979 ], [ -123.11702193681279, 44.677784190902727 ], [ -123.117889392504367, 44.679563650518688 ], [ -123.117320071993348, 44.678377651442979 ] ], [ [ -123.116689824895744, 44.677204723395562 ], [ -123.11626518707574, 44.676662814354422 ], [ -123.11702193681279, 44.677784190902727 ], [ -123.116689824895744, 44.677204723395562 ] ], [ [ -123.115690381577821, 44.676201991102339 ], [ -123.115015437994913, 44.67582281085371 ], [ -123.11626518707574, 44.676662814354422 ], [ -123.115690381577821, 44.676201991102339 ] ], [ [ -123.114283403534088, 44.675499148719396 ], [ -123.114009538629858, 44.675393501497659 ], [ -123.115015437994913, 44.67582281085371 ], [ -123.114283403534088, 44.675499148719396 ] ], [ [ -123.113539580603103, 44.675212204914374 ], [ -123.112734843054156, 44.675023747231073 ], [ -123.114009538629858, 44.675393501497659 ], [ -123.113539580603103, 44.675212204914374 ] ], [ [ -123.111909530598297, 44.674890391494877 ], [ -123.111097566532649, 44.674810861212862 ], [ -123.112734843054156, 44.675023747231073 ], [ -123.111909530598297, 44.674890391494877 ] ], [ [ -123.110221184354728, 44.674767157985769 ], [ -123.109364504308147, 44.674747802049012 ], [ -123.111097566532649, 44.674810861212862 ], [ -123.110221184354728, 44.674767157985769 ] ], [ [ -123.107679567735985, 44.674699668405616 ], [ -123.106871233342659, 44.674728665699377 ], [ -123.109364504308147, 44.674747802049012 ], [ -123.107679567735985, 44.674699668405616 ] ], [ [ -123.106089338298304, 44.674832007034595 ], [ -123.104643609175909, 44.675097963584477 ], [ -123.106871233342659, 44.674728665699377 ], [ -123.106089338298304, 44.674832007034595 ] ], [ [ -123.103446092835782, 44.675366940929273 ], [ -123.102915340704811, 44.675495614998887 ], [ -123.104643609175909, 44.675097963584477 ], [ -123.103446092835782, 44.675366940929273 ] ], [ [ -123.095718266264001, 44.676251463024315 ], [ -123.097124889440011, 44.676183176293705 ], [ -123.096425292692061, 44.676193051158499 ], [ -123.095718266264001, 44.676251463024315 ] ], [ [ -123.091197997544413, 44.67537895245588 ], [ -123.093111492308637, 44.675927680017672 ], [ -123.091956668994058, 44.675571017980133 ], [ -123.091197997544413, 44.67537895245588 ] ], [ [ -123.086403172855285, 44.669628463419485 ], [ -123.087240444092174, 44.671701963717737 ], [ -123.087055321678079, 44.671176518007258 ], [ -123.086403172855285, 44.669628463419485 ] ], [ [ -123.077466735422931, 44.645935179960155 ], [ -123.07841251346089, 44.6463924090897 ], [ -123.078418278741935, 44.646390086137153 ], [ -123.077466735422931, 44.645935179960155 ] ], [ [ -123.073596215100579, 44.643962321010079 ], [ -123.073945781708034, 44.643956597426964 ], [ -123.073809389916946, 44.643958328387441 ], [ -123.073596215100579, 44.643962321010079 ] ], [ [ -123.072328403110262, 44.643505735266224 ], [ -123.072583694955327, 44.643713393954449 ], [ -123.072511523305479, 44.643646682877232 ], [ -123.072328403110262, 44.643505735266224 ] ], [ [ -123.072285886295887, 44.643457473403181 ], [ -123.072152751764747, 44.643316761157749 ], [ -123.072328403110262, 44.643505735266224 ], [ -123.072285886295887, 44.643457473403181 ] ], [ [ -123.069201842507454, 44.643606973623172 ], [ -123.069609393760445, 44.643263496975003 ], [ -123.069401661988394, 44.643432708783344 ], [ -123.069201842507454, 44.643606973623172 ] ], [ [ -123.069035817097756, 44.643763230663183 ], [ -123.068716021223324, 44.644092018667685 ], [ -123.069201842507454, 44.643606973623172 ], [ -123.069035817097756, 44.643763230663183 ] ], [ [ -123.066898076436004, 44.643609345738575 ], [ -123.068118237390081, 44.644350701319574 ], [ -123.066304698306936, 44.643248804213414 ], [ -123.066898076436004, 44.643609345738575 ] ], [ [ -123.059899013222207, 44.645969913475014 ], [ -123.059666018683984, 44.64555419241637 ], [ -123.059804974365846, 44.645806860533099 ], [ -123.059899013222207, 44.645969913475014 ] ], [ [ -123.061126491050061, 44.649731632032278 ], [ -123.061124146231165, 44.649265578425833 ], [ -123.061119155385413, 44.649512041384099 ], [ -123.061126491050061, 44.649731632032278 ] ], [ [ -123.060409707366858, 44.654920557759105 ], [ -123.060553963474817, 44.654138395635854 ], [ -123.060358053049285, 44.655200624083797 ], [ -123.060409707366858, 44.654920557759105 ] ], [ [ -123.056690912106163, 44.656565128895409 ], [ -123.058720828657783, 44.656559466460322 ], [ -123.057957685170862, 44.656561541872712 ], [ -123.056690912106163, 44.656565128895409 ] ], [ [ -123.053049690700476, 44.65530635796997 ], [ -123.052952812906042, 44.652511049408275 ], [ -123.05299352803938, 44.653690911516449 ], [ -123.053049690700476, 44.65530635796997 ] ], [ [ -123.049646734072965, 44.653128475275039 ], [ -123.046521552864817, 44.654149277802567 ], [ -123.050195669194068, 44.652950717025263 ], [ -123.049646734072965, 44.653128475275039 ] ], [ [ -123.046222622824615, 44.654078300268409 ], [ -123.04599515207758, 44.654047252795607 ], [ -123.046521552864817, 44.654149277802567 ], [ -123.046222622824615, 44.654078300268409 ] ], [ [ -123.045482899324682, 44.654045026306932 ], [ -123.045060816542389, 44.654063184618238 ], [ -123.04599515207758, 44.654047252795607 ], [ -123.045482899324682, 44.654045026306932 ] ], [ [ -123.044675018262581, 44.654076936363573 ], [ -123.043877829836177, 44.654110708055022 ], [ -123.045060816542389, 44.654063184618238 ], [ -123.044675018262581, 44.654076936363573 ] ], [ [ -123.041683685867014, 44.653639619172282 ], [ -123.042248284240742, 44.653800688115339 ], [ -123.041897727873575, 44.65369860722712 ], [ -123.041683685867014, 44.653639619172282 ] ], [ [ -123.041037900480333, 44.653163047596031 ], [ -123.04137749830214, 44.653496941708532 ], [ -123.041130132501976, 44.653249312743078 ], [ -123.041037900480333, 44.653163047596031 ] ], [ [ -123.040930910450484, 44.653071490855503 ], [ -123.040807023756955, 44.652983155987847 ], [ -123.041037900480333, 44.653163047596031 ], [ -123.040930910450484, 44.653071490855503 ] ], [ [ -123.040536203825653, 44.652858708324921 ], [ -123.040061961542534, 44.65274105539789 ], [ -123.040807023756955, 44.652983155987847 ], [ -123.040536203825653, 44.652858708324921 ] ], [ [ -123.038364715507981, 44.651828814880155 ], [ -123.038596205221978, 44.651951095850578 ], [ -123.038462808068644, 44.651873515507624 ], [ -123.038364715507981, 44.651828814880155 ] ], [ [ -123.034051388294984, 44.652231244185003 ], [ -123.038224653177949, 44.652227836283537 ], [ -123.036798320187884, 44.652228950307006 ], [ -123.034051388294984, 44.652231244185003 ] ], [ [ -123.032913904209678, 44.651893597165696 ], [ -123.034049572278562, 44.652014992482222 ], [ -123.033508774495047, 44.651957121331591 ], [ -123.032913904209678, 44.651893597165696 ] ], [ [ -123.033123733516817, 44.64639342130932 ], [ -123.034405837468952, 44.646344742765294 ], [ -123.0335609647653, 44.646376632817969 ], [ -123.033123733516817, 44.64639342130932 ] ], [ [ -123.035285092448049, 44.646145113040347 ], [ -123.034596189150875, 44.646171183556731 ], [ -123.034979979719139, 44.646156668154966 ], [ -123.035285092448049, 44.646145113040347 ] ], [ [ -123.035746853096526, 44.64493152193139 ], [ -123.035286315228532, 44.644948962088193 ], [ -123.035334290370272, 44.644947200849572 ], [ -123.035746853096526, 44.64493152193139 ] ], [ [ -123.036798074433591, 44.645932469078339 ], [ -123.036128970058911, 44.646102700464724 ], [ -123.036445511347722, 44.64604509037391 ], [ -123.036798074433591, 44.645932469078339 ] ], [ [ -123.037145922259839, 44.64575640375142 ], [ -123.037380545998317, 44.645584506511909 ], [ -123.036798074433591, 44.645932469078339 ], [ -123.037145922259839, 44.64575640375142 ] ], [ [ -123.038202572790127, 44.643779724897335 ], [ -123.038137814975954, 44.644841113221773 ], [ -123.038209497469964, 44.64472295389637 ], [ -123.038202572790127, 44.643779724897335 ] ], [ [ -123.041732534999099, 44.629632787800446 ], [ -123.042424769445304, 44.629606496550736 ], [ -123.041505568997323, 44.629627853347813 ], [ -123.041732534999099, 44.629632787800446 ] ], [ [ -123.012623254700472, 44.555700174974227 ], [ -123.012607019712092, 44.566177405253825 ], [ -123.012620916710063, 44.56279175105022 ], [ -123.012623254700472, 44.555700174974227 ] ], [ [ -123.092717184581332, 44.602624736524916 ], [ -123.092679657042609, 44.600688818023009 ], [ -123.092610263551691, 44.599133760277631 ], [ -123.092717184581332, 44.602624736524916 ] ], [ [ -123.103069719023139, 44.599000074272169 ], [ -123.103063393110148, 44.598732120734297 ], [ -123.103027868598431, 44.597305989487303 ], [ -123.103069719023139, 44.599000074272169 ] ], [ [ -123.098504547921138, 44.577623543485608 ], [ -123.10019317730125, 44.577629244044545 ], [ -123.108238099067748, 44.577656072297913 ], [ -123.098504547921138, 44.577623543485608 ] ], [ [ -123.108238004623587, 44.577546389400915 ], [ -123.109878162311347, 44.577551664833685 ], [ -123.110476154649106, 44.577542525275646 ], [ -123.108238004623587, 44.577546389400915 ] ], [ [ -123.120234874671382, 44.583741608065537 ], [ -123.120231406053506, 44.584130460282339 ], [ -123.120228170864323, 44.584778232861673 ], [ -123.120234874671382, 44.583741608065537 ] ], [ [ -123.124282329666457, 44.589818837619688 ], [ -123.124206850078679, 44.589890403501016 ], [ -123.123926308324144, 44.590351213972355 ], [ -123.124282329666457, 44.589818837619688 ] ], [ [ -123.123910694981618, 44.590387940883815 ], [ -123.123778133750946, 44.590851321095698 ], [ -123.123926308324144, 44.590351213972355 ], [ -123.123910694981618, 44.590387940883815 ] ], [ [ -123.122905002420438, 44.59111884738742 ], [ -123.121519996201513, 44.591109727743849 ], [ -123.121403704238702, 44.591128462423242 ], [ -123.122905002420438, 44.59111884738742 ] ], [ [ -123.121351121684967, 44.594494589445965 ], [ -123.121699531524015, 44.594495316721535 ], [ -123.121699764546463, 44.594489979797928 ], [ -123.121351121684967, 44.594494589445965 ] ], [ [ -123.121714128525028, 44.594495347191511 ], [ -123.123992529868332, 44.594510745848304 ], [ -123.121699764546463, 44.594489979797928 ], [ -123.121714128525028, 44.594495347191511 ] ], [ [ -123.093939317279165, 44.657501704776038 ], [ -123.093924873250927, 44.657606929176687 ], [ -123.093932095881541, 44.657554316512424 ], [ -123.093939317279165, 44.657501704776038 ] ], [ [ -123.130280924731636, 44.542938212576601 ], [ -123.130345441799392, 44.533809346235365 ], [ -123.130139154308779, 44.562988009358889 ], [ -123.130280924731636, 44.542938212576601 ] ], [ [ -123.089638771741036, 44.552067065107295 ], [ -123.089516616107503, 44.533978473534702 ], [ -123.089532401008952, 44.54314687824003 ], [ -123.089638771741036, 44.552067065107295 ] ], [ [ -123.062569354795443, 44.621434829567015 ], [ -123.06264073790264, 44.626509237016968 ], [ -123.06262860226343, 44.623244116679778 ], [ -123.062569354795443, 44.621434829567015 ] ], [ [ -123.061487671272403, 44.626523807686439 ], [ -123.061449012499992, 44.614680729855415 ], [ -123.061472068260585, 44.62220908729612 ], [ -123.061487671272403, 44.626523807686439 ] ], [ [ -123.058218266776336, 44.614681076785338 ], [ -123.058448248587723, 44.614681086542724 ], [ -123.061449012499992, 44.614680729855415 ], [ -123.058218266776336, 44.614681076785338 ] ], [ [ -123.056075737709136, 44.61474994413544 ], [ -123.056074884320211, 44.614749944232514 ], [ -123.056050007635577, 44.618450770355558 ], [ -123.056075737709136, 44.61474994413544 ] ], [ [ -123.056039694559928, 44.619950527806772 ], [ -123.052433874241643, 44.619948883304865 ], [ -123.055930772386404, 44.619952488260367 ], [ -123.056039694559928, 44.619950527806772 ] ], [ [ -123.052413707866691, 44.623791679284238 ], [ -123.052429269354164, 44.621060558516589 ], [ -123.052433874241643, 44.619948883304865 ], [ -123.052413707866691, 44.623791679284238 ] ], [ [ -123.055996985163929, 44.625143026967038 ], [ -123.056034515406523, 44.625415466398728 ], [ -123.056014505686207, 44.625268332735892 ], [ -123.055996985163929, 44.625143026967038 ] ], [ [ -123.058096639665791, 44.629927522122379 ], [ -123.057159621642683, 44.629924873527635 ], [ -123.057495729051908, 44.629926022955942 ], [ -123.058096639665791, 44.629927522122379 ] ], [ [ -123.054125017107907, 44.629581991391568 ], [ -123.054204647252888, 44.629132686109429 ], [ -123.054203847430301, 44.629119067666913 ], [ -123.054125017107907, 44.629581991391568 ] ], [ [ -123.049919304055749, 44.622699209155471 ], [ -123.047983660064659, 44.621850772299922 ], [ -123.048743876323982, 44.622184238399235 ], [ -123.049919304055749, 44.622699209155471 ] ], [ [ -123.048012541766866, 44.624359839528793 ], [ -123.046459401266517, 44.624352671291632 ], [ -123.046996615017818, 44.624355154525389 ], [ -123.048012541766866, 44.624359839528793 ] ], [ [ -123.046432400568435, 44.629447455021946 ], [ -123.04644942242912, 44.629226601729663 ], [ -123.046459401266517, 44.624352671291632 ], [ -123.046432400568435, 44.629447455021946 ] ], [ [ -123.043219240917864, 44.635676061036342 ], [ -123.043264136825002, 44.631987869045645 ], [ -123.04322632521415, 44.633832181326135 ], [ -123.043219240917864, 44.635676061036342 ] ], [ [ -123.048290904554648, 44.63937334293469 ], [ -123.04827416821, 44.643821999950084 ], [ -123.048291066743218, 44.639777809913696 ], [ -123.048290904554648, 44.63937334293469 ] ], [ [ -123.050207220349733, 44.639116041359785 ], [ -123.050210392347211, 44.638144793892465 ], [ -123.05020795322433, 44.638741498334291 ], [ -123.050207220349733, 44.639116041359785 ] ], [ [ -123.05255143217299, 44.635196470337213 ], [ -123.052536582778814, 44.638594895765237 ], [ -123.052545454497235, 44.63701520318498 ], [ -123.05255143217299, 44.635196470337213 ] ], [ [ -123.048122981953313, 44.632441797998318 ], [ -123.048276818394314, 44.632444077589092 ], [ -123.048199898284395, 44.632442895093682 ], [ -123.048122981953313, 44.632441797998318 ] ], [ [ -123.0472822968636, 44.629517622440275 ], [ -123.047288224149156, 44.631989936056961 ], [ -123.047296235302397, 44.629517393237002 ], [ -123.0472822968636, 44.629517622440275 ] ], [ [ -123.062623175335531, 44.62139210061936 ], [ -123.06260851785612, 44.617040214446128 ], [ -123.062623121084926, 44.621434126198594 ], [ -123.062623175335531, 44.62139210061936 ] ], [ [ -123.062589592258306, 44.611294775498394 ], [ -123.062587026868641, 44.610761300926107 ], [ -123.06260851785612, 44.617040214446128 ], [ -123.062589592258306, 44.611294775498394 ] ], [ [ -123.062569782765692, 44.605817327073844 ], [ -123.06462151251138, 44.605822430161126 ], [ -123.06928701357424, 44.605833735285991 ], [ -123.062569782765692, 44.605817327073844 ] ], [ [ -123.079751624706617, 44.594620464416238 ], [ -123.079739672013631, 44.597317317558172 ], [ -123.079736053400111, 44.598310372165777 ], [ -123.079751624706617, 44.594620464416238 ] ], [ [ -123.08586605215099, 44.586384381537002 ], [ -123.085853775105775, 44.588081842387048 ], [ -123.085850403247974, 44.594649631425121 ], [ -123.08586605215099, 44.586384381537002 ] ], [ [ -123.079656210771375, 44.592013455161776 ], [ -123.079690784377533, 44.592013608787795 ], [ -123.07970517986432, 44.586337454256721 ], [ -123.079656210771375, 44.592013455161776 ] ], [ [ -123.069363876493114, 44.598200637622284 ], [ -123.069389988879422, 44.595638381112913 ], [ -123.069425973298934, 44.591960803366376 ], [ -123.069363876493114, 44.598200637622284 ] ], [ [ -123.037678779866823, 44.650482642007063 ], [ -123.037672478374958, 44.646933085844289 ], [ -123.03767660700079, 44.64986554603847 ], [ -123.037678779866823, 44.650482642007063 ] ], [ [ -123.151407897520457, 44.200063095197542 ], [ -123.159348543839059, 44.200066549890792 ], [ -123.153144105010497, 44.200052692507874 ], [ -123.151407897520457, 44.200063095197542 ] ], [ [ -123.119843428897923, 44.200003276931625 ], [ -123.138432147601762, 44.200038206691119 ], [ -123.128390189179086, 44.200012433826245 ], [ -123.119843428897923, 44.200003276931625 ] ], [ [ -123.097199323594054, 44.200185166729575 ], [ -123.108177716728903, 44.199989762037596 ], [ -123.107938953127885, 44.199989476943642 ], [ -123.097199323594054, 44.200185166729575 ] ], [ [ -123.09303819408359, 44.20026139644569 ], [ -123.086906930934447, 44.200378184981545 ], [ -123.097199323594054, 44.200185166729575 ], [ -123.09303819408359, 44.20026139644569 ] ], [ [ -123.074841513174107, 44.200237744536011 ], [ -123.077040988660826, 44.200263346270205 ], [ -123.066805935052869, 44.20014351613289 ], [ -123.074841513174107, 44.200237744536011 ] ], [ [ -123.052145049825086, 44.200092064771475 ], [ -123.052436486493292, 44.200093443202917 ], [ -123.066805935052869, 44.20014351613289 ], [ -123.052145049825086, 44.200092064771475 ] ], [ [ -123.016480439536892, 44.199963297732715 ], [ -123.034081614900188, 44.200006628628017 ], [ -123.026539013260887, 44.199941832863246 ], [ -123.016480439536892, 44.199963297732715 ] ], [ [ -122.986665719120367, 44.200570302860982 ], [ -123.00044425675901, 44.200177008966968 ], [ -122.996608609422495, 44.200225270597308 ], [ -122.986665719120367, 44.200570302860982 ] ], [ [ -122.974438018693618, 44.086012847099859 ], [ -123.008064610576923, 44.078286565630734 ], [ -123.018935572631378, 44.074536993364809 ], [ -123.008064601161379, 44.078286347057478 ], [ -123.001555922994143, 44.078607106152916 ], [ -122.992841362366292, 44.080546303840478 ], [ -122.985938895487877, 44.080587003705169 ], [ -122.981289009325479, 44.080996860749764 ], [ -122.97993001061792, 44.081260859260638 ], [ -122.978925012614496, 44.081700858021073 ], [ -122.976001015470501, 44.084067851252883 ], [ -122.974438018693618, 44.086012847099859 ] ], [ [ -123.040268675526178, 44.093310274784258 ], [ -123.040112052357514, 44.093207871696073 ], [ -123.040103972453636, 44.093204073454309 ], [ -123.040268675526178, 44.093310274784258 ] ], [ [ -123.04033455014978, 44.093382587539388 ], [ -123.040281413742676, 44.093324257622264 ], [ -123.040268675526178, 44.093310274784258 ], [ -123.04033455014978, 44.093382587539388 ] ], [ [ -123.040372288954458, 44.093449411132887 ], [ -123.040367466285602, 44.093440870708484 ], [ -123.04033455014978, 44.093382587539388 ], [ -123.040372288954458, 44.093449411132887 ] ], [ [ -123.04057742917206, 44.093756664833776 ], [ -123.040573890338607, 44.093731200070899 ], [ -123.040545718197336, 44.093664292004988 ], [ -123.04057742917206, 44.093756664833776 ] ], [ [ -123.040802129921715, 44.094356112226265 ], [ -123.04077736419643, 44.09430380372482 ], [ -123.040792520209905, 44.094344204062836 ], [ -123.040802129921715, 44.094356112226265 ] ], [ [ -123.041001156796639, 44.094720520984851 ], [ -123.041004122544877, 44.094724496352903 ], [ -123.040952829697289, 44.094543715630373 ], [ -123.041001156796639, 44.094720520984851 ] ], [ [ -123.041099224089052, 44.094915980281421 ], [ -123.042622900534923, 44.094914967976123 ], [ -123.041098131182707, 44.094913954044046 ], [ -123.041099224089052, 44.094915980281421 ] ], [ [ -123.04317506935601, 44.094915402966627 ], [ -123.043174718293329, 44.094915402830225 ], [ -123.044729946194693, 44.094917565137372 ], [ -123.04317506935601, 44.094915402966627 ] ], [ [ -123.045504517769615, 44.089421387963831 ], [ -123.045477536279904, 44.089648522544749 ], [ -123.0455449720058, 44.089080854861891 ], [ -123.045504517769615, 44.089421387963831 ] ], [ [ -123.046269071088972, 44.087707047661468 ], [ -123.046269072640598, 44.087707026017547 ], [ -123.046269070865947, 44.087707049954716 ], [ -123.046269071088972, 44.087707047661468 ] ], [ [ -123.048503185199522, 44.069257999678854 ], [ -123.048399034593501, 44.070150868903646 ], [ -123.048448432450172, 44.06972739313202 ], [ -123.048503185199522, 44.069257999678854 ] ], [ [ -123.049168960674891, 44.063563997094803 ], [ -123.049172357464158, 44.063563922487695 ], [ -123.049350420051866, 44.063560011137319 ], [ -123.049168960674891, 44.063563997094803 ] ], [ [ -123.027208211599714, 44.044831526398049 ], [ -123.027208247333832, 44.04483151568769 ], [ -123.027208356991039, 44.044831482600898 ], [ -123.027208211599714, 44.044831526398049 ] ], [ [ -123.02501116617762, 44.029718034504739 ], [ -123.023197791921504, 44.035834126286559 ], [ -123.025624674112663, 44.029546143285984 ], [ -123.02501116617762, 44.029718034504739 ] ], [ [ -123.026029716368626, 44.029055108787311 ], [ -123.026270393675887, 44.029114835448063 ], [ -123.025865979619411, 44.029014297652125 ], [ -123.026029716368626, 44.029055108787311 ] ], [ [ -123.026312610029478, 44.029508624606578 ], [ -123.026312601800058, 44.029508406008404 ], [ -123.026285938575626, 44.029341792950213 ], [ -123.026312610029478, 44.029508624606578 ] ], [ [ -123.029739012635133, 44.030142117826038 ], [ -123.029739003146119, 44.030141899256279 ], [ -123.027136538608744, 44.030189612632654 ], [ -123.029739012635133, 44.030142117826038 ] ], [ [ -123.038694917978901, 44.034817520078057 ], [ -123.038695992647234, 44.034898726207338 ], [ -123.038698432761635, 44.035082276601749 ], [ -123.038694917978901, 44.034817520078057 ] ], [ [ -123.067433086095406, 44.096771927826921 ], [ -123.067416904110033, 44.096767419445563 ], [ -123.067382375918143, 44.096757800388879 ], [ -123.067433086095406, 44.096771927826921 ] ], [ [ -123.11652224942155, 44.064706848609376 ], [ -123.116637911089242, 44.064706142784701 ], [ -123.116522249431682, 44.064706848091745 ], [ -123.11652224942155, 44.064706848609376 ] ], [ [ -123.116501587144754, 44.064788222529081 ], [ -123.116689766307516, 44.064787715206691 ], [ -123.116689768367394, 44.064787344201115 ], [ -123.116501587144754, 44.064788222529081 ] ], [ [ -123.116536683956298, 44.065592107642296 ], [ -123.116727166299285, 44.065590303986987 ], [ -123.116536602319371, 44.065591735890663 ], [ -123.116536683956298, 44.065592107642296 ] ], [ [ -123.117274885751129, 44.065876106147286 ], [ -123.116776371605141, 44.065883827119414 ], [ -123.116776433366169, 44.065884201136065 ], [ -123.117274885751129, 44.065876106147286 ] ], [ [ -123.116824998005612, 44.066227452962352 ], [ -123.117322879014964, 44.066218165564457 ], [ -123.116824933708685, 44.066227078104546 ], [ -123.116824998005612, 44.066227452962352 ] ], [ [ -123.116218937883346, 44.066925912776178 ], [ -123.116219202704144, 44.066925914694195 ], [ -123.11621003280149, 44.066925823644631 ], [ -123.116218937883346, 44.066925912776178 ] ], [ [ -123.115969944818616, 44.065700651733216 ], [ -123.115986830894911, 44.065785063453568 ], [ -123.115986729398116, 44.065784555307324 ], [ -123.115969944818616, 44.065700651733216 ] ], [ [ -123.11535668513477, 44.065270552407085 ], [ -123.115356680060643, 44.064792127417334 ], [ -123.115356340568439, 44.065270554150004 ], [ -123.11535668513477, 44.065270552407085 ] ], [ [ -123.114751179423337, 44.064667423594393 ], [ -123.114763542732248, 44.064794682134952 ], [ -123.114750640350721, 44.064661728382461 ], [ -123.114751179423337, 44.064667423594393 ] ], [ [ -123.114671880208689, 44.064179517647091 ], [ -123.114671536474106, 44.064179148411412 ], [ -123.114744054104932, 44.064621314297781 ], [ -123.114671880208689, 44.064179517647091 ] ], [ [ -123.118737732228922, 44.071166753369695 ], [ -123.118737388427348, 44.071166384146125 ], [ -123.118780702773392, 44.071430361756043 ], [ -123.118737732228922, 44.071166753369695 ] ], [ [ -123.116271510687326, 44.074842989804573 ], [ -123.116271166879642, 44.074842620573214 ], [ -123.116155839659584, 44.075413215515219 ], [ -123.116271510687326, 44.074842989804573 ] ], [ [ -123.116385323476536, 44.07581658534027 ], [ -123.115889523994639, 44.077082895895408 ], [ -123.119535604972199, 44.075820325001601 ], [ -123.116385323476536, 44.07581658534027 ] ], [ [ -123.119838521596819, 44.076521171932043 ], [ -123.119026285624329, 44.076520223532356 ], [ -123.11902627351688, 44.076520592973147 ], [ -123.119838521596819, 44.076521171932043 ] ], [ [ -123.119113400870347, 44.076997503180387 ], [ -123.119107207540537, 44.077206268954455 ], [ -123.119113319971419, 44.077206268314988 ], [ -123.119113400870347, 44.076997503180387 ] ], [ [ -123.117744929646989, 44.076586741040607 ], [ -123.11774385239741, 44.07720627478367 ], [ -123.117744197219977, 44.077206388278341 ], [ -123.117744929646989, 44.076586741040607 ] ], [ [ -123.110919682151263, 44.096700150376684 ], [ -123.110919338248479, 44.096699781127654 ], [ -123.110650414419283, 44.096889827202858 ], [ -123.110919682151263, 44.096700150376684 ] ], [ [ -123.112945332259798, 44.096701660339264 ], [ -123.112945537574234, 44.09670202949394 ], [ -123.113626527656251, 44.096701947738964 ], [ -123.112945332259798, 44.096701660339264 ] ], [ [ -123.116248417166588, 44.096730049172713 ], [ -123.116248073189396, 44.096729679040607 ], [ -123.116256388488296, 44.097431978216598 ], [ -123.116248417166588, 44.096730049172713 ] ], [ [ -123.120966498789826, 44.087273968805832 ], [ -123.120966153631073, 44.087273599617362 ], [ -123.120960185767217, 44.087534194151594 ], [ -123.120966498789826, 44.087273968805832 ] ], [ [ -123.122131279420614, 44.078419802381688 ], [ -123.122131281527331, 44.078419433174048 ], [ -123.121501129743208, 44.078418765578611 ], [ -123.122131279420614, 44.078419802381688 ] ], [ [ -123.120831741812779, 44.077914667589226 ], [ -123.120831397958085, 44.077914298371702 ], [ -123.121251551834817, 44.07892292297052 ], [ -123.120831741812779, 44.077914667589226 ] ], [ [ -123.121541741219048, 44.078920672757299 ], [ -123.121541304202353, 44.078920675780239 ], [ -123.1215389421194, 44.078930240929438 ], [ -123.121541741219048, 44.078920672757299 ] ], [ [ -123.045720488465449, 44.03684098078292 ], [ -123.045728534007154, 44.036894006899509 ], [ -123.045699941537947, 44.036705557715692 ], [ -123.045720488465449, 44.03684098078292 ] ], [ [ -123.043722322672281, 44.039287315471434 ], [ -123.043722181736626, 44.039381139022908 ], [ -123.043723101182621, 44.038770662843675 ], [ -123.043722322672281, 44.039287315471434 ] ], [ [ -123.049156181328868, 44.042520539268757 ], [ -123.04923872481848, 44.042562853881847 ], [ -123.049105072142638, 44.042493908010904 ], [ -123.049156181328868, 44.042520539268757 ] ], [ [ -123.049222755905447, 44.04225539417051 ], [ -123.049233289560874, 44.042458210514503 ], [ -123.04923872481848, 44.042562853881847 ], [ -123.049222755905447, 44.04225539417051 ] ], [ [ -123.079242877203626, 44.062595013127329 ], [ -123.079242863920797, 44.062595023337259 ], [ -123.079343417527141, 44.0625263388471 ], [ -123.079242877203626, 44.062595013127329 ] ], [ [ -123.042461671909905, 44.051054718597406 ], [ -123.042458707907159, 44.050848784015095 ], [ -123.042460116290528, 44.050946689836501 ], [ -123.042461671909905, 44.051054718597406 ] ], [ [ -123.032298286185764, 44.085047101558452 ], [ -123.032298384661502, 44.084985271946444 ], [ -123.032297356795411, 44.085629196776985 ], [ -123.032298286185764, 44.085047101558452 ] ], [ [ -123.04031765280169, 44.087148817146833 ], [ -123.040316515990938, 44.087301387012836 ], [ -123.040318887244851, 44.086983485194352 ], [ -123.04031765280169, 44.087148817146833 ] ], [ [ -122.97551602597342, 44.086670065359826 ], [ -122.9754990258661, 44.08639606542755 ], [ -122.975383025882365, 44.087836063627265 ], [ -122.97551602597342, 44.086670065359826 ] ], [ [ -122.965887038322535, 44.092542047298245 ], [ -122.969999023166281, 44.088383839161601 ], [ -122.965756028062927, 44.091438831163472 ], [ -122.965712055492034, 44.09191184963337 ], [ -122.965887038322535, 44.092542047298245 ] ], [ [ -122.964662030181572, 44.093644826337552 ], [ -122.963963040451986, 44.092857045341631 ], [ -122.965887038322535, 44.092542047298245 ], [ -122.964662030181572, 44.093644826337552 ] ], [ [ -122.961954033394761, 44.089200832492544 ], [ -122.961954042638922, 44.089201051069942 ], [ -122.964270039207364, 44.090462049358969 ], [ -122.961954033394761, 44.089200832492544 ] ], [ [ -122.961079042498568, 44.090020048609468 ], [ -122.958192037625594, 44.092539822500527 ], [ -122.953907043012464, 44.092159820944687 ], [ -122.952333053488914, 44.09282103646315 ], [ -122.958192046856169, 44.092540041078429 ], [ -122.960772042411847, 44.090997046074044 ], [ -122.961079042498568, 44.090020048609468 ] ], [ [ -122.950190054285045, 44.092978034305297 ], [ -122.950190046332438, 44.09297781569947 ], [ -122.94445806288573, 44.097166022457387 ], [ -122.950190054285045, 44.092978034305297 ] ], [ [ -122.945287061911969, 44.098868018872302 ], [ -122.945292057212015, 44.09917780067682 ], [ -122.945292061402441, 44.099178019364828 ], [ -122.945287061911969, 44.098868018872302 ] ], [ [ -122.945292061402441, 44.099178019364828 ], [ -122.943581054264101, 44.100001797469133 ], [ -122.942881063874523, 44.10031601463205 ], [ -122.945292061402441, 44.099178019364828 ] ], [ [ -122.940078058811139, 44.104789784988014 ], [ -122.942266054936496, 44.103309789072775 ], [ -122.940122058745672, 44.104600784118126 ], [ -122.940078058811139, 44.104789784988014 ] ], [ [ -122.940645931858825, 44.105262885327001 ], [ -122.939596067930438, 44.106112999642995 ], [ -122.940646066623273, 44.105263002204808 ], [ -122.940645931858825, 44.105262885327001 ] ], [ [ -122.939332058686418, 44.107561778179878 ], [ -122.939332067848582, 44.107561996759792 ], [ -122.94051306667015, 44.10727899832699 ], [ -122.940732066834528, 44.106774999767829 ], [ -122.939332058686418, 44.107561778179878 ] ], [ [ -122.925767082590014, 44.113005973590738 ], [ -122.936049063304935, 44.110112770055103 ], [ -122.927781071867699, 44.111651759355503 ], [ -122.925767082590014, 44.113005973590738 ] ], [ [ -122.925722073118806, 44.11398275296493 ], [ -122.92444908354021, 44.114769967779303 ], [ -122.925767082590014, 44.113005973590738 ], [ -122.925722073118806, 44.11398275296493 ] ], [ [ -122.92444908354021, 44.114769967779303 ], [ -122.920192079501788, 44.117621739058499 ], [ -122.920126088700073, 44.11812995703535 ], [ -122.920192088593666, 44.117621957640253 ], [ -122.922044085620612, 44.116815961339874 ], [ -122.92444908354021, 44.114769967779303 ] ], [ [ -122.920123096814095, 44.118201738499629 ], [ -122.920123088387484, 44.118201956559282 ], [ -122.920126088700073, 44.11812995703535 ], [ -122.920123096814095, 44.118201738499629 ] ], [ [ -122.920119093014378, 44.118362737524677 ], [ -122.920119088333692, 44.118362955503443 ], [ -122.920123088387484, 44.118201956559282 ], [ -122.920119093014378, 44.118362737524677 ] ], [ [ -122.920225086815975, 44.120542951724005 ], [ -122.920257073234808, 44.121002731586017 ], [ -122.920257088570949, 44.121002950033088 ], [ -122.920225086815975, 44.120542951724005 ] ], [ [ -122.92046608692155, 44.123521945681112 ], [ -122.92050306595165, 44.123903726606805 ], [ -122.920503087533234, 44.123903944919171 ], [ -122.92046608692155, 44.123521945681112 ] ], [ [ -122.920503087533234, 44.123903944919171 ], [ -122.915422083270485, 44.129410708675479 ], [ -122.914555092524253, 44.130935923225309 ], [ -122.918914088406794, 44.127218935439103 ], [ -122.920503087533234, 44.123903944919171 ] ], [ [ -122.91455109738402, 44.131092704694808 ], [ -122.914551092681435, 44.131092922673702 ], [ -122.914555092524253, 44.130935923225309 ], [ -122.91455109738402, 44.131092704694808 ] ], [ [ -122.914550095215205, 44.131191703950847 ], [ -122.914550093047779, 44.131191922775521 ], [ -122.914551092681435, 44.131092922673702 ], [ -122.914550095215205, 44.131191703950847 ] ], [ [ -122.914550092937347, 44.132221700890113 ], [ -122.914550093267749, 44.132221919661056 ], [ -122.914550093047779, 44.131191922775521 ], [ -122.914550092937347, 44.132221700890113 ] ], [ [ -122.914544092651809, 44.134298915091975 ], [ -122.914543092941869, 44.134818694808182 ], [ -122.914543093272215, 44.13481891357916 ], [ -122.914544092651809, 44.134298915091975 ] ], [ [ -122.914540092389004, 44.136198691958732 ], [ -122.914540092719434, 44.136198910729789 ], [ -122.914543093272215, 44.13481891357916 ], [ -122.914540092389004, 44.136198691958732 ] ], [ [ -122.914537091752379, 44.138651905287801 ], [ -122.914529093414629, 44.139738684945542 ], [ -122.914529092495883, 44.139738903743535 ], [ -122.914537091752379, 44.138651905287801 ] ], [ [ -122.902129103619728, 44.147465871253061 ], [ -122.906447090961692, 44.143911666550821 ], [ -122.901331104238878, 44.145678875299538 ], [ -122.902129103619728, 44.147465871253061 ] ], [ [ -122.90133110379341, 44.145663875106592 ], [ -122.901331101014151, 44.145663656388763 ], [ -122.901319103656917, 44.14503387684961 ], [ -122.90133110379341, 44.145663875106592 ] ], [ [ -122.901023104638767, 44.143493879437841 ], [ -122.901277103294262, 44.144028878505743 ], [ -122.898781107308309, 44.144418874650405 ], [ -122.901023104638767, 44.143493879437841 ] ], [ [ -122.898784096776311, 44.14448765617778 ], [ -122.898784097658208, 44.144487658908126 ], [ -122.898781107308309, 44.144418874650405 ], [ -122.898784096776311, 44.14448765617778 ] ], [ [ -122.891799103576034, 44.148940637532249 ], [ -122.882127230068434, 44.149064709875447 ], [ -122.898984106957414, 44.145106873527979 ], [ -122.891799103576034, 44.148940637532249 ] ], [ [ -122.882675120957501, 44.143651858532927 ], [ -122.884529030215404, 44.146088736140165 ], [ -122.882675210338789, 44.143651767539986 ], [ -122.882675120957501, 44.143651858532927 ] ], [ [ -122.876199130147512, 44.130352884990764 ], [ -122.881156115914308, 44.132347666089601 ], [ -122.87893111934865, 44.132155664277931 ], [ -122.876199130147512, 44.130352884990764 ] ], [ [ -122.88361711535822, 44.126934682252156 ], [ -122.881879116771643, 44.127664679435348 ], [ -122.879279129116185, 44.126563896710174 ], [ -122.881879125721156, 44.127664898020441 ], [ -122.883617124314185, 44.126934900837156 ], [ -122.883967124127253, 44.127850899521086 ], [ -122.885131122713815, 44.128642897919434 ], [ -122.885133580300604, 44.128642886942629 ], [ -122.88361711535822, 44.126934682252156 ] ], [ [ -122.881135118370878, 44.121080694366924 ], [ -122.874207134431018, 44.119384910539971 ], [ -122.882927126479501, 44.120040917167593 ], [ -122.881135118370878, 44.121080694366924 ] ], [ [ -122.873615127115286, 44.11826469404631 ], [ -122.871198130568132, 44.117816693314907 ], [ -122.871022160926998, 44.117160810756374 ], [ -122.871198138227356, 44.117816911927001 ], [ -122.873615134783677, 44.118264912658283 ], [ -122.874207134431018, 44.119384910539971 ], [ -122.873615127115286, 44.11826469404631 ] ], [ [ -122.87139013916962, 44.115496918537836 ], [ -122.863150140002247, 44.110760703469047 ], [ -122.86211014081546, 44.110392704628019 ], [ -122.851758152643626, 44.108056700806472 ], [ -122.847613156697378, 44.108360696831546 ], [ -122.844049221406166, 44.104490840374169 ], [ -122.847613165515298, 44.108360915418785 ], [ -122.862110149688107, 44.110392923214206 ], [ -122.865646146150794, 44.113816917193155 ], [ -122.87139013916962, 44.115496918537836 ] ], [ [ -122.848560169080443, 44.096418948874472 ], [ -122.848560160260789, 44.096418730287681 ], [ -122.848556167445039, 44.096320948315423 ], [ -122.848560169080443, 44.096418948874472 ] ], [ [ -122.848556159873638, 44.096320729702462 ], [ -122.848553167726337, 44.096299949679839 ], [ -122.848556167445039, 44.096320948315423 ], [ -122.848556159873638, 44.096320729702462 ] ], [ [ -122.848553151417576, 44.096299731249928 ], [ -122.848550168749554, 44.096260949635024 ], [ -122.848553167726337, 44.096299949679839 ], [ -122.848553151417576, 44.096299731249928 ] ], [ [ -122.848512168024953, 44.095857950260495 ], [ -122.848512156672882, 44.095857730826495 ], [ -122.848511168525235, 44.095840949333422 ], [ -122.848512168024953, 44.095857950260495 ] ], [ [ -122.84851115720943, 44.095840730798983 ], [ -122.848487169510165, 44.095379951292053 ], [ -122.848511168525235, 44.095840949333422 ], [ -122.84851115720943, 44.095840730798983 ] ], [ [ -122.875990140742005, 44.07443402590954 ], [ -122.875990149327492, 44.07443380785466 ], [ -122.876003142607459, 44.073961026561591 ], [ -122.875990140742005, 44.07443402590954 ] ], [ [ -122.876003145529111, 44.073382810406329 ], [ -122.876003145716467, 44.073382809303617 ], [ -122.87600514212221, 44.073178028703552 ], [ -122.876003145529111, 44.073382810406329 ] ], [ [ -122.876005145680011, 44.073177809855061 ], [ -122.876008142514664, 44.07291402935406 ], [ -122.87600514212221, 44.073178028703552 ], [ -122.876005145680011, 44.073177809855061 ] ], [ [ -122.876008138586272, 44.072913810664382 ], [ -122.876000142867568, 44.072563029597347 ], [ -122.876008142514664, 44.07291402935406 ], [ -122.876008138586272, 44.072913810664382 ] ], [ [ -122.875996142187489, 44.072359030733509 ], [ -122.875996139506825, 44.07235881201732 ], [ -122.875993142977308, 44.072115030994944 ], [ -122.875996142187489, 44.072359030733509 ] ], [ [ -122.860867154141062, 44.066933817439512 ], [ -122.856023159752866, 44.067166814309729 ], [ -122.853336162952544, 44.06925980732688 ], [ -122.842174176189005, 44.068213802763424 ], [ -122.834847193040886, 44.068478016480412 ], [ -122.85333617053837, 44.069260025938618 ], [ -122.860867161754911, 44.06693403605064 ], [ -122.876474134224239, 44.070109818619713 ], [ -122.860867154141062, 44.066933817439512 ] ], [ [ -122.834822193379864, 44.067156020343212 ], [ -122.834822194596796, 44.067155801548274 ], [ -122.834822194786199, 44.067148020369309 ], [ -122.834822193379864, 44.067156020343212 ] ], [ [ -122.833580197315399, 44.06420102823958 ], [ -122.835436090193141, 44.066376902974099 ], [ -122.833580255357901, 44.064200887972575 ], [ -122.833580197315399, 44.06420102823958 ] ], [ [ -122.834348135218193, 44.0623449435545 ], [ -122.83215619169566, 44.060008820712888 ], [ -122.82754320572711, 44.058306041673596 ], [ -122.834348135218193, 44.0623449435545 ] ], [ [ -122.840134191765173, 44.054411058834958 ], [ -122.840164158144972, 44.054603845843751 ], [ -122.840117191462724, 44.05389906026506 ], [ -122.840134191765173, 44.054411058834958 ] ], [ [ -122.840117192659477, 44.053898841470485 ], [ -122.840117191205124, 44.053876059758935 ], [ -122.840117191462724, 44.05389906026506 ], [ -122.840117192659477, 44.053898841470485 ] ], [ [ -122.84011718741273, 44.05387584106866 ], [ -122.840101192236176, 44.053116061912199 ], [ -122.840117191205124, 44.053876059758935 ], [ -122.84011718741273, 44.05387584106866 ] ], [ [ -122.840087193247072, 44.050291070126612 ], [ -122.840127193074792, 44.050458070037322 ], [ -122.840087194294952, 44.050290070787661 ], [ -122.840087193247072, 44.050291070126612 ] ], [ [ -122.839144187350087, 44.04840085672484 ], [ -122.838331270081994, 44.047791892660655 ], [ -122.840087194294952, 44.050290070787661 ], [ -122.839144187350087, 44.04840085672484 ] ], [ [ -122.837235199435412, 44.045385082885318 ], [ -122.838364196872561, 44.04757607728228 ], [ -122.837062199062601, 44.044686085099364 ], [ -122.837235199435412, 44.045385082885318 ] ], [ [ -122.837070205288228, 44.044641875966505 ], [ -122.837070206898019, 44.044641867077338 ], [ -122.837075199944451, 44.044495085919955 ], [ -122.837070205288228, 44.044641875966505 ] ], [ [ -122.838748197798296, 44.042887090947019 ], [ -122.838771154261067, 44.042952966032125 ], [ -122.838454197759646, 44.042311091425212 ], [ -122.838748197798296, 44.042887090947019 ] ], [ [ -122.8660407220232, 44.03651382768394 ], [ -122.866040723122339, 44.036513608889727 ], [ -122.866056868199649, 44.03289311242515 ], [ -122.8660407220232, 44.03651382768394 ] ], [ [ -122.860781655346315, 44.032838330585925 ], [ -122.860781644023803, 44.032838548688787 ], [ -122.866056868199649, 44.03289311242515 ], [ -122.860781655346315, 44.032838330585925 ] ], [ [ -122.986564790870631, 44.028942088822951 ], [ -122.986564002024721, 44.028942172069755 ], [ -122.986616993245377, 44.028950953530185 ], [ -122.986564790870631, 44.028942088822951 ] ], [ [ -122.967503019162322, 44.024604955632924 ], [ -122.966523028256788, 44.023864175620986 ], [ -122.967502875081792, 44.024605059645403 ], [ -122.967503019162322, 44.024604955632924 ] ], [ [ -123.02981741923881, 44.030065543350155 ], [ -123.029601509455532, 44.028839601473116 ], [ -123.029817408793704, 44.030065503970917 ], [ -123.02981741923881, 44.030065543350155 ] ], [ [ -122.923310586216076, 44.027301959714158 ], [ -122.92254151954296, 44.027297757481364 ], [ -122.923310612796499, 44.027302178814288 ], [ -122.923310586216076, 44.027301959714158 ] ], [ [ -122.92699596691169, 44.027301733542238 ], [ -122.92331001999419, 44.027299055868994 ], [ -122.926998408084216, 44.027301954309443 ], [ -122.92699596691169, 44.027301733542238 ] ], [ [ -122.927398870419253, 44.032109072494535 ], [ -122.926984830313998, 44.032028760931951 ], [ -122.927398832981652, 44.03210928217861 ], [ -122.927398870419253, 44.032109072494535 ] ], [ [ -122.929386058396332, 44.032817902300529 ], [ -122.929470645773904, 44.032816983204086 ], [ -122.927271217262728, 44.032812223407397 ], [ -122.929386058396332, 44.032817902300529 ] ], [ [ -122.945848058472976, 44.036747145098133 ], [ -122.947106055952005, 44.036519145625704 ], [ -122.950093051437378, 44.034678150120747 ], [ -122.953643894546161, 44.034724374567887 ], [ -122.950093043493112, 44.03467793151691 ], [ -122.945848049297481, 44.036746926521161 ], [ -122.93601106119371, 44.033477928824936 ], [ -122.929492074373186, 44.033999925966384 ], [ -122.945848058472976, 44.036747145098133 ] ], [ [ -122.954607295100345, 44.034766770076352 ], [ -122.953644884528813, 44.034754640567364 ], [ -122.954607316738731, 44.034766987479678 ], [ -122.954607295100345, 44.034766770076352 ] ], [ [ -122.956241065722779, 44.034819133026822 ], [ -122.956241062742706, 44.034818914313959 ], [ -122.954607173227416, 44.034765654549446 ], [ -122.956241065722779, 44.034819133026822 ] ], [ [ -122.95656065796679, 44.034812444923418 ], [ -122.956560667182131, 44.034812663499423 ], [ -122.958690079855756, 44.034838750025088 ], [ -122.95656065796679, 44.034812444923418 ] ], [ [ -122.959515038614043, 44.03474715331599 ], [ -122.958690086201983, 44.034846589895423 ], [ -122.958690087982362, 44.034846809535026 ], [ -122.959515038614043, 44.03474715331599 ] ], [ [ -122.959745482192361, 44.034272793515953 ], [ -122.959745491419554, 44.034273012091724 ], [ -122.959930738284925, 44.034292705860373 ], [ -122.959745482192361, 44.034272793515953 ] ], [ [ -122.960216634841814, 44.033605713578851 ], [ -122.960216644070712, 44.033605932154522 ], [ -122.962144243706405, 44.033861267008866 ], [ -122.960216634841814, 44.033605713578851 ] ], [ [ -122.963111965218829, 44.034691080536483 ], [ -122.962140364706187, 44.034582171308976 ], [ -122.963428961266601, 44.033229691584893 ], [ -122.963111965218829, 44.034691080536483 ] ], [ [ -122.963427784677648, 44.034693171847643 ], [ -122.965045082341206, 44.034702711822817 ], [ -122.963427784854773, 44.034692953294076 ], [ -122.963427784677648, 44.034693171847643 ] ], [ [ -122.96723685650872, 44.030758190555538 ], [ -122.965058462217456, 44.031185816199923 ], [ -122.967768903166885, 44.030951683013733 ], [ -122.96723685650872, 44.030758190555538 ] ], [ [ -122.968747540153714, 44.03302059803638 ], [ -122.96778684122593, 44.033005549404677 ], [ -122.968747538944911, 44.033020816444896 ], [ -122.968747540153714, 44.03302059803638 ] ], [ [ -122.971049288559527, 44.034974864130739 ], [ -122.971808026033713, 44.033158038701416 ], [ -122.971048069878577, 44.033736294362022 ], [ -122.971049279289815, 44.034974645555877 ], [ -122.968738057841449, 44.03473572816376 ], [ -122.971049288559527, 44.034974864130739 ] ], [ [ -122.973522359032685, 44.035264021481112 ], [ -122.979108576780462, 44.035934032198149 ], [ -122.973522359008996, 44.035263804016957 ], [ -122.973522359032685, 44.035264021481112 ] ], [ [ -122.98730520525892, 44.036127491278556 ], [ -122.987893728823906, 44.036637391822765 ], [ -122.988336311914722, 44.03722291014914 ], [ -122.991401021526457, 44.038430564682123 ], [ -122.987770831220914, 44.036147369729903 ], [ -122.987334122921055, 44.036119853230474 ], [ -122.987219891385138, 44.036149152554522 ], [ -122.985333588385771, 44.037147757335298 ], [ -122.984360411870227, 44.037164819736716 ], [ -122.980779658125826, 44.03481709397721 ], [ -122.984360419943343, 44.037165038338166 ], [ -122.985333597709399, 44.037147975908987 ], [ -122.98730520525892, 44.036127491278556 ] ], [ [ -122.993831538621222, 44.040171591606097 ], [ -122.997849807250276, 44.039730989996343 ], [ -123.001386092314391, 44.040468138350022 ], [ -122.9978497991262, 44.039730771395789 ], [ -122.99383153051221, 44.040171373005208 ], [ -122.992623944987429, 44.039441637624918 ], [ -122.993831538621222, 44.040171591606097 ] ], [ [ -123.01951218191094, 44.039686713703205 ], [ -123.019512191363148, 44.03968693227413 ], [ -123.019570584785569, 44.039673143039849 ], [ -123.01951218191094, 44.039686713703205 ] ], [ [ -123.019846470985044, 44.03961557133966 ], [ -123.02008064353457, 44.03940593783674 ], [ -123.019823919895288, 44.039635739700685 ], [ -123.019846470985044, 44.03961557133966 ] ], [ [ -123.020710202200036, 44.03849279946558 ], [ -123.020710211656535, 44.038493018036412 ], [ -123.021987632560524, 44.03929303398688 ], [ -123.020710202200036, 44.03849279946558 ] ], [ [ -123.023382643668896, 44.040593014893282 ], [ -123.024998222962836, 44.040591827871282 ], [ -123.023204141795034, 44.040593144662139 ], [ -123.023382643668896, 44.040593014893282 ] ], [ [ -122.998958868115793, 44.068461057501501 ], [ -122.999564002327617, 44.068530109914022 ], [ -122.999776526365522, 44.068468782755033 ], [ -122.998958868115793, 44.068461057501501 ] ], [ [ -122.998956780604658, 44.068460819293577 ], [ -123.000490403079269, 44.068264453042275 ], [ -123.000635935546924, 44.068222907357267 ], [ -122.998956780604658, 44.068460819293577 ] ], [ [ -122.970597635426259, 44.067363675881701 ], [ -122.970597626153079, 44.067363457305746 ], [ -122.964514330817678, 44.069945598563287 ], [ -122.964346111578706, 44.071418423900688 ], [ -122.970597635426259, 44.067363675881701 ] ], [ [ -122.955978856926578, 44.060404333345723 ], [ -122.955978866143752, 44.060404551922666 ], [ -122.955977967872343, 44.060382475038551 ], [ -122.955978856926578, 44.060404333345723 ] ], [ [ -122.934812883939287, 44.062749845838297 ], [ -122.934828114307251, 44.066278289461266 ], [ -122.934828122501955, 44.06627828945647 ], [ -122.934812883939287, 44.062749845838297 ] ], [ [ -122.93481282798389, 44.062738054681041 ], [ -122.93481287979084, 44.062749627151007 ], [ -122.934812883939287, 44.062749845838297 ], [ -122.93481282798389, 44.062738054681041 ] ], [ [ -122.936688757327218, 44.060993963547318 ], [ -122.936688766472102, 44.060994182125853 ], [ -122.936754943253362, 44.059640215762009 ], [ -122.936688757327218, 44.060993963547318 ] ], [ [ -122.936746476041733, 44.05789005883053 ], [ -122.936746468130551, 44.057890057693392 ], [ -122.93675605410445, 44.059579869330697 ], [ -122.936746476041733, 44.05789005883053 ] ], [ [ -122.921222358014745, 44.057515700863654 ], [ -122.921220926243763, 44.057509909489852 ], [ -122.920460987709447, 44.057512670847935 ], [ -122.921222358014745, 44.057515700863654 ] ], [ [ -122.914692437239438, 44.058803246387946 ], [ -122.914700803424466, 44.059632007042005 ], [ -122.914700810277949, 44.059632007004062 ], [ -122.914692437239438, 44.058803246387946 ] ], [ [ -122.914673160811105, 44.05689507604184 ], [ -122.914692425682688, 44.058803027861487 ], [ -122.914692437239438, 44.058803246387946 ], [ -122.914673160811105, 44.05689507604184 ] ], [ [ -122.910612479465811, 44.054615092501393 ], [ -122.910613603250454, 44.05538927411871 ], [ -122.910613611976927, 44.055389274128729 ], [ -122.910612479465811, 44.054615092501393 ] ], [ [ -122.910611890550584, 44.05448855949107 ], [ -122.910612476656112, 44.054614873786662 ], [ -122.910612479465811, 44.054615092501393 ], [ -122.910611890550584, 44.05448855949107 ] ], [ [ -122.90418046204249, 44.054759433390238 ], [ -122.904180471064507, 44.054759651971217 ], [ -122.904755192764455, 44.054524153654548 ], [ -122.90418046204249, 44.054759433390238 ] ], [ [ -122.894338569562478, 44.051839942807369 ], [ -122.894338105256764, 44.051944658944315 ], [ -122.894338110499717, 44.051944877605962 ], [ -122.894338569562478, 44.051839942807369 ] ], [ [ -122.894344760428609, 44.048493565612183 ], [ -122.894344752286059, 44.048493566537765 ], [ -122.894338569562478, 44.051839942807369 ], [ -122.894344760428609, 44.048493565612183 ] ], [ [ -122.887897727421119, 44.0498460026473 ], [ -122.889339712277177, 44.049844288093198 ], [ -122.887897726505955, 44.049845784056828 ], [ -122.887897727421119, 44.0498460026473 ] ], [ [ -122.883431887476064, 44.050211343781903 ], [ -122.883726863895617, 44.052864048815088 ], [ -122.883431894966563, 44.05021134377786 ], [ -122.883431887476064, 44.050211343781903 ] ], [ [ -122.879103901787005, 44.050213461692195 ], [ -122.879102733366707, 44.048590327129212 ], [ -122.879102725830307, 44.048590306502042 ], [ -122.879103901787005, 44.050213461692195 ] ], [ [ -122.8922110869498, 44.046410888840917 ], [ -122.892196626084939, 44.040321555526013 ], [ -122.892211077973968, 44.046410670259291 ], [ -122.87900595235692, 44.048210130181026 ], [ -122.879004638323579, 44.048321641102426 ], [ -122.879040803630133, 44.048420630299319 ], [ -122.8922110869498, 44.046410888840917 ] ], [ [ -122.893635844495108, 44.039649647093199 ], [ -122.894333564905509, 44.038327237666756 ], [ -122.894333460373304, 44.038327200217921 ], [ -122.893635844495108, 44.039649647093199 ] ], [ [ -122.89759185299701, 44.037369293379541 ], [ -122.897781133101958, 44.034279640661509 ], [ -122.909021749681614, 44.034349410502344 ], [ -122.897781124107127, 44.034279422080701 ], [ -122.897591844002434, 44.037369074798654 ], [ -122.896011529957249, 44.037376498672025 ], [ -122.895978152056756, 44.03806942463028 ], [ -122.893664026009944, 44.038087158381103 ], [ -122.89366619776267, 44.038333924174751 ], [ -122.895978159798432, 44.038069643238003 ], [ -122.896011537698968, 44.037376717279727 ], [ -122.89759185299701, 44.037369293379541 ] ], [ [ -122.909777965326711, 44.03525079452691 ], [ -122.909777956286732, 44.035250575947032 ], [ -122.90901981116221, 44.035167188418825 ], [ -122.909777965326711, 44.03525079452691 ] ], [ [ -122.909779565689433, 44.034701862266274 ], [ -122.909780691858074, 44.034345477932511 ], [ -122.909780683386685, 44.034345475625628 ], [ -122.909779565689433, 44.034701862266274 ] ], [ [ -122.909021535841703, 44.034138531053564 ], [ -122.912723128335472, 44.032903542494978 ], [ -122.909832088189674, 44.032880591912907 ], [ -122.909024912946052, 44.032875919976377 ], [ -122.909021535841703, 44.034138531053564 ] ], [ [ -122.911475304327723, 44.036806221725058 ], [ -122.911476255739373, 44.036807739857494 ], [ -122.911475380164291, 44.036806154369188 ], [ -122.911475304327723, 44.036806221725058 ] ], [ [ -122.911624136889259, 44.037035901990166 ], [ -122.911686356782425, 44.037071248365741 ], [ -122.911742363453186, 44.037102658259919 ], [ -122.911624136889259, 44.037035901990166 ] ], [ [ -122.912079525314269, 44.037291746521525 ], [ -122.912079681025901, 44.037291618924407 ], [ -122.912034442416399, 44.037266463020657 ], [ -122.912079525314269, 44.037291746521525 ] ], [ [ -122.912285216531643, 44.037605140533479 ], [ -122.912180515128597, 44.037653556926664 ], [ -122.912182857409391, 44.037655540256971 ], [ -122.912285216531643, 44.037605140533479 ] ], [ [ -122.912980712648661, 44.038037327175253 ], [ -122.912980845766782, 44.038037196462561 ], [ -122.912980197641161, 44.038037006061039 ], [ -122.912980712648661, 44.038037327175253 ] ], [ [ -122.912156014276206, 44.040243430567806 ], [ -122.912156128951182, 44.040243343652882 ], [ -122.912155221362525, 44.040242586767341 ], [ -122.912156014276206, 44.040243430567806 ] ], [ [ -122.914293017563807, 44.041487824199642 ], [ -122.918728543640583, 44.039484057057763 ], [ -122.911804888743873, 44.040509781901513 ], [ -122.914293017563807, 44.041487824199642 ] ], [ [ -122.919847437159092, 44.038361777372636 ], [ -122.918972559483933, 44.038943911248587 ], [ -122.918804429410571, 44.039496043883005 ], [ -122.919640931768271, 44.039050644436756 ], [ -122.919847437159092, 44.038361777372636 ] ], [ [ -122.919579768359171, 44.036397523061183 ], [ -122.919445470275747, 44.036681697415588 ], [ -122.919445277756466, 44.03668211031659 ], [ -122.919579768359171, 44.036397523061183 ] ], [ [ -122.921741479174941, 44.034121166917473 ], [ -122.921741488259599, 44.034121385496306 ], [ -122.92174658061414, 44.034011507731918 ], [ -122.921741479174941, 44.034121166917473 ] ], [ [ -122.916072816466908, 44.032639934836858 ], [ -122.920320859159219, 44.030582852083995 ], [ -122.92032113496478, 44.030582341947884 ], [ -122.916072816466908, 44.032639934836858 ] ], [ [ -122.991685765995257, 44.068980670285647 ], [ -122.991663194673194, 44.069026992727892 ], [ -122.991663204624672, 44.069026972366068 ], [ -122.991685765995257, 44.068980670285647 ] ], [ [ -122.925497725223806, 44.05627293885486 ], [ -122.92549772684221, 44.05627315759623 ], [ -122.925497712544029, 44.055486898811715 ], [ -122.925497725223806, 44.05627293885486 ] ], [ [ -123.026312871206798, 44.043180169478788 ], [ -123.026422275844723, 44.043406981566122 ], [ -123.026293278020106, 44.043139549422676 ], [ -123.026312871206798, 44.043180169478788 ] ], [ [ -122.997600062880437, 44.069814182706494 ], [ -122.997600233643098, 44.069803723239126 ], [ -122.997600232808267, 44.069803499973219 ], [ -122.997600062880437, 44.069814182706494 ] ], [ [ -122.954852395879556, 44.536360982191937 ], [ -122.955281661147126, 44.544980935893129 ], [ -122.954548505332511, 44.53025713418311 ], [ -122.954852395879556, 44.536360982191937 ] ], [ [ -122.989679209017766, 44.530257475497045 ], [ -122.994403602973208, 44.530117867594619 ], [ -122.954548505332511, 44.53025713418311 ], [ -122.989679209017766, 44.530257475497045 ] ], [ [ -122.906981659323193, 44.539153101013447 ], [ -122.907019401708112, 44.536464615859515 ], [ -122.907048652852552, 44.534380763546615 ], [ -122.906981659323193, 44.539153101013447 ] ], [ [ -122.9134315619267, 44.507915969317104 ], [ -122.913243554861765, 44.516158097987272 ], [ -122.913339829948939, 44.511937763603918 ], [ -122.9134315619267, 44.507915969317104 ] ], [ [ -122.916529934630603, 44.475772266072923 ], [ -122.916553479629172, 44.479468285197115 ], [ -122.916381546078469, 44.452468201000464 ], [ -122.916529934630603, 44.475772266072923 ] ], [ [ -122.926762052882893, 44.417891773793698 ], [ -122.875496153498631, 44.417885806080434 ], [ -122.886019852480743, 44.417888865390225 ], [ -122.926762052882893, 44.417891773793698 ] ], [ [ -122.893420871045109, 44.373797261392824 ], [ -122.896560186969339, 44.37472381671207 ], [ -122.900341296337331, 44.375531383146111 ], [ -122.893420871045109, 44.373797261392824 ] ], [ [ -122.904889418328366, 44.24214179341039 ], [ -122.905266828774231, 44.231363709013294 ], [ -122.905040734562306, 44.237249959785757 ], [ -122.904889418328366, 44.24214179341039 ] ], [ [ -122.925940838748588, 44.200966920383209 ], [ -122.936234931246517, 44.200983175709382 ], [ -122.946069314711778, 44.200997855004125 ], [ -122.925940838748588, 44.200966920383209 ] ], [ [ -122.9600595908326, 44.20078255666192 ], [ -122.976053869539228, 44.200632881905833 ], [ -122.966041671102303, 44.200689984353033 ], [ -122.9600595908326, 44.20078255666192 ] ], [ [ -123.008518833766303, 44.519398018666855 ], [ -123.012937586680351, 44.519224815556029 ], [ -122.9963004625221, 44.519355510380265 ], [ -123.008518833766303, 44.519398018666855 ] ], [ [ -122.931585481413052, 44.505163399021924 ], [ -122.914708302148469, 44.505179659905302 ], [ -122.919613124500103, 44.505175185134675 ], [ -122.931585481413052, 44.505163399021924 ] ], [ [ -122.880384361139377, 44.551191562139223 ], [ -122.880791785502922, 44.551915452034947 ], [ -122.882029391865814, 44.553577807308486 ], [ -122.880384361139377, 44.551191562139223 ] ], [ [ -122.891583260518303, 44.541190649339924 ], [ -122.892281254078199, 44.542432783419656 ], [ -122.893076554519553, 44.543846313597932 ], [ -122.891583260518303, 44.541190649339924 ] ], [ [ -122.924088286842874, 44.635341634840898 ], [ -122.923662016414013, 44.633989389724441 ], [ -122.924149907589324, 44.635664652502271 ], [ -122.924088286842874, 44.635341634840898 ] ], [ [ -122.880424387368322, 44.601046151732398 ], [ -122.880721362376391, 44.601541062952073 ], [ -122.881950284503915, 44.602977851284834 ], [ -122.880424387368322, 44.601046151732398 ] ], [ [ -122.878852203775949, 44.572506351109205 ], [ -122.878367133904447, 44.573985112588645 ], [ -122.877595379029628, 44.57634058889775 ], [ -122.878852203775949, 44.572506351109205 ] ], [ [ -122.859068551923684, 44.285678163514326 ], [ -122.853542782803331, 44.285647009865798 ], [ -122.859155230253748, 44.285713804411948 ], [ -122.859068551923684, 44.285678163514326 ] ], [ [ -122.842852336766896, 44.281189367789153 ], [ -122.842538309489854, 44.281245623778709 ], [ -122.846348725339979, 44.283979881773099 ], [ -122.842852336766896, 44.281189367789153 ] ], [ [ -122.837382747871814, 44.281941349565749 ], [ -122.837382633849714, 44.281941350135554 ], [ -122.838634860300004, 44.28194472577146 ], [ -122.837382747871814, 44.281941349565749 ] ], [ [ -122.830294402056822, 44.281755738998569 ], [ -122.830453900787788, 44.280280802740322 ], [ -122.830294053838713, 44.281758957617264 ], [ -122.830294402056822, 44.281755738998569 ] ], [ [ -122.828410914832219, 44.276878736944475 ], [ -122.828403527711544, 44.276879144729904 ], [ -122.828446887107802, 44.278919283295302 ], [ -122.828410914832219, 44.276878736944475 ] ], [ [ -122.825247719438451, 44.277053236848566 ], [ -122.82524746694817, 44.277053252874595 ], [ -122.828403527711544, 44.276879144729904 ], [ -122.825247719438451, 44.277053236848566 ] ], [ [ -122.825068307734426, 44.276811738204778 ], [ -122.823381006899538, 44.274622014334554 ], [ -122.82524746694817, 44.277053252874595 ], [ -122.825068307734426, 44.276811738204778 ] ], [ [ -122.823380961917081, 44.27462195494374 ], [ -122.820683983457968, 44.275618072643219 ], [ -122.823381006899538, 44.274622014334554 ], [ -122.823380961917081, 44.27462195494374 ] ], [ [ -122.815350900499155, 44.276498388901395 ], [ -122.815350458086471, 44.276498418720053 ], [ -122.817377453511682, 44.276362343121953 ], [ -122.815350900499155, 44.276498388901395 ] ], [ [ -122.811682112139039, 44.280479539379925 ], [ -122.814711844804179, 44.277191528933955 ], [ -122.815350458086471, 44.276498418720053 ], [ -122.811682112139039, 44.280479539379925 ] ], [ [ -122.777402288176376, 44.283432194016939 ], [ -122.777402144504052, 44.283432237440238 ], [ -122.78094247512449, 44.283254784013636 ], [ -122.777402288176376, 44.283432194016939 ] ], [ [ -122.764412277955969, 44.289787099720826 ], [ -122.760030602112394, 44.290331235777266 ], [ -122.765594937576793, 44.289641988069675 ], [ -122.764412277955969, 44.289787099720826 ] ], [ [ -122.752465022778267, 44.286129525193012 ], [ -122.752461461773805, 44.286128030033538 ], [ -122.753532102682883, 44.287047168043252 ], [ -122.752465022778267, 44.286129525193012 ] ], [ [ -122.747308551663224, 44.284866451369837 ], [ -122.747306819526912, 44.284866448178136 ], [ -122.749468068062171, 44.284871339891588 ], [ -122.747308551663224, 44.284866451369837 ] ], [ [ -122.74412174269942, 44.286176238666471 ], [ -122.742065296068319, 44.287022202534047 ], [ -122.747306819526912, 44.284866448178136 ], [ -122.74412174269942, 44.286176238666471 ] ], [ [ -122.737931071750324, 44.28590514603917 ], [ -122.737930755130478, 44.28590506051237 ], [ -122.742065296068319, 44.287022202534047 ], [ -122.737931071750324, 44.28590514603917 ] ], [ [ -122.734113700264174, 44.287160599042572 ], [ -122.73152726813565, 44.288023622355297 ], [ -122.737930755130478, 44.28590506051237 ], [ -122.734113700264174, 44.287160599042572 ] ], [ [ -122.728579240186534, 44.287018279732962 ], [ -122.728482509116077, 44.286758808590442 ], [ -122.728822997229386, 44.287674685776281 ], [ -122.728579240186534, 44.287018279732962 ] ], [ [ -122.718000881024722, 44.280870899405642 ], [ -122.718000558404086, 44.28087098319368 ], [ -122.72107017023373, 44.281599071600901 ], [ -122.718000881024722, 44.280870899405642 ] ], [ [ -122.711416661228256, 44.279519810775831 ], [ -122.711397401084284, 44.279508875000062 ], [ -122.715108305385741, 44.281616126404991 ], [ -122.711416661228256, 44.279519810775831 ] ], [ [ -122.703451805363088, 44.279436520147293 ], [ -122.698463155712915, 44.279398159258712 ], [ -122.711397401084284, 44.279508875000062 ], [ -122.703451805363088, 44.279436520147293 ] ], [ [ -122.696461540789059, 44.277117158199985 ], [ -122.696513919340475, 44.276977884519965 ], [ -122.695840561444683, 44.278768281371143 ], [ -122.696461540789059, 44.277117158199985 ] ], [ [ -122.696506252978907, 44.276975830449885 ], [ -122.693557378016706, 44.276185803716515 ], [ -122.696513919340475, 44.276977884519965 ], [ -122.696506252978907, 44.276975830449885 ] ], [ [ -122.674949092187262, 44.272595698224102 ], [ -122.673547252123853, 44.271791070621688 ], [ -122.676031552223847, 44.273248503270892 ], [ -122.674949092187262, 44.272595698224102 ] ], [ [ -122.672837556780422, 44.271159481085881 ], [ -122.672837404476169, 44.271159462423562 ], [ -122.673547252123853, 44.271791070621688 ], [ -122.672837556780422, 44.271159481085881 ] ], [ [ -122.669641607371219, 44.268954941873346 ], [ -122.66963794388208, 44.268955644563924 ], [ -122.670908607754512, 44.270924029178971 ], [ -122.669641607371219, 44.268954941873346 ] ], [ [ -122.662177929443359, 44.270209867742288 ], [ -122.662176309646298, 44.27020997451946 ], [ -122.663573931576025, 44.270118418125982 ], [ -122.662177929443359, 44.270209867742288 ] ], [ [ -122.661144845368838, 44.270277532727611 ], [ -122.659614679893949, 44.270898897153906 ], [ -122.662176309646298, 44.27020997451946 ], [ -122.661144845368838, 44.270277532727611 ] ], [ [ -122.654200466486358, 44.268563959371122 ], [ -122.654199913594297, 44.268564084298838 ], [ -122.655397326363627, 44.269600921076361 ], [ -122.654200466486358, 44.268563959371122 ] ], [ [ -122.65178842116363, 44.26696601312419 ], [ -122.651784860781362, 44.266965713977363 ], [ -122.652753125613287, 44.26889218296369 ], [ -122.65178842116363, 44.26696601312419 ] ], [ [ -122.646922110258345, 44.265089500673859 ], [ -122.646347935622714, 44.263538659316048 ], [ -122.646575715875201, 44.266528912123157 ], [ -122.646922110258345, 44.265089500673859 ] ], [ [ -122.645786761941906, 44.258037690418199 ], [ -122.6471512732153, 44.254965356131713 ], [ -122.645786749070382, 44.258037714970662 ], [ -122.645786761941906, 44.258037690418199 ] ], [ [ -122.643458529639545, 44.251731740349648 ], [ -122.64172514596136, 44.25162060629097 ], [ -122.643781783817701, 44.252014822293035 ], [ -122.643458529639545, 44.251731740349648 ] ], [ [ -122.641740780471622, 44.249649074193016 ], [ -122.64173458080208, 44.249647309034827 ], [ -122.64172514596136, 44.25162060629097 ], [ -122.641740780471622, 44.249649074193016 ] ], [ [ -122.639858798580676, 44.249145616270894 ], [ -122.638761125648841, 44.249361974108268 ], [ -122.64173458080208, 44.249647309034827 ], [ -122.639858798580676, 44.249145616270894 ] ], [ [ -122.634138656820042, 44.249101426910464 ], [ -122.632925931704662, 44.249100451464855 ], [ -122.636330560860785, 44.249458176197386 ], [ -122.634138656820042, 44.249101426910464 ] ], [ [ -122.627464006026983, 44.249414149704684 ], [ -122.626963240587983, 44.24960608507871 ], [ -122.632925931704662, 44.249100451464855 ], [ -122.627464006026983, 44.249414149704684 ] ], [ [ -122.615049617794526, 44.247222703870726 ], [ -122.612237792681881, 44.246985591589024 ], [ -122.617222840320878, 44.2475057031942 ], [ -122.615049617794526, 44.247222703870726 ] ], [ [ -122.609413576544497, 44.245549343121631 ], [ -122.606781503351996, 44.244573488180023 ], [ -122.610234080826785, 44.245966623074921 ], [ -122.609413576544497, 44.245549343121631 ] ], [ [ -122.603853685337199, 44.243995796927784 ], [ -122.602197441762172, 44.244201021855957 ], [ -122.606781503351996, 44.244573488180023 ], [ -122.603853685337199, 44.243995796927784 ] ], [ [ -122.595568684005798, 44.244383328857239 ], [ -122.593380260770815, 44.244378049855037 ], [ -122.596838275281542, 44.24456227962397 ], [ -122.595568684005798, 44.244383328857239 ] ], [ [ -122.586577848082726, 44.239714779202451 ], [ -122.583601113294989, 44.238472009457546 ], [ -122.589094906015077, 44.241132448962091 ], [ -122.586577848082726, 44.239714779202451 ] ], [ [ -122.583599032242489, 44.238471139718939 ], [ -122.579551048984811, 44.237940145202252 ], [ -122.583601113294989, 44.238472009457546 ], [ -122.583599032242489, 44.238471139718939 ] ], [ [ -122.575899358090737, 44.232712657267989 ], [ -122.577149786294171, 44.23135027531977 ], [ -122.574689368205213, 44.234030910113653 ], [ -122.575899358090737, 44.232712657267989 ] ], [ [ -122.57484070818596, 44.228718304737342 ], [ -122.573743379127862, 44.229083628377545 ], [ -122.577127551431317, 44.22796277971522 ], [ -122.57484070818596, 44.228718304737342 ] ], [ [ -122.569091427686189, 44.2286856427366 ], [ -122.569090935532188, 44.228685639198375 ], [ -122.572356256401477, 44.228712448382744 ], [ -122.569091427686189, 44.2286856427366 ] ], [ [ -122.558243360602518, 44.230452729547274 ], [ -122.558243158282806, 44.230452779165439 ], [ -122.562377222621976, 44.231571323262479 ], [ -122.558243360602518, 44.230452729547274 ] ], [ [ -122.553297088695714, 44.231579635681733 ], [ -122.552973842934179, 44.231850831975521 ], [ -122.554883854929614, 44.230929055944486 ], [ -122.553297088695714, 44.231579635681733 ] ], [ [ -122.550415784975954, 44.234299359895317 ], [ -122.550158309861416, 44.2349834664426 ], [ -122.550582160267709, 44.233857303081408 ], [ -122.550415784975954, 44.234299359895317 ] ], [ [ -122.539404824324791, 44.234304673761208 ], [ -122.539403810412651, 44.234305715713184 ], [ -122.54338897167365, 44.235142355783793 ], [ -122.539404824324791, 44.234304673761208 ] ], [ [ -122.529287346857373, 44.226600778036868 ], [ -122.523203453712284, 44.228155656206617 ], [ -122.529391432228266, 44.226704566514577 ], [ -122.529287346857373, 44.226600778036868 ] ], [ [ -122.517489873040887, 44.230836338181902 ], [ -122.51427296175369, 44.2315315147858 ], [ -122.517490360079975, 44.230836338437364 ], [ -122.517489873040887, 44.230836338181902 ] ], [ [ -122.514272911644809, 44.231531477875443 ], [ -122.511886330358323, 44.229801021276593 ], [ -122.51427296175369, 44.2315315147858 ], [ -122.514272911644809, 44.231531477875443 ] ], [ [ -122.51198794691841, 44.227570647464553 ], [ -122.511773865367374, 44.22738653699313 ], [ -122.512278090204902, 44.228748548793767 ], [ -122.51198794691841, 44.227570647464553 ] ], [ [ -122.507649222905897, 44.223839004409434 ], [ -122.506383192727171, 44.2229371167697 ], [ -122.511773865367374, 44.22738653699313 ], [ -122.507649222905897, 44.223839004409434 ] ], [ [ -122.503544996781855, 44.221778027009286 ], [ -122.502949277083019, 44.221731065335142 ], [ -122.506383192727171, 44.2229371167697 ], [ -122.503544996781855, 44.221778027009286 ] ], [ [ -122.492061074671909, 44.219996153634192 ], [ -122.490996503034381, 44.220429460816419 ], [ -122.49206130430386, 44.219996060441503 ], [ -122.492061074671909, 44.219996153634192 ] ], [ [ -122.489978388299448, 44.220843843236317 ], [ -122.488978917101363, 44.221549297524113 ], [ -122.490996503034381, 44.220429460816419 ], [ -122.489978388299448, 44.220843843236317 ] ], [ [ -122.485931414205965, 44.221256956293864 ], [ -122.485905751596889, 44.221253595871083 ], [ -122.488171126755873, 44.222119437983736 ], [ -122.485931414205965, 44.221256956293864 ] ], [ [ -122.479667816202564, 44.219037118632137 ], [ -122.47966740787227, 44.219037184342106 ], [ -122.482612250918905, 44.220561619797692 ], [ -122.479667816202564, 44.219037118632137 ] ], [ [ -122.456355545656265, 44.218957253663696 ], [ -122.453661382797449, 44.218617647915089 ], [ -122.456357678922515, 44.218957523472312 ], [ -122.456355545656265, 44.218957253663696 ] ], [ [ -122.431493019154672, 44.22035453617918 ], [ -122.430525191571533, 44.220522919109015 ], [ -122.43306799353384, 44.22067304497709 ], [ -122.431493019154672, 44.22035453617918 ] ], [ [ -122.404777310725748, 44.218386684035742 ], [ -122.404778414706755, 44.216950732763081 ], [ -122.404775603407501, 44.220604593357265 ], [ -122.404777310725748, 44.218386684035742 ] ], [ [ -122.404778422951011, 44.216941936978543 ], [ -122.384569183164473, 44.217054343112281 ], [ -122.404778414706755, 44.216950732763081 ], [ -122.404778422951011, 44.216941936978543 ] ], [ [ -122.384579432884394, 44.211580145184122 ], [ -122.384580456922194, 44.211030307905766 ], [ -122.384569183164473, 44.217054343112281 ], [ -122.384579432884394, 44.211580145184122 ] ], [ [ -122.382414471826181, 44.21007248862341 ], [ -122.380627028495738, 44.209471329525059 ], [ -122.384580456922194, 44.211030307905766 ], [ -122.382414471826181, 44.21007248862341 ] ], [ [ -122.380545239051443, 44.209435160200464 ], [ -122.374500135782597, 44.210596155413725 ], [ -122.380627028495738, 44.209471329525059 ], [ -122.380545239051443, 44.209435160200464 ] ], [ [ -122.367652550599232, 44.209253374645442 ], [ -122.367415974868464, 44.209360256517279 ], [ -122.374500135782597, 44.210596155413725 ], [ -122.367652550599232, 44.209253374645442 ] ], [ [ -122.3402523524435, 44.22190294202673 ], [ -122.340237695270545, 44.222050348803307 ], [ -122.344129225242185, 44.221523418232358 ], [ -122.3402523524435, 44.22190294202673 ] ], [ [ -122.327620695863359, 44.231884470522409 ], [ -122.328778281458654, 44.234705327561649 ], [ -122.327342723716825, 44.231207026392099 ], [ -122.327620695863359, 44.231884470522409 ] ], [ [ -122.328175928810523, 44.238270287523314 ], [ -122.330511930199307, 44.23961696301226 ], [ -122.326422375115712, 44.237251317839466 ], [ -122.328175928810523, 44.238270287523314 ] ], [ [ -122.331492284659262, 44.245108041624498 ], [ -122.331571981418264, 44.245745542025723 ], [ -122.332004394966205, 44.244116654299354 ], [ -122.331492284659262, 44.245108041624498 ] ], [ [ -122.330599472526558, 44.247672664688849 ], [ -122.330267774675704, 44.248622597058812 ], [ -122.331601905798379, 44.245984899874628 ], [ -122.330599472526558, 44.247672664688849 ] ], [ [ -122.146743838457652, 44.253845356018971 ], [ -122.030664466510984, 44.253846102190245 ], [ -122.263963964378021, 44.253844816565426 ], [ -122.146743838457652, 44.253845356018971 ] ], [ [ -121.929089922610146, 44.258231130351838 ], [ -121.799352834582606, 44.258290948460335 ], [ -122.029680798798083, 44.25826421289262 ], [ -121.929089922610146, 44.258231130351838 ] ], [ [ -121.964713265367351, 43.870537789317979 ], [ -121.964722391550978, 43.870478773619006 ], [ -121.96193465671962, 43.872987348766252 ], [ -121.964713265367351, 43.870537789317979 ] ], [ [ -121.936091504048392, 43.892010628250759 ], [ -121.945786362552369, 43.883429357181029 ], [ -121.945630654196123, 43.883454933942481 ], [ -121.936091504048392, 43.892010628250759 ] ], [ [ -121.93570487790285, 43.90040965772841 ], [ -121.939833393928254, 43.900951647977308 ], [ -121.932144970054139, 43.899102988273533 ], [ -121.93570487790285, 43.90040965772841 ] ], [ [ -121.824702333650265, 44.017394222049838 ], [ -121.822611858872122, 44.015700760772688 ], [ -121.823755660322178, 44.016650236508241 ], [ -121.824702333650265, 44.017394222049838 ] ], [ [ -121.800422112756848, 44.057119706101503 ], [ -121.799614969196057, 44.059852690214434 ], [ -121.80177654340558, 44.055622939193682 ], [ -121.800422112756848, 44.057119706101503 ] ], [ [ -121.365608470232232, 44.057349131142885 ], [ -121.364236641173193, 44.058196361495064 ], [ -121.364236662309509, 44.058196349138562 ], [ -121.365608470232232, 44.057349131142885 ] ], [ [ -121.365908967362714, 44.057163539970112 ], [ -121.366863585457622, 44.056579551443775 ], [ -121.365608470232232, 44.057349131142885 ], [ -121.365908967362714, 44.057163539970112 ] ], [ [ -121.367609798730015, 44.056113052383196 ], [ -121.367579465297112, 44.056133348755829 ], [ -121.3679291546011, 44.055907538432173 ], [ -121.367609798730015, 44.056113052383196 ] ], [ [ -121.258041039525821, 44.051443216647009 ], [ -121.258564254334317, 44.051429621418997 ], [ -121.256561067758824, 44.05148165954882 ], [ -121.258041039525821, 44.051443216647009 ] ], [ [ -121.230538703679329, 44.248164867776239 ], [ -121.229401795959191, 44.24753544871912 ], [ -121.229427702230353, 44.248252875499432 ], [ -121.230538703679329, 44.248164867776239 ] ], [ [ -121.20101646346113, 44.28374847942888 ], [ -121.199223652194206, 44.288301238748666 ], [ -121.199877788520581, 44.288300730430713 ], [ -121.20101646346113, 44.28374847942888 ] ], [ [ -121.543003491216254, 44.299949297699321 ], [ -121.543643346898932, 44.299937461816327 ], [ -121.542324294746152, 44.300001324445674 ], [ -121.543003491216254, 44.299949297699321 ] ], [ [ -121.541838646233487, 44.300069566604733 ], [ -121.541816794519789, 44.300073645697026 ], [ -121.542324294746152, 44.300001324445674 ], [ -121.541838646233487, 44.300069566604733 ] ], [ [ -121.541125542359481, 44.300217095130343 ], [ -121.540437814371629, 44.300417342816516 ], [ -121.541479405926296, 44.300136626497626 ], [ -121.541125542359481, 44.300217095130343 ] ], [ [ -121.536851830227803, 44.305775663816256 ], [ -121.538067175253175, 44.304780751143348 ], [ -121.538245524961368, 44.304634743025382 ], [ -121.536851830227803, 44.305775663816256 ] ], [ [ -121.536333146360832, 44.306203629661141 ], [ -121.536333293072005, 44.306203509436429 ], [ -121.536851830227803, 44.305775663816256 ], [ -121.536333146360832, 44.306203629661141 ] ], [ [ -121.538136194086178, 44.305762266871369 ], [ -121.534891480509302, 44.308425378628826 ], [ -121.538602691889949, 44.305380530068824 ], [ -121.538136194086178, 44.305762266871369 ] ], [ [ -121.541182252455684, 44.30326954037065 ], [ -121.543645819394612, 44.301253279089323 ], [ -121.54035252549167, 44.303948557742594 ], [ -121.541182252455684, 44.30326954037065 ] ], [ [ -122.702593505232358, 44.380238585766882 ], [ -122.704336237408299, 44.381593488776829 ], [ -122.703575256985545, 44.381001776018742 ], [ -122.702593505232358, 44.380238585766882 ] ], [ [ -122.668699094124932, 44.31952290816956 ], [ -122.667410486164641, 44.324263254822526 ], [ -122.668093944142484, 44.322096178056178 ], [ -122.668699094124932, 44.31952290816956 ] ], [ [ -122.75180098489345, 44.395609305254865 ], [ -122.765238727676916, 44.395677929897225 ], [ -122.751359013183929, 44.39560702212637 ], [ -122.75180098489345, 44.395609305254865 ] ], [ [ -122.728646396114669, 44.397153009885642 ], [ -122.730001069091884, 44.396886276641951 ], [ -122.733436290213632, 44.3962098039881 ], [ -122.728646396114669, 44.397153009885642 ] ], [ [ -122.865658370411978, 44.516885353122426 ], [ -122.853814747649736, 44.515760487267862 ], [ -122.864914321370506, 44.516886021994551 ], [ -122.865658370411978, 44.516885353122426 ] ], [ [ -122.848963568811044, 44.509404618373772 ], [ -122.832901173877985, 44.504515404528945 ], [ -122.836794957438826, 44.505742626418879 ], [ -122.848963568811044, 44.509404618373772 ] ], [ [ -122.787236876699495, 44.481922365497425 ], [ -122.780786398795499, 44.475909712945459 ], [ -122.7824218346001, 44.477678583803531 ], [ -122.787236876699495, 44.481922365497425 ] ], [ [ -122.009674725823643, 44.509611180508507 ], [ -122.002782383637381, 44.489746597519407 ], [ -122.006295844594291, 44.501180920813937 ], [ -122.009674725823643, 44.509611180508507 ] ], [ [ -122.113433885755569, 44.7101040637476 ], [ -122.113453708140653, 44.710112880777579 ], [ -122.11556776299112, 44.710520608373905 ], [ -122.113433885755569, 44.7101040637476 ] ], [ [ -122.110702416069472, 44.708860837768988 ], [ -122.112047280322244, 44.709487305017475 ], [ -122.113433885755569, 44.7101040637476 ], [ -122.110702416069472, 44.708860837768988 ] ], [ [ -122.10382913531096, 44.707616752680167 ], [ -122.104823292953341, 44.707465835905026 ], [ -122.106334320130259, 44.707225190093823 ], [ -122.10382913531096, 44.707616752680167 ] ], [ [ -122.101461388353073, 44.707417647652129 ], [ -122.102791946221004, 44.707603997268308 ], [ -122.10382913531096, 44.707616752680167 ], [ -122.101461388353073, 44.707417647652129 ] ], [ [ -122.099356662734451, 44.706833207845492 ], [ -122.100340439142144, 44.70715939011194 ], [ -122.101461388353073, 44.707417647652129 ], [ -122.099356662734451, 44.706833207845492 ] ], [ [ -122.097474538808882, 44.706166981888373 ], [ -122.098478568808716, 44.706542054609599 ], [ -122.099356662734451, 44.706833207845492 ], [ -122.097474538808882, 44.706166981888373 ] ], [ [ -122.09492195701273, 44.705017124154942 ], [ -122.095752147707998, 44.705430537826473 ], [ -122.096499872197626, 44.705802876042632 ], [ -122.09492195701273, 44.705017124154942 ] ], [ [ -122.090627731362588, 44.703165862720596 ], [ -122.091210690757251, 44.70330733668483 ], [ -122.091671274602831, 44.703419110520684 ], [ -122.090627731362588, 44.703165862720596 ] ], [ [ -122.088631507803669, 44.702557781135781 ], [ -122.090124050570211, 44.703043624560095 ], [ -122.090627731362588, 44.703165862720596 ], [ -122.088631507803669, 44.702557781135781 ] ], [ [ -122.08446890428759, 44.699890703328066 ], [ -122.08473763610688, 44.700640307474544 ], [ -122.084941571020181, 44.701061848876165 ], [ -122.08446890428759, 44.699890703328066 ] ], [ [ -122.082134395839063, 44.698786389134881 ], [ -122.083007264586982, 44.69898767715322 ], [ -122.083255100568408, 44.699044827784213 ], [ -122.082134395839063, 44.698786389134881 ] ], [ [ -122.08120071825708, 44.698684713332767 ], [ -122.081201279018771, 44.698684774813117 ], [ -122.082134395839063, 44.698786389134881 ], [ -122.08120071825708, 44.698684713332767 ] ], [ [ -122.077114385545244, 44.700607906393849 ], [ -122.078213511626032, 44.700148396926259 ], [ -122.079111121471527, 44.699705404979454 ], [ -122.077114385545244, 44.700607906393849 ] ], [ [ -122.075411793197418, 44.700733883926851 ], [ -122.076522710233178, 44.700704708678991 ], [ -122.077114385545244, 44.700607906393849 ], [ -122.075411793197418, 44.700733883926851 ] ], [ [ -122.073618528659964, 44.699840258881977 ], [ -122.0738133375865, 44.700025206470777 ], [ -122.074407833395227, 44.700454026138992 ], [ -122.073618528659964, 44.699840258881977 ] ], [ [ -122.429887399184878, 44.753764188797355 ], [ -122.430252058472988, 44.753959392694931 ], [ -122.429346909623177, 44.753435385548435 ], [ -122.429887399184878, 44.753764188797355 ] ], [ [ -122.428488191391878, 44.75286007857158 ], [ -122.429156407735448, 44.753323645145429 ], [ -122.429346909623177, 44.753435385548435 ], [ -122.428488191391878, 44.75286007857158 ] ], [ [ -122.423656188099471, 44.751550470078847 ], [ -122.424172106878018, 44.751606536187467 ], [ -122.42291924362469, 44.751390456909199 ], [ -122.423656188099471, 44.751550470078847 ] ], [ [ -122.420981523038861, 44.75245909616455 ], [ -122.421278843855546, 44.752022422482256 ], [ -122.420864250703048, 44.752579580910705 ], [ -122.420981523038861, 44.75245909616455 ] ], [ [ -122.420079703081996, 44.753301288018882 ], [ -122.420222954036547, 44.753209173103819 ], [ -122.420864250703048, 44.752579580910705 ], [ -122.420079703081996, 44.753301288018882 ] ], [ [ -122.419596950567509, 44.753489525718528 ], [ -122.419772654027867, 44.753446765185402 ], [ -122.420079703081996, 44.753301288018882 ], [ -122.419596950567509, 44.753489525718528 ] ], [ [ -122.418649074357774, 44.753624034961057 ], [ -122.419065121536207, 44.753591819433687 ], [ -122.419596950567509, 44.753489525718528 ], [ -122.418649074357774, 44.753624034961057 ] ], [ [ -122.417608608280759, 44.753505000262699 ], [ -122.418121649767798, 44.75358995266388 ], [ -122.418649074357774, 44.753624034961057 ], [ -122.417608608280759, 44.753505000262699 ] ], [ [ -122.416606843818499, 44.753255793208069 ], [ -122.417003579432759, 44.753375042108786 ], [ -122.417608608280759, 44.753505000262699 ], [ -122.416606843818499, 44.753255793208069 ] ], [ [ -122.415156099331057, 44.752589732005461 ], [ -122.415761330068349, 44.752899672622107 ], [ -122.416606843818499, 44.753255793208069 ], [ -122.415156099331057, 44.752589732005461 ] ], [ [ -122.411783539676335, 44.752258412918124 ], [ -122.412062334627464, 44.752131354377241 ], [ -122.411509679384992, 44.752360178478611 ], [ -122.411783539676335, 44.752258412918124 ] ], [ [ -122.411135423832761, 44.75351014411585 ], [ -122.411106524949503, 44.753438685036201 ], [ -122.411021646704057, 44.753317759644332 ], [ -122.411135423832761, 44.75351014411585 ] ], [ [ -122.411223222477204, 44.753764087008911 ], [ -122.411171548641548, 44.753599472662053 ], [ -122.411135423832761, 44.75351014411585 ], [ -122.411223222477204, 44.753764087008911 ] ], [ [ -122.410998711662188, 44.754134682443635 ], [ -122.41120682487859, 44.753908069681721 ], [ -122.411223222477204, 44.753764087008911 ], [ -122.410998711662188, 44.754134682443635 ] ], [ [ -122.41053816602458, 44.754296955465939 ], [ -122.41071376772058, 44.754250866619408 ], [ -122.410998711662188, 44.754134682443635 ], [ -122.41053816602458, 44.754296955465939 ] ], [ [ -122.409783328949374, 44.75446795659451 ], [ -122.410188891733696, 44.75438927085969 ], [ -122.41053816602458, 44.754296955465939 ], [ -122.409783328949374, 44.75446795659451 ] ], [ [ -122.407991144437929, 44.754767884162511 ], [ -122.408217371944801, 44.754738781805145 ], [ -122.408818024643352, 44.754620890217545 ], [ -122.407991144437929, 44.754767884162511 ] ] ], [ [ [ -123.20904062261117, 44.210255001643866 ], [ -123.211274088728899, 44.211367704506614 ], [ -123.20904791116736, 44.211331956371723 ], [ -123.20904062261117, 44.210255001643866 ] ] ], [ [ [ -123.209049711680208, 44.211683474780898 ], [ -123.209643933006177, 44.212095134793742 ], [ -123.209051768174902, 44.212091295672337 ], [ -123.209049711680208, 44.211683474780898 ] ] ], [ [ [ -123.211928608071076, 44.214981862408479 ], [ -123.209052525962818, 44.212255906451844 ], [ -123.211994658534977, 44.212847534767562 ], [ -123.211928608071076, 44.214981862408479 ] ] ], [ [ [ -123.213966644841491, 44.214561975047594 ], [ -123.216493289926987, 44.215022299122261 ], [ -123.213967787122229, 44.214999916892062 ], [ -123.213966644841491, 44.214561975047594 ] ] ], [ [ [ -123.21470743178611, 44.222284082677234 ], [ -123.221509944360022, 44.21885576747674 ], [ -123.221655831449382, 44.2222194465486 ], [ -123.21470743178611, 44.222284082677234 ] ] ], [ [ [ -123.216166196574363, 44.222465307680388 ], [ -123.217272336225307, 44.2224745499853 ], [ -123.21693362259964, 44.22299010293991 ], [ -123.216166196574363, 44.222465307680388 ] ] ], [ [ [ -123.218884677831753, 44.222465936665152 ], [ -123.217849728258258, 44.223952731728232 ], [ -123.217462902306892, 44.222476260066266 ], [ -123.218884677831753, 44.222465936665152 ] ] ], [ [ [ -123.221704765417272, 44.223912312243677 ], [ -123.220178818534023, 44.225006891570423 ], [ -123.220159492218002, 44.224185501544845 ], [ -123.221704765417272, 44.223912312243677 ] ] ], [ [ [ -123.215628639629145, 44.228982506173772 ], [ -123.216188295910698, 44.229574447950505 ], [ -123.215637822916335, 44.229572704183539 ], [ -123.215628639629145, 44.228982506173772 ] ] ], [ [ [ -123.20055457402394, 44.1631147195842 ], [ -123.199603126402806, 44.164075588981632 ], [ -123.199870896960917, 44.163108950811264 ], [ -123.20055457402394, 44.1631147195842 ] ] ], [ [ [ -123.208805122536475, 44.208951569773056 ], [ -123.208365904591247, 44.212213342181094 ], [ -123.208349418112647, 44.208947420391993 ], [ -123.208805122536475, 44.208951569773056 ] ] ], [ [ [ -123.207216856300306, 44.214630202557309 ], [ -123.208824935042117, 44.212637630922352 ], [ -123.208834018537488, 44.214655964517377 ], [ -123.207216856300306, 44.214630202557309 ] ] ], [ [ [ -123.126148549374932, 44.08863656893098 ], [ -123.126148562296223, 44.088622428919059 ], [ -123.126148722270798, 44.088622430572073 ], [ -123.126148549374932, 44.08863656893098 ] ] ] ] } },
{ "type": "Feature", "properties": { "district_id": 5, "voting_age_pop": 515983, "lib_votes": 0, "grn_votes": 0, "con_votes": 0, "ref_votes": 0, "total_pop": 649311, "dem_votes_sum": 117027, "rep_votes_sum": 191024, "lib_votes_sum": 0, "grn_votes_sum": 0, "con_votes_sum": 0, "ref_votes_sum": 0, "minority_pop_sum": 112552, "dem_pct": 0.37989488753485623, "rep_pct": 0.62010511246514377, "lib_pct": 0.0, "grn_pct": 0.0, "con_pct": 0.0, "ref_pct": 0.0, "minority_pct": 0.1733406641809549, "compactness": 0.059034106456098259 }, "geometry": { "type": "Polygon", "coordinates": [ [ [ -124.211504547319421, 41.998486666113813 ], [ -124.271600007556614, 42.045571436384591 ], [ -124.290518836265932, 42.042587665647872 ], [ -124.354165188350521, 42.10397220368143 ], [ -124.361576128004955, 42.181158072857436 ], [ -124.378281540487734, 42.219874740457563 ], [ -124.41438306211063, 42.251543471644069 ], [ -124.410866540838938, 42.307585807908374 ], [ -124.433447789391707, 42.323661378810577 ], [ -124.424793417639748, 42.377143954862056 ], [ -124.436547136484151, 42.440743139545809 ], [ -124.391167453116992, 42.569830901719364 ], [ -124.408278062534947, 42.593865313741368 ], [ -124.400044473213981, 42.619199693050483 ], [ -124.411757136640318, 42.654069604079396 ], [ -124.451134993326718, 42.67539824686606 ], [ -124.475168572190668, 42.733365159029361 ], [ -124.492278725973435, 42.741869741872563 ], [ -124.515343983282776, 42.736721572405003 ], [ -124.531198023122073, 42.804615568164245 ], [ -124.566571675305312, 42.836245273712706 ], [ -124.549894703431903, 42.843182402156167 ], [ -124.480459575556125, 42.954359225205103 ], [ -124.437106934357658, 42.953734996132994 ], [ -124.481129792335835, 42.95494276726297 ], [ -124.44477947329807, 43.036899349176061 ], [ -124.437224653569061, 43.114397755725371 ], [ -124.401098911438979, 43.184785389123277 ], [ -124.380482588321826, 43.26920711921948 ], [ -124.402661104350472, 43.307664571732943 ], [ -124.372633119444203, 43.333285013054393 ], [ -124.378703937793858, 43.346779073477045 ], [ -124.370866133473797, 43.338695673250442 ], [ -124.349674876314651, 43.354252635648912 ], [ -124.322282543685617, 43.352907060884675 ], [ -124.320936869393876, 43.363053026015734 ], [ -124.338817835901168, 43.354894061670315 ], [ -124.278501363400821, 43.451974039313562 ], [ -124.230833154047687, 43.451889919081871 ], [ -124.277911170426748, 43.45197664830819 ], [ -124.230883479654992, 43.561994927226898 ], [ -124.158781076823146, 43.863510273931027 ], [ -124.141787526306899, 43.863625169119544 ], [ -124.159198034610441, 43.863743738100943 ], [ -124.109630157237646, 44.224259295399648 ], [ -124.115380286431488, 44.276187445364627 ], [ -124.091150560327137, 44.276137378318744 ], [ -124.11462439182533, 44.27629862019505 ], [ -124.115214397839296, 44.286491304200197 ], [ -124.083324430011047, 44.477957319111312 ], [ -123.918370588094049, 44.474727931111119 ], [ -123.597708356573094, 44.477285366564431 ], [ -123.78134072194662, 44.475932339763638 ], [ -123.781276840501008, 44.592446414593454 ], [ -123.657674865395705, 44.591738591841072 ], [ -123.658685454684829, 44.564845154838871 ], [ -123.634251192545264, 44.564412677711474 ], [ -123.633585350088993, 44.537412194430807 ], [ -123.597248566719628, 44.536893662104902 ], [ -123.596867961096393, 44.477451999666336 ], [ -123.496444922398453, 44.476494820932963 ], [ -123.496667235258556, 44.432954979061734 ], [ -123.476556599915511, 44.433632004530892 ], [ -123.471963409283532, 44.375329080269601 ], [ -123.552882186477802, 44.375179018296919 ], [ -123.552047886176354, 44.33156378179936 ], [ -123.53217238374323, 44.331615127383138 ], [ -123.534642866152879, 44.281530885367594 ], [ -123.330686049069115, 44.283614359238953 ], [ -123.340508336533617, 44.26522717295822 ], [ -123.330881362504641, 44.244637336731927 ], [ -123.345698265026314, 44.244718287648482 ], [ -123.348293235188237, 44.223185386522665 ], [ -123.335388302732142, 44.186601598210949 ], [ -123.351292182425738, 44.161045692001146 ], [ -123.290476605853371, 44.188861688707057 ], [ -123.203050262714726, 44.193035222068552 ], [ -123.204923180939559, 44.207346114167414 ], [ -123.213935719356641, 44.207720357729002 ], [ -123.221620216423347, 44.215065816869362 ], [ -123.217788049205851, 44.218739222727379 ], [ -123.234856664121125, 44.215335525271328 ], [ -123.23991005513372, 44.228475995336353 ], [ -123.201078627819143, 44.232551149164841 ], [ -123.19201132474447, 44.218551103288291 ], [ -123.19377125275534, 44.205645325141603 ], [ -123.203205194609154, 44.213097783877231 ], [ -123.200599695899641, 44.171439620626245 ], [ -123.186810830587234, 44.156755307831901 ], [ -123.200501330295481, 44.149574943714882 ], [ -123.195400441031381, 44.127931110718407 ], [ -123.208557308432091, 44.128072923919227 ], [ -123.208986840134159, 44.049362207166538 ], [ -123.270914628844864, 44.001781312414266 ], [ -123.259480045153595, 43.975490679996319 ], [ -123.22957930253969, 43.975211386261009 ], [ -123.237875886872516, 43.924845138841327 ], [ -123.227620075650663, 43.917522211666416 ], [ -123.187623360076685, 43.917386491981595 ], [ -123.187749724970871, 43.931809947411608 ], [ -123.107612424247066, 43.931648571446509 ], [ -123.107706601988156, 43.953382090181428 ], [ -123.070361630451671, 43.953341828916493 ], [ -123.062551515927566, 43.982365187973848 ], [ -123.032504072739343, 43.982485361024722 ], [ -123.032470670251058, 43.967870364405215 ], [ -123.013160072928827, 43.967861125819674 ], [ -123.014814301383851, 43.953347495890334 ], [ -122.987146640665387, 43.953327115081159 ], [ -122.987055560254547, 43.996832846999254 ], [ -122.958392510176282, 43.996732787321442 ], [ -122.966490730571252, 44.023668134190984 ], [ -122.937493068140526, 44.019539177223159 ], [ -122.93623106941277, 44.009382198412823 ], [ -122.924474087183143, 44.013913187177273 ], [ -122.903947128402038, 43.996658231251502 ], [ -122.848364222499555, 43.993191244900913 ], [ -122.837984213362859, 44.002121204699016 ], [ -122.848823544406002, 44.018229216701997 ], [ -122.805552206934607, 44.019279391928748 ], [ -122.805553118754304, 44.004299283406063 ], [ -122.745289859624435, 44.011121805798403 ], [ -122.745231346441557, 44.040984314559523 ], [ -122.265299535710184, 44.04134502477978 ], [ -122.265733585434162, 43.952277251829798 ], [ -122.141094303363218, 43.952302271548994 ], [ -122.062406119775687, 43.881518745090638 ], [ -121.989435330812668, 43.877577332678882 ], [ -121.967884815958143, 43.864933050577527 ], [ -121.975495144412264, 43.811451604450063 ], [ -121.894916096886163, 43.793997020040408 ], [ -121.809905384065019, 43.822784691428957 ], [ -121.813351655450944, 43.858457091435326 ], [ -121.75163680694763, 43.88707805548804 ], [ -121.675080428804364, 43.871578386539269 ], [ -121.643931098119026, 43.885892988210848 ], [ -121.542410965119132, 43.901732707898184 ], [ -121.530174676662682, 43.908703538678196 ], [ -121.544168388337013, 43.92153318335599 ], [ -121.34478685639661, 43.921001015963476 ], [ -121.347957055802809, 43.688931799269639 ], [ -121.457636300552309, 43.689053476063947 ], [ -121.452715980225861, 43.674507187756831 ], [ -121.481187417696731, 43.674426899338442 ], [ -121.481088625300288, 43.659985130828773 ], [ -121.515464252665453, 43.667315366505903 ], [ -121.497671470136751, 43.688907218773814 ], [ -121.5653985921778, 43.688868973699066 ], [ -121.565215513387585, 43.67419693656921 ], [ -121.984889729828481, 43.667149630951748 ], [ -121.964884622701817, 43.626856428888026 ], [ -122.000378682715336, 43.626276106429984 ], [ -122.003418481820376, 43.615782181152177 ], [ -121.33260660188752, 43.616754551518852 ], [ -121.332412694334735, 43.356662706930244 ], [ -121.348470614077442, 43.356752557194419 ], [ -121.348248449226148, 43.266499267461164 ], [ -121.778257315222447, 43.268837304263506 ], [ -121.790071114452473, 43.234466304597284 ], [ -121.781199506492129, 43.186724914736274 ], [ -121.825360162440774, 43.081165235096968 ], [ -121.831175543017437, 43.015459610078771 ], [ -121.888782432711935, 42.884505219118559 ], [ -121.831717155463068, 42.867650759463586 ], [ -121.838467375192295, 42.748210815130307 ], [ -121.700887590815185, 42.74762911645994 ], [ -121.700759192361303, 42.892485870639106 ], [ -121.350373074101768, 42.891944547974113 ], [ -121.349785421682597, 42.404436277425255 ], [ -121.360087940276784, 42.395593048888259 ], [ -121.349846641606462, 42.334904246274299 ], [ -121.349809995703097, 42.376448167343561 ], [ -121.336235930605454, 42.362683110211918 ], [ -121.308789878805129, 42.369051093522991 ], [ -121.269339912897834, 42.358117093704792 ], [ -121.257954862221496, 42.368501074874246 ], [ -121.216415880326281, 42.343030016739206 ], [ -121.201266963946793, 42.347619071876125 ], [ -121.190462041742052, 42.330031019483009 ], [ -121.178380914015165, 42.328862077050204 ], [ -121.166891995625846, 42.346521015631446 ], [ -121.16212487500097, 42.323111027532889 ], [ -121.142132928921384, 42.338438046583413 ], [ -121.112206054251629, 42.344892996024477 ], [ -121.085094866910069, 42.334002111087486 ], [ -121.075120938031461, 42.346159048226752 ], [ -121.052534048074079, 42.325821077949101 ], [ -121.027807940050195, 42.372339974571553 ], [ -121.008609863273662, 42.365990047308721 ], [ -121.013031960273281, 42.383098988932439 ], [ -121.003022886947136, 42.383148119668519 ], [ -120.911405925385068, 42.338450070440835 ], [ -120.883317668262578, 42.337016762119831 ], [ -120.878816945180944, 41.992443327373657 ], [ -121.698417623364833, 42.000864208014526 ], [ -121.698373492249047, 42.082399372913727 ], [ -121.698417678553469, 42.000864194815662 ], [ -121.824597581746218, 42.002478423340726 ], [ -121.825095170909776, 42.003553577467493 ], [ -121.836765254837857, 42.009631648573198 ], [ -121.838552214580503, 42.01821771512342 ], [ -121.841055958901435, 42.020339686556362 ], [ -121.843646157074261, 42.021504194431074 ], [ -121.843980591539477, 42.038521320920928 ], [ -121.848783369466517, 42.04593201331906 ], [ -121.848748796831273, 42.063861517164433 ], [ -121.851927505420122, 42.064452412141421 ], [ -121.845074154612533, 42.081702894984467 ], [ -121.851931823951901, 42.064449595873057 ], [ -121.848753115469265, 42.063858701023896 ], [ -121.848787688063453, 42.04592919899774 ], [ -121.843650474140006, 42.021501379467217 ], [ -121.836769571354466, 42.00962883300992 ], [ -121.824601897113723, 42.0024756082924 ], [ -123.131528298834468, 42.00859107559878 ], [ -123.657151058097767, 41.995142316203228 ], [ -124.137899652458358, 41.997326876697137 ], [ -124.211504547319421, 41.998486666113813 ] ], [ [ -124.420040774041397, 43.090087120496953 ], [ -124.420055136289392, 43.095869683385914 ], [ -124.434374295208286, 43.090370520008754 ], [ -124.420040774041397, 43.090087120496953 ] ], [ [ -123.597625110890689, 44.469541023254159 ], [ -123.597246409642239, 44.477239281696555 ], [ -123.597708356573094, 44.477285366564431 ], [ -123.597625110890689, 44.469541023254159 ] ], [ [ -123.137757794654419, 43.761489963259287 ], [ -123.137322442465788, 43.77966914588319 ], [ -123.137691167558955, 43.779668079109008 ], [ -123.137757794654419, 43.761489963259287 ] ], [ [ -123.138179148755967, 43.736660365303571 ], [ -123.137487227972073, 43.654566738708432 ], [ -123.137987551800748, 43.745104945918996 ], [ -123.138179148755967, 43.736660365303571 ] ], [ [ -123.126201122381062, 43.6059293581527 ], [ -123.121572255548671, 43.605932617083106 ], [ -123.128333533017098, 43.605938376144586 ], [ -123.126201122381062, 43.6059293581527 ] ], [ [ -123.106354404908103, 43.591440942364521 ], [ -123.107347720529646, 43.605892813536109 ], [ -123.107728509554832, 43.605893879072433 ], [ -123.106354404908103, 43.591440942364521 ] ], [ [ -123.107489107560838, 43.540009355545116 ], [ -123.004572112526091, 43.539399398068639 ], [ -123.107344665838085, 43.5465587670856 ], [ -123.107489107560838, 43.540009355545116 ] ], [ [ -122.931826004836537, 42.77482641371045 ], [ -122.931874633279932, 42.753329783130226 ], [ -122.933430702936647, 42.738039355422423 ], [ -122.931871110851617, 42.753330691902818 ], [ -122.931826004836537, 42.77482641371045 ] ], [ [ -122.934908707459869, 42.738040153558302 ], [ -122.935254862539892, 42.723513829212955 ], [ -122.935222544815346, 42.709701622693572 ], [ -122.935218135084654, 42.708975394064545 ], [ -122.934783407667112, 42.694353776266112 ], [ -122.924790487071334, 42.694545718499469 ], [ -122.925494364151604, 42.684919859352107 ], [ -122.925838373675219, 42.679977552947989 ], [ -122.925164386883466, 42.672806253284058 ], [ -122.914559209869225, 42.665504496510636 ], [ -122.924786969264815, 42.694546627887064 ], [ -122.934779891206432, 42.694354685048395 ], [ -122.934908707459869, 42.738040153558302 ] ], [ [ -122.924492510666738, 42.66564520013894 ], [ -122.924883000983741, 42.651009232551068 ], [ -122.875691450961767, 42.650786240314041 ], [ -122.875798447357596, 42.647221082206258 ], [ -122.87580326921443, 42.646788127606385 ], [ -122.875839561335766, 42.639297068475088 ], [ -122.875847344707381, 42.636337653905642 ], [ -122.875687933770436, 42.650787148128373 ], [ -122.924879484528716, 42.651010141946173 ], [ -122.924492510666738, 42.66564520013894 ] ], [ [ -122.905966450322339, 42.636390872324711 ], [ -122.905870141197866, 42.607356764024289 ], [ -122.895832263616654, 42.592881890680957 ], [ -122.875918124405857, 42.592875939195466 ], [ -122.875999843810931, 42.563751278755348 ], [ -122.876025082548196, 42.534777405016968 ], [ -122.875963973837017, 42.523755171236139 ], [ -122.876008072896894, 42.523644716348542 ], [ -122.87599318046955, 42.514816856460321 ], [ -122.875960464125924, 42.523756078990957 ], [ -122.87599633484227, 42.563749725544916 ], [ -122.875914610629977, 42.592876846986485 ], [ -122.895828750143366, 42.592882799111855 ], [ -122.905866628242322, 42.607357672758674 ], [ -122.905966450322339, 42.636390872324711 ] ], [ [ -122.866703913353177, 42.517761392263509 ], [ -122.86771841856833, 42.505577602683104 ], [ -122.852491073454885, 42.505577486756664 ], [ -122.848556984431042, 42.493384590230555 ], [ -122.852490784287241, 42.50557832705573 ], [ -122.867718128399758, 42.505578443048876 ], [ -122.866703913353177, 42.517761392263509 ] ], [ [ -122.866815505683178, 42.477034437616894 ], [ -122.866938928509981, 42.476463978923725 ], [ -122.866938928956486, 42.476463976852123 ], [ -122.866815505683178, 42.477034437616894 ] ], [ [ -122.868625586415334, 42.472832157144104 ], [ -122.868625875197893, 42.472831316819381 ], [ -122.868767808582703, 42.472256325158696 ], [ -122.868625586415334, 42.472832157144104 ] ], [ [ -122.875032029625586, 42.464496531776334 ], [ -122.875032318277917, 42.464495691439041 ], [ -122.875245566192078, 42.463750164128392 ], [ -122.875032029625586, 42.464496531776334 ] ], [ [ -122.875541244393503, 42.462932960491621 ], [ -122.875621765966315, 42.462662105508095 ], [ -122.875621896644631, 42.462661737041294 ], [ -122.875621747611874, 42.462662102308897 ], [ -122.875541244393503, 42.462932960491621 ] ], [ [ -122.874980766427186, 42.459636455885835 ], [ -122.875711797035862, 42.462281827108697 ], [ -122.875679766928045, 42.462050822061578 ], [ -122.875386528034454, 42.460870263142127 ], [ -122.87528417488582, 42.460497453435764 ], [ -122.87498105505685, 42.459635615551214 ], [ -122.875031732993136, 42.458752951868895 ], [ -122.874980766427186, 42.459636455885835 ] ], [ [ -122.876019054238512, 42.458074872284854 ], [ -122.875984267878309, 42.450741275142967 ], [ -122.875517624183374, 42.450853483529137 ], [ -122.875195291243543, 42.450942785574121 ], [ -122.875034975013762, 42.451009638241871 ], [ -122.873932202215897, 42.451089935199299 ], [ -122.873805175116857, 42.451130692775735 ], [ -122.873653664241147, 42.451203707383677 ], [ -122.873518315718329, 42.451250986990651 ], [ -122.873425792796283, 42.451297368657876 ], [ -122.873284548736308, 42.451414605744695 ], [ -122.873177077098973, 42.451518437846232 ], [ -122.873021858566773, 42.451718496974905 ], [ -122.871973723099288, 42.45219846567219 ], [ -122.869482123484886, 42.452859276215584 ], [ -122.867861947085501, 42.453534410757406 ], [ -122.86629594386504, 42.453959962082706 ], [ -122.866038178039744, 42.454042376219959 ], [ -122.865845033208117, 42.454147991901969 ], [ -122.86564971721188, 42.454200789219627 ], [ -122.863100789057739, 42.454573590271842 ], [ -122.862747643432584, 42.454530184348492 ], [ -122.862386961739347, 42.454506740736868 ], [ -122.86177363354011, 42.454391823631539 ], [ -122.861437866030187, 42.454354398253876 ], [ -122.861043099406089, 42.454343596932048 ], [ -122.860453731530967, 42.454400341872272 ], [ -122.860164415259021, 42.454457169933207 ], [ -122.859242780033341, 42.454793824357239 ], [ -122.858443593306916, 42.454969208412074 ], [ -122.858044842558016, 42.455079100890373 ], [ -122.856227235592399, 42.455301096961172 ], [ -122.856107535187888, 42.447369755176723 ], [ -122.851213750907434, 42.44735530445039 ], [ -122.85622694550635, 42.455301937270036 ], [ -122.858044553712503, 42.455079941177715 ], [ -122.859242491206032, 42.454794664647615 ], [ -122.860453441508625, 42.454401182191951 ], [ -122.863100497857758, 42.454574430624916 ], [ -122.865649427227922, 42.454201628654047 ], [ -122.86584474326267, 42.454148832235781 ], [ -122.86629565271295, 42.453960802443973 ], [ -122.867861657171375, 42.453535251096277 ], [ -122.869481834810699, 42.452860116531994 ], [ -122.871973434463271, 42.452199305994881 ], [ -122.87302156873389, 42.451719337326509 ], [ -122.873804884083967, 42.451131533155582 ], [ -122.875034686390819, 42.451010477673059 ], [ -122.875983978056126, 42.450742114602974 ], [ -122.876019054238512, 42.458074872284854 ] ], [ [ -122.846249045063672, 42.440073852888403 ], [ -122.846323079143147, 42.4509828538785 ], [ -122.84632001118942, 42.447294292597476 ], [ -122.846249045063672, 42.440073852888403 ] ], [ [ -122.865859917279735, 42.438998789224328 ], [ -122.847907996446452, 42.440079094915909 ], [ -122.849491363205871, 42.440084877747516 ], [ -122.851736928376894, 42.440092733758377 ], [ -122.858370968344303, 42.440114258101659 ], [ -122.860267903713606, 42.440119069231741 ], [ -122.865869051513812, 42.440132607560997 ], [ -122.865859917279735, 42.438998789224328 ] ], [ [ -122.865860714229186, 42.438997931527766 ], [ -122.865861010853465, 42.438997937687979 ], [ -122.865906958268027, 42.438998049932835 ], [ -122.865860714229186, 42.438997931527766 ] ], [ [ -122.890905531067418, 42.438926635020024 ], [ -122.88356069341053, 42.43904316590708 ], [ -122.890725542600066, 42.438930182016826 ], [ -122.890726346124993, 42.438930167098761 ], [ -122.890905531067418, 42.438926635020024 ] ], [ [ -122.890909224643238, 42.438926562231103 ], [ -122.891601937789133, 42.440452863923333 ], [ -122.891726901357558, 42.440726909322841 ], [ -122.890909224643238, 42.438926562231103 ] ], [ [ -122.900236602780794, 42.438045113810922 ], [ -122.900246466943329, 42.438041688250102 ], [ -122.900246468256952, 42.438041687741865 ], [ -122.900236602780794, 42.438045113810922 ] ], [ [ -122.902799502057547, 42.437874421185271 ], [ -122.902798698621993, 42.43787443799016 ], [ -122.903855664356669, 42.437970901469285 ], [ -122.905672522703682, 42.438270992519662 ], [ -122.906210201098162, 42.438349726012667 ], [ -122.906748199369915, 42.438396638114824 ], [ -122.907420770579407, 42.438447741061374 ], [ -122.908071306601954, 42.438489043514238 ], [ -122.908647180935446, 42.438506578515756 ], [ -122.910066668614874, 42.438512139197364 ], [ -122.91073240336614, 42.438531402804507 ], [ -122.91530989295066, 42.438951773773965 ], [ -122.910733206771965, 42.438531385042246 ], [ -122.906749002811395, 42.438396621280845 ], [ -122.903856467793204, 42.437970884656579 ], [ -122.902799502057547, 42.437874421185271 ] ], [ [ -122.916641644293392, 42.439300225760277 ], [ -122.916643702230715, 42.439300714719806 ], [ -122.916617781213944, 42.439293670261989 ], [ -122.916641644293392, 42.439300225760277 ] ], [ [ -122.918761814965819, 42.439741091743841 ], [ -122.916760427145391, 42.439328445887654 ], [ -122.917184036131815, 42.439421139103338 ], [ -122.917725054833525, 42.439550518850773 ], [ -122.918224845355269, 42.439633238698278 ], [ -122.918724260354963, 42.439735146041933 ], [ -122.918761814965819, 42.439741091743841 ] ], [ [ -122.925816693013914, 42.441863740182328 ], [ -122.923836115076583, 42.441372100732629 ], [ -122.92435785823244, 42.441526049227207 ], [ -122.924758451224989, 42.441634221378663 ], [ -122.924974663681624, 42.441692134952177 ], [ -122.925501027093503, 42.441820124144172 ], [ -122.925794285479213, 42.441861370534909 ], [ -122.925816693013914, 42.441863740182328 ] ], [ [ -122.92898592231937, 42.440561818701028 ], [ -122.929621815626476, 42.44057064474768 ], [ -122.929622248036495, 42.440570637055515 ], [ -122.928986070065221, 42.440561803648208 ], [ -122.92898592231937, 42.440561818701028 ] ], [ [ -122.93033851724384, 42.440517137609646 ], [ -122.930394732984894, 42.44113317433002 ], [ -122.930339341727418, 42.440517036913796 ], [ -122.93033851724384, 42.440517137609646 ] ], [ [ -122.931999639656297, 42.441142015741725 ], [ -122.932015386436291, 42.441142004820492 ], [ -122.93201546316017, 42.441141996738267 ], [ -122.931999639656297, 42.441142015741725 ] ], [ [ -122.933644943423403, 42.441054878002468 ], [ -122.933645133391977, 42.441055128389046 ], [ -122.933808846439547, 42.44111344374015 ], [ -122.933644943423403, 42.441054878002468 ] ], [ [ -122.939436483477365, 42.440241989642473 ], [ -122.939437296141037, 42.440493291602472 ], [ -122.939436773717091, 42.440241987597503 ], [ -122.939436483477365, 42.440241989642473 ] ], [ [ -122.940900696322487, 42.440234715202799 ], [ -122.940908012394459, 42.440234691229826 ], [ -122.940914548013296, 42.440234662008223 ], [ -122.940900696322487, 42.440234715202799 ] ], [ [ -122.952561855149483, 42.43858248493509 ], [ -122.952582210829362, 42.438561866681063 ], [ -122.952584562850376, 42.438559230743039 ], [ -122.952561855149483, 42.43858248493509 ] ], [ [ -122.95384810252186, 42.43804844700017 ], [ -122.953764662532421, 42.438033279987408 ], [ -122.953764276949144, 42.438033372451059 ], [ -122.95384810252186, 42.43804844700017 ] ], [ [ -122.953999953891753, 42.437916788066843 ], [ -122.953999742471126, 42.438075716496783 ], [ -122.954000240934135, 42.43791626515403 ], [ -122.953999953891753, 42.437916788066843 ] ], [ [ -122.954001164380301, 42.437913368639343 ], [ -122.954001833400056, 42.437901664998037 ], [ -122.953999279487761, 42.437901413116045 ], [ -122.954001164380301, 42.437913368639343 ] ], [ [ -122.954942607425224, 42.438041523452071 ], [ -122.954946928245747, 42.438043161442344 ], [ -122.954942392572846, 42.438041456492044 ], [ -122.954942607425224, 42.438041523452071 ] ], [ [ -122.960833568786811, 42.438007669507506 ], [ -122.960833923653098, 42.438007624316356 ], [ -122.9608308882068, 42.438008118985735 ], [ -122.960833568786811, 42.438007669507506 ] ], [ [ -122.96127810665665, 42.437986468319373 ], [ -122.961278286802809, 42.437986471926891 ], [ -122.961254151419041, 42.437985988103719 ], [ -122.96127810665665, 42.437986468319373 ] ], [ [ -122.963798431445255, 42.437747584961372 ], [ -122.964059689969261, 42.43757873641384 ], [ -122.964437355657822, 42.437473095813971 ], [ -122.963798431445255, 42.437747584961372 ] ], [ [ -122.965516295692595, 42.437285084289329 ], [ -122.965579936696543, 42.43727595509273 ], [ -122.965283971819517, 42.437317333445968 ], [ -122.965516295692595, 42.437285084289329 ] ], [ [ -122.967125051842444, 42.43676440417584 ], [ -122.967160080059017, 42.436737129141264 ], [ -122.967164023127211, 42.436733784604741 ], [ -122.967125051842444, 42.43676440417584 ] ], [ [ -122.968833193262867, 42.433186788425807 ], [ -122.968718310570409, 42.434340269242156 ], [ -122.96877774793451, 42.433910035477275 ], [ -122.968833193262867, 42.433186788425807 ] ], [ [ -122.976882559016886, 42.433933098351588 ], [ -122.976882578041938, 42.433933121268915 ], [ -122.976882559440156, 42.433933089492712 ], [ -122.976882559016886, 42.433933098351588 ] ], [ [ -122.982794965630006, 42.435758408205935 ], [ -122.982845242675623, 42.435761270835002 ], [ -122.982794965440718, 42.435758407743229 ], [ -122.982794965630006, 42.435758408205935 ] ], [ [ -122.982125396646026, 42.41716957808795 ], [ -122.982125228077152, 42.417169554034515 ], [ -122.9821318907983, 42.41717362210359 ], [ -122.982125396646026, 42.41716957808795 ] ], [ [ -122.979863647075732, 42.41571442780635 ], [ -122.979899151518211, 42.415747649109733 ], [ -122.979973926303856, 42.41581703093135 ], [ -122.979863647075732, 42.41571442780635 ] ], [ [ -122.979824421622368, 42.415669793366696 ], [ -122.979778885116048, 42.415617729381452 ], [ -122.979863647075732, 42.41571442780635 ], [ -122.979824421622368, 42.415669793366696 ] ], [ [ -122.993840397144879, 42.385429412824188 ], [ -122.993840205404112, 42.385434658127103 ], [ -122.993840409852226, 42.385538783434832 ], [ -122.993840397144879, 42.385429412824188 ] ], [ [ -122.993834329580579, 42.377275071446491 ], [ -122.993834264077876, 42.377262163721973 ], [ -122.993833266574455, 42.378322220646275 ], [ -122.993834329580579, 42.377275071446491 ] ], [ [ -122.993835671856971, 42.375876402308457 ], [ -122.993835581512784, 42.375860683532977 ], [ -122.993834264077876, 42.377262163721973 ], [ -122.993835671856971, 42.375876402308457 ] ], [ [ -122.993836886569071, 42.374608534351353 ], [ -122.993836775808319, 42.374590926641616 ], [ -122.993835581512784, 42.375860683532977 ], [ -122.993836886569071, 42.374608534351353 ] ], [ [ -122.99378849950665, 42.367903058573567 ], [ -122.993789212160152, 42.368037515819502 ], [ -122.99378955254663, 42.368083629342344 ], [ -122.99378849950665, 42.367903058573567 ] ], [ [ -122.99378068638751, 42.366666678117681 ], [ -122.993780865183282, 42.366718118922257 ], [ -122.993782251651282, 42.366986189270911 ], [ -122.99378068638751, 42.366666678117681 ] ], [ [ -122.993778973856038, 42.366332731754376 ], [ -122.993779034025181, 42.366363811081392 ], [ -122.993779197971733, 42.366394906027146 ], [ -122.993778973856038, 42.366332731754376 ] ], [ [ -122.993778353385309, 42.366199438581404 ], [ -122.993778364167312, 42.366234197976794 ], [ -122.993778973856038, 42.366332731754376 ], [ -122.993778353385309, 42.366199438581404 ] ], [ [ -122.929056874992014, 42.340784292615915 ], [ -122.929056844400947, 42.340784555105124 ], [ -122.929056844541563, 42.340784555105941 ], [ -122.929056874992014, 42.340784292615915 ] ], [ [ -122.924323436353021, 42.340792056659481 ], [ -122.924018668211488, 42.340793030090893 ], [ -122.924332849849833, 42.340792067457322 ], [ -122.924323436353021, 42.340792056659481 ] ], [ [ -122.92279341137889, 42.340796931455344 ], [ -122.922539618101396, 42.340797717285461 ], [ -122.922818971392346, 42.340796954620735 ], [ -122.92279341137889, 42.340796931455344 ] ], [ [ -122.914689998340165, 42.336131558184412 ], [ -122.914690015405043, 42.336119282684855 ], [ -122.914689881127515, 42.336139663227911 ], [ -122.914689998340165, 42.336131558184412 ] ], [ [ -122.914692373011775, 42.333513445066174 ], [ -122.914692249826942, 42.333696930141372 ], [ -122.914692298211236, 42.333785097656936 ], [ -122.914692373011775, 42.333513445066174 ] ], [ [ -122.916691829243334, 42.328096335014315 ], [ -122.916690721086638, 42.327923478606685 ], [ -122.916692021964366, 42.328164045116957 ], [ -122.916691829243334, 42.328096335014315 ] ], [ [ -122.916688320704608, 42.32743955136371 ], [ -122.916687653113328, 42.327336010898243 ], [ -122.916688224633688, 42.327468168311484 ], [ -122.916688320704608, 42.32743955136371 ] ], [ [ -122.916683764495787, 42.326718328340839 ], [ -122.916683582659786, 42.326698935563122 ], [ -122.916684453444006, 42.326827359855315 ], [ -122.916683764495787, 42.326718328340839 ] ], [ [ -122.916680776537532, 42.326267303642446 ], [ -122.916680199380878, 42.326217661166112 ], [ -122.916681640051351, 42.32639620938037 ], [ -122.916680776537532, 42.326267303642446 ] ], [ [ -122.914615433646787, 42.320039338514064 ], [ -122.914905304269382, 42.320036017952795 ], [ -122.914910081490476, 42.320035887659387 ], [ -122.914615433646787, 42.320039338514064 ] ], [ [ -122.914608408450107, 42.318075736759461 ], [ -122.914608361279775, 42.318101739804362 ], [ -122.914608808695505, 42.318226808834169 ], [ -122.914608408450107, 42.318075736759461 ] ], [ [ -122.91668246480944, 42.312466124034941 ], [ -122.916682489153374, 42.312491262642446 ], [ -122.916682621707324, 42.312498339108906 ], [ -122.91668246480944, 42.312466124034941 ] ], [ [ -122.916561839154525, 42.287267884491655 ], [ -122.916561719095, 42.287193252793493 ], [ -122.916561838798586, 42.287267884491797 ], [ -122.916561839154525, 42.287267884491655 ] ], [ [ -122.906378687090154, 42.286373407223977 ], [ -122.906378339440664, 42.28637214102627 ], [ -122.906379877427142, 42.286379188059513 ], [ -122.906378687090154, 42.286373407223977 ] ], [ [ -122.906348874193853, 42.284696970837835 ], [ -122.906348608001167, 42.284675238777815 ], [ -122.906347573432399, 42.284622278396341 ], [ -122.906348874193853, 42.284696970837835 ] ], [ [ -122.906341761397542, 42.283871941915528 ], [ -122.906339105383367, 42.283618169822731 ], [ -122.906341925428436, 42.283890463618704 ], [ -122.906341761397542, 42.283871941915528 ] ], [ [ -122.906341720785008, 42.283135211993333 ], [ -122.906341463828809, 42.283121530602671 ], [ -122.906341821448876, 42.283146054888988 ], [ -122.906341720785008, 42.283135211993333 ] ], [ [ -122.9060642879505, 42.282866425833063 ], [ -122.906336119464513, 42.282914199787285 ], [ -122.906336117289598, 42.282914054993839 ], [ -122.9060642879505, 42.282866425833063 ] ], [ [ -122.90556345256509, 42.28277866870198 ], [ -122.906036709763796, 42.282861682149232 ], [ -122.9060642879505, 42.282866425833063 ], [ -122.90556345256509, 42.28277866870198 ] ], [ [ -122.89816321599524, 42.281475097660696 ], [ -122.898133354892238, 42.281469491013155 ], [ -122.898179433647684, 42.281478200968301 ], [ -122.89816321599524, 42.281475097660696 ] ], [ [ -122.897726605279146, 42.281383803601535 ], [ -122.89773442646883, 42.281385524911876 ], [ -122.897754057696545, 42.281389588507203 ], [ -122.897726605279146, 42.281383803601535 ] ], [ [ -122.895261284515371, 42.280814955312749 ], [ -122.895261843907875, 42.280815159804909 ], [ -122.895263048879713, 42.280815451738214 ], [ -122.895261284515371, 42.280814955312749 ] ], [ [ -122.894786750461705, 42.280244808571126 ], [ -122.894786381067462, 42.280241139911467 ], [ -122.894788350563402, 42.280266981637965 ], [ -122.894786750461705, 42.280244808571126 ] ], [ [ -122.894771067518136, 42.279820988586735 ], [ -122.894770974019238, 42.279819617808435 ], [ -122.894775154246972, 42.279932352996546 ], [ -122.894771067518136, 42.279820988586735 ] ], [ [ -122.894739001311962, 42.279548004402237 ], [ -122.894738657967039, 42.279546505080368 ], [ -122.894743177044319, 42.279570058673634 ], [ -122.894739001311962, 42.279548004402237 ] ], [ [ -122.894483481947418, 42.27877178822397 ], [ -122.894481527348987, 42.278768072600904 ], [ -122.894485614641852, 42.278776262812563 ], [ -122.894483481947418, 42.27877178822397 ] ], [ [ -122.89446479519259, 42.278736278291312 ], [ -122.894449240606491, 42.27870636617105 ], [ -122.89444862489411, 42.278705296571559 ], [ -122.89446479519259, 42.278736278291312 ] ], [ [ -122.89429608263049, 42.278430169780684 ], [ -122.894294534969831, 42.278427634507992 ], [ -122.894329972233976, 42.278492038869899 ], [ -122.89429608263049, 42.278430169780684 ] ], [ [ -122.893737020638326, 42.278020207512455 ], [ -122.893638902189977, 42.278017444214441 ], [ -122.893753643433769, 42.278020773671173 ], [ -122.893737020638326, 42.278020207512455 ] ], [ [ -122.893430642394051, 42.278009865390239 ], [ -122.893491629665689, 42.278012120875431 ], [ -122.893494956923888, 42.278012168202594 ], [ -122.893430642394051, 42.278009865390239 ] ], [ [ -122.893095121163952, 42.277989234959271 ], [ -122.893090109043911, 42.277988980892999 ], [ -122.893155662092482, 42.277993056811923 ], [ -122.893095121163952, 42.277989234959271 ] ], [ [ -122.885195398862805, 42.243283309124536 ], [ -122.885195399146909, 42.243273811985198 ], [ -122.885195115459723, 42.243332869202384 ], [ -122.885195398862805, 42.243283309124536 ] ], [ [ -122.875397765186321, 42.232825883210282 ], [ -122.875397565707331, 42.23294257954884 ], [ -122.875397569224489, 42.23294257943575 ], [ -122.875397765186321, 42.232825883210282 ] ], [ [ -122.875424020457245, 42.21379939581314 ], [ -122.875423726792249, 42.213800017548785 ], [ -122.875424133465202, 42.213802649835166 ], [ -122.875424020457245, 42.21379939581314 ] ], [ [ -122.875493787543178, 42.173375912831588 ], [ -122.875494091504947, 42.173199262693757 ], [ -122.875492929002036, 42.173733732639889 ], [ -122.875493787543178, 42.173375912831588 ] ], [ [ -122.875500647221031, 42.170818021333353 ], [ -122.875500469787013, 42.170829682565923 ], [ -122.875500346717672, 42.170854524707842 ], [ -122.875500647221031, 42.170818021333353 ] ], [ [ -122.875596598643824, 42.164084130632489 ], [ -122.875607654341664, 42.16333338005181 ], [ -122.875590531088449, 42.164603104422348 ], [ -122.875596598643824, 42.164084130632489 ] ], [ [ -122.863496811773373, 42.148404689409276 ], [ -122.863494129057543, 42.148186241078115 ], [ -122.863502232309642, 42.148813229731253 ], [ -122.863496811773373, 42.148404689409276 ] ], [ [ -122.875539096457658, 42.127707280859568 ], [ -122.875539014961205, 42.12770552406576 ], [ -122.875543072487389, 42.128381906875752 ], [ -122.875539096457658, 42.127707280859568 ] ], [ [ -122.875537553294109, 42.127445452044469 ], [ -122.875531180908098, 42.127237957065418 ], [ -122.875537617428265, 42.127456984391969 ], [ -122.875537553294109, 42.127445452044469 ] ], [ [ -122.875228780240647, 42.118087992659078 ], [ -122.875218254991594, 42.117798770432401 ], [ -122.875228993652328, 42.118096546039368 ], [ -122.875228780240647, 42.118087992659078 ] ], [ [ -122.875271420357564, 42.101757647330814 ], [ -122.875271997404099, 42.101713655785197 ], [ -122.875271305692777, 42.101761533932034 ], [ -122.875271420357564, 42.101757647330814 ] ], [ [ -122.875324236079749, 42.092502198966088 ], [ -122.87532495370489, 42.092298871689401 ], [ -122.875323856632292, 42.093511675614721 ], [ -122.875324236079749, 42.092502198966088 ] ], [ [ -122.875327141027483, 42.089550663936301 ], [ -122.875327197748149, 42.0895143578419 ], [ -122.875329602533668, 42.090279742183228 ], [ -122.875327141027483, 42.089550663936301 ] ], [ [ -122.875327814146743, 42.088983526876 ], [ -122.875327370477095, 42.089292123698513 ], [ -122.875327197748149, 42.0895143578419 ], [ -122.875327814146743, 42.088983526876 ] ], [ [ -122.875329494742502, 42.087537981547939 ], [ -122.875329270547667, 42.087225468931706 ], [ -122.875331100072103, 42.086960599372318 ], [ -122.875329494742502, 42.087537981547939 ] ], [ [ -122.875266444582891, 42.070813224802556 ], [ -122.875268800410538, 42.069701774484585 ], [ -122.87526731420769, 42.071042813390285 ], [ -122.875266444582891, 42.070813224802556 ] ], [ [ -122.875327031994232, 42.056888595960338 ], [ -122.875326852790224, 42.056904822037218 ], [ -122.875322069618818, 42.057959851809521 ], [ -122.875327031994232, 42.056888595960338 ] ], [ [ -122.87534711389057, 42.047797934676481 ], [ -122.875340900646023, 42.050045512814712 ], [ -122.875340896926971, 42.050067500609778 ], [ -122.87534711389057, 42.047797934676481 ] ], [ [ -122.875352598932906, 42.044679440265647 ], [ -122.875357270533172, 42.042143622456251 ], [ -122.87534711389057, 42.047797934676481 ], [ -122.875352598932906, 42.044679440265647 ] ], [ [ -122.875594112340451, 42.021575116758946 ], [ -122.875592482751699, 42.021280749217709 ], [ -122.875594032234304, 42.021579844266782 ], [ -122.875594112340451, 42.021575116758946 ] ], [ [ -122.875592447334924, 42.021276701536024 ], [ -122.87559230558125, 42.021277419713684 ], [ -122.875592482751699, 42.021280749217709 ], [ -122.875592447334924, 42.021276701536024 ] ], [ [ -124.063432986673305, 43.524610616416545 ], [ -124.007211018425195, 43.524499892416934 ], [ -123.934078262566558, 43.524677066273448 ], [ -124.008129097720783, 43.527917431412213 ], [ -124.063432986673305, 43.524610616416545 ] ], [ [ -123.875590740651063, 43.515943158214398 ], [ -123.874073224039904, 43.515956310389328 ], [ -123.875677774288391, 43.608328594854555 ], [ -123.875590740583178, 43.515945763590459 ], [ -123.934123175981256, 43.515603098566473 ], [ -123.875590740651063, 43.515943158214398 ] ], [ [ -123.229725613845702, 42.175870688392479 ], [ -123.22942517561637, 42.353738479878693 ], [ -123.189889381867289, 42.353362154419187 ], [ -123.170716527927837, 42.353719726312548 ], [ -123.229425181022066, 42.353738598516003 ], [ -123.229294363372091, 42.418404446338528 ], [ -123.230079672983365, 42.251713310204472 ], [ -123.229725613845702, 42.175870688392479 ] ], [ [ -123.229347249537852, 42.128326110567222 ], [ -123.229260286057269, 42.144427341021682 ], [ -123.229592681592678, 42.159170730351072 ], [ -123.229347249537852, 42.128326110567222 ] ], [ [ -123.231603070437686, 42.128146415155861 ], [ -123.231057135050321, 42.057851651642075 ], [ -123.231104883240548, 42.128145426629139 ], [ -123.231603070437686, 42.128146415155861 ] ], [ [ -123.764018180679244, 43.38742728372393 ], [ -123.764015680719268, 43.360826556556177 ], [ -123.764014172529727, 43.344775281632302 ], [ -123.764018180679244, 43.38742728372393 ] ], [ [ -123.764374754279004, 43.258064209244431 ], [ -123.764014156943105, 43.258062875951488 ], [ -123.764014172529727, 43.344775281632302 ], [ -123.764374754279004, 43.258064209244431 ] ], [ [ -124.162836951961523, 43.377267209730519 ], [ -124.162961817717601, 43.377519243175072 ], [ -124.162882765561761, 43.37708177561241 ], [ -124.162836951961523, 43.377267209730519 ] ], [ [ -124.167591734250522, 43.371768568967354 ], [ -124.167596226059061, 43.372098984575899 ], [ -124.16764563243234, 43.371293184677327 ], [ -124.167591734250522, 43.371768568967354 ] ], [ [ -124.18140333181654, 43.358706562708903 ], [ -124.179185390011185, 43.358711134558362 ], [ -124.183622170953655, 43.358701990402054 ], [ -124.18140333181654, 43.358706562708903 ] ], [ [ -124.190127770470113, 43.358764038088104 ], [ -124.189972362296629, 43.358764691362893 ], [ -124.190125075211569, 43.358590303258637 ], [ -124.190127770470113, 43.358764038088104 ] ], [ [ -124.191673771720559, 43.356632160398391 ], [ -124.191747433150582, 43.356736013019571 ], [ -124.191669278972142, 43.356624975133712 ], [ -124.191673771720559, 43.356632160398391 ] ], [ [ -124.191567768951714, 43.354726208993711 ], [ -124.191731262506252, 43.35499335905353 ], [ -124.191429428911448, 43.354515230956558 ], [ -124.191567768951714, 43.354726208993711 ] ], [ [ -124.193021243077396, 43.351660101163091 ], [ -124.193113674765087, 43.351286557642112 ], [ -124.193113769976975, 43.351282541996412 ], [ -124.193021243077396, 43.351660101163091 ] ], [ [ -124.194341766489558, 43.350640425909816 ], [ -124.194295054752558, 43.350780215372147 ], [ -124.194424411642373, 43.350471239695736 ], [ -124.194341766489558, 43.350640425909816 ] ], [ [ -124.194571735831985, 43.349951269700448 ], [ -124.194532209096749, 43.350200150520749 ], [ -124.194604973042999, 43.349810171080684 ], [ -124.194571735831985, 43.349951269700448 ] ], [ [ -124.196594740612639, 43.342980228580167 ], [ -124.196296500382545, 43.343692983012389 ], [ -124.197051983215275, 43.342108057979374 ], [ -124.196594740612639, 43.342980228580167 ] ], [ [ -124.198626728179462, 43.335232164942639 ], [ -124.198580016653636, 43.33535042810022 ], [ -124.199693028760777, 43.332566273030963 ], [ -124.198626728179462, 43.335232164942639 ] ], [ [ -124.204642745589439, 43.326354551482652 ], [ -124.204364268002664, 43.326411405343492 ], [ -124.205489856793534, 43.325848098004087 ], [ -124.204642745589439, 43.326354551482652 ] ], [ [ -124.20553567065393, 43.325800393097026 ], [ -124.205627299433843, 43.325718052959701 ], [ -124.205489856793534, 43.325848098004087 ], [ -124.20553567065393, 43.325800393097026 ] ], [ [ -124.209999397636665, 43.308914426773498 ], [ -124.210995530492724, 43.307343129666023 ], [ -124.210994730342577, 43.307342975001774 ], [ -124.209999397636665, 43.308914426773498 ] ], [ [ -124.211533719322588, 43.30671019947772 ], [ -124.211434006572688, 43.306874277408141 ], [ -124.21160288964056, 43.306348050437038 ], [ -124.211533719322588, 43.30671019947772 ] ], [ [ -124.211764586595848, 43.305346571120964 ], [ -124.211769976401385, 43.30549234931334 ], [ -124.211724162044987, 43.304995526985962 ], [ -124.211764586595848, 43.305346571120964 ] ], [ [ -124.211628042415015, 43.304486934072472 ], [ -124.211395378463394, 43.303369060901517 ], [ -124.211724162044987, 43.304995526985962 ], [ -124.211628042415015, 43.304486934072472 ] ], [ [ -124.216286704326023, 43.296023269054565 ], [ -124.214615837749903, 43.297487137451299 ], [ -124.216520266759289, 43.295917352164039 ], [ -124.216286704326023, 43.296023269054565 ] ], [ [ -124.219634725512975, 43.292729273490799 ], [ -124.219477520513223, 43.292992120491796 ], [ -124.220292292035396, 43.291722340129439 ], [ -124.219634725512975, 43.292729273490799 ] ], [ [ -124.2557757504254, 43.28548616853702 ], [ -124.255232269273534, 43.285826209289006 ], [ -124.255826056172452, 43.285446279390605 ], [ -124.2557757504254, 43.28548616853702 ] ], [ [ -124.258019741782178, 43.282657220418933 ], [ -124.256922000131922, 43.28444118645718 ], [ -124.25852189887415, 43.280942523828934 ], [ -124.258019741782178, 43.282657220418933 ] ], [ [ -124.263673735233581, 43.265686005474841 ], [ -124.262916455450281, 43.266743083554807 ], [ -124.263837228850846, 43.265683388727915 ], [ -124.263673735233581, 43.265686005474841 ] ], [ [ -123.99185338545702, 43.343242876999497 ], [ -123.991692584335809, 43.324346376606684 ], [ -123.991691685833729, 43.324346466120026 ], [ -123.99185338545702, 43.343242876999497 ] ], [ [ -123.911428099580107, 43.315108351213318 ], [ -123.912215023878161, 43.315114887408875 ], [ -123.862546266147817, 43.314899201273043 ], [ -123.911428099580107, 43.315108351213318 ] ], [ [ -124.259799262972336, 43.05078076914328 ], [ -124.279044772468509, 43.051398477860296 ], [ -124.259799229059496, 43.050773576207867 ], [ -124.259799262972336, 43.05078076914328 ] ], [ [ -124.297244932295044, 42.954617003722277 ], [ -124.268363561596416, 42.95486538392106 ], [ -124.353756464347924, 42.954658569764668 ], [ -124.297244932295044, 42.954617003722277 ] ], [ [ -124.258277633825173, 42.951157537654858 ], [ -124.25840186613793, 42.954946641579347 ], [ -124.258288782649629, 42.951157161262131 ], [ -124.258277633825173, 42.951157537654858 ] ], [ [ -124.253319790788737, 42.943814764784989 ], [ -124.253476901747291, 42.951321348896116 ], [ -124.254809423012432, 42.951274626955176 ], [ -124.253480840213257, 42.951319480810419 ], [ -124.253319790788737, 42.943814764784989 ] ], [ [ -124.239397430937615, 42.933756228184052 ], [ -124.239143584376777, 42.940948281896809 ], [ -124.239408412926863, 42.933756211119423 ], [ -124.239397430937615, 42.933756228184052 ] ], [ [ -124.219420026260934, 42.918160947725738 ], [ -124.219630681390811, 42.933262972596104 ], [ -124.2194305927448, 42.918160869070292 ], [ -124.219420026260934, 42.918160947725738 ] ], [ [ -124.217770982078662, 42.918173222981693 ], [ -124.209527711194468, 42.911125378972727 ], [ -124.209719054284122, 42.918255675038388 ], [ -124.217770982078662, 42.918173222981693 ] ], [ [ -124.214215015275556, 42.90401113077877 ], [ -124.214403714197843, 42.911146400486388 ], [ -124.214407613024264, 42.911146413103744 ], [ -124.214215015275556, 42.90401113077877 ] ], [ [ -124.20454744926684, 42.903933721476157 ], [ -124.207558411394615, 42.90395647975803 ], [ -124.20455099569601, 42.90375875447031 ], [ -124.20454744926684, 42.903933721476157 ] ], [ [ -124.20193245010843, 42.900303481579407 ], [ -124.199839944875023, 42.900281279082641 ], [ -124.199839378477876, 42.90030665043431 ], [ -124.20193245010843, 42.900303481579407 ] ], [ [ -124.18991927936284, 42.893037387656982 ], [ -124.18999743378626, 42.89669450144968 ], [ -124.189915280916011, 42.893037273290815 ], [ -124.18991927936284, 42.893037387656982 ] ], [ [ -124.184985895052918, 42.885927770648259 ], [ -124.181510641920511, 42.885989361272436 ], [ -124.181582012805762, 42.886304362472735 ], [ -124.184985895052918, 42.885927770648259 ] ], [ [ -124.180717761448221, 42.882489810698985 ], [ -124.18071773632461, 42.882455576535982 ], [ -124.180710098918098, 42.882455989485599 ], [ -124.180717761448221, 42.882489810698985 ] ], [ [ -124.162088606920918, 42.869735407355535 ], [ -124.156505495086478, 42.865805446731535 ], [ -124.151223496059373, 42.865815479775542 ], [ -124.151249202565168, 42.862071583176721 ], [ -124.146390814044793, 42.862085810735735 ], [ -124.146358526536716, 42.850516131798784 ], [ -124.141489143252485, 42.850591455967169 ], [ -124.141195538295733, 42.828482662095134 ], [ -124.141485697971135, 42.850593887180843 ], [ -124.14638690912021, 42.862088359126368 ], [ -124.151219847442789, 42.865817757778352 ], [ -124.1565019419794, 42.865807881118251 ], [ -124.156639385013676, 42.869649639077693 ], [ -124.162084972951206, 42.869737860833951 ], [ -124.160982740819279, 42.876641220940449 ], [ -124.161321649452645, 42.883498647196355 ], [ -124.162088606920918, 42.869735407355535 ] ], [ [ -124.160163643004637, 42.81776809514713 ], [ -124.160669096910595, 42.828293017088896 ], [ -124.160672406060371, 42.828292985240054 ], [ -124.160163643004637, 42.81776809514713 ] ], [ [ -124.164902794947849, 42.817829691349012 ], [ -124.164901589913782, 42.790011444783971 ], [ -124.160177623868293, 42.790091669968007 ], [ -124.160061490548344, 42.760544158749134 ], [ -124.160174242489987, 42.790093978140575 ], [ -124.164902794947849, 42.817829691349012 ] ], [ [ -124.138761755983325, 42.671120042872417 ], [ -124.138758382179915, 42.671122677012505 ], [ -124.138669362652792, 42.739950725624162 ], [ -124.138761755983325, 42.671120042872417 ] ], [ [ -124.021978390227673, 42.407762610917906 ], [ -124.022094874618929, 42.407531941926834 ], [ -124.013732034241954, 42.412680070001535 ], [ -124.021978390227673, 42.407762610917906 ] ], [ [ -124.032287128270397, 42.403238923699291 ], [ -124.030146618403904, 42.402592150164253 ], [ -124.029784951861174, 42.402887016657722 ], [ -124.032287128270397, 42.403238923699291 ] ], [ [ -124.035469035281906, 42.402122548855942 ], [ -124.034578910160661, 42.402011853569469 ], [ -124.033486142049568, 42.402461017205177 ], [ -124.035469035281906, 42.402122548855942 ] ], [ [ -124.036156497952007, 42.396195514564788 ], [ -124.036593599681552, 42.395996390615224 ], [ -124.036120311918566, 42.39612605264751 ], [ -124.036156497952007, 42.396195514564788 ] ], [ [ -124.037709319500991, 42.392266116170475 ], [ -124.03771416014888, 42.392295643870412 ], [ -124.03775962210878, 42.392258475004233 ], [ -124.037709319500991, 42.392266116170475 ] ], [ [ -124.039743150551345, 42.388397615009168 ], [ -124.040223515540191, 42.388442966591171 ], [ -124.040895068822721, 42.388104927371167 ], [ -124.039743150551345, 42.388397615009168 ] ], [ [ -124.041273047672377, 42.387914663669811 ], [ -124.041894269982862, 42.387601956940919 ], [ -124.041853231047753, 42.387356350930766 ], [ -124.041273047672377, 42.387914663669811 ] ], [ [ -124.027086922323761, 42.359221256438914 ], [ -124.021399307946581, 42.36158016072801 ], [ -124.0271657127916, 42.359894109597825 ], [ -124.028332815944836, 42.360831068312208 ], [ -124.027086922323761, 42.359221256438914 ] ], [ [ -124.015298459341153, 42.359065814263523 ], [ -124.014119960645118, 42.35939323049724 ], [ -124.01730539183859, 42.359701788562667 ], [ -124.015298459341153, 42.359065814263523 ] ], [ [ -124.012444234841254, 42.358643122274358 ], [ -123.996323909314512, 42.35854420132025 ], [ -124.008238014136651, 42.359219888446823 ], [ -124.012444234841254, 42.358643122274358 ] ], [ [ -123.989162978613948, 42.358281824496785 ], [ -123.987281408873159, 42.359447321995574 ], [ -123.992693789353524, 42.35763174431893 ], [ -123.989162978613948, 42.358281824496785 ] ], [ [ -123.979540266303729, 42.358715705942771 ], [ -123.979276886814944, 42.358844986169174 ], [ -123.984250549961089, 42.358505279293411 ], [ -123.979540266303729, 42.358715705942771 ] ], [ [ -123.968010589433177, 42.357544597362065 ], [ -123.967813028508459, 42.357794109981853 ], [ -123.969478634531768, 42.357414229006366 ], [ -123.968010589433177, 42.357544597362065 ] ], [ [ -123.957022501816112, 42.357627949970301 ], [ -123.953510809079006, 42.356666517636896 ], [ -123.949817161910119, 42.356517117208391 ], [ -123.944632569525453, 42.358163116129894 ], [ -123.94122539936626, 42.36012746161277 ], [ -123.93656452079189, 42.361382174538875 ], [ -123.957022501816112, 42.357627949970301 ] ], [ [ -123.932722078817804, 42.35418087846287 ], [ -123.926170809503148, 42.352446282414441 ], [ -123.934632409594471, 42.355946799379083 ], [ -123.932722078817804, 42.35418087846287 ] ], [ [ -123.91995840333972, 42.34653874817301 ], [ -123.906995082861215, 42.347489400402999 ], [ -123.897893175166061, 42.349792346976571 ], [ -123.896705603708341, 42.350893793343225 ], [ -123.894665549734299, 42.351614354186154 ], [ -123.892849633893476, 42.35307297339493 ], [ -123.885396205298022, 42.34858999480857 ], [ -123.91995840333972, 42.34653874817301 ] ], [ [ -123.884146995431237, 42.346393151290179 ], [ -123.878045633965897, 42.342127804440949 ], [ -123.87773021466613, 42.345906197616621 ], [ -123.884146995431237, 42.346393151290179 ] ], [ [ -123.878699958281459, 42.337959838311662 ], [ -123.878721139322167, 42.338102701634661 ], [ -123.878706060471487, 42.337694886857577 ], [ -123.878699958281459, 42.337959838311662 ] ], [ [ -123.879117467969721, 42.335082185326542 ], [ -123.877218420833429, 42.334539855918315 ], [ -123.878951761439396, 42.33565743019836 ], [ -123.879117467969721, 42.335082185326542 ] ], [ [ -123.874944185046388, 42.330485274042402 ], [ -123.867648532539093, 42.320986973223008 ], [ -123.858687256209535, 42.319031214981067 ], [ -123.855178469847672, 42.320179136163475 ], [ -123.852749657693352, 42.321287470024792 ], [ -123.845553565848064, 42.317180863526424 ], [ -123.852763330699872, 42.321642901341427 ], [ -123.866357451104108, 42.321014091961644 ], [ -123.874944185046388, 42.330485274042402 ] ], [ [ -123.841174447498943, 42.312881699134536 ], [ -123.839837758106626, 42.312840143485879 ], [ -123.843427688860501, 42.315090627764725 ], [ -123.841174447498943, 42.312881699134536 ] ], [ [ -124.375917306720439, 43.025266732955224 ], [ -124.385859861683059, 43.025740879686623 ], [ -124.366211007854602, 43.025264763890775 ], [ -124.375917306720439, 43.025266732955224 ] ], [ [ -124.366221786379185, 43.017719945861742 ], [ -124.366095122807195, 43.010495412932805 ], [ -124.366211007854602, 43.025264763890775 ], [ -124.366221786379185, 43.017719945861742 ] ], [ [ -124.336705834084995, 42.998231009424913 ], [ -124.336730988434383, 43.01042513028014 ], [ -124.336716613561734, 42.998220497773936 ], [ -124.316772214171877, 42.998351243602563 ], [ -124.336705834084995, 42.998231009424913 ] ], [ [ -124.416756220295312, 42.953768197882745 ], [ -124.415437226987862, 42.953773867597789 ], [ -124.415437199958291, 42.953775079036717 ], [ -124.416756220295312, 42.953768197882745 ] ], [ [ -124.41540095131235, 42.955239290620483 ], [ -124.415400992329012, 42.955237433557507 ], [ -124.412796502515079, 42.955212032155124 ], [ -124.41540095131235, 42.955239290620483 ] ], [ [ -124.395337103288441, 43.111417249905351 ], [ -124.405117063909614, 43.111469712950012 ], [ -124.405153894016181, 43.108904851648127 ], [ -124.405103588728409, 43.11146708938827 ], [ -124.395337103288441, 43.111417249905351 ] ], [ [ -124.40718588427103, 43.111484796004468 ], [ -124.40718229125568, 43.111505125389058 ], [ -124.411805021584328, 43.111530045179258 ], [ -124.40718588427103, 43.111484796004468 ] ], [ [ -124.416348701644296, 43.111553653016529 ], [ -124.429872840600424, 43.111574636758121 ], [ -124.429922045535179, 43.105514162151202 ], [ -124.42977043202103, 43.111571358158521 ], [ -124.416348701644296, 43.111553653016529 ] ], [ [ -124.428250481518702, 43.104824197992748 ], [ -124.428251393117876, 43.104824197992656 ], [ -124.428279226986959, 43.103497369855468 ], [ -124.428250481518702, 43.104824197992748 ] ], [ [ -124.42765849160871, 43.10341013799821 ], [ -124.428224430321848, 43.103490155288355 ], [ -124.428279226986959, 43.103497369855468 ], [ -124.42765849160871, 43.10341013799821 ] ], [ [ -124.427947749033706, 43.102176415752922 ], [ -124.427942314742808, 43.10217595044044 ], [ -124.42765849160871, 43.10341013799821 ], [ -124.427947749033706, 43.102176415752922 ] ], [ [ -124.313674857529421, 43.198279670788672 ], [ -124.318239197262258, 43.194008509037118 ], [ -124.315475979672854, 43.196542951298063 ], [ -124.313674857529421, 43.198279670788672 ] ], [ [ -124.192652006941259, 43.187848800107929 ], [ -124.193452405187855, 43.187854694250468 ], [ -124.193051757178452, 43.187851419340255 ], [ -124.192652006941259, 43.187848800107929 ] ], [ [ -124.185261565850041, 43.189082104048069 ], [ -124.185230124709022, 43.18908406920891 ], [ -124.185293007272605, 43.18908079452121 ], [ -124.185261565850041, 43.189082104048069 ] ], [ [ -124.298117836484948, 43.223182926946279 ], [ -124.2971593341465, 43.228145209336624 ], [ -124.298134650958133, 43.227115219976703 ], [ -124.298117836484948, 43.223182926946279 ] ], [ [ -124.230670556360579, 43.437647592407416 ], [ -124.230238476931277, 43.42712557331852 ], [ -124.230234871610875, 43.427125932403833 ], [ -124.230670556360579, 43.437647592407416 ] ], [ [ -124.233018751038784, 43.426848660924108 ], [ -124.23996811900787, 43.425954860215022 ], [ -124.23617363415822, 43.426442863855094 ], [ -124.233018751038784, 43.426848660924108 ] ], [ [ -124.257169061238514, 43.423726173574799 ], [ -124.260729983710817, 43.423217268939908 ], [ -124.260069722109293, 43.423311220712741 ], [ -124.257169061238514, 43.423726173574799 ] ], [ [ -124.25883184245798, 43.40561965408682 ], [ -124.258831840658118, 43.405619628359972 ], [ -124.258617142920173, 43.405620280523436 ], [ -124.25883184245798, 43.40561965408682 ] ], [ [ -124.25135030511791, 43.400271300677701 ], [ -124.251348871938291, 43.400224726853352 ], [ -124.25134977074427, 43.400271067703066 ], [ -124.25135030511791, 43.400271300677701 ] ], [ [ -124.250605729593047, 43.39997862247953 ], [ -124.250607761424291, 43.399980619928506 ], [ -124.25134977074427, 43.400271067703066 ], [ -124.250605729593047, 43.39997862247953 ] ], [ [ -124.247980187218673, 43.386326693179988 ], [ -124.247968508902531, 43.3854616738872 ], [ -124.247968505298829, 43.385461424254473 ], [ -124.247980187218673, 43.386326693179988 ] ], [ [ -124.239745329135772, 43.385343508775925 ], [ -124.239769583454574, 43.385342855985172 ], [ -124.239720175734419, 43.385344161311771 ], [ -124.239745329135772, 43.385343508775925 ] ], [ [ -124.240419065840243, 43.386258798678732 ], [ -124.243998852943562, 43.386265979577686 ], [ -124.242807687044731, 43.386262063039709 ], [ -124.240419065840243, 43.386258798678732 ] ], [ [ -124.240267250885225, 43.387614734996568 ], [ -124.239804618302927, 43.387614082258473 ], [ -124.239010508003673, 43.387613429253925 ], [ -124.240267250885225, 43.387614734996568 ] ], [ [ -124.235757706818475, 43.387614732502271 ], [ -124.235755012059002, 43.387176687106084 ], [ -124.235750521467736, 43.387614735381113 ], [ -124.235757706818475, 43.387614732502271 ] ], [ [ -124.22674940024676, 43.387584053358609 ], [ -124.229310497975149, 43.38761734689227 ], [ -124.235008512688708, 43.387615388460354 ], [ -124.22674940024676, 43.387584053358609 ] ], [ [ -124.220938582246717, 43.387663118674965 ], [ -124.219781571246031, 43.387674095851906 ], [ -124.22093729986473, 43.387668268138917 ], [ -124.220938582246717, 43.387663118674965 ] ], [ [ -124.218511852271433, 43.409696491324901 ], [ -124.209146909483692, 43.387774027619706 ], [ -124.209897904852596, 43.409358449676823 ], [ -124.218511852271433, 43.409696491324901 ] ], [ [ -124.197274775396608, 43.400040672762096 ], [ -124.19727477564517, 43.400041325761734 ], [ -124.197402335896385, 43.400198623953649 ], [ -124.197274775396608, 43.400040672762096 ] ], [ [ -124.188838695339598, 43.396666158365228 ], [ -124.188837796085252, 43.396666157702718 ], [ -124.188950086368578, 43.396746443151258 ], [ -124.188838695339598, 43.396666158365228 ] ], [ [ -124.187692442835214, 43.389193907197367 ], [ -124.187691544983707, 43.389193907383323 ], [ -124.187723883605202, 43.389228505649953 ], [ -124.187692442835214, 43.389193907197367 ] ], [ [ -124.185086429874701, 43.389259188031005 ], [ -124.185086429988189, 43.389259841028156 ], [ -124.185095413044365, 43.389256576926314 ], [ -124.185086429874701, 43.389259188031005 ] ], [ [ -124.184694516930634, 43.389331595529747 ], [ -124.184638170635395, 43.389319246840017 ], [ -124.184693865955083, 43.389331650107607 ], [ -124.184694516930634, 43.389331595529747 ] ], [ [ -124.267211329676059, 43.422290139949816 ], [ -124.269036705976163, 43.42150131930876 ], [ -124.267008310532347, 43.422318848272688 ], [ -124.267211329676059, 43.422290139949816 ] ], [ [ -124.28369631056718, 43.394970334793562 ], [ -124.283536411094801, 43.395192268905724 ], [ -124.290436369270182, 43.385655565675769 ], [ -124.28369631056718, 43.394970334793562 ] ], [ [ -124.290718441015144, 43.385265161761509 ], [ -124.290718065065718, 43.385265029860228 ], [ -124.290436369270182, 43.385655565675769 ], [ -124.290718441015144, 43.385265161761509 ] ], [ [ -124.283409745893906, 43.382154895755392 ], [ -124.283328897708486, 43.382316810857965 ], [ -124.283187861612532, 43.382627582882193 ], [ -124.283409745893906, 43.382154895755392 ] ], [ [ -124.28241710786304, 43.381202328434647 ], [ -124.281329247829504, 43.380866086741229 ], [ -124.28241301672071, 43.381209352937788 ], [ -124.28241710786304, 43.381202328434647 ] ], [ [ -124.281503429382681, 43.381517024684001 ], [ -124.281516995688534, 43.381521593351565 ], [ -124.281470283174542, 43.381280023303475 ], [ -124.281503429382681, 43.381517024684001 ] ], [ [ -124.278364841061958, 43.35870768233184 ], [ -124.278350429108826, 43.358707859967026 ], [ -124.278377380257197, 43.369592732126968 ], [ -124.278364841061958, 43.35870768233184 ] ], [ [ -124.278282156077552, 43.353679795657392 ], [ -124.278252511132223, 43.351521611477203 ], [ -124.278301020879226, 43.35507957023038 ], [ -124.278282156077552, 43.353679795657392 ] ], [ [ -124.258410520580924, 43.351793350160364 ], [ -124.259812791137335, 43.351804454841023 ], [ -124.261728897920676, 43.351817518741704 ], [ -124.258410520580924, 43.351793350160364 ] ], [ [ -124.249799269808847, 43.357650422765225 ], [ -124.249710336515179, 43.35182143909168 ], [ -124.249816338003512, 43.358803873375102 ], [ -124.249799269808847, 43.357650422765225 ] ], [ [ -124.243723964278374, 43.365753505597802 ], [ -124.244483938900473, 43.365759382607315 ], [ -124.248636851355897, 43.365789423397793 ], [ -124.243723964278374, 43.365753505597802 ] ], [ [ -124.238809280412895, 43.365713669379339 ], [ -124.241741382082623, 43.365737832037695 ], [ -124.243723964278374, 43.365753505597802 ], [ -124.238809280412895, 43.365713669379339 ] ], [ [ -124.231625453095731, 43.365783547081797 ], [ -124.231855222437886, 43.365781059172299 ], [ -124.230642695005173, 43.365792690273082 ], [ -124.231625453095731, 43.365783547081797 ] ], [ [ -124.230512440254316, 43.366086567696627 ], [ -124.23054657616575, 43.365994486067486 ], [ -124.230580711970433, 43.365902404430919 ], [ -124.230512440254316, 43.366086567696627 ] ], [ [ -124.228890980111075, 43.365809670089334 ], [ -124.228896370510085, 43.365910241393408 ], [ -124.22890984531621, 43.366161015798866 ], [ -124.228890980111075, 43.365809670089334 ] ], [ [ -124.230714560111508, 43.364089481587449 ], [ -124.230708272633947, 43.36448851185083 ], [ -124.230706475921536, 43.364619780108434 ], [ -124.230714560111508, 43.364089481587449 ] ], [ [ -124.231315533673353, 43.362704283621163 ], [ -124.231313736242853, 43.363394600336832 ], [ -124.232187797730731, 43.362695792714739 ], [ -124.231315533673353, 43.362704283621163 ] ], [ [ -124.239686034774849, 43.353893393060851 ], [ -124.239675254581186, 43.353413949769866 ], [ -124.239709289133771, 43.354981757728282 ], [ -124.239686034774849, 43.353893393060851 ] ], [ [ -124.238645785606153, 43.351792045632259 ], [ -124.239509066020759, 43.351792698668362 ], [ -124.239720170737442, 43.351792698268007 ], [ -124.238645785606153, 43.351792045632259 ] ], [ [ -124.23387572851388, 43.344124155799683 ], [ -124.233849689464066, 43.344124234692202 ], [ -124.233863152094898, 43.345682897306112 ], [ -124.23387572851388, 43.344124155799683 ] ], [ [ -124.228514582938871, 43.344052293793304 ], [ -124.228484938574809, 43.344140488690257 ], [ -124.228906400572086, 43.343609821686776 ], [ -124.228514582938871, 43.344052293793304 ] ], [ [ -124.226768257348013, 43.343596291320438 ], [ -124.227126685260117, 43.343137672773103 ], [ -124.227009904275093, 43.343611970601316 ], [ -124.226768257348013, 43.343596291320438 ] ], [ [ -124.228310664441551, 43.343977817623454 ], [ -124.228466073916337, 43.34380926674789 ], [ -124.228621481271134, 43.343640715706215 ], [ -124.228310664441551, 43.343977817623454 ] ], [ [ -124.226301132990969, 43.345172685151027 ], [ -124.227087159148795, 43.345175298217931 ], [ -124.2263002354278, 43.344981926026129 ], [ -124.226301132990969, 43.345172685151027 ] ], [ [ -124.221520299855555, 43.349719368886852 ], [ -124.221528384183728, 43.349536462680405 ], [ -124.221511316362296, 43.34990162082115 ], [ -124.221520299855555, 43.349719368886852 ] ], [ [ -124.220259964044885, 43.353279393320527 ], [ -124.219797330920144, 43.353420483560306 ], [ -124.220332726856185, 43.353260451194551 ], [ -124.220259964044885, 43.353279393320527 ] ], [ [ -124.217900089774901, 43.354182757629289 ], [ -124.218352839799891, 43.35407890031447 ], [ -124.218487587206752, 43.354041669092339 ], [ -124.217900089774901, 43.354182757629289 ] ], [ [ -124.217400626210278, 43.354114172648323 ], [ -124.217669222642087, 43.354189289665484 ], [ -124.217131131503635, 43.354038403357599 ], [ -124.217400626210278, 43.354114172648323 ] ], [ [ -124.212592841900687, 43.35271829618825 ], [ -124.212653927041586, 43.352702618846877 ], [ -124.212504806373033, 43.352739851479114 ], [ -124.212592841900687, 43.35271829618825 ] ], [ [ -124.212026902496035, 43.352922094653486 ], [ -124.212105955088475, 43.35289074078716 ], [ -124.211947850640186, 43.352952795433858 ], [ -124.212026902496035, 43.352922094653486 ] ], [ [ -124.2095331801318, 43.355055409377343 ], [ -124.209566417244801, 43.354999235677774 ], [ -124.209508027177506, 43.355102438401865 ], [ -124.2095331801318, 43.355055409377343 ] ], [ [ -124.209467603098503, 43.355163836573055 ], [ -124.209426280343379, 43.355227195041543 ], [ -124.209508027177506, 43.355102438401865 ], [ -124.209467603098503, 43.355163836573055 ] ], [ [ -124.206817573109589, 43.359164408250848 ], [ -124.206817877518617, 43.359164871751886 ], [ -124.206886743014536, 43.35912195430587 ], [ -124.206817573109589, 43.359164408250848 ] ], [ [ -124.21035065092191, 43.376173524332486 ], [ -124.210349751980061, 43.376173523844557 ], [ -124.211571461342146, 43.376821900131802 ], [ -124.21035065092191, 43.376173524332486 ] ], [ [ -124.215211442541104, 43.420173550202946 ], [ -124.215138678568536, 43.418490791259131 ], [ -124.215283308025377, 43.421856261997902 ], [ -124.215211442541104, 43.420173550202946 ] ], [ [ -124.216637966815412, 43.414442583112184 ], [ -124.215301274258877, 43.417475502672488 ], [ -124.217406924879739, 43.412494727049904 ], [ -124.216637966815412, 43.414442583112184 ] ], [ [ -124.236586858810952, 43.42371704129166 ], [ -124.238686219979456, 43.41261414354954 ], [ -124.231315541560363, 43.407422828370848 ], [ -124.224142493609307, 43.415867707974584 ], [ -124.236586858810952, 43.42371704129166 ] ], [ [ -124.238495676136111, 43.389074727014275 ], [ -124.239160526895944, 43.388846606498205 ], [ -124.238495676340278, 43.389074726825754 ], [ -124.238495676136111, 43.389074727014275 ] ], [ [ -124.238520028028077, 43.389052242165235 ], [ -124.238450856825239, 43.389090105177935 ], [ -124.238495676340278, 43.389074726825754 ], [ -124.238520028028077, 43.389052242165235 ] ], [ [ -124.009164727178515, 42.418093444676479 ], [ -124.009091665881471, 42.420933338673272 ], [ -124.013150485707428, 42.413006448029378 ], [ -124.009164727178515, 42.418093444676479 ] ], [ [ -124.009259319219751, 42.421451842907814 ], [ -124.009635742054556, 42.421457971863802 ], [ -124.009228321517313, 42.421355976127131 ], [ -124.009259319219751, 42.421451842907814 ] ], [ [ -124.012712472683333, 42.423375312392906 ], [ -124.011450557632585, 42.425390035153441 ], [ -124.013062797763155, 42.42378455110002 ], [ -124.012712472683333, 42.423375312392906 ] ], [ [ -124.014543053484431, 42.433853200149045 ], [ -124.013678812807626, 42.434079768551186 ], [ -124.013620308712561, 42.435213241334473 ], [ -124.014543053484431, 42.433853200149045 ] ], [ [ -124.009482835989488, 42.440875780240269 ], [ -124.009362922052233, 42.44148785666772 ], [ -124.011426259752355, 42.438446949802682 ], [ -124.009482835989488, 42.440875780240269 ] ], [ [ -124.001657312590211, 42.445816678231608 ], [ -124.003318414200692, 42.447471569717862 ], [ -124.001736747586108, 42.445422752784381 ], [ -124.001657312590211, 42.445816678231608 ] ], [ [ -124.003856285440946, 42.448376737035325 ], [ -124.001085171603279, 42.454201719290239 ], [ -124.001139212600364, 42.454428405695673 ], [ -124.004489054802491, 42.451158202285377 ], [ -124.003856285440946, 42.448376737035325 ] ], [ [ -124.002126890509004, 42.47656827837092 ], [ -124.001520455977627, 42.462366311973263 ], [ -124.000639891686703, 42.466345644508081 ], [ -124.002126890509004, 42.47656827837092 ] ], [ [ -124.001454059445763, 42.480863204339876 ], [ -124.00116792287514, 42.480156106359772 ], [ -124.001570883480554, 42.481496392353776 ], [ -124.001454059445763, 42.480863204339876 ] ], [ [ -124.00607289521669, 42.489285680777009 ], [ -124.006877061270217, 42.488833204732366 ], [ -124.002620661473117, 42.484987920788434 ], [ -124.00607289521669, 42.489285680777009 ] ], [ [ -124.011176989597004, 42.489587124205471 ], [ -124.010778203129476, 42.493094685345994 ], [ -124.01153106138554, 42.489649204280951 ], [ -124.011176989597004, 42.489587124205471 ] ], [ [ -124.00902202374742, 42.495655810476876 ], [ -124.006907341381591, 42.496288646519197 ], [ -124.008838947045021, 42.495979644083953 ], [ -124.00902202374742, 42.495655810476876 ] ], [ [ -124.00456279495981, 42.496862967345962 ], [ -124.005068447723062, 42.49686112474545 ], [ -124.006699894395936, 42.496342765898618 ], [ -124.00456279495981, 42.496862967345962 ] ], [ [ -124.000839177373891, 42.496810906354376 ], [ -124.001121950381005, 42.496875505794613 ], [ -124.004358052751201, 42.496863713427288 ], [ -124.000839177373891, 42.496810906354376 ] ], [ [ -123.995376385375479, 42.500788304043297 ], [ -123.998865106214311, 42.499392304709126 ], [ -123.995365816407414, 42.500783592599433 ], [ -123.995376385375479, 42.500788304043297 ] ], [ [ -123.993475966800958, 42.499791652619102 ], [ -123.993586061287942, 42.499990206737976 ], [ -123.995298023585704, 42.50075337184748 ], [ -123.993475966800958, 42.499791652619102 ] ], [ [ -123.992731259025931, 42.499398576205763 ], [ -123.991256061114768, 42.501109206917555 ], [ -123.99304320414214, 42.499563229369748 ], [ -123.992731259025931, 42.499398576205763 ] ], [ [ -123.986904651699518, 42.498530261066001 ], [ -123.97282559021798, 42.495052855471258 ], [ -123.969336164468515, 42.496005503464808 ], [ -123.97258973862256, 42.495273303135825 ], [ -123.97771005790436, 42.497587208100803 ], [ -123.986904651699518, 42.498530261066001 ] ], [ [ -123.967375048696425, 42.497186656814421 ], [ -123.967844056784983, 42.497252208534583 ], [ -123.968555552501513, 42.496618673205475 ], [ -123.967375048696425, 42.497186656814421 ] ], [ [ -123.965880091592695, 42.496890284949792 ], [ -123.965213315441233, 42.497010592387866 ], [ -123.966588717346951, 42.497081460425072 ], [ -123.965880091592695, 42.496890284949792 ] ], [ [ -123.963962549555546, 42.497236269360137 ], [ -123.962633987027587, 42.4974759823684 ], [ -123.961269583134907, 42.498069078806616 ], [ -123.963962549555546, 42.497236269360137 ] ], [ [ -123.958456009124347, 42.498324146586633 ], [ -123.94314275146661, 42.501156564119434 ], [ -123.946011280692275, 42.501326156329611 ], [ -123.958456009124347, 42.498324146586633 ] ], [ [ -123.938868627437387, 42.501085904087624 ], [ -123.940758991748169, 42.500629639586442 ], [ -123.938385172714348, 42.50090963438354 ], [ -123.938868627437387, 42.501085904087624 ] ], [ [ -123.934125767738706, 42.49653736258513 ], [ -123.936269899224115, 42.499687922937149 ], [ -123.934667361872656, 42.496658323625844 ], [ -123.934125767738706, 42.49653736258513 ] ], [ [ -123.92398548229545, 42.494936843849196 ], [ -123.924152439568971, 42.494946690679228 ], [ -123.924517356131616, 42.49482265620599 ], [ -123.92398548229545, 42.494936843849196 ] ], [ [ -123.917835599442157, 42.495772690185838 ], [ -123.918508146307104, 42.495209319444314 ], [ -123.91705462903424, 42.495654985219261 ], [ -123.917835599442157, 42.495772690185838 ] ], [ [ -123.914294167616035, 42.49586561172962 ], [ -123.914566361332376, 42.495698013226004 ], [ -123.913455556411378, 42.496216855222293 ], [ -123.914294167616035, 42.49586561172962 ] ], [ [ -123.906754512021237, 42.497669782493062 ], [ -123.906723594959843, 42.497652836354817 ], [ -123.906348453939614, 42.498008245161479 ], [ -123.906754512021237, 42.497669782493062 ] ], [ [ -123.901960484300787, 42.49911353020169 ], [ -123.902448671690266, 42.499493843621558 ], [ -123.902960374869409, 42.499497783416864 ], [ -123.901960484300787, 42.49911353020169 ] ], [ [ -123.89738427803843, 42.499001358591016 ], [ -123.897847962547871, 42.499053499122418 ], [ -123.899731364807664, 42.498568927884079 ], [ -123.89738427803843, 42.499001358591016 ] ], [ [ -123.893276451304047, 42.499926629820251 ], [ -123.895967974474715, 42.498842097404228 ], [ -123.896472670842968, 42.49889884979158 ], [ -123.895858260217352, 42.498683979411361 ], [ -123.893276451304047, 42.499926629820251 ] ], [ [ -123.892142354622564, 42.500130643982935 ], [ -123.892033714981267, 42.500154782491471 ], [ -123.892008900453405, 42.500163785651907 ], [ -123.892142354622564, 42.500130643982935 ] ], [ [ -123.885333211139624, 42.508017169090152 ], [ -123.885192376628439, 42.506795325010152 ], [ -123.885210920347632, 42.508054484168412 ], [ -123.885333211139624, 42.508017169090152 ] ], [ [ -123.880057972619582, 42.511750119115959 ], [ -123.880347046152465, 42.511498217325155 ], [ -123.880326264810179, 42.511455980097168 ], [ -123.880057972619582, 42.511750119115959 ] ], [ [ -123.875437034285824, 42.514115931245598 ], [ -123.876505190615305, 42.515031767887919 ], [ -123.875445325754043, 42.513614739079621 ], [ -123.875437034285824, 42.514115931245598 ] ], [ [ -123.876740314931752, 42.517526199904168 ], [ -123.876593867085276, 42.51752930556966 ], [ -123.878129274278706, 42.519486103792616 ], [ -123.876740314931752, 42.517526199904168 ] ], [ [ -123.87894004054354, 42.523096247530951 ], [ -123.879187835845599, 42.522742679515737 ], [ -123.879193499690402, 42.522205977827532 ], [ -123.87894004054354, 42.523096247530951 ] ], [ [ -123.877894326927631, 42.524895735639326 ], [ -123.878574958634687, 42.524469602069338 ], [ -123.878624596150814, 42.52408746072571 ], [ -123.877894326927631, 42.524895735639326 ] ], [ [ -123.875563914624848, 42.526354750728686 ], [ -123.875475692051012, 42.526129532793846 ], [ -123.875590127746648, 42.526556446364317 ], [ -123.875563914624848, 42.526354750728686 ] ], [ [ -123.875802023394328, 42.528186843572421 ], [ -123.874871700553484, 42.528399112519928 ], [ -123.874870951631024, 42.528559111159133 ], [ -123.875802023394328, 42.528186843572421 ] ], [ [ -123.875014481639596, 42.530209806369207 ], [ -123.874884044513905, 42.529616056152477 ], [ -123.873920704571319, 42.530769650530182 ], [ -123.875014481639596, 42.530209806369207 ] ], [ [ -123.873312483830532, 42.531247953795074 ], [ -123.873253652822271, 42.531690386775111 ], [ -123.873457924565727, 42.531133579898956 ], [ -123.873312483830532, 42.531247953795074 ] ], [ [ -123.873247835991336, 42.531879520450325 ], [ -123.873239341932589, 42.531798009980612 ], [ -123.873162464431857, 42.531998707526519 ], [ -123.873247835991336, 42.531879520450325 ] ], [ [ -123.872175049183468, 42.533377219599295 ], [ -123.871029349422329, 42.533949098927714 ], [ -123.870993209017854, 42.534069444401645 ], [ -123.872175049183468, 42.533377219599295 ] ], [ [ -123.870887945168079, 42.534679529521988 ], [ -123.8708474000736, 42.535076280534767 ], [ -123.871210909456025, 42.535136449871864 ], [ -123.870887945168079, 42.534679529521988 ] ], [ [ -123.867947253497533, 42.537125233942355 ], [ -123.868420048713062, 42.536346220056245 ], [ -123.868427776143292, 42.536335923869366 ], [ -123.868158401206315, 42.536582552670843 ], [ -123.867947253497533, 42.537125233942355 ] ], [ [ -123.864642154074915, 42.542012138104369 ], [ -123.865411860610877, 42.541855650035416 ], [ -123.865449721079585, 42.541620856656841 ], [ -123.864642154074915, 42.542012138104369 ] ], [ [ -123.861020356379001, 42.544687702679262 ], [ -123.859509049494804, 42.546779221520303 ], [ -123.862004313238728, 42.543421246591883 ], [ -123.861020356379001, 42.544687702679262 ] ], [ [ -123.858358048369425, 42.547032222458078 ], [ -123.856165622453744, 42.548236352293053 ], [ -123.855456578475625, 42.549248836932279 ], [ -123.858358048369425, 42.547032222458078 ] ], [ [ -123.8552076975527, 42.55192694733632 ], [ -123.855076263421168, 42.552103546787606 ], [ -123.856544616922122, 42.553744881771109 ], [ -123.8552076975527, 42.55192694733632 ] ], [ [ -123.856844280180709, 42.554079841984645 ], [ -123.860904324898513, 42.560502902710653 ], [ -123.859000991893879, 42.555852157779121 ], [ -123.856844280180709, 42.554079841984645 ] ], [ [ -123.849937969808948, 42.57536413379907 ], [ -123.854717837021283, 42.567537792552386 ], [ -123.853178519727521, 42.56950349530085 ], [ -123.84984306921578, 42.573878126429562 ], [ -123.849937969808948, 42.57536413379907 ] ], [ [ -123.848147226224469, 42.584921391136099 ], [ -123.850193956124741, 42.581958838927321 ], [ -123.849630567352662, 42.578524245971423 ], [ -123.848147226224469, 42.584921391136099 ] ], [ [ -123.847542253981416, 42.585433821371176 ], [ -123.841937405398653, 42.587669759422681 ], [ -123.846563053870383, 42.586263225279772 ], [ -123.847542253981416, 42.585433821371176 ] ], [ [ -123.840366704827233, 42.589260442780834 ], [ -123.840809706827287, 42.58907462547473 ], [ -123.841163849128506, 42.588314575829166 ], [ -123.840366704827233, 42.589260442780834 ] ], [ [ -123.836192602576887, 42.591598941375764 ], [ -123.836718504304045, 42.59152159563412 ], [ -123.836840291344714, 42.591331148858977 ], [ -123.836192602576887, 42.591598941375764 ] ], [ [ -123.830406304604196, 42.594851146227768 ], [ -123.830409901071107, 42.595013109115634 ], [ -123.831089503615758, 42.594516158259935 ], [ -123.830406304604196, 42.594851146227768 ] ], [ [ -123.829030230094119, 42.600109277838122 ], [ -123.830289827918847, 42.598380548178241 ], [ -123.83029605237239, 42.597855575568083 ], [ -123.829030230094119, 42.600109277838122 ] ], [ [ -123.829028997388264, 42.601037851995279 ], [ -123.824541421370824, 42.607474687492982 ], [ -123.821462739764385, 42.608883644798361 ], [ -123.821057057507645, 42.610192419875553 ], [ -123.828529778851632, 42.606249579282803 ], [ -123.828316071030457, 42.60463763113836 ], [ -123.829211451033743, 42.602289645451435 ], [ -123.829028997388264, 42.601037851995279 ] ], [ [ -123.819397058083794, 42.612437753643377 ], [ -123.819165194130107, 42.612034127884364 ], [ -123.819201837142629, 42.613498325945194 ], [ -123.819397058083794, 42.612437753643377 ] ], [ [ -123.821130470210576, 42.619931659410867 ], [ -123.821519180271096, 42.619906368705081 ], [ -123.819248517963416, 42.615363569427174 ], [ -123.821130470210576, 42.619931659410867 ] ], [ [ -123.826745754336599, 42.624313167640636 ], [ -123.82588574928802, 42.623684415680515 ], [ -123.824916429074264, 42.623012672069699 ], [ -123.826745754336599, 42.624313167640636 ] ], [ [ -123.840616483290319, 42.05802673191134 ], [ -123.840825285073024, 42.058243354978949 ], [ -123.840600299503635, 42.057997957602147 ], [ -123.840616483290319, 42.05802673191134 ] ], [ [ -123.827550378609658, 42.095025792180266 ], [ -123.827998126453949, 42.09545732499798 ], [ -123.827384699083211, 42.094812392699957 ], [ -123.827550378609658, 42.095025792180266 ] ], [ [ -123.834295987324168, 42.108357305872921 ], [ -123.832083417838604, 42.107036229818625 ], [ -123.832143079306988, 42.107313438065937 ], [ -123.834295987324168, 42.108357305872921 ] ], [ [ -123.836301246909073, 42.109295364502835 ], [ -123.835997457089448, 42.10918577886671 ], [ -123.836782465861603, 42.109793895209016 ], [ -123.836301246909073, 42.109295364502835 ] ], [ [ -123.839472285017877, 42.114819230783105 ], [ -123.838708688517656, 42.114297161112397 ], [ -123.839917920179317, 42.115477878209653 ], [ -123.839472285017877, 42.114819230783105 ] ], [ [ -123.839888816313419, 42.124551845326458 ], [ -123.851172026355286, 42.127388996325131 ], [ -123.845649035003333, 42.124989935529705 ], [ -123.839888816313419, 42.124551845326458 ] ], [ [ -123.857374154899787, 42.133843003068016 ], [ -123.856404119217146, 42.133338127528724 ], [ -123.8564909441114, 42.13349162454908 ], [ -123.857374154899787, 42.133843003068016 ] ], [ [ -123.813601751909275, 42.169914879314327 ], [ -123.814060278096264, 42.170078651132322 ], [ -123.813882342339141, 42.16999304059577 ], [ -123.813601751909275, 42.169914879314327 ] ], [ [ -123.815910306548034, 42.204073389079134 ], [ -123.816741312363135, 42.203740605944667 ], [ -123.814549507197228, 42.205226115021865 ], [ -123.815910306548034, 42.204073389079134 ] ], [ [ -123.796698411093232, 42.237384466449868 ], [ -123.793383110839713, 42.236742062672832 ], [ -123.794247057718351, 42.237152131255947 ], [ -123.796698411093232, 42.237384466449868 ] ], [ [ -123.799973704270784, 42.239827733285651 ], [ -123.804217870623404, 42.240132326915116 ], [ -123.799383942550833, 42.239323342606355 ], [ -123.799973704270784, 42.239827733285651 ] ], [ [ -123.806539054570592, 42.241290287274126 ], [ -123.809125088326581, 42.241182917403052 ], [ -123.806005036359224, 42.241013525718735 ], [ -123.806539054570592, 42.241290287274126 ] ], [ [ -123.822156064604101, 42.264969496832244 ], [ -123.822673219606685, 42.264688721294888 ], [ -123.816928369062282, 42.263751861445932 ], [ -123.822156064604101, 42.264969496832244 ] ], [ [ -123.843851704450486, 42.03472092930982 ], [ -123.841535034609009, 42.031711154231459 ], [ -123.841399413623691, 42.031664712731036 ], [ -123.843851704450486, 42.03472092930982 ] ], [ [ -123.839882803772525, 42.031046525855658 ], [ -123.839132117463791, 42.031009202243006 ], [ -123.840053457762977, 42.031146279097442 ], [ -123.839882803772525, 42.031046525855658 ] ], [ [ -123.836671359170978, 42.030153211164688 ], [ -123.837783060890473, 42.030884530573708 ], [ -123.836723922155315, 42.029979949409132 ], [ -123.836671359170978, 42.030153211164688 ] ], [ [ -123.836995054316603, 42.022680313184296 ], [ -123.836621886087499, 42.022115191127128 ], [ -123.837108191859855, 42.028713278603789 ], [ -123.836995054316603, 42.022680313184296 ] ], [ [ -123.831494341947888, 42.011211779521958 ], [ -123.835740649186079, 42.011363242168152 ], [ -123.837242029489104, 42.014135365459538 ], [ -123.839706729761289, 42.014846911079985 ], [ -123.841094680411388, 42.017595425320067 ], [ -123.831494341947888, 42.011211779521958 ] ], [ [ -123.829788716139277, 42.010884020382917 ], [ -123.830013105111973, 42.010785731916762 ], [ -123.828068117280765, 42.007335995404148 ], [ -123.829788716139277, 42.010884020382917 ] ], [ [ -123.825548331773746, 42.000192243540333 ], [ -123.828956937110362, 42.002122081898378 ], [ -123.829019161119774, 42.006173232319043 ], [ -123.825548331773746, 42.000192243540333 ] ], [ [ -123.845364650755783, 42.2988035244543 ], [ -123.839136827402626, 42.296408926804602 ], [ -123.845408423046891, 42.298935837011733 ], [ -123.845364650755783, 42.2988035244543 ] ], [ [ -123.837076201050053, 42.292448674631629 ], [ -123.837137290629116, 42.29267031072817 ], [ -123.837169423087801, 42.292705621675594 ], [ -123.837076201050053, 42.292448674631629 ] ], [ [ -123.834371551886633, 42.28329564944336 ], [ -123.826747384654368, 42.277302113863925 ], [ -123.825294447105506, 42.272936387117426 ], [ -123.826374265684251, 42.278043287662427 ], [ -123.832582977286563, 42.283059911405267 ], [ -123.835015232779014, 42.284140969296089 ], [ -123.835535601663352, 42.286429285284527 ], [ -123.838486764970696, 42.288156693891416 ], [ -123.834371551886633, 42.28329564944336 ] ], [ [ -124.13293230403923, 42.666837408278781 ], [ -124.12806347032199, 42.666689254517465 ], [ -124.128064317164956, 42.666847279500104 ], [ -124.13293230403923, 42.666837408278781 ] ], [ [ -124.127962310048986, 42.671128278762382 ], [ -124.1192419250158, 42.67113654758657 ], [ -124.127962427139408, 42.671131264336914 ], [ -124.127962310048986, 42.671128278762382 ] ], [ [ -124.119211050076387, 42.678344085670766 ], [ -124.089886393156661, 42.678215977643056 ], [ -124.119211039895475, 42.678346721543861 ], [ -124.119211050076387, 42.678344085670766 ] ], [ [ -124.089934942156162, 42.685453706975409 ], [ -124.08988606364521, 42.678663982528086 ], [ -124.089881069366584, 42.685453825140605 ], [ -124.089934942156162, 42.685453706975409 ] ], [ [ -123.996305371215911, 42.685659074815561 ], [ -124.035069526101566, 42.68557404929453 ], [ -123.996305370339499, 42.685656190542751 ], [ -123.996305371215911, 42.685659074815561 ] ], [ [ -123.976691160385414, 42.700123206233329 ], [ -123.976691151299519, 42.700126051357344 ], [ -123.996306222162019, 42.700105221012258 ], [ -123.976691160385414, 42.700123206233329 ] ], [ [ -123.956999150189503, 42.714574004006536 ], [ -123.976642101768007, 42.71456523490879 ], [ -123.976642109746393, 42.71456272048102 ], [ -123.956999150189503, 42.714574004006536 ] ], [ [ -123.937301905626271, 42.729102402879448 ], [ -123.957036369850428, 42.729058467400144 ], [ -123.957036361646331, 42.729055528762494 ], [ -123.937301905626271, 42.729102402879448 ] ], [ [ -123.92595625135931, 42.739715082224791 ], [ -123.937278821945128, 42.739674306227506 ], [ -123.937278827385072, 42.739671396900022 ], [ -123.92595625135931, 42.739715082224791 ] ], [ [ -123.925727389950836, 42.774521774128388 ], [ -123.888063404777441, 42.774487255863001 ], [ -123.869499147016626, 42.7752712354132 ], [ -123.888060126925723, 42.77449012650721 ], [ -123.925727389950836, 42.774521774128388 ] ], [ [ -123.869883478264072, 42.782364258665432 ], [ -123.850434145408187, 42.781805735042397 ], [ -123.869883613502225, 42.782366730426205 ], [ -123.869883478264072, 42.782364258665432 ] ], [ [ -123.812071015500877, 42.78884118119683 ], [ -123.812070933106, 42.788849242600399 ], [ -123.849874713229099, 42.78875818316267 ], [ -123.812071015500877, 42.78884118119683 ] ], [ [ -123.716206067723377, 42.785440250881308 ], [ -123.717796086109047, 42.783365725104503 ], [ -123.715102059884202, 42.73974024807233 ], [ -123.716206067723377, 42.785440250881308 ] ], [ [ -123.69702517317566, 42.739633820695751 ], [ -123.697333059519934, 42.753423250408424 ], [ -123.697284056910803, 42.739740249580784 ], [ -123.715102059884202, 42.73974024807233 ], [ -123.69702517317566, 42.739633820695751 ] ], [ [ -123.455309475560441, 42.699283821286649 ], [ -123.455310014609921, 42.699254268883827 ], [ -123.455296858711449, 42.699122904781355 ], [ -123.455309475560441, 42.699283821286649 ] ], [ [ -123.406244779141815, 42.713753699738497 ], [ -123.405881108928355, 42.710282483101984 ], [ -123.40579000921106, 42.713744274459053 ], [ -123.406244779141815, 42.713753699738497 ] ], [ [ -123.861138588541905, 43.213888976511043 ], [ -123.842505729695972, 43.213713520027319 ], [ -123.821548018956989, 43.213775548862905 ], [ -123.861138588541905, 43.213888976511043 ] ], [ [ -123.704028611236239, 43.214123371562415 ], [ -123.703810503985849, 43.186610153354515 ], [ -123.703812148251586, 43.257840281237421 ], [ -123.704028611236239, 43.214123371562415 ] ], [ [ -123.702064249283055, 43.08729321947704 ], [ -123.701942127504381, 43.141095274093551 ], [ -123.702284073322872, 43.160931335789662 ], [ -123.702064249283055, 43.08729321947704 ] ], [ [ -123.819674294771787, 42.882136213007989 ], [ -123.91705776693145, 42.882815824714733 ], [ -123.819674363008204, 42.882106968712762 ], [ -123.819674294771787, 42.882136213007989 ] ], [ [ -123.819967826621792, 42.82423053885389 ], [ -123.819809090746404, 42.82433924375659 ], [ -123.819779192472438, 42.837163505452295 ], [ -123.819967826621792, 42.82423053885389 ] ], [ [ -124.092560841588494, 43.977337286185808 ], [ -124.092560843006183, 43.977337421240726 ], [ -124.092975674264252, 43.977334911282078 ], [ -124.092560841588494, 43.977337286185808 ] ], [ [ -123.941466797293074, 44.348473080813193 ], [ -124.04703585145657, 44.349321055891956 ], [ -124.062234414585319, 44.349434983742981 ], [ -123.941466797293074, 44.348473080813193 ] ], [ [ -123.61932525060891, 43.891658328797632 ], [ -123.579581922800713, 43.891135265086113 ], [ -123.619324879891337, 43.891692436290882 ], [ -123.61932525060891, 43.891658328797632 ] ], [ [ -123.529145224699221, 43.829476333633522 ], [ -123.470743216515032, 43.830522339155138 ], [ -123.470268265021872, 43.810197385319093 ], [ -123.470152987498537, 43.831170650181662 ], [ -123.529113583545069, 43.830077815440056 ], [ -123.528914834845025, 43.868330904821399 ], [ -123.579693899144161, 43.868304174787255 ], [ -123.528973231792222, 43.868197335996932 ], [ -123.529145224699221, 43.829476333633522 ] ], [ [ -123.457938602440791, 43.810003929008666 ], [ -123.389417260503734, 43.808928796036774 ], [ -123.411439739584992, 43.80988195799906 ], [ -123.457938602440791, 43.810003929008666 ] ], [ [ -123.34819959207536, 43.809215229903337 ], [ -123.386322458293677, 43.808880236637563 ], [ -123.37141619670291, 43.808646347435761 ], [ -123.34819959207536, 43.809215229903337 ] ], [ [ -124.048634563037396, 43.86219389630989 ], [ -124.064629228708085, 43.864242714192258 ], [ -124.124516126569574, 43.86350754726179 ], [ -124.064764311031283, 43.864116284047157 ], [ -124.064671311820959, 43.861936283735105 ], [ -124.048634563037396, 43.86219389630989 ] ], [ [ -124.011817594303523, 43.862785315849074 ], [ -124.003918430814949, 43.862912205477613 ], [ -124.005950663383672, 43.863012879144428 ], [ -124.011817594303523, 43.862785315849074 ] ], [ [ -123.970030720398071, 43.862838092954043 ], [ -123.951436673541792, 43.862768260071348 ], [ -123.965911926709069, 43.863052889807207 ], [ -123.970030720398071, 43.862838092954043 ] ], [ [ -123.94628928343954, 43.862748928219567 ], [ -123.9449365854489, 43.870924811908736 ], [ -123.946518456387508, 43.871684760816862 ], [ -123.94628928343954, 43.862748928219567 ] ], [ [ -123.926674224802468, 43.865951470023624 ], [ -123.925524291417574, 43.865638297723748 ], [ -123.925518783645003, 43.865943349315515 ], [ -123.926674224802468, 43.865951470023624 ] ], [ [ -123.92550686453491, 43.866603491694349 ], [ -123.925364292658202, 43.874499297831925 ], [ -123.925896449653422, 43.874760115468369 ], [ -123.92550686453491, 43.866603491694349 ] ], [ [ -123.925840013718712, 43.891774955836254 ], [ -123.925574079733835, 43.898065714374162 ], [ -123.925716800730811, 43.898079747081674 ], [ -123.925840013718712, 43.891774955836254 ] ], [ [ -123.876113507238244, 43.608454670024521 ], [ -123.949575089719758, 43.608583279896123 ], [ -123.949576912838381, 43.608476001056026 ], [ -123.876113507238244, 43.608454670024521 ] ], [ [ -124.183447043989844, 43.610907286122007 ], [ -124.183445469454654, 43.610977401119143 ], [ -124.183484097739665, 43.610907297859676 ], [ -124.183447043989844, 43.610907286122007 ] ], [ [ -124.008754256632272, 43.61006427391095 ], [ -124.017945733329952, 43.61012086415839 ], [ -124.001007404560255, 43.60990982992363 ], [ -124.008754256632272, 43.61006427391095 ] ], [ [ -123.949579529172482, 43.609269086711919 ], [ -123.949580248243734, 43.60938428025333 ], [ -123.958781115449185, 43.609383730369373 ], [ -123.949579529172482, 43.609269086711919 ] ], [ [ -124.063257746057104, 44.276988973621108 ], [ -124.063545337392213, 44.27510676115827 ], [ -124.063297677302657, 44.275094292833401 ], [ -124.063257746057104, 44.276988973621108 ] ], [ [ -123.941073875538024, 44.277373260726513 ], [ -123.94107397735722, 44.277546893841297 ], [ -123.999467941049062, 44.277280253741083 ], [ -123.941073875538024, 44.277373260726513 ] ], [ [ -123.763850719248012, 44.283651304573887 ], [ -123.941054371283144, 44.282976321352777 ], [ -123.836063821535959, 44.282807865171669 ], [ -123.763850719248012, 44.283651304573887 ] ], [ [ -123.655266644499363, 44.279017683824108 ], [ -123.715372971188643, 44.280280326761421 ], [ -123.63681500737016, 44.278091305355233 ], [ -123.655266644499363, 44.279017683824108 ] ], [ [ -123.593265532711953, 44.281894926199314 ], [ -123.593266208478326, 44.281894902639486 ], [ -123.593280844293318, 44.279622331459194 ], [ -123.593265532711953, 44.281894926199314 ] ], [ [ -123.576627148520288, 44.282475001724784 ], [ -123.55600312912, 44.28140274478725 ], [ -123.555593077435589, 44.281405204696895 ], [ -123.573579186589967, 44.282581264314366 ], [ -123.576627148520288, 44.282475001724784 ] ], [ [ -123.81671333534301, 44.344619121342788 ], [ -123.735000527350763, 44.345803657138767 ], [ -123.816945365257766, 44.344809337204552 ], [ -123.816592836512953, 44.325302134071904 ], [ -123.81671333534301, 44.344619121342788 ] ], [ [ -123.735617356068957, 44.360744346023004 ], [ -123.735032910663676, 44.348801544337469 ], [ -123.735157654235522, 44.360348255348242 ], [ -123.715543469699256, 44.36045619537758 ], [ -123.735617356068957, 44.360744346023004 ] ], [ [ -123.715692315258039, 44.373636465118253 ], [ -123.715871427923432, 44.389492954582288 ], [ -123.716258135832277, 44.389493948472236 ], [ -123.715692315258039, 44.373636465118253 ] ], [ [ -123.720145222638394, 44.389682825676047 ], [ -123.720434367048256, 44.433058351615074 ], [ -123.720563359389629, 44.389678349405699 ], [ -123.720145222638394, 44.389682825676047 ] ], [ [ -123.696332733626662, 44.433692850154067 ], [ -123.689696765386955, 44.433782646546625 ], [ -123.691603363146285, 44.433817354544338 ], [ -123.696332733626662, 44.433692850154067 ] ], [ [ -123.674807073421704, 44.433511591603789 ], [ -123.668722081874861, 44.432924598122959 ], [ -123.653100539839429, 44.433116439254817 ], [ -123.674807073421704, 44.433511591603789 ] ], [ [ -123.606443667770435, 44.433578838210003 ], [ -123.603362272306981, 44.433413491574676 ], [ -123.605443350362336, 44.433589363634923 ], [ -123.606443667770435, 44.433578838210003 ] ], [ [ -123.249385987234632, 42.724548290040367 ], [ -123.273686991229923, 42.724447287488125 ], [ -123.249412065006169, 42.722670882515843 ], [ -123.249385987234632, 42.724548290040367 ] ], [ [ -123.22960346892809, 42.692830241309665 ], [ -123.229648968951054, 42.709961468718333 ], [ -123.224962066162703, 42.70996834964248 ], [ -123.229650414063315, 42.709961579395554 ], [ -123.22960346892809, 42.692830241309665 ] ], [ [ -123.228966970435152, 42.551564170644525 ], [ -123.22902694965066, 42.551141160531664 ], [ -123.228967788183311, 42.551558198978825 ], [ -123.228966970435152, 42.551564170644525 ] ], [ [ -123.317271945272154, 42.411518263140024 ], [ -123.317246286189402, 42.407910091773203 ], [ -123.317274280884931, 42.412299857590696 ], [ -123.317271945272154, 42.411518263140024 ] ], [ [ -123.305040910214643, 42.408116782057498 ], [ -123.305047858609541, 42.408082334041872 ], [ -123.305033219229315, 42.40815144895528 ], [ -123.305040910214643, 42.408116782057498 ] ], [ [ -123.297770674806614, 42.418292741062402 ], [ -123.297603943876624, 42.418464265631563 ], [ -123.297869943930607, 42.418193265586375 ], [ -123.297770674806614, 42.418292741062402 ] ], [ [ -123.367061135083802, 42.382305480801705 ], [ -123.371573316037114, 42.382267188482039 ], [ -123.36621494803552, 42.382303257235712 ], [ -123.367061135083802, 42.382305480801705 ] ], [ [ -123.347266945591159, 42.390243259607864 ], [ -123.347267946980509, 42.390348258877005 ], [ -123.347266946247856, 42.389803258385776 ], [ -123.347266945591159, 42.390243259607864 ] ], [ [ -123.287951945306119, 42.437405268045616 ], [ -123.288011828109532, 42.437404943472949 ], [ -123.288011944380315, 42.437403267650865 ], [ -123.287951945306119, 42.437405268045616 ] ], [ [ -123.287677943676286, 42.4332782667327 ], [ -123.287818944547155, 42.433723266090759 ], [ -123.287671086718191, 42.43325645482971 ], [ -123.287677943676286, 42.4332782667327 ] ], [ [ -123.312574235970246, 42.457006948544056 ], [ -123.312716952327577, 42.457007266117657 ], [ -123.312616372034981, 42.457006912051689 ], [ -123.312574235970246, 42.457006948544056 ] ], [ [ -123.226074949642779, 42.548956161394415 ], [ -123.22667563771941, 42.548195639788709 ], [ -123.22669894296601, 42.548114179539304 ], [ -123.226074949642779, 42.548956161394415 ] ], [ [ -123.22593594777706, 42.546189161301335 ], [ -123.227697330523981, 42.546576793895717 ], [ -123.227980787694889, 42.546639164430601 ], [ -123.22593594777706, 42.546189161301335 ] ], [ [ -123.227255094959759, 42.545795666835986 ], [ -123.227160337973942, 42.54580177021122 ], [ -123.227155184858788, 42.545802109033083 ], [ -123.227255094959759, 42.545795666835986 ] ], [ [ -123.226811765972556, 42.545824242744494 ], [ -123.226802502425812, 42.545824839930944 ], [ -123.226811777448916, 42.545824242004485 ], [ -123.226811765972556, 42.545824242744494 ] ], [ [ -123.226468521684296, 42.545858493165198 ], [ -123.226470353700108, 42.545858117968145 ], [ -123.226445567505081, 42.545862830216144 ], [ -123.226468521684296, 42.545858493165198 ] ], [ [ -123.225961180304381, 42.5459549179078 ], [ -123.225953420921272, 42.545956401187297 ], [ -123.225981769108046, 42.545951003898203 ], [ -123.225961180304381, 42.5459549179078 ] ], [ [ -123.225732474968353, 42.545998396488741 ], [ -123.22572179092586, 42.54600042768876 ], [ -123.225739662435331, 42.545997030043175 ], [ -123.225732474968353, 42.545998396488741 ] ], [ [ -123.223125595321477, 42.54464481788424 ], [ -123.223114709078573, 42.544632420896043 ], [ -123.223139736492456, 42.544660921110577 ], [ -123.223125595321477, 42.54464481788424 ] ], [ [ -123.222973602708947, 42.544471732982444 ], [ -123.222962360407635, 42.544458930733981 ], [ -123.222984271567171, 42.54448388254476 ], [ -123.222973602708947, 42.544471732982444 ] ], [ [ -123.222779672356737, 42.544250920660879 ], [ -123.222853070597296, 42.544334476205911 ], [ -123.222774933936108, 42.544245495170777 ], [ -123.222779672356737, 42.544250920660879 ] ], [ [ -123.221791629736018, 42.543784414629783 ], [ -123.221776288071283, 42.543788410019935 ], [ -123.221820287965045, 42.543776951793461 ], [ -123.221791629736018, 42.543784414629783 ] ], [ [ -123.221715786299058, 42.543804165907702 ], [ -123.221705678729705, 42.543863159659566 ], [ -123.221717852050432, 42.54380362803834 ], [ -123.221715786299058, 42.543804165907702 ] ], [ [ -123.221692407655581, 42.543940630576174 ], [ -123.221684082335003, 42.543989231148728 ], [ -123.221694413973893, 42.543928922513892 ], [ -123.221692407655581, 42.543940630576174 ] ], [ [ -123.221680458277575, 42.54401038077296 ], [ -123.221673962365941, 42.544048296002167 ], [ -123.221682420155801, 42.54399893384825 ], [ -123.221680458277575, 42.54401038077296 ] ], [ [ -123.221669079255989, 42.54413016375252 ], [ -123.221666521979316, 42.544181891917361 ], [ -123.221670682470858, 42.544097699653662 ], [ -123.221669079255989, 42.54413016375252 ] ], [ [ -123.22166521901309, 42.544208243418467 ], [ -123.22166206520852, 42.544272044304527 ], [ -123.22166622034571, 42.544187993198875 ], [ -123.22166521901309, 42.544208243418467 ] ], [ [ -123.221648985335335, 42.544536629775898 ], [ -123.221648843196718, 42.544539510525908 ], [ -123.221649992607581, 42.544516261316168 ], [ -123.221648985335335, 42.544536629775898 ] ], [ [ -123.221641585818602, 42.544686322568218 ], [ -123.221638316515524, 42.544752615475943 ], [ -123.22164242241918, 42.544669390490789 ], [ -123.221641585818602, 42.544686322568218 ] ], [ [ -123.221638015580481, 42.544758717880434 ], [ -123.221636789185084, 42.544787101386774 ], [ -123.221636948201947, 42.544787161191508 ], [ -123.221638015580481, 42.544758717880434 ] ], [ [ -123.220220735490727, 42.544257999508993 ], [ -123.220220886465597, 42.544258055698009 ], [ -123.220183513343841, 42.544211962883338 ], [ -123.220220735490727, 42.544257999508993 ] ], [ [ -123.220047836610888, 42.544044631013143 ], [ -123.219585578171106, 42.543474756476222 ], [ -123.220102223089953, 42.544111706552144 ], [ -123.220047836610888, 42.544044631013143 ] ], [ [ -123.218354954557739, 42.542682178616197 ], [ -123.218321521421714, 42.542637695067299 ], [ -123.218383453350242, 42.542720096754991 ], [ -123.218354954557739, 42.542682178616197 ] ], [ [ -123.218230869487869, 42.542517080769038 ], [ -123.218202961567386, 42.542479948405045 ], [ -123.218261221780779, 42.542557464601217 ], [ -123.218230869487869, 42.542517080769038 ] ], [ [ -123.218115806174325, 42.54236398518043 ], [ -123.218072878254233, 42.542306868377466 ], [ -123.218147041359543, 42.542405544992057 ], [ -123.218115806174325, 42.54236398518043 ] ], [ [ -123.217875486329874, 42.542044461654832 ], [ -123.218005472753234, 42.542217183065439 ], [ -123.217835522291011, 42.541991056831243 ], [ -123.217875486329874, 42.542044461654832 ] ], [ [ -123.21716131313822, 42.541108917334093 ], [ -123.217128944779702, 42.541068880906288 ], [ -123.217215892718016, 42.54117637794586 ], [ -123.21716131313822, 42.541108917334093 ] ], [ [ -123.217010725200794, 42.540922656235033 ], [ -123.216985020259855, 42.540890862003629 ], [ -123.2170376143374, 42.540955915232487 ], [ -123.217010725200794, 42.540922656235033 ] ], [ [ -123.216880769547544, 42.540761911177114 ], [ -123.216839208882533, 42.540710505401691 ], [ -123.216906248622152, 42.540793427103665 ], [ -123.216880769547544, 42.540761911177114 ] ], [ [ -123.216691734291572, 42.540528091924337 ], [ -123.216655833744369, 42.540483686024459 ], [ -123.216724970140035, 42.540569201190436 ], [ -123.216691734291572, 42.540528091924337 ] ], [ [ -123.216524172364629, 42.540320830527669 ], [ -123.216503490297569, 42.540295248532033 ], [ -123.21655442121461, 42.540358245582183 ], [ -123.216524172364629, 42.540320830527669 ] ], [ [ -123.216077540798693, 42.539770457029441 ], [ -123.216067094205115, 42.539757677078846 ], [ -123.216100731755304, 42.539798830253105 ], [ -123.216077540798693, 42.539770457029441 ] ], [ [ -123.215768545141401, 42.539392420548296 ], [ -123.215357972316312, 42.53889009659121 ], [ -123.216006485542465, 42.539683525295651 ], [ -123.215768545141401, 42.539392420548296 ] ], [ [ -123.215223970692804, 42.538726148263343 ], [ -123.215199433520127, 42.538696127135829 ], [ -123.215252019340113, 42.538760465297933 ], [ -123.215223970692804, 42.538726148263343 ] ], [ [ -123.215022589910717, 42.538479879486864 ], [ -123.215112512245412, 42.538589779758126 ], [ -123.214999984364468, 42.538452102605874 ], [ -123.215022589910717, 42.538479879486864 ] ], [ [ -123.21464726299358, 42.537578067106125 ], [ -123.21459833376673, 42.537508708331814 ], [ -123.21469392657815, 42.53764468508124 ], [ -123.21464726299358, 42.537578067106125 ] ], [ [ -123.210140829247564, 42.534404010512823 ], [ -123.210073876140143, 42.527643624144268 ], [ -123.210057931460568, 42.524164064110209 ], [ -123.210057185193108, 42.524002481330953 ], [ -123.210140829247564, 42.534404010512823 ] ], [ [ -123.195335434929902, 42.523920943397691 ], [ -123.195348777993317, 42.520286251289306 ], [ -123.195348772160969, 42.520286251232946 ], [ -123.195335434929902, 42.523920943397691 ] ], [ [ -123.177375159457057, 42.520358329149595 ], [ -123.177472515686517, 42.520358135042422 ], [ -123.177410554584327, 42.520358180254966 ], [ -123.177375159457057, 42.520358329149595 ] ], [ [ -123.171780245498041, 42.520370032103031 ], [ -123.171795793406005, 42.520369521484483 ], [ -123.171795083517495, 42.520369532706034 ], [ -123.171780245498041, 42.520370032103031 ] ], [ [ -123.169719292983771, 42.520250940261874 ], [ -123.169667765993069, 42.520246847370345 ], [ -123.169743505720632, 42.520252928269926 ], [ -123.169719292983771, 42.520250940261874 ] ], [ [ -123.118589562234632, 42.520233528608614 ], [ -123.11858940183275, 42.520233532455819 ], [ -123.118602826979483, 42.520233625141479 ], [ -123.118589562234632, 42.520233528608614 ] ], [ [ -123.111954070340147, 42.520184908521038 ], [ -123.111954070629324, 42.520184908522602 ], [ -123.111954070148471, 42.520184867696571 ], [ -123.111954070340147, 42.520184908521038 ] ], [ [ -123.131063038822617, 42.427949348916854 ], [ -123.131077775349141, 42.426447933623216 ], [ -123.131055245688529, 42.428743390981353 ], [ -123.131063038822617, 42.427949348916854 ] ], [ [ -123.130958326671688, 42.420121058944993 ], [ -123.130989668365729, 42.421632382966237 ], [ -123.130972996667069, 42.420825167229168 ], [ -123.130958326671688, 42.420121058944993 ] ], [ [ -123.130954737001005, 42.419964008772212 ], [ -123.130958305443784, 42.420120106573087 ], [ -123.130956919318962, 42.420053529011987 ], [ -123.130954737001005, 42.419964008772212 ] ], [ [ -123.130918362794617, 42.417771195974105 ], [ -123.130919273530452, 42.417852208623891 ], [ -123.130918781164809, 42.417801345202093 ], [ -123.130918362794617, 42.417771195974105 ] ], [ [ -123.130884466419758, 42.415075154781412 ], [ -123.130886044591747, 42.415210187372104 ], [ -123.130885983119057, 42.415200226343153 ], [ -123.130884466419758, 42.415075154781412 ] ], [ [ -123.091456676038533, 42.368074028075043 ], [ -123.091454140007457, 42.368188544037672 ], [ -123.091457330477155, 42.368047932300321 ], [ -123.091456676038533, 42.368074028075043 ] ], [ [ -123.091473450126557, 42.367321826290279 ], [ -123.091472388831335, 42.367369868570378 ], [ -123.091473976411763, 42.367306481106155 ], [ -123.091473450126557, 42.367321826290279 ] ], [ [ -123.09154953064224, 42.363877350933457 ], [ -123.091549595925969, 42.363883878860385 ], [ -123.091549822034651, 42.363864177068585 ], [ -123.09154953064224, 42.363877350933457 ] ], [ [ -123.091642130738308, 42.357201831184653 ], [ -123.091641973534706, 42.357260892412434 ], [ -123.091642442651775, 42.357171748873341 ], [ -123.091642130738308, 42.357201831184653 ] ], [ [ -123.091767557773025, 42.346302725488648 ], [ -123.091774913060505, 42.34581712872766 ], [ -123.091766838560247, 42.346350137257716 ], [ -123.091767557773025, 42.346302725488648 ] ], [ [ -123.085010115024502, 42.346091635946586 ], [ -123.085236992455592, 42.346082299058118 ], [ -123.085057105171174, 42.346089589909937 ], [ -123.085010115024502, 42.346091635946586 ] ], [ [ -123.07840411317116, 42.346228483635613 ], [ -123.078408676762919, 42.346228415146676 ], [ -123.076731432209925, 42.346234801064931 ], [ -123.07840411317116, 42.346228483635613 ] ], [ [ -123.063272589078565, 42.346185007279175 ], [ -123.063297202786586, 42.346185192554806 ], [ -123.063246670698973, 42.346184717754831 ], [ -123.063272589078565, 42.346185007279175 ] ], [ [ -123.05383571264646, 42.346007026035103 ], [ -123.053853297232777, 42.346007374723918 ], [ -123.053791509873662, 42.346006013305718 ], [ -123.05383571264646, 42.346007026035103 ] ], [ [ -123.050135188363242, 42.345974522225816 ], [ -123.051445407579934, 42.345980018595142 ], [ -123.05004276726703, 42.345974063348564 ], [ -123.050135188363242, 42.345974522225816 ] ], [ [ -123.170679759492558, 42.346489120325209 ], [ -123.170378590453154, 42.342897420467594 ], [ -123.170349102272311, 42.342543085149671 ], [ -123.170378595741013, 42.3428975391069 ], [ -123.170439911471249, 42.343629316176788 ], [ -123.170679759492558, 42.346489120325209 ] ], [ [ -123.163945903219869, 42.317005042038161 ], [ -123.151098916480663, 42.316998718103157 ], [ -123.131576909023849, 42.316943540793886 ], [ -123.129011045562478, 42.316943857620323 ], [ -123.128843408119209, 42.316944114156037 ], [ -123.111605035838991, 42.317139156903195 ], [ -123.163945903219869, 42.317005042038161 ] ], [ [ -123.111605035838991, 42.317139156903195 ], [ -123.111605035760661, 42.317139155105657 ], [ -123.111599467198559, 42.31713909080419 ], [ -123.111605035838991, 42.317139156903195 ] ], [ [ -123.111581839945657, 42.317138976697244 ], [ -123.111482293088002, 42.317137844100458 ], [ -123.111581295989765, 42.317139013144356 ], [ -123.111581839945657, 42.317138976697244 ] ], [ [ -123.11050113614931, 42.317126374053203 ], [ -123.110500913701955, 42.317126332603543 ], [ -123.110500795138591, 42.317126366038437 ], [ -123.11050113614931, 42.317126374053203 ] ], [ [ -123.096729146040431, 42.316965473389246 ], [ -123.09650352409578, 42.316962695579896 ], [ -123.096555822530917, 42.316963437912854 ], [ -123.096729146040431, 42.316965473389246 ] ], [ [ -122.977628676322652, 42.28606787148675 ], [ -122.977624447070014, 42.286075802983653 ], [ -122.977630257177566, 42.286065048322698 ], [ -122.977628676322652, 42.28606787148675 ] ], [ [ -122.977593198050585, 42.286149241707093 ], [ -122.97759167459364, 42.286154099499953 ], [ -122.977600719843579, 42.286128448307899 ], [ -122.977593198050585, 42.286149241707093 ] ], [ [ -122.977564989426824, 42.286265540378736 ], [ -122.977555686453726, 42.28630750742645 ], [ -122.977570603834664, 42.286240545817208 ], [ -122.977564989426824, 42.286265540378736 ] ], [ [ -123.152423611889418, 42.084629430420733 ], [ -123.152421200812825, 42.083838783018798 ], [ -123.152421811157581, 42.084155199622437 ], [ -123.152423611889418, 42.084629430420733 ] ], [ [ -123.152427078465323, 42.085310249344282 ], [ -123.152423667910242, 42.084642988765488 ], [ -123.152426941189177, 42.085379287363239 ], [ -123.152427078465323, 42.085310249344282 ] ], [ [ -123.152430972546796, 42.086062971733526 ], [ -123.152429871458253, 42.086038409086278 ], [ -123.152431170797428, 42.086203528823283 ], [ -123.152430972546796, 42.086062971733526 ] ], [ [ -123.152449235842795, 42.090398333112539 ], [ -123.152449397985791, 42.090399928634724 ], [ -123.152446465802967, 42.089772089131877 ], [ -123.152449235842795, 42.090398333112539 ] ], [ [ -123.152467813004563, 42.094472185035784 ], [ -123.152455805992773, 42.091620588538142 ], [ -123.152456783315316, 42.092092251772804 ], [ -123.152465872925546, 42.094146403046651 ], [ -123.152467813004563, 42.094472185035784 ] ], [ [ -123.152468849734859, 42.094558369738778 ], [ -123.152467874748694, 42.094481506063566 ], [ -123.152468442984926, 42.094537458563742 ], [ -123.152468849734859, 42.094558369738778 ] ], [ [ -123.152470160098659, 42.094842939644082 ], [ -123.152470011475415, 42.09484217142036 ], [ -123.152470204679219, 42.094851727232488 ], [ -123.152470160098659, 42.094842939644082 ] ], [ [ -123.152470745210948, 42.094960157081132 ], [ -123.152470522311063, 42.094933874337187 ], [ -123.152470768204452, 42.095031447601265 ], [ -123.152470745210948, 42.094960157081132 ] ], [ [ -123.152479929638119, 42.097087414424017 ], [ -123.152477227505784, 42.096518802566457 ], [ -123.152475652667846, 42.095895530009713 ], [ -123.152479929638119, 42.097087414424017 ] ], [ [ -123.152481401382857, 42.097327751431237 ], [ -123.152480945723852, 42.097253323481389 ], [ -123.152481136835462, 42.097386040207695 ], [ -123.152481401382857, 42.097327751431237 ] ], [ [ -123.152481316709753, 42.097449391729555 ], [ -123.152481175176774, 42.097425776073685 ], [ -123.152481245024291, 42.097455037366181 ], [ -123.152481316709753, 42.097449391729555 ] ], [ [ -123.152482155902916, 42.097596984185245 ], [ -123.152482313451216, 42.097599372084609 ], [ -123.152482167827685, 42.097597100382956 ], [ -123.152482155902916, 42.097596984185245 ] ], [ [ -123.152485614942918, 42.09834094794779 ], [ -123.152485928315315, 42.098348327840256 ], [ -123.152484142143422, 42.098245762862142 ], [ -123.152485614942918, 42.09834094794779 ] ], [ [ -123.152488457280626, 42.104518284940106 ], [ -123.152488568607694, 42.104517878292775 ], [ -123.152487833637537, 42.10411057194689 ], [ -123.152488457280626, 42.104518284940106 ] ], [ [ -123.152495100115374, 42.108088797644804 ], [ -123.152494009716207, 42.108104724047159 ], [ -123.152494358134803, 42.108329562930408 ], [ -123.152495100115374, 42.108088797644804 ] ], [ [ -123.152497550810523, 42.110922709662773 ], [ -123.152497378314891, 42.110918662022243 ], [ -123.152496867868436, 42.111049599138717 ], [ -123.152497550810523, 42.110922709662773 ] ], [ [ -123.152498433395991, 42.111146836684412 ], [ -123.152497045296826, 42.111068802164702 ], [ -123.15249781689883, 42.111277402164717 ], [ -123.152498433395991, 42.111146836684412 ] ], [ [ -123.152501263570272, 42.112081293594727 ], [ -123.152497848129173, 42.111285840751734 ], [ -123.152501834729037, 42.113059096356046 ], [ -123.152501263570272, 42.112081293594727 ] ], [ [ -123.152456681882313, 42.116359433468105 ], [ -123.152453723138549, 42.116632124881171 ], [ -123.152458925598182, 42.116287831087824 ], [ -123.152456681882313, 42.116359433468105 ] ], [ [ -123.152440044692653, 42.117521687139003 ], [ -123.152441128484668, 42.117468162170141 ], [ -123.152444698170015, 42.117231243418146 ], [ -123.152440044692653, 42.117521687139003 ] ], [ [ -123.152319548890262, 42.126101138721253 ], [ -123.152319719291285, 42.126093660484806 ], [ -123.152321119488008, 42.12597323342704 ], [ -123.152319548890262, 42.126101138721253 ] ], [ [ -123.152310543173655, 42.126826066281566 ], [ -123.152311186325292, 42.126703474499273 ], [ -123.152311125170982, 42.126707859144794 ], [ -123.152310543173655, 42.126826066281566 ] ], [ [ -123.152298330945627, 42.12792422200949 ], [ -123.152301240306869, 42.127719921362626 ], [ -123.152298327919439, 42.127897544339547 ], [ -123.152298330945627, 42.12792422200949 ] ], [ [ -123.152296073548357, 42.128104832574678 ], [ -123.152296494654109, 42.128067543649983 ], [ -123.152296203088454, 42.12807565087526 ], [ -123.152296073548357, 42.128104832574678 ] ], [ [ -123.15229633159511, 42.128116421420408 ], [ -123.152296069958069, 42.128105909987809 ], [ -123.152297960104164, 42.128441598032779 ], [ -123.15229633159511, 42.128116421420408 ] ], [ [ -123.152302137559943, 42.129063825651357 ], [ -123.152300907364349, 42.128942985208802 ], [ -123.152310163032482, 42.130365659805683 ], [ -123.152302137559943, 42.129063825651357 ] ], [ [ -123.152328582389046, 42.133055075934408 ], [ -123.152324129663427, 42.132448460846994 ], [ -123.152328602766303, 42.133081061201977 ], [ -123.152328582389046, 42.133055075934408 ] ], [ [ -123.152349296720814, 42.136334312612966 ], [ -123.152347446741032, 42.136146876755369 ], [ -123.152350249629833, 42.136622288248113 ], [ -123.152349296720814, 42.136334312612966 ] ], [ [ -123.152354727157515, 42.137277037424305 ], [ -123.152354725174831, 42.137276992491266 ], [ -123.152354727157515, 42.137277037424624 ], [ -123.152354727157515, 42.137277037424305 ] ], [ [ -123.152366915890838, 42.139075024873918 ], [ -123.152357783891958, 42.137750048827968 ], [ -123.152366002182461, 42.139023256341908 ], [ -123.152366915890838, 42.139075024873918 ] ], [ [ -123.152373113612413, 42.14001521916456 ], [ -123.152374253118126, 42.140303516439644 ], [ -123.152377530320706, 42.140810902835987 ], [ -123.152373113612413, 42.14001521916456 ] ], [ [ -123.152383847281612, 42.141616674179808 ], [ -123.152382636536544, 42.141601974974272 ], [ -123.152382990233164, 42.141684331768815 ], [ -123.152383847281612, 42.141616674179808 ] ], [ [ -123.152383749915032, 42.141748993754497 ], [ -123.152382994104357, 42.14168523460043 ], [ -123.152384236404458, 42.141975326662909 ], [ -123.152383749915032, 42.141748993754497 ] ], [ [ -123.152351450103041, 42.144521852871556 ], [ -123.152351866105704, 42.144501475860153 ], [ -123.152322540414531, 42.145593826743486 ], [ -123.152351450103041, 42.144521852871556 ] ], [ [ -123.152237957541928, 42.148916297705959 ], [ -123.152180789555615, 42.151100083582151 ], [ -123.152172511982343, 42.151483785337028 ], [ -123.152237957541928, 42.148916297705959 ] ], [ [ -123.152106833254592, 42.154101660060547 ], [ -123.152106751639423, 42.154101618871955 ], [ -123.152104774451672, 42.154172165333499 ], [ -123.152106833254592, 42.154101660060547 ] ], [ [ -123.152063249562417, 42.155686434869757 ], [ -123.152062939817526, 42.155688484626367 ], [ -123.15205683635142, 42.155920934231503 ], [ -123.152063249562417, 42.155686434869757 ] ], [ [ -123.152029144913655, 42.156983094832832 ], [ -123.152029103682068, 42.156982982485154 ], [ -123.152029106159219, 42.156995557479135 ], [ -123.152029144913655, 42.156983094832832 ] ], [ [ -123.152027154475874, 42.157337091956933 ], [ -123.152028262367566, 42.157268181865753 ], [ -123.152026978890689, 42.157313378947357 ], [ -123.152027154475874, 42.157337091956933 ] ], [ [ -123.152027842200269, 42.157408801933684 ], [ -123.152027166001773, 42.15733864557059 ], [ -123.152029815571197, 42.157695656169601 ], [ -123.152027842200269, 42.157408801933684 ] ], [ [ -123.15206511116908, 42.162391646625878 ], [ -123.152069232276702, 42.162855580221461 ], [ -123.152042979698095, 42.159469267143699 ], [ -123.15206511116908, 42.162391646625878 ] ], [ [ -123.152092282119241, 42.16610769665219 ], [ -123.152092276579353, 42.166212909861358 ], [ -123.15209454869057, 42.166325665467276 ], [ -123.152092282119241, 42.16610769665219 ] ], [ [ -123.152096099706668, 42.166474830329115 ], [ -123.152094572027778, 42.166327909845819 ], [ -123.152099121139386, 42.166881639945998 ], [ -123.152096099706668, 42.166474830329115 ] ], [ [ -123.152126484652243, 42.170575706085096 ], [ -123.152099183423687, 42.166890027288687 ], [ -123.152107207866919, 42.168121163937982 ], [ -123.152126484652243, 42.170575706085096 ] ], [ [ -123.152130922151557, 42.17103995433942 ], [ -123.152128493326714, 42.170837940059322 ], [ -123.152127067206706, 42.170651848581528 ], [ -123.152130922151557, 42.17103995433942 ] ], [ [ -123.15217416405558, 42.174454880344705 ], [ -123.152173246711726, 42.174433334435165 ], [ -123.15217662953755, 42.174623473679233 ], [ -123.15217416405558, 42.174454880344705 ] ], [ [ -123.152186523509343, 42.175245294038 ], [ -123.152186394033691, 42.175246936372261 ], [ -123.152199035237274, 42.176108463969385 ], [ -123.152186523509343, 42.175245294038 ] ], [ [ -123.152281541687103, 42.181927213975932 ], [ -123.152262924431056, 42.180720506029587 ], [ -123.152264297953309, 42.180823854198785 ], [ -123.152281541687103, 42.181927213975932 ] ], [ [ -123.152289841619549, 42.182630940876763 ], [ -123.152282406149496, 42.181995693326051 ], [ -123.152289613371408, 42.182615401124863 ], [ -123.152289841619549, 42.182630940876763 ] ], [ [ -123.152335582596493, 42.185855793254603 ], [ -123.152368523551814, 42.187183867483434 ], [ -123.152319794664649, 42.184665831926601 ], [ -123.152335582596493, 42.185855793254603 ] ], [ [ -123.152439017273764, 42.189988677824253 ], [ -123.15243908839372, 42.189970674699147 ], [ -123.152418711167613, 42.189180806635441 ], [ -123.152439017273764, 42.189988677824253 ] ], [ [ -123.152478030132983, 42.191535842568825 ], [ -123.1524814709705, 42.191677529597179 ], [ -123.152501956656153, 42.192492623702655 ], [ -123.152478030132983, 42.191535842568825 ] ], [ [ -123.152542042977259, 42.19408738176859 ], [ -123.152563011296493, 42.19490255886047 ], [ -123.152602987088386, 42.196473564034015 ], [ -123.152563406844905, 42.194900612215299 ], [ -123.152542042977259, 42.19408738176859 ] ], [ [ -123.152604739081667, 42.196542921314382 ], [ -123.152636429863151, 42.197841910426412 ], [ -123.15266693957804, 42.19904718660721 ], [ -123.152604739081667, 42.196542921314382 ] ], [ [ -123.152697493212941, 42.200284895584836 ], [ -123.15270095395546, 42.201797512432009 ], [ -123.152692204781374, 42.200030924719336 ], [ -123.152697493212941, 42.200284895584836 ] ], [ [ -123.152705130102021, 42.204546475844687 ], [ -123.152704876498717, 42.204319402642717 ], [ -123.152701561201582, 42.202186465979864 ], [ -123.152705130102021, 42.204546475844687 ] ], [ [ -123.152713834012928, 42.210083426007287 ], [ -123.152712791453354, 42.210130387635644 ], [ -123.152714454172795, 42.210482165428608 ], [ -123.152713834012928, 42.210083426007287 ] ], [ [ -123.152717621346198, 42.212655510830068 ], [ -123.15271809886633, 42.213754611642436 ], [ -123.152716883055206, 42.212044096223572 ], [ -123.152717621346198, 42.212655510830068 ] ], [ [ -123.152720840488186, 42.214590130871059 ], [ -123.152722878585863, 42.214856951946395 ], [ -123.152723994430758, 42.214856955153316 ], [ -123.152720840488186, 42.214590130871059 ] ], [ [ -123.137080876860438, 42.214791534498843 ], [ -123.137081202939072, 42.214791523709692 ], [ -123.137080795902548, 42.214791521308435 ], [ -123.137080876860438, 42.214791534498843 ] ], [ [ -123.092586365722028, 42.218568221064672 ], [ -123.092604177734984, 42.219125407286988 ], [ -123.092585607307342, 42.218547206375767 ], [ -123.092586365722028, 42.218568221064672 ] ], [ [ -123.092611875749881, 42.219354762873941 ], [ -123.092612684048632, 42.219373255021999 ], [ -123.092611875563293, 42.219354757191816 ], [ -123.092611875749881, 42.219354762873941 ] ], [ [ -123.092678754838829, 42.221410447987196 ], [ -123.092671565448867, 42.221238481718025 ], [ -123.092671569320032, 42.221238599343188 ], [ -123.092678754838829, 42.221410447987196 ] ], [ [ -123.092701452736435, 42.222103946366978 ], [ -123.092703424355918, 42.222164616321436 ], [ -123.092703379153463, 42.222152876765094 ], [ -123.092701452736435, 42.222103946366978 ] ], [ [ -123.092703203658601, 42.223272720508376 ], [ -123.09270438260134, 42.223006393824946 ], [ -123.092703150722997, 42.223241477015669 ], [ -123.092703203658601, 42.223272720508376 ] ], [ [ -123.092702790952117, 42.224101185862708 ], [ -123.09270271151955, 42.224067874980662 ], [ -123.092702667533956, 42.225872221128753 ], [ -123.092702790952117, 42.224101185862708 ] ], [ [ -123.092703194295765, 42.227357279945849 ], [ -123.09270309508932, 42.22735489909612 ], [ -123.0927017621338, 42.227729580432744 ], [ -123.092703194295765, 42.227357279945849 ] ], [ [ -123.092701596001802, 42.22815384798556 ], [ -123.092701680370382, 42.227783817998919 ], [ -123.092701212508558, 42.229030013175439 ], [ -123.092701596001802, 42.22815384798556 ] ], [ [ -123.092703759088209, 42.231929635610591 ], [ -123.092703640283574, 42.23192859482841 ], [ -123.092703759401303, 42.231929709230492 ], [ -123.092703759088209, 42.231929635610591 ] ], [ [ -123.092705467769534, 42.232318829677034 ], [ -123.092705357970956, 42.232318557897273 ], [ -123.092705444905519, 42.232318853228804 ], [ -123.092705467769534, 42.232318829677034 ] ], [ [ -123.092707799734228, 42.232797113823864 ], [ -123.092706853148826, 42.23264103198472 ], [ -123.092705765127889, 42.232640993426941 ], [ -123.092707799734228, 42.232797113823864 ] ], [ [ -123.0927067737003, 42.232800151827675 ], [ -123.092707650652102, 42.232798004122017 ], [ -123.092706756479629, 42.232799443033421 ], [ -123.0927067737003, 42.232800151827675 ] ], [ [ -123.092707308203728, 42.234445982496929 ], [ -123.092707076759879, 42.234411563007711 ], [ -123.092707539096324, 42.234580920202092 ], [ -123.092707308203728, 42.234445982496929 ] ], [ [ -123.092708950282557, 42.23537224397996 ], [ -123.092708836120138, 42.235372291687028 ], [ -123.092709229970538, 42.235648089819087 ], [ -123.092708950282557, 42.23537224397996 ] ], [ [ -123.092709586989045, 42.235818454265868 ], [ -123.092709406752164, 42.235818429776096 ], [ -123.092709133165201, 42.235835810471997 ], [ -123.092709586989045, 42.235818454265868 ] ], [ [ -123.092710028076411, 42.236879374971799 ], [ -123.092709629585173, 42.236879006615595 ], [ -123.092709072464586, 42.237106989912128 ], [ -123.092710028076411, 42.236879374971799 ] ], [ [ -123.092709389717967, 42.239821448396242 ], [ -123.094644312792482, 42.239828333587226 ], [ -123.097476749948456, 42.239838104878828 ], [ -123.092709389717967, 42.239821448396242 ] ], [ [ -123.097477577591704, 42.239866865784713 ], [ -123.097478773005449, 42.239923157840039 ], [ -123.097483329804888, 42.240116035125425 ], [ -123.097477577591704, 42.239866865784713 ] ], [ [ -123.097490621993799, 42.240424756841186 ], [ -123.097493991933263, 42.240567799081333 ], [ -123.097501902569704, 42.24085535003659 ], [ -123.097490621993799, 42.240424756841186 ] ], [ [ -123.097514340200931, 42.241414963577604 ], [ -123.097507545701902, 42.241094314671095 ], [ -123.097506719117192, 42.241107450290393 ], [ -123.097514340200931, 42.241414963577604 ] ], [ [ -123.091735408292479, 42.24392189477873 ], [ -123.091734254693662, 42.244061699136452 ], [ -123.091734753600619, 42.244011484748015 ], [ -123.091735408292479, 42.24392189477873 ] ], [ [ -123.091733084149681, 42.244601108850041 ], [ -123.091732584711011, 42.244464893179455 ], [ -123.09173182067947, 42.244685781938777 ], [ -123.091733084149681, 42.244601108850041 ] ], [ [ -123.09172748848502, 42.245423023651149 ], [ -123.091727419054095, 42.24534986893309 ], [ -123.091727388851297, 42.245453584443602 ], [ -123.09172748848502, 42.245423023651149 ] ], [ [ -123.091725774661555, 42.245947866431955 ], [ -123.091726184226417, 42.245808595394223 ], [ -123.091727370496827, 42.245459061025748 ], [ -123.091725774661555, 42.245947866431955 ] ], [ [ -123.091725329715743, 42.246075532181671 ], [ -123.091725769062904, 42.245949583505315 ], [ -123.091723097297645, 42.246480651600514 ], [ -123.091725329715743, 42.246075532181671 ] ], [ [ -123.091715539621447, 42.248236516190374 ], [ -123.09172203992641, 42.246712826601147 ], [ -123.091719405156894, 42.247132460670841 ], [ -123.091715539621447, 42.248236516190374 ] ], [ [ -123.091709162925, 42.24965145792126 ], [ -123.091714064210649, 42.248605362544652 ], [ -123.091714306037815, 42.2484317834924 ], [ -123.091709162925, 42.24965145792126 ] ], [ [ -123.091705609937719, 42.250564193709984 ], [ -123.091707275375938, 42.250071300274122 ], [ -123.091703206334813, 42.250891822532012 ], [ -123.091705609937719, 42.250564193709984 ] ], [ [ -123.091703432291979, 42.250950411116918 ], [ -123.091703281756907, 42.250950682810718 ], [ -123.0917032889989, 42.250955818351443 ], [ -123.091703432291979, 42.250950411116918 ] ], [ [ -123.091702909435639, 42.251273449552329 ], [ -123.091702815816362, 42.251309915860297 ], [ -123.091703133232357, 42.251394047735118 ], [ -123.091702909435639, 42.251273449552329 ] ], [ [ -123.091707508302164, 42.252648373017216 ], [ -123.091707337568309, 42.252681158478502 ], [ -123.09170744731108, 42.252691786418112 ], [ -123.091707508302164, 42.252648373017216 ] ], [ [ -123.091709639827243, 42.253467488842269 ], [ -123.091710399637506, 42.253445379924869 ], [ -123.0917089547995, 42.252995776408788 ], [ -123.091709639827243, 42.253467488842269 ] ], [ [ -123.091715591938595, 42.254957463835261 ], [ -123.091714352014179, 42.254594455066652 ], [ -123.091713658258413, 42.254392123675721 ], [ -123.091715591938595, 42.254957463835261 ] ], [ [ -123.091718059133669, 42.255884730665549 ], [ -123.091719947986164, 42.256246423132936 ], [ -123.091717969746838, 42.255602531930883 ], [ -123.091718059133669, 42.255884730665549 ] ], [ [ -123.091722410974825, 42.256918624190362 ], [ -123.091722097243519, 42.256919800359718 ], [ -123.091724351784109, 42.257476167323453 ], [ -123.091722410974825, 42.256918624190362 ] ], [ [ -123.09172607427179, 42.258119931216932 ], [ -123.09172659377252, 42.258122873399572 ], [ -123.091725074385437, 42.257683784519458 ], [ -123.09172607427179, 42.258119931216932 ] ], [ [ -123.091732099221531, 42.258977244056638 ], [ -123.09172834736529, 42.258484030125196 ], [ -123.091727659049113, 42.258398799996868 ], [ -123.091728502872812, 42.258608240614862 ], [ -123.091732099221531, 42.258977244056638 ] ], [ [ -123.091732342065029, 42.259008171781524 ], [ -123.091735066862611, 42.259361418127533 ], [ -123.091734330478801, 42.259256198508048 ], [ -123.091732342065029, 42.259008171781524 ] ], [ [ -123.091735824943342, 42.259447513527057 ], [ -123.091735280126329, 42.259389156006137 ], [ -123.091737257390307, 42.259630961311004 ], [ -123.091735824943342, 42.259447513527057 ] ], [ [ -123.091742807554539, 42.260488296066846 ], [ -123.091745453482829, 42.260683900532172 ], [ -123.091742669329534, 42.260330741692592 ], [ -123.091742807554539, 42.260488296066846 ] ], [ [ -123.091747249810808, 42.260907985011549 ], [ -123.091747040121618, 42.261021105873681 ], [ -123.091752089156827, 42.261544265705986 ], [ -123.091747249810808, 42.260907985011549 ] ], [ [ -123.091761506539356, 42.26278416959601 ], [ -123.091755103764527, 42.261932763080964 ], [ -123.091752114780377, 42.261547565339505 ], [ -123.091761506539356, 42.26278416959601 ] ], [ [ -123.091780692408761, 42.265243430664043 ], [ -123.091773231702589, 42.264333868517134 ], [ -123.09176894621433, 42.263745476152835 ], [ -123.091770589802593, 42.264079385141265 ], [ -123.091780692408761, 42.265243430664043 ] ], [ [ -123.091800112599216, 42.267736128648615 ], [ -123.091785673762971, 42.265873496125749 ], [ -123.091781666364497, 42.265365441092705 ], [ -123.091796769900185, 42.26744882390944 ], [ -123.091800112599216, 42.267736128648615 ] ], [ [ -123.091808480543747, 42.268799417276014 ], [ -123.091807707951347, 42.268702015115309 ], [ -123.091807405328353, 42.268800666465722 ], [ -123.091808480543747, 42.268799417276014 ] ], [ [ -123.091814387973216, 42.269575707264401 ], [ -123.091807409387158, 42.268801377578335 ], [ -123.091818096381999, 42.270052748321262 ], [ -123.091814387973216, 42.269575707264401 ] ], [ [ -123.091827547633599, 42.271269859190781 ], [ -123.091827259441274, 42.27127084312685 ], [ -123.091830229281342, 42.271617579524815 ], [ -123.091827547633599, 42.271269859190781 ] ], [ [ -123.091835944296719, 42.272354427982755 ], [ -123.091835184774553, 42.272257971624661 ], [ -123.091835746032132, 42.272336587324489 ], [ -123.091835944296719, 42.272354427982755 ] ], [ [ -123.091836702111635, 42.272453063079169 ], [ -123.091838994872532, 42.272769140505872 ], [ -123.091837527475008, 42.27255883682011 ], [ -123.091836702111635, 42.272453063079169 ] ], [ [ -123.091839111089314, 42.272785525091656 ], [ -123.091839621207313, 42.272911208584404 ], [ -123.091839470216783, 42.27282549772184 ], [ -123.091839111089314, 42.272785525091656 ] ], [ [ -123.091840250342145, 42.273204811061106 ], [ -123.09184366173713, 42.273685455853311 ], [ -123.091840702465149, 42.273098841085293 ], [ -123.091840250342145, 42.273204811061106 ] ], [ [ -123.091848267310894, 42.274646195232862 ], [ -123.091847223555746, 42.274659720041555 ], [ -123.091848537619668, 42.274724165718823 ], [ -123.091848267310894, 42.274646195232862 ] ], [ [ -123.091850512920331, 42.275109182720612 ], [ -123.091849439662738, 42.275119305586664 ], [ -123.09185143389702, 42.275286724854638 ], [ -123.091850512920331, 42.275109182720612 ] ], [ [ -123.091856110339435, 42.276515116310733 ], [ -123.091855906704524, 42.276510235810555 ], [ -123.091857614122503, 42.276738425789496 ], [ -123.091856110339435, 42.276515116310733 ] ], [ [ -123.091860923180022, 42.277241686851752 ], [ -123.091859709201145, 42.277257329129043 ], [ -123.091862041837587, 42.277480313997707 ], [ -123.091860923180022, 42.277241686851752 ] ], [ [ -123.091871868134234, 42.279536479780496 ], [ -123.091871142214558, 42.279387480760079 ], [ -123.091871552708525, 42.279638797814997 ], [ -123.091871868134234, 42.279536479780496 ] ], [ [ -123.091875657614494, 42.280346651062658 ], [ -123.091874196084134, 42.280236829937444 ], [ -123.091876098304581, 42.280437297615528 ], [ -123.091875657614494, 42.280346651062658 ] ], [ [ -123.091878859100007, 42.281130010464075 ], [ -123.091879660091479, 42.281177336267561 ], [ -123.091877686818151, 42.280764609273113 ], [ -123.091878859100007, 42.281130010464075 ] ], [ [ -123.091883524575593, 42.281987388811658 ], [ -123.091882346939073, 42.281975166559114 ], [ -123.091887307737267, 42.282774439547843 ], [ -123.091883524575593, 42.281987388811658 ] ], [ [ -123.091889095949355, 42.283131116468141 ], [ -123.091889739970256, 42.28327476633207 ], [ -123.091889465128816, 42.283177995428304 ], [ -123.091889095949355, 42.283131116468141 ] ], [ [ -123.091891105318012, 42.283795395069198 ], [ -123.091892222260796, 42.283795250591318 ], [ -123.091891271556875, 42.283597720221465 ], [ -123.091891105318012, 42.283795395069198 ] ], [ [ -123.091893062247451, 42.283933405727673 ], [ -123.091894334207097, 42.284218094956898 ], [ -123.091894200994403, 42.2841230348062 ], [ -123.091893062247451, 42.283933405727673 ] ], [ [ -123.091894618303783, 42.284274125224975 ], [ -123.09189437024952, 42.284226999345812 ], [ -123.091894592222218, 42.284281684597879 ], [ -123.091894618303783, 42.284274125224975 ] ], [ [ -123.091894937721975, 42.284361975268268 ], [ -123.091894341089898, 42.28432773334918 ], [ -123.09189580988712, 42.284543928763867 ], [ -123.091894937721975, 42.284361975268268 ] ], [ [ -123.091899490847069, 42.285428658601646 ], [ -123.091900205629031, 42.285429132806037 ], [ -123.091899037255573, 42.285196963153943 ], [ -123.091899490847069, 42.285428658601646 ] ], [ [ -123.091905202001868, 42.286498462047625 ], [ -123.091904279397994, 42.286540903454707 ], [ -123.091907497698116, 42.286960026739628 ], [ -123.091905202001868, 42.286498462047625 ] ], [ [ -123.091908223806442, 42.287104714561508 ], [ -123.091907672826807, 42.287002913137599 ], [ -123.091908621259776, 42.287246663039447 ], [ -123.091908223806442, 42.287104714561508 ] ], [ [ -123.091909853792771, 42.287587212838581 ], [ -123.092351468114131, 42.288957388966807 ], [ -123.092361258902187, 42.289647782284497 ], [ -123.092339302338218, 42.287894160150429 ], [ -123.091909853792771, 42.287587212838581 ] ], [ [ -123.092377546545563, 42.291052750350261 ], [ -123.092380556129939, 42.29120875150435 ], [ -123.092377065381299, 42.290923081586463 ], [ -123.092377546545563, 42.291052750350261 ] ], [ [ -123.09240795745589, 42.293419668148587 ], [ -123.092395627441164, 42.292410322563761 ], [ -123.092383458067587, 42.291508519350238 ], [ -123.092403242823963, 42.293118547783337 ], [ -123.09240795745589, 42.293419668148587 ] ], [ [ -123.092412917638185, 42.293918063533745 ], [ -123.092411336900327, 42.293765759497987 ], [ -123.092412530779285, 42.293896847696779 ], [ -123.092412917638185, 42.293918063533745 ] ], [ [ -123.092417567866917, 42.294198597574201 ], [ -123.092415519059685, 42.294079840108907 ], [ -123.09241864624812, 42.294279547306445 ], [ -123.092417567866917, 42.294198597574201 ] ], [ [ -123.092426620192668, 42.295022677236474 ], [ -123.09242675663954, 42.295022497641988 ], [ -123.092423656334475, 42.294694729313953 ], [ -123.092426620192668, 42.295022677236474 ] ], [ [ -123.092445975387804, 42.296527954121629 ], [ -123.09244172132253, 42.296282233468624 ], [ -123.092449244233819, 42.296721224799207 ], [ -123.092445975387804, 42.296527954121629 ] ], [ [ -123.092458285365808, 42.297414214607457 ], [ -123.092451690544479, 42.296896502604625 ], [ -123.092450744687966, 42.296840489186735 ], [ -123.092458285365808, 42.297414214607457 ] ], [ [ -123.092470526268443, 42.29835176001081 ], [ -123.092470289816688, 42.298340959616361 ], [ -123.092470948486522, 42.298394238404313 ], [ -123.092470526268443, 42.29835176001081 ] ], [ [ -123.092481613870305, 42.299274677135649 ], [ -123.092485249727105, 42.299525481102442 ], [ -123.092478902125251, 42.299027660907413 ], [ -123.092481613870305, 42.299274677135649 ] ], [ [ -123.09248942613705, 42.299853242701168 ], [ -123.092487235997652, 42.299751211018233 ], [ -123.092491559169886, 42.30002012523034 ], [ -123.09248942613705, 42.299853242701168 ] ], [ [ -123.09249368031648, 42.30020815948459 ], [ -123.092492579284738, 42.30009985670614 ], [ -123.092491590672907, 42.300022588454091 ], [ -123.09249368031648, 42.30020815948459 ] ], [ [ -123.092505487306525, 42.301105107383556 ], [ -123.09249849462995, 42.300607053183818 ], [ -123.092505877552881, 42.301136534132986 ], [ -123.092505487306525, 42.301105107383556 ] ], [ [ -123.092511180808515, 42.301572694264159 ], [ -123.092519183514653, 42.302182955215187 ], [ -123.092510029220833, 42.301466881206444 ], [ -123.092511180808515, 42.301572694264159 ] ], [ [ -123.092520778326886, 42.302304367418493 ], [ -123.094376615678797, 42.302327997690334 ], [ -123.094692386193742, 42.302331946701862 ], [ -123.094030982993658, 42.302323245454872 ], [ -123.092520778326886, 42.302304367418493 ] ], [ [ -123.095442075390437, 42.302341336721618 ], [ -123.095132986846181, 42.302337329682736 ], [ -123.094793056972023, 42.302333205685933 ], [ -123.095442075390437, 42.302341336721618 ] ], [ [ -123.095688483490108, 42.302344295195546 ], [ -123.097627591404986, 42.302369108360317 ], [ -123.098313781595479, 42.302377684449233 ], [ -123.098392402742448, 42.302378387153745 ], [ -123.098463325440363, 42.302379599365409 ], [ -123.100736288731042, 42.302408348951666 ], [ -123.101338068988397, 42.302415846711604 ], [ -123.101338816241267, 42.302415554431334 ], [ -123.100736283584524, 42.30240823031221 ], [ -123.098392397561611, 42.302378267615438 ], [ -123.097627587475401, 42.302368989691793 ], [ -123.095795631409359, 42.302345437794898 ], [ -123.095688483490108, 42.302344295195546 ] ], [ [ -123.101338806380994, 42.302415829980205 ], [ -123.104581058017672, 42.302456932769822 ], [ -123.105426960694587, 42.302466472829423 ], [ -123.106358718799967, 42.302478646516043 ], [ -123.106250604245119, 42.302476382094483 ], [ -123.101338806380994, 42.302415829980205 ] ], [ [ -123.107665863280232, 42.302495273976326 ], [ -123.106764330643671, 42.302483583041798 ], [ -123.1065156982567, 42.302480737614708 ], [ -123.107665863280232, 42.302495273976326 ] ], [ [ -123.10791282191046, 42.302498217303686 ], [ -123.107749823234627, 42.302496320965687 ], [ -123.107946475993941, 42.302498718696924 ], [ -123.10791282191046, 42.302498217303686 ] ], [ [ -123.108848293358491, 42.30251033011011 ], [ -123.108633553943406, 42.302507199601926 ], [ -123.107957366607664, 42.302498863494414 ], [ -123.108848293358491, 42.30251033011011 ] ], [ [ -123.109239761512384, 42.302515323026377 ], [ -123.109089050620327, 42.30251319546398 ], [ -123.109064181157109, 42.302513089986981 ], [ -123.109239761512384, 42.302515323026377 ] ], [ [ -123.109721163216292, 42.302521085943638 ], [ -123.109601876833324, 42.302519902577671 ], [ -123.109475064944263, 42.302518440824329 ], [ -123.109543042696302, 42.302519343373667 ], [ -123.109721163216292, 42.302521085943638 ] ], [ [ -123.110015849243197, 42.302524579074252 ], [ -123.109838774858375, 42.302522314852432 ], [ -123.109800902048789, 42.3025220660735 ], [ -123.110015849243197, 42.302524579074252 ] ], [ [ -123.11020831402034, 42.302525832482836 ], [ -123.110235075518318, 42.302526278189177 ], [ -123.110255624361784, 42.302526590337429 ], [ -123.11020831402034, 42.302525832482836 ] ], [ [ -123.111731396568203, 42.302545058043385 ], [ -123.111665563045676, 42.302543576464764 ], [ -123.110587335771655, 42.302531629216226 ], [ -123.111731396568203, 42.302545058043385 ] ], [ [ -123.11175004311697, 42.30254559632823 ], [ -123.111750997349205, 42.302553956366268 ], [ -123.111750915050038, 42.302545496221498 ], [ -123.11175004311697, 42.30254559632823 ] ], [ [ -123.11163057134037, 42.311493429240343 ], [ -123.111631134054619, 42.311496814627922 ], [ -123.111630562602045, 42.311493289226007 ], [ -123.11163057134037, 42.311493429240343 ] ], [ [ -123.111628547777698, 42.311958989376635 ], [ -123.111628425453034, 42.311957712003299 ], [ -123.111628548068069, 42.311959055050245 ], [ -123.111628547777698, 42.311958989376635 ] ], [ [ -123.111628575309794, 42.311962598414304 ], [ -123.111628568595293, 42.311962639063069 ], [ -123.111628570455636, 42.311962651272481 ], [ -123.111628575309794, 42.311962598414304 ] ], [ [ -123.11160503859594, 42.317137291408308 ], [ -123.111605038707083, 42.317137266912681 ], [ -123.11160506819499, 42.317117835259374 ], [ -123.11160503859594, 42.317137291408308 ] ], [ [ -122.994165837914423, 42.578490643530749 ], [ -122.994216708592759, 42.57957935607012 ], [ -122.994223293699761, 42.579720041001231 ], [ -122.994228949657781, 42.579839655878267 ], [ -122.994229007213434, 42.579842402665889 ], [ -122.994236097964105, 42.579994778456488 ], [ -122.994265929196487, 42.580632152199769 ], [ -122.994266156281597, 42.580637149211604 ], [ -122.99427377582289, 42.58080097963294 ], [ -122.994273876733288, 42.580802928176958 ], [ -122.994284080215365, 42.581021072311557 ], [ -122.994284277438368, 42.581025121577539 ], [ -122.994293044911956, 42.581213184555686 ], [ -122.994293478733667, 42.581221992161645 ], [ -122.994311898067608, 42.581616450189266 ], [ -122.994312064230215, 42.581619668715589 ], [ -122.994321323908679, 42.581817844603023 ], [ -122.994321481369184, 42.581821058829142 ], [ -122.994328906299558, 42.581980079677756 ], [ -122.99437324826232, 42.582928925980369 ], [ -122.994381560149066, 42.583106686525682 ], [ -122.994387894523044, 42.583242373479486 ], [ -122.994401175044729, 42.583526256513458 ], [ -122.994411804560542, 42.583754077151653 ], [ -122.994411906034841, 42.583755980694299 ], [ -122.994432474792362, 42.58419620737962 ], [ -122.994432594983209, 42.584198704389436 ], [ -122.994436448473948, 42.584283301198361 ], [ -122.994505269044836, 42.585753530843355 ], [ -122.994436443476786, 42.584283181633786 ], [ -122.994432590023635, 42.584198585723868 ], [ -122.994228944699003, 42.579839537213019 ], [ -122.994216704850416, 42.579579237377118 ], [ -122.994194107075941, 42.579095449472199 ], [ -122.994187757135592, 42.578959660635221 ], [ -122.994167539119658, 42.578526985071825 ], [ -122.994166522655405, 42.578505252936594 ], [ -122.994165837914423, 42.578490643530749 ] ], [ [ -122.985296704226158, 42.567502059443228 ], [ -122.996284922178646, 42.564066303200192 ], [ -122.997677674435053, 42.562198650533652 ], [ -122.985296704226158, 42.567502059443228 ] ], [ [ -122.995178534964282, 42.556969263515718 ], [ -122.995696002697429, 42.556344554697404 ], [ -122.997920147859233, 42.55487826265415 ], [ -122.997996012785677, 42.554822781387479 ], [ -122.998019139483418, 42.554775785617309 ], [ -122.99569629134912, 42.556343714865669 ], [ -122.995470518025982, 42.556539506549271 ], [ -122.995337419877842, 42.556708058744661 ], [ -122.995178534964282, 42.556969263515718 ] ], [ [ -123.000981255356166, 42.550916803199975 ], [ -123.00004389956834, 42.552091639606715 ], [ -123.000269038938953, 42.551846752100523 ], [ -123.000558497180521, 42.551525129652276 ], [ -123.000823380199776, 42.551215089191565 ], [ -123.000981255356166, 42.550916803199975 ] ], [ [ -123.001191614175269, 42.550254054822695 ], [ -123.00120400593849, 42.550221373847975 ], [ -123.001191651659838, 42.550253496973873 ], [ -123.001191614175269, 42.550254054822695 ] ], [ [ -123.001699944065606, 42.545523103961756 ], [ -123.001726642102739, 42.545456212570372 ], [ -123.001700007805042, 42.545522824457258 ], [ -123.001699944065606, 42.545523103961756 ] ], [ [ -123.002553880120473, 42.541799339319908 ], [ -123.002172729392143, 42.542390412432205 ], [ -123.002227373412197, 42.54225453230336 ], [ -123.002320308715696, 42.542048316034332 ], [ -123.002553880120473, 42.541799339319908 ] ], [ [ -123.002121219503081, 42.536072184229184 ], [ -123.002058250617026, 42.536220276188217 ], [ -123.002058213350949, 42.536220490298291 ], [ -123.002121219503081, 42.536072184229184 ] ], [ [ -123.003164042206805, 42.534816596458832 ], [ -123.003032583043705, 42.535032989137548 ], [ -123.003120485077517, 42.534916911068478 ], [ -123.003164042206805, 42.534816596458832 ] ], [ [ -123.003506549212432, 42.529514680860487 ], [ -123.003556271653053, 42.529397168121861 ], [ -123.003556372819759, 42.52939676628565 ], [ -123.003506549212432, 42.529514680860487 ] ], [ [ -123.003641569197953, 42.529148459575907 ], [ -123.003641279611514, 42.529149300341672 ], [ -123.003715510156411, 42.528966935823149 ], [ -123.003641569197953, 42.529148459575907 ] ], [ [ -123.003764284879693, 42.528798213022611 ], [ -123.004167467879086, 42.528351073075093 ], [ -123.003826442136415, 42.528711211143019 ], [ -123.003764284879693, 42.528798213022611 ] ], [ [ -123.003980817629767, 42.527528284003495 ], [ -123.00426762290401, 42.527205219558333 ], [ -123.004329375441401, 42.527077308671124 ], [ -123.004267912509874, 42.527204379690843 ], [ -123.004145605128429, 42.527302939909568 ], [ -123.004084385461439, 42.527364551148722 ], [ -123.004022213584605, 42.527434735099405 ], [ -123.003980817629767, 42.527528284003495 ] ], [ [ -123.00427414429582, 42.525938149181854 ], [ -123.004154082320667, 42.526117087500822 ], [ -123.004326262271022, 42.525823244744899 ], [ -123.00427414429582, 42.525938149181854 ] ], [ [ -123.004431058767466, 42.525378421267433 ], [ -123.004377616233469, 42.525495754112349 ], [ -123.004377585190923, 42.525496029266634 ], [ -123.004431058767466, 42.525378421267433 ] ], [ [ -123.000567112835299, 42.520090978334537 ], [ -123.001302699452026, 42.520089848332773 ], [ -123.000567108074648, 42.520090138024287 ], [ -123.000567112835299, 42.520090978334537 ] ], [ [ -122.999890143472669, 42.5149614517956 ], [ -122.999818591651206, 42.515084642858575 ], [ -122.999818568789252, 42.515085026698308 ], [ -122.999890143472669, 42.5149614517956 ] ], [ [ -122.999776396873898, 42.514428795844175 ], [ -123.000215945612084, 42.513896911042686 ], [ -123.000326551161422, 42.513695930857764 ], [ -123.000383798993397, 42.513559297438221 ], [ -122.999776396873898, 42.514428795844175 ] ], [ [ -123.00000138579918, 42.51278153543312 ], [ -123.000254214389201, 42.512337435386371 ], [ -123.000181558361476, 42.51245844375314 ], [ -123.000089879127941, 42.512612913172468 ], [ -123.00000138579918, 42.51278153543312 ] ], [ [ -123.000374048156587, 42.512062575333189 ], [ -123.000445224891379, 42.5119477112857 ], [ -123.00030196277568, 42.512216419775065 ], [ -123.000374048156587, 42.512062575333189 ] ], [ [ -123.000196123471852, 42.51113188246655 ], [ -123.000149223693811, 42.511242817850849 ], [ -123.000149215270412, 42.511242994404803 ], [ -123.000196123471852, 42.51113188246655 ] ], [ [ -123.000218574368517, 42.510500698493487 ], [ -123.000446511683251, 42.51020957584165 ], [ -123.000183649434064, 42.510560468647753 ], [ -123.000218574368517, 42.510500698493487 ] ], [ [ -123.000533283022961, 42.507975814275127 ], [ -123.000604844799298, 42.507871612198301 ], [ -123.000633988859121, 42.507808446277089 ], [ -123.000533572550538, 42.507974973528469 ], [ -123.000293716775857, 42.508198763598507 ], [ -123.000258724239913, 42.508235578680328 ], [ -123.000234604746439, 42.508284300107618 ], [ -123.000533283022961, 42.507975814275127 ] ], [ [ -123.000149812983707, 42.506448765629472 ], [ -123.000180728613429, 42.506409432764102 ], [ -123.000235789867801, 42.50633728185241 ], [ -123.000149812983707, 42.506448765629472 ] ], [ [ -122.993850607541759, 42.49108935709193 ], [ -122.994040850322463, 42.490861600191387 ], [ -122.994050245389758, 42.49084162793126 ], [ -122.994059864312703, 42.490819386687782 ], [ -122.993850607541759, 42.49108935709193 ] ], [ [ -122.994093613637887, 42.485250291359591 ], [ -122.994817747097201, 42.484919936857885 ], [ -122.994919265942173, 42.484858996566309 ], [ -122.995010900270984, 42.484800770993751 ], [ -122.995055822889597, 42.484768445704752 ], [ -122.995086747394268, 42.484735661261958 ], [ -122.995104730527984, 42.484709036626676 ], [ -122.994093613637887, 42.485250291359591 ] ], [ [ -122.996067598811194, 42.483747377169301 ], [ -122.995548334344832, 42.484169703568782 ], [ -122.995596157696909, 42.484160318309797 ], [ -122.995648385765023, 42.484141916320873 ], [ -122.995728199172575, 42.484083239760963 ], [ -122.995833312339627, 42.483991162115053 ], [ -122.995923909232232, 42.483902900375412 ], [ -122.996027413151666, 42.48381250325513 ], [ -122.996067598811194, 42.483747377169301 ] ], [ [ -122.996772278307404, 42.482851298163084 ], [ -122.996388531893984, 42.483167778538515 ], [ -122.996536365395784, 42.483094060098203 ], [ -122.996677017319499, 42.482986885325616 ], [ -122.996772278307404, 42.482851298163084 ] ], [ [ -122.996831804601726, 42.482505282649967 ], [ -122.997318862535707, 42.482309236099177 ], [ -122.997509048896021, 42.482188769529863 ], [ -122.997609883259926, 42.482089099422801 ], [ -122.997724563786562, 42.481959827888936 ], [ -122.997863560986374, 42.481874026916564 ], [ -122.998076245857618, 42.481781665528018 ], [ -122.998171441244054, 42.481730182371102 ], [ -122.998222563401669, 42.481650768461449 ], [ -122.997724852013206, 42.481958987191049 ], [ -122.997319151984229, 42.482308395374446 ], [ -122.99697476347437, 42.482373873896861 ], [ -122.996885787306439, 42.482415221564118 ], [ -122.996831804601726, 42.482505282649967 ] ], [ [ -122.998142958717381, 42.480887680099528 ], [ -122.998146494189712, 42.480874951792089 ], [ -122.99814519788022, 42.480879448898243 ], [ -122.998142958717381, 42.480887680099528 ] ], [ [ -122.998271546036349, 42.480452636421482 ], [ -122.998739516892556, 42.479890150650519 ], [ -122.998805965881829, 42.479805872188869 ], [ -122.998464328818841, 42.480153880461707 ], [ -122.998349538080362, 42.480297323259371 ], [ -122.998271546036349, 42.480452636421482 ] ], [ [ -122.998948883185534, 42.479360728911196 ], [ -122.998949171382407, 42.479359888211441 ], [ -122.998883078194112, 42.479497215227127 ], [ -122.998948883185534, 42.479360728911196 ] ], [ [ -122.999418667159986, 42.47852940745252 ], [ -122.999238452252584, 42.478776176509911 ], [ -122.999184932343312, 42.478847573808189 ], [ -122.999418667159986, 42.47852940745252 ] ], [ [ -122.999541583840028, 42.478190179893382 ], [ -122.999628913146097, 42.477979301848059 ], [ -122.99946415682129, 42.478318077106039 ], [ -122.999541583840028, 42.478190179893382 ] ], [ [ -123.000647808960778, 42.476592820351222 ], [ -122.999954381537407, 42.477282402639382 ], [ -123.000195284301171, 42.477059469883329 ], [ -123.000424033631873, 42.476836618062052 ], [ -123.000647808960778, 42.476592820351222 ] ], [ [ -122.98842992602745, 42.447534714364508 ], [ -122.988323634743111, 42.447535050463941 ], [ -122.988323653891101, 42.44753589040446 ], [ -122.98842992602745, 42.447534714364508 ] ], [ [ -122.983406747775234, 42.437686137955524 ], [ -122.983406459560626, 42.437686978592154 ], [ -122.984004825581707, 42.437355415878507 ], [ -122.983406747775234, 42.437686137955524 ] ], [ [ -123.111954064895144, 42.520196379715678 ], [ -123.111953048399585, 42.522258599947818 ], [ -123.111952575979245, 42.523523016688273 ], [ -123.111953528515485, 42.521652423794897 ], [ -123.111954064895144, 42.520196379715678 ] ], [ [ -123.111952560781575, 42.523557503416264 ], [ -123.111950833157451, 42.527412104636497 ], [ -123.111951381783157, 42.526462519445509 ], [ -123.111952560781575, 42.523557503416264 ] ], [ [ -123.111950489937939, 42.527944793188176 ], [ -123.111945764654607, 42.534448314972998 ], [ -123.111945559218157, 42.534712720852774 ], [ -123.111945880669651, 42.534447239572614 ], [ -123.111950489937939, 42.527944793188176 ] ], [ [ -123.111945522476873, 42.534765145749049 ], [ -123.111945638492486, 42.53476407034848 ], [ -123.111945546200175, 42.534729527963613 ], [ -123.111945522476873, 42.534765145749049 ] ], [ [ -123.043445115601116, 42.534526585629834 ], [ -123.043553924807526, 42.549228023563586 ], [ -123.043743493471581, 42.563768992893614 ], [ -123.043445115601116, 42.534526585629834 ] ], [ [ -123.034238820868481, 42.577094275357346 ], [ -123.033881656869454, 42.567476819676465 ], [ -123.033900501443057, 42.568066673100752 ], [ -123.03395677465987, 42.569862884207737 ], [ -123.033997142543441, 42.571136622347431 ], [ -123.034159117339811, 42.575134638281313 ], [ -123.034238820868481, 42.577094275357346 ] ], [ [ -123.034238830388631, 42.577094509937943 ], [ -123.034239987969599, 42.57711391713417 ], [ -123.034238826048622, 42.5770944029981 ], [ -123.034238830388631, 42.577094509937943 ] ], [ [ -123.034248010795622, 42.577316760447424 ], [ -123.034240925307301, 42.577145457178688 ], [ -123.034260865780297, 42.577637404146834 ], [ -123.034248010795622, 42.577316760447424 ] ], [ [ -123.034289729129938, 42.578348609638972 ], [ -123.034289732951777, 42.578348728330511 ], [ -123.034291572531885, 42.578392493365428 ], [ -123.034289729129938, 42.578348609638972 ] ], [ [ -123.034295763176345, 42.578497321064582 ], [ -123.034295759316308, 42.578497201474057 ], [ -123.034294778543313, 42.578473049743181 ], [ -123.034295763176345, 42.578497321064582 ] ], [ [ -122.994517847487401, 42.586477016767006 ], [ -122.994516098417463, 42.58637071091821 ], [ -122.994516126708845, 42.586375810094182 ], [ -122.994517847487401, 42.586477016767006 ] ], [ [ -122.994626203296704, 42.593658687801749 ], [ -122.99462614251712, 42.593656370337385 ], [ -122.99462580497412, 42.593764542702552 ], [ -122.994626203296704, 42.593658687801749 ] ], [ [ -122.994610230575731, 42.597888785033227 ], [ -122.994610126335928, 42.597887573519138 ], [ -122.994609335898986, 42.598124831768907 ], [ -122.994610230575731, 42.597888785033227 ] ], [ [ -122.994585062410295, 42.604552860153277 ], [ -122.994584998386486, 42.604550569786603 ], [ -122.994584962738827, 42.604558880467344 ], [ -122.994585062410295, 42.604552860153277 ] ], [ [ -122.994580394707043, 42.60578831168506 ], [ -122.994580301322515, 42.605784147816763 ], [ -122.994580343807982, 42.605802166182528 ], [ -122.994580394707043, 42.60578831168506 ] ], [ [ -122.994575638972861, 42.607049138902333 ], [ -122.994594661778152, 42.607480201922144 ], [ -122.994594880680538, 42.607485320682009 ], [ -122.994601699447614, 42.607640066446159 ], [ -122.994601815966831, 42.607642328714029 ], [ -122.994614249110128, 42.607923246878087 ], [ -122.994622849697492, 42.608117544608888 ], [ -122.994634754654925, 42.60838646727963 ], [ -122.994645408784478, 42.608626847128498 ], [ -122.994575638972861, 42.607049138902333 ] ], [ [ -122.994652764752729, 42.608793206132525 ], [ -122.994645502922765, 42.608629298177455 ], [ -122.994652767900817, 42.608793283956409 ], [ -122.994652764752729, 42.608793206132525 ] ], [ [ -122.994690510632054, 42.609642516489195 ], [ -122.994695511553573, 42.609759051190935 ], [ -122.994723126699213, 42.610382908224153 ], [ -122.99472324358581, 42.610385528628932 ], [ -122.994733398267783, 42.610614905259347 ], [ -122.994733410086155, 42.610615158748317 ], [ -122.99476486917365, 42.611325877646678 ], [ -122.994764983371184, 42.611328404529544 ], [ -122.994786810153713, 42.611821474480138 ], [ -122.994794987696352, 42.612006160217362 ], [ -122.994690510632054, 42.609642516489195 ] ], [ [ -122.994794997861973, 42.612006478404446 ], [ -122.994809299021895, 42.612329348267856 ], [ -122.9947977326254, 42.612068150580036 ], [ -122.994794997861973, 42.612006478404446 ] ], [ [ -122.994832981675074, 42.612864942882723 ], [ -122.994906059626743, 42.614519156008427 ], [ -122.994912015995638, 42.614650219672683 ], [ -122.994906054626099, 42.614519036441756 ], [ -122.994901569431576, 42.614413657743235 ], [ -122.994835355806487, 42.612915798877189 ], [ -122.994832976712317, 42.612864824215201 ], [ -122.99482335108712, 42.612645581960479 ], [ -122.994823334172324, 42.61264520238371 ], [ -122.994832981675074, 42.612864942882723 ] ], [ [ -122.99491769775068, 42.614958385101126 ], [ -122.994914897407682, 42.614803803886296 ], [ -122.994914883698613, 42.614805647696805 ], [ -122.99491769775068, 42.614958385101126 ] ], [ [ -122.995057121052938, 42.625754349619655 ], [ -122.995057064498468, 42.625731229348972 ], [ -122.995057036612636, 42.625750003673659 ], [ -122.995057121052938, 42.625754349619655 ] ], [ [ -122.995100731520751, 42.635292650936968 ], [ -122.995100762580648, 42.635288833698667 ], [ -122.995100715654445, 42.63528973862222 ], [ -122.995100731520751, 42.635292650936968 ] ], [ [ -122.995106766571965, 42.636770353590705 ], [ -122.995106693827921, 42.636765294398039 ], [ -122.995106603543221, 42.636884007383983 ], [ -122.995106766571965, 42.636770353590705 ] ], [ [ -122.995090122124523, 42.647886697270842 ], [ -122.995090200209162, 42.647882347795992 ], [ -122.995090127646705, 42.647882964211327 ], [ -122.995090122124523, 42.647886697270842 ] ], [ [ -122.995096512196227, 42.653843769415985 ], [ -122.995096410078915, 42.653831209428041 ], [ -122.995097388435042, 42.654029959034922 ], [ -122.995096512196227, 42.653843769415985 ] ], [ [ -122.99511023894523, 42.656772980293319 ], [ -122.995110110453354, 42.656757769091755 ], [ -122.995110977043183, 42.656930511050525 ], [ -122.99511023894523, 42.656772980293319 ] ], [ [ -122.99512282691478, 42.659430018038329 ], [ -122.995122164369647, 42.65931838656708 ], [ -122.995122672773064, 42.659425518262481 ], [ -122.99512282691478, 42.659430018038329 ] ], [ [ -122.995122838137917, 42.65943190243285 ], [ -122.995123208562845, 42.659538382972215 ], [ -122.995123104428913, 42.659476610732249 ], [ -122.995122838137917, 42.65943190243285 ] ], [ [ -122.995125372656048, 42.659977343135942 ], [ -122.99512471821285, 42.659833178290278 ], [ -122.995124745021926, 42.659867881131476 ], [ -122.995125372656048, 42.659977343135942 ] ], [ [ -122.995126503469436, 42.660226821384512 ], [ -122.995125397099017, 42.659982730334811 ], [ -122.995125473857627, 42.660023245713958 ], [ -122.995126503469436, 42.660226821384512 ] ], [ [ -122.995127401691889, 42.660424454834562 ], [ -122.995126553522894, 42.660237856821773 ], [ -122.995126663196686, 42.66027723016024 ], [ -122.995127401691889, 42.660424454834562 ] ], [ [ -122.995128253167607, 42.660612263462141 ], [ -122.995127444219506, 42.66043381768003 ], [ -122.995127540338331, 42.660464159160838 ], [ -122.995128253167607, 42.660612263462141 ] ], [ [ -122.995130350479869, 42.661047373435345 ], [ -122.995129776582942, 42.66090132182039 ], [ -122.9951296448737, 42.6609132049621 ], [ -122.995130350479869, 42.661047373435345 ] ], [ [ -122.99513075680845, 42.661150571997986 ], [ -122.995130366899673, 42.661051550225451 ], [ -122.995130346557886, 42.66106320157553 ], [ -122.99513075680845, 42.661150571997986 ] ], [ [ -122.99513263452819, 42.6615521071231 ], [ -122.995132574790546, 42.661551029529363 ], [ -122.995132645484844, 42.661556272594559 ], [ -122.99513263452819, 42.6615521071231 ] ], [ [ -122.995133249050284, 42.661683417973776 ], [ -122.995132941197269, 42.66166266625364 ], [ -122.995133694953495, 42.661745318066721 ], [ -122.995133249050284, 42.661683417973776 ] ], [ [ -122.995133666164278, 42.661757290400985 ], [ -122.995133566517623, 42.661750249313087 ], [ -122.995134071123033, 42.661854430182011 ], [ -122.995133666164278, 42.661757290400985 ] ], [ [ -122.995141390916871, 42.664410863002601 ], [ -122.995141167603762, 42.664361863700769 ], [ -122.995141623053925, 42.664508291421257 ], [ -122.995141390916871, 42.664410863002601 ] ], [ [ -122.995145072355456, 42.666109845287622 ], [ -122.995145278130593, 42.665994579808 ], [ -122.995145214616187, 42.665995962375 ], [ -122.995145072355456, 42.666109845287622 ] ], [ [ -122.995140848340142, 42.668568588098367 ], [ -122.99514114289083, 42.668414955122671 ], [ -122.995140974438925, 42.668438130117686 ], [ -122.995140848340142, 42.668568588098367 ] ], [ [ -122.995140374655278, 42.66881662784246 ], [ -122.995140834601671, 42.668575760874525 ], [ -122.995140681741077, 42.668605413409836 ], [ -122.995140374655278, 42.66881662784246 ] ], [ [ -122.995139949288316, 42.669038776793748 ], [ -122.995140354146798, 42.668827361740867 ], [ -122.995140241615644, 42.668856239865086 ], [ -122.995139949288316, 42.669038776793748 ] ], [ [ -122.995138597919876, 42.669797357340002 ], [ -122.995139029723049, 42.669602865504089 ], [ -122.995138898319553, 42.669622882340505 ], [ -122.995138597919876, 42.669797357340002 ] ], [ [ -122.995133063519063, 42.672957766319485 ], [ -122.995133294743013, 42.672899977743 ], [ -122.995133128758042, 42.672916315854238 ], [ -122.995133063519063, 42.672957766319485 ] ], [ [ -122.995131423017739, 42.673887149798546 ], [ -122.995131442854287, 42.673866500432169 ], [ -122.995131068388375, 42.673998300427463 ], [ -122.995131423017739, 42.673887149798546 ] ], [ [ -122.995120525777011, 42.680106146725606 ], [ -122.995120434054215, 42.680092555765768 ], [ -122.99512023106854, 42.680269879365937 ], [ -122.995120525777011, 42.680106146725606 ] ], [ [ -122.995119406211074, 42.68058965761476 ], [ -122.995119322766072, 42.680595529496067 ], [ -122.995119348142794, 42.680600065001968 ], [ -122.995119406211074, 42.68058965761476 ] ], [ [ -122.995084099179479, 42.687242660502278 ], [ -122.995084098851578, 42.687232869300047 ], [ -122.995083235461507, 42.687405260086898 ], [ -122.995084099179479, 42.687242660502278 ] ], [ [ -122.995062637595993, 42.69128621808099 ], [ -122.995062453578655, 42.691282348227055 ], [ -122.995062559888794, 42.691298665863933 ], [ -122.995062637595993, 42.69128621808099 ] ], [ [ -122.995056919735632, 42.692363195353892 ], [ -122.995056887966825, 42.692358554866175 ], [ -122.995056865731286, 42.692373525742774 ], [ -122.995056919735632, 42.692363195353892 ] ], [ [ -122.995046686229983, 42.694291307118654 ], [ -122.995046654782513, 42.694288075716372 ], [ -122.995045845855373, 42.694442789852609 ], [ -122.995046686229983, 42.694291307118654 ] ], [ [ -122.995040346618623, 42.695505394198321 ], [ -122.99504131787404, 42.6953346247955 ], [ -122.995041020702985, 42.695359383219568 ], [ -122.995040346618623, 42.695505394198321 ] ], [ [ -122.995038934194056, 42.695753539841583 ], [ -122.99504031549246, 42.695510865788101 ], [ -122.995040077229177, 42.695536948998054 ], [ -122.995038934194056, 42.695753539841583 ] ], [ [ -122.995027830321035, 42.698097505886679 ], [ -122.995028109100474, 42.698005404552568 ], [ -122.995027894979827, 42.698062831730489 ], [ -122.995027830321035, 42.698097505886679 ] ], [ [ -122.995023388107711, 42.700637854918142 ], [ -122.995023563337014, 42.700487748408818 ], [ -122.995023080951228, 42.700765188944274 ], [ -122.995023388107711, 42.700637854918142 ] ], [ [ -122.995014617524603, 42.705556565394765 ], [ -122.995014603938415, 42.705536385432993 ], [ -122.995014271046529, 42.705751473757374 ], [ -122.995014617524603, 42.705556565394765 ] ], [ [ -122.995010593318582, 42.707840499937376 ], [ -122.995010669801175, 42.707831506432299 ], [ -122.995010603533302, 42.707834347338299 ], [ -122.995010593318582, 42.707840499937376 ] ], [ [ -122.995007286207667, 42.709632967680896 ], [ -122.995007227728365, 42.709605342709523 ], [ -122.995006615967924, 42.709794419289508 ], [ -122.995007286207667, 42.709632967680896 ] ], [ [ -122.995006406120638, 42.709894641170827 ], [ -122.995006590537841, 42.709802281735897 ], [ -122.995006060141193, 42.709966352621386 ], [ -122.995006406120638, 42.709894641170827 ] ], [ [ -122.995005734328558, 42.710094112163532 ], [ -122.995006025806134, 42.709976969175294 ], [ -122.995003543720173, 42.71074427550969 ], [ -122.995005734328558, 42.710094112163532 ] ], [ [ -122.994979854616574, 42.717779120060428 ], [ -122.994979786399455, 42.717769352236246 ], [ -122.994979248649329, 42.717882386859991 ], [ -122.994979854616574, 42.717779120060428 ] ], [ [ -122.99497334813077, 42.719711291155711 ], [ -122.994973585272064, 42.719621140804279 ], [ -122.994973047428289, 42.719783750667212 ], [ -122.99497334813077, 42.719711291155711 ] ], [ [ -122.990044896277695, 42.754256176572284 ], [ -122.990045782344808, 42.754221360096295 ], [ -122.990044167910241, 42.75427632615731 ], [ -122.990044896277695, 42.754256176572284 ] ], [ [ -122.989984144505897, 42.756265181424382 ], [ -122.989984323640542, 42.756256793276265 ], [ -122.989983779998738, 42.756277165430198 ], [ -122.989984144505897, 42.756265181424382 ] ], [ [ -122.989887007097281, 42.759519817834018 ], [ -122.989885454777962, 42.759519938584098 ], [ -122.989879579804395, 42.760074311725724 ], [ -122.989887007097281, 42.759519817834018 ] ], [ [ -122.989868132903979, 42.760928884754321 ], [ -122.978618103065941, 42.760945322702781 ], [ -122.970386397164248, 42.760957787400464 ], [ -122.971508206546915, 42.760956964086255 ], [ -122.989868124040072, 42.760929546489194 ], [ -122.989868132903979, 42.760928884754321 ] ], [ [ -122.970306915816593, 42.768131424849294 ], [ -122.951106043601825, 42.767598074743006 ], [ -122.970749760242938, 42.768145149372742 ], [ -122.970306915816593, 42.768131424849294 ] ], [ [ -122.95110450717651, 42.767815791104496 ], [ -122.951112791765325, 42.770009620095742 ], [ -122.9511058373959, 42.767627294822326 ], [ -122.95110450717651, 42.767815791104496 ] ], [ [ -122.951126284202971, 42.774810364168708 ], [ -122.951126281994675, 42.77480952707544 ], [ -122.951028233495464, 42.77481044570478 ], [ -122.951126284202971, 42.774810364168708 ] ], [ [ -123.222658862372313, 42.709971660136929 ], [ -123.220305208536729, 42.709974994987476 ], [ -123.223418727669568, 42.709970572960401 ], [ -123.222658862372313, 42.709971660136929 ] ], [ [ -123.21876634178679, 42.70997714941042 ], [ -123.216565665669179, 42.709980192795129 ], [ -123.219946365117352, 42.709975498612344 ], [ -123.21876634178679, 42.70997714941042 ] ], [ [ -123.214664529900574, 42.709982788445259 ], [ -123.214102635226396, 42.709983549874487 ], [ -123.213465039667, 42.709984409113638 ], [ -123.214664529900574, 42.709982788445259 ] ], [ [ -123.200413161975774, 42.724478735762204 ], [ -123.200437485988743, 42.71724066014395 ], [ -123.200411767541496, 42.724476088183643 ], [ -123.190506665847508, 42.724507880324559 ], [ -123.200413161975774, 42.724478735762204 ] ], [ [ -123.190484749734594, 42.729527041755674 ], [ -123.180582498362114, 42.731649030944382 ], [ -123.180349975426253, 42.73775775886125 ], [ -123.180894050742694, 42.73165247597931 ], [ -123.190484749734594, 42.729527041755674 ] ], [ [ -123.152219770723406, 42.737718572583667 ], [ -123.152068321130969, 42.737717853134498 ], [ -123.152235650397074, 42.737718648012716 ], [ -123.152219770723406, 42.737718572583667 ] ], [ [ -123.152167522679989, 42.755753300063141 ], [ -123.151778793056437, 42.755753350970274 ], [ -123.152167527925982, 42.755754250088621 ], [ -123.152167522679989, 42.755753300063141 ] ], [ [ -123.112939751060807, 42.755663518739077 ], [ -123.112676622926131, 42.755662264372724 ], [ -123.112676616556598, 42.755662910125281 ], [ -123.112939751060807, 42.755663518739077 ] ], [ [ -123.112703941436166, 42.752892616724985 ], [ -123.088093935876657, 42.752158106183323 ], [ -123.079460522475671, 42.75216873454503 ], [ -123.112703941436166, 42.752892616724985 ] ], [ [ -123.056299402088598, 42.752193969343899 ], [ -123.026970170735055, 42.752224969774637 ], [ -123.013015079480098, 42.752241129002797 ], [ -123.056299402088598, 42.752193969343899 ] ], [ [ -123.009609908268573, 42.752245065003933 ], [ -123.00961053770942, 42.752581080886365 ], [ -123.00961129576865, 42.752937619122164 ], [ -123.009609908268573, 42.752245065003933 ] ], [ [ -123.009624416363692, 42.759486225130509 ], [ -123.004727268893689, 42.759494880264334 ], [ -123.002119109660143, 42.759499402132519 ], [ -123.009624416363692, 42.759486225130509 ] ], [ [ -123.339578621711212, 44.041574827058895 ], [ -123.337337777479433, 44.041577390372815 ], [ -123.337342160856124, 44.041577386163297 ], [ -123.339578621711212, 44.041574827058895 ] ], [ [ -122.929069649186374, 42.347946398581158 ], [ -122.929070130547217, 42.34794639503977 ], [ -122.9288615157772, 42.347946403842627 ], [ -122.929069649186374, 42.347946398581158 ] ], [ [ -123.028088747157383, 43.794398118333227 ], [ -123.028501354066378, 43.794482427885605 ], [ -123.028096124214358, 43.794399625629673 ], [ -123.028088747157383, 43.794398118333227 ] ], [ [ -123.028077697807518, 43.794395528408977 ], [ -123.027267193846171, 43.794205623065444 ], [ -123.028088747157383, 43.794398118333227 ], [ -123.028077697807518, 43.794395528408977 ] ], [ [ -123.039268779021597, 43.813384367192064 ], [ -123.039347027597458, 43.813444650417296 ], [ -123.03937670960903, 43.813467516855127 ], [ -123.039268779021597, 43.813384367192064 ] ], [ [ -123.040016576398742, 43.81388085281224 ], [ -123.040121013380187, 43.813955771497554 ], [ -123.040206043289743, 43.81401676762485 ], [ -123.040016576398742, 43.81388085281224 ] ], [ [ -123.047402342238769, 43.811618332523011 ], [ -123.047702297972833, 43.811221059991233 ], [ -123.047560166665619, 43.811409303077077 ], [ -123.047402342238769, 43.811618332523011 ] ], [ [ -123.07598910460618, 43.797497192249402 ], [ -123.076228719294249, 43.79749723464753 ], [ -123.076739703302678, 43.797497323237778 ], [ -123.07598910460618, 43.797497192249402 ] ], [ [ -123.080383356154741, 43.797932412814824 ], [ -123.080383335359031, 43.79788522020651 ], [ -123.080383228896721, 43.797654723986184 ], [ -123.080383356154741, 43.797932412814824 ] ], [ [ -123.08038477981404, 43.79752461315293 ], [ -123.080539281718956, 43.797523384691146 ], [ -123.081052166080511, 43.797519303179499 ], [ -123.08038477981404, 43.79752461315293 ] ], [ [ -123.082168483716615, 43.795916257469571 ], [ -123.082194498749729, 43.793971146253277 ], [ -123.082170197105754, 43.795788116315933 ], [ -123.082168483716615, 43.795916257469571 ] ], [ [ -123.07690285876474, 43.779263180968627 ], [ -123.07211138019629, 43.779258324756185 ], [ -123.072257032049706, 43.779258475885499 ], [ -123.07690285876474, 43.779263180968627 ] ], [ [ -122.855402534722515, 42.416482108925386 ], [ -122.855395210877802, 42.416498004726471 ], [ -122.85540172699065, 42.416484045438352 ], [ -122.855402534722515, 42.416482108925386 ] ], [ [ -122.855622829741989, 42.415935391119042 ], [ -122.855609291286839, 42.415970679296279 ], [ -122.855619926286195, 42.415943342427887 ], [ -122.855622829741989, 42.415935391119042 ] ], [ [ -122.855811842824494, 42.406706662046084 ], [ -122.855812882960322, 42.40687331417103 ], [ -122.855811856721346, 42.406680703776502 ], [ -122.855811842824494, 42.406706662046084 ] ], [ [ -122.855275529230468, 42.388575395418613 ], [ -122.855460181032413, 42.388572623585048 ], [ -122.855272469618228, 42.388575364392892 ], [ -122.855275529230468, 42.388575395418613 ] ], [ [ -122.854021518801886, 42.388018962172467 ], [ -122.854021313046943, 42.388040337675562 ], [ -122.854021333539791, 42.388053391625732 ], [ -122.854021518801886, 42.388018962172467 ] ], [ [ -122.85402103664893, 42.387783826198593 ], [ -122.854020975486819, 42.387865677922022 ], [ -122.854021202603505, 42.387805858532559 ], [ -122.85402103664893, 42.387783826198593 ] ], [ [ -122.855564530107358, 42.385191247247512 ], [ -122.855564673681258, 42.385251411232481 ], [ -122.855564634898641, 42.385199340314394 ], [ -122.855564530107358, 42.385191247247512 ] ], [ [ -122.855564614791106, 42.385167641377677 ], [ -122.855564575726305, 42.385120591589768 ], [ -122.855564530107358, 42.385191247247512 ], [ -122.855564614791106, 42.385167641377677 ] ], [ [ -122.855564314476965, 42.384778596933657 ], [ -122.855564293950707, 42.384902271142131 ], [ -122.855564360473565, 42.38478525717786 ], [ -122.855564314476965, 42.384778596933657 ] ], [ [ -122.855492125014251, 42.384348920865001 ], [ -122.85550742487996, 42.384478222385425 ], [ -122.855492062489049, 42.384347454837496 ], [ -122.855492125014251, 42.384348920865001 ] ], [ [ -122.855429111255404, 42.383817166691244 ], [ -122.855445284715842, 42.383953381321142 ], [ -122.855430338503922, 42.383826708259669 ], [ -122.855429111255404, 42.383817166691244 ] ], [ [ -122.855410389112151, 42.383341496625334 ], [ -122.855410185975515, 42.383338862255229 ], [ -122.85541032562098, 42.383387947587089 ], [ -122.855410389112151, 42.383341496625334 ] ], [ [ -122.855410129726621, 42.383127865090849 ], [ -122.855410292022128, 42.383222814718266 ], [ -122.855410213150094, 42.383127301886894 ], [ -122.855410129726621, 42.383127865090849 ] ], [ [ -122.855432319508779, 42.382950267133829 ], [ -122.855431460938448, 42.382956699515056 ], [ -122.855432738118211, 42.382947674202384 ], [ -122.855432319508779, 42.382950267133829 ] ], [ [ -122.855453248116135, 42.382802311220026 ], [ -122.855454038752271, 42.382795756152149 ], [ -122.855447234181071, 42.382844923230856 ], [ -122.855453248116135, 42.382802311220026 ] ], [ [ -122.855482681500845, 42.382593192935047 ], [ -122.855467153223515, 42.382702894648915 ], [ -122.85548303913194, 42.38259185727533 ], [ -122.855482681500845, 42.382593192935047 ] ], [ [ -122.855561770237642, 42.380907561264998 ], [ -122.855561782219027, 42.380915053531062 ], [ -122.855561819147965, 42.380906645234141 ], [ -122.855561770237642, 42.380907561264998 ] ], [ [ -122.855561142104023, 42.379940998925875 ], [ -122.855561201194789, 42.380030449959293 ], [ -122.855561284852868, 42.379932751187837 ], [ -122.855561142104023, 42.379940998925875 ] ], [ [ -122.855560581829849, 42.379096162123282 ], [ -122.85556071706722, 42.379299312745154 ], [ -122.855560715726014, 42.379081087826521 ], [ -122.855560581829849, 42.379096162123282 ] ], [ [ -122.855559921658298, 42.378103335544886 ], [ -122.855560023995551, 42.378111798394436 ], [ -122.855559908302467, 42.378082636061698 ], [ -122.855559921658298, 42.378103335544886 ] ], [ [ -122.856627580076321, 42.320617299851882 ], [ -122.858524980681224, 42.320120162866971 ], [ -122.858354937759472, 42.320126387387852 ], [ -122.858198815373498, 42.320143646424725 ], [ -122.858026943736647, 42.320175587680133 ], [ -122.856625281374932, 42.320616831431423 ], [ -122.855831591792708, 42.320625582040549 ], [ -122.856627580076321, 42.320617299851882 ] ], [ [ -122.855778295854975, 42.320613470425442 ], [ -122.855827952771691, 42.320624754869527 ], [ -122.855718278292258, 42.320597420793632 ], [ -122.855778295854975, 42.320613470425442 ] ], [ [ -122.850702765676189, 42.314223843498787 ], [ -122.850662874463936, 42.314223790245819 ], [ -122.850692570024137, 42.314223865813233 ], [ -122.850702765676189, 42.314223843498787 ] ], [ [ -122.851473062898307, 42.312887819570491 ], [ -122.851473006575063, 42.312887928744011 ], [ -122.85146918866117, 42.312942258454349 ], [ -122.851473062898307, 42.312887819570491 ] ], [ [ -122.848979549376395, 42.312473996077465 ], [ -122.849006429070286, 42.312501404432211 ], [ -122.84897830939255, 42.312472449380088 ], [ -122.848979549376395, 42.312473996077465 ] ], [ [ -122.850752348074678, 42.312087730758137 ], [ -122.850167687252494, 42.311688592100857 ], [ -122.849918284663843, 42.311519064653069 ], [ -122.850752348074678, 42.312087730758137 ] ], [ [ -122.848489135213271, 42.310036976235601 ], [ -122.848497921215909, 42.31006648804243 ], [ -122.84849108520892, 42.310043128132932 ], [ -122.848489135213271, 42.310036976235601 ] ], [ [ -122.848426776095451, 42.309881899049927 ], [ -122.848428779536277, 42.309885857385581 ], [ -122.848427281411432, 42.30988276258892 ], [ -122.848426776095451, 42.309881899049927 ] ], [ [ -122.848404004015933, 42.309838394793537 ], [ -122.848410523870939, 42.309850374857497 ], [ -122.848408047308112, 42.309845570280544 ], [ -122.848404004015933, 42.309838394793537 ] ], [ [ -122.848353610621075, 42.309755101154572 ], [ -122.848377091284476, 42.309791850066929 ], [ -122.84835414242167, 42.309755836374144 ], [ -122.848353610621075, 42.309755101154572 ] ], [ [ -122.848291638777511, 42.30967038674661 ], [ -122.848297508950992, 42.309677354580124 ], [ -122.848296716490651, 42.309676246239583 ], [ -122.848291638777511, 42.30967038674661 ] ], [ [ -122.844702221572788, 42.307005046590781 ], [ -122.843771792151642, 42.306205529931297 ], [ -122.844759229630711, 42.307054215497772 ], [ -122.844702221572788, 42.307005046590781 ] ], [ [ -122.841777235797466, 42.304478291662932 ], [ -122.841520184251564, 42.304237631306364 ], [ -122.841944918471597, 42.304635684714533 ], [ -122.841777235797466, 42.304478291662932 ] ], [ [ -122.841413377793828, 42.304137242527176 ], [ -122.841320595186531, 42.304050577097406 ], [ -122.841520184251564, 42.304237631306364 ], [ -122.841413377793828, 42.304137242527176 ] ], [ [ -122.83582652378729, 42.299059774881094 ], [ -122.835926080963503, 42.299130434052309 ], [ -122.835916765343867, 42.299123769932045 ], [ -122.83582652378729, 42.299059774881094 ] ], [ [ -122.834439658349467, 42.297930021807659 ], [ -122.834446403440353, 42.297935629264074 ], [ -122.834426509145445, 42.29791828949157 ], [ -122.834439658349467, 42.297930021807659 ] ], [ [ -122.83263293681253, 42.296317687666772 ], [ -122.832762014218204, 42.296432862157864 ], [ -122.832643799018115, 42.296327310117348 ], [ -122.83263293681253, 42.296317687666772 ] ], [ [ -122.845878538672579, 42.298097625063079 ], [ -122.845701487472567, 42.297928759284709 ], [ -122.845720796632378, 42.297947380853905 ], [ -122.845878538672579, 42.298097625063079 ] ], [ [ -122.846816684447788, 42.298990999595546 ], [ -122.846580736265238, 42.298766230566549 ], [ -122.846717575807403, 42.298896772920266 ], [ -122.846816684447788, 42.298990999595546 ] ], [ [ -122.849402362585849, 42.301453740977692 ], [ -122.848356330794047, 42.300457435233049 ], [ -122.848535900766009, 42.300628558577827 ], [ -122.849402362585849, 42.301453740977692 ] ], [ [ -122.84962974843225, 42.301670286220784 ], [ -122.849627608350687, 42.301668247994876 ], [ -122.849743257669559, 42.301791945997493 ], [ -122.84962974843225, 42.301670286220784 ] ], [ [ -122.850076986935719, 42.302132126637382 ], [ -122.850064677572561, 42.302120745000778 ], [ -122.850070294269102, 42.302125989977455 ], [ -122.850076986935719, 42.302132126637382 ] ], [ [ -122.85421340341172, 42.305785382893639 ], [ -122.855227791342429, 42.306847042883952 ], [ -122.855458351580694, 42.307088129228759 ], [ -122.85421340341172, 42.305785382893639 ] ], [ [ -122.863034718867041, 42.30329683581845 ], [ -122.862818547266997, 42.303296115531481 ], [ -122.862936069160199, 42.303296553739067 ], [ -122.863034718867041, 42.30329683581845 ] ], [ [ -122.864204943887032, 42.303300726403542 ], [ -122.863505590581482, 42.303298402588574 ], [ -122.864132475973491, 42.303300552131489 ], [ -122.864204943887032, 42.303300726403542 ] ], [ [ -122.865081820371159, 42.303303633966848 ], [ -122.864627478973944, 42.30330212859932 ], [ -122.865054161375312, 42.303303623431837 ], [ -122.865081820371159, 42.303303633966848 ] ], [ [ -122.866435786201961, 42.301975951928043 ], [ -122.866130912700783, 42.301975136160181 ], [ -122.866303674454201, 42.301975703518671 ], [ -122.866435786201961, 42.301975951928043 ] ], [ [ -122.866782809779039, 42.301976955611515 ], [ -122.866850159173438, 42.301977059503471 ], [ -122.866435786201961, 42.301975951928043 ], [ -122.866782809779039, 42.301976955611515 ] ], [ [ -122.867864136232669, 42.300044003893134 ], [ -122.867864820743833, 42.300186476718217 ], [ -122.867864022072453, 42.299984220266502 ], [ -122.867864136232669, 42.300044003893134 ] ], [ [ -122.868504414412257, 42.293460972402535 ], [ -122.868491897994687, 42.293462218307198 ], [ -122.868496647775174, 42.293461783832242 ], [ -122.868504414412257, 42.293460972402535 ] ], [ [ -122.869047110515837, 42.293407089737109 ], [ -122.868860397174188, 42.293425478619334 ], [ -122.869037655824528, 42.293408081907025 ], [ -122.869047110515837, 42.293407089737109 ] ], [ [ -122.886391473266684, 42.277259233890362 ], [ -122.886450789841135, 42.277733385143044 ], [ -122.886405705354079, 42.277372997876917 ], [ -122.886391473266684, 42.277259233890362 ] ], [ [ -122.886365567787777, 42.277054695532655 ], [ -122.886364811565031, 42.277048780887661 ], [ -122.886391473266684, 42.277259233890362 ], [ -122.886365567787777, 42.277054695532655 ] ], [ [ -122.886330509515929, 42.276784428007971 ], [ -122.886324600619702, 42.276738884527596 ], [ -122.886364811565031, 42.277048780887661 ], [ -122.886330509515929, 42.276784428007971 ] ], [ [ -122.916095891544046, 42.349002160361437 ], [ -122.916096805214607, 42.348911884204909 ], [ -122.916094594892925, 42.349151120348097 ], [ -122.916095891544046, 42.349002160361437 ] ], [ [ -122.913221077684724, 42.352845963796391 ], [ -122.913102555061542, 42.352845921976169 ], [ -122.913123969778468, 42.352845984513991 ], [ -122.913221077684724, 42.352845963796391 ] ], [ [ -122.908694174303847, 42.352832542765853 ], [ -122.908695256928809, 42.353138036575878 ], [ -122.908696365251032, 42.353385945858676 ], [ -122.908694174303847, 42.352832542765853 ] ], [ [ -122.90870992242516, 42.356811789711671 ], [ -122.908723797167198, 42.360286980180696 ], [ -122.908709926318508, 42.356812640724797 ], [ -122.90870992242516, 42.356811789711671 ] ], [ [ -122.897733609193068, 42.351960253346014 ], [ -122.89722739857001, 42.351621786913739 ], [ -122.897159898971083, 42.35157684519271 ], [ -122.897733609193068, 42.351960253346014 ] ], [ [ -122.896476746114004, 42.350320768411628 ], [ -122.896475061612151, 42.350318984545353 ], [ -122.896467667305245, 42.350311482062793 ], [ -122.896476746114004, 42.350320768411628 ] ], [ [ -122.888452921557118, 42.347236266699028 ], [ -122.888450584065751, 42.347235344532514 ], [ -122.888287090824434, 42.347173469996747 ], [ -122.888452921557118, 42.347236266699028 ] ], [ [ -122.888283134206276, 42.347171908589978 ], [ -122.888138361279957, 42.347116972612 ], [ -122.888287090824434, 42.347173469996747 ], [ -122.888283134206276, 42.347171908589978 ] ], [ [ -122.887839693644949, 42.346470184161547 ], [ -122.887839690009685, 42.346470184241277 ], [ -122.887839331838919, 42.346483411832814 ], [ -122.887839693644949, 42.346470184161547 ] ], [ [ -122.887840045257562, 42.346459225801404 ], [ -122.887840112761268, 42.3464569642302 ], [ -122.887840214613377, 42.346453464083439 ], [ -122.887840045257562, 42.346459225801404 ] ], [ [ -122.887844078016172, 42.346320192361944 ], [ -122.887844714296364, 42.346301314149741 ], [ -122.887848506573391, 42.346173044360313 ], [ -122.887844078016172, 42.346320192361944 ] ], [ [ -122.88897138296376, 42.345626366981968 ], [ -122.888945865925947, 42.34563257498764 ], [ -122.889166275135921, 42.345578952314042 ], [ -122.88897138296376, 42.345626366981968 ] ], [ [ -122.890278901207438, 42.343949791569749 ], [ -122.890279864419085, 42.344076778403355 ], [ -122.890279050549324, 42.343960861408632 ], [ -122.890278901207438, 42.343949791569749 ] ], [ [ -122.890173463561638, 42.344035969810712 ], [ -122.89012898626514, 42.343988834664152 ], [ -122.890001482372639, 42.343854655590142 ], [ -122.890173463561638, 42.344035969810712 ] ], [ [ -122.889580536851682, 42.343411846357689 ], [ -122.88948562666063, 42.343311784741516 ], [ -122.889227468219588, 42.343040104403407 ], [ -122.889580536851682, 42.343411846357689 ] ], [ [ -122.883782177928452, 42.338532529552275 ], [ -122.883782170522622, 42.338532519239997 ], [ -122.88370585076602, 42.338434164030708 ], [ -122.883782177928452, 42.338532529552275 ] ], [ [ -122.886018337580353, 42.336595025818916 ], [ -122.886020123738433, 42.33659362458129 ], [ -122.88611785725557, 42.336512460579726 ], [ -122.886018337580353, 42.336595025818916 ] ], [ [ -122.886258700961335, 42.336395240393827 ], [ -122.886262374385453, 42.33639245008888 ], [ -122.886288549763478, 42.336370710860457 ], [ -122.886258700961335, 42.336395240393827 ] ], [ [ -122.886424511740842, 42.336257714321057 ], [ -122.886426289971354, 42.33625632764501 ], [ -122.886433040379288, 42.336250721412888 ], [ -122.886424511740842, 42.336257714321057 ] ], [ [ -122.886798588762403, 42.335946978413297 ], [ -122.886802525159084, 42.335943880937165 ], [ -122.886811306116357, 42.335936588277157 ], [ -122.886798588762403, 42.335946978413297 ] ], [ [ -122.887055704329882, 42.335770645164409 ], [ -122.887075690453585, 42.335767514226021 ], [ -122.887056955481711, 42.335770212881648 ], [ -122.887055704329882, 42.335770645164409 ] ], [ [ -122.88716452344309, 42.335761905555543 ], [ -122.887167131093392, 42.335762224432372 ], [ -122.88716883834158, 42.33576228325866 ], [ -122.88716452344309, 42.335761905555543 ] ], [ [ -122.88789312164289, 42.336405862863835 ], [ -122.887896522872666, 42.33640954165179 ], [ -122.888017984054116, 42.336537293386975 ], [ -122.88789312164289, 42.336405862863835 ] ], [ [ -122.891918988969707, 42.340353237134707 ], [ -122.891940857540419, 42.340376542054393 ], [ -122.891941017474863, 42.34037653854049 ], [ -122.891918988969707, 42.340353237134707 ] ], [ [ -122.893878917038833, 42.340817724863129 ], [ -122.893878438344885, 42.340872916503962 ], [ -122.893878753939802, 42.340848822762339 ], [ -122.893878917038833, 42.340817724863129 ] ], [ [ -122.894158691995642, 42.34142493565664 ], [ -122.894168806049024, 42.341422266142196 ], [ -122.894430741824735, 42.341349254514469 ], [ -122.894158691995642, 42.34142493565664 ] ], [ [ -122.894445995631969, 42.341345075648213 ], [ -122.894667991252589, 42.341283255653373 ], [ -122.894430741824735, 42.341349254514469 ], [ -122.894445995631969, 42.341345075648213 ] ], [ [ -122.894781687859393, 42.341235598623705 ], [ -122.894781025507271, 42.341348922805736 ], [ -122.894781558568283, 42.341272415889947 ], [ -122.894781687859393, 42.341235598623705 ] ], [ [ -122.894780719766914, 42.341392916111452 ], [ -122.894780349241856, 42.34140886008592 ], [ -122.894780640711076, 42.341404076436071 ], [ -122.894780719766914, 42.341392916111452 ] ], [ [ -122.895365262044152, 42.343980308506914 ], [ -122.895436716519953, 42.344056046856842 ], [ -122.895672679267378, 42.344304616007783 ], [ -122.895365262044152, 42.343980308506914 ] ], [ [ -122.904216566492991, 42.351882587759953 ], [ -122.904256271400413, 42.351882370547898 ], [ -122.904751497755683, 42.351878400144656 ], [ -122.904216566492991, 42.351882587759953 ] ], [ [ -122.906632334444993, 42.351862787832843 ], [ -122.906638035905203, 42.351862775179569 ], [ -122.906915842797957, 42.351860464707272 ], [ -122.906632334444993, 42.351862787832843 ] ], [ [ -122.907154417274285, 42.351858508911477 ], [ -122.907154527191494, 42.35185849748482 ], [ -122.907155008912667, 42.351792604272802 ], [ -122.907154417274285, 42.351858508911477 ] ], [ [ -122.907162098172307, 42.351007016675631 ], [ -122.907163241732547, 42.350887471863622 ], [ -122.907162096130364, 42.350997275906089 ], [ -122.907162098172307, 42.351007016675631 ] ], [ [ -122.907169367774955, 42.350174997631264 ], [ -122.907169714003373, 42.350139904350229 ], [ -122.907169377782964, 42.350169179194985 ], [ -122.907169367774955, 42.350174997631264 ] ], [ [ -122.90717502958131, 42.349532567566399 ], [ -122.907176291940587, 42.349381960689179 ], [ -122.907175122828022, 42.34951578022708 ], [ -122.90717502958131, 42.349532567566399 ] ], [ [ -122.907115757183206, 42.347348090341164 ], [ -122.907115811762779, 42.347342505745878 ], [ -122.907114079017504, 42.347197314777596 ], [ -122.907115757183206, 42.347348090341164 ] ], [ [ -122.90710345525774, 42.346298350031617 ], [ -122.907101742606116, 42.346156616172401 ], [ -122.907103297965719, 42.346293589728532 ], [ -122.90710345525774, 42.346298350031617 ] ], [ [ -122.907088414033637, 42.345056767732608 ], [ -122.907088706704826, 42.345081742524961 ], [ -122.907087980105331, 42.345013484988272 ], [ -122.907088414033637, 42.345056767732608 ] ], [ [ -122.907087626931499, 42.344907399583938 ], [ -122.907087712507405, 42.344906329778404 ], [ -122.907087693369519, 42.344838595513743 ], [ -122.907087626931499, 42.344907399583938 ] ], [ [ -122.907087789100117, 42.344807409783272 ], [ -122.907087848709949, 42.344749122162 ], [ -122.907087681069598, 42.34479940776869 ], [ -122.907087789100117, 42.344807409783272 ] ], [ [ -122.907087383929692, 42.343934986752025 ], [ -122.90708743524084, 42.343932399954909 ], [ -122.907087501758625, 42.343885876349695 ], [ -122.907087383929692, 42.343934986752025 ] ], [ [ -122.90708692262244, 42.342380226368938 ], [ -122.907086994519517, 42.342374167281498 ], [ -122.907086949676824, 42.342221419111553 ], [ -122.90708692262244, 42.342380226368938 ] ], [ [ -122.907086824790767, 42.342099794206824 ], [ -122.907086847805772, 42.342104653730253 ], [ -122.907086882486027, 42.341981506659508 ], [ -122.907086824790767, 42.342099794206824 ] ], [ [ -122.90708676219802, 42.341944400519779 ], [ -122.90708687021484, 42.341934048297148 ], [ -122.90708680907774, 42.341887184800697 ], [ -122.90708676219802, 42.341944400519779 ] ], [ [ -122.907086704545804, 42.341521215620908 ], [ -122.907086749946444, 42.341513229124715 ], [ -122.90708670211545, 42.3413440449945 ], [ -122.907086704545804, 42.341521215620908 ] ], [ [ -122.907086519254023, 42.34104459133772 ], [ -122.907086614460567, 42.341037120154645 ], [ -122.907086504386399, 42.340948013664992 ], [ -122.907086519254023, 42.34104459133772 ] ], [ [ -122.899983008535941, 42.340840665168791 ], [ -122.899869959456737, 42.340841151867984 ], [ -122.899931387049307, 42.340840956542372 ], [ -122.899983008535941, 42.340840665168791 ] ], [ [ -122.899309692839168, 42.340842934077081 ], [ -122.899225722409184, 42.340842978982835 ], [ -122.899281096132725, 42.340843024497623 ], [ -122.899309692839168, 42.340842934077081 ] ], [ [ -122.8984408458562, 42.340470638006437 ], [ -122.89844092355878, 42.340465459599635 ], [ -122.898441115765507, 42.340375858239092 ], [ -122.8984408458562, 42.340470638006437 ] ], [ [ -122.898442363803227, 42.33931522137847 ], [ -122.898442431456857, 42.339308277148213 ], [ -122.89844221252757, 42.339207859206937 ], [ -122.898442363803227, 42.33931522137847 ] ], [ [ -122.898631237217828, 42.335455279281341 ], [ -122.898631299433035, 42.335350926555016 ], [ -122.898631190819302, 42.335448152250002 ], [ -122.898631237217828, 42.335455279281341 ] ], [ [ -122.904160968220125, 42.334488091794462 ], [ -122.904161050319587, 42.334498238227923 ], [ -122.904161082254134, 42.334494077461223 ], [ -122.904160968220125, 42.334488091794462 ] ], [ [ -122.904160923205538, 42.334912887832949 ], [ -122.904160494003705, 42.33504847451141 ], [ -122.904160338827467, 42.335198175434229 ], [ -122.904160923205538, 42.334912887832949 ] ], [ [ -122.904408866799102, 42.333376441853986 ], [ -122.904218026278741, 42.333377362376751 ], [ -122.903915516729327, 42.333379060877547 ], [ -122.904408866799102, 42.333376441853986 ] ], [ [ -122.902679081577688, 42.330086593345413 ], [ -122.90267913920998, 42.330086004592587 ], [ -122.902679263071178, 42.330009344180056 ], [ -122.902679081577688, 42.330086593345413 ] ], [ [ -122.902603384765499, 42.329752426816881 ], [ -122.902506258655919, 42.329752774870343 ], [ -122.902594397283792, 42.329752563116834 ], [ -122.902603384765499, 42.329752426816881 ] ], [ [ -122.902527874060425, 42.328604857924965 ], [ -122.902527584948459, 42.328570970396079 ], [ -122.902527564497575, 42.328582043901697 ], [ -122.902527874060425, 42.328604857924965 ] ], [ [ -122.865012099169348, 42.305588021493058 ], [ -122.865122724550218, 42.305587657320046 ], [ -122.864997651071818, 42.305588017056593 ], [ -122.865012099169348, 42.305588021493058 ] ], [ [ -122.867870410081011, 42.303256268733854 ], [ -122.867870489418991, 42.303249930867544 ], [ -122.867870701536688, 42.30315725829891 ], [ -122.867870410081011, 42.303256268733854 ] ], [ [ -122.874388397245866, 42.302633695029236 ], [ -122.874397446414946, 42.302625121019759 ], [ -122.874389227955277, 42.302632790757201 ], [ -122.874388397245866, 42.302633695029236 ] ], [ [ -122.878514838926549, 42.297307263453064 ], [ -122.878514527433282, 42.297434896280038 ], [ -122.878514865837431, 42.297313471255215 ], [ -122.878514838926549, 42.297307263453064 ] ], [ [ -122.884336754573837, 42.297224796810831 ], [ -122.884337986495439, 42.296914492721179 ], [ -122.884337192245994, 42.297095529005126 ], [ -122.884336754573837, 42.297224796810831 ] ], [ [ -122.885806957268287, 42.297258161116304 ], [ -122.885816118448091, 42.297258310174314 ], [ -122.885823171531143, 42.29725834892448 ], [ -122.885806957268287, 42.297258161116304 ] ], [ [ -122.885953220745549, 42.296452747648978 ], [ -122.885903193310526, 42.296452635686968 ], [ -122.885945071092692, 42.296452831018932 ], [ -122.885953220745549, 42.296452747648978 ] ], [ [ -122.885176712732857, 42.296156377680802 ], [ -122.885177681621087, 42.296065977924421 ], [ -122.88517692384778, 42.296130611922948 ], [ -122.885176712732857, 42.296156377680802 ] ], [ [ -122.886235216497752, 42.295668918269662 ], [ -122.88623513814494, 42.295677028424578 ], [ -122.886234878763318, 42.295748402389897 ], [ -122.886235216497752, 42.295668918269662 ] ], [ [ -122.887597114014568, 42.297138930798049 ], [ -122.887596895677603, 42.297159406880624 ], [ -122.887596309679182, 42.29727284356256 ], [ -122.887597114014568, 42.297138930798049 ] ], [ [ -122.888691373034774, 42.297002263090604 ], [ -122.888691602745808, 42.296997504351893 ], [ -122.888691831559925, 42.296969361303375 ], [ -122.888691373034774, 42.297002263090604 ] ], [ [ -122.888695499323973, 42.295841995134111 ], [ -122.888695500694624, 42.295832508412843 ], [ -122.888695396455546, 42.295831169340104 ], [ -122.888695499323973, 42.295841995134111 ] ], [ [ -122.888628170824774, 42.295327949901214 ], [ -122.888627047782776, 42.295321964074411 ], [ -122.888623695217234, 42.295305152369743 ], [ -122.888628170824774, 42.295327949901214 ] ], [ [ -122.888592381385578, 42.295121283580428 ], [ -122.888591271872102, 42.295108549270118 ], [ -122.888592195902476, 42.295120003869002 ], [ -122.888592381385578, 42.295121283580428 ] ], [ [ -122.888803617574808, 42.294095183797495 ], [ -122.888803744008015, 42.294102038060387 ], [ -122.888803753913535, 42.294096598632855 ], [ -122.888803617574808, 42.294095183797495 ] ], [ [ -122.888874060400141, 42.295462414927741 ], [ -122.888877236544005, 42.295483617140157 ], [ -122.888874479244905, 42.29546483745375 ], [ -122.888874060400141, 42.295462414927741 ] ], [ [ -122.888899792934382, 42.295660222911046 ], [ -122.88890003631704, 42.295661617404633 ], [ -122.888899304978764, 42.29565624822613 ], [ -122.888899792934382, 42.295660222911046 ] ], [ [ -122.888904614509812, 42.295706300892185 ], [ -122.888910011817515, 42.2957666776868 ], [ -122.88890539886394, 42.295714186995596 ], [ -122.888904614509812, 42.295706300892185 ] ], [ [ -122.88891216395443, 42.295792318716146 ], [ -122.888910591781666, 42.295772049289958 ], [ -122.888910011817515, 42.2957666776868 ], [ -122.88891216395443, 42.295792318716146 ] ], [ [ -122.888914649457462, 42.296422179698148 ], [ -122.888914834189535, 42.296525942733197 ], [ -122.888914721113238, 42.296430031075573 ], [ -122.888914649457462, 42.296422179698148 ] ], [ [ -122.888915434942433, 42.296913984504251 ], [ -122.888915318904751, 42.296925063414143 ], [ -122.888915419977494, 42.297008355223362 ], [ -122.888915434942433, 42.296913984504251 ] ], [ [ -122.888915961311866, 42.29737601708581 ], [ -122.888915867262227, 42.297378401397197 ], [ -122.888915964435469, 42.297441672732134 ], [ -122.888915961311866, 42.29737601708581 ] ], [ [ -122.890555522051869, 42.297966014238412 ], [ -122.890560064058164, 42.297966137547547 ], [ -122.890562251538825, 42.297966140761396 ], [ -122.890555522051869, 42.297966014238412 ] ], [ [ -122.892953595856213, 42.297983597309099 ], [ -122.892979033036326, 42.297983922160959 ], [ -122.892988229824894, 42.297983987967534 ], [ -122.892953595856213, 42.297983597309099 ] ], [ [ -122.894723460105084, 42.297996406500758 ], [ -122.894736050650138, 42.297996639462198 ], [ -122.894740378116666, 42.297996670158135 ], [ -122.894723460105084, 42.297996406500758 ] ], [ [ -122.900305652518455, 42.297836230798183 ], [ -122.900310026734999, 42.297837126597997 ], [ -122.900313716638692, 42.297837819781762 ], [ -122.900305652518455, 42.297836230798183 ] ], [ [ -122.901144134256256, 42.297993734737453 ], [ -122.901157575422602, 42.297996445595359 ], [ -122.901166114075906, 42.297998051033034 ], [ -122.901144134256256, 42.297993734737453 ] ], [ [ -122.901707680936582, 42.312315148180922 ], [ -122.901707659971734, 42.312313959302202 ], [ -122.901707432441157, 42.312315117679184 ], [ -122.901707680936582, 42.312315148180922 ] ], [ [ -122.901707230301596, 42.312289589985916 ], [ -122.901706613058323, 42.312268889096764 ], [ -122.901706832680091, 42.312281268873789 ], [ -122.901707230301596, 42.312289589985916 ] ], [ [ -122.901706593922015, 42.312267564330156 ], [ -122.901706245759371, 42.312233672187467 ], [ -122.901705987517147, 42.312233670689771 ], [ -122.901706593922015, 42.312267564330156 ] ], [ [ -122.899625582230712, 42.31075558937308 ], [ -122.899595984930116, 42.310638148403619 ], [ -122.899596535271954, 42.310640541935477 ], [ -122.899625582230712, 42.31075558937308 ] ], [ [ -122.899429033035986, 42.309953297157193 ], [ -122.899416963379622, 42.3099083918259 ], [ -122.899417261765393, 42.309910032507197 ], [ -122.899429033035986, 42.309953297157193 ] ], [ [ -122.898688275601828, 42.309679911458588 ], [ -122.898115331671619, 42.309676191303609 ], [ -122.89810304050863, 42.30967620218189 ], [ -122.898688275601828, 42.309679911458588 ] ], [ [ -122.895664515038433, 42.308626484371736 ], [ -122.895664179406438, 42.308542683174089 ], [ -122.895664125643449, 42.308563418564134 ], [ -122.895664515038433, 42.308626484371736 ] ], [ [ -122.89528209570058, 42.306201332790828 ], [ -122.895043149064563, 42.306201818175872 ], [ -122.895266403594519, 42.30620141463276 ], [ -122.89528209570058, 42.306201332790828 ] ], [ [ -122.877372126537196, 42.312683467902382 ], [ -122.877371648655711, 42.312685569118166 ], [ -122.877367893188918, 42.312710990572157 ], [ -122.877372126537196, 42.312683467902382 ] ], [ [ -122.877361575506399, 42.312804667416984 ], [ -122.877361477914079, 42.312807188556114 ], [ -122.877361846477797, 42.31284567093234 ], [ -122.877361575506399, 42.312804667416984 ] ], [ [ -122.874273447937881, 42.312851659185739 ], [ -122.874089603704192, 42.312852631161221 ], [ -122.874265654767953, 42.312851740152738 ], [ -122.874273447937881, 42.312851659185739 ] ], [ [ -122.87005775822827, 42.312861352616402 ], [ -122.869729421795995, 42.312862717461712 ], [ -122.869739837800324, 42.312862723646646 ], [ -122.87005775822827, 42.312861352616402 ] ], [ [ -122.859101360858787, 42.313120049231976 ], [ -122.859097644149116, 42.313121765349365 ], [ -122.859091945663138, 42.313124591400964 ], [ -122.859101360858787, 42.313120049231976 ] ], [ [ -122.85905811623374, 42.313142232590266 ], [ -122.858968507607912, 42.313188897080252 ], [ -122.858970864198199, 42.313187732242035 ], [ -122.85905811623374, 42.313142232590266 ] ], [ [ -122.858074704751999, 42.315517244171694 ], [ -122.858075075899293, 42.315526278418396 ], [ -122.858074968091472, 42.315521195985092 ], [ -122.858074704751999, 42.315517244171694 ] ], [ [ -122.892489872278091, 42.318587239847865 ], [ -122.892478453734057, 42.318587382009483 ], [ -122.892624741238862, 42.318587310295946 ], [ -122.892489872278091, 42.318587239847865 ] ], [ [ -122.89102278588031, 42.318583874352981 ], [ -122.890929819758853, 42.318585207859272 ], [ -122.891030601362374, 42.318583938355147 ], [ -122.89102278588031, 42.318583874352981 ] ], [ [ -122.887541940682723, 42.318430784577053 ], [ -122.88754582910417, 42.318491215272431 ], [ -122.887546077091073, 42.318491993429063 ], [ -122.887541940682723, 42.318430784577053 ] ], [ [ -122.885811376670333, 42.31814420396028 ], [ -122.885811225579488, 42.318156580177806 ], [ -122.885811374661799, 42.318156579608505 ], [ -122.885811376670333, 42.31814420396028 ] ], [ [ -122.885811378752294, 42.318129972329714 ], [ -122.885811226036466, 42.31812997297861 ], [ -122.885811376670333, 42.31814420396028 ], [ -122.885811378752294, 42.318129972329714 ] ], [ [ -122.885125317210154, 42.318256837767848 ], [ -122.884875060791444, 42.318256021835218 ], [ -122.885134300655906, 42.318256917979134 ], [ -122.885125317210154, 42.318256837767848 ] ], [ [ -122.884800018072511, 42.318255615965874 ], [ -122.884333911639942, 42.318254151278147 ], [ -122.884875060791444, 42.318256021835218 ], [ -122.884800018072511, 42.318255615965874 ] ], [ [ -122.8823560925766, 42.318247789625268 ], [ -122.88190378182037, 42.318248457789082 ], [ -122.882633598495431, 42.318247445296706 ], [ -122.8823560925766, 42.318247789625268 ] ], [ [ -122.881728195788313, 42.31824861651841 ], [ -122.881243709750294, 42.318249370721681 ], [ -122.88190378182037, 42.318248457789082 ], [ -122.881728195788313, 42.31824861651841 ] ], [ [ -122.875890003758627, 42.317905078608398 ], [ -122.875893432114339, 42.317659071516573 ], [ -122.875889715486437, 42.317920590334531 ], [ -122.875890003758627, 42.317905078608398 ] ], [ [ -122.875895221769255, 42.317545159527455 ], [ -122.87590122561312, 42.317110872006964 ], [ -122.875893432114339, 42.317659071516573 ], [ -122.875895221769255, 42.317545159527455 ] ], [ [ -122.875903045638566, 42.316988246310636 ], [ -122.875909485691579, 42.316529827187082 ], [ -122.87590122561312, 42.317110872006964 ], [ -122.875903045638566, 42.316988246310636 ] ], [ [ -122.873655009556231, 42.316675288045928 ], [ -122.874004885270651, 42.316579444174273 ], [ -122.873873910670454, 42.316613323727594 ], [ -122.873655009556231, 42.316675288045928 ] ], [ [ -122.873522818997415, 42.316713919534436 ], [ -122.873466805785441, 42.316730639368622 ], [ -122.873655009556231, 42.316675288045928 ], [ -122.873522818997415, 42.316713919534436 ] ], [ [ -122.873466805785441, 42.316730639368622 ], [ -122.873342485488237, 42.316771497446503 ], [ -122.873341975475711, 42.316771750573793 ], [ -122.873466805785441, 42.316730639368622 ] ], [ [ -122.873177067164804, 42.31686374965085 ], [ -122.873246011014899, 42.316819409531412 ], [ -122.873144971990158, 42.316889998592458 ], [ -122.873177067164804, 42.31686374965085 ] ], [ [ -122.872498570317234, 42.317488117572168 ], [ -122.872499354661102, 42.317488026702279 ], [ -122.872562793394039, 42.31746762517988 ], [ -122.872498570317234, 42.317488117572168 ] ], [ [ -122.869758103077913, 42.317507513390346 ], [ -122.870488000805736, 42.317502785659542 ], [ -122.8694342514938, 42.317518988316529 ], [ -122.869758103077913, 42.317507513390346 ] ], [ [ -122.868011271045972, 42.320313140933671 ], [ -122.868015708416777, 42.320310820458687 ], [ -122.868102537645939, 42.320264096397132 ], [ -122.868011271045972, 42.320313140933671 ] ], [ [ -122.863519801656068, 42.321437783504145 ], [ -122.863615532253846, 42.321415083766922 ], [ -122.863617127838339, 42.321414658669056 ], [ -122.863519801656068, 42.321437783504145 ] ], [ [ -122.862932825953848, 42.32159526744968 ], [ -122.862932830631451, 42.321595386101436 ], [ -122.863458534943803, 42.321454234319695 ], [ -122.862932825953848, 42.32159526744968 ] ], [ [ -122.860014457794051, 42.321770617507113 ], [ -122.859870381017174, 42.321761778075803 ], [ -122.859868167843274, 42.321761759489355 ], [ -122.860014457794051, 42.321770617507113 ] ], [ [ -122.859840109796181, 42.321761527587078 ], [ -122.859826863609825, 42.32176151161346 ], [ -122.859868167843274, 42.321761759489355 ], [ -122.859840109796181, 42.321761527587078 ] ], [ [ -122.859558205903923, 42.321761189087709 ], [ -122.859558214998088, 42.321761420099328 ], [ -122.859645914893406, 42.32176129465622 ], [ -122.859558205903923, 42.321761189087709 ] ], [ [ -122.899547670183836, 42.313300557673493 ], [ -122.899555016095249, 42.313300474863041 ], [ -122.899558337820196, 42.313300304455169 ], [ -122.899547670183836, 42.313300557673493 ] ], [ [ -122.897425429274875, 42.315791947652919 ], [ -122.897435394410991, 42.315792000716364 ], [ -122.897630281788011, 42.315792351182118 ], [ -122.897425429274875, 42.315791947652919 ] ], [ [ -122.895195708795001, 42.315787964928127 ], [ -122.895192054789675, 42.315788044450983 ], [ -122.89521689728916, 42.315788070758806 ], [ -122.895195708795001, 42.315787964928127 ] ], [ [ -122.895197917105847, 42.31741950098214 ], [ -122.895197982218008, 42.317374866813914 ], [ -122.895197977223773, 42.317372891283689 ], [ -122.895197917105847, 42.31741950098214 ] ], [ [ -122.895216686673919, 42.318484666387675 ], [ -122.895220484433224, 42.318487057753977 ], [ -122.895214637814462, 42.318482797182128 ], [ -122.895216686673919, 42.318484666387675 ] ], [ [ -122.895206282431204, 42.31847369519857 ], [ -122.895204516612978, 42.318471263198838 ], [ -122.895204761182157, 42.318471727318617 ], [ -122.895206282431204, 42.31847369519857 ] ], [ [ -122.895213118421509, 42.31848141101689 ], [ -122.89520925671944, 42.318477542722341 ], [ -122.895210162105116, 42.318478713924463 ], [ -122.895213118421509, 42.31848141101689 ] ], [ [ -122.904134277522658, 42.326467981230657 ], [ -122.904134263320685, 42.326494436118296 ], [ -122.904134321012393, 42.326487290624549 ], [ -122.904134277522658, 42.326467981230657 ] ], [ [ -122.90413407050346, 42.326125064213763 ], [ -122.904134084638244, 42.326253295462585 ], [ -122.904134147157421, 42.326235661600357 ], [ -122.90413407050346, 42.326125064213763 ] ], [ [ -122.904542911295437, 42.326124964835572 ], [ -122.904480832865744, 42.326125064114223 ], [ -122.904497646446529, 42.326125093031443 ], [ -122.904542911295437, 42.326124964835572 ] ], [ [ -122.909758258674159, 42.323699674281897 ], [ -122.909881693763396, 42.323699222839494 ], [ -122.909756058467309, 42.323699619534366 ], [ -122.909758258674159, 42.323699674281897 ] ], [ [ -122.909610778277028, 42.323695949095907 ], [ -122.909609905124768, 42.323695972925108 ], [ -122.909756058467309, 42.323699619534366 ], [ -122.909610778277028, 42.323695949095907 ] ], [ [ -122.90390522071651, 42.320180729608559 ], [ -122.903912851018077, 42.32018061325072 ], [ -122.903836455047085, 42.320181302938579 ], [ -122.90390522071651, 42.320180729608559 ] ], [ [ -122.901545675224554, 42.320630267011346 ], [ -122.90156022485229, 42.320629956752711 ], [ -122.901551138947227, 42.320630083472103 ], [ -122.901545675224554, 42.320630267011346 ] ], [ [ -122.901797408414566, 42.318165557828657 ], [ -122.90179812030496, 42.318373164895561 ], [ -122.901798103322179, 42.318344817085432 ], [ -122.901797408414566, 42.318165557828657 ] ], [ [ -122.901297399823619, 42.318168471211742 ], [ -122.901535411899971, 42.318166906081395 ], [ -122.901327786109889, 42.318168234377985 ], [ -122.901297399823619, 42.318168471211742 ] ], [ [ -122.900582901227452, 42.318167764944299 ], [ -122.900683769022308, 42.318167843963415 ], [ -122.900597784170117, 42.318167740737366 ], [ -122.900582901227452, 42.318167764944299 ] ], [ [ -122.89325043947926, 42.372009397359072 ], [ -122.893260315536324, 42.372009386392541 ], [ -122.893261254044091, 42.372009249712292 ], [ -122.89325043947926, 42.372009397359072 ] ], [ [ -122.885431827460835, 42.364292545814259 ], [ -122.88543165229801, 42.364292473178075 ], [ -122.885431306933413, 42.364292361085184 ], [ -122.885431827460835, 42.364292545814259 ] ], [ [ -122.90172250962965, 42.36263639949847 ], [ -122.901661917272037, 42.36263804520862 ], [ -122.901665930979405, 42.362637970192218 ], [ -122.90172250962965, 42.36263639949847 ] ], [ [ -122.900558297627185, 42.362653489019998 ], [ -122.900414732652195, 42.362653325483592 ], [ -122.900552875369144, 42.362653561754769 ], [ -122.900558297627185, 42.362653489019998 ] ], [ [ -122.904446247873736, 42.364474536485204 ], [ -122.904446245728238, 42.364473636847386 ], [ -122.904445738808633, 42.364475031754587 ], [ -122.904446247873736, 42.364474536485204 ] ], [ [ -122.902787297276532, 42.366138027032513 ], [ -122.902785695474094, 42.366134237807039 ], [ -122.902785708330242, 42.366139064336664 ], [ -122.902787297276532, 42.366138027032513 ] ], [ [ -122.913578460693032, 42.368629040856611 ], [ -122.91346088598705, 42.368463253825155 ], [ -122.913578481215296, 42.368629580216307 ], [ -122.913578460693032, 42.368629040856611 ] ], [ [ -122.897693688787669, 42.383968747535611 ], [ -122.897693760803719, 42.384090559181026 ], [ -122.897693688823082, 42.383968747535611 ], [ -122.897693688787669, 42.383968747535611 ] ], [ [ -122.897618875481228, 42.383968742188095 ], [ -122.897628857730766, 42.383968742781676 ], [ -122.895738814440236, 42.383968604188382 ], [ -122.897618875481228, 42.383968742188095 ] ], [ [ -122.899089145377943, 42.382595180748709 ], [ -122.898494388472557, 42.382650485782115 ], [ -122.899122108680444, 42.382592115633251 ], [ -122.899089145377943, 42.382595180748709 ] ], [ [ -122.920662701680754, 42.390597036146318 ], [ -122.920661759295498, 42.390596212259332 ], [ -122.920440683863418, 42.390432191291517 ], [ -122.920662701680754, 42.390597036146318 ] ], [ [ -122.91986303985999, 42.390008356493425 ], [ -122.919897672846744, 42.390033914336932 ], [ -122.920069914287978, 42.390160346252088 ], [ -122.91986303985999, 42.390008356493425 ] ], [ [ -122.678836178426678, 42.287510260899097 ], [ -122.67883633954078, 42.287510260370787 ], [ -122.67792697431122, 42.287512215375145 ], [ -122.678836178426678, 42.287510260899097 ] ], [ [ -122.287458564912825, 42.133242675581762 ], [ -122.287483079320765, 42.127168465979985 ], [ -122.28816785738411, 42.127167384267992 ], [ -122.287458564912825, 42.133242675581762 ] ], [ [ -122.28981650768651, 42.042687153454089 ], [ -122.289812003937499, 42.02596884598492 ], [ -122.289740568107263, 42.008172725881707 ], [ -122.28981650768651, 42.042687153454089 ] ], [ [ -122.776284926480884, 42.24183533496214 ], [ -122.776282939628189, 42.241835234436657 ], [ -122.776867668944845, 42.242146562425972 ], [ -122.776284926480884, 42.24183533496214 ] ], [ [ -122.775840817176544, 42.240960048331026 ], [ -122.775801868132206, 42.241001119504588 ], [ -122.775578988286114, 42.241254020747476 ], [ -122.775840817176544, 42.240960048331026 ] ], [ [ -122.774680082423643, 42.240903750428608 ], [ -122.774874819902706, 42.240694887464734 ], [ -122.774679529488026, 42.240903535308433 ], [ -122.774680082423643, 42.240903750428608 ] ], [ [ -122.773747393011305, 42.240540733831381 ], [ -122.773746975337602, 42.24054073357253 ], [ -122.774322205230391, 42.240764590433656 ], [ -122.773747393011305, 42.240540733831381 ] ], [ [ -122.77274770309522, 42.239733222051761 ], [ -122.773053870396168, 42.239395249462262 ], [ -122.77305310965167, 42.239394820984892 ], [ -122.77274770309522, 42.239733222051761 ] ], [ [ -122.77231726897449, 42.239675780059173 ], [ -122.772316876699989, 42.239675619141167 ], [ -122.772390914577542, 42.239718685364508 ], [ -122.77231726897449, 42.239675780059173 ] ], [ [ -122.764777376989954, 42.234687486554712 ], [ -122.764777478105941, 42.234687535722728 ], [ -122.764806434415007, 42.234669184899936 ], [ -122.764777376989954, 42.234687486554712 ] ], [ [ -122.854152390962525, 42.378351553100934 ], [ -122.851792231147073, 42.378350511299502 ], [ -122.855560087635695, 42.378352583935275 ], [ -122.854152390962525, 42.378351553100934 ] ], [ [ -121.889499228190147, 42.274238792889889 ], [ -121.88934140838056, 42.274184252186913 ], [ -121.889296545173366, 42.274168748144461 ], [ -121.889499228190147, 42.274238792889889 ] ], [ [ -121.840469803117813, 42.217319416503592 ], [ -121.840479197337459, 42.220874216436485 ], [ -121.852858130061463, 42.23545556346793 ], [ -121.840469803117813, 42.217319416503592 ] ], [ [ -121.840470744254119, 42.213695318005463 ], [ -121.840532889352502, 42.213695670118852 ], [ -121.84053402408172, 42.213695668711502 ], [ -121.840470744254119, 42.213695318005463 ] ], [ [ -121.874564444817167, 42.169885721362363 ], [ -121.894547541786636, 42.169997426254525 ], [ -121.894547541837099, 42.169997415518303 ], [ -121.874564444817167, 42.169885721362363 ] ], [ [ -121.874757494129483, 42.140638030172816 ], [ -121.894684822817311, 42.140648933305499 ], [ -121.882130952361408, 42.140489297721665 ], [ -121.874757494129483, 42.140638030172816 ] ], [ [ -121.966280312618295, 43.784889172499241 ], [ -121.963125219856892, 43.782136479162538 ], [ -121.963036904865817, 43.782110566293525 ], [ -121.966280312618295, 43.784889172499241 ] ], [ [ -121.960991249064151, 43.763796687034215 ], [ -121.963356499750134, 43.762594328221986 ], [ -121.960945101176108, 43.763782046559065 ], [ -121.960991249064151, 43.763796687034215 ] ], [ [ -122.119880532458865, 43.438417855529472 ], [ -122.121489594944933, 43.438395162159239 ], [ -122.114712865024146, 43.437786815908659 ], [ -122.119880532458865, 43.438417855529472 ] ], [ [ -121.858467784821869, 42.672026052387466 ], [ -121.858559024982597, 42.672680167186222 ], [ -121.858805569716836, 42.670124466283262 ], [ -121.858467784821869, 42.672026052387466 ] ], [ [ -121.878523000823222, 42.623395766222593 ], [ -121.879274125955035, 42.634354909902079 ], [ -121.881126694058764, 42.639374320485089 ], [ -121.879274104735131, 42.634353939536027 ], [ -121.878523000823222, 42.623395766222593 ] ], [ [ -121.881691136868142, 42.572438176616458 ], [ -121.881884138626305, 42.573396663680747 ], [ -121.881884138626305, 42.573396663680739 ], [ -121.881691136868142, 42.572438176616458 ] ], [ [ -121.886359124323391, 42.531146824256162 ], [ -121.867048199576004, 42.438645836874038 ], [ -121.866221322938173, 42.437006346771312 ], [ -121.863592634251233, 42.434254341857347 ], [ -121.824070742805873, 42.400753573638056 ], [ -121.820001144068812, 42.400739763068856 ], [ -121.866221345090437, 42.437007317008508 ], [ -121.868902830168579, 42.453321172559377 ], [ -121.886359124323391, 42.531146824256162 ] ], [ [ -121.817229900969735, 42.399902269106462 ], [ -121.817229921059749, 42.399902079084534 ], [ -121.817223921931756, 42.399789078316587 ], [ -121.817229900969735, 42.399902269106462 ] ], [ [ -121.817026942239281, 42.399326049360397 ], [ -121.817050920697696, 42.399350079213647 ], [ -121.816977921124092, 42.399273079037087 ], [ -121.817026942239281, 42.399326049360397 ] ], [ [ -121.816672942167997, 42.399065049463758 ], [ -121.816800921206237, 42.399136078993308 ], [ -121.815832942225015, 42.398714048834158 ], [ -121.816672942167997, 42.399065049463758 ] ], [ [ -121.814726922053225, 42.397624079386645 ], [ -121.81378498852014, 42.395930757165971 ], [ -121.815832942225015, 42.398714048834158 ], [ -121.814726922053225, 42.397624079386645 ] ], [ [ -121.81412784947203, 42.395146710646706 ], [ -121.814216921585043, 42.394905079447881 ], [ -121.814382747521066, 42.394401915535084 ], [ -121.81412784947203, 42.395146710646706 ] ], [ [ -121.814978448947457, 42.393438076183344 ], [ -121.815005921016834, 42.393384078841855 ], [ -121.815030551844103, 42.393300712746253 ], [ -121.814978448947457, 42.393438076183344 ] ], [ [ -121.814201941848779, 42.393100048693242 ], [ -121.815031801041727, 42.393296486575331 ], [ -121.813006665277527, 42.393806434508647 ], [ -121.814201941848779, 42.393100048693242 ] ], [ [ -121.812668941241725, 42.394045048834791 ], [ -121.812788546214065, 42.393992130620894 ], [ -121.812657204447504, 42.394046121100473 ], [ -121.812668941241725, 42.394045048834791 ] ], [ [ -121.812493941896776, 42.39406104895756 ], [ -121.812506045610519, 42.394059942609687 ], [ -121.81248552310899, 42.394059102357993 ], [ -121.812493941896776, 42.39406104895756 ] ], [ [ -121.812346941642843, 42.394027049121938 ], [ -121.812367231862822, 42.39403174172606 ], [ -121.812336789079538, 42.394021013026354 ], [ -121.812346941642843, 42.394027049121938 ] ], [ [ -121.812235942066394, 42.393961049489917 ], [ -121.812244532033944, 42.393966157316875 ], [ -121.812226549281164, 42.3939500376243 ], [ -121.812235942066394, 42.393961049489917 ] ], [ [ -121.812148942403368, 42.393859049224304 ], [ -121.812151197809044, 42.393861693354957 ], [ -121.812148808759559, 42.393857712492448 ], [ -121.812148942403368, 42.393859049224304 ] ], [ [ -121.811923942194156, 42.392612049431733 ], [ -121.812120002515258, 42.393569643281801 ], [ -121.811285949208582, 42.391412192393297 ], [ -121.811923942194156, 42.392612049431733 ] ], [ [ -121.811286917139299, 42.391284623060429 ], [ -121.811286922209334, 42.391284078849736 ], [ -121.811286821077857, 42.391282951293263 ], [ -121.811286917139299, 42.391284623060429 ] ], [ [ -121.811292920616978, 42.390431078806593 ], [ -121.811267922621155, 42.39028607822349 ], [ -121.811231921180863, 42.390142077985089 ], [ -121.811292920616978, 42.390431078806593 ] ], [ [ -121.810813942489631, 42.388931049293717 ], [ -121.810994922556517, 42.389258078708281 ], [ -121.81071692245601, 42.388718078875662 ], [ -121.810813942489631, 42.388931049293717 ] ], [ [ -121.810666967773898, 42.388403212887823 ], [ -121.810666957529847, 42.388402966570119 ], [ -121.810666942378475, 42.38840305039836 ], [ -121.810666967773898, 42.388403212887823 ] ], [ [ -121.810991922601033, 42.387020079503479 ], [ -121.811036921875555, 42.386896078566238 ], [ -121.811073921935886, 42.386771078367538 ], [ -121.810991922601033, 42.387020079503479 ] ], [ [ -121.80978194170217, 42.386197049122011 ], [ -121.811110865018321, 42.386307042286084 ], [ -121.809782042031088, 42.38619608913676 ], [ -121.80978194170217, 42.386197049122011 ] ], [ [ -121.814497990011532, 42.386082813858941 ], [ -121.814498921529193, 42.38608307874371 ], [ -121.814381920637373, 42.385932078190052 ], [ -121.814497990011532, 42.386082813858941 ] ], [ [ -121.814044941329698, 42.385400049425883 ], [ -121.81407692188084, 42.385451078107828 ], [ -121.814036803576613, 42.385384648785625 ], [ -121.814044941329698, 42.385400049425883 ] ], [ [ -121.813981921420194, 42.385287078846666 ], [ -121.813983670241072, 42.385286993900337 ], [ -121.813944329564066, 42.385214690972148 ], [ -121.813981921420194, 42.385287078846666 ] ], [ [ -121.813640646554958, 42.384499703243684 ], [ -121.813747540369008, 42.384769115850219 ], [ -121.813567273653334, 42.384258958378169 ], [ -121.813640646554958, 42.384499703243684 ] ], [ [ -121.828554206545263, 42.34276071828382 ], [ -121.82826966966762, 42.342256269353967 ], [ -121.828134077902448, 42.342027033193403 ], [ -121.828554206545263, 42.34276071828382 ] ], [ [ -121.817935174072986, 42.329310604754745 ], [ -121.818017337275151, 42.329647429238925 ], [ -121.81789133972147, 42.329129547657921 ], [ -121.817935174072986, 42.329310604754745 ] ], [ [ -121.817790874006192, 42.328648313728969 ], [ -121.817757491914577, 42.328395892569091 ], [ -121.81789133972147, 42.329129547657921 ], [ -121.817790874006192, 42.328648313728969 ] ], [ [ -121.817739085468759, 42.328217861774228 ], [ -121.817706729356473, 42.327904904169344 ], [ -121.817757491914577, 42.328395892569091 ], [ -121.817739085468759, 42.328217861774228 ] ], [ [ -121.817649715061407, 42.325954863559645 ], [ -121.81768834645365, 42.327041562090137 ], [ -121.817649692524483, 42.325953893397688 ], [ -121.817649715061407, 42.325954863559645 ] ], [ [ -121.817615830088272, 42.324502411286161 ], [ -121.817598941060666, 42.323557330754696 ], [ -121.817581548253514, 42.323019697444579 ], [ -121.817615830088272, 42.324502411286161 ] ], [ [ -121.81754140487395, 42.321283268785038 ], [ -121.817499520243672, 42.31945669323887 ], [ -121.817494835039355, 42.319295112570607 ], [ -121.81754140487395, 42.321283268785038 ] ], [ [ -121.817410308400952, 42.315686048175458 ], [ -121.817339880074385, 42.312215223172679 ], [ -121.81727708738012, 42.309986228906894 ], [ -121.817410308400952, 42.315686048175458 ] ], [ [ -121.817194077407279, 42.302949575236923 ], [ -121.817227445971838, 42.302511450090428 ], [ -121.817230683837565, 42.302455106790177 ], [ -121.817194077407279, 42.302949575236923 ] ], [ [ -121.824546336763603, 42.301079978289863 ], [ -121.82470292214056, 42.301083078171992 ], [ -121.824781723348295, 42.301083077620227 ], [ -121.824546336763603, 42.301079978289863 ] ], [ [ -121.883842919528533, 42.306191079586519 ], [ -121.884064920181359, 42.306328079215305 ], [ -121.8842129216426, 42.306388079009899 ], [ -121.883842919528533, 42.306191079586519 ] ], [ [ -121.897323450115024, 42.317534815542125 ], [ -121.897435920406892, 42.317675079202708 ], [ -121.897331054055371, 42.317454092720368 ], [ -121.897323450115024, 42.317534815542125 ] ], [ [ -121.913230921070465, 42.312190079296101 ], [ -121.914258920041533, 42.31198707860959 ], [ -121.914643921095944, 42.311905079103639 ], [ -121.913230921070465, 42.312190079296101 ] ], [ [ -121.919769920180926, 42.310659079641916 ], [ -121.920080920644637, 42.310572078381377 ], [ -121.920368920449221, 42.310478079615663 ], [ -121.919769920180926, 42.310659079641916 ] ], [ [ -121.92364654655681, 42.309102340149181 ], [ -121.924126920041658, 42.308909078750496 ], [ -121.924510920877538, 42.308750078997384 ], [ -121.92364654655681, 42.309102340149181 ] ], [ [ -122.132272963613048, 43.440278268401791 ], [ -122.269818707707131, 43.440368235054805 ], [ -122.251162956820124, 43.440299430715996 ], [ -122.132272963613048, 43.440278268401791 ] ], [ [ -122.263977367074276, 42.389761801981862 ], [ -122.263981718286558, 42.389759941508423 ], [ -122.258782417478287, 42.390052126877499 ], [ -122.263977367074276, 42.389761801981862 ] ], [ [ -122.230412731047011, 42.384922389290736 ], [ -122.230335662643583, 42.384924540568974 ], [ -122.2261385843711, 42.388769647316792 ], [ -122.230412731047011, 42.384922389290736 ] ], [ [ -122.223298407999536, 42.391530058658439 ], [ -122.223222508550037, 42.391531805799715 ], [ -122.220283502642431, 42.393319343390829 ], [ -122.223298407999536, 42.391530058658439 ] ], [ [ -122.217886030414036, 42.394090711157041 ], [ -122.219505916443254, 42.393632078816182 ], [ -122.220237456202554, 42.393335687511097 ], [ -122.217886030414036, 42.394090711157041 ] ], [ [ -122.217759380502358, 42.394123369950144 ], [ -122.217763732227851, 42.394121510436996 ], [ -122.217725839620854, 42.394128049857137 ], [ -122.217759380502358, 42.394123369950144 ] ], [ [ -122.21735391632258, 42.394205078742168 ], [ -122.217278014548171, 42.394206822626721 ], [ -122.216436646055953, 42.39435050079291 ], [ -122.21735391632258, 42.394205078742168 ] ], [ [ -122.17639991750147, 42.41341307893294 ], [ -122.176399943458307, 42.413414049103991 ], [ -122.176449919812129, 42.414209656558079 ], [ -122.17639991750147, 42.41341307893294 ] ], [ [ -122.054697248131731, 42.408570641061296 ], [ -122.054693803177756, 42.408571330623744 ], [ -122.058115294799833, 42.411647971275528 ], [ -122.054697248131731, 42.408570641061296 ] ], [ [ -122.048244346526488, 42.404356667427024 ], [ -122.050590719673764, 42.405683792211768 ], [ -122.050594657790541, 42.405682607347281 ], [ -122.048244346526488, 42.404356667427024 ] ], [ [ -121.998270176322137, 42.373751561609588 ], [ -121.998269917118762, 42.37375288646173 ], [ -121.998264933985524, 42.37387398097281 ], [ -121.998270176322137, 42.373751561609588 ] ], [ [ -121.99233607193203, 42.360665261921817 ], [ -121.992483841492927, 42.360812493613857 ], [ -121.992925205525296, 42.361242407357842 ], [ -121.99233607193203, 42.360665261921817 ] ], [ [ -121.941003432423173, 42.309764087358644 ], [ -121.941004018429126, 42.309761697996201 ], [ -121.940971864442545, 42.309721229927796 ], [ -121.941003432423173, 42.309764087358644 ] ], [ [ -122.698723790571464, 42.447309267125405 ], [ -122.698725221254165, 42.446877897800334 ], [ -122.698722692260532, 42.447309266631024 ], [ -122.698723790571464, 42.447309267125405 ] ], [ [ -122.288017283103585, 42.396339863449874 ], [ -122.288017283103642, 42.396339863466281 ], [ -122.288280201023085, 42.396337128511959 ], [ -122.288017283103585, 42.396339863449874 ] ], [ [ -122.286389914951286, 42.395196079584125 ], [ -122.286529915608071, 42.39521207822375 ], [ -122.286644916079837, 42.395225079151814 ], [ -122.286389914951286, 42.395196079584125 ] ], [ [ -122.279052691957318, 42.394322224089386 ], [ -122.279357763013195, 42.394361747256873 ], [ -122.278740717535612, 42.394268527440559 ], [ -122.279052691957318, 42.394322224089386 ] ], [ [ -122.278763405787075, 42.394271954900574 ], [ -122.278745754143742, 42.394269154055799 ], [ -122.278752140876904, 42.394270252471465 ], [ -122.278763405787075, 42.394271954900574 ] ], [ [ -122.275391589132866, 42.393472782056769 ], [ -122.275817789407, 42.393602070212523 ], [ -122.276045929819475, 42.39366703166246 ], [ -122.275391589132866, 42.393472782056769 ] ], [ [ -122.802162749139399, 42.316399776945367 ], [ -122.802144200118903, 42.316399543189519 ], [ -122.802180310982408, 42.316399998294756 ], [ -122.802162749139399, 42.316399776945367 ] ], [ [ -122.801131133204976, 42.316391740728854 ], [ -122.800821074463059, 42.316391025536568 ], [ -122.801677753287109, 42.316393949240314 ], [ -122.801131133204976, 42.316391740728854 ] ], [ [ -122.799062479536119, 42.316353878307126 ], [ -122.799154739234751, 42.316366289917582 ], [ -122.799063685117488, 42.316353801560268 ], [ -122.799062479536119, 42.316353878307126 ] ], [ [ -122.799013877678675, 42.316356842815367 ], [ -122.798652076769969, 42.316358522537499 ], [ -122.798827517478927, 42.316358547539629 ], [ -122.798921562598068, 42.316359263428446 ], [ -122.798960456672475, 42.316358933013568 ], [ -122.799013877678675, 42.316356842815367 ] ], [ [ -122.796722373247206, 42.316352376469069 ], [ -122.796908106870717, 42.316352923233822 ], [ -122.796729712458898, 42.316352365522512 ], [ -122.796722373247206, 42.316352376469069 ] ], [ [ -122.785680882045355, 42.316350100025097 ], [ -122.786203549293617, 42.316351123330897 ], [ -122.785885487305109, 42.316350403286876 ], [ -122.785680882045355, 42.316350100025097 ] ], [ [ -122.757655236567018, 42.316296318349238 ], [ -122.757655236559728, 42.316296319357591 ], [ -122.75776569843346, 42.316296525007459 ], [ -122.757655236567018, 42.316296318349238 ] ], [ [ -122.829740645990256, 42.316482524628334 ], [ -122.830054248189114, 42.316483143675327 ], [ -122.829803447175223, 42.316482324533212 ], [ -122.829740645990256, 42.316482524628334 ] ], [ [ -122.827677131574831, 42.316472148322958 ], [ -122.827988470309919, 42.31647438978915 ], [ -122.827797009725913, 42.316472866108725 ], [ -122.827677131574831, 42.316472148322958 ] ], [ [ -122.822910621517181, 42.317351880579402 ], [ -122.823945506647135, 42.317353392172826 ], [ -122.822942109130679, 42.317351873320902 ], [ -122.822910621517181, 42.317351880579402 ] ], [ [ -122.811365789401407, 42.317363095202339 ], [ -122.8113713244786, 42.317362723952648 ], [ -122.8113669677671, 42.317362689633882 ], [ -122.811365789401407, 42.317363095202339 ] ], [ [ -122.806497823837176, 42.3164634024482 ], [ -122.807076710400054, 42.317334352636109 ], [ -122.806522813283536, 42.317331099985068 ], [ -122.806497823837176, 42.3164634024482 ] ], [ [ -122.803917656788244, 42.316439851708004 ], [ -122.802735214664537, 42.316411814170216 ], [ -122.802735822945181, 42.316411902956993 ], [ -122.802780485824144, 42.316412993767976 ], [ -122.803917656788244, 42.316439851708004 ] ], [ [ -122.802352662498677, 42.316402933873462 ], [ -122.802733585248049, 42.316411838751407 ], [ -122.802291136264699, 42.31640156539919 ], [ -122.802352662498677, 42.316402933873462 ] ], [ [ -122.828342726751913, 42.301016808561343 ], [ -122.828341626130324, 42.301501795200807 ], [ -122.828341335027446, 42.301630362906366 ], [ -122.828342726751913, 42.301016808561343 ] ], [ [ -122.824743780941077, 42.352832988356113 ], [ -122.824552651688961, 42.352834456018549 ], [ -122.824552651550491, 42.352834456493554 ], [ -122.824743780941077, 42.352832988356113 ] ], [ [ -122.824282673007176, 42.352721424423116 ], [ -122.824283512917916, 42.352722002064979 ], [ -122.824583783643632, 42.352724429709369 ], [ -122.824282673007176, 42.352721424423116 ] ], [ [ -122.82125506046944, 42.351350586958347 ], [ -122.816381828018649, 42.352792142285054 ], [ -122.808149793309497, 42.352755820361985 ], [ -122.81638244980293, 42.35279288386436 ], [ -122.82125506046944, 42.351350586958347 ] ], [ [ -122.807440714946281, 42.350086036506532 ], [ -122.807440988926587, 42.350086883564209 ], [ -122.808096427966206, 42.350094767169317 ], [ -122.807440714946281, 42.350086036506532 ] ], [ [ -122.806598316690256, 42.34665026956533 ], [ -122.80665651498424, 42.346650446395216 ], [ -122.806599852234143, 42.346650273921156 ], [ -122.806598316690256, 42.34665026956533 ] ], [ [ -122.813417871904306, 42.346673816062037 ], [ -122.813461063204628, 42.346674002036224 ], [ -122.813502279039966, 42.346674178902049 ], [ -122.813417871904306, 42.346673816062037 ] ], [ [ -122.816389515540251, 42.348906142522452 ], [ -122.816389374393992, 42.349098204939629 ], [ -122.816389473868668, 42.349098205522374 ], [ -122.816389515540251, 42.348906142522452 ] ], [ [ -122.817233695290312, 42.349150412503569 ], [ -122.816656669626482, 42.349149690899402 ], [ -122.817233697124323, 42.349151275226632 ], [ -122.817233695290312, 42.349150412503569 ] ], [ [ -122.818255312940138, 42.345593869796872 ], [ -122.822927562108475, 42.345609721387497 ], [ -122.816386509614347, 42.345587474983084 ], [ -122.818255312940138, 42.345593869796872 ] ], [ [ -122.816107290596818, 42.344280651536614 ], [ -122.816107294022302, 42.344280144064271 ], [ -122.81610729310124, 42.34428014405654 ], [ -122.816107290596818, 42.344280651536614 ] ], [ [ -122.816005868329626, 42.342377477591398 ], [ -122.814621978753152, 42.341939324277142 ], [ -122.814024477074042, 42.341697355963007 ], [ -122.814622149933967, 42.341939800147429 ], [ -122.816006095916649, 42.342377937865628 ], [ -122.816075709583885, 42.342448092000403 ], [ -122.816116071510933, 42.342453074016554 ], [ -122.816005868329626, 42.342377477591398 ] ], [ [ -122.821672111874619, 42.341164952106602 ], [ -122.82167159503291, 42.341131832502249 ], [ -122.821675798320243, 42.341889175581287 ], [ -122.821672111874619, 42.341164952106602 ] ], [ [ -122.823027763705653, 42.333944987797111 ], [ -122.82302754811866, 42.333940239597034 ], [ -122.823028592152724, 42.334136891880803 ], [ -122.823027763705653, 42.333944987797111 ] ], [ [ -122.823024908842243, 42.332788635994646 ], [ -122.823024907630739, 42.332788636020481 ], [ -122.823024910166978, 42.332789608574828 ], [ -122.823024908842243, 42.332788635994646 ] ], [ [ -122.810943645884052, 42.33706765585567 ], [ -122.810943539012143, 42.337068123237415 ], [ -122.810943771591553, 42.337084467430728 ], [ -122.810943645884052, 42.33706765585567 ] ], [ [ -122.810941200697272, 42.338033600438315 ], [ -122.810941022055971, 42.338099023285899 ], [ -122.810941397029765, 42.338125096763825 ], [ -122.810941200697272, 42.338033600438315 ] ], [ [ -122.810938565256464, 42.339309422488284 ], [ -122.810938085742634, 42.339374244520812 ], [ -122.810938326613567, 42.339375459319569 ], [ -122.810938565256464, 42.339309422488284 ] ], [ [ -122.810935580236475, 42.340428307145544 ], [ -122.810935570064302, 42.340432885631934 ], [ -122.810935619229241, 42.340432997043393 ], [ -122.810935580236475, 42.340428307145544 ] ], [ [ -122.835963931090063, 42.332569444999933 ], [ -122.835962732503788, 42.332783594959714 ], [ -122.835965067338876, 42.33239677807947 ], [ -122.835963931090063, 42.332569444999933 ] ], [ [ -122.835973783588273, 42.331190195390931 ], [ -122.835973769984406, 42.331183811816196 ], [ -122.835973529592678, 42.331223277116152 ], [ -122.835973783588273, 42.331190195390931 ] ], [ [ -122.835970998331163, 42.32812802019366 ], [ -122.835970731900176, 42.328066344715999 ], [ -122.835970951291429, 42.328163082918167 ], [ -122.835970998331163, 42.32812802019366 ] ], [ [ -122.835683841452294, 42.32258560063508 ], [ -122.835682690989699, 42.322683876562721 ], [ -122.835682482244422, 42.322810798348243 ], [ -122.835683841452294, 42.32258560063508 ] ], [ [ -122.836638282286145, 42.321752337360188 ], [ -122.836745529475252, 42.321758987112027 ], [ -122.836624094972379, 42.321751095469644 ], [ -122.836638282286145, 42.321752337360188 ] ], [ [ -122.835690383315466, 42.320059167180027 ], [ -122.835691349934933, 42.320066738465542 ], [ -122.83569712227299, 42.320108663583355 ], [ -122.835690383315466, 42.320059167180027 ] ], [ [ -122.832436068630173, 42.341944514789056 ], [ -122.833577419098702, 42.341937531033317 ], [ -122.832551576835201, 42.341943807954827 ], [ -122.832436068630173, 42.341944514789056 ] ], [ [ -122.831910958136305, 42.341941622519201 ], [ -122.831913226397404, 42.341941636011889 ], [ -122.831912322714032, 42.341941630177452 ], [ -122.831910958136305, 42.341941622519201 ] ], [ [ -122.829381506357038, 42.341927658123993 ], [ -122.829660259786436, 42.341929198594364 ], [ -122.829508874819382, 42.341928361510938 ], [ -122.829381506357038, 42.341927658123993 ] ], [ [ -122.822986393708675, 42.341753767959354 ], [ -122.823034138590032, 42.341754094053407 ], [ -122.823034129138009, 42.341754093504555 ], [ -122.822986393708675, 42.341753767959354 ] ], [ [ -122.849511842832399, 42.374706902283393 ], [ -122.852064170639494, 42.374707428258617 ], [ -122.852065200897684, 42.374706804112371 ], [ -122.849511842832399, 42.374706902283393 ] ], [ [ -122.848386184601424, 42.373562615556622 ], [ -122.849504986245975, 42.37356234249787 ], [ -122.848184681915285, 42.373564327142631 ], [ -122.848386184601424, 42.373562615556622 ] ], [ [ -122.845871177125957, 42.371965035680581 ], [ -122.847646760974243, 42.371965583756712 ], [ -122.848177907701697, 42.371965540765885 ], [ -122.845871177125957, 42.371965035680581 ] ], [ [ -122.841654537708109, 42.367421340298854 ], [ -122.841656405353959, 42.367421973995732 ], [ -122.845856501410239, 42.367427412552217 ], [ -122.841654537708109, 42.367421340298854 ] ], [ [ -122.836026287191444, 42.36275460832092 ], [ -122.829145361797458, 42.362755140826543 ], [ -122.836026290616672, 42.362755227212915 ], [ -122.836026287191444, 42.36275460832092 ] ], [ [ -122.826184529696775, 42.360773916584243 ], [ -122.826185720223805, 42.36077467925508 ], [ -122.829148977358784, 42.360778306649834 ], [ -122.826184529696775, 42.360773916584243 ] ], [ [ -122.823190271606961, 42.360776523318641 ], [ -122.823191379587087, 42.360777348059273 ], [ -122.823741308339024, 42.36025710811159 ], [ -122.823190271606961, 42.360776523318641 ] ], [ [ -122.823184621515963, 42.357079437085886 ], [ -122.823287257631506, 42.357079458805266 ], [ -122.82328746469905, 42.357078731964265 ], [ -122.823184621515963, 42.357079437085886 ] ], [ [ -122.806789046956936, 42.389150307198108 ], [ -122.806832120642923, 42.414554951860843 ], [ -122.806834611182893, 42.403695719689722 ], [ -122.806789046956936, 42.389150307198108 ] ], [ [ -122.797014715390347, 42.389128620907591 ], [ -122.796962720445038, 42.381904023777956 ], [ -122.796939538116376, 42.37087408094235 ], [ -122.796928599923305, 42.368956545337788 ], [ -122.796886032926238, 42.360057555777807 ], [ -122.796885140207692, 42.359981790084369 ], [ -122.796961559736246, 42.38190207799353 ], [ -122.797011194196614, 42.388962115906935 ], [ -122.797014715390347, 42.389128620907591 ] ], [ [ -122.757663642749719, 42.356536894958147 ], [ -122.757663749993, 42.356486248778424 ], [ -122.757664193070994, 42.35601348957757 ], [ -122.757663642749719, 42.356536894958147 ] ], [ [ -122.757664912705962, 42.355257758841049 ], [ -122.757665010195836, 42.355206306835413 ], [ -122.757664939524574, 42.355219783896075 ], [ -122.757664912705962, 42.355257758841049 ] ], [ [ -122.757667194522966, 42.352745332292926 ], [ -122.757667334431829, 42.352648820574124 ], [ -122.757667159135423, 42.352722475200913 ], [ -122.757667194522966, 42.352745332292926 ] ], [ [ -122.757668520143596, 42.332363565752246 ], [ -122.757668617728569, 42.332310251413766 ], [ -122.757668559971776, 42.332002513720276 ], [ -122.757668520143596, 42.332363565752246 ] ], [ [ -122.757656738999984, 42.318125570811368 ], [ -122.757656828917249, 42.318084541317702 ], [ -122.757656509715474, 42.317847105712062 ], [ -122.757656738999984, 42.318125570811368 ] ], [ [ -122.757655931693336, 42.317146808234767 ], [ -122.757655973743539, 42.317144770645989 ], [ -122.757655808414953, 42.31700063591046 ], [ -122.757655931693336, 42.317146808234767 ] ], [ [ -122.741803555355531, 43.544630433503109 ], [ -122.744723138580042, 43.544570606758789 ], [ -122.741803982614996, 43.544558469827123 ], [ -122.741803555355531, 43.544630433503109 ] ], [ [ -122.666762081121448, 43.437958682412649 ], [ -122.740777058021379, 43.437372143319429 ], [ -122.74077903254539, 43.437147384387288 ], [ -122.666762081121448, 43.437958682412649 ] ], [ [ -122.622864210120525, 43.438439840782706 ], [ -122.622175014986752, 43.44011256524211 ], [ -122.622842860630072, 43.440110503657174 ], [ -122.622864210120525, 43.438439840782706 ] ], [ [ -122.271196736089607, 43.440373317362898 ], [ -122.508706442687085, 43.4415041966489 ], [ -122.581095494280405, 43.440239374231467 ], [ -122.271196736089607, 43.440373317362898 ] ], [ [ -122.755217107303835, 42.538329946639642 ], [ -122.755212350993261, 42.538329226090454 ], [ -122.754176653179826, 42.538172363709783 ], [ -122.755217107303835, 42.538329946639642 ] ], [ [ -122.749032800377051, 42.537424000402304 ], [ -122.748921838522506, 42.537422365150221 ], [ -122.748275215766583, 42.537412836400598 ], [ -122.749032800377051, 42.537424000402304 ] ], [ [ -122.748006120439356, 42.537455708087244 ], [ -122.747916421134505, 42.5374699994181 ], [ -122.748275215766583, 42.537412836400598 ], [ -122.748006120439356, 42.537455708087244 ] ], [ [ -122.742767467429502, 42.535310988855507 ], [ -122.742764808903615, 42.534612866228663 ], [ -122.737800162890707, 42.534609163785305 ], [ -122.71871051556974, 42.534534130352654 ], [ -122.717635794029249, 42.534530274904377 ], [ -122.701821344537379, 42.534487547203064 ], [ -122.700168051583617, 42.534483555724243 ], [ -122.699089000672998, 42.534481913744266 ], [ -122.697568699375097, 42.534480391850963 ], [ -122.693529515614102, 42.534477768429269 ], [ -122.688627705844993, 42.53447700875595 ], [ -122.742767467429502, 42.535310988855507 ] ], [ [ -122.757563955669667, 42.636284419881704 ], [ -122.69858199125126, 42.636239857700417 ], [ -122.698480059368691, 42.614124295363062 ], [ -122.6984404381856, 42.607186265967336 ], [ -122.680620797507714, 42.607148805896642 ], [ -122.678588477930319, 42.607144803314142 ], [ -122.673961235165137, 42.607141586396899 ], [ -122.698437215172092, 42.607186328969789 ], [ -122.698578765417253, 42.636239919833486 ], [ -122.728061362821435, 42.636265996979596 ], [ -122.744278222492056, 42.636277072727431 ], [ -122.749881997765641, 42.636280361479294 ], [ -122.757563955669667, 42.636284419881704 ] ], [ [ -122.669079920952711, 42.610780881063029 ], [ -122.672281333548071, 42.610781646985451 ], [ -122.674008263679411, 42.610781989838593 ], [ -122.669079920952711, 42.610780881063029 ] ], [ [ -122.663181033688247, 42.614425334979785 ], [ -122.663177808996906, 42.614425396068413 ], [ -122.669104974406963, 42.614423860388726 ], [ -122.663181033688247, 42.614425334979785 ] ], [ [ -122.649556833497485, 42.619059570367497 ], [ -122.649553608574195, 42.619059631953704 ], [ -122.651000780398206, 42.619058850142409 ], [ -122.649556833497485, 42.619059570367497 ] ], [ [ -122.626566281862935, 42.624419683006849 ], [ -122.626569505914063, 42.624419623020884 ], [ -122.625999084402622, 42.624139591529712 ], [ -122.626566281862935, 42.624419683006849 ] ], [ [ -122.623557862489733, 42.624020775463592 ], [ -122.625051775513484, 42.624229644090406 ], [ -122.622543339729305, 42.623912976340847 ], [ -122.623557862489733, 42.624020775463592 ] ], [ [ -122.604031458799938, 42.632093021583302 ], [ -122.603203650517429, 42.63193892479395 ], [ -122.603516111614667, 42.631999427284434 ], [ -122.604031458799938, 42.632093021583302 ] ], [ [ -122.578877050900019, 42.636207240923277 ], [ -122.541751147230102, 42.635637846832772 ], [ -122.520322963674985, 42.635541984340442 ], [ -122.578877050900019, 42.636207240923277 ] ], [ [ -122.520340235904953, 42.636028515729222 ], [ -122.507970935276305, 42.635960957311333 ], [ -122.513472730553715, 42.635991173627744 ], [ -122.520340235904953, 42.636028515729222 ] ], [ [ -122.498879424090461, 42.636124155298084 ], [ -122.485435735466453, 42.636019690843604 ], [ -122.478582806277899, 42.635959504783649 ], [ -122.498879424090461, 42.636124155298084 ] ], [ [ -122.477634898806073, 42.706851935034123 ], [ -122.477631035965032, 42.706852254012716 ], [ -122.477757735139321, 42.706851653205334 ], [ -122.477634898806073, 42.706851935034123 ] ], [ [ -122.47626334526602, 42.706855072119289 ], [ -122.475206271919348, 42.706857477694378 ], [ -122.476358704927819, 42.706854854870954 ], [ -122.47626334526602, 42.706855072119289 ] ], [ [ -122.474778822878605, 42.706858448384203 ], [ -122.473898116802502, 42.706860441403251 ], [ -122.475206271919348, 42.706857477694378 ], [ -122.474778822878605, 42.706858448384203 ] ], [ [ -122.467094281011526, 42.70687561624554 ], [ -122.466135998297972, 42.706877720076946 ], [ -122.466902472095569, 42.706876846766178 ], [ -122.467094281011526, 42.70687561624554 ] ], [ [ -122.461937315780247, 42.706886844747238 ], [ -122.461935573047086, 42.706886900258127 ], [ -122.46197880043951, 42.706886754826307 ], [ -122.461937315780247, 42.706886844747238 ] ], [ [ -122.458895891059214, 42.706893356916957 ], [ -122.458895301503375, 42.706893533013243 ], [ -122.459001528358712, 42.706893132012901 ], [ -122.458895891059214, 42.706893356916957 ] ], [ [ -122.456856224635885, 42.706897678694197 ], [ -122.455410002443969, 42.706900720855359 ], [ -122.457458279013849, 42.706896407087378 ], [ -122.456856224635885, 42.706897678694197 ] ], [ [ -122.455252917606614, 42.706901050093904 ], [ -122.45484528753056, 42.706901904086756 ], [ -122.455410002443969, 42.706900720855359 ], [ -122.455252917606614, 42.706901050093904 ] ], [ [ -122.452105187043301, 42.706907603325028 ], [ -122.452101323538898, 42.706907979895568 ], [ -122.452320682554443, 42.706907157854879 ], [ -122.452105187043301, 42.706907603325028 ] ], [ [ -122.442723758618399, 42.706924563950771 ], [ -122.442724914867526, 42.706925378394445 ], [ -122.443542114496125, 42.706924403988268 ], [ -122.442723758618399, 42.706924563950771 ] ], [ [ -122.438436955748273, 42.706935064282639 ], [ -122.438430834126791, 42.706936231611586 ], [ -122.438691321927692, 42.706934568584344 ], [ -122.438436955748273, 42.706935064282639 ] ], [ [ -122.434476380119492, 42.706942709756916 ], [ -122.434471315804132, 42.706942890077499 ], [ -122.434556898835282, 42.706942555297651 ], [ -122.434476380119492, 42.706942709756916 ] ], [ [ -122.430649099631651, 42.706949966023878 ], [ -122.429631048912228, 42.706951874593372 ], [ -122.430315106479597, 42.706951087076746 ], [ -122.430649099631651, 42.706949966023878 ] ], [ [ -122.424651700725349, 42.706961078435974 ], [ -122.420583221809963, 42.706968436048129 ], [ -122.42386369447361, 42.706963023128182 ], [ -122.424651700725349, 42.706961078435974 ] ], [ [ -122.420583221809963, 42.706968436048129 ], [ -122.420138753952884, 42.706969231014369 ], [ -122.419851115891589, 42.706976130374457 ], [ -122.420583221809963, 42.706968436048129 ] ], [ [ -122.416556171238156, 42.707061290487758 ], [ -122.416553387660329, 42.707061643304272 ], [ -122.416631877461, 42.707059330496932 ], [ -122.416556171238156, 42.707061290487758 ] ], [ [ -122.415058409849522, 42.707100048335803 ], [ -122.414595739095205, 42.707112017660954 ], [ -122.415010097917204, 42.707101861163451 ], [ -122.415058409849522, 42.707100048335803 ] ], [ [ -122.409400006376671, 42.707246349924333 ], [ -122.409106557633748, 42.707253948535659 ], [ -122.410023339981706, 42.707230229725447 ], [ -122.409400006376671, 42.707246349924333 ] ], [ [ -122.406735913364713, 42.707315304774731 ], [ -122.406732081966069, 42.70731623521052 ], [ -122.407042634657472, 42.707307368961729 ], [ -122.406735913364713, 42.707315304774731 ] ], [ [ -122.406085246141842, 42.707332136548345 ], [ -122.406292570113393, 42.707326951087616 ], [ -122.406321484101568, 42.707326025869783 ], [ -122.406085246141842, 42.707332136548345 ] ], [ [ -122.395603460058084, 42.70749360320508 ], [ -122.395080903326161, 42.707494533143532 ], [ -122.395439592193839, 42.707494478676978 ], [ -122.395603460058084, 42.70749360320508 ] ], [ [ -122.391579991290683, 42.707500699167852 ], [ -122.391593149963768, 42.707501089119667 ], [ -122.391735737402527, 42.707500426806654 ], [ -122.391579991290683, 42.707500699167852 ] ], [ [ -122.390198421453206, 42.707503103197631 ], [ -122.391393014235433, 42.707501087761379 ], [ -122.391397566108026, 42.70750101725379 ], [ -122.390198421453206, 42.707503103197631 ] ], [ [ -122.389698552134334, 42.707503968611753 ], [ -122.389578783086009, 42.707504176127301 ], [ -122.390198421453206, 42.707503103197631 ], [ -122.389698552134334, 42.707503968611753 ] ], [ [ -122.388518940283248, 42.707506002369271 ], [ -122.389470962195745, 42.707505571959032 ], [ -122.389578783086009, 42.707504176127301 ], [ -122.388518940283248, 42.707506002369271 ] ], [ [ -122.38539660019164, 42.707511326766628 ], [ -122.385387062677822, 42.707511754561978 ], [ -122.385560589197922, 42.707511049952601 ], [ -122.38539660019164, 42.707511326766628 ] ], [ [ -122.384124577561366, 42.70751347156159 ], [ -122.383818918710062, 42.707513984059048 ], [ -122.384185985742619, 42.707513367983523 ], [ -122.384124577561366, 42.70751347156159 ] ], [ [ -122.379772712586288, 42.707520700888914 ], [ -122.379771179408152, 42.707521483864575 ], [ -122.380153164344492, 42.707520075545865 ], [ -122.379772712586288, 42.707520700888914 ] ], [ [ -122.378307337782275, 42.707523098519076 ], [ -122.377143703464171, 42.707524987692132 ], [ -122.378373469396621, 42.707522990073613 ], [ -122.378307337782275, 42.707523098519076 ] ], [ [ -122.37655487431465, 42.707525938465373 ], [ -122.375506970037719, 42.707527625900397 ], [ -122.377143703464171, 42.707524987692132 ], [ -122.37655487431465, 42.707525938465373 ] ], [ [ -122.3737161699935, 42.707530483970785 ], [ -122.372333024157285, 42.707532673430762 ], [ -122.373594470691742, 42.70753101743199 ], [ -122.3737161699935, 42.707530483970785 ] ], [ [ -122.370036737781703, 42.70753627115144 ], [ -122.370034072104431, 42.707536346354807 ], [ -122.370098935263911, 42.707536173690897 ], [ -122.370036737781703, 42.70753627115144 ] ], [ [ -122.368565408017531, 42.707538551054895 ], [ -122.368638860094478, 42.707538471150997 ], [ -122.368657344107447, 42.707538409515593 ], [ -122.368565408017531, 42.707538551054895 ] ], [ [ -122.360517035332222, 42.707539597371124 ], [ -122.359846140727157, 42.707537715438022 ], [ -122.360390487312159, 42.70753967039353 ], [ -122.360517035332222, 42.707539597371124 ] ], [ [ -122.34490365660065, 42.707494753154563 ], [ -122.344921345979486, 42.707496059371778 ], [ -122.349641006496967, 42.707508586872336 ], [ -122.34490365660065, 42.707494753154563 ] ], [ [ -122.342625271399044, 42.707490432740208 ], [ -122.344579869918235, 42.707495771008638 ], [ -122.344707919827115, 42.707494383677513 ], [ -122.342625271399044, 42.707490432740208 ] ], [ [ -122.342153773478216, 42.707489532340325 ], [ -122.341846775303381, 42.707489466206724 ], [ -122.342625271399044, 42.707490432740208 ], [ -122.342153773478216, 42.707489532340325 ] ], [ [ -122.341050235194231, 42.707489287783567 ], [ -122.341047450427581, 42.707490562693202 ], [ -122.341285696710088, 42.70748934147538 ], [ -122.341050235194231, 42.707489287783567 ] ], [ [ -122.33890195295902, 42.707488779595124 ], [ -122.338899117545466, 42.707489521773461 ], [ -122.339170744717748, 42.707488845052076 ], [ -122.33890195295902, 42.707488779595124 ] ], [ [ -122.337865117955758, 42.707488519362109 ], [ -122.337219867645842, 42.707488352027859 ], [ -122.337962953120439, 42.707488543919006 ], [ -122.337865117955758, 42.707488519362109 ] ], [ [ -122.334012795189366, 42.707487470094115 ], [ -122.334008855616048, 42.707487734895707 ], [ -122.334151107114494, 42.707487510353559 ], [ -122.334012795189366, 42.707487470094115 ] ], [ [ -122.329568031619104, 42.707486092927333 ], [ -122.329565271815937, 42.707487711710911 ], [ -122.330891642748682, 42.707486521876149 ], [ -122.329568031619104, 42.707486092927333 ] ], [ [ -122.326087647875497, 42.70748489167228 ], [ -122.324826982701325, 42.707484431117543 ], [ -122.326677504969965, 42.70748510282926 ], [ -122.326087647875497, 42.70748489167228 ] ], [ [ -122.313873424409238, 42.707479811787799 ], [ -122.31853758475242, 42.707482257992758 ], [ -122.320138341912994, 42.707482585729224 ], [ -122.313873424409238, 42.707479811787799 ] ], [ [ -122.312872124472008, 42.707479332914488 ], [ -122.311854456446397, 42.707478835848832 ], [ -122.313873424409238, 42.707479811787799 ], [ -122.312872124472008, 42.707479332914488 ] ], [ [ -122.311618315525692, 42.707478719339647 ], [ -122.311690108327923, 42.707479154014962 ], [ -122.311854456446397, 42.707478835848832 ], [ -122.311618315525692, 42.707478719339647 ] ], [ [ -122.311618315525692, 42.707478719339647 ], [ -122.30964805661732, 42.70747772749705 ], [ -122.311174516495953, 42.707479041262026 ], [ -122.311618315525692, 42.707478719339647 ] ], [ [ -122.309299120332184, 42.707477548689361 ], [ -122.30777909150234, 42.707476754930809 ], [ -122.30964805661732, 42.70747772749705 ], [ -122.309299120332184, 42.707477548689361 ] ], [ [ -122.307089786689431, 42.707476389592109 ], [ -122.305971532629499, 42.70747578344767 ], [ -122.30777909150234, 42.707476754930809 ], [ -122.307089786689431, 42.707476389592109 ] ], [ [ -122.305410508000804, 42.707475475884415 ], [ -122.303507072944527, 42.707474398514009 ], [ -122.305971532629499, 42.70747578344767 ], [ -122.305410508000804, 42.707475475884415 ] ], [ [ -122.301010424381943, 42.707472959310905 ], [ -122.30085946775236, 42.707472870085098 ], [ -122.300958693969449, 42.707473101851527 ], [ -122.301010424381943, 42.707472959310905 ] ], [ [ -122.296146463082536, 42.707470114149004 ], [ -122.29620982493968, 42.707471614015098 ], [ -122.297002404520711, 42.707470536109227 ], [ -122.296146463082536, 42.707470114149004 ] ], [ [ -122.294284508812822, 42.707468811686816 ], [ -122.295491813411957, 42.707470462468855 ], [ -122.295662820314206, 42.707469695061839 ], [ -122.294284508812822, 42.707468811686816 ] ], [ [ -122.292521664397938, 42.707467659510847 ], [ -122.291968369624769, 42.707467291558189 ], [ -122.292118711679237, 42.707468092257784 ], [ -122.292521664397938, 42.707467659510847 ] ], [ [ -122.291442069907291, 42.70746693903191 ], [ -122.290761434391229, 42.707466480308497 ], [ -122.291968369624769, 42.707467291558189 ], [ -122.291442069907291, 42.70746693903191 ] ], [ [ -122.289232805834175, 42.707465434866371 ], [ -122.289277284344024, 42.707466208962074 ], [ -122.290761434391229, 42.707466480308497 ], [ -122.289232805834175, 42.707465434866371 ] ], [ [ -122.289232805834175, 42.707465434866371 ], [ -122.28821360264385, 42.707464726173782 ], [ -122.288736227646183, 42.707465979242158 ], [ -122.289232805834175, 42.707465434866371 ] ], [ [ -122.284986114145525, 42.707462422915384 ], [ -122.284439573810275, 42.707462022337921 ], [ -122.284440187465336, 42.707462779463441 ], [ -122.284986114145525, 42.707462422915384 ] ], [ [ -122.284431707046679, 42.707462016572109 ], [ -122.284264481108707, 42.707461894006705 ], [ -122.284429844156492, 42.707462019491388 ], [ -122.284431707046679, 42.707462016572109 ] ], [ [ -122.284387722567544, 42.566263573079233 ], [ -122.284701406982037, 42.474505527455456 ], [ -122.287828583320277, 42.474372246547489 ], [ -122.284387722567544, 42.566263573079233 ] ], [ [ -122.866633010762627, 42.518583199468296 ], [ -122.866632549290699, 42.518589302602528 ], [ -122.866636327310701, 42.518581846271182 ], [ -122.866633010762627, 42.518583199468296 ] ], [ [ -122.834387986456477, 42.52379172300121 ], [ -122.843894580919965, 42.525539658217667 ], [ -122.839034889933743, 42.524523135746144 ], [ -122.838159285512234, 42.524342745958108 ], [ -122.837629550693407, 42.524239164135516 ], [ -122.836967067155285, 42.524111864756435 ], [ -122.835810784620591, 42.523944579416622 ], [ -122.835245862291529, 42.523881623208965 ], [ -122.834391204859685, 42.523791656894794 ], [ -122.834183579123476, 42.523778428840139 ], [ -122.8334032875579, 42.523732224361041 ], [ -122.833271700070867, 42.523728258441572 ], [ -122.832700723412941, 42.52371347703172 ], [ -122.811469246349404, 42.523776884894033 ], [ -122.810806023511219, 42.523349663951002 ], [ -122.807783591195474, 42.523365724913447 ], [ -122.811466027956556, 42.523776951223965 ], [ -122.834387986456477, 42.52379172300121 ] ], [ [ -122.791654968065075, 42.53317762735761 ], [ -122.800461139896612, 42.534598405765045 ], [ -122.800072859210587, 42.534463398912663 ], [ -122.796724668421518, 42.533415539863043 ], [ -122.79652794979711, 42.533360252117369 ], [ -122.796330936022045, 42.533310948146571 ], [ -122.79610784541272, 42.533262272169786 ], [ -122.795944365887507, 42.533234531175175 ], [ -122.795747347760212, 42.533211141647641 ], [ -122.795573150672851, 42.533199324169587 ], [ -122.795339631466632, 42.533192974859155 ], [ -122.795223052564069, 42.533190069742183 ], [ -122.791849648996489, 42.533173974061505 ], [ -122.791654968065075, 42.53317762735761 ] ], [ [ -122.776546283997334, 42.538618486864792 ], [ -122.776968147867791, 42.538678677628347 ], [ -122.776855992472221, 42.538639552892086 ], [ -122.776546283997334, 42.538618486864792 ] ], [ [ -122.774071239271791, 42.538683462102483 ], [ -122.773849621279837, 42.538680628815676 ], [ -122.774068018819008, 42.538683527356326 ], [ -122.774439127634665, 42.538720372170438 ], [ -122.774832987378844, 42.53874105307154 ], [ -122.775100576735284, 42.53874520739101 ], [ -122.775439130606685, 42.538743128331866 ], [ -122.774836207833857, 42.538740987795194 ], [ -122.774442348088996, 42.538720306905681 ], [ -122.774071239271791, 42.538683462102483 ] ], [ [ -122.769852247678259, 42.539613478351306 ], [ -122.768347529903437, 42.539306711242389 ], [ -122.768108273198834, 42.539177219150687 ], [ -122.767619794036918, 42.53884687596554 ], [ -122.767504198924641, 42.538776431126053 ], [ -122.767431102761677, 42.538735909190784 ], [ -122.767257879845261, 42.538650495730906 ], [ -122.76708371191252, 42.538578252224369 ], [ -122.766931801478094, 42.538528790359983 ], [ -122.766769704552402, 42.538486742121094 ], [ -122.76663070230353, 42.538463063011115 ], [ -122.766480296463314, 42.538443776267883 ], [ -122.766356013271988, 42.538434359950195 ], [ -122.766215085429408, 42.538430748229182 ], [ -122.76708049142367, 42.538578316373219 ], [ -122.768238622898735, 42.539253327662664 ], [ -122.768344310626546, 42.539306776302283 ], [ -122.768454900029766, 42.539356784102687 ], [ -122.768721516101607, 42.53945359542876 ], [ -122.769015432841329, 42.539530965107311 ], [ -122.769135536316611, 42.539555860766491 ], [ -122.76924723909535, 42.539575545884269 ], [ -122.769350962654357, 42.539590162884494 ], [ -122.769494508012627, 42.53960442380717 ], [ -122.769600500860207, 42.539611005517514 ], [ -122.76972367606885, 42.539614619911617 ], [ -122.769852247678259, 42.539613478351306 ] ], [ [ -122.760324195822847, 42.5384874685152 ], [ -122.761105292089226, 42.538660720585696 ], [ -122.760811178479287, 42.53858568415874 ], [ -122.760515731555742, 42.5385163213084 ], [ -122.760398583091131, 42.538496789565563 ], [ -122.760324195822847, 42.5384874685152 ] ], [ [ -122.76029265424873, 42.538483516217468 ], [ -122.760274748857469, 42.538481987071954 ], [ -122.760324181956491, 42.538487466777696 ], [ -122.76029265424873, 42.538483516217468 ] ], [ [ -122.757256987484993, 42.538495390738063 ], [ -122.75773147206597, 42.538531291902089 ], [ -122.757992648754268, 42.538550067716287 ], [ -122.757256987484993, 42.538495390738063 ] ], [ [ -122.811660239322464, 42.485000559784311 ], [ -122.807766535507383, 42.485002235095962 ], [ -122.807762425708333, 42.485002237436255 ], [ -122.811660239322464, 42.485000559784311 ] ], [ [ -122.80776283899111, 42.484981863464341 ], [ -122.807772846593423, 42.483657769249305 ], [ -122.807772295505202, 42.483452495731896 ], [ -122.80776283899111, 42.484981863464341 ] ], [ [ -122.807771971721195, 42.483331889908058 ], [ -122.807771971195891, 42.483331694233691 ], [ -122.807731191725878, 42.483331808771339 ], [ -122.807771971721195, 42.483331889908058 ] ], [ [ -122.806424729640383, 42.483335352840776 ], [ -122.806404231924233, 42.48333540493573 ], [ -122.806404229333609, 42.48333558079878 ], [ -122.806424729640383, 42.483335352840776 ] ], [ [ -122.806401445459414, 42.483524561899308 ], [ -122.806400717200788, 42.483573999066373 ], [ -122.806398109493117, 42.484256387801381 ], [ -122.806401445459414, 42.483524561899308 ] ], [ [ -122.813648975805819, 42.465480651375913 ], [ -122.810686476025694, 42.465280325195977 ], [ -122.810593258960452, 42.466307895300879 ], [ -122.813648975805819, 42.465480651375913 ] ], [ [ -122.806358200367313, 42.614509874251262 ], [ -122.801743654171517, 42.614479912400405 ], [ -122.801764458795162, 42.610867177559854 ], [ -122.806358200367313, 42.614509874251262 ] ], [ [ -122.806407357465247, 42.610884933058706 ], [ -122.807544787356079, 42.610156287328905 ], [ -122.808525749413761, 42.609978780226612 ], [ -122.807878677200392, 42.610057395346246 ], [ -122.807541564300337, 42.610156353546579 ], [ -122.807365087442946, 42.610228518452601 ], [ -122.806724853869355, 42.610567008547505 ], [ -122.806657839636273, 42.610617623707746 ], [ -122.806597073978537, 42.610669394616181 ], [ -122.806511773612641, 42.610754565881166 ], [ -122.806454524111317, 42.610821577882099 ], [ -122.806407357465247, 42.610884933058706 ] ], [ [ -122.809883218795463, 42.609692116486663 ], [ -122.809879999075662, 42.609691563946207 ], [ -122.809879275366825, 42.610226490942836 ], [ -122.809883218795463, 42.609692116486663 ] ], [ [ -122.809839348292485, 42.607269088985802 ], [ -122.812172844061337, 42.610220951278848 ], [ -122.811953992010487, 42.610135344060545 ], [ -122.811877406309335, 42.610110217913792 ], [ -122.810348156289777, 42.609643502209579 ], [ -122.809897935576487, 42.609560103422616 ], [ -122.809839348292485, 42.607269088985802 ] ], [ [ -122.814085306110101, 42.607280232381719 ], [ -122.814083860235911, 42.606733366180819 ], [ -122.81408208346005, 42.607280223954071 ], [ -122.814085306110101, 42.607280232381719 ] ], [ [ -122.816568365226544, 42.589130156766537 ], [ -122.816406363076425, 42.605354860229326 ], [ -122.816540072282507, 42.605032389140099 ], [ -122.816729242453334, 42.591218632682683 ], [ -122.816700639601891, 42.59099737289462 ], [ -122.816602448997216, 42.590394730944254 ], [ -122.816585080960181, 42.590051478082721 ], [ -122.816575032960785, 42.589150129198906 ], [ -122.816568365226544, 42.589130156766537 ] ], [ [ -122.823766288415698, 42.591767814155709 ], [ -122.823754006278463, 42.591768065441109 ], [ -122.823754006081174, 42.591768066057867 ], [ -122.823766288415698, 42.591767814155709 ] ], [ [ -122.823476892257361, 42.591995001248186 ], [ -122.823452283555838, 42.591995505273736 ], [ -122.823452282749301, 42.591995505903725 ], [ -122.823476892257361, 42.591995001248186 ] ], [ [ -122.831292922476536, 42.603668245044823 ], [ -122.832251228840548, 42.603670161471349 ], [ -122.832251378567747, 42.603670089482897 ], [ -122.831292922476536, 42.603668245044823 ] ], [ [ -122.833529736177198, 42.607374277510502 ], [ -122.83620740683115, 42.607365863932351 ], [ -122.836207408440956, 42.607365807936056 ], [ -122.833529736177198, 42.607374277510502 ] ], [ [ -122.831291135242338, 42.60820243873475 ], [ -122.832134576519721, 42.608202796359798 ], [ -122.832596975186263, 42.608205357264545 ], [ -122.833519490280636, 42.608207403526357 ], [ -122.832137800694809, 42.608202730290515 ], [ -122.831291135242338, 42.60820243873475 ] ], [ [ -122.831270904188216, 42.61456884039535 ], [ -122.821016846806515, 42.614570971161498 ], [ -122.816506617466089, 42.614573230991553 ], [ -122.821013623492362, 42.614571036877365 ], [ -122.824803690386261, 42.614571061238642 ], [ -122.828884628801518, 42.614569743028596 ], [ -122.831270904188216, 42.61456884039535 ] ], [ [ -122.821478908265973, 42.63266256460399 ], [ -122.811633711392673, 42.629069515617815 ], [ -122.806352496773073, 42.629073771805075 ], [ -122.80635414554196, 42.628985259658847 ], [ -122.806378975211288, 42.628812011309357 ], [ -122.806383000483635, 42.628703343925068 ], [ -122.80635141188111, 42.628226076648779 ], [ -122.806382423042791, 42.628012787395789 ], [ -122.806493819576446, 42.627759428375214 ], [ -122.80672387334964, 42.627105801398535 ], [ -122.806761257954804, 42.626946300003866 ], [ -122.806918496005537, 42.626705861303236 ], [ -122.806948206783673, 42.626642781360736 ], [ -122.807247910470949, 42.625718295343916 ], [ -122.807355958696888, 42.625184750398503 ], [ -122.807355837064705, 42.625089475973525 ], [ -122.80739834246792, 42.624881128860203 ], [ -122.80741965425976, 42.624684184825824 ], [ -122.807541210874405, 42.624457609105519 ], [ -122.807588706120157, 42.624327091830665 ], [ -122.80779629164509, 42.623597477083521 ], [ -122.807962168730128, 42.622890277179792 ], [ -122.808038793130436, 42.622503908464033 ], [ -122.808035947625541, 42.622466706096951 ], [ -122.807984899477461, 42.622356677288565 ], [ -122.807995181639697, 42.622348653658058 ], [ -122.808040905930071, 42.622345117092287 ], [ -122.808065189977071, 42.62233420294573 ], [ -122.808034880737836, 42.622228014435045 ], [ -122.80799815973549, 42.622231367894919 ], [ -122.806379197768749, 42.628012852706583 ], [ -122.806348187813057, 42.628226141932963 ], [ -122.806349272659148, 42.629073837089301 ], [ -122.811634570526593, 42.632674128523071 ], [ -122.821478908265973, 42.63266256460399 ] ], [ [ -122.806734964723589, 42.621728795544556 ], [ -122.808105595806325, 42.622093719752463 ], [ -122.808103069612599, 42.622026040818113 ], [ -122.808085180241605, 42.62192480964729 ], [ -122.808087831050273, 42.621901310384843 ], [ -122.808146584901962, 42.621868853740281 ], [ -122.808153051285927, 42.621853091387955 ], [ -122.808146124642676, 42.621762058417673 ], [ -122.808157978744347, 42.621742488690693 ], [ -122.807718493756894, 42.62173661416557 ], [ -122.806980093030191, 42.621730584048635 ], [ -122.806738188440178, 42.621728730249259 ], [ -122.806736842390919, 42.619258803864831 ], [ -122.805782631984385, 42.618918427430287 ], [ -122.806611431425907, 42.614504596281698 ], [ -122.805779407201271, 42.61891849272304 ], [ -122.806734964723589, 42.621728795544556 ] ], [ [ -122.81227784527654, 42.611132171972002 ], [ -122.811905290402194, 42.610812853092533 ], [ -122.811676079446286, 42.610772599665104 ], [ -122.811902066063794, 42.610812918565429 ], [ -122.812163994596091, 42.611092812578569 ], [ -122.81219610080646, 42.611113445273524 ], [ -122.812223724014274, 42.611124706034992 ], [ -122.812250733043896, 42.611129925970175 ], [ -122.81227784527654, 42.611132171972002 ] ], [ [ -122.812712363593661, 42.611101666261256 ], [ -122.812709140457684, 42.611101731732248 ], [ -122.812565209075473, 42.611330625124914 ], [ -122.812712363593661, 42.611101666261256 ] ], [ [ -122.912574775564053, 42.77477790717181 ], [ -122.873486405619147, 42.774497111263621 ], [ -122.854018432917812, 42.774528736581537 ], [ -122.912574775564053, 42.77477790717181 ] ], [ [ -122.852817974514608, 42.774530720481586 ], [ -122.853581150811991, 42.781689036091905 ], [ -122.852821212963249, 42.774530715066817 ], [ -122.852817974514608, 42.774530720481586 ] ], [ [ -122.852132319193728, 42.781606436704365 ], [ -122.852102827544712, 42.781604775979226 ], [ -122.852240095207634, 42.781612599840301 ], [ -122.852132319193728, 42.781606436704365 ] ], [ [ -122.84721688839042, 42.781326075716308 ], [ -122.846796546482977, 42.781302332497198 ], [ -122.847618213725966, 42.781349165375467 ], [ -122.84721688839042, 42.781326075716308 ] ], [ [ -122.83958635858653, 42.780891369174405 ], [ -122.842081881726912, 42.781033608284147 ], [ -122.841523139842792, 42.78100149196618 ], [ -122.83958635858653, 42.780891369174405 ] ], [ [ -122.837366897693954, 42.780764277643414 ], [ -122.835988094743513, 42.780686275792185 ], [ -122.838705193925065, 42.780841144726558 ], [ -122.837366897693954, 42.780764277643414 ] ], [ [ -122.834106813049615, 42.780579046468418 ], [ -122.835871877960372, 42.780679651671527 ], [ -122.834688006938904, 42.780611669841697 ], [ -122.834106813049615, 42.780579046468418 ] ], [ [ -122.833644944963609, 42.78056122430921 ], [ -122.832445073052241, 42.780550133084951 ], [ -122.826914474040336, 42.780502680588803 ], [ -122.833644944963609, 42.78056122430921 ] ], [ [ -122.821268977601747, 42.780452833071735 ], [ -122.819738183895396, 42.780440258933751 ], [ -122.822016331279656, 42.780460074991375 ], [ -122.821268977601747, 42.780452833071735 ] ], [ [ -122.807067612619335, 42.779558637133327 ], [ -122.803295634805195, 42.779119631326495 ], [ -122.802936301311306, 42.779078867645225 ], [ -122.807067612619335, 42.779558637133327 ] ], [ [ -122.799862811444768, 42.778721275951284 ], [ -122.795095806539351, 42.778168340184727 ], [ -122.800998372185632, 42.7788538145115 ], [ -122.799862811444768, 42.778721275951284 ] ], [ [ -122.794667643038792, 42.778119056890382 ], [ -122.794723742594016, 42.789546912769907 ], [ -122.794742997895355, 42.792624776949339 ], [ -122.794678934515048, 42.779400671027688 ], [ -122.794667643038792, 42.778119056890382 ] ], [ [ -122.788656593625873, 42.792626540667861 ], [ -122.785932842343811, 42.792627830815455 ], [ -122.790851973794119, 42.792626073659562 ], [ -122.788656593625873, 42.792626540667861 ] ], [ [ -122.785390656660695, 42.79262808763022 ], [ -122.775016143463631, 42.806693569890079 ], [ -122.775170441479929, 42.827457186216222 ], [ -122.775033858526285, 42.808671254759972 ], [ -122.784821930734012, 42.808660337626272 ], [ -122.785390656660695, 42.79262808763022 ] ], [ [ -122.775179238528366, 42.82867240624217 ], [ -122.775174630513106, 42.828035860218513 ], [ -122.775176003649889, 42.828672401337172 ], [ -122.775179238528366, 42.82867240624217 ] ], [ [ -122.774777917982107, 42.828671797724894 ], [ -122.772226474942784, 42.828667211031153 ], [ -122.766974087788597, 42.828659964874561 ], [ -122.774777917982107, 42.828671797724894 ] ], [ [ -122.764711647889243, 42.828655280209098 ], [ -122.763246087001505, 42.828654312152679 ], [ -122.765454052577681, 42.828657660063868 ], [ -122.764711647889243, 42.828655280209098 ] ], [ [ -122.762975787065031, 42.828653902300182 ], [ -122.757428041288179, 42.828644937515541 ], [ -122.756186409354541, 42.82864360764863 ], [ -122.762975787065031, 42.828653902300182 ] ], [ [ -122.746680758814009, 42.823289265382677 ], [ -122.736457820519561, 42.823496568631654 ], [ -122.736478622124295, 42.837994672509396 ], [ -122.73646105402824, 42.82349650542519 ], [ -122.756102096073448, 42.823191159520178 ], [ -122.746680758814009, 42.823289265382677 ] ], [ [ -122.724640553964591, 42.837964075021979 ], [ -122.735805161456057, 42.837992931836908 ], [ -122.733827787212945, 42.837987610684038 ], [ -122.724640553964591, 42.837964075021979 ] ], [ [ -122.716493942737273, 42.838892059364476 ], [ -122.716364349825625, 42.852522337091877 ], [ -122.716508359638169, 42.837942797006967 ], [ -122.716493942737273, 42.838892059364476 ] ], [ [ -122.714840952854416, 42.852522037200721 ], [ -122.714716153191205, 42.852522108845513 ], [ -122.714915936012758, 42.852522136511929 ], [ -122.714840952854416, 42.852522037200721 ] ], [ [ -122.696538401252269, 42.866977355265035 ], [ -122.696632858650702, 42.853859032664083 ], [ -122.696640636236197, 42.852519607161526 ], [ -122.696590448066189, 42.859054581252337 ], [ -122.696538401252269, 42.866977355265035 ] ], [ [ -122.693057046555737, 42.866981936377563 ], [ -122.692192437496331, 42.866983259500252 ], [ -122.693727537601788, 42.866981173980825 ], [ -122.693057046555737, 42.866981936377563 ] ], [ [ -122.677239835151553, 42.86700126410792 ], [ -122.676951827897554, 42.87697078073726 ], [ -122.676820357555087, 42.881463212334218 ], [ -122.676823594397973, 42.881463230592772 ], [ -122.677239835151553, 42.86700126410792 ] ], [ [ -122.668906943597023, 42.881418340285236 ], [ -122.668159868785381, 42.881414359753848 ], [ -122.670131268937638, 42.881425480143982 ], [ -122.668906943597023, 42.881418340285236 ] ], [ [ -122.659058623609823, 42.881362846393877 ], [ -122.656004544937161, 42.881345793242673 ], [ -122.659938817448975, 42.881367985941516 ], [ -122.659058623609823, 42.881362846393877 ] ], [ [ -122.637930649672043, 42.88124033129926 ], [ -122.637818970226661, 42.895105870375268 ], [ -122.63780702210444, 42.897097777531158 ], [ -122.637933887010647, 42.881240350719054 ], [ -122.637930649672043, 42.88124033129926 ] ], [ [ -122.599822812492931, 42.895976266785027 ], [ -122.599964034102669, 42.908861228002763 ], [ -122.599995549185749, 42.911086407208884 ], [ -122.599822812492931, 42.895976266785027 ] ], [ [ -122.579712777361848, 42.911104189631637 ], [ -122.579655669786291, 42.924887375037812 ], [ -122.579658910707948, 42.924887386486844 ], [ -122.579712777361848, 42.911104189631637 ] ], [ [ -122.578737252631257, 42.924883227221912 ], [ -122.578218090230237, 42.924882296573685 ], [ -122.579588757862226, 42.924887138661468 ], [ -122.578737252631257, 42.924883227221912 ] ], [ [ -122.577728623158023, 42.924880567458175 ], [ -122.564281310385255, 42.924831797845016 ], [ -122.560129778734961, 42.924818396880596 ], [ -122.577728623158023, 42.924880567458175 ] ], [ [ -122.559919903296759, 42.935390588472806 ], [ -122.559923143049573, 42.935390529564962 ], [ -122.559901844075497, 42.924817661117302 ], [ -122.559919903296759, 42.935390588472806 ] ], [ [ -122.558589815172127, 42.939394912650947 ], [ -122.558072088193882, 42.939394870446051 ], [ -122.558856549443178, 42.939395311368472 ], [ -122.558589815172127, 42.939394912650947 ] ], [ [ -122.555126826744072, 42.93939320180035 ], [ -122.55511806487624, 42.939393210077057 ], [ -122.555148138009088, 42.939393226980286 ], [ -122.555126826744072, 42.93939320180035 ] ], [ [ -122.551586649224134, 42.939391109009975 ], [ -122.551460369033222, 42.939391154194531 ], [ -122.551717564994789, 42.93939129875676 ], [ -122.551586649224134, 42.939391109009975 ] ], [ [ -122.539909009811566, 42.939384721679936 ], [ -122.539706685677871, 42.939391777222106 ], [ -122.539910358695664, 42.939384728825708 ], [ -122.539909009811566, 42.939384721679936 ] ], [ [ -122.524883170741958, 42.939904555026537 ], [ -122.524068980917733, 42.939932939976849 ], [ -122.525147707455233, 42.939895609419381 ], [ -122.524883170741958, 42.939904555026537 ] ], [ [ -122.520460844352485, 42.940057752394729 ], [ -122.520460842652852, 42.940057803536575 ], [ -122.520511072278055, 42.940056065287351 ], [ -122.520460844352485, 42.940057752394729 ] ], [ [ -122.520351929835599, 42.773512805942268 ], [ -122.540249749325255, 42.773540574247164 ], [ -122.579432904528105, 42.773416937973771 ], [ -122.58798314138707, 42.773485911708349 ], [ -122.589433230836121, 42.773494431978712 ], [ -122.579433790000891, 42.773414420623482 ], [ -122.520351929835599, 42.773512805942268 ] ], [ [ -122.599453143866313, 42.766345916671419 ], [ -122.594498525511909, 42.766284513118904 ], [ -122.589460444891216, 42.76622442449618 ], [ -122.599453143866313, 42.766345916671419 ] ], [ [ -122.599218263767213, 42.737110421700308 ], [ -122.637263601940603, 42.738650634986854 ], [ -122.637637594049068, 42.753166327191245 ], [ -122.65838868398113, 42.752367561034923 ], [ -122.637638476727261, 42.753163808499998 ], [ -122.637264484451762, 42.738648117217728 ], [ -122.62864144239083, 42.738063063560567 ], [ -122.618587382665226, 42.737734921588483 ], [ -122.599218263767213, 42.737110421700308 ] ], [ [ -122.67531001273278, 42.70867171661456 ], [ -122.677406519025055, 42.708614864845117 ], [ -122.65894726985006, 42.709082691945376 ], [ -122.67531001273278, 42.70867171661456 ] ], [ [ -122.669483979290646, 42.672287692662941 ], [ -122.669478642854955, 42.672284894323504 ], [ -122.663752579189804, 42.672027257428404 ], [ -122.669483979290646, 42.672287692662941 ] ], [ [ -122.662458778967874, 42.674164330236607 ], [ -122.662457898507924, 42.674166849017176 ], [ -122.662438899027819, 42.674240923348904 ], [ -122.662458778967874, 42.674164330236607 ] ], [ [ -122.62521091763351, 42.683894685122645 ], [ -122.625211799842987, 42.683892167527247 ], [ -122.625136504365756, 42.683206621624429 ], [ -122.62521091763351, 42.683894685122645 ] ], [ [ -122.598747641177951, 42.695140457268863 ], [ -122.598787385136291, 42.695009267018769 ], [ -122.598747494341566, 42.695140544051071 ], [ -122.598747641177951, 42.695140457268863 ] ], [ [ -122.598172495790848, 42.695989649634249 ], [ -122.598263852608014, 42.695485168418266 ], [ -122.598142230706074, 42.69657419758741 ], [ -122.598172495790848, 42.695989649634249 ] ], [ [ -122.579244034882791, 42.692327260486927 ], [ -122.579313000613652, 42.699511144794485 ], [ -122.579479355110593, 42.699902724142703 ], [ -122.589109102735151, 42.700011350699491 ], [ -122.588938824507977, 42.701487170101316 ], [ -122.588841534917705, 42.702587488131279 ], [ -122.589109986676931, 42.700008832473145 ], [ -122.57948024067673, 42.69990020597119 ], [ -122.579244034882791, 42.692327260486927 ] ], [ [ -122.57404170839348, 42.705661902768249 ], [ -122.57440918672043, 42.704590984798635 ], [ -122.574544252888529, 42.704197335921741 ], [ -122.57404170839348, 42.705661902768249 ] ], [ [ -122.543753336206066, 42.713956167527861 ], [ -122.543739658074031, 42.713948834120558 ], [ -122.543751188861961, 42.713957714529386 ], [ -122.543753336206066, 42.713956167527861 ] ], [ [ -122.51824354171471, 42.706949383853065 ], [ -122.518246122030888, 42.706949364984752 ], [ -122.518229136265575, 42.706949466940621 ], [ -122.51824354171471, 42.706949383853065 ] ], [ [ -122.5034954085789, 42.707036917025953 ], [ -122.505079901613101, 42.70702835058804 ], [ -122.505598711541822, 42.707024550825288 ], [ -122.5034954085789, 42.707036917025953 ] ], [ [ -122.502925130425595, 42.70704053284674 ], [ -122.503353521867894, 42.707037750484439 ], [ -122.502592536850941, 42.707042213043522 ], [ -122.502925130425595, 42.70704053284674 ] ], [ [ -122.500122618699422, 42.707056663754599 ], [ -122.50114457618578, 42.707051083259529 ], [ -122.501384310409819, 42.707049289115616 ], [ -122.500122618699422, 42.707056663754599 ] ], [ [ -122.499668122770856, 42.707059585346485 ], [ -122.499981559817073, 42.707057487948383 ], [ -122.499403355078471, 42.707060862809136 ], [ -122.499668122770856, 42.707059585346485 ] ], [ [ -122.498332238070176, 42.707067106569099 ], [ -122.499281500019634, 42.707062224875315 ], [ -122.49936080794005, 42.707061111095776 ], [ -122.498332238070176, 42.707067106569099 ] ], [ [ -122.497808165893332, 42.707062307871219 ], [ -122.497822601890306, 42.707062465078501 ], [ -122.497803692383016, 42.707062255277684 ], [ -122.497808165893332, 42.707062307871219 ] ], [ [ -122.487663998981702, 42.706948894833417 ], [ -122.490873191574281, 42.706984822848007 ], [ -122.491124300688327, 42.706987584811962 ], [ -122.487663998981702, 42.706948894833417 ] ], [ [ -122.28347277320718, 42.910930083919254 ], [ -122.283580152154514, 42.881556005640093 ], [ -122.283712805972812, 42.820693797775398 ], [ -122.28347277320718, 42.910930083919254 ] ], [ [ -122.165237952585827, 43.06796667234525 ], [ -122.076830088143112, 43.06788854038065 ], [ -122.283053855868502, 43.068098981419446 ], [ -122.165237952585827, 43.06796667234525 ] ], [ [ -122.520104325135648, 42.940055223070523 ], [ -122.479427071319165, 42.939955536756138 ], [ -122.460435957248777, 42.940122860005502 ], [ -122.520104325135648, 42.940055223070523 ] ], [ [ -122.460435957248777, 42.940122860005502 ], [ -122.460348626864501, 42.945538832730051 ], [ -122.460328237775713, 42.946994928290032 ], [ -122.460435957248777, 42.940122860005502 ] ], [ [ -122.460274139635004, 42.950445882293735 ], [ -122.460249934395378, 42.951952333697442 ], [ -122.46024676471005, 42.9521920720412 ], [ -122.460274139635004, 42.950445882293735 ] ], [ [ -122.458046885170347, 42.954496878505651 ], [ -122.460210652038953, 42.954495548724204 ], [ -122.460210652039265, 42.954495548703591 ], [ -122.458046885170347, 42.954496878505651 ] ], [ [ -122.451797928465325, 42.954506624610097 ], [ -122.451991231360424, 42.954506387993298 ], [ -122.455040896555587, 42.954502607667536 ], [ -122.451797928465325, 42.954506624610097 ] ], [ [ -122.440423875040622, 42.955456160204122 ], [ -122.440431336383369, 42.957197210678359 ], [ -122.440422788417422, 42.955062734584381 ], [ -122.440423875040622, 42.955456160204122 ] ], [ [ -122.440440474736747, 42.959724548454602 ], [ -122.44047907301676, 42.969115960392593 ], [ -122.440434746771516, 42.958048783486866 ], [ -122.440440474736747, 42.959724548454602 ] ], [ [ -122.44047907301676, 42.969115960392593 ], [ -122.437530012664297, 42.969112742815142 ], [ -122.435660778627863, 42.969111508788345 ], [ -122.44047907301676, 42.969115960392593 ] ], [ [ -122.427236158436074, 42.969102075037462 ], [ -122.420771506126385, 42.96909775264286 ], [ -122.429995953851659, 42.969106275077408 ], [ -122.427236158436074, 42.969102075037462 ] ], [ [ -122.420771506126385, 42.96909775264286 ], [ -122.420795178023312, 42.972291120892706 ], [ -122.42080860160435, 42.973953139058438 ], [ -122.420771506126385, 42.96909775264286 ] ], [ [ -122.420817595307639, 42.975130257284071 ], [ -122.420812471621417, 42.974459659268703 ], [ -122.420815617545841, 42.974908331500941 ], [ -122.420817595307639, 42.975130257284071 ] ], [ [ -122.42082347702808, 42.975900059278608 ], [ -122.420827122011346, 42.976512525557169 ], [ -122.420833964897469, 42.977272692035278 ], [ -122.42082347702808, 42.975900059278608 ] ], [ [ -122.417642260472647, 42.983467331594966 ], [ -122.418072263967417, 42.983469724606451 ], [ -122.417955135673523, 42.983468730197025 ], [ -122.417642260472647, 42.983467331594966 ] ], [ [ -122.400968883004367, 42.98337464721309 ], [ -122.403026110808867, 42.983385263691098 ], [ -122.400968885952139, 42.983374541665142 ], [ -122.400968883004367, 42.98337464721309 ] ], [ [ -122.400899788131696, 42.985768084817607 ], [ -122.40086452602614, 42.987043435269449 ], [ -122.400924869124538, 42.984922031830706 ], [ -122.400899788131696, 42.985768084817607 ] ], [ [ -122.400858040204653, 42.987271444460887 ], [ -122.400844867879101, 42.987701924229505 ], [ -122.400829459931373, 42.988276174496413 ], [ -122.400858040204653, 42.987271444460887 ] ], [ [ -122.400792258346883, 42.989583959270412 ], [ -122.400777515215339, 42.990078757710442 ], [ -122.400767334880911, 42.990460103411102 ], [ -122.400792258346883, 42.989583959270412 ] ], [ [ -122.400734223707744, 42.991624053838571 ], [ -122.400628867813467, 42.995300459694533 ], [ -122.400591708499562, 42.99663361074559 ], [ -122.400734223707744, 42.991624053838571 ] ], [ [ -122.398378691588022, 42.996632102638806 ], [ -122.394784314877597, 42.996631823597525 ], [ -122.400591708499562, 42.99663361074559 ], [ -122.398378691588022, 42.996632102638806 ] ], [ [ -122.394784314877597, 42.996631823597525 ], [ -122.38931770632243, 42.996629099812921 ], [ -122.386470568199485, 42.996628741517817 ], [ -122.392158954225536, 42.996631205601609 ], [ -122.394784314877597, 42.996631823597525 ] ], [ [ -122.383543292425756, 42.996627861264741 ], [ -122.383543292454334, 42.996627862164125 ], [ -122.386454837831153, 42.99662873644278 ], [ -122.383543292425756, 42.996627861264741 ] ], [ [ -122.38275456071996, 42.996627169527137 ], [ -122.380346473684725, 42.996625565907095 ], [ -122.379265461501092, 42.996625914321946 ], [ -122.38275456071996, 42.996627169527137 ] ], [ [ -122.368841607900791, 42.996621206334055 ], [ -122.37110206671629, 42.996622330322033 ], [ -122.378967018788586, 42.996625591094308 ], [ -122.370346410304847, 42.996620386249703 ], [ -122.368841607900791, 42.996621206334055 ] ], [ [ -122.365982540958981, 42.996619608494036 ], [ -122.36529064963608, 42.996617582389561 ], [ -122.361993280295835, 42.996616968040357 ], [ -122.365982540958981, 42.996619608494036 ] ], [ [ -122.36177426441553, 42.996616823075833 ], [ -122.360560218126764, 42.996614782903229 ], [ -122.357515780069278, 42.996614004425432 ], [ -122.36177426441553, 42.996616823075833 ] ], [ [ -122.35562911442625, 42.996612755659292 ], [ -122.353198752589492, 42.996610364506573 ], [ -122.351770236953683, 42.99661020150473 ], [ -122.35562911442625, 42.996612755659292 ] ], [ [ -122.344138934385825, 42.996604590178251 ], [ -122.343378992737527, 42.996604647419048 ], [ -122.348125782807443, 42.99660778927484 ], [ -122.3457941160312, 42.996605337433579 ], [ -122.344138934385825, 42.996604590178251 ] ], [ [ -122.341718082804036, 42.996603674463792 ], [ -122.341318120954654, 42.996603468255266 ], [ -122.342739380624138, 42.996604692083878 ], [ -122.341718082804036, 42.996603674463792 ] ], [ [ -122.322921057787752, 42.996587058082902 ], [ -122.325708015502784, 42.99659002659066 ], [ -122.325712091188649, 42.996590030100187 ], [ -122.322921057787752, 42.996587058082902 ] ], [ [ -122.321238300584227, 42.996586313561352 ], [ -122.321943248620315, 42.99658767781866 ], [ -122.320639049666909, 42.996585152398765 ], [ -122.321238300584227, 42.996586313561352 ] ], [ [ -122.319326976687208, 42.996585238748025 ], [ -122.319494968839606, 42.996585228305356 ], [ -122.320639049666909, 42.996585152398765 ], [ -122.319326976687208, 42.996585238748025 ] ], [ [ -122.317788814062666, 42.996583212649874 ], [ -122.31916242110492, 42.996585022955678 ], [ -122.319326976687208, 42.996585238748025 ], [ -122.317788814062666, 42.996583212649874 ] ], [ [ -122.449046228358796, 43.748705026295212 ], [ -122.449240479025335, 43.748541711345482 ], [ -122.448946621034111, 43.748788769859829 ], [ -122.449046228358796, 43.748705026295212 ] ], [ [ -121.413104745365601, 42.013145266847765 ], [ -121.413669856621325, 42.013122313238924 ], [ -121.413413337764382, 42.017553292782573 ], [ -121.413104745365601, 42.013145266847765 ] ], [ [ -121.398543758811584, 42.020521267375919 ], [ -121.398558526741311, 42.013542710840369 ], [ -121.398543711623148, 42.020521267651915 ], [ -121.398543758811584, 42.020521267375919 ] ], [ [ -121.398566790146376, 42.009649959542863 ], [ -121.414263235856055, 42.009556686269931 ], [ -121.412020471196001, 42.009541481421969 ], [ -121.398566790146376, 42.009649959542863 ] ], [ [ -121.596343835128735, 42.019910778727102 ], [ -121.596343833628666, 42.019910762557551 ], [ -121.596320139889031, 42.022465171761851 ], [ -121.596343835128735, 42.019910778727102 ] ], [ [ -121.604358222559796, 42.021808681206075 ], [ -121.604353377944406, 42.021809009476371 ], [ -121.604388364844851, 42.021806532831903 ], [ -121.604358222559796, 42.021808681206075 ] ], [ [ -121.604577931902952, 42.021792071180208 ], [ -121.604797200273964, 42.021772857660395 ], [ -121.604943134734114, 42.02175859700224 ], [ -121.604577931902952, 42.021792071180208 ] ], [ [ -121.605307011509595, 42.021717881570027 ], [ -121.604973076754248, 42.021755247310963 ], [ -121.605309700839896, 42.02171754872807 ], [ -121.605307011509595, 42.021717881570027 ] ], [ [ -121.605452166869838, 42.021699559464615 ], [ -121.605443825123118, 42.021700632950548 ], [ -121.605488627006423, 42.02169475961032 ], [ -121.605452166869838, 42.021699559464615 ] ], [ [ -121.605813760370836, 42.021648792448481 ], [ -121.605810709645525, 42.021649246754301 ], [ -121.60583663378253, 42.021645304783611 ], [ -121.605813760370836, 42.021648792448481 ] ], [ [ -121.610025035716987, 42.022637061019346 ], [ -121.61002506826955, 42.022637060685824 ], [ -121.607300365442939, 42.021730103446728 ], [ -121.610025035716987, 42.022637061019346 ] ], [ [ -121.590417076427798, 42.025740896705003 ], [ -121.590724112492509, 42.027628002281645 ], [ -121.590401769336054, 42.02093921025007 ], [ -121.590417076427798, 42.025740896705003 ] ], [ [ -121.59329463812378, 42.021830575522337 ], [ -121.593294672986246, 42.021830586264258 ], [ -121.594482279505826, 42.021929499616895 ], [ -121.59329463812378, 42.021830575522337 ] ], [ [ -121.594939613160619, 42.022191190080122 ], [ -121.594994437736148, 42.022235991191486 ], [ -121.594946958930862, 42.022195393387662 ], [ -121.594939613160619, 42.022191190080122 ] ], [ [ -121.840472028394913, 42.210997608050953 ], [ -121.825119103162933, 42.211013174903819 ], [ -121.823131572787872, 42.210031782175243 ], [ -121.821294896416674, 42.210029907944822 ], [ -121.827983563503452, 42.213709020183117 ], [ -121.835657486209954, 42.213729788640151 ], [ -121.840472028394913, 42.210997608050953 ] ], [ [ -121.79631754460172, 42.210126855127022 ], [ -121.796287775772228, 42.213683125421248 ], [ -121.7963175462707, 42.210126932447608 ], [ -121.820957523461871, 42.210015902562809 ], [ -121.821604181122453, 42.2090701242279 ], [ -121.79631754460172, 42.210126855127022 ] ], [ [ -121.791227482908553, 42.213704165831665 ], [ -121.791386448467179, 42.213723134581997 ], [ -121.796287775772228, 42.213683125421248 ], [ -121.791227482908553, 42.213704165831665 ] ], [ [ -121.790475128107275, 42.213711756408003 ], [ -121.790253851298402, 42.213704630840844 ], [ -121.791227482908553, 42.213704165831665 ], [ -121.790475128107275, 42.213711756408003 ] ], [ [ -121.78973151456195, 42.213703840056517 ], [ -121.789731514877289, 42.213703842461157 ], [ -121.790253851298402, 42.213704630840844 ], [ -121.78973151456195, 42.213703840056517 ] ], [ [ -121.759109308830816, 42.205501071303118 ], [ -121.759123862070822, 42.205508666307686 ], [ -121.759398711438322, 42.205501905392296 ], [ -121.759109308830816, 42.205501071303118 ] ], [ [ -121.599965501889372, 42.183032799411876 ], [ -121.596043831988425, 42.191903674732252 ], [ -121.599748116273588, 42.185320203806327 ], [ -121.599965501889372, 42.183032799411876 ] ], [ [ -121.57514080073669, 42.191340601955453 ], [ -121.575140814292055, 42.19134061798561 ], [ -121.575140880635402, 42.191340628047378 ], [ -121.57514080073669, 42.191340601955453 ] ], [ [ -121.561566522244206, 42.179254799198496 ], [ -121.569936315464361, 42.185185637653802 ], [ -121.574369371371233, 42.190428326664886 ], [ -121.569936409407859, 42.185185616944878 ], [ -121.561566522244206, 42.179254799198496 ] ], [ [ -121.551526686672233, 42.17390332363734 ], [ -121.558764396185069, 42.176880649149041 ], [ -121.559193147960428, 42.177471187191742 ], [ -121.551526686672233, 42.17390332363734 ] ], [ [ -121.542224535413894, 42.174346317615594 ], [ -121.542224512274444, 42.174346337028823 ], [ -121.544118913390648, 42.173688681942807 ], [ -121.542224535413894, 42.174346317615594 ] ], [ [ -121.524710034466395, 42.171035415926191 ], [ -121.539370265282258, 42.175475763199032 ], [ -121.540662962203172, 42.175234161913878 ], [ -121.524710034466395, 42.171035415926191 ] ], [ [ -121.508783592695266, 42.169618443468643 ], [ -121.519427081974882, 42.17030893231528 ], [ -121.496886738548255, 42.164044646653181 ], [ -121.508783592695266, 42.169618443468643 ] ], [ [ -121.492912228595841, 42.158565568876867 ], [ -121.492912324569772, 42.158565525735547 ], [ -121.493540866507502, 42.155137526342443 ], [ -121.492912228595841, 42.158565568876867 ] ], [ [ -121.486910181324617, 42.144113017746882 ], [ -121.491554143812991, 42.146831485705491 ], [ -121.486910181387415, 42.144113003373754 ], [ -121.486910181324617, 42.144113017746882 ] ], [ [ -121.448031369738516, 42.224532315752583 ], [ -121.447563631818568, 42.307547724625259 ], [ -121.448031456910371, 42.224532319488624 ], [ -121.467080842869237, 42.224370425694694 ], [ -121.467316964253243, 42.137028233373563 ], [ -121.486941177343695, 42.136996673290312 ], [ -121.467316918676019, 42.137028178927913 ], [ -121.467080727872641, 42.22437042222154 ], [ -121.448031369738516, 42.224532315752583 ] ], [ [ -121.788543967538445, 42.21371812814423 ], [ -121.789269363811371, 42.21371784402217 ], [ -121.788544550549304, 42.213718123929247 ], [ -121.788543967538445, 42.21371812814423 ] ], [ [ -121.779709605330552, 42.204632100470057 ], [ -121.786092987455916, 42.21021734761257 ], [ -121.781799044852406, 42.205335400337574 ], [ -121.779709605330552, 42.204632100470057 ] ], [ [ -121.778145552878257, 42.204650328420186 ], [ -121.777421427925319, 42.202744903422165 ], [ -121.777420842563416, 42.202744905807762 ], [ -121.778144968802735, 42.204650335290815 ], [ -121.779709605330552, 42.204632100470057 ], [ -121.778145552878257, 42.204650328420186 ] ], [ [ -121.782010419643498, 42.205024520444567 ], [ -121.782320198215146, 42.204946892869714 ], [ -121.782010319236008, 42.205024406518511 ], [ -121.782010419643498, 42.205024520444567 ] ], [ [ -121.786543421995162, 42.205228629324004 ], [ -121.786542837914936, 42.205228636239752 ], [ -121.786567597484463, 42.20642679940746 ], [ -121.786543421995162, 42.205228629324004 ] ], [ [ -121.786323507179333, 42.20523114126226 ], [ -121.786312113326062, 42.204707939221827 ], [ -121.786322918300527, 42.205231150032319 ], [ -121.786323507179333, 42.20523114126226 ] ], [ [ -121.781779348221676, 42.200434411064336 ], [ -121.784531407654484, 42.204728261636795 ], [ -121.784588902081239, 42.201990894703748 ], [ -121.781779348221676, 42.200434411064336 ] ], [ [ -121.786600105251495, 42.200400020732175 ], [ -121.786603608739696, 42.199827493723788 ], [ -121.78660303170345, 42.199827036518222 ], [ -121.786600105251495, 42.200400020732175 ] ], [ [ -121.788769732270737, 42.201146483308086 ], [ -121.790159278473467, 42.199212284160645 ], [ -121.788554451638248, 42.201370127213885 ], [ -121.788769732270737, 42.201146483308086 ] ], [ [ -121.789533679158083, 42.199211429614266 ], [ -121.789668408038494, 42.199212201873188 ], [ -121.789534263256641, 42.19921142627873 ], [ -121.789533679158083, 42.199211429614266 ] ], [ [ -121.788327078797238, 42.199196426107839 ], [ -121.787149329078972, 42.199184775227742 ], [ -121.78922239626624, 42.199211484351913 ], [ -121.788327078797238, 42.199196426107839 ] ], [ [ -121.786606534668621, 42.199192771026965 ], [ -121.78660711623327, 42.199192762341454 ], [ -121.786601386860383, 42.198915450240086 ], [ -121.786606534668621, 42.199192771026965 ] ], [ [ -121.788350534285172, 42.198842150284399 ], [ -121.788351120663506, 42.198842140633012 ], [ -121.788359638872095, 42.198451196824472 ], [ -121.788350534285172, 42.198842150284399 ] ], [ [ -121.789552807137753, 42.197968317243379 ], [ -121.790487414756413, 42.197297915663263 ], [ -121.788906954457318, 42.198442964088414 ], [ -121.789552807137753, 42.197968317243379 ] ], [ [ -121.79108144951465, 42.19687294826349 ], [ -121.790876108335041, 42.197293887007788 ], [ -121.790876693546679, 42.197293880054389 ], [ -121.79108144951465, 42.19687294826349 ] ], [ [ -121.791456295589768, 42.197035234757664 ], [ -121.791434267931663, 42.195884240421648 ], [ -121.791454506556875, 42.197155097529375 ], [ -121.791456295589768, 42.197035234757664 ] ], [ [ -121.794156612353717, 42.195378251065101 ], [ -121.795383412918284, 42.194490815858323 ], [ -121.792815326682984, 42.196570444946268 ], [ -121.794156612353717, 42.195378251065101 ] ], [ [ -121.795399789203358, 42.194501986818644 ], [ -121.796125617897857, 42.19501527706182 ], [ -121.795396499148438, 42.194499660894948 ], [ -121.795399789203358, 42.194501986818644 ] ], [ [ -121.800133934846087, 42.192602905122051 ], [ -121.800134518821423, 42.19260289903233 ], [ -121.8021743662066, 42.191788290817421 ], [ -121.800133934846087, 42.192602905122051 ] ], [ [ -121.81104035771331, 42.197840205265543 ], [ -121.811128562597645, 42.199112490821051 ], [ -121.810994027450064, 42.194060641285084 ], [ -121.81104035771331, 42.197840205265543 ] ], [ [ -121.815562794478353, 42.195081385952328 ], [ -121.815565437701849, 42.194885156791663 ], [ -121.815563536208046, 42.195493531729646 ], [ -121.815562794478353, 42.195081385952328 ] ], [ [ -121.814664059341467, 42.191746297445285 ], [ -121.815867261303126, 42.194881602133947 ], [ -121.815850685642033, 42.192550497133041 ], [ -121.814664059341467, 42.191746297445285 ] ], [ [ -121.816029969957455, 42.191758740491345 ], [ -121.816022109399327, 42.19127140431106 ], [ -121.816029385834341, 42.191758739474025 ], [ -121.816029969957455, 42.191758740491345 ] ], [ [ -121.8184411522749, 42.19368673371622 ], [ -121.818473473355184, 42.191776319135144 ], [ -121.818472883108029, 42.191776314608077 ], [ -121.8184411522749, 42.19368673371622 ] ], [ [ -121.819531720700184, 42.191778617891181 ], [ -121.819518367649451, 42.191452800659363 ], [ -121.819531136636058, 42.191778619589805 ], [ -121.819531720700184, 42.191778617891181 ] ], [ [ -121.835739743881589, 42.195508519950614 ], [ -121.835739159821728, 42.195508523534492 ], [ -121.835770096987531, 42.199249940740899 ], [ -121.835739743881589, 42.195508519950614 ] ], [ [ -121.825808802105527, 42.195515105498941 ], [ -121.825815582747481, 42.191946175700473 ], [ -121.825808217985468, 42.195515106332266 ], [ -121.825808802105527, 42.195515105498941 ] ], [ [ -121.821842474577593, 42.191781580823076 ], [ -121.821830704889834, 42.191378250787707 ], [ -121.821843524687722, 42.191944447699392 ], [ -121.821842474577593, 42.191781580823076 ] ], [ [ -121.821035684598158, 42.191379606710036 ], [ -121.821021990531406, 42.190938173422907 ], [ -121.821021985269581, 42.190937989130276 ], [ -121.821021403958767, 42.190938170663671 ], [ -121.821035684598158, 42.191379606710036 ] ], [ [ -121.821574873636337, 42.190699513611598 ], [ -121.821576985347576, 42.190937497715566 ], [ -121.821577569383621, 42.190937495106844 ], [ -121.821574873636337, 42.190699513611598 ] ], [ [ -121.820994345191167, 42.190084334400503 ], [ -121.820992871960698, 42.190031138935893 ], [ -121.821014324326597, 42.190701785691409 ], [ -121.820994345191167, 42.190084334400503 ] ], [ [ -121.821414494894, 42.189972299377779 ], [ -121.821406903852207, 42.18964202669796 ], [ -121.821412751313062, 42.190028771449725 ], [ -121.821414494894, 42.189972299377779 ] ], [ [ -121.82071958689022, 42.18840771375497 ], [ -121.819600253450162, 42.187177967110486 ], [ -121.820739549865081, 42.18965220469304 ], [ -121.82071958689022, 42.18840771375497 ] ], [ [ -121.815935505344811, 42.186718725548381 ], [ -121.815921328626516, 42.184482164975158 ], [ -121.818155215322875, 42.187414630538342 ], [ -121.815935505344811, 42.186718725548381 ] ], [ [ -121.814495099294362, 42.184478167663073 ], [ -121.815653036869747, 42.184481801595567 ], [ -121.813526872756754, 42.184468179684707 ], [ -121.814495099294362, 42.184478167663073 ] ], [ [ -121.813387789886292, 42.184472199668207 ], [ -121.811243101493289, 42.184456765475716 ], [ -121.813526872756754, 42.184468179684707 ], [ -121.813387789886292, 42.184472199668207 ] ], [ [ -121.811884420541745, 42.18813176507399 ], [ -121.811875550825064, 42.187710731412629 ], [ -121.811883997812316, 42.188129960793468 ], [ -121.811884420541745, 42.18813176507399 ] ], [ [ -121.811635038590921, 42.188124920277637 ], [ -121.811634744802447, 42.188124922925716 ], [ -121.811884420541745, 42.18813176507399 ], [ -121.811635038590921, 42.188124920277637 ] ], [ [ -121.809917488267061, 42.188120342094955 ], [ -121.80991793474567, 42.187707172859284 ], [ -121.811133577023696, 42.188129901259245 ], [ -121.809917488267061, 42.188120342094955 ] ], [ [ -121.808019520795227, 42.186303785966381 ], [ -121.807273937778263, 42.186293969871244 ], [ -121.8085850789288, 42.188110425120527 ], [ -121.808019520795227, 42.186303785966381 ] ], [ [ -121.806084838318029, 42.18809749976942 ], [ -121.806010126568836, 42.18667429872945 ], [ -121.807233776527013, 42.188100200279962 ], [ -121.806084838318029, 42.18809749976942 ] ], [ [ -121.802332522273232, 42.184416511838499 ], [ -121.801665323552029, 42.180767319083564 ], [ -121.801978214227574, 42.186670598805676 ], [ -121.802332522273232, 42.184416511838499 ] ], [ [ -121.786036225562242, 42.190053597380249 ], [ -121.786103466639929, 42.189962729857413 ], [ -121.786047129635307, 42.19003879811185 ], [ -121.786036225562242, 42.190053597380249 ] ], [ [ -121.785040506602755, 42.19132576463474 ], [ -121.785297268326204, 42.191103697607467 ], [ -121.785137958700105, 42.191223637240228 ], [ -121.785040506602755, 42.19132576463474 ] ], [ [ -121.787253917109311, 42.183618845790555 ], [ -121.78725333203046, 42.183618852724386 ], [ -121.786501491918315, 42.187839553009169 ], [ -121.785141973604809, 42.189727124337587 ], [ -121.784821281927563, 42.19163692807021 ], [ -121.786502075829461, 42.187839546093684 ], [ -121.787253917109311, 42.183618845790555 ] ], [ [ -121.777805409938594, 42.190614613650055 ], [ -121.777805237066644, 42.190614445717195 ], [ -121.778117782596794, 42.190919199314777 ], [ -121.777805409938594, 42.190614613650055 ] ], [ [ -121.782115641155116, 42.191424263059432 ], [ -121.782093161405427, 42.191414969774804 ], [ -121.784321718139779, 42.192336549435517 ], [ -121.782115641155116, 42.191424263059432 ] ], [ [ -121.683366337838308, 42.190645888808589 ], [ -121.678156869470669, 42.193056904972423 ], [ -121.683395018600848, 42.194361770626926 ], [ -121.683366337838308, 42.190645888808589 ] ], [ [ -121.634763448887554, 42.173971550980809 ], [ -121.642959322622119, 42.17784114056775 ], [ -121.641441946206299, 42.177113597578931 ], [ -121.634763448887554, 42.173971550980809 ] ], [ [ -121.629338101071994, 42.171438066348664 ], [ -121.629348637362611, 42.171444021164262 ], [ -121.629338108965797, 42.171438066476888 ], [ -121.629338101071994, 42.171438066348664 ] ], [ [ -121.811152396607724, 42.184456112720362 ], [ -121.811152356979534, 42.184455903663064 ], [ -121.811152354278249, 42.184456112332022 ], [ -121.811152396607724, 42.184456112720362 ] ], [ [ -121.658957774004477, 42.082450391738341 ], [ -121.657989890800678, 42.082451643457077 ], [ -121.657989892132207, 42.082451644542495 ], [ -121.658957774004477, 42.082450391738341 ] ], [ [ -121.658353179920439, 42.08274778129411 ], [ -121.65932735406281, 42.126161187577004 ], [ -121.65932746964711, 42.126161188269215 ], [ -121.658874138986164, 42.083172305393731 ], [ -121.658353179920439, 42.08274778129411 ] ], [ [ -121.620131914724837, 42.125926453761082 ], [ -121.620019915254645, 42.096958294763311 ], [ -121.620131913464292, 42.125926453753536 ], [ -121.620131914724837, 42.125926453761082 ] ], [ [ -121.560767858172099, 42.082313426034183 ], [ -121.619963379135697, 42.082330453980958 ], [ -121.560767856650827, 42.082313339727087 ], [ -121.560621178928699, 42.111277767228479 ], [ -121.541046860806702, 42.111315091394474 ], [ -121.560621179689591, 42.11127781038293 ], [ -121.560767858172099, 42.082313426034183 ] ], [ [ -121.521756444611768, 42.067726173478256 ], [ -121.521741381324546, 42.111226124166222 ], [ -121.521741382072491, 42.111226124183801 ], [ -121.521756444611768, 42.067726173478256 ] ], [ [ -121.49339960481133, 42.067727317259468 ], [ -121.465042500854835, 42.06772846105131 ], [ -121.461074248263714, 42.064010506593604 ], [ -121.437912811569689, 42.064074302293292 ], [ -121.465042501546677, 42.06772850420505 ], [ -121.49339960481133, 42.067727317259468 ] ], [ [ -121.43293419611669, 42.064086369821041 ], [ -121.374311985376892, 42.064212350838389 ], [ -121.437912811569689, 42.064074302293292 ], [ -121.43293419611669, 42.064086369821041 ] ], [ [ -121.336061490677309, 42.04097683162437 ], [ -121.333860957357928, 42.021100965735307 ], [ -121.336061375494026, 42.040976875671149 ], [ -121.374311985376892, 42.064212350838389 ], [ -121.336061490677309, 42.04097683162437 ] ], [ [ -121.793242657686605, 42.180794147376282 ], [ -121.790097788467349, 42.182546268313899 ], [ -121.790097416983954, 42.182546332520815 ], [ -121.790098372345952, 42.182546262278144 ], [ -121.793243241528472, 42.180794140424581 ], [ -121.794838493971596, 42.180177788126514 ], [ -121.793242657686605, 42.180794147376282 ] ], [ [ -121.799164297944046, 42.178073900628078 ], [ -121.805338387663028, 42.169249948232036 ], [ -121.815837814930461, 42.168579734333662 ], [ -121.816123934064763, 42.168526062596136 ], [ -121.816408511557341, 42.168468037362921 ], [ -121.828579496000415, 42.164794893535543 ], [ -121.838447385320222, 42.157883699373684 ], [ -121.853223554180985, 42.143233409973625 ], [ -121.85333736278757, 42.143092232856453 ], [ -121.853448709294454, 42.142949974822002 ], [ -121.854861705919092, 42.140591968376036 ], [ -121.855025258348846, 42.139041627853572 ], [ -121.853723872352475, 42.128109808351873 ], [ -121.8536821865561, 42.128004530583048 ], [ -121.852636248601556, 42.126331131544376 ], [ -121.849093320098106, 42.123700011679311 ], [ -121.846409753375042, 42.122568775353457 ], [ -121.844229653613766, 42.120795031667946 ], [ -121.842642500031204, 42.115522679636705 ], [ -121.858437550284393, 42.104902538268007 ], [ -121.860748258699857, 42.101615632034232 ], [ -121.861227518323972, 42.098042962002154 ], [ -121.84264191682864, 42.115522686853531 ], [ -121.844229069152675, 42.120795038908305 ], [ -121.846351505049185, 42.122534597749116 ], [ -121.85263566650309, 42.126331138799948 ], [ -121.853702742426918, 42.128057111448854 ], [ -121.853411285339746, 42.14299752032602 ], [ -121.828578912318051, 42.164794900677052 ], [ -121.816123350344654, 42.168526069670705 ], [ -121.805337803934648, 42.169249955248674 ], [ -121.802649058803112, 42.170250666729515 ], [ -121.801448053326936, 42.171553788589918 ], [ -121.801420328267213, 42.17160464445675 ], [ -121.801367839164428, 42.171707218176579 ], [ -121.799163712920546, 42.178073907626001 ], [ -121.797409778328685, 42.179602933015111 ], [ -121.799164297944046, 42.178073900628078 ] ], [ [ -121.731380519862554, 42.181078886270178 ], [ -121.731380527019894, 42.181078704534769 ], [ -121.729881598266232, 42.182252864094337 ], [ -121.731380519862554, 42.181078886270178 ] ], [ [ -121.70784945003966, 42.177435408903349 ], [ -121.707849450773679, 42.177435446756697 ], [ -121.717709553949334, 42.177344114907889 ], [ -121.70784945003966, 42.177435408903349 ] ], [ [ -121.7183840608769, 42.174815349307288 ], [ -121.71838529981882, 42.174813934951857 ], [ -121.717747143999119, 42.175569753027993 ], [ -121.7183840608769, 42.174815349307288 ] ], [ [ -121.722545112939898, 42.175946894851016 ], [ -121.722539259308306, 42.176229020872455 ], [ -121.722539335134769, 42.176229021680484 ], [ -121.722545112939898, 42.175946894851016 ] ], [ [ -121.723480292179673, 42.176239048832457 ], [ -121.724328735138798, 42.176248090122122 ], [ -121.724328765918429, 42.176248044896525 ], [ -121.723480292179673, 42.176239048832457 ] ], [ [ -121.72473077138477, 42.175657361712439 ], [ -121.725892678577551, 42.173950092616359 ], [ -121.725892570699529, 42.173950091923636 ], [ -121.72473077138477, 42.175657361712439 ] ], [ [ -121.722825188642176, 42.173580047758243 ], [ -121.737377309737852, 42.173616552603619 ], [ -121.722822089959465, 42.173715334313883 ], [ -121.722825188642176, 42.173580047758243 ] ], [ [ -121.737373092144409, 42.172774954647224 ], [ -121.737373092079906, 42.172774941773653 ], [ -121.736594631301614, 42.172268346893127 ], [ -121.737373092144409, 42.172774954647224 ] ], [ [ -121.727965094882393, 42.158813624984823 ], [ -121.727965095755877, 42.15881360716913 ], [ -121.727720400713807, 42.158715925065302 ], [ -121.727965094882393, 42.158813624984823 ] ], [ [ -121.726987483420501, 42.153541299930289 ], [ -121.726987496369375, 42.153541299891863 ], [ -121.726995385486902, 42.153144559372478 ], [ -121.726987483420501, 42.153541299930289 ] ], [ [ -121.72722016727792, 42.151734678933721 ], [ -121.727612886109668, 42.151729428751608 ], [ -121.72761285493776, 42.151729367959206 ], [ -121.72722016727792, 42.151734678933721 ] ], [ [ -121.727574644823221, 42.151654849362622 ], [ -121.725762341279321, 42.148120335834427 ], [ -121.725762239164752, 42.148120335496031 ], [ -121.727574644823221, 42.151654849362622 ] ], [ [ -121.72456696447334, 42.148116349758716 ], [ -121.72424593967007, 42.146563259186223 ], [ -121.724566884509613, 42.148116349493463 ], [ -121.72456696447334, 42.148116349758716 ] ], [ [ -121.729663060476497, 42.141203839663561 ], [ -121.722084336785272, 42.14122655072385 ], [ -121.722084371693114, 42.14122661810142 ], [ -121.729663060476497, 42.141203839663561 ] ], [ [ -121.731382752433589, 42.144446190941295 ], [ -121.731382784830501, 42.144446252022377 ], [ -121.732343301475254, 42.14444745369142 ], [ -121.731382752433589, 42.144446190941295 ] ], [ [ -121.732705283766023, 42.146984148815207 ], [ -121.732783631351396, 42.147130155144268 ], [ -121.732711306927897, 42.144447937476123 ], [ -121.732705283766023, 42.146984148815207 ] ], [ [ -121.740876556368008, 42.151739978189724 ], [ -121.741148537522974, 42.152049764097029 ], [ -121.740876568114373, 42.15173997825562 ], [ -121.740876556368008, 42.151739978189724 ] ], [ [ -121.745031442424903, 42.156472218477354 ], [ -121.74503160604371, 42.156472404825308 ], [ -121.744820590989335, 42.155519622053689 ], [ -121.745031442424903, 42.156472218477354 ] ], [ [ -121.74480952877785, 42.155469673162436 ], [ -121.744809522007969, 42.155469642594518 ], [ -121.744200630338668, 42.154778625196478 ], [ -121.74480952877785, 42.155469673162436 ] ], [ [ -121.742413004976285, 42.139920753319466 ], [ -121.742373771579466, 42.126218698659585 ], [ -121.742373722967585, 42.126218699195427 ], [ -121.742413004976285, 42.139920753319466 ] ], [ [ -121.737423876797521, 42.082335140355006 ], [ -121.737604352402741, 42.126271253934718 ], [ -121.737423932905159, 42.082335140262636 ], [ -121.737423876797521, 42.082335140355006 ] ], [ [ -121.706793954637078, 42.180179624169583 ], [ -121.706903859988046, 42.180247552640061 ], [ -121.706903860231222, 42.180247552419317 ], [ -121.706793954637078, 42.180179624169583 ] ], [ [ -121.704150071315482, 42.178926050426107 ], [ -121.704316640731861, 42.179034369889926 ], [ -121.704048143115941, 42.178847743376537 ], [ -121.704150071315482, 42.178926050426107 ] ], [ [ -121.703998857416238, 42.178805914923558 ], [ -121.704010206431477, 42.178815555397243 ], [ -121.703982999316111, 42.178791502001374 ], [ -121.703998857416238, 42.178805914923558 ] ], [ [ -121.697974110154604, 42.184725388366729 ], [ -121.697974188520703, 42.184725388344098 ], [ -121.698020516181629, 42.177344815333221 ], [ -121.697974110154604, 42.184725388366729 ] ], [ [ -121.680385080470941, 42.184730430536789 ], [ -121.680385182286955, 42.184730466585918 ], [ -121.687367733524283, 42.18472845060603 ], [ -121.680385080470941, 42.184730430536789 ] ], [ [ -121.409020314272894, 42.194455137403772 ], [ -121.408888137740703, 42.194406295894851 ], [ -121.409135117400268, 42.194491333134053 ], [ -121.409020314272894, 42.194455137403772 ] ], [ [ -121.408905127338571, 42.195072458936927 ], [ -121.39413695225636, 42.19508470858257 ], [ -121.40890512793662, 42.195072482262525 ], [ -121.408905127338571, 42.195072458936927 ] ], [ [ -121.399020021299592, 42.206450133513499 ], [ -121.399019964327096, 42.206450132925916 ], [ -121.399044557270216, 42.209022161640824 ], [ -121.399020021299592, 42.206450133513499 ] ], [ [ -121.401530224182764, 42.209578760475537 ], [ -121.399049806206449, 42.209571102901187 ], [ -121.39904980631691, 42.209571114452331 ], [ -121.401530224182764, 42.209578760475537 ] ], [ [ -121.40877167415168, 42.206095392065158 ], [ -121.413882655797153, 42.206210082477973 ], [ -121.40877167258391, 42.206095326019536 ], [ -121.40877167415168, 42.206095392065158 ] ], [ [ -121.413331362310871, 42.193826570608692 ], [ -121.414010890680501, 42.193511615143862 ], [ -121.414010890911854, 42.193511592232873 ], [ -121.413331362310871, 42.193826570608692 ] ], [ [ -121.810984668194422, 42.193500610489174 ], [ -121.812276824390182, 42.193504848939689 ], [ -121.812351451560687, 42.19350509046032 ], [ -121.810984668194422, 42.193500610489174 ] ], [ [ -121.781493884190851, 42.198967971284937 ], [ -121.781543749245742, 42.199864866295904 ], [ -121.7815036386624, 42.199143325580472 ], [ -121.781493884190851, 42.198967971284937 ] ], [ [ -121.845418330337651, 42.235521797479016 ], [ -121.845382193793881, 42.242895877963733 ], [ -121.845396296919958, 42.242895826651242 ], [ -121.845418330337651, 42.235521797479016 ] ], [ [ -121.827945270687238, 42.233418144714278 ], [ -121.827676320400002, 42.23324864730241 ], [ -121.828213032542536, 42.233603487803762 ], [ -121.827945270687238, 42.233418144714278 ] ], [ [ -121.822784764004425, 42.23209579612773 ], [ -121.82281454586861, 42.231931003276834 ], [ -121.822753117650606, 42.232269293554729 ], [ -121.822784764004425, 42.23209579612773 ] ], [ [ -121.822667816840777, 42.232716371650369 ], [ -121.822700968339262, 42.232556516664445 ], [ -121.822667699448573, 42.232716371280105 ], [ -121.822667816840777, 42.232716371650369 ] ], [ [ -121.822775494958947, 42.232716729661057 ], [ -121.822760249894557, 42.232716745198601 ], [ -121.822775469487027, 42.232716806189821 ], [ -121.822775494958947, 42.232716729661057 ] ], [ [ -121.822444266443469, 42.233711267346855 ], [ -121.821947149657404, 42.23518653545171 ], [ -121.822495343481734, 42.233558420351947 ], [ -121.822444266443469, 42.233711267346855 ] ], [ [ -123.20055457402394, 44.1631147195842 ], [ -123.199603126402806, 44.164075588981632 ], [ -123.200611671389538, 44.164085775219412 ], [ -123.20055457402394, 44.1631147195842 ] ], [ [ -123.208834018537488, 44.214655964517377 ], [ -123.207261960074248, 44.212642175249684 ], [ -123.207713968616034, 44.214917844892412 ], [ -123.208834018537488, 44.214655964517377 ] ], [ [ -123.208365904591247, 44.212213342181094 ], [ -123.208805122536475, 44.208951569773056 ], [ -123.208349418112647, 44.208947420391993 ], [ -123.208365904591247, 44.212213342181094 ] ], [ [ -123.211928608071076, 44.214981862408479 ], [ -123.209052525962818, 44.212255906451844 ], [ -123.210101801578318, 44.214965613163521 ], [ -123.211928608071076, 44.214981862408479 ] ], [ [ -123.209049711680208, 44.211683474780898 ], [ -123.209643933006177, 44.212095134793742 ], [ -123.209641859733821, 44.211687204364623 ], [ -123.209049711680208, 44.211683474780898 ] ], [ [ -123.20904791116736, 44.211331956371723 ], [ -123.211269084576017, 44.210281382366176 ], [ -123.20904062261117, 44.210255001643866 ], [ -123.20904791116736, 44.211331956371723 ] ], [ [ -123.221509944360022, 44.21885576747674 ], [ -123.21877135335626, 44.222288592428548 ], [ -123.221655831449382, 44.2222194465486 ], [ -123.221509944360022, 44.21885576747674 ] ], [ [ -123.216493289926987, 44.215022299122261 ], [ -123.213966644841491, 44.214561975047594 ], [ -123.213967787122229, 44.214999916892062 ], [ -123.216493289926987, 44.215022299122261 ] ], [ [ -123.215628639629145, 44.228982506173772 ], [ -123.216188295910698, 44.229574447950505 ], [ -123.216179053231869, 44.228983822678011 ], [ -123.215628639629145, 44.228982506173772 ] ], [ [ -123.216170891125429, 44.222983637402791 ], [ -123.217272336225307, 44.2224745499853 ], [ -123.216166196574363, 44.222465307680388 ], [ -123.216170891125429, 44.222983637402791 ] ], [ [ -123.217849728258258, 44.223952731728232 ], [ -123.218884677831753, 44.222465936665152 ], [ -123.217462902306892, 44.222476260066266 ], [ -123.217849728258258, 44.223952731728232 ] ], [ [ -123.221740044515741, 44.22501775592108 ], [ -123.220159492218002, 44.224185501544845 ], [ -123.220178818534023, 44.225006891570423 ], [ -123.221740044515741, 44.22501775592108 ] ] ] } }
]
}
