{
"type": "FeatureCollection",
"name": "pennsylvania_enacted_districts",
"crs": { "type": "name", "properties": { "name": "urn:ogc:def:crs:OGC:1.3:CRS84" } },
"features": [
{ "type": "Feature", "properties": { "enacted_district": 1, "population": 765457.0, "voting_age_pop": 609338.0, "dem_votes": 207308.0, "rep_votes": 187324.0, "minority_pop": 108128.0, "dem_pct": 0.52531979147020014, "rep_pct": 0.47468020827639923 }, "geometry": { "type": "Polygon", "coordinates": [ [ [ -75.324962000001221, 40.266476000002669 ], [ -75.335986000001725, 40.273066000003176 ], [ -75.338395000001427, 40.272521000003131 ], [ -75.371017000000904, 40.283768000002965 ], [ -75.382872000001683, 40.290966000002641 ], [ -75.395142000001414, 40.295846000003195 ], [ -75.406857000001779, 40.30239100000334 ], [ -75.417666000001887, 40.310213000003273 ], [ -75.443192000001574, 40.331335000003229 ], [ -75.474898000000906, 40.314641000002865 ], [ -75.476634000001212, 40.337060000003085 ], [ -75.474326000000929, 40.331452000002827 ], [ -75.463627000001537, 40.333473000003451 ], [ -75.470232000001417, 40.340298000003443 ], [ -75.47729100000096, 40.340187000002828 ], [ -75.49046700000126, 40.350785000003171 ], [ -75.496842000001408, 40.344359000003131 ], [ -75.545902000000822, 40.370733000003277 ], [ -75.558028000001286, 40.392493000003 ], [ -75.569274000001556, 40.397892000003225 ], [ -75.559753000001407, 40.409723000003048 ], [ -75.529694000000859, 40.446995000002872 ], [ -75.490104000001438, 40.422192000003434 ], [ -75.484057000001116, 40.418451000003458 ], [ -75.46429400000163, 40.436908000002717 ], [ -75.442264000001856, 40.457626000002932 ], [ -75.409733000001651, 40.487984000002619 ], [ -75.408763000000974, 40.488601000002639 ], [ -75.402469000001375, 40.492506000003246 ], [ -75.388292000001044, 40.501697000003233 ], [ -75.386717000001482, 40.502669000003038 ], [ -75.382017000001937, 40.505631000003213 ], [ -75.380396000001625, 40.506658000003462 ], [ -75.333514000001202, 40.537057000003081 ], [ -75.331036000001205, 40.538054000002738 ], [ -75.314247000001487, 40.548832000003458 ], [ -75.299017000000902, 40.558601000003208 ], [ -75.256540000000911, 40.582731000003349 ], [ -75.214661000001811, 40.600638000003357 ], [ -75.209036000001419, 40.603088000002927 ], [ -75.196803000001339, 40.608580000002931 ], [ -75.191228000001203, 40.5857010000027 ], [ -75.166635000001207, 40.564216000003043 ], [ -75.150378000001922, 40.570610000002851 ], [ -75.134995000001396, 40.575662000002858 ], [ -75.099827000001412, 40.567398000002903 ], [ -75.083913000000905, 40.55339500000288 ], [ -75.068100000001238, 40.541488000003511 ], [ -75.062750000001046, 40.486041000002984 ], [ -75.070608000001883, 40.456196000003395 ], [ -75.06069400000132, 40.421333000002917 ], [ -75.041216000001157, 40.410451000003086 ], [ -75.022667000001661, 40.403801000003398 ], [ -74.995860000000945, 40.410384000003368 ], [ -74.967499000001339, 40.3988130000035 ], [ -74.952928000001833, 40.373503000003083 ], [ -74.9453830000012, 40.349741000003114 ], [ -74.926908000000893, 40.329463000002875 ], [ -74.901391000000785, 40.315468000003108 ], [ -74.868263000001761, 40.295254000003425 ], [ -74.853118000000791, 40.269730000003328 ], [ -74.842416000001109, 40.250716000003429 ], [ -74.826160000001252, 40.242389000002625 ], [ -74.781943000001391, 40.221933000002913 ], [ -74.771620000001619, 40.215260000002679 ], [ -74.768588000001103, 40.210412000002719 ], [ -74.760851000001097, 40.199232000003228 ], [ -74.756759000001708, 40.189105000002805 ], [ -74.722325000001774, 40.160727000003412 ], [ -74.724369000001403, 40.146412000003487 ], [ -74.781555000001561, 40.121454000002963 ], [ -74.805293000000887, 40.124529000002795 ], [ -74.815625000001589, 40.127705000002649 ], [ -74.833964000001032, 40.107809000003101 ], [ -74.835140000000848, 40.104537000002701 ], [ -74.843431000001402, 40.098002000002758 ], [ -74.844386000001379, 40.097609000003217 ], [ -74.846717000000893, 40.096700000002784 ], [ -74.84855300000136, 40.096053000002968 ], [ -74.852525000001222, 40.094543000003149 ], [ -74.857656000001526, 40.090179000003353 ], [ -74.865489000000792, 40.082133000003495 ], [ -74.90910300000148, 40.070505000002889 ], [ -74.924899000001489, 40.071095000002643 ], [ -74.947138000001715, 40.062161000003449 ], [ -74.966891000000942, 40.052716000003315 ], [ -74.973981000001899, 40.048595000003502 ], [ -74.983904000000791, 40.054994000003376 ], [ -74.984129000001516, 40.057837000003381 ], [ -74.981023000001073, 40.064939000003278 ], [ -74.973888000001836, 40.071175000002945 ], [ -74.973138000001086, 40.071719000003235 ], [ -74.97106300000155, 40.073966000002684 ], [ -74.964514000001017, 40.077105000003137 ], [ -74.96226700000085, 40.078709000002966 ], [ -74.960411000000988, 40.080967000003184 ], [ -74.958623000001651, 40.096872000002797 ], [ -74.961630000001534, 40.097804000002824 ], [ -74.961156000001779, 40.103446000003473 ], [ -74.963857000001582, 40.11755700000267 ], [ -74.96633100000129, 40.118080000002678 ], [ -74.980058000000795, 40.119883000002659 ], [ -74.988605000001087, 40.124643000003175 ], [ -74.990300000001568, 40.126378000003037 ], [ -74.993768000001211, 40.126643000002957 ], [ -74.993595000001932, 40.132266000002907 ], [ -75.003255000001559, 40.131012000003359 ], [ -75.005946000000947, 40.132524000003123 ], [ -75.009117000001226, 40.134355000003389 ], [ -75.015066000001696, 40.137992000002967 ], [ -75.016862000000998, 40.139087000003322 ], [ -75.029301000001482, 40.146509000002993 ], [ -75.033508000001461, 40.148975000002935 ], [ -75.0488650000012, 40.158045000002744 ], [ -75.060135000001253, 40.164757000003455 ], [ -75.064866000000819, 40.16742900000304 ], [ -75.071198000000933, 40.171032000003216 ], [ -75.080795000001885, 40.176872000002838 ], [ -75.082059000001877, 40.177633000002984 ], [ -75.088709000001245, 40.181598000003184 ], [ -75.090209000001096, 40.182489000002789 ], [ -75.09455600000085, 40.185051000003405 ], [ -75.103081000001367, 40.190063000002951 ], [ -75.104874000001303, 40.191109000003209 ], [ -75.106878000001728, 40.19227900000341 ], [ -75.116108000001816, 40.182978000002741 ], [ -75.120401000001522, 40.178704000002881 ], [ -75.121807000001496, 40.177331000003093 ], [ -75.127808000001025, 40.171566000002649 ], [ -75.127914000001596, 40.171763000003303 ], [ -75.137398000001483, 40.176072000003181 ], [ -75.159548000001777, 40.180404000003058 ], [ -75.163532000001936, 40.184129000002947 ], [ -75.165567000001545, 40.183610000003029 ], [ -75.18328900000148, 40.194219000003308 ], [ -75.184400000001375, 40.197010000002784 ], [ -75.195455000001061, 40.188210000003302 ], [ -75.209329000000793, 40.19663300000326 ], [ -75.215675000001028, 40.200479000002886 ], [ -75.224599000001731, 40.20602200000269 ], [ -75.226779000000874, 40.207371000002659 ], [ -75.22835300000088, 40.208330000002839 ], [ -75.245484000001241, 40.21866700000335 ], [ -75.247977000001583, 40.220176000003299 ], [ -75.262477000001212, 40.228908000003145 ], [ -75.267148000000986, 40.242213000003197 ], [ -75.271693000001477, 40.24647500000318 ], [ -75.278336000001474, 40.250646000002725 ], [ -75.285633000000928, 40.260436000003175 ], [ -75.289753000001781, 40.25878100000272 ], [ -75.298663000001469, 40.25041200000318 ], [ -75.304839000001365, 40.254123000003254 ], [ -75.319355000001394, 40.263050000003382 ], [ -75.324962000001221, 40.266476000002669 ] ] ] } },
{ "type": "Feature", "properties": { "enacted_district": 2, "population": 764865.0, "voting_age_pop": 592591.0, "dem_votes": 203486.0, "rep_votes": 65332.0, "minority_pop": 347708.0, "dem_pct": 0.75696567909999857, "rep_pct": 0.24303432052800247 }, "geometry": { "type": "Polygon", "coordinates": [ [ [ -75.153491000001679, 39.944123000003117 ], [ -75.15548800000137, 39.942407000002838 ], [ -75.157058000001257, 39.942596000003469 ], [ -75.158631000001762, 39.942801000002675 ], [ -75.160205000000914, 39.942997000003295 ], [ -75.16178200000148, 39.943186000002925 ], [ -75.163354000001647, 39.943378000003122 ], [ -75.165575000000786, 39.943664000002833 ], [ -75.165341000001362, 39.944664000003023 ], [ -75.165200000001036, 39.944647000002988 ], [ -75.164996000001835, 39.945555000003417 ], [ -75.164613000001225, 39.947408000003058 ], [ -75.164439000001778, 39.948198000002854 ], [ -75.164192000001222, 39.949334000003368 ], [ -75.163857000001499, 39.95085600000295 ], [ -75.162594000001107, 39.952242000002656 ], [ -75.16309300000168, 39.954400000002671 ], [ -75.162339000001921, 39.957825000003062 ], [ -75.162293000000886, 39.958058000003071 ], [ -75.16138400000149, 39.962474000003027 ], [ -75.160804000001207, 39.965159000003091 ], [ -75.160395000000818, 39.967064000003134 ], [ -75.159702000001658, 39.970202000003496 ], [ -75.159442000001903, 39.97146700000301 ], [ -75.159056000001883, 39.973205000002856 ], [ -75.158782000001423, 39.974482000003263 ], [ -75.158239000001004, 39.977280000002807 ], [ -75.157581000001798, 39.980223000002688 ], [ -75.156915000001604, 39.983219000002677 ], [ -75.15627500000177, 39.986283000003219 ], [ -75.155934000001537, 39.987877000002769 ], [ -75.15559300000146, 39.989369000002846 ], [ -75.155271000001051, 39.99085300000273 ], [ -75.154950000000824, 39.992353000003462 ], [ -75.159721000001866, 39.992971000002754 ], [ -75.15991800000134, 39.994591000003162 ], [ -75.159366000001626, 39.9945250000033 ], [ -75.154588000001581, 39.993938000003162 ], [ -75.153985000001711, 39.996782000002838 ], [ -75.153782000001087, 39.997718000002962 ], [ -75.152926000001159, 40.001592000003171 ], [ -75.152236000001835, 40.004689000003239 ], [ -75.151603000001202, 40.007665000002895 ], [ -75.15124600000189, 40.009279000002955 ], [ -75.151067000001859, 40.010036000003112 ], [ -75.150883000001485, 40.010837000003363 ], [ -75.150541000001326, 40.012414000003304 ], [ -75.149931000000905, 40.015325000003394 ], [ -75.149586000001719, 40.016932000002917 ], [ -75.149347000001569, 40.017957000002617 ], [ -75.148936000001029, 40.019825000003209 ], [ -75.148567000000895, 40.02147600000265 ], [ -75.148245000001737, 40.022959000002743 ], [ -75.147894000000846, 40.024553000003117 ], [ -75.146911000001595, 40.029146000002918 ], [ -75.14670500000112, 40.03012700000351 ], [ -75.146575000000809, 40.03063700000299 ], [ -75.145554000000928, 40.035262000003385 ], [ -75.144749000001582, 40.039072000003017 ], [ -75.144571000001349, 40.039836000002907 ], [ -75.144444000001513, 40.040514000003505 ], [ -75.143868000001405, 40.042901000003035 ], [ -75.14285800000097, 40.04748800000344 ], [ -75.142164000001614, 40.050556000002651 ], [ -75.141560000001391, 40.053599000003352 ], [ -75.141211000001434, 40.05513900000301 ], [ -75.14071700000089, 40.057349000002667 ], [ -75.139427000001078, 40.063358000002637 ], [ -75.136719000001349, 40.061821000002794 ], [ -75.130135000001573, 40.057796000003016 ], [ -75.129021000000847, 40.057091000003389 ], [ -75.126320000001741, 40.055481000003361 ], [ -75.123756000001578, 40.054058000002691 ], [ -75.122147000001632, 40.053177000003267 ], [ -75.118652000001902, 40.051186000002879 ], [ -75.118553000001739, 40.051132000002674 ], [ -75.114506000001441, 40.048806000002948 ], [ -75.110985000001875, 40.046769000003209 ], [ -75.10940600000113, 40.045840000003373 ], [ -75.107033000001849, 40.048970000003294 ], [ -75.10456800000108, 40.050563000003173 ], [ -75.102413000001448, 40.051792000003459 ], [ -75.100935000001556, 40.052699000003329 ], [ -75.100896000000844, 40.052723000003347 ], [ -75.097484000001728, 40.054665000002643 ], [ -75.093644000001376, 40.057429000002728 ], [ -75.092291000001325, 40.058704000002955 ], [ -75.087425000001616, 40.063599000003016 ], [ -75.090370000001357, 40.06528500000308 ], [ -75.096733000000938, 40.068989000002887 ], [ -75.090317000000965, 40.075115000002612 ], [ -75.089088000001098, 40.076374000003369 ], [ -75.082456000001258, 40.082884000002693 ], [ -75.081649000001136, 40.08366700000304 ], [ -75.074561000001822, 40.089124000002663 ], [ -75.07127000000105, 40.092532000002926 ], [ -75.06374500000166, 40.100321000003511 ], [ -75.060318000001899, 40.103859000003531 ], [ -75.058342000001645, 40.105892000003429 ], [ -75.054321000001281, 40.108692000003003 ], [ -75.052134000001942, 40.110221000002838 ], [ -75.049300000001423, 40.112199000003052 ], [ -75.048542000001646, 40.11272900000283 ], [ -75.044263000001308, 40.115713000002977 ], [ -75.043856000001668, 40.115997000002842 ], [ -75.037842000001149, 40.120213000002693 ], [ -75.033263000000957, 40.123385000002877 ], [ -75.024891000001091, 40.129216000003339 ], [ -75.019598000000897, 40.133229000003389 ], [ -75.015066000001696, 40.137992000002967 ], [ -75.009117000001226, 40.134355000003389 ], [ -75.005946000000947, 40.132524000003123 ], [ -75.003255000001559, 40.131012000003359 ], [ -74.993595000001932, 40.132266000002907 ], [ -74.993768000001211, 40.126643000002957 ], [ -74.990300000001568, 40.126378000003037 ], [ -74.988605000001087, 40.124643000003175 ], [ -74.980058000000795, 40.119883000002659 ], [ -74.96633100000129, 40.118080000002678 ], [ -74.963857000001582, 40.11755700000267 ], [ -74.961156000001779, 40.103446000003473 ], [ -74.961630000001534, 40.097804000002824 ], [ -74.958623000001651, 40.096872000002797 ], [ -74.960411000000988, 40.080967000003184 ], [ -74.96226700000085, 40.078709000002966 ], [ -74.964514000001017, 40.077105000003137 ], [ -74.97106300000155, 40.073966000002684 ], [ -74.973138000001086, 40.071719000003235 ], [ -74.973888000001836, 40.071175000002945 ], [ -74.981023000001073, 40.064939000003278 ], [ -74.984129000001516, 40.057837000003381 ], [ -74.983904000000791, 40.054994000003376 ], [ -74.973981000001899, 40.048595000003502 ], [ -74.977435000001108, 40.045714000003237 ], [ -74.981462000001599, 40.042934000003392 ], [ -74.984683000000985, 40.04032200000281 ], [ -75.001980000001637, 40.027982000003348 ], [ -75.0305830000014, 40.016194000003104 ], [ -75.035207000001336, 40.014880000003181 ], [ -75.038389000000933, 40.013793000003197 ], [ -75.041267000001753, 40.012714000003143 ], [ -75.047118000001134, 40.009912000003496 ], [ -75.052225000000917, 40.005460000002927 ], [ -75.054030000000907, 40.003572000003402 ], [ -75.059647000001888, 39.992145000003127 ], [ -75.063955000001314, 39.986299000003015 ], [ -75.067578000001873, 39.983117000002721 ], [ -75.082461000001416, 39.976250000003482 ], [ -75.091452000001169, 39.974662000002631 ], [ -75.093666000000965, 39.97435500000342 ], [ -75.097389000001058, 39.973705000002745 ], [ -75.102955000000975, 39.972150000002692 ], [ -75.107557000001478, 39.97053300000325 ], [ -75.1189580000013, 39.965535000002951 ], [ -75.125421000001808, 39.961960000003337 ], [ -75.129590000001187, 39.959296000002901 ], [ -75.134386000001072, 39.952857000002666 ], [ -75.135470000001021, 39.949183000002648 ], [ -75.136268000001238, 39.943282000003478 ], [ -75.146578000001441, 39.946103000003305 ], [ -75.147189000000921, 39.943335000003479 ], [ -75.149545000001012, 39.943637000003378 ], [ -75.149793000000912, 39.946235000003433 ], [ -75.153104000001719, 39.945910000002733 ], [ -75.153491000001679, 39.944123000003117 ] ] ] } },
{ "type": "Feature", "properties": { "enacted_district": 3, "population": 764864.0, "voting_age_pop": 629365.0, "dem_votes": 324719.0, "rep_votes": 30408.0, "minority_pop": 406970.0, "dem_pct": 0.91437429400907999, "rep_pct": 0.085625705709330549 }, "geometry": { "type": "Polygon", "coordinates": [ [ [ -75.247208000000995, 39.943904000002632 ], [ -75.25047300000179, 39.948178000003388 ], [ -75.251609000001281, 39.951466000002739 ], [ -75.249499000001521, 39.957189000003218 ], [ -75.248972000001814, 39.960071000003339 ], [ -75.247688000001332, 39.962817000002843 ], [ -75.251353000001401, 39.965219000002868 ], [ -75.257110000001674, 39.963719000003188 ], [ -75.26738600000084, 39.966215000003153 ], [ -75.27328000000162, 39.969294000002741 ], [ -75.27532200000087, 39.969416000003235 ], [ -75.275652000001898, 39.970259000003168 ], [ -75.276611000001566, 39.970776000003283 ], [ -75.278703000000945, 39.972442000003433 ], [ -75.280266000001532, 39.974964000002871 ], [ -75.27648200000192, 39.976959000003319 ], [ -75.271309000000912, 39.979275000003312 ], [ -75.269257000001033, 39.980186000003357 ], [ -75.267973000001874, 39.98075700000269 ], [ -75.262946000000994, 39.983045000003059 ], [ -75.258545000001675, 39.985527000002769 ], [ -75.253999000001485, 39.988304000002927 ], [ -75.251438000001116, 39.989504000003315 ], [ -75.250000000001137, 39.990180000003221 ], [ -75.247948000001244, 39.991138000002941 ], [ -75.245689000000908, 39.99219100000289 ], [ -75.23733100000149, 39.996128000002976 ], [ -75.235298000001364, 39.99707000000307 ], [ -75.230896000001124, 39.99913000000285 ], [ -75.227462000001509, 40.000746000002671 ], [ -75.22361800000148, 40.002583000002808 ], [ -75.220665000001773, 40.00394400000264 ], [ -75.20577100000115, 40.011629000002728 ], [ -75.207599000001693, 40.012719000002853 ], [ -75.213637000001668, 40.016718000002768 ], [ -75.216347000000809, 40.019478000003467 ], [ -75.218969000001138, 40.021405000003405 ], [ -75.222153000001086, 40.022614000002598 ], [ -75.223694000001188, 40.023712000003094 ], [ -75.228149000001466, 40.026031000002945 ], [ -75.232628000001171, 40.028355000002797 ], [ -75.234180000001231, 40.029589000002751 ], [ -75.237762000001311, 40.031934000002984 ], [ -75.238494000001012, 40.032392000002908 ], [ -75.251298000000887, 40.043505000003421 ], [ -75.254226000001722, 40.04568900000266 ], [ -75.264431000000968, 40.054094000002856 ], [ -75.252209000001372, 40.065278000002742 ], [ -75.243288000001783, 40.073494000003265 ], [ -75.230500000000887, 40.086022000003183 ], [ -75.22361000000123, 40.092907000003315 ], [ -75.212375000000989, 40.085995000003187 ], [ -75.211868000000919, 40.086086000003171 ], [ -75.204147000001598, 40.081741000002623 ], [ -75.198334000001594, 40.0784150000027 ], [ -75.197601000000873, 40.077991000003429 ], [ -75.19499200000115, 40.076496000002699 ], [ -75.190831000001779, 40.074114000003078 ], [ -75.18920300000093, 40.073174000002695 ], [ -75.188461000001922, 40.072750000003367 ], [ -75.182053000001218, 40.079102000003431 ], [ -75.180792000001489, 40.080325000002667 ], [ -75.179214000000897, 40.081867000002653 ], [ -75.177696000001745, 40.083378000002838 ], [ -75.176438000001369, 40.084649000002621 ], [ -75.171601000001317, 40.081813000003159 ], [ -75.168243000001681, 40.079834000002641 ], [ -75.163399000001064, 40.076950000003471 ], [ -75.161285000001328, 40.075764000002664 ], [ -75.158417000001364, 40.074169000002613 ], [ -75.154076000001467, 40.071732000003095 ], [ -75.151596000001902, 40.070328000002895 ], [ -75.14833100000159, 40.068485000003498 ], [ -75.146683000001119, 40.067547000002975 ], [ -75.140897000001488, 40.064239000003241 ], [ -75.139427000001078, 40.063358000002637 ], [ -75.14071700000089, 40.057349000002667 ], [ -75.141211000001434, 40.05513900000301 ], [ -75.141560000001391, 40.053599000003352 ], [ -75.142164000001614, 40.050556000002651 ], [ -75.14285800000097, 40.04748800000344 ], [ -75.143868000001405, 40.042901000003035 ], [ -75.144444000001513, 40.040514000003505 ], [ -75.144571000001349, 40.039836000002907 ], [ -75.144749000001582, 40.039072000003017 ], [ -75.145554000000928, 40.035262000003385 ], [ -75.146575000000809, 40.03063700000299 ], [ -75.14670500000112, 40.03012700000351 ], [ -75.146911000001595, 40.029146000002918 ], [ -75.147894000000846, 40.024553000003117 ], [ -75.148245000001737, 40.022959000002743 ], [ -75.148567000000895, 40.02147600000265 ], [ -75.148936000001029, 40.019825000003209 ], [ -75.149347000001569, 40.017957000002617 ], [ -75.149586000001719, 40.016932000002917 ], [ -75.149931000000905, 40.015325000003394 ], [ -75.150541000001326, 40.012414000003304 ], [ -75.150883000001485, 40.010837000003363 ], [ -75.151067000001859, 40.010036000003112 ], [ -75.15124600000189, 40.009279000002955 ], [ -75.151603000001202, 40.007665000002895 ], [ -75.152236000001835, 40.004689000003239 ], [ -75.152926000001159, 40.001592000003171 ], [ -75.153782000001087, 39.997718000002962 ], [ -75.153985000001711, 39.996782000002838 ], [ -75.154588000001581, 39.993938000003162 ], [ -75.159366000001626, 39.9945250000033 ], [ -75.15991800000134, 39.994591000003162 ], [ -75.159721000001866, 39.992971000002754 ], [ -75.154950000000824, 39.992353000003462 ], [ -75.155271000001051, 39.99085300000273 ], [ -75.15559300000146, 39.989369000002846 ], [ -75.155934000001537, 39.987877000002769 ], [ -75.15627500000177, 39.986283000003219 ], [ -75.156915000001604, 39.983219000002677 ], [ -75.157581000001798, 39.980223000002688 ], [ -75.158239000001004, 39.977280000002807 ], [ -75.158782000001423, 39.974482000003263 ], [ -75.159056000001883, 39.973205000002856 ], [ -75.159442000001903, 39.97146700000301 ], [ -75.159702000001658, 39.970202000003496 ], [ -75.160395000000818, 39.967064000003134 ], [ -75.160804000001207, 39.965159000003091 ], [ -75.16138400000149, 39.962474000003027 ], [ -75.162293000000886, 39.958058000003071 ], [ -75.162339000001921, 39.957825000003062 ], [ -75.16309300000168, 39.954400000002671 ], [ -75.162594000001107, 39.952242000002656 ], [ -75.163857000001499, 39.95085600000295 ], [ -75.164192000001222, 39.949334000003368 ], [ -75.164439000001778, 39.948198000002854 ], [ -75.164613000001225, 39.947408000003058 ], [ -75.164996000001835, 39.945555000003417 ], [ -75.165200000001036, 39.944647000002988 ], [ -75.165341000001362, 39.944664000003023 ], [ -75.165575000000786, 39.943664000002833 ], [ -75.163354000001647, 39.943378000003122 ], [ -75.16178200000148, 39.943186000002925 ], [ -75.160205000000914, 39.942997000003295 ], [ -75.158631000001762, 39.942801000002675 ], [ -75.157058000001257, 39.942596000003469 ], [ -75.15548800000137, 39.942407000002838 ], [ -75.153491000001679, 39.944123000003117 ], [ -75.153104000001719, 39.945910000002733 ], [ -75.149793000000912, 39.946235000003433 ], [ -75.149545000001012, 39.943637000003378 ], [ -75.147189000000921, 39.943335000003479 ], [ -75.146578000001441, 39.946103000003305 ], [ -75.136268000001238, 39.943282000003478 ], [ -75.136248000001743, 39.940207000002943 ], [ -75.13607100000084, 39.93382900000298 ], [ -75.136071000001039, 39.932487000003157 ], [ -75.134301000001074, 39.925781000003319 ], [ -75.1324330000011, 39.921851000003443 ], [ -75.128870000001598, 39.914781000002648 ], [ -75.149441000001289, 39.916642000002817 ], [ -75.153236000000774, 39.917134000003237 ], [ -75.154500000001406, 39.917300000003053 ], [ -75.156683000001152, 39.917580000003298 ], [ -75.157712000001084, 39.917713000002898 ], [ -75.159276000000958, 39.917914000002874 ], [ -75.159844000001385, 39.91528600000332 ], [ -75.161382000001936, 39.915473000003097 ], [ -75.162168000001074, 39.915567000003101 ], [ -75.16453000000098, 39.915875000002991 ], [ -75.164231000001635, 39.917263000003338 ], [ -75.163956000001605, 39.918518000002749 ], [ -75.16553400000187, 39.918722000002987 ], [ -75.165806000001083, 39.917474000003303 ], [ -75.168945000001543, 39.917876000003155 ], [ -75.170208000001651, 39.916631000002681 ], [ -75.171423000000871, 39.916757000003265 ], [ -75.171122000001318, 39.918152000003417 ], [ -75.172735000001623, 39.918359000003434 ], [ -75.174302000000978, 39.918562000003497 ], [ -75.17460000000186, 39.917176000003224 ], [ -75.176175000001223, 39.917377000002936 ], [ -75.175614000000849, 39.920013000002953 ], [ -75.177082000001718, 39.920207000003067 ], [ -75.176638000001887, 39.922707000003292 ], [ -75.178291000000968, 39.922480000003219 ], [ -75.179862000001677, 39.922687000003151 ], [ -75.181424000001044, 39.92333700000313 ], [ -75.181703000001747, 39.923290000003419 ], [ -75.184044000001009, 39.92284600000319 ], [ -75.185192000001834, 39.922627000002791 ], [ -75.188901000001181, 39.92196900000269 ], [ -75.190059000001312, 39.921716000003464 ], [ -75.190392000001509, 39.921664000002806 ], [ -75.20170000000185, 39.919834000003505 ], [ -75.212428000001708, 39.925230000003211 ], [ -75.207433000000989, 39.933513000003501 ], [ -75.206072000001271, 39.935371000002824 ], [ -75.215858000000779, 39.933066000003166 ], [ -75.218983000000904, 39.936369000003445 ], [ -75.222088000001662, 39.936863000002745 ], [ -75.223012000001191, 39.937643000003199 ], [ -75.22566100000158, 39.937762000003239 ], [ -75.224292000001668, 39.938734000002754 ], [ -75.225480000001298, 39.939725000002689 ], [ -75.226854000001893, 39.938767000002834 ], [ -75.228358000001904, 39.937700000002977 ], [ -75.229528000001608, 39.941018000002707 ], [ -75.231033000001219, 39.939958000003116 ], [ -75.232420000001156, 39.938995000003146 ], [ -75.233784000001847, 39.93803400000278 ], [ -75.234868000001001, 39.937456000003301 ], [ -75.239570000001606, 39.938039000003009 ], [ -75.239903000001263, 39.940035000003149 ], [ -75.240582000001609, 39.942196000003158 ], [ -75.247028000001706, 39.943414000003393 ], [ -75.247208000000995, 39.943904000002632 ] ] ] } },
{ "type": "Feature", "properties": { "enacted_district": 4, "population": 766240.0, "voting_age_pop": 606266.0, "dem_votes": 228181.0, "rep_votes": 158056.0, "minority_pop": 129816.0, "dem_pct": 0.59077975424654294, "rep_pct": 0.40922024549454861 }, "geometry": { "type": "Polygon", "coordinates": [ [ [ -75.846697000001271, 40.298942000003159 ], [ -75.827471000001282, 40.306684000002981 ], [ -75.809450000001689, 40.306502000002681 ], [ -75.801829000001149, 40.338529000002794 ], [ -75.805061000001487, 40.343414000003449 ], [ -75.819814000001273, 40.361403000003087 ], [ -75.844335000001564, 40.35820500000294 ], [ -75.898635000001519, 40.366852000003263 ], [ -75.911400000001137, 40.367100000003106 ], [ -75.916542000001101, 40.367199000003303 ], [ -75.927783000001327, 40.367438000002949 ], [ -75.932778000001662, 40.367557000002641 ], [ -75.94804300000159, 40.370763000003087 ], [ -75.953338000001736, 40.368338000002751 ], [ -75.941372000001721, 40.364370000002957 ], [ -75.960708000001745, 40.354583000003295 ], [ -75.965835000001022, 40.35653900000289 ], [ -75.978119000001612, 40.36960500000292 ], [ -75.990512000001488, 40.368356000002784 ], [ -75.994733000001901, 40.366328000002888 ], [ -76.00679200000134, 40.347932000002949 ], [ -76.014301000001993, 40.343769000002602 ], [ -76.025712000000865, 40.334773000003182 ], [ -76.034723000000938, 40.326407000003137 ], [ -76.042514000000892, 40.326730000003387 ], [ -76.049676000001412, 40.337711000002813 ], [ -76.085210000001638, 40.363761000002889 ], [ -76.083340000000959, 40.36689900000259 ], [ -76.072869000001091, 40.388451000003101 ], [ -76.052961000001474, 40.394192000003017 ], [ -76.051025000000905, 40.38953900000331 ], [ -76.021164000001178, 40.410745000003381 ], [ -76.023879000001159, 40.419597000002803 ], [ -76.027909000001031, 40.432735000002978 ], [ -75.971815000000859, 40.447455000002982 ], [ -75.976427000001635, 40.452167000002646 ], [ -75.976962000001492, 40.456655000003273 ], [ -75.976325000001012, 40.466516000003331 ], [ -75.971577000001432, 40.490734000002917 ], [ -75.962241000001512, 40.498953000002786 ], [ -75.963220000001115, 40.507712000002932 ], [ -75.982176000000905, 40.500067000003362 ], [ -76.001473000001099, 40.515301000003205 ], [ -75.98392000000122, 40.530941000003118 ], [ -75.87760900000147, 40.538425000003173 ], [ -75.879799000000958, 40.554908000002882 ], [ -75.937243000001246, 40.591501000003142 ], [ -75.826390000001922, 40.595028000003246 ], [ -75.766740000001121, 40.597033000003293 ], [ -75.739442000001318, 40.579940000003305 ], [ -75.694308000001129, 40.551149000003143 ], [ -75.68223800000159, 40.543638000003199 ], [ -75.674921000001419, 40.538970000003275 ], [ -75.668697000001529, 40.535024000003347 ], [ -75.641481000001463, 40.517655000002954 ], [ -75.589845000001532, 40.484661000002909 ], [ -75.579274000001746, 40.478007000002741 ], [ -75.571926000000801, 40.473348000002616 ], [ -75.530788000001465, 40.447675000003358 ], [ -75.529694000000859, 40.446995000002872 ], [ -75.559753000001407, 40.409723000003048 ], [ -75.569274000001556, 40.397892000003225 ], [ -75.558028000001286, 40.392493000003 ], [ -75.545902000000822, 40.370733000003277 ], [ -75.496842000001408, 40.344359000003131 ], [ -75.49046700000126, 40.350785000003171 ], [ -75.47729100000096, 40.340187000002828 ], [ -75.470232000001417, 40.340298000003443 ], [ -75.463627000001537, 40.333473000003451 ], [ -75.474326000000929, 40.331452000002827 ], [ -75.476634000001212, 40.337060000003085 ], [ -75.474898000000906, 40.314641000002865 ], [ -75.443192000001574, 40.331335000003229 ], [ -75.417666000001887, 40.310213000003273 ], [ -75.406857000001779, 40.30239100000334 ], [ -75.395142000001414, 40.295846000003195 ], [ -75.382872000001683, 40.290966000002641 ], [ -75.371017000000904, 40.283768000002965 ], [ -75.338395000001427, 40.272521000003131 ], [ -75.335986000001725, 40.273066000003176 ], [ -75.324962000001221, 40.266476000002669 ], [ -75.319355000001394, 40.263050000003382 ], [ -75.304839000001365, 40.254123000003254 ], [ -75.298663000001469, 40.25041200000318 ], [ -75.289753000001781, 40.25878100000272 ], [ -75.285633000000928, 40.260436000003175 ], [ -75.278336000001474, 40.250646000002725 ], [ -75.271693000001477, 40.24647500000318 ], [ -75.267148000000986, 40.242213000003197 ], [ -75.262477000001212, 40.228908000003145 ], [ -75.247977000001583, 40.220176000003299 ], [ -75.245484000001241, 40.21866700000335 ], [ -75.22835300000088, 40.208330000002839 ], [ -75.226779000000874, 40.207371000002659 ], [ -75.224599000001731, 40.20602200000269 ], [ -75.215675000001028, 40.200479000002886 ], [ -75.209329000000793, 40.19663300000326 ], [ -75.195455000001061, 40.188210000003302 ], [ -75.184400000001375, 40.197010000002784 ], [ -75.18328900000148, 40.194219000003308 ], [ -75.165567000001545, 40.183610000003029 ], [ -75.163532000001936, 40.184129000002947 ], [ -75.159548000001777, 40.180404000003058 ], [ -75.137398000001483, 40.176072000003181 ], [ -75.127914000001596, 40.171763000003303 ], [ -75.127808000001025, 40.171566000002649 ], [ -75.121807000001496, 40.177331000003093 ], [ -75.120401000001522, 40.178704000002881 ], [ -75.116108000001816, 40.182978000002741 ], [ -75.106878000001728, 40.19227900000341 ], [ -75.104874000001303, 40.191109000003209 ], [ -75.103081000001367, 40.190063000002951 ], [ -75.09455600000085, 40.185051000003405 ], [ -75.090209000001096, 40.182489000002789 ], [ -75.088709000001245, 40.181598000003184 ], [ -75.082059000001877, 40.177633000002984 ], [ -75.080795000001885, 40.176872000002838 ], [ -75.071198000000933, 40.171032000003216 ], [ -75.064866000000819, 40.16742900000304 ], [ -75.060135000001253, 40.164757000003455 ], [ -75.0488650000012, 40.158045000002744 ], [ -75.033508000001461, 40.148975000002935 ], [ -75.029301000001482, 40.146509000002993 ], [ -75.016862000000998, 40.139087000003322 ], [ -75.015066000001696, 40.137992000002967 ], [ -75.019598000000897, 40.133229000003389 ], [ -75.024891000001091, 40.129216000003339 ], [ -75.033263000000957, 40.123385000002877 ], [ -75.037842000001149, 40.120213000002693 ], [ -75.043856000001668, 40.115997000002842 ], [ -75.044263000001308, 40.115713000002977 ], [ -75.048542000001646, 40.11272900000283 ], [ -75.049300000001423, 40.112199000003052 ], [ -75.052134000001942, 40.110221000002838 ], [ -75.054321000001281, 40.108692000003003 ], [ -75.058342000001645, 40.105892000003429 ], [ -75.060318000001899, 40.103859000003531 ], [ -75.06374500000166, 40.100321000003511 ], [ -75.07127000000105, 40.092532000002926 ], [ -75.074561000001822, 40.089124000002663 ], [ -75.081649000001136, 40.08366700000304 ], [ -75.082456000001258, 40.082884000002693 ], [ -75.089088000001098, 40.076374000003369 ], [ -75.090317000000965, 40.075115000002612 ], [ -75.096733000000938, 40.068989000002887 ], [ -75.090370000001357, 40.06528500000308 ], [ -75.087425000001616, 40.063599000003016 ], [ -75.092291000001325, 40.058704000002955 ], [ -75.093644000001376, 40.057429000002728 ], [ -75.097484000001728, 40.054665000002643 ], [ -75.100896000000844, 40.052723000003347 ], [ -75.100935000001556, 40.052699000003329 ], [ -75.102413000001448, 40.051792000003459 ], [ -75.10456800000108, 40.050563000003173 ], [ -75.107033000001849, 40.048970000003294 ], [ -75.10940600000113, 40.045840000003373 ], [ -75.110985000001875, 40.046769000003209 ], [ -75.114506000001441, 40.048806000002948 ], [ -75.118553000001739, 40.051132000002674 ], [ -75.118652000001902, 40.051186000002879 ], [ -75.122147000001632, 40.053177000003267 ], [ -75.123756000001578, 40.054058000002691 ], [ -75.126320000001741, 40.055481000003361 ], [ -75.129021000000847, 40.057091000003389 ], [ -75.130135000001573, 40.057796000003016 ], [ -75.136719000001349, 40.061821000002794 ], [ -75.139427000001078, 40.063358000002637 ], [ -75.140897000001488, 40.064239000003241 ], [ -75.146683000001119, 40.067547000002975 ], [ -75.14833100000159, 40.068485000003498 ], [ -75.151596000001902, 40.070328000002895 ], [ -75.154076000001467, 40.071732000003095 ], [ -75.158417000001364, 40.074169000002613 ], [ -75.161285000001328, 40.075764000002664 ], [ -75.163399000001064, 40.076950000003471 ], [ -75.168243000001681, 40.079834000002641 ], [ -75.171601000001317, 40.081813000003159 ], [ -75.176438000001369, 40.084649000002621 ], [ -75.177696000001745, 40.083378000002838 ], [ -75.179214000000897, 40.081867000002653 ], [ -75.180792000001489, 40.080325000002667 ], [ -75.182053000001218, 40.079102000003431 ], [ -75.188461000001922, 40.072750000003367 ], [ -75.18920300000093, 40.073174000002695 ], [ -75.190831000001779, 40.074114000003078 ], [ -75.19499200000115, 40.076496000002699 ], [ -75.197601000000873, 40.077991000003429 ], [ -75.198334000001594, 40.0784150000027 ], [ -75.204147000001598, 40.081741000002623 ], [ -75.211868000000919, 40.086086000003171 ], [ -75.212375000000989, 40.085995000003187 ], [ -75.22361000000123, 40.092907000003315 ], [ -75.230500000000887, 40.086022000003183 ], [ -75.243288000001783, 40.073494000003265 ], [ -75.252209000001372, 40.065278000002742 ], [ -75.264431000000968, 40.054094000002856 ], [ -75.254226000001722, 40.04568900000266 ], [ -75.251298000000887, 40.043505000003421 ], [ -75.238494000001012, 40.032392000002908 ], [ -75.237762000001311, 40.031934000002984 ], [ -75.234180000001231, 40.029589000002751 ], [ -75.232628000001171, 40.028355000002797 ], [ -75.228149000001466, 40.026031000002945 ], [ -75.223694000001188, 40.023712000003094 ], [ -75.222153000001086, 40.022614000002598 ], [ -75.218969000001138, 40.021405000003405 ], [ -75.216347000000809, 40.019478000003467 ], [ -75.213637000001668, 40.016718000002768 ], [ -75.207599000001693, 40.012719000002853 ], [ -75.20577100000115, 40.011629000002728 ], [ -75.220665000001773, 40.00394400000264 ], [ -75.22361800000148, 40.002583000002808 ], [ -75.227462000001509, 40.000746000002671 ], [ -75.230896000001124, 39.99913000000285 ], [ -75.235298000001364, 39.99707000000307 ], [ -75.23733100000149, 39.996128000002976 ], [ -75.239890000001637, 40.001732000003265 ], [ -75.243046000001158, 40.005402000002611 ], [ -75.249999000001651, 40.007764000002929 ], [ -75.252303000001177, 40.008501000003257 ], [ -75.25537100000183, 40.009586000002713 ], [ -75.262378000001164, 40.01207300000349 ], [ -75.265805000001379, 40.013279000003131 ], [ -75.273007000000959, 40.012823000003181 ], [ -75.273062000001048, 40.012904000003097 ], [ -75.280335000001557, 40.022947000002979 ], [ -75.284296000000822, 40.02422300000287 ], [ -75.286678000001729, 40.027387000003117 ], [ -75.300741000001153, 40.037383000002976 ], [ -75.302340000001166, 40.036809000003281 ], [ -75.314964000001325, 40.040458000003277 ], [ -75.32118700000143, 40.039327000002743 ], [ -75.338053000001466, 40.06046100000323 ], [ -75.328784000001903, 40.064168000002624 ], [ -75.326311000001922, 40.065231000002733 ], [ -75.32808400000178, 40.076560000003354 ], [ -75.319155000001174, 40.080249000002887 ], [ -75.323874000001496, 40.101980000003046 ], [ -75.326924000000801, 40.105214000002981 ], [ -75.324773000001116, 40.108553000003106 ], [ -75.321952000001744, 40.114183000002647 ], [ -75.319870000000847, 40.118345000002705 ], [ -75.316659000001593, 40.124794000002879 ], [ -75.322533000001769, 40.128288000003145 ], [ -75.324651000001623, 40.129559000003049 ], [ -75.32860300000165, 40.13195400000312 ], [ -75.329827000001558, 40.13268500000332 ], [ -75.337081000001319, 40.137183000003425 ], [ -75.337895000001282, 40.137682000003181 ], [ -75.343411000001538, 40.141068000003358 ], [ -75.344533000001789, 40.141754000002777 ], [ -75.358332000000999, 40.127807000002775 ], [ -75.36250600000136, 40.123595000002851 ], [ -75.356287000001686, 40.115321000002993 ], [ -75.353353000001562, 40.114322000003014 ], [ -75.346892000001134, 40.111097000003504 ], [ -75.347487000001692, 40.10950800000316 ], [ -75.350709000001672, 40.109500000003273 ], [ -75.380134000001732, 40.11811500000303 ], [ -75.387944000001767, 40.117868000002836 ], [ -75.391673000001219, 40.117634000002944 ], [ -75.406036000001563, 40.111771000003458 ], [ -75.394417000001866, 40.098589000003344 ], [ -75.409657000001104, 40.091683000003357 ], [ -75.413047000001626, 40.090643000003254 ], [ -75.415021000001289, 40.090138000002788 ], [ -75.433689000001934, 40.091419000002936 ], [ -75.456186000000955, 40.087776000003053 ], [ -75.456624000000957, 40.093854000002921 ], [ -75.462572000001032, 40.099978000002807 ], [ -75.461729000001526, 40.103035000002706 ], [ -75.470697000001906, 40.114865000003256 ], [ -75.462633000001489, 40.119580000003438 ], [ -75.492577000001418, 40.126141000003265 ], [ -75.499728000001895, 40.129585000003182 ], [ -75.509237000001534, 40.136619000002852 ], [ -75.511978000001619, 40.15899400000275 ], [ -75.51904600000087, 40.148051000002802 ], [ -75.526838000001888, 40.149552000003183 ], [ -75.531824000000867, 40.170612000003239 ], [ -75.539581000001974, 40.174966000002847 ], [ -75.541943000001325, 40.177648000003039 ], [ -75.544201000001749, 40.180955000003351 ], [ -75.545338000001792, 40.182555000002807 ], [ -75.547419000000943, 40.186449000003329 ], [ -75.549174000001713, 40.189542000003179 ], [ -75.55664800000099, 40.206422000002995 ], [ -75.579221000001013, 40.201040000003417 ], [ -75.592657000001694, 40.225491000002805 ], [ -75.607557000000853, 40.233365000003189 ], [ -75.622126000001046, 40.23099600000301 ], [ -75.627958000001925, 40.232924000002875 ], [ -75.633989000001037, 40.235303000002659 ], [ -75.643311000001361, 40.238402000003333 ], [ -75.658615000001873, 40.241903000003376 ], [ -75.659409000001062, 40.242344000003186 ], [ -75.676059000000876, 40.242551000002841 ], [ -75.696782000001846, 40.241863000003363 ], [ -75.720458000000988, 40.248460000003433 ], [ -75.736527000000919, 40.261123000002641 ], [ -75.768349000001194, 40.258486000003181 ], [ -75.795478000001737, 40.271700000002923 ], [ -75.793773000001096, 40.279992000002743 ], [ -75.840892000001105, 40.296700000003298 ], [ -75.846697000001271, 40.298942000003159 ] ] ] } },
{ "type": "Feature", "properties": { "enacted_district": 5, "population": 765179.0, "voting_age_pop": 594701.0, "dem_votes": 237571.0, "rep_votes": 126639.0, "minority_pop": 228534.0, "dem_pct": 0.65229126035740603, "rep_pct": 0.34770873936802704 }, "geometry": { "type": "Polygon", "coordinates": [ [ [ -75.499906000000962, 39.833693000003329 ], [ -75.51865600000157, 39.836789000003272 ], [ -75.540870000001902, 39.838892000002737 ], [ -75.551299000000881, 39.839400000002989 ], [ -75.579926000001606, 39.838862000002898 ], [ -75.593099000001075, 39.837723000002846 ], [ -75.594880000000956, 39.837525000003431 ], [ -75.59321600000176, 39.869476000003161 ], [ -75.596198000001294, 39.871816000003342 ], [ -75.597914000001637, 39.874464000002874 ], [ -75.571162000001934, 39.888136000003122 ], [ -75.562539000001721, 39.901638000003487 ], [ -75.562370000000882, 39.90170900000296 ], [ -75.533119000001221, 39.925953000002686 ], [ -75.525513000001723, 39.921935000003394 ], [ -75.518858000001941, 39.9346000000034 ], [ -75.523816000001844, 39.944124000003221 ], [ -75.507874000001536, 39.951651000003132 ], [ -75.502135000001701, 39.954367000003138 ], [ -75.493900000001247, 39.95812800000266 ], [ -75.473493000001781, 39.967520000002963 ], [ -75.436055000001815, 39.984948000003513 ], [ -75.43724000000131, 39.989958000002993 ], [ -75.453743000001438, 39.99360700000318 ], [ -75.44880800000108, 39.996886000002888 ], [ -75.423078000001766, 40.014381000002899 ], [ -75.404338000001232, 40.02736400000331 ], [ -75.406419000001321, 40.030224000003258 ], [ -75.412199000001181, 40.038091000002922 ], [ -75.414991000000825, 40.041787000002941 ], [ -75.405209000000951, 40.046037000002698 ], [ -75.398661000001809, 40.048942000002988 ], [ -75.373013000001066, 40.060190000003367 ], [ -75.361066000001557, 40.06554300000348 ], [ -75.36668700000105, 40.072355000002752 ], [ -75.392632000001171, 40.060974000002972 ], [ -75.396286000001325, 40.065636000002613 ], [ -75.408129000000983, 40.0812930000031 ], [ -75.415021000001289, 40.090138000002788 ], [ -75.413047000001626, 40.090643000003254 ], [ -75.409657000001104, 40.091683000003357 ], [ -75.394417000001866, 40.098589000003344 ], [ -75.406036000001563, 40.111771000003458 ], [ -75.391673000001219, 40.117634000002944 ], [ -75.387944000001767, 40.117868000002836 ], [ -75.380134000001732, 40.11811500000303 ], [ -75.350709000001672, 40.109500000003273 ], [ -75.347487000001692, 40.10950800000316 ], [ -75.346892000001134, 40.111097000003504 ], [ -75.353353000001562, 40.114322000003014 ], [ -75.356287000001686, 40.115321000002993 ], [ -75.36250600000136, 40.123595000002851 ], [ -75.358332000000999, 40.127807000002775 ], [ -75.344533000001789, 40.141754000002777 ], [ -75.343411000001538, 40.141068000003358 ], [ -75.337895000001282, 40.137682000003181 ], [ -75.337081000001319, 40.137183000003425 ], [ -75.329827000001558, 40.13268500000332 ], [ -75.32860300000165, 40.13195400000312 ], [ -75.324651000001623, 40.129559000003049 ], [ -75.322533000001769, 40.128288000003145 ], [ -75.316659000001593, 40.124794000002879 ], [ -75.319870000000847, 40.118345000002705 ], [ -75.321952000001744, 40.114183000002647 ], [ -75.324773000001116, 40.108553000003106 ], [ -75.326924000000801, 40.105214000002981 ], [ -75.323874000001496, 40.101980000003046 ], [ -75.319155000001174, 40.080249000002887 ], [ -75.32808400000178, 40.076560000003354 ], [ -75.326311000001922, 40.065231000002733 ], [ -75.328784000001903, 40.064168000002624 ], [ -75.338053000001466, 40.06046100000323 ], [ -75.32118700000143, 40.039327000002743 ], [ -75.314964000001325, 40.040458000003277 ], [ -75.302340000001166, 40.036809000003281 ], [ -75.300741000001153, 40.037383000002976 ], [ -75.286678000001729, 40.027387000003117 ], [ -75.284296000000822, 40.02422300000287 ], [ -75.280335000001557, 40.022947000002979 ], [ -75.273062000001048, 40.012904000003097 ], [ -75.273007000000959, 40.012823000003181 ], [ -75.265805000001379, 40.013279000003131 ], [ -75.262378000001164, 40.01207300000349 ], [ -75.25537100000183, 40.009586000002713 ], [ -75.252303000001177, 40.008501000003257 ], [ -75.249999000001651, 40.007764000002929 ], [ -75.243046000001158, 40.005402000002611 ], [ -75.239890000001637, 40.001732000003265 ], [ -75.23733100000149, 39.996128000002976 ], [ -75.245689000000908, 39.99219100000289 ], [ -75.247948000001244, 39.991138000002941 ], [ -75.250000000001137, 39.990180000003221 ], [ -75.251438000001116, 39.989504000003315 ], [ -75.253999000001485, 39.988304000002927 ], [ -75.258545000001675, 39.985527000002769 ], [ -75.262946000000994, 39.983045000003059 ], [ -75.267973000001874, 39.98075700000269 ], [ -75.269257000001033, 39.980186000003357 ], [ -75.271309000000912, 39.979275000003312 ], [ -75.27648200000192, 39.976959000003319 ], [ -75.280266000001532, 39.974964000002871 ], [ -75.278703000000945, 39.972442000003433 ], [ -75.276611000001566, 39.970776000003283 ], [ -75.275652000001898, 39.970259000003168 ], [ -75.27532200000087, 39.969416000003235 ], [ -75.27328000000162, 39.969294000002741 ], [ -75.26738600000084, 39.966215000003153 ], [ -75.257110000001674, 39.963719000003188 ], [ -75.251353000001401, 39.965219000002868 ], [ -75.247688000001332, 39.962817000002843 ], [ -75.248972000001814, 39.960071000003339 ], [ -75.249499000001521, 39.957189000003218 ], [ -75.251609000001281, 39.951466000002739 ], [ -75.25047300000179, 39.948178000003388 ], [ -75.247208000000995, 39.943904000002632 ], [ -75.247028000001706, 39.943414000003393 ], [ -75.240582000001609, 39.942196000003158 ], [ -75.239903000001263, 39.940035000003149 ], [ -75.239570000001606, 39.938039000003009 ], [ -75.234868000001001, 39.937456000003301 ], [ -75.233784000001847, 39.93803400000278 ], [ -75.232420000001156, 39.938995000003146 ], [ -75.231033000001219, 39.939958000003116 ], [ -75.229528000001608, 39.941018000002707 ], [ -75.228358000001904, 39.937700000002977 ], [ -75.226854000001893, 39.938767000002834 ], [ -75.225480000001298, 39.939725000002689 ], [ -75.224292000001668, 39.938734000002754 ], [ -75.22566100000158, 39.937762000003239 ], [ -75.223012000001191, 39.937643000003199 ], [ -75.222088000001662, 39.936863000002745 ], [ -75.218983000000904, 39.936369000003445 ], [ -75.215858000000779, 39.933066000003166 ], [ -75.206072000001271, 39.935371000002824 ], [ -75.207433000000989, 39.933513000003501 ], [ -75.212428000001708, 39.925230000003211 ], [ -75.20170000000185, 39.919834000003505 ], [ -75.190392000001509, 39.921664000002806 ], [ -75.190059000001312, 39.921716000003464 ], [ -75.188901000001181, 39.92196900000269 ], [ -75.185192000001834, 39.922627000002791 ], [ -75.184044000001009, 39.92284600000319 ], [ -75.181703000001747, 39.923290000003419 ], [ -75.181424000001044, 39.92333700000313 ], [ -75.179862000001677, 39.922687000003151 ], [ -75.178291000000968, 39.922480000003219 ], [ -75.176638000001887, 39.922707000003292 ], [ -75.177082000001718, 39.920207000003067 ], [ -75.175614000000849, 39.920013000002953 ], [ -75.176175000001223, 39.917377000002936 ], [ -75.17460000000186, 39.917176000003224 ], [ -75.174302000000978, 39.918562000003497 ], [ -75.172735000001623, 39.918359000003434 ], [ -75.171122000001318, 39.918152000003417 ], [ -75.171423000000871, 39.916757000003265 ], [ -75.170208000001651, 39.916631000002681 ], [ -75.168945000001543, 39.917876000003155 ], [ -75.165806000001083, 39.917474000003303 ], [ -75.16553400000187, 39.918722000002987 ], [ -75.163956000001605, 39.918518000002749 ], [ -75.164231000001635, 39.917263000003338 ], [ -75.16453000000098, 39.915875000002991 ], [ -75.162168000001074, 39.915567000003101 ], [ -75.161382000001936, 39.915473000003097 ], [ -75.159844000001385, 39.91528600000332 ], [ -75.159276000000958, 39.917914000002874 ], [ -75.157712000001084, 39.917713000002898 ], [ -75.156683000001152, 39.917580000003298 ], [ -75.154500000001406, 39.917300000003053 ], [ -75.153236000000774, 39.917134000003237 ], [ -75.149441000001289, 39.916642000002817 ], [ -75.128870000001598, 39.914781000002648 ], [ -75.129515000001845, 39.905302000002791 ], [ -75.13729600000174, 39.889966000003277 ], [ -75.174539000001488, 39.882360000003082 ], [ -75.183956000001274, 39.881885000003471 ], [ -75.195236000000946, 39.877365000003252 ], [ -75.211463000000848, 39.867004000003455 ], [ -75.228634000001421, 39.858560000003465 ], [ -75.288212000001565, 39.848847000002927 ], [ -75.30002500000154, 39.849260000002879 ], [ -75.316531000001547, 39.850012000003275 ], [ -75.318531000001499, 39.849913000002694 ], [ -75.341433000000833, 39.846112000002776 ], [ -75.355869000001476, 39.838881000003113 ], [ -75.360589000000829, 39.835559000002888 ], [ -75.363687000001917, 39.833380000003451 ], [ -75.371176000001313, 39.82799800000322 ], [ -75.374885000001214, 39.825606000003326 ], [ -75.376381000001885, 39.82462200000284 ], [ -75.378791000001328, 39.823036000003384 ], [ -75.38984900000105, 39.815948000003296 ], [ -75.398417000001231, 39.810467000003463 ], [ -75.415062000000816, 39.801919000002975 ], [ -75.436893000000993, 39.813518000002958 ], [ -75.45491600000129, 39.8209930000029 ], [ -75.463409000001846, 39.82400800000314 ], [ -75.472445000000903, 39.826884000003275 ], [ -75.488324000001612, 39.831163000003492 ], [ -75.499906000000962, 39.833693000003329 ] ] ] } },
{ "type": "Feature", "properties": { "enacted_district": 6, "population": 763498.0, "voting_age_pop": 586908.0, "dem_votes": 195002.0, "rep_votes": 155687.0, "minority_pop": 160138.0, "dem_pct": 0.55605393937190672, "rep_pct": 0.44394606034294032 }, "geometry": { "type": "Polygon", "coordinates": [ [ [ -76.11926100000116, 39.723435000003221 ], [ -76.102479000001637, 39.724033000003416 ], [ -76.061676000001057, 39.774115000003434 ], [ -76.048981000001163, 39.802044000002915 ], [ -76.038501000001645, 39.801730000003069 ], [ -76.017384000001272, 39.833488000002674 ], [ -76.001709000001114, 39.8746980000031 ], [ -75.986914000001917, 39.873499000003179 ], [ -75.997132000001272, 39.922062000003002 ], [ -75.98505600000199, 39.937871000002751 ], [ -75.992347000001843, 39.945990000002908 ], [ -75.99012300000102, 39.959476000002958 ], [ -75.972407000001098, 39.987510000003212 ], [ -75.951398000001859, 40.016421000002808 ], [ -75.936677000001268, 40.036392000003325 ], [ -75.934332000001675, 40.04756600000281 ], [ -75.942160000001266, 40.105159000002971 ], [ -75.942440000001483, 40.106515000002688 ], [ -75.873375000001346, 40.137107000003006 ], [ -75.882075000001208, 40.142599000003365 ], [ -75.941804000001767, 40.181588000002719 ], [ -75.943437000001651, 40.182676000003056 ], [ -75.991271000000992, 40.213183000002765 ], [ -76.043993000000938, 40.247196000003115 ], [ -76.044058000001897, 40.247237000002812 ], [ -76.049489000001259, 40.250634000003174 ], [ -76.09176400000193, 40.277692000002808 ], [ -76.054918000001805, 40.307350000003225 ], [ -76.037195000001688, 40.324106000003468 ], [ -76.034723000000938, 40.326407000003137 ], [ -76.025712000000865, 40.334773000003182 ], [ -76.014301000001993, 40.343769000002602 ], [ -76.00679200000134, 40.347932000002949 ], [ -75.994733000001901, 40.366328000002888 ], [ -75.990512000001488, 40.368356000002784 ], [ -75.978119000001612, 40.36960500000292 ], [ -75.965835000001022, 40.35653900000289 ], [ -75.960708000001745, 40.354583000003295 ], [ -75.941372000001721, 40.364370000002957 ], [ -75.953338000001736, 40.368338000002751 ], [ -75.94804300000159, 40.370763000003087 ], [ -75.932778000001662, 40.367557000002641 ], [ -75.927783000001327, 40.367438000002949 ], [ -75.916542000001101, 40.367199000003303 ], [ -75.911400000001137, 40.367100000003106 ], [ -75.898635000001519, 40.366852000003263 ], [ -75.844335000001564, 40.35820500000294 ], [ -75.819814000001273, 40.361403000003087 ], [ -75.805061000001487, 40.343414000003449 ], [ -75.801829000001149, 40.338529000002794 ], [ -75.809450000001689, 40.306502000002681 ], [ -75.827471000001282, 40.306684000002981 ], [ -75.846697000001271, 40.298942000003159 ], [ -75.840892000001105, 40.296700000003298 ], [ -75.793773000001096, 40.279992000002743 ], [ -75.795478000001737, 40.271700000002923 ], [ -75.768349000001194, 40.258486000003181 ], [ -75.736527000000919, 40.261123000002641 ], [ -75.720458000000988, 40.248460000003433 ], [ -75.696782000001846, 40.241863000003363 ], [ -75.676059000000876, 40.242551000002841 ], [ -75.659409000001062, 40.242344000003186 ], [ -75.658615000001873, 40.241903000003376 ], [ -75.643311000001361, 40.238402000003333 ], [ -75.633989000001037, 40.235303000002659 ], [ -75.627958000001925, 40.232924000002875 ], [ -75.622126000001046, 40.23099600000301 ], [ -75.607557000000853, 40.233365000003189 ], [ -75.592657000001694, 40.225491000002805 ], [ -75.579221000001013, 40.201040000003417 ], [ -75.55664800000099, 40.206422000002995 ], [ -75.549174000001713, 40.189542000003179 ], [ -75.547419000000943, 40.186449000003329 ], [ -75.545338000001792, 40.182555000002807 ], [ -75.544201000001749, 40.180955000003351 ], [ -75.541943000001325, 40.177648000003039 ], [ -75.539581000001974, 40.174966000002847 ], [ -75.531824000000867, 40.170612000003239 ], [ -75.526838000001888, 40.149552000003183 ], [ -75.51904600000087, 40.148051000002802 ], [ -75.511978000001619, 40.15899400000275 ], [ -75.509237000001534, 40.136619000002852 ], [ -75.499728000001895, 40.129585000003182 ], [ -75.492577000001418, 40.126141000003265 ], [ -75.462633000001489, 40.119580000003438 ], [ -75.470697000001906, 40.114865000003256 ], [ -75.461729000001526, 40.103035000002706 ], [ -75.462572000001032, 40.099978000002807 ], [ -75.456624000000957, 40.093854000002921 ], [ -75.456186000000955, 40.087776000003053 ], [ -75.433689000001934, 40.091419000002936 ], [ -75.415021000001289, 40.090138000002788 ], [ -75.408129000000983, 40.0812930000031 ], [ -75.396286000001325, 40.065636000002613 ], [ -75.392632000001171, 40.060974000002972 ], [ -75.36668700000105, 40.072355000002752 ], [ -75.361066000001557, 40.06554300000348 ], [ -75.373013000001066, 40.060190000003367 ], [ -75.398661000001809, 40.048942000002988 ], [ -75.405209000000951, 40.046037000002698 ], [ -75.414991000000825, 40.041787000002941 ], [ -75.412199000001181, 40.038091000002922 ], [ -75.406419000001321, 40.030224000003258 ], [ -75.404338000001232, 40.02736400000331 ], [ -75.423078000001766, 40.014381000002899 ], [ -75.44880800000108, 39.996886000002888 ], [ -75.453743000001438, 39.99360700000318 ], [ -75.43724000000131, 39.989958000002993 ], [ -75.436055000001815, 39.984948000003513 ], [ -75.473493000001781, 39.967520000002963 ], [ -75.493900000001247, 39.95812800000266 ], [ -75.502135000001701, 39.954367000003138 ], [ -75.507874000001536, 39.951651000003132 ], [ -75.523816000001844, 39.944124000003221 ], [ -75.518858000001941, 39.9346000000034 ], [ -75.525513000001723, 39.921935000003394 ], [ -75.533119000001221, 39.925953000002686 ], [ -75.562370000000882, 39.90170900000296 ], [ -75.562539000001721, 39.901638000003487 ], [ -75.571162000001934, 39.888136000003122 ], [ -75.597914000001637, 39.874464000002874 ], [ -75.596198000001294, 39.871816000003342 ], [ -75.59321600000176, 39.869476000003161 ], [ -75.594880000000956, 39.837525000003431 ], [ -75.634843000001084, 39.830250000003147 ], [ -75.680962000001799, 39.813704000003376 ], [ -75.719502000001398, 39.790365000003412 ], [ -75.754470000001518, 39.755634000002757 ], [ -75.773786000001905, 39.722200000002999 ], [ -75.81208000000143, 39.72218200000264 ], [ -75.841862000001456, 39.721970000003147 ], [ -75.962150000001898, 39.7217920000028 ], [ -75.998358000001645, 39.721765000003359 ], [ -76.135484000001114, 39.721147000002759 ], [ -76.11926100000116, 39.723435000003221 ] ] ] } },
{ "type": "Feature", "properties": { "enacted_district": 7, "population": 767801.0, "voting_age_pop": 608554.0, "dem_votes": 167483.0, "rep_votes": 158017.0, "minority_pop": 165923.0, "dem_pct": 0.51454070644714567, "rep_pct": 0.48545929324563464 }, "geometry": { "type": "Polygon", "coordinates": [ [ [ -75.694308000001129, 40.551149000003143 ], [ -75.739442000001318, 40.579940000003305 ], [ -75.766740000001121, 40.597033000003293 ], [ -75.779302000001209, 40.604700000002971 ], [ -75.823909000001493, 40.632761000002937 ], [ -75.891473000001938, 40.677270000002977 ], [ -75.854809000000998, 40.693192000002817 ], [ -75.808285000000978, 40.707299000002926 ], [ -75.757807000001449, 40.735414000003338 ], [ -75.787049000001844, 40.753559000002682 ], [ -75.813030000001447, 40.770301000003101 ], [ -75.828827000001951, 40.78007000000283 ], [ -75.858369000000963, 40.798753000003238 ], [ -75.871249000000873, 40.807192000002829 ], [ -75.891671000001551, 40.821083000002886 ], [ -75.893655000001189, 40.822806000003176 ], [ -75.905813000001871, 40.833363000003075 ], [ -75.90624200000147, 40.833736000002673 ], [ -75.908336000001384, 40.835554000002617 ], [ -75.926429000000965, 40.851726000003218 ], [ -75.957873000001726, 40.878667000002785 ], [ -75.978877000001049, 40.896814000003104 ], [ -75.984133000001876, 40.901382000003387 ], [ -75.989223000000976, 40.905628000002928 ], [ -75.997636000001961, 40.913259000003265 ], [ -75.985994000000957, 40.917439000003249 ], [ -75.935529000001836, 40.935361000003304 ], [ -75.888009000001645, 40.952279000003145 ], [ -75.863924000001134, 40.960976000002674 ], [ -75.84962500000195, 40.971605000003258 ], [ -75.785623000000811, 40.988972000003386 ], [ -75.784582000001208, 40.989365000003403 ], [ -75.732183000001385, 41.008124000002816 ], [ -75.742745000001207, 41.031397000003231 ], [ -75.770275000001121, 41.050094000003298 ], [ -75.770368000001412, 41.054957000003419 ], [ -75.770034000001374, 41.065615000002616 ], [ -75.770062000001872, 41.068760000003117 ], [ -75.766767000001266, 41.093601000003332 ], [ -75.749330000001322, 41.103895000003135 ], [ -75.732499000001226, 41.102968000002924 ], [ -75.716485000001839, 41.118201000002784 ], [ -75.684910000001395, 41.130495000002931 ], [ -75.649412000001277, 41.122304000002771 ], [ -75.615948000001637, 41.104759000002723 ], [ -75.589698000001604, 41.077035000003022 ], [ -75.585545000001588, 41.073828000003218 ], [ -75.569574000001751, 41.049963000002712 ], [ -75.54613800000098, 41.034291000003357 ], [ -75.543359000001146, 41.031609000003343 ], [ -75.497364000001923, 40.988436000003198 ], [ -75.496291000001236, 40.988945000003405 ], [ -75.485894000001252, 40.972872000003015 ], [ -75.465037000001189, 40.947615000003047 ], [ -75.441043000001727, 40.915550000002717 ], [ -75.427130000001668, 40.897121000002869 ], [ -75.336805000001121, 40.917840000003459 ], [ -75.294828000000891, 40.862244000003408 ], [ -75.290074000001894, 40.863930000002718 ], [ -75.244197000001634, 40.894203000002776 ], [ -75.234029000001527, 40.899035000002918 ], [ -75.24113000000186, 40.909438000003469 ], [ -75.217003000001924, 40.928397000002668 ], [ -75.161790000000892, 40.948395000002989 ], [ -75.160387000000853, 40.948491000002846 ], [ -75.138960000001561, 40.954394000002942 ], [ -75.120232000000982, 40.968702000002722 ], [ -75.100458000001083, 40.930257000002825 ], [ -75.087397000001531, 40.918728000003313 ], [ -75.064286000001445, 40.884493000003268 ], [ -75.051448000000974, 40.864209000003058 ], [ -75.064328000001339, 40.848338000002947 ], [ -75.090962000000872, 40.849187000002608 ], [ -75.083732000000822, 40.827273000002883 ], [ -75.108505000000889, 40.791094000003405 ], [ -75.130721000001657, 40.777076000003369 ], [ -75.171587000001935, 40.777745000003016 ], [ -75.195648000001682, 40.752616000002767 ], [ -75.184221000001017, 40.735362000003299 ], [ -75.192883000001615, 40.715648000003092 ], [ -75.202289000001315, 40.696332000003054 ], [ -75.202620000001232, 40.695498000002992 ], [ -75.203020000001914, 40.689398000002903 ], [ -75.190158000000991, 40.67941400000327 ], [ -75.190105000001935, 40.662519000002689 ], [ -75.198870000000923, 40.651175000003143 ], [ -75.190515000001454, 40.635427000002927 ], [ -75.196803000001339, 40.608580000002931 ], [ -75.209036000001419, 40.603088000002927 ], [ -75.214661000001811, 40.600638000003357 ], [ -75.256540000000911, 40.582731000003349 ], [ -75.299017000000902, 40.558601000003208 ], [ -75.314247000001487, 40.548832000003458 ], [ -75.331036000001205, 40.538054000002738 ], [ -75.333514000001202, 40.537057000003081 ], [ -75.380396000001625, 40.506658000003462 ], [ -75.382017000001937, 40.505631000003213 ], [ -75.386717000001482, 40.502669000003038 ], [ -75.388292000001044, 40.501697000003233 ], [ -75.402469000001375, 40.492506000003246 ], [ -75.408763000000974, 40.488601000002639 ], [ -75.409733000001651, 40.487984000002619 ], [ -75.442264000001856, 40.457626000002932 ], [ -75.46429400000163, 40.436908000002717 ], [ -75.484057000001116, 40.418451000003458 ], [ -75.490104000001438, 40.422192000003434 ], [ -75.529694000000859, 40.446995000002872 ], [ -75.530788000001465, 40.447675000003358 ], [ -75.571926000000801, 40.473348000002616 ], [ -75.579274000001746, 40.478007000002741 ], [ -75.589845000001532, 40.484661000002909 ], [ -75.641481000001463, 40.517655000002954 ], [ -75.668697000001529, 40.535024000003347 ], [ -75.674921000001419, 40.538970000003275 ], [ -75.68223800000159, 40.543638000003199 ], [ -75.694308000001129, 40.551149000003143 ] ] ] } },
{ "type": "Feature", "properties": { "enacted_district": 8, "population": 761414.0, "voting_age_pop": 612887.0, "dem_votes": 161912.0, "rep_votes": 152316.0, "minority_pop": 134039.0, "dem_pct": 0.51526916744680007, "rep_pct": 0.48473083223495972 }, "geometry": { "type": "Polygon", "coordinates": [ [ [ -76.036699000001519, 40.973065000002599 ], [ -76.035383000001943, 40.978541000002828 ], [ -76.02478400000129, 40.980308000002722 ], [ -76.019796000001236, 40.985800000002939 ], [ -76.021996000000982, 40.988200000003175 ], [ -76.025045000001711, 40.992196000002885 ], [ -75.998178000001431, 41.016704000003237 ], [ -75.98969500000085, 41.029354000002925 ], [ -76.009933000000814, 41.02507900000316 ], [ -76.012252000001396, 41.047678000002911 ], [ -75.984146000001928, 41.069648000002715 ], [ -75.956840000001222, 41.078792000003297 ], [ -75.927785000001307, 41.088479000003339 ], [ -75.935205000001744, 41.09412400000322 ], [ -75.95078400000169, 41.105976000003416 ], [ -75.95838000000083, 41.114483000003347 ], [ -75.967990000001379, 41.134293000003453 ], [ -75.977514000001065, 41.147240000002625 ], [ -75.979800000001475, 41.146349000002914 ], [ -75.993833000001203, 41.166638000003282 ], [ -76.039257000001214, 41.152990000003122 ], [ -76.054358000000818, 41.155581000003274 ], [ -76.051294000001946, 41.173187000002983 ], [ -76.065842000001268, 41.201726000003426 ], [ -76.039896000001875, 41.212292000002989 ], [ -76.076853000001222, 41.250237000002841 ], [ -76.047054000000841, 41.266824000003389 ], [ -76.038719000000853, 41.271354000003363 ], [ -75.971093000001034, 41.308728000003015 ], [ -75.976957000001008, 41.31565900000296 ], [ -75.947804000000971, 41.328697000003011 ], [ -75.963202000001147, 41.338255000002626 ], [ -75.96590700000155, 41.341350000003203 ], [ -75.995602000001597, 41.334045000003073 ], [ -75.997395000001944, 41.335831000002869 ], [ -76.005123000001234, 41.343578000003241 ], [ -76.008305000001243, 41.347226000003104 ], [ -76.03034100000086, 41.338843000003351 ], [ -76.068988000000871, 41.358329000002733 ], [ -76.063258000001369, 41.382211000002606 ], [ -76.042156000000901, 41.383019000003173 ], [ -76.025360000001811, 41.38367100000324 ], [ -75.968839000001694, 41.394032000002817 ], [ -75.959999000001375, 41.396145000003102 ], [ -75.954847000001664, 41.39737000000266 ], [ -75.878747000000914, 41.415066000003229 ], [ -75.874843000001377, 41.416013000003346 ], [ -75.834869000001021, 41.427031000003218 ], [ -75.83469500000129, 41.427246000002803 ], [ -75.773721000001302, 41.503830000002807 ], [ -75.783926000000932, 41.512796000002737 ], [ -75.802502000001581, 41.523578000003042 ], [ -75.7897170000019, 41.541278000003068 ], [ -75.785146000001617, 41.547383000003094 ], [ -75.779413000001085, 41.555132000002601 ], [ -75.777365000001382, 41.55768100000342 ], [ -75.769564000001864, 41.568230000003403 ], [ -75.770224000001718, 41.569031000002774 ], [ -75.766086000001565, 41.585565000003093 ], [ -75.729174000001038, 41.63579100000252 ], [ -75.719887000000995, 41.642263000003226 ], [ -75.652187000001049, 41.642196000002947 ], [ -75.632976000001705, 41.642015000002637 ], [ -75.531276000001824, 41.641659000003301 ], [ -75.514046000001315, 41.641442000002655 ], [ -75.479291000001666, 41.641628000002896 ], [ -75.474901000001552, 41.64169600000313 ], [ -75.462411000001737, 41.6415870000029 ], [ -75.463620000000802, 41.662962000003219 ], [ -75.465099000001402, 41.68856300000288 ], [ -75.466081000001225, 41.704647000002616 ], [ -75.467344000001546, 41.727020000003442 ], [ -75.470782000001677, 41.783186000002956 ], [ -75.470865000001027, 41.784637000002625 ], [ -75.473697000001579, 41.838530000002969 ], [ -75.476376000001451, 41.873333000002795 ], [ -75.478573000000935, 41.91575200000257 ], [ -75.478994000001876, 41.924647000003297 ], [ -75.483140000001484, 41.999251000002594 ], [ -75.359645000001336, 41.999554000002675 ], [ -75.341079000001344, 41.992856000002767 ], [ -75.33467600000121, 41.970210000002766 ], [ -75.317533000001632, 41.953578000003105 ], [ -75.278709000001655, 41.938523000002917 ], [ -75.26062300000153, 41.883783000003135 ], [ -75.224963000001779, 41.857538000003345 ], [ -75.214781000001281, 41.867483000002707 ], [ -75.176318000000819, 41.872423000003131 ], [ -75.157655000001924, 41.848692000003169 ], [ -75.139876000000797, 41.85205800000287 ], [ -75.113332000001066, 41.841667000002865 ], [ -75.112677000001497, 41.822395000002729 ], [ -75.089880000001116, 41.81170100000341 ], [ -75.103833000001103, 41.778778000002973 ], [ -75.075770000001526, 41.771667000003305 ], [ -75.053197000001873, 41.752425000003278 ], [ -75.04984800000112, 41.713066000003145 ], [ -75.066817000001507, 41.704918000002827 ], [ -75.05125200000154, 41.680018000002718 ], [ -75.04427400000192, 41.617644000002819 ], [ -75.070988000001336, 41.609717000003123 ], [ -75.069559000001291, 41.601874000003114 ], [ -75.028435000001465, 41.564603000003025 ], [ -75.003212000001426, 41.523481000003294 ], [ -74.987491000001782, 41.508819000002752 ], [ -74.985555000001241, 41.487231000002645 ], [ -74.965945000001682, 41.47693200000321 ], [ -74.943415000001252, 41.483681000003067 ], [ -74.909543000001591, 41.473235000002646 ], [ -74.889010000001505, 41.43816500000279 ], [ -74.863142000000792, 41.444387000002905 ], [ -74.8358570000008, 41.431095000002948 ], [ -74.815804000001933, 41.441512000003087 ], [ -74.794230000000965, 41.422851000002723 ], [ -74.761560000001751, 41.423183000002957 ], [ -74.719480000001738, 41.394528000002843 ], [ -74.70590100000129, 41.377060000002864 ], [ -74.697143000001162, 41.371729000003427 ], [ -74.69558000000174, 41.357607000003277 ], [ -74.72595100000143, 41.346192000003278 ], [ -74.752398000001321, 41.346536000002871 ], [ -74.770727000001301, 41.325862000003376 ], [ -74.790981000001054, 41.323140000002667 ], [ -74.795952000001549, 41.317990000002965 ], [ -74.838762000001239, 41.276472000003224 ], [ -74.867437000001132, 41.227420000002709 ], [ -74.859211000001281, 41.220072000002908 ], [ -74.882430000001122, 41.180676000003409 ], [ -74.924469000001736, 41.137530000003032 ], [ -74.979985000001292, 41.110507000002862 ], [ -74.991718000001512, 41.092284000002977 ], [ -74.969123000001844, 41.086803000002881 ], [ -75.013469000001933, 41.065941000003029 ], [ -75.026847000000814, 41.039731000003179 ], [ -75.044232000001202, 41.030685000003352 ], [ -75.084495000001908, 41.015920000003078 ], [ -75.131525000001801, 40.989263000002893 ], [ -75.120232000000982, 40.968702000002722 ], [ -75.138960000001561, 40.954394000002942 ], [ -75.160387000000853, 40.948491000002846 ], [ -75.161790000000892, 40.948395000002989 ], [ -75.217003000001924, 40.928397000002668 ], [ -75.24113000000186, 40.909438000003469 ], [ -75.234029000001527, 40.899035000002918 ], [ -75.244197000001634, 40.894203000002776 ], [ -75.290074000001894, 40.863930000002718 ], [ -75.294828000000891, 40.862244000003408 ], [ -75.336805000001121, 40.917840000003459 ], [ -75.427130000001668, 40.897121000002869 ], [ -75.441043000001727, 40.915550000002717 ], [ -75.465037000001189, 40.947615000003047 ], [ -75.485894000001252, 40.972872000003015 ], [ -75.496291000001236, 40.988945000003405 ], [ -75.497364000001923, 40.988436000003198 ], [ -75.543359000001146, 41.031609000003343 ], [ -75.54613800000098, 41.034291000003357 ], [ -75.569574000001751, 41.049963000002712 ], [ -75.585545000001588, 41.073828000003218 ], [ -75.589698000001604, 41.077035000003022 ], [ -75.615948000001637, 41.104759000002723 ], [ -75.649412000001277, 41.122304000002771 ], [ -75.684910000001395, 41.130495000002931 ], [ -75.716485000001839, 41.118201000002784 ], [ -75.732499000001226, 41.102968000002924 ], [ -75.749330000001322, 41.103895000003135 ], [ -75.766767000001266, 41.093601000003332 ], [ -75.770062000001872, 41.068760000003117 ], [ -75.770034000001374, 41.065615000002616 ], [ -75.770368000001412, 41.054957000003419 ], [ -75.770275000001121, 41.050094000003298 ], [ -75.742745000001207, 41.031397000003231 ], [ -75.732183000001385, 41.008124000002816 ], [ -75.784582000001208, 40.989365000003403 ], [ -75.785623000000811, 40.988972000003386 ], [ -75.84962500000195, 40.971605000003258 ], [ -75.863924000001134, 40.960976000002674 ], [ -75.888009000001645, 40.952279000003145 ], [ -75.935529000001836, 40.935361000003304 ], [ -75.985994000000957, 40.917439000003249 ], [ -75.997636000001961, 40.913259000003265 ], [ -76.028006000000943, 40.902313000003304 ], [ -76.107975000001275, 40.923198000002714 ], [ -76.118527000001947, 40.959899000003411 ], [ -76.036699000001519, 40.973065000002599 ] ] ] } },
{ "type": "Feature", "properties": { "enacted_district": 9, "population": 762523.0, "voting_age_pop": 608613.0, "dem_votes": 109584.0, "rep_votes": 210301.0, "minority_pop": 64082.0, "dem_pct": 0.34257311210510866, "rep_pct": 0.65742688758227896 }, "geometry": { "type": "Polygon", "coordinates": [ [ [ -76.853482000001051, 40.797640000003419 ], [ -76.851459000001427, 40.8019590000034 ], [ -76.849329000001774, 40.809666000002991 ], [ -76.847105000001349, 40.812565000003268 ], [ -76.827340000001996, 40.833414000003309 ], [ -76.824039000001974, 40.836804000003198 ], [ -76.8114890000017, 40.851391000003311 ], [ -76.798718000001585, 40.878325000003102 ], [ -76.800242000001091, 40.881994000003253 ], [ -76.822679000001102, 40.889699000003226 ], [ -76.858075000001094, 40.921545000002588 ], [ -76.86402500000105, 40.931942000002607 ], [ -76.87730000000137, 40.95457900000283 ], [ -76.880679000001635, 40.966570000003372 ], [ -76.882174000001712, 40.968678000002839 ], [ -76.875897000001061, 40.984069000003139 ], [ -76.867389000001225, 41.007939000003205 ], [ -76.865095000001062, 41.018457000003238 ], [ -76.865057000001229, 41.018800000002557 ], [ -76.864544000001985, 41.019795000003178 ], [ -76.864554000001121, 41.019891000003255 ], [ -76.862928000001858, 41.02417000000338 ], [ -76.861503000001207, 41.033952000003033 ], [ -76.861365000001229, 41.037509000003297 ], [ -76.857555000001341, 41.05563000000263 ], [ -76.857470000001001, 41.063749000002751 ], [ -76.858758000001899, 41.0737060000029 ], [ -76.869583000001626, 41.081428000003072 ], [ -76.879578000001473, 41.089857000003185 ], [ -76.880456000001644, 41.090616000003017 ], [ -76.895882000001563, 41.119978000002945 ], [ -76.896114000001688, 41.13907000000296 ], [ -76.889669000001788, 41.15079100000262 ], [ -76.907373000002025, 41.158346000003391 ], [ -76.966900000001928, 41.201065000002586 ], [ -76.955551000001876, 41.211312000003154 ], [ -76.914490000001223, 41.217284000003112 ], [ -76.893808000001798, 41.230516000003099 ], [ -76.898594000001637, 41.230184000003192 ], [ -76.92420500000101, 41.232296000002911 ], [ -76.94339900000152, 41.234548000002746 ], [ -76.969918000000931, 41.245196000003169 ], [ -76.981874000001753, 41.244715000002991 ], [ -76.983351000001477, 41.244161000003274 ], [ -76.993193000001909, 41.240210000003337 ], [ -76.99768800000183, 41.237517000002576 ], [ -77.003663000001268, 41.234411000002972 ], [ -77.00613100000129, 41.23341000000282 ], [ -77.007652000001784, 41.232803000003408 ], [ -77.019049000001147, 41.228901000002992 ], [ -77.028156000001914, 41.228241000002726 ], [ -77.037245000001263, 41.228510000003197 ], [ -77.047937000001497, 41.238178000002868 ], [ -77.053205000001043, 41.237611000002566 ], [ -77.090572000001131, 41.234133000003297 ], [ -77.095058000002012, 41.243201000002877 ], [ -77.063255000001405, 41.245284000003402 ], [ -77.046743000001982, 41.246111000003289 ], [ -77.041190000001293, 41.254191000002642 ], [ -77.042215000001136, 41.266714000003361 ], [ -77.063174000001212, 41.278709000002763 ], [ -77.052270000001258, 41.294764000003291 ], [ -77.054717000001588, 41.297228000002612 ], [ -77.025980000001752, 41.297277000003014 ], [ -77.017367000001059, 41.297291000002666 ], [ -76.996454000001066, 41.297318000002832 ], [ -76.993527000001848, 41.348551000002637 ], [ -76.923508000001192, 41.343377000002612 ], [ -76.912348000001899, 41.354008000003027 ], [ -76.855387000001102, 41.370115000002549 ], [ -76.853806000001484, 41.389440000002594 ], [ -76.827302000001083, 41.394630000002572 ], [ -76.827145000001551, 41.411809000003274 ], [ -76.826669000001019, 41.470039000003247 ], [ -76.803217000001894, 41.470771000002571 ], [ -76.772397000001249, 41.471675000002683 ], [ -76.772402000001307, 41.47168600000326 ], [ -76.813731000001567, 41.590034000002859 ], [ -76.874714000002058, 41.596919000003041 ], [ -76.88351100000105, 41.666314000002814 ], [ -76.883853000001636, 41.669039000002755 ], [ -76.893201000001852, 41.748463000002914 ], [ -76.89615300000149, 41.773401000002579 ], [ -76.904024000001542, 41.838119000002585 ], [ -76.911778000001917, 41.896690000002707 ], [ -76.914436000001089, 41.914937000003071 ], [ -76.927059000001833, 42.001575000003278 ], [ -76.830573000001777, 42.001990000003154 ], [ -76.747273000001613, 42.001668000003079 ], [ -76.637988000000902, 42.000721000002883 ], [ -76.557727000001307, 42.000064000003078 ], [ -76.532145000001094, 41.999855000003336 ], [ -76.523135000002029, 41.9997580000027 ], [ -76.473407000001686, 41.999147000003177 ], [ -76.381540000001749, 41.998481000003153 ], [ -76.264300000000972, 41.998407000002523 ], [ -76.145519000001201, 41.998842000002973 ], [ -76.11090900000174, 41.998901000002839 ], [ -76.060103000001774, 41.999022000003251 ], [ -75.988842000001597, 41.99901900000296 ], [ -75.890615000000977, 41.998579000003424 ], [ -75.773445000001502, 41.997870000002912 ], [ -75.655567000001525, 41.998618000002963 ], [ -75.607554000001386, 41.998882000003256 ], [ -75.483140000001484, 41.999251000002594 ], [ -75.478994000001876, 41.924647000003297 ], [ -75.478573000000935, 41.91575200000257 ], [ -75.476376000001451, 41.873333000002795 ], [ -75.473697000001579, 41.838530000002969 ], [ -75.470865000001027, 41.784637000002625 ], [ -75.470782000001677, 41.783186000002956 ], [ -75.467344000001546, 41.727020000003442 ], [ -75.466081000001225, 41.704647000002616 ], [ -75.465099000001402, 41.68856300000288 ], [ -75.463620000000802, 41.662962000003219 ], [ -75.462411000001737, 41.6415870000029 ], [ -75.474901000001552, 41.64169600000313 ], [ -75.479291000001666, 41.641628000002896 ], [ -75.514046000001315, 41.641442000002655 ], [ -75.531276000001824, 41.641659000003301 ], [ -75.632976000001705, 41.642015000002637 ], [ -75.652187000001049, 41.642196000002947 ], [ -75.719887000000995, 41.642263000003226 ], [ -75.729174000001038, 41.63579100000252 ], [ -75.766086000001565, 41.585565000003093 ], [ -75.770224000001718, 41.569031000002774 ], [ -75.769564000001864, 41.568230000003403 ], [ -75.777365000001382, 41.55768100000342 ], [ -75.779413000001085, 41.555132000002601 ], [ -75.785146000001617, 41.547383000003094 ], [ -75.7897170000019, 41.541278000003068 ], [ -75.802502000001581, 41.523578000003042 ], [ -75.783926000000932, 41.512796000002737 ], [ -75.773721000001302, 41.503830000002807 ], [ -75.83469500000129, 41.427246000002803 ], [ -75.834869000001021, 41.427031000003218 ], [ -75.874843000001377, 41.416013000003346 ], [ -75.878747000000914, 41.415066000003229 ], [ -75.954847000001664, 41.39737000000266 ], [ -75.959999000001375, 41.396145000003102 ], [ -75.968839000001694, 41.394032000002817 ], [ -76.025360000001811, 41.38367100000324 ], [ -76.042156000000901, 41.383019000003173 ], [ -76.063258000001369, 41.382211000002606 ], [ -76.068988000000871, 41.358329000002733 ], [ -76.03034100000086, 41.338843000003351 ], [ -76.008305000001243, 41.347226000003104 ], [ -76.005123000001234, 41.343578000003241 ], [ -75.997395000001944, 41.335831000002869 ], [ -75.995602000001597, 41.334045000003073 ], [ -75.96590700000155, 41.341350000003203 ], [ -75.963202000001147, 41.338255000002626 ], [ -75.947804000000971, 41.328697000003011 ], [ -75.976957000001008, 41.31565900000296 ], [ -75.971093000001034, 41.308728000003015 ], [ -76.038719000000853, 41.271354000003363 ], [ -76.047054000000841, 41.266824000003389 ], [ -76.076853000001222, 41.250237000002841 ], [ -76.039896000001875, 41.212292000002989 ], [ -76.065842000001268, 41.201726000003426 ], [ -76.051294000001946, 41.173187000002983 ], [ -76.054358000000818, 41.155581000003274 ], [ -76.039257000001214, 41.152990000003122 ], [ -75.993833000001203, 41.166638000003282 ], [ -75.979800000001475, 41.146349000002914 ], [ -75.977514000001065, 41.147240000002625 ], [ -75.967990000001379, 41.134293000003453 ], [ -75.95838000000083, 41.114483000003347 ], [ -75.95078400000169, 41.105976000003416 ], [ -75.935205000001744, 41.09412400000322 ], [ -75.927785000001307, 41.088479000003339 ], [ -75.956840000001222, 41.078792000003297 ], [ -75.984146000001928, 41.069648000002715 ], [ -76.012252000001396, 41.047678000002911 ], [ -76.009933000000814, 41.02507900000316 ], [ -75.98969500000085, 41.029354000002925 ], [ -75.998178000001431, 41.016704000003237 ], [ -76.025045000001711, 40.992196000002885 ], [ -76.021996000000982, 40.988200000003175 ], [ -76.019796000001236, 40.985800000002939 ], [ -76.02478400000129, 40.980308000002722 ], [ -76.035383000001943, 40.978541000002828 ], [ -76.036699000001519, 40.973065000002599 ], [ -76.118527000001947, 40.959899000003411 ], [ -76.107975000001275, 40.923198000002714 ], [ -76.028006000000943, 40.902313000003304 ], [ -75.997636000001961, 40.913259000003265 ], [ -75.989223000000976, 40.905628000002928 ], [ -75.984133000001876, 40.901382000003387 ], [ -75.978877000001049, 40.896814000003104 ], [ -75.957873000001726, 40.878667000002785 ], [ -75.926429000000965, 40.851726000003218 ], [ -75.908336000001384, 40.835554000002617 ], [ -75.90624200000147, 40.833736000002673 ], [ -75.905813000001871, 40.833363000003075 ], [ -75.893655000001189, 40.822806000003176 ], [ -75.891671000001551, 40.821083000002886 ], [ -75.871249000000873, 40.807192000002829 ], [ -75.858369000000963, 40.798753000003238 ], [ -75.828827000001951, 40.78007000000283 ], [ -75.813030000001447, 40.770301000003101 ], [ -75.787049000001844, 40.753559000002682 ], [ -75.757807000001449, 40.735414000003338 ], [ -75.808285000000978, 40.707299000002926 ], [ -75.854809000000998, 40.693192000002817 ], [ -75.891473000001938, 40.677270000002977 ], [ -75.823909000001493, 40.632761000002937 ], [ -75.779302000001209, 40.604700000002971 ], [ -75.766740000001121, 40.597033000003293 ], [ -75.826390000001922, 40.595028000003246 ], [ -75.937243000001246, 40.591501000003142 ], [ -75.879799000000958, 40.554908000002882 ], [ -75.87760900000147, 40.538425000003173 ], [ -75.98392000000122, 40.530941000003118 ], [ -76.001473000001099, 40.515301000003205 ], [ -75.982176000000905, 40.500067000003362 ], [ -75.963220000001115, 40.507712000002932 ], [ -75.962241000001512, 40.498953000002786 ], [ -75.971577000001432, 40.490734000002917 ], [ -75.976325000001012, 40.466516000003331 ], [ -75.976962000001492, 40.456655000003273 ], [ -75.976427000001635, 40.452167000002646 ], [ -75.971815000000859, 40.447455000002982 ], [ -76.027909000001031, 40.432735000002978 ], [ -76.023879000001159, 40.419597000002803 ], [ -76.021164000001178, 40.410745000003381 ], [ -76.051025000000905, 40.38953900000331 ], [ -76.052961000001474, 40.394192000003017 ], [ -76.072869000001091, 40.388451000003101 ], [ -76.083340000000959, 40.36689900000259 ], [ -76.085210000001638, 40.363761000002889 ], [ -76.049676000001412, 40.337711000002813 ], [ -76.042514000000892, 40.326730000003387 ], [ -76.034723000000938, 40.326407000003137 ], [ -76.037195000001688, 40.324106000003468 ], [ -76.054918000001805, 40.307350000003225 ], [ -76.09176400000193, 40.277692000002808 ], [ -76.131741000001313, 40.303162000002708 ], [ -76.151215000001187, 40.315971000002577 ], [ -76.160762000001384, 40.312167000003448 ], [ -76.211253000001904, 40.292723000003193 ], [ -76.215258000001043, 40.29118000000318 ], [ -76.272461000001854, 40.268869000002937 ], [ -76.283950000001425, 40.264369000003249 ], [ -76.336461000001904, 40.25128400000348 ], [ -76.350503000001254, 40.2496760000028 ], [ -76.386298000001204, 40.244994000003331 ], [ -76.429532000001785, 40.238990000002794 ], [ -76.436433000001543, 40.237890000002565 ], [ -76.466307000000853, 40.228400000003049 ], [ -76.469311000001838, 40.227409000003369 ], [ -76.566339000001022, 40.19664400000336 ], [ -76.585696000000937, 40.237672000002895 ], [ -76.592173000001821, 40.254280000003206 ], [ -76.598100000001565, 40.269737000003097 ], [ -76.600933000001774, 40.277208000002801 ], [ -76.604789000001162, 40.287429000002959 ], [ -76.607807000001955, 40.295704000003077 ], [ -76.61003600000187, 40.300968000003429 ], [ -76.611365000001058, 40.304361000003063 ], [ -76.625538000001313, 40.339273000002834 ], [ -76.640473000000981, 40.377374000002725 ], [ -76.667771000001537, 40.447888000003346 ], [ -76.678040000001829, 40.474717000003203 ], [ -76.535414000001623, 40.555157000002779 ], [ -76.545140000001268, 40.561118000002793 ], [ -76.562649000001429, 40.571883000002906 ], [ -76.569480000001235, 40.576092000002717 ], [ -76.577073000002002, 40.580677000003462 ], [ -76.609607000001077, 40.600932000003048 ], [ -76.622898000001413, 40.609324000003262 ], [ -76.639697000001163, 40.619836000003424 ], [ -76.689876000000879, 40.65100300000303 ], [ -76.70162400000126, 40.658082000003077 ], [ -76.745894000001812, 40.654464000002598 ], [ -76.794708000001592, 40.640836000003375 ], [ -76.810044000001255, 40.640102000002834 ], [ -76.810149000000919, 40.634914000002979 ], [ -76.840104000001915, 40.625439000002721 ], [ -76.864254000001438, 40.627585000002824 ], [ -76.886411000001189, 40.617758000003107 ], [ -76.925496000001971, 40.608891000003439 ], [ -76.949148000001884, 40.628167000002982 ], [ -76.939883000001075, 40.638142000002837 ], [ -76.914950000001966, 40.664662000003361 ], [ -76.884247000001139, 40.684513000002951 ], [ -76.874448000001323, 40.692803000002932 ], [ -76.86938700000124, 40.698975000002598 ], [ -76.856015000001221, 40.724671000002623 ], [ -76.856846000001227, 40.743697000002669 ], [ -76.857403000001966, 40.750035000003443 ], [ -76.856674000001874, 40.788378000003227 ], [ -76.853482000001051, 40.797640000003419 ] ] ] } },
{ "type": "Feature", "properties": { "enacted_district": 10, "population": 765120.0, "voting_age_pop": 600953.0, "dem_votes": 160087.0, "rep_votes": 177537.0, "minority_pop": 151828.0, "dem_pct": 0.47415764268116078, "rep_pct": 0.5258423570226517 }, "geometry": { "type": "Polygon", "coordinates": [ [ [ -77.155585000001366, 40.056708000003027 ], [ -77.177403000000893, 40.037434000003067 ], [ -77.185630000001765, 40.029501000003037 ], [ -77.228874000001397, 40.025084000002593 ], [ -77.253345000001815, 40.0210680000026 ], [ -77.2552090000015, 40.020760000003456 ], [ -77.353730000001889, 40.003302000003103 ], [ -77.425414000000956, 40.074123000002885 ], [ -77.44729000000163, 40.091992000002719 ], [ -77.402344000001463, 40.118711000002691 ], [ -77.407370000001123, 40.127972000003282 ], [ -77.402218000001255, 40.165167000002775 ], [ -77.409086000001267, 40.167724000003282 ], [ -77.394320000001812, 40.175481000002883 ], [ -77.391926000001476, 40.188794000003135 ], [ -77.390756000002042, 40.189762000002986 ], [ -77.353574000001757, 40.212550000003368 ], [ -77.3365590000015, 40.231277000002713 ], [ -77.336587000000975, 40.249697000002605 ], [ -77.322842000001941, 40.270721000002702 ], [ -77.280548000001886, 40.275923000003267 ], [ -77.269957000002023, 40.278671000003293 ], [ -77.229166000001015, 40.283744000002883 ], [ -77.204687000001812, 40.287047000002936 ], [ -77.185461000000956, 40.287664000003254 ], [ -77.132950000001259, 40.295077000003126 ], [ -77.083942000001358, 40.301220000003212 ], [ -77.063437000001713, 40.302023000003132 ], [ -77.014719000001051, 40.304728000002655 ], [ -76.97686100000189, 40.309857000003412 ], [ -76.93978300000127, 40.320062000003105 ], [ -76.914970000001375, 40.328484000003357 ], [ -76.92120600000186, 40.336391000003253 ], [ -76.932147000001081, 40.354596000002921 ], [ -76.93358900000122, 40.356045000002936 ], [ -76.998022000001498, 40.356679000003382 ], [ -77.019178000001475, 40.364785000002669 ], [ -77.027007000001959, 40.380892000003129 ], [ -77.029199000001682, 40.386880000003003 ], [ -77.015536000001944, 40.400861000003346 ], [ -77.016270000002038, 40.42517300000322 ], [ -76.992101000002023, 40.436722000002959 ], [ -76.971244000001391, 40.451969000002578 ], [ -76.968945000000886, 40.452835000002999 ], [ -76.961143000001456, 40.455790000003326 ], [ -76.952809000001764, 40.462467000003087 ], [ -76.953046000001123, 40.490572000003098 ], [ -76.984389000001741, 40.514565000002811 ], [ -76.98198900000186, 40.543415000003229 ], [ -76.991939000001224, 40.561475000002808 ], [ -76.976678000001925, 40.581665000003071 ], [ -76.958755000001489, 40.592855000003333 ], [ -76.949148000001884, 40.628167000002982 ], [ -76.925496000001971, 40.608891000003439 ], [ -76.886411000001189, 40.617758000003107 ], [ -76.864254000001438, 40.627585000002824 ], [ -76.840104000001915, 40.625439000002721 ], [ -76.810149000000919, 40.634914000002979 ], [ -76.810044000001255, 40.640102000002834 ], [ -76.794708000001592, 40.640836000003375 ], [ -76.745894000001812, 40.654464000002598 ], [ -76.70162400000126, 40.658082000003077 ], [ -76.689876000000879, 40.65100300000303 ], [ -76.639697000001163, 40.619836000003424 ], [ -76.622898000001413, 40.609324000003262 ], [ -76.609607000001077, 40.600932000003048 ], [ -76.577073000002002, 40.580677000003462 ], [ -76.569480000001235, 40.576092000002717 ], [ -76.562649000001429, 40.571883000002906 ], [ -76.545140000001268, 40.561118000002793 ], [ -76.535414000001623, 40.555157000002779 ], [ -76.678040000001829, 40.474717000003203 ], [ -76.667771000001537, 40.447888000003346 ], [ -76.640473000000981, 40.377374000002725 ], [ -76.625538000001313, 40.339273000002834 ], [ -76.611365000001058, 40.304361000003063 ], [ -76.61003600000187, 40.300968000003429 ], [ -76.607807000001955, 40.295704000003077 ], [ -76.604789000001162, 40.287429000002959 ], [ -76.600933000001774, 40.277208000002801 ], [ -76.598100000001565, 40.269737000003097 ], [ -76.592173000001821, 40.254280000003206 ], [ -76.585696000000937, 40.237672000002895 ], [ -76.566339000001022, 40.19664400000336 ], [ -76.589485000000906, 40.190349000003188 ], [ -76.606519000001811, 40.189990000002858 ], [ -76.636018000002011, 40.170062000002993 ], [ -76.643169000001251, 40.165625000002628 ], [ -76.643389000001633, 40.165504000002841 ], [ -76.67636900000133, 40.153055000002929 ], [ -76.695594000001748, 40.15409700000319 ], [ -76.721620000001096, 40.120070000003025 ], [ -76.715097000001705, 40.11598000000312 ], [ -76.707881000001947, 40.110626000002647 ], [ -76.663825000001367, 40.063227000003387 ], [ -76.644508000001053, 40.058069000003456 ], [ -76.668371000001301, 40.030931000003285 ], [ -76.646919000001333, 40.005283000003416 ], [ -76.621602000001388, 39.980044000002614 ], [ -76.616092000001103, 39.973442000003246 ], [ -76.66035300000118, 39.961793000002857 ], [ -76.660317000001342, 39.960919000003109 ], [ -76.681087000001611, 39.951098000002929 ], [ -76.681468000001132, 39.950922000002627 ], [ -76.68077000000153, 39.948763000002849 ], [ -76.692994000001519, 39.944711000003281 ], [ -76.700320000001497, 39.940675000003203 ], [ -76.703903000001944, 39.937806000003079 ], [ -76.711843000001991, 39.933839000002621 ], [ -76.724000000001553, 39.927764000003194 ], [ -76.748223000001815, 39.914199000002903 ], [ -76.751631000001069, 39.92315500000305 ], [ -76.787173000001317, 39.916970000003467 ], [ -76.796756000001011, 39.909145000003228 ], [ -76.796853000001789, 39.907263000002672 ], [ -76.831754000001084, 39.897905000003135 ], [ -76.838995000001958, 39.88064000000324 ], [ -76.856801000000985, 39.875823000003194 ], [ -76.865788000001558, 39.893502000003174 ], [ -76.870582000001832, 39.87960400000307 ], [ -76.866639000001683, 39.868868000003225 ], [ -76.889907000001301, 39.864281000003217 ], [ -76.929799000000912, 39.85926400000271 ], [ -76.934045000001703, 39.87880800000282 ], [ -76.904343000001646, 39.916385000002812 ], [ -76.903253000001456, 39.954273000002637 ], [ -76.93268800000186, 39.966984000003286 ], [ -76.961123000001876, 39.962789000002715 ], [ -76.966202000000877, 39.935192000002999 ], [ -77.010512000001427, 40.000423000003018 ], [ -77.026238000001598, 40.018378000003011 ], [ -77.054401000000979, 40.023207000002628 ], [ -77.092628000001298, 40.053920000003181 ], [ -77.13742500000113, 40.069945000003251 ], [ -77.155585000001366, 40.056708000003027 ] ] ] } },
{ "type": "Feature", "properties": { "enacted_district": 11, "population": 763503.0, "voting_age_pop": 590861.0, "dem_votes": 129279.0, "rep_votes": 200490.0, "minority_pop": 93578.0, "dem_pct": 0.39202896561167699, "rep_pct": 0.60797103408508046 }, "geometry": { "type": "Polygon", "coordinates": [ [ [ -76.757796000001321, 39.720902000003349 ], [ -76.800478000001732, 39.720592000003215 ], [ -76.881100000000885, 39.720400000003032 ], [ -76.999318000001836, 39.72010600000317 ], [ -76.99945000000119, 39.760208000002969 ], [ -76.999546000001487, 39.791058000002963 ], [ -76.999576000002023, 39.794987000002671 ], [ -76.999598000001569, 39.805044000003178 ], [ -76.999650000000926, 39.819634000002722 ], [ -76.998583000001503, 39.831385000002776 ], [ -76.957175000001683, 39.855741000002965 ], [ -76.955051000001362, 39.856975000002677 ], [ -76.977888000001357, 39.883334000002691 ], [ -76.981948000001566, 39.891261000002849 ], [ -76.983850000001922, 39.894976000003226 ], [ -76.966983000001477, 39.916183000002754 ], [ -76.971805000001567, 39.928523000003288 ], [ -76.969691000001376, 39.937333000003335 ], [ -76.966202000000877, 39.935192000002999 ], [ -76.961123000001876, 39.962789000002715 ], [ -76.93268800000186, 39.966984000003286 ], [ -76.903253000001456, 39.954273000002637 ], [ -76.904343000001646, 39.916385000002812 ], [ -76.934045000001703, 39.87880800000282 ], [ -76.929799000000912, 39.85926400000271 ], [ -76.889907000001301, 39.864281000003217 ], [ -76.866639000001683, 39.868868000003225 ], [ -76.870582000001832, 39.87960400000307 ], [ -76.865788000001558, 39.893502000003174 ], [ -76.856801000000985, 39.875823000003194 ], [ -76.838995000001958, 39.88064000000324 ], [ -76.831754000001084, 39.897905000003135 ], [ -76.796853000001789, 39.907263000002672 ], [ -76.796756000001011, 39.909145000003228 ], [ -76.787173000001317, 39.916970000003467 ], [ -76.751631000001069, 39.92315500000305 ], [ -76.748223000001815, 39.914199000002903 ], [ -76.724000000001553, 39.927764000003194 ], [ -76.711843000001991, 39.933839000002621 ], [ -76.703903000001944, 39.937806000003079 ], [ -76.700320000001497, 39.940675000003203 ], [ -76.692994000001519, 39.944711000003281 ], [ -76.68077000000153, 39.948763000002849 ], [ -76.681468000001132, 39.950922000002627 ], [ -76.681087000001611, 39.951098000002929 ], [ -76.660317000001342, 39.960919000003109 ], [ -76.66035300000118, 39.961793000002857 ], [ -76.616092000001103, 39.973442000003246 ], [ -76.621602000001388, 39.980044000002614 ], [ -76.646919000001333, 40.005283000003416 ], [ -76.668371000001301, 40.030931000003285 ], [ -76.644508000001053, 40.058069000003456 ], [ -76.663825000001367, 40.063227000003387 ], [ -76.707881000001947, 40.110626000002647 ], [ -76.715097000001705, 40.11598000000312 ], [ -76.721620000001096, 40.120070000003025 ], [ -76.695594000001748, 40.15409700000319 ], [ -76.67636900000133, 40.153055000002929 ], [ -76.643389000001633, 40.165504000002841 ], [ -76.643169000001251, 40.165625000002628 ], [ -76.636018000002011, 40.170062000002993 ], [ -76.606519000001811, 40.189990000002858 ], [ -76.589485000000906, 40.190349000003188 ], [ -76.566339000001022, 40.19664400000336 ], [ -76.469311000001838, 40.227409000003369 ], [ -76.466307000000853, 40.228400000003049 ], [ -76.436433000001543, 40.237890000002565 ], [ -76.429532000001785, 40.238990000002794 ], [ -76.386298000001204, 40.244994000003331 ], [ -76.350503000001254, 40.2496760000028 ], [ -76.336461000001904, 40.25128400000348 ], [ -76.283950000001425, 40.264369000003249 ], [ -76.272461000001854, 40.268869000002937 ], [ -76.215258000001043, 40.29118000000318 ], [ -76.211253000001904, 40.292723000003193 ], [ -76.160762000001384, 40.312167000003448 ], [ -76.151215000001187, 40.315971000002577 ], [ -76.131741000001313, 40.303162000002708 ], [ -76.09176400000193, 40.277692000002808 ], [ -76.049489000001259, 40.250634000003174 ], [ -76.044058000001897, 40.247237000002812 ], [ -76.043993000000938, 40.247196000003115 ], [ -75.991271000000992, 40.213183000002765 ], [ -75.943437000001651, 40.182676000003056 ], [ -75.941804000001767, 40.181588000002719 ], [ -75.882075000001208, 40.142599000003365 ], [ -75.873375000001346, 40.137107000003006 ], [ -75.942440000001483, 40.106515000002688 ], [ -75.942160000001266, 40.105159000002971 ], [ -75.934332000001675, 40.04756600000281 ], [ -75.936677000001268, 40.036392000003325 ], [ -75.951398000001859, 40.016421000002808 ], [ -75.972407000001098, 39.987510000003212 ], [ -75.99012300000102, 39.959476000002958 ], [ -75.992347000001843, 39.945990000002908 ], [ -75.98505600000199, 39.937871000002751 ], [ -75.997132000001272, 39.922062000003002 ], [ -75.986914000001917, 39.873499000003179 ], [ -76.001709000001114, 39.8746980000031 ], [ -76.017384000001272, 39.833488000002674 ], [ -76.038501000001645, 39.801730000003069 ], [ -76.048981000001163, 39.802044000002915 ], [ -76.061676000001057, 39.774115000003434 ], [ -76.102479000001637, 39.724033000003416 ], [ -76.11926100000116, 39.723435000003221 ], [ -76.135484000001114, 39.721147000002759 ], [ -76.239805000001397, 39.72133500000286 ], [ -76.332381000001988, 39.721303000002912 ], [ -76.337113000001693, 39.721290000003407 ], [ -76.404526000001496, 39.721239000002946 ], [ -76.438881000001629, 39.721305000003348 ], [ -76.461138000001966, 39.72130100000323 ], [ -76.52608800000111, 39.721303000002791 ], [ -76.609425000002005, 39.721297000003368 ], [ -76.685425000001246, 39.721103000003055 ], [ -76.702686000001663, 39.721104000002725 ], [ -76.757796000001321, 39.720902000003349 ] ] ] } },
{ "type": "Feature", "properties": { "enacted_district": 12, "population": 764826.0, "voting_age_pop": 629646.0, "dem_votes": 232814.0, "rep_votes": 138848.0, "minority_pop": 152196.0, "dem_pct": 0.62641324627580619, "rep_pct": 0.37358675345513215 }, "geometry": { "type": "Polygon", "coordinates": [ [ [ -80.07238100000157, 40.299236000003326 ], [ -80.073960000001776, 40.299837000003315 ], [ -80.082910000001476, 40.30251300000316 ], [ -80.089076000001924, 40.304269000002883 ], [ -80.094945000001601, 40.305907000003337 ], [ -80.116278000001458, 40.312659000003073 ], [ -80.115855000001162, 40.318859000003059 ], [ -80.113471000001951, 40.331546000003065 ], [ -80.110129000001663, 40.351565000002957 ], [ -80.114328000001578, 40.355210000002515 ], [ -80.118919000001569, 40.358157000002628 ], [ -80.119943000002067, 40.362245000002581 ], [ -80.119042000001201, 40.362981000003366 ], [ -80.109903000001822, 40.363781000002888 ], [ -80.094685000001206, 40.364319000002958 ], [ -80.095184000001993, 40.36336800000317 ], [ -80.094936000001297, 40.362902000002691 ], [ -80.086937000001782, 40.363981000002553 ], [ -80.077247000001236, 40.363865000002669 ], [ -80.072664000001794, 40.363778000002505 ], [ -80.070512000002012, 40.363500000003313 ], [ -80.069226000001933, 40.363134000002511 ], [ -80.067080000001738, 40.362524000003269 ], [ -80.064343000001386, 40.361749000003336 ], [ -80.060701000001274, 40.359305000003339 ], [ -80.059874000001571, 40.358751000003195 ], [ -80.050924000002112, 40.353007000002918 ], [ -80.051170000002173, 40.351043000003386 ], [ -80.036380000001955, 40.353916000002833 ], [ -80.033428000002033, 40.35513900000285 ], [ -80.028218000001374, 40.355858000003202 ], [ -80.028464000002074, 40.356962000003016 ], [ -80.017084000001702, 40.359027000002833 ], [ -80.015425000002196, 40.360296000002506 ], [ -80.014813000001325, 40.360694000003107 ], [ -80.009643000001887, 40.360267000003049 ], [ -80.004877000002224, 40.364790000002976 ], [ -80.005268000001593, 40.365026000002651 ], [ -80.001586000001566, 40.374841000002597 ], [ -80.005372000002012, 40.374597000003376 ], [ -80.006708000001083, 40.374861000003207 ], [ -80.004181000001694, 40.378170000003053 ], [ -80.005244000001639, 40.383840000003197 ], [ -80.007158000001795, 40.381531000002717 ], [ -80.01249200000197, 40.383399000003301 ], [ -80.016874000001806, 40.385969000002852 ], [ -80.021313000001555, 40.388118000002784 ], [ -80.023653000001318, 40.389390000002514 ], [ -80.027827000001651, 40.391598000003142 ], [ -80.028696000001119, 40.391296000002946 ], [ -80.031144000001206, 40.396613000003185 ], [ -80.029390000001769, 40.397205000002494 ], [ -80.031468000002121, 40.400397000002762 ], [ -80.031851000001495, 40.40088300000334 ], [ -80.032482000002034, 40.401729000002803 ], [ -80.036343000001878, 40.404261000002563 ], [ -80.039818000002015, 40.401279000002909 ], [ -80.041853000001439, 40.399433000002858 ], [ -80.044882000002076, 40.399060000002493 ], [ -80.048654000002202, 40.400746000002769 ], [ -80.05120200000114, 40.40194300000266 ], [ -80.048643000001192, 40.406089000002936 ], [ -80.047599000001441, 40.40778000000266 ], [ -80.043725000001928, 40.41405200000262 ], [ -80.035546000001986, 40.427201000003159 ], [ -80.040698000002223, 40.428683000002863 ], [ -80.042491000001831, 40.428618000002913 ], [ -80.053773000001186, 40.42793800000257 ], [ -80.066764000001314, 40.423449000002854 ], [ -80.073862000001071, 40.413399000002578 ], [ -80.078659000001153, 40.416462000002753 ], [ -80.085542000001055, 40.423842000002601 ], [ -80.07097900000214, 40.42823000000255 ], [ -80.068580000001674, 40.43135800000254 ], [ -80.065955000002106, 40.430438000003249 ], [ -80.065546000001149, 40.430349000003005 ], [ -80.057861000001509, 40.431438000002963 ], [ -80.058044000001814, 40.435721000003021 ], [ -80.061173000001759, 40.440597000003272 ], [ -80.061216000001721, 40.440632000002772 ], [ -80.057900000001538, 40.443141000003109 ], [ -80.055371000002154, 40.44393600000258 ], [ -80.05674200000189, 40.444315000002973 ], [ -80.065347000001736, 40.448544000003061 ], [ -80.068616000002223, 40.447845000003142 ], [ -80.078505000001201, 40.446527000002966 ], [ -80.077437000002135, 40.444188000003223 ], [ -80.076352000002103, 40.441808000003213 ], [ -80.080511000001209, 40.440495000002542 ], [ -80.080749000002044, 40.439738000003345 ], [ -80.08239600000114, 40.440244000002757 ], [ -80.092410000001848, 40.450918000003014 ], [ -80.093375000001672, 40.450754000002803 ], [ -80.07769700000172, 40.464736000002873 ], [ -80.075364000001116, 40.463981000003152 ], [ -80.074234000001553, 40.463127000002892 ], [ -80.065417000001773, 40.462014000003329 ], [ -80.065211000001227, 40.462113000002859 ], [ -80.057249000001391, 40.463714000002973 ], [ -80.057139000002095, 40.463753000002981 ], [ -80.051287000001849, 40.465564000002765 ], [ -80.04786200000207, 40.475814000002572 ], [ -80.053179000001151, 40.48217000000308 ], [ -80.051100000001753, 40.483782000002869 ], [ -80.046444000001202, 40.487163000003171 ], [ -80.0455940000016, 40.487804000002669 ], [ -80.04325100000122, 40.489569000002561 ], [ -80.036617000002096, 40.490508000002528 ], [ -80.032500000001107, 40.490981000002989 ], [ -80.028207000001842, 40.491082000002784 ], [ -80.02778400000183, 40.491100000002781 ], [ -80.026562000001235, 40.496688000002926 ], [ -80.019944000001232, 40.496781000003345 ], [ -80.020079000001701, 40.497709000002821 ], [ -80.013033000001712, 40.498731000002515 ], [ -80.012258000001893, 40.498879000002795 ], [ -80.00393200000218, 40.496285000003226 ], [ -80.003206000001683, 40.482548000002495 ], [ -79.998607000001826, 40.479165000003235 ], [ -79.99754500000185, 40.472982000002808 ], [ -79.991860000001381, 40.473134000002723 ], [ -79.993609000001314, 40.47740800000291 ], [ -79.985881000001442, 40.471901000003257 ], [ -79.983868000001806, 40.466322000002975 ], [ -79.981829000001625, 40.469316000003033 ], [ -79.977193000001307, 40.470848000002803 ], [ -79.970767000002184, 40.470658000002757 ], [ -79.968685000001088, 40.472750000003039 ], [ -79.96676800000111, 40.475164000002877 ], [ -79.965716000001962, 40.476502000003109 ], [ -79.964756000002083, 40.477917000003288 ], [ -79.960690000001961, 40.482055000003001 ], [ -79.951270000001159, 40.487586000003184 ], [ -79.949780000001354, 40.488095000003007 ], [ -79.938355000001067, 40.49098300000302 ], [ -79.934338000001716, 40.491570000002518 ], [ -79.932961000001967, 40.491647000003034 ], [ -79.92504400000216, 40.490999000002482 ], [ -79.923567000001157, 40.490717000003279 ], [ -79.917249000001817, 40.489258000003289 ], [ -79.915182000001238, 40.48883500000268 ], [ -79.907352000002106, 40.487200000002595 ], [ -79.906923000001214, 40.487098000002533 ], [ -79.901626000001414, 40.488985000002657 ], [ -79.896912000002018, 40.492614000002717 ], [ -79.889832000001675, 40.491527000002591 ], [ -79.88460400000217, 40.490922000003131 ], [ -79.883807000001255, 40.483212000003192 ], [ -79.887081000001473, 40.475920000003171 ], [ -79.887735000001257, 40.47306700000285 ], [ -79.888137000001976, 40.470843000002759 ], [ -79.888464000002102, 40.469194000002574 ], [ -79.889044000001846, 40.466494000003074 ], [ -79.889992000001357, 40.461829000003299 ], [ -79.888502000002035, 40.461430000002657 ], [ -79.884781000001624, 40.460517000002774 ], [ -79.879241000001116, 40.459152000003222 ], [ -79.875210000002056, 40.459905000002692 ], [ -79.874504000001821, 40.459263000003141 ], [ -79.871739000001128, 40.461030000002687 ], [ -79.869102000001632, 40.460973000002731 ], [ -79.871466000001746, 40.457143000003342 ], [ -79.868278000001467, 40.45635100000294 ], [ -79.865843000001632, 40.455745000002729 ], [ -79.866477000001964, 40.452766000003258 ], [ -79.867561000001942, 40.449389000002654 ], [ -79.869040000001519, 40.44938900000308 ], [ -79.877692000001716, 40.449858000003054 ], [ -79.878312000001301, 40.449922000002616 ], [ -79.882185000001741, 40.449189000002647 ], [ -79.884087000001429, 40.44914400000323 ], [ -79.888184000001942, 40.447659000002744 ], [ -79.891073000001953, 40.449779000002643 ], [ -79.892423000001472, 40.450266000002827 ], [ -79.893225000001564, 40.446494000003185 ], [ -79.893751000001487, 40.443837000002596 ], [ -79.894257000001488, 40.44156200000247 ], [ -79.894842000001347, 40.438647000003229 ], [ -79.895142000001528, 40.437192000002746 ], [ -79.895568000002143, 40.434962000003353 ], [ -79.894563000001156, 40.433530000002641 ], [ -79.892032000002118, 40.428111000003092 ], [ -79.891252000001202, 40.427723000003333 ], [ -79.886185000001376, 40.42396300000258 ], [ -79.88675800000189, 40.423322000003147 ], [ -79.88711000000184, 40.419884000002661 ], [ -79.885921000001417, 40.418351000002616 ], [ -79.884587000001076, 40.417495000002994 ], [ -79.87279400000196, 40.418578000002725 ], [ -79.869512000002089, 40.416183000002789 ], [ -79.869512000001492, 40.414043000002771 ], [ -79.856857000001298, 40.409018000002959 ], [ -79.850951000001643, 40.41044700000252 ], [ -79.849042000002186, 40.411725000003209 ], [ -79.843941000001465, 40.410369000003179 ], [ -79.843126000001774, 40.409233000003006 ], [ -79.838974000001329, 40.414873000003176 ], [ -79.841028000001444, 40.419526000002691 ], [ -79.841965000001537, 40.420788000002922 ], [ -79.843346000001191, 40.423492000002618 ], [ -79.847161000002174, 40.428566000003194 ], [ -79.837541000001892, 40.428476000002576 ], [ -79.826374000001337, 40.425719000002651 ], [ -79.820924000001582, 40.433225000002551 ], [ -79.820982000001592, 40.433789000003365 ], [ -79.827320000001379, 40.444994000002531 ], [ -79.819733000001875, 40.443109000002707 ], [ -79.813933000002194, 40.441568000002881 ], [ -79.805045000001968, 40.439208000003241 ], [ -79.802667000001549, 40.438580000002588 ], [ -79.797890000001559, 40.441933000003267 ], [ -79.797059000002008, 40.44377500000256 ], [ -79.796670000001569, 40.448677000002832 ], [ -79.779298000001845, 40.460953000002533 ], [ -79.778866000001145, 40.476175000002989 ], [ -79.780488000001142, 40.482013000002567 ], [ -79.783770000002136, 40.48674800000277 ], [ -79.785360000002214, 40.4917560000031 ], [ -79.783995000001809, 40.494550000002548 ], [ -79.791662000002091, 40.507275000002551 ], [ -79.793589000001887, 40.511312000003066 ], [ -79.819707000001742, 40.517397000002781 ], [ -79.819804000001938, 40.520441000002883 ], [ -79.83659800000153, 40.530207000002989 ], [ -79.835272000001169, 40.532634000003362 ], [ -79.827562000002033, 40.535202000003387 ], [ -79.813647000002064, 40.536624000003307 ], [ -79.807566000001287, 40.537284000002686 ], [ -79.794789000001643, 40.535785000002825 ], [ -79.779239000001937, 40.534455000003021 ], [ -79.76417200000121, 40.544264000003018 ], [ -79.765090000001166, 40.54923800000261 ], [ -79.722367000002009, 40.542198000002976 ], [ -79.718707000001956, 40.537399000003354 ], [ -79.701624000001502, 40.525449000003213 ], [ -79.679571000001928, 40.507355000002811 ], [ -79.623839000001183, 40.479153000002697 ], [ -79.615158000001301, 40.465395000002886 ], [ -79.598108000001659, 40.441711000002726 ], [ -79.572130000002176, 40.422746000003031 ], [ -79.576726000001287, 40.407559000003054 ], [ -79.595890000001603, 40.398520000002648 ], [ -79.571167000001594, 40.375143000002808 ], [ -79.581069000001847, 40.362676000002551 ], [ -79.586459000002108, 40.341968000002836 ], [ -79.599275000001256, 40.328267000003045 ], [ -79.608099000001602, 40.327574000003018 ], [ -79.611399000001853, 40.325386000002638 ], [ -79.602069000002032, 40.313717000002832 ], [ -79.612880000001553, 40.310364000003105 ], [ -79.615439000001516, 40.27969200000328 ], [ -79.614092000001236, 40.279392000003313 ], [ -79.596248000001253, 40.287732000002855 ], [ -79.590439000001709, 40.263585000002692 ], [ -79.590273000001872, 40.258149000002767 ], [ -79.637639000001201, 40.241914000003149 ], [ -79.6537420000015, 40.217892000002507 ], [ -79.663311000001087, 40.209581000003212 ], [ -79.65393100000145, 40.208073000003203 ], [ -79.682529000002219, 40.199320000002828 ], [ -79.697166000001815, 40.219907000003005 ], [ -79.70246800000119, 40.221544000002623 ], [ -79.715907000001977, 40.209364000002829 ], [ -79.750000000001265, 40.230626000003255 ], [ -79.751433000002109, 40.246401000002933 ], [ -79.776230000001448, 40.241107000002962 ], [ -79.778191000002153, 40.228073000003349 ], [ -79.782588000001226, 40.227626000003362 ], [ -79.817199000001949, 40.215810000003309 ], [ -79.839250000002025, 40.208755000003109 ], [ -79.840402000001788, 40.208320000002715 ], [ -79.871425000001466, 40.197391000003066 ], [ -79.895036000001085, 40.194301000002753 ], [ -79.900334000001934, 40.194841000002754 ], [ -79.92087200000195, 40.202022000003105 ], [ -79.924011000001215, 40.204553000002967 ], [ -79.928141000002157, 40.206604000003068 ], [ -79.938790000001546, 40.209460000003041 ], [ -79.950382000001539, 40.211559000002552 ], [ -79.959840000001762, 40.215936000002877 ], [ -79.970916000001495, 40.226893000002761 ], [ -79.951849000001644, 40.240745000002612 ], [ -79.930754000002182, 40.24297300000336 ], [ -79.927817000001781, 40.244090000002629 ], [ -79.914461000001808, 40.252443000002977 ], [ -79.940470000001795, 40.260127000003095 ], [ -79.944732000001963, 40.261398000003005 ], [ -79.969113000001471, 40.268637000003302 ], [ -79.973393000002133, 40.26988300000265 ], [ -80.002852000001937, 40.278435000002766 ], [ -80.033269000001326, 40.287540000002622 ], [ -80.033699000002102, 40.287674000003058 ], [ -80.055909000001535, 40.294296000003271 ], [ -80.069202000001752, 40.298298000003058 ], [ -80.07238100000157, 40.299236000003326 ] ] ] } },
{ "type": "Feature", "properties": { "enacted_district": 13, "population": 765972.0, "voting_age_pop": 609155.0, "dem_votes": 99889.0, "rep_votes": 232136.0, "minority_pop": 53056.0, "dem_pct": 0.300847827633206, "rep_pct": 0.69915217206561187 }, "geometry": { "type": "Polygon", "coordinates": [ [ [ -78.937483000001166, 40.261064000002811 ], [ -78.97890000000136, 40.238110000003182 ], [ -79.00962400000175, 40.226680000002901 ], [ -79.023481000001397, 40.253328000003101 ], [ -79.073699000001568, 40.264811000003014 ], [ -79.056053000001796, 40.284861000002998 ], [ -79.055273000002131, 40.288755000003 ], [ -79.036350000001121, 40.314598000002775 ], [ -79.033820000001626, 40.316496000002786 ], [ -79.010279000001461, 40.34022800000276 ], [ -78.975287000001956, 40.391840000003342 ], [ -78.974066000002111, 40.394799000002713 ], [ -78.974025000001248, 40.394902000002766 ], [ -78.973814000001909, 40.395421000003331 ], [ -78.945977000001804, 40.441956000002669 ], [ -78.923653000002005, 40.480526000002619 ], [ -78.922514000001783, 40.482491000003058 ], [ -78.921580000002038, 40.484184000002827 ], [ -78.896660000001873, 40.532965000002648 ], [ -78.875341000001455, 40.575354000003401 ], [ -78.866648000002044, 40.592793000003361 ], [ -78.846607000001114, 40.63560500000289 ], [ -78.835323000001821, 40.661663000003166 ], [ -78.808922000001559, 40.720952000002562 ], [ -78.801726000001423, 40.724618000003034 ], [ -78.712746000001104, 40.724398000003291 ], [ -78.696411000002144, 40.724350000003163 ], [ -78.691300000001817, 40.724321000003258 ], [ -78.688187000001804, 40.724251000002866 ], [ -78.58911600000107, 40.724868000003283 ], [ -78.578301000001048, 40.725285000002536 ], [ -78.531923000001612, 40.725906000002951 ], [ -78.500120000001061, 40.725706000003022 ], [ -78.431285000001623, 40.725376000003095 ], [ -78.348668000001439, 40.723443000002852 ], [ -78.359912000001302, 40.732592000003145 ], [ -78.294629000000938, 40.735827000002722 ], [ -78.282781000001791, 40.736410000002998 ], [ -78.131834000001191, 40.743017000002652 ], [ -78.116521000001583, 40.7391270000034 ], [ -78.11620800000145, 40.739378000003327 ], [ -78.085263000001817, 40.730920000003231 ], [ -78.050657000002019, 40.721279000002568 ], [ -77.944122000001286, 40.691622000002845 ], [ -77.916111000002019, 40.705439000003395 ], [ -77.894282000001837, 40.716203000002643 ], [ -77.83143000000139, 40.741116000003046 ], [ -77.824506000001819, 40.743681000003185 ], [ -77.768549000001883, 40.719466000002555 ], [ -77.718677000001009, 40.727372000002873 ], [ -77.699645000002064, 40.721023000003065 ], [ -77.681334000001684, 40.729758000002874 ], [ -77.667819000001373, 40.73533500000336 ], [ -77.65257400000128, 40.744921000003153 ], [ -77.593355000001665, 40.761247000003245 ], [ -77.552767000001325, 40.777493000002558 ], [ -77.511340000001027, 40.793856000003117 ], [ -77.438467000001978, 40.824027000002587 ], [ -77.36418000000161, 40.84693700000296 ], [ -77.356770000001248, 40.815392000002923 ], [ -77.356628000001024, 40.807334000003209 ], [ -77.35532700000104, 40.759414000002714 ], [ -77.35409700000163, 40.701667000002637 ], [ -77.339653000001661, 40.699885000003043 ], [ -77.303509000001213, 40.695424000002859 ], [ -77.28794100000114, 40.693595000003093 ], [ -77.269737000001456, 40.691271000003248 ], [ -77.198923000001173, 40.682511000003352 ], [ -77.150516000001033, 40.677074000002619 ], [ -77.109597000001983, 40.691578000003048 ], [ -77.093607000001271, 40.676121000003384 ], [ -77.038444000001164, 40.679724000002984 ], [ -77.031674000001118, 40.65709200000304 ], [ -77.008418000001484, 40.659912000002741 ], [ -77.006054000001228, 40.642615000002593 ], [ -76.965528000001555, 40.647149000002734 ], [ -76.939883000001075, 40.638142000002837 ], [ -76.949148000001884, 40.628167000002982 ], [ -76.958755000001489, 40.592855000003333 ], [ -76.976678000001925, 40.581665000003071 ], [ -76.991939000001224, 40.561475000002808 ], [ -76.98198900000186, 40.543415000003229 ], [ -76.984389000001741, 40.514565000002811 ], [ -76.953046000001123, 40.490572000003098 ], [ -76.952809000001764, 40.462467000003087 ], [ -76.961143000001456, 40.455790000003326 ], [ -76.968945000000886, 40.452835000002999 ], [ -76.971244000001391, 40.451969000002578 ], [ -76.992101000002023, 40.436722000002959 ], [ -77.016270000002038, 40.42517300000322 ], [ -77.015536000001944, 40.400861000003346 ], [ -77.029199000001682, 40.386880000003003 ], [ -77.027007000001959, 40.380892000003129 ], [ -77.019178000001475, 40.364785000002669 ], [ -76.998022000001498, 40.356679000003382 ], [ -76.93358900000122, 40.356045000002936 ], [ -76.932147000001081, 40.354596000002921 ], [ -76.92120600000186, 40.336391000003253 ], [ -76.914970000001375, 40.328484000003357 ], [ -76.93978300000127, 40.320062000003105 ], [ -76.97686100000189, 40.309857000003412 ], [ -77.014719000001051, 40.304728000002655 ], [ -77.063437000001713, 40.302023000003132 ], [ -77.083942000001358, 40.301220000003212 ], [ -77.132950000001259, 40.295077000003126 ], [ -77.185461000000956, 40.287664000003254 ], [ -77.204687000001812, 40.287047000002936 ], [ -77.229166000001015, 40.283744000002883 ], [ -77.269957000002023, 40.278671000003293 ], [ -77.280548000001886, 40.275923000003267 ], [ -77.322842000001941, 40.270721000002702 ], [ -77.336587000000975, 40.249697000002605 ], [ -77.3365590000015, 40.231277000002713 ], [ -77.353574000001757, 40.212550000003368 ], [ -77.390756000002042, 40.189762000002986 ], [ -77.391926000001476, 40.188794000003135 ], [ -77.394320000001812, 40.175481000002883 ], [ -77.409086000001267, 40.167724000003282 ], [ -77.402218000001255, 40.165167000002775 ], [ -77.407370000001123, 40.127972000003282 ], [ -77.402344000001463, 40.118711000002691 ], [ -77.44729000000163, 40.091992000002719 ], [ -77.425414000000956, 40.074123000002885 ], [ -77.353730000001889, 40.003302000003103 ], [ -77.2552090000015, 40.020760000003456 ], [ -77.253345000001815, 40.0210680000026 ], [ -77.228874000001397, 40.025084000002593 ], [ -77.185630000001765, 40.029501000003037 ], [ -77.177403000000893, 40.037434000003067 ], [ -77.155585000001366, 40.056708000003027 ], [ -77.13742500000113, 40.069945000003251 ], [ -77.092628000001298, 40.053920000003181 ], [ -77.054401000000979, 40.023207000002628 ], [ -77.026238000001598, 40.018378000003011 ], [ -77.010512000001427, 40.000423000003018 ], [ -76.966202000000877, 39.935192000002999 ], [ -76.969691000001376, 39.937333000003335 ], [ -76.971805000001567, 39.928523000003288 ], [ -76.966983000001477, 39.916183000002754 ], [ -76.983850000001922, 39.894976000003226 ], [ -76.981948000001566, 39.891261000002849 ], [ -76.977888000001357, 39.883334000002691 ], [ -76.955051000001362, 39.856975000002677 ], [ -76.957175000001683, 39.855741000002965 ], [ -76.998583000001503, 39.831385000002776 ], [ -76.999650000000926, 39.819634000002722 ], [ -76.999598000001569, 39.805044000003178 ], [ -76.999576000002023, 39.794987000002671 ], [ -76.999546000001487, 39.791058000002963 ], [ -76.99945000000119, 39.760208000002969 ], [ -76.999318000001836, 39.72010600000317 ], [ -77.043449000001459, 39.719918000003339 ], [ -77.167092000001901, 39.719867000003177 ], [ -77.217061000001337, 39.719861000002822 ], [ -77.243115000002049, 39.719883000002667 ], [ -77.320261000001764, 39.719907000002991 ], [ -77.363023000001121, 39.719901000003297 ], [ -77.380394000001431, 39.719865000003253 ], [ -77.459134000001157, 39.719984000002867 ], [ -77.495898000001901, 39.719964000003216 ], [ -77.543419000001549, 39.720158000003131 ], [ -77.6052690000013, 39.720463000002859 ], [ -77.669632000001656, 39.720667000003225 ], [ -77.750326000001394, 39.721302000003341 ], [ -77.790033000001429, 39.721610000003203 ], [ -77.865539000001874, 39.722067000003037 ], [ -77.995596000001214, 39.722401000003451 ], [ -78.099403000001388, 39.722099000002601 ], [ -78.176154000000992, 39.722385000002589 ], [ -78.281730000001787, 39.722640000003011 ], [ -78.380599000001595, 39.722599000003143 ], [ -78.493470000001835, 39.722864000003305 ], [ -78.658260000000993, 39.72287300000302 ], [ -78.742523000001995, 39.722988000002566 ], [ -78.808387000001844, 39.722911000002874 ], [ -78.762990000001807, 39.806863000002707 ], [ -78.757241000001997, 39.82348400000275 ], [ -78.75855200000143, 39.882771000003203 ], [ -78.75885500000129, 39.889791000003363 ], [ -78.763202000001229, 40.056745000002692 ], [ -78.737274000000994, 40.075359000003424 ], [ -78.721584000001016, 40.1108230000033 ], [ -78.706306000001319, 40.14478400000268 ], [ -78.698671000001013, 40.161450000002944 ], [ -78.676956000001823, 40.211207000003107 ], [ -78.661809000002037, 40.230592000002829 ], [ -78.658305000001604, 40.243235000003345 ], [ -78.686203000001527, 40.243441000003223 ], [ -78.768601000001468, 40.24404500000324 ], [ -78.802615000001595, 40.244315000003333 ], [ -78.810282000001038, 40.244368000003298 ], [ -78.821253000002102, 40.244466000003136 ], [ -78.83510200000174, 40.244680000003058 ], [ -78.839013000001614, 40.2447540000028 ], [ -78.856324000001834, 40.24318000000266 ], [ -78.856612000001761, 40.243058000003103 ], [ -78.884733000002015, 40.244644000003035 ], [ -78.903879000001098, 40.27524600000325 ], [ -78.927309000001102, 40.284736000002631 ], [ -78.933396000002048, 40.284816000003026 ], [ -78.937483000001166, 40.261064000002811 ] ] ] } },
{ "type": "Feature", "properties": { "enacted_district": 14, "population": 764683.0, "voting_age_pop": 624431.0, "dem_votes": 135815.0, "rep_votes": 208275.0, "minority_pop": 52329.0, "dem_pct": 0.39470777982658378, "rep_pct": 0.60529221988279458 }, "geometry": { "type": "Polygon", "coordinates": [ [ [ -80.518976000001174, 40.073929000003211 ], [ -80.518861000002133, 40.195897000002653 ], [ -80.519118000002038, 40.281706000002963 ], [ -80.51795300000127, 40.367547000002531 ], [ -80.517775000001649, 40.454158000003154 ], [ -80.519038000001586, 40.477363000003095 ], [ -80.448114000001908, 40.477717000002492 ], [ -80.437119000001715, 40.477772000003014 ], [ -80.361865000001899, 40.477571000002698 ], [ -80.360801000001302, 40.477591000002754 ], [ -80.324351000001727, 40.448452000002689 ], [ -80.296194000001719, 40.425476000002966 ], [ -80.287940000001726, 40.418818000002837 ], [ -80.258943000002205, 40.3952200000031 ], [ -80.234673000001109, 40.375468000002918 ], [ -80.234342000001732, 40.375196000003214 ], [ -80.227986000001138, 40.369990000002751 ], [ -80.222956000001261, 40.365897000003024 ], [ -80.200518000002049, 40.34742000000292 ], [ -80.18299900000217, 40.332621000002803 ], [ -80.182196000001866, 40.332366000002594 ], [ -80.171019000002019, 40.328987000002535 ], [ -80.161253000001679, 40.326100000003159 ], [ -80.143475000001871, 40.320654000003017 ], [ -80.123085000001069, 40.314597000002657 ], [ -80.116278000001458, 40.312659000003073 ], [ -80.094945000001601, 40.305907000003337 ], [ -80.089076000001924, 40.304269000002883 ], [ -80.082910000001476, 40.30251300000316 ], [ -80.073960000001776, 40.299837000003315 ], [ -80.07238100000157, 40.299236000003326 ], [ -80.069202000001752, 40.298298000003058 ], [ -80.055909000001535, 40.294296000003271 ], [ -80.033699000002102, 40.287674000003058 ], [ -80.033269000001326, 40.287540000002622 ], [ -80.002852000001937, 40.278435000002766 ], [ -79.973393000002133, 40.26988300000265 ], [ -79.969113000001471, 40.268637000003302 ], [ -79.944732000001963, 40.261398000003005 ], [ -79.940470000001795, 40.260127000003095 ], [ -79.914461000001808, 40.252443000002977 ], [ -79.927817000001781, 40.244090000002629 ], [ -79.930754000002182, 40.24297300000336 ], [ -79.951849000001644, 40.240745000002612 ], [ -79.970916000001495, 40.226893000002761 ], [ -79.959840000001762, 40.215936000002877 ], [ -79.950382000001539, 40.211559000002552 ], [ -79.938790000001546, 40.209460000003041 ], [ -79.928141000002157, 40.206604000003068 ], [ -79.924011000001215, 40.204553000002967 ], [ -79.92087200000195, 40.202022000003105 ], [ -79.900334000001934, 40.194841000002754 ], [ -79.895036000001085, 40.194301000002753 ], [ -79.871425000001466, 40.197391000003066 ], [ -79.840402000001788, 40.208320000002715 ], [ -79.839250000002025, 40.208755000003109 ], [ -79.817199000001949, 40.215810000003309 ], [ -79.782588000001226, 40.227626000003362 ], [ -79.778191000002153, 40.228073000003349 ], [ -79.776230000001448, 40.241107000002962 ], [ -79.751433000002109, 40.246401000002933 ], [ -79.750000000001265, 40.230626000003255 ], [ -79.715907000001977, 40.209364000002829 ], [ -79.70246800000119, 40.221544000002623 ], [ -79.697166000001815, 40.219907000003005 ], [ -79.682529000002219, 40.199320000002828 ], [ -79.65393100000145, 40.208073000003203 ], [ -79.663311000001087, 40.209581000003212 ], [ -79.6537420000015, 40.217892000002507 ], [ -79.637639000001201, 40.241914000003149 ], [ -79.590273000001872, 40.258149000002767 ], [ -79.590439000001709, 40.263585000002692 ], [ -79.596248000001253, 40.287732000002855 ], [ -79.614092000001236, 40.279392000003313 ], [ -79.615439000001516, 40.27969200000328 ], [ -79.612880000001553, 40.310364000003105 ], [ -79.602069000002032, 40.313717000002832 ], [ -79.611399000001853, 40.325386000002638 ], [ -79.608099000001602, 40.327574000003018 ], [ -79.599275000001256, 40.328267000003045 ], [ -79.586459000002108, 40.341968000002836 ], [ -79.581069000001847, 40.362676000002551 ], [ -79.571167000001594, 40.375143000002808 ], [ -79.595890000001603, 40.398520000002648 ], [ -79.576726000001287, 40.407559000003054 ], [ -79.572130000002176, 40.422746000003031 ], [ -79.598108000001659, 40.441711000002726 ], [ -79.615158000001301, 40.465395000002886 ], [ -79.623839000001183, 40.479153000002697 ], [ -79.679571000001928, 40.507355000002811 ], [ -79.701624000001502, 40.525449000003213 ], [ -79.718707000001956, 40.537399000003354 ], [ -79.722367000002009, 40.542198000002976 ], [ -79.765090000001166, 40.54923800000261 ], [ -79.766119000001822, 40.550830000002506 ], [ -79.769545000001557, 40.557436000002902 ], [ -79.770807000002179, 40.560257000003112 ], [ -79.772052000002134, 40.562955000003072 ], [ -79.774455000001097, 40.569742000002591 ], [ -79.774612000001923, 40.57573400000291 ], [ -79.773689000001056, 40.58083900000296 ], [ -79.770790000001057, 40.586698000002869 ], [ -79.764043000002189, 40.592870000003359 ], [ -79.761487000001139, 40.594572000002586 ], [ -79.75897500000201, 40.595670000003231 ], [ -79.756922000002149, 40.596517000002869 ], [ -79.749192000001131, 40.598919000002567 ], [ -79.741275000001053, 40.600758000002592 ], [ -79.733169000001624, 40.603135000003228 ], [ -79.722342000001973, 40.607484000002692 ], [ -79.712073000001141, 40.619131000002653 ], [ -79.689226000001895, 40.643845000003076 ], [ -79.692878000001812, 40.669611000002611 ], [ -79.692930000001368, 40.669744000002595 ], [ -79.672656000002121, 40.677273000002693 ], [ -79.668426000001091, 40.680007000003329 ], [ -79.637135000001294, 40.662293000002663 ], [ -79.618180000002113, 40.644766000002811 ], [ -79.609217000001777, 40.633403000003234 ], [ -79.608133000001473, 40.625490000003133 ], [ -79.597727000002067, 40.627151000003302 ], [ -79.593911000001341, 40.631457000002868 ], [ -79.582920000001252, 40.632998000003091 ], [ -79.587380000001346, 40.627070000002824 ], [ -79.584375000001558, 40.607041000003221 ], [ -79.573107000001386, 40.604064000002637 ], [ -79.559990000001036, 40.605425000002839 ], [ -79.550608000001702, 40.603897000003244 ], [ -79.551652000001226, 40.601887000002982 ], [ -79.556858000001228, 40.599165000003268 ], [ -79.565932000001254, 40.593403000003143 ], [ -79.56765200000207, 40.589951000002934 ], [ -79.567562000001445, 40.578040000003128 ], [ -79.567446000002107, 40.577153000002561 ], [ -79.537030000002034, 40.550714000002799 ], [ -79.522870000002158, 40.541514000002792 ], [ -79.484706000002106, 40.534282000002896 ], [ -79.450176000001633, 40.530149000002808 ], [ -79.426607000001155, 40.554201000003118 ], [ -79.412860000001317, 40.568256000002712 ], [ -79.396428000001947, 40.585046000003125 ], [ -79.358475000001178, 40.624531000002555 ], [ -79.351193000001118, 40.632226000003122 ], [ -79.337576000001917, 40.64669600000321 ], [ -79.289733000001704, 40.697378000003077 ], [ -79.251517000002082, 40.737758000002501 ], [ -79.238295000001841, 40.751417000002611 ], [ -79.215235000001869, 40.776016000003018 ], [ -79.215024000001634, 40.838301000003291 ], [ -79.101106000001863, 40.839044000002893 ], [ -79.100417000001215, 40.761298000002881 ], [ -78.997430000001501, 40.74682000000292 ], [ -78.976506000001748, 40.745884000002661 ], [ -78.905114000002101, 40.737029000002856 ], [ -78.902869000002127, 40.736715000003258 ], [ -78.816282000001038, 40.725869000002689 ], [ -78.806274000001039, 40.729742000002958 ], [ -78.801726000001423, 40.724618000003034 ], [ -78.808922000001559, 40.720952000002562 ], [ -78.835323000001821, 40.661663000003166 ], [ -78.846607000001114, 40.63560500000289 ], [ -78.866648000002044, 40.592793000003361 ], [ -78.875341000001455, 40.575354000003401 ], [ -78.896660000001873, 40.532965000002648 ], [ -78.921580000002038, 40.484184000002827 ], [ -78.922514000001783, 40.482491000003058 ], [ -78.923653000002005, 40.480526000002619 ], [ -78.945977000001804, 40.441956000002669 ], [ -78.973814000001909, 40.395421000003331 ], [ -78.974025000001248, 40.394902000002766 ], [ -78.974066000002111, 40.394799000002713 ], [ -78.975287000001956, 40.391840000003342 ], [ -79.010279000001461, 40.34022800000276 ], [ -79.033820000001626, 40.316496000002786 ], [ -79.036350000001121, 40.314598000002775 ], [ -79.055273000002131, 40.288755000003 ], [ -79.056053000001796, 40.284861000002998 ], [ -79.073699000001568, 40.264811000003014 ], [ -79.023481000001397, 40.253328000003101 ], [ -79.00962400000175, 40.226680000002901 ], [ -78.97890000000136, 40.238110000003182 ], [ -78.937483000001166, 40.261064000002811 ], [ -78.933396000002048, 40.284816000003026 ], [ -78.927309000001102, 40.284736000002631 ], [ -78.903879000001098, 40.27524600000325 ], [ -78.884733000002015, 40.244644000003035 ], [ -78.856612000001761, 40.243058000003103 ], [ -78.856324000001834, 40.24318000000266 ], [ -78.839013000001614, 40.2447540000028 ], [ -78.83510200000174, 40.244680000003058 ], [ -78.821253000002102, 40.244466000003136 ], [ -78.810282000001038, 40.244368000003298 ], [ -78.802615000001595, 40.244315000003333 ], [ -78.768601000001468, 40.24404500000324 ], [ -78.686203000001527, 40.243441000003223 ], [ -78.658305000001604, 40.243235000003345 ], [ -78.661809000002037, 40.230592000002829 ], [ -78.676956000001823, 40.211207000003107 ], [ -78.698671000001013, 40.161450000002944 ], [ -78.706306000001319, 40.14478400000268 ], [ -78.721584000001016, 40.1108230000033 ], [ -78.737274000000994, 40.075359000003424 ], [ -78.763202000001229, 40.056745000002692 ], [ -78.75885500000129, 39.889791000003363 ], [ -78.75855200000143, 39.882771000003203 ], [ -78.757241000001997, 39.82348400000275 ], [ -78.762990000001807, 39.806863000002707 ], [ -78.808387000001844, 39.722911000002874 ], [ -78.837653000002021, 39.722948000003306 ], [ -78.849933000001315, 39.722987000002931 ], [ -78.914851000002031, 39.722825000003006 ], [ -79.056650000001909, 39.722769000003375 ], [ -79.208429000002184, 39.722048000002957 ], [ -79.392459000001068, 39.721578000002737 ], [ -79.523785000001311, 39.720904000002527 ], [ -79.718986000001848, 39.720977000003131 ], [ -79.916280000001549, 39.720777000002926 ], [ -80.041702000001592, 39.721294000003233 ], [ -80.174176000001808, 39.721151000003246 ], [ -80.243326000002099, 39.721117000003026 ], [ -80.293756000001594, 39.721187000002857 ], [ -80.403361000002036, 39.721236000003202 ], [ -80.452351000001499, 39.721246000003312 ], [ -80.519342000001672, 39.721403000002532 ], [ -80.519327000002221, 39.791687000002497 ], [ -80.519046000002263, 39.856031000003064 ], [ -80.519091000002092, 39.962200000003264 ], [ -80.519093000001305, 40.017044000003267 ], [ -80.518976000001174, 40.073929000003211 ] ] ] } },
{ "type": "Feature", "properties": { "enacted_district": 15, "population": 766538.0, "voting_age_pop": 623187.0, "dem_votes": 113674.0, "rep_votes": 213698.0, "minority_pop": 57799.0, "dem_pct": 0.34723189510794084, "rep_pct": 0.65276810458659629 }, "geometry": { "type": "Polygon", "coordinates": [ [ [ -79.551652000001226, 40.601887000002982 ], [ -79.550608000001702, 40.603897000003244 ], [ -79.559990000001036, 40.605425000002839 ], [ -79.573107000001386, 40.604064000002637 ], [ -79.584375000001558, 40.607041000003221 ], [ -79.587380000001346, 40.627070000002824 ], [ -79.582920000001252, 40.632998000003091 ], [ -79.593911000001341, 40.631457000002868 ], [ -79.597727000002067, 40.627151000003302 ], [ -79.608133000001473, 40.625490000003133 ], [ -79.609217000001777, 40.633403000003234 ], [ -79.618180000002113, 40.644766000002811 ], [ -79.637135000001294, 40.662293000002663 ], [ -79.668426000001091, 40.680007000003329 ], [ -79.672656000002121, 40.677273000002693 ], [ -79.692930000001368, 40.669744000002595 ], [ -79.692535000001826, 40.688854000002706 ], [ -79.692358000002159, 40.706402000002754 ], [ -79.693284000002123, 40.741427000002787 ], [ -79.692863000001751, 40.773263000003325 ], [ -79.692362000001623, 40.806402000002571 ], [ -79.692124000001769, 40.813416000003066 ], [ -79.691495000001723, 40.884893000003188 ], [ -79.691295000001276, 40.894816000002926 ], [ -79.689925000001324, 40.957071000002607 ], [ -79.689925000002063, 40.957667000002637 ], [ -79.68993000000134, 41.002776000002711 ], [ -79.690140000001065, 41.030659000003176 ], [ -79.690206000001609, 41.079108000002968 ], [ -79.690239000002038, 41.093632000003041 ], [ -79.690272000001997, 41.102150000003348 ], [ -79.690272000001968, 41.10325200000316 ], [ -79.689332000001329, 41.169471000002957 ], [ -79.69498400000198, 41.172865000003128 ], [ -79.786692000001352, 41.172963000002909 ], [ -79.814298000001415, 41.173134000003081 ], [ -79.822616000001773, 41.173088000003219 ], [ -79.885546000001455, 41.172463000002864 ], [ -79.905353000001966, 41.172144000002696 ], [ -79.910749000001204, 41.275348000002616 ], [ -79.840922000001072, 41.276079000002973 ], [ -79.82407300000142, 41.285302000002609 ], [ -79.844493000001805, 41.301147000002629 ], [ -79.842234000001085, 41.323803000003117 ], [ -79.824928000001918, 41.330649000002467 ], [ -79.783021000001199, 41.324603000003002 ], [ -79.768590000001709, 41.332954000002793 ], [ -79.787691000001104, 41.350825000002544 ], [ -79.787762000001266, 41.36605200000276 ], [ -79.813669000001681, 41.375056000002928 ], [ -79.818052000002083, 41.391386000003138 ], [ -79.802734000001578, 41.400375000003109 ], [ -79.781573000001515, 41.412821000002495 ], [ -79.733269000001144, 41.406875000003048 ], [ -79.725999000001707, 41.424808000002969 ], [ -79.727524000001438, 41.438258000002961 ], [ -79.730042000001959, 41.470262000003217 ], [ -79.769921000001034, 41.469663000002747 ], [ -79.824291000001992, 41.469814000003112 ], [ -79.832520000001196, 41.526731000003075 ], [ -79.850227000001865, 41.548347000002963 ], [ -79.877672000001311, 41.549107000002664 ], [ -79.892757000002163, 41.562168000002771 ], [ -79.877171000001695, 41.574242000002755 ], [ -79.829722000001681, 41.601953000002851 ], [ -79.829111000001106, 41.622070000003234 ], [ -79.768357000001558, 41.617711000003169 ], [ -79.748044000001528, 41.617910000002752 ], [ -79.688062000002134, 41.617224000002942 ], [ -79.672767000001826, 41.617202000002798 ], [ -79.649685000001881, 41.617246000003306 ], [ -79.64334900000155, 41.617200000003201 ], [ -79.613147000001661, 41.623863000002835 ], [ -79.612572000001578, 41.694734000003145 ], [ -79.612972000001747, 41.70525100000323 ], [ -79.612601000001618, 41.774578000002641 ], [ -79.612554000001808, 41.785833000003173 ], [ -79.612071000001293, 41.850328000002861 ], [ -79.611320000001953, 41.895831000002829 ], [ -79.611171000001534, 41.9075760000025 ], [ -79.611098000001931, 41.930563000002813 ], [ -79.611042000001433, 41.939825000003061 ], [ -79.610837000002178, 41.998757000002684 ], [ -79.510993000001477, 41.998364000003129 ], [ -79.491654000001958, 41.998420000003087 ], [ -79.394057000001069, 41.998608000002797 ], [ -79.285865000001834, 41.998799000002741 ], [ -79.179522000000972, 41.999531000002655 ], [ -79.052470000001023, 41.999387000002763 ], [ -78.961378000001943, 41.998707000003328 ], [ -78.918896000002178, 41.998119000003022 ], [ -78.780336000001014, 41.998076000003046 ], [ -78.571541000001019, 41.999890000002601 ], [ -78.53443000000118, 41.999865000002593 ], [ -78.462820000002026, 41.999779000002462 ], [ -78.346957000001311, 41.999458000003301 ], [ -78.206380000001062, 41.999518000003299 ], [ -78.088979000001544, 42.000008000002637 ], [ -77.962821000001838, 41.998743000003117 ], [ -77.845677000001771, 41.998272000002963 ], [ -77.728696000000994, 41.998759000002821 ], [ -77.610027000002034, 41.999368000003003 ], [ -77.47633200000169, 42.000147000003373 ], [ -77.439671000001951, 42.000118000002594 ], [ -77.330049000001083, 41.999811000003177 ], [ -77.291174000001433, 41.999734000003315 ], [ -77.219852000001936, 41.999623000003069 ], [ -77.144532000000993, 41.999705000003267 ], [ -77.11470200000133, 41.999817000002722 ], [ -77.052747000002071, 42.000308000003002 ], [ -76.927059000001833, 42.001575000003278 ], [ -76.914436000001089, 41.914937000003071 ], [ -76.911778000001917, 41.896690000002707 ], [ -76.904024000001542, 41.838119000002585 ], [ -76.89615300000149, 41.773401000002579 ], [ -76.893201000001852, 41.748463000002914 ], [ -76.883853000001636, 41.669039000002755 ], [ -76.88351100000105, 41.666314000002814 ], [ -76.874714000002058, 41.596919000003041 ], [ -76.813731000001567, 41.590034000002859 ], [ -76.772402000001307, 41.47168600000326 ], [ -76.772397000001249, 41.471675000002683 ], [ -76.803217000001894, 41.470771000002571 ], [ -76.826669000001019, 41.470039000003247 ], [ -76.827145000001551, 41.411809000003274 ], [ -76.827302000001083, 41.394630000002572 ], [ -76.853806000001484, 41.389440000002594 ], [ -76.855387000001102, 41.370115000002549 ], [ -76.912348000001899, 41.354008000003027 ], [ -76.923508000001192, 41.343377000002612 ], [ -76.993527000001848, 41.348551000002637 ], [ -76.996454000001066, 41.297318000002832 ], [ -77.017367000001059, 41.297291000002666 ], [ -77.025980000001752, 41.297277000003014 ], [ -77.054717000001588, 41.297228000002612 ], [ -77.052270000001258, 41.294764000003291 ], [ -77.063174000001212, 41.278709000002763 ], [ -77.042215000001136, 41.266714000003361 ], [ -77.041190000001293, 41.254191000002642 ], [ -77.046743000001982, 41.246111000003289 ], [ -77.063255000001405, 41.245284000003402 ], [ -77.095058000002012, 41.243201000002877 ], [ -77.090572000001131, 41.234133000003297 ], [ -77.053205000001043, 41.237611000002566 ], [ -77.047937000001497, 41.238178000002868 ], [ -77.037245000001263, 41.228510000003197 ], [ -77.028156000001914, 41.228241000002726 ], [ -77.019049000001147, 41.228901000002992 ], [ -77.007652000001784, 41.232803000003408 ], [ -77.00613100000129, 41.23341000000282 ], [ -77.003663000001268, 41.234411000002972 ], [ -76.99768800000183, 41.237517000002576 ], [ -76.993193000001909, 41.240210000003337 ], [ -76.983351000001477, 41.244161000003274 ], [ -76.981874000001753, 41.244715000002991 ], [ -76.969918000000931, 41.245196000003169 ], [ -76.94339900000152, 41.234548000002746 ], [ -76.92420500000101, 41.232296000002911 ], [ -76.898594000001637, 41.230184000003192 ], [ -76.893808000001798, 41.230516000003099 ], [ -76.914490000001223, 41.217284000003112 ], [ -76.955551000001876, 41.211312000003154 ], [ -76.966900000001928, 41.201065000002586 ], [ -76.907373000002025, 41.158346000003391 ], [ -76.889669000001788, 41.15079100000262 ], [ -76.896114000001688, 41.13907000000296 ], [ -76.895882000001563, 41.119978000002945 ], [ -76.880456000001644, 41.090616000003017 ], [ -76.879578000001473, 41.089857000003185 ], [ -76.869583000001626, 41.081428000003072 ], [ -76.858758000001899, 41.0737060000029 ], [ -76.857470000001001, 41.063749000002751 ], [ -76.857555000001341, 41.05563000000263 ], [ -76.861365000001229, 41.037509000003297 ], [ -76.861503000001207, 41.033952000003033 ], [ -76.862928000001858, 41.02417000000338 ], [ -76.864554000001121, 41.019891000003255 ], [ -76.864544000001985, 41.019795000003178 ], [ -76.865057000001229, 41.018800000002557 ], [ -76.865095000001062, 41.018457000003238 ], [ -76.867389000001225, 41.007939000003205 ], [ -76.875897000001061, 40.984069000003139 ], [ -76.882174000001712, 40.968678000002839 ], [ -76.880679000001635, 40.966570000003372 ], [ -76.87730000000137, 40.95457900000283 ], [ -76.86402500000105, 40.931942000002607 ], [ -76.858075000001094, 40.921545000002588 ], [ -76.822679000001102, 40.889699000003226 ], [ -76.800242000001091, 40.881994000003253 ], [ -76.798718000001585, 40.878325000003102 ], [ -76.8114890000017, 40.851391000003311 ], [ -76.824039000001974, 40.836804000003198 ], [ -76.827340000001996, 40.833414000003309 ], [ -76.847105000001349, 40.812565000003268 ], [ -76.849329000001774, 40.809666000002991 ], [ -76.851459000001427, 40.8019590000034 ], [ -76.853482000001051, 40.797640000003419 ], [ -76.856674000001874, 40.788378000003227 ], [ -76.857403000001966, 40.750035000003443 ], [ -76.856846000001227, 40.743697000002669 ], [ -76.856015000001221, 40.724671000002623 ], [ -76.86938700000124, 40.698975000002598 ], [ -76.874448000001323, 40.692803000002932 ], [ -76.884247000001139, 40.684513000002951 ], [ -76.914950000001966, 40.664662000003361 ], [ -76.939883000001075, 40.638142000002837 ], [ -76.965528000001555, 40.647149000002734 ], [ -77.006054000001228, 40.642615000002593 ], [ -77.008418000001484, 40.659912000002741 ], [ -77.031674000001118, 40.65709200000304 ], [ -77.038444000001164, 40.679724000002984 ], [ -77.093607000001271, 40.676121000003384 ], [ -77.109597000001983, 40.691578000003048 ], [ -77.150516000001033, 40.677074000002619 ], [ -77.198923000001173, 40.682511000003352 ], [ -77.269737000001456, 40.691271000003248 ], [ -77.28794100000114, 40.693595000003093 ], [ -77.303509000001213, 40.695424000002859 ], [ -77.339653000001661, 40.699885000003043 ], [ -77.35409700000163, 40.701667000002637 ], [ -77.35532700000104, 40.759414000002714 ], [ -77.356628000001024, 40.807334000003209 ], [ -77.356770000001248, 40.815392000002923 ], [ -77.36418000000161, 40.84693700000296 ], [ -77.438467000001978, 40.824027000002587 ], [ -77.511340000001027, 40.793856000003117 ], [ -77.552767000001325, 40.777493000002558 ], [ -77.593355000001665, 40.761247000003245 ], [ -77.65257400000128, 40.744921000003153 ], [ -77.667819000001373, 40.73533500000336 ], [ -77.681334000001684, 40.729758000002874 ], [ -77.699645000002064, 40.721023000003065 ], [ -77.718677000001009, 40.727372000002873 ], [ -77.768549000001883, 40.719466000002555 ], [ -77.824506000001819, 40.743681000003185 ], [ -77.83143000000139, 40.741116000003046 ], [ -77.894282000001837, 40.716203000002643 ], [ -77.916111000002019, 40.705439000003395 ], [ -77.944122000001286, 40.691622000002845 ], [ -78.050657000002019, 40.721279000002568 ], [ -78.085263000001817, 40.730920000003231 ], [ -78.11620800000145, 40.739378000003327 ], [ -78.116521000001583, 40.7391270000034 ], [ -78.131834000001191, 40.743017000002652 ], [ -78.282781000001791, 40.736410000002998 ], [ -78.294629000000938, 40.735827000002722 ], [ -78.359912000001302, 40.732592000003145 ], [ -78.348668000001439, 40.723443000002852 ], [ -78.431285000001623, 40.725376000003095 ], [ -78.500120000001061, 40.725706000003022 ], [ -78.531923000001612, 40.725906000002951 ], [ -78.578301000001048, 40.725285000002536 ], [ -78.58911600000107, 40.724868000003283 ], [ -78.688187000001804, 40.724251000002866 ], [ -78.691300000001817, 40.724321000003258 ], [ -78.696411000002144, 40.724350000003163 ], [ -78.712746000001104, 40.724398000003291 ], [ -78.801726000001423, 40.724618000003034 ], [ -78.806274000001039, 40.729742000002958 ], [ -78.816282000001038, 40.725869000002689 ], [ -78.902869000002127, 40.736715000003258 ], [ -78.905114000002101, 40.737029000002856 ], [ -78.976506000001748, 40.745884000002661 ], [ -78.997430000001501, 40.74682000000292 ], [ -79.100417000001215, 40.761298000002881 ], [ -79.101106000001863, 40.839044000002893 ], [ -79.215024000001634, 40.838301000003291 ], [ -79.215235000001869, 40.776016000003018 ], [ -79.238295000001841, 40.751417000002611 ], [ -79.251517000002082, 40.737758000002501 ], [ -79.289733000001704, 40.697378000003077 ], [ -79.337576000001917, 40.64669600000321 ], [ -79.351193000001118, 40.632226000003122 ], [ -79.358475000001178, 40.624531000002555 ], [ -79.396428000001947, 40.585046000003125 ], [ -79.412860000001317, 40.568256000002712 ], [ -79.426607000001155, 40.554201000003118 ], [ -79.450176000001633, 40.530149000002808 ], [ -79.484706000002106, 40.534282000002896 ], [ -79.522870000002158, 40.541514000002792 ], [ -79.537030000002034, 40.550714000002799 ], [ -79.567446000002107, 40.577153000002561 ], [ -79.567562000001445, 40.578040000003128 ], [ -79.56765200000207, 40.589951000002934 ], [ -79.565932000001254, 40.593403000003143 ], [ -79.556858000001228, 40.599165000003268 ], [ -79.551652000001226, 40.601887000002982 ] ] ] } },
{ "type": "Feature", "properties": { "enacted_district": 16, "population": 765018.0, "voting_age_pop": 610267.0, "dem_votes": 145364.0, "rep_votes": 197255.0, "minority_pop": 66246.0, "dem_pct": 0.42427302618235618, "rep_pct": 0.5757269735257744 }, "geometry": { "type": "Polygon", "coordinates": [ [ [ -80.518793000002191, 41.209930000003304 ], [ -80.518893000001469, 41.219357000003114 ], [ -80.51908900000187, 41.232757000003197 ], [ -80.519106000001912, 41.24310800000309 ], [ -80.519105000002099, 41.268003000002587 ], [ -80.51907400000195, 41.360998000002532 ], [ -80.519119000001425, 41.440733000002645 ], [ -80.519216000001435, 41.489111000002914 ], [ -80.519350000001879, 41.552013000002439 ], [ -80.519374000001164, 41.578470000003065 ], [ -80.519395000002149, 41.661033000003023 ], [ -80.519317000002161, 41.758452000002656 ], [ -80.519354000001925, 41.849563000003009 ], [ -80.519308000002056, 41.907210000002522 ], [ -80.519421000002026, 41.977523000002407 ], [ -80.519851000001907, 42.32713200000277 ], [ -80.080222000001982, 42.394162000003135 ], [ -79.762418000001617, 42.516072000002481 ], [ -79.761867000001047, 42.269326000002657 ], [ -79.761732000001913, 42.155302000002472 ], [ -79.761875000001211, 42.086281000002749 ], [ -79.761954000001509, 41.998841000003317 ], [ -79.761153000001386, 41.998809000002915 ], [ -79.610837000002178, 41.998757000002684 ], [ -79.611042000001433, 41.939825000003061 ], [ -79.611098000001931, 41.930563000002813 ], [ -79.611171000001534, 41.9075760000025 ], [ -79.611320000001953, 41.895831000002829 ], [ -79.612071000001293, 41.850328000002861 ], [ -79.612554000001808, 41.785833000003173 ], [ -79.612601000001618, 41.774578000002641 ], [ -79.612972000001747, 41.70525100000323 ], [ -79.612572000001578, 41.694734000003145 ], [ -79.613147000001661, 41.623863000002835 ], [ -79.64334900000155, 41.617200000003201 ], [ -79.649685000001881, 41.617246000003306 ], [ -79.672767000001826, 41.617202000002798 ], [ -79.688062000002134, 41.617224000002942 ], [ -79.748044000001528, 41.617910000002752 ], [ -79.768357000001558, 41.617711000003169 ], [ -79.829111000001106, 41.622070000003234 ], [ -79.829722000001681, 41.601953000002851 ], [ -79.877171000001695, 41.574242000002755 ], [ -79.892757000002163, 41.562168000002771 ], [ -79.877672000001311, 41.549107000002664 ], [ -79.850227000001865, 41.548347000002963 ], [ -79.832520000001196, 41.526731000003075 ], [ -79.824291000001992, 41.469814000003112 ], [ -79.769921000001034, 41.469663000002747 ], [ -79.730042000001959, 41.470262000003217 ], [ -79.727524000001438, 41.438258000002961 ], [ -79.725999000001707, 41.424808000002969 ], [ -79.733269000001144, 41.406875000003048 ], [ -79.781573000001515, 41.412821000002495 ], [ -79.802734000001578, 41.400375000003109 ], [ -79.818052000002083, 41.391386000003138 ], [ -79.813669000001681, 41.375056000002928 ], [ -79.787762000001266, 41.36605200000276 ], [ -79.787691000001104, 41.350825000002544 ], [ -79.768590000001709, 41.332954000002793 ], [ -79.783021000001199, 41.324603000003002 ], [ -79.824928000001918, 41.330649000002467 ], [ -79.842234000001085, 41.323803000003117 ], [ -79.844493000001805, 41.301147000002629 ], [ -79.82407300000142, 41.285302000002609 ], [ -79.840922000001072, 41.276079000002973 ], [ -79.910749000001204, 41.275348000002616 ], [ -79.905353000001966, 41.172144000002696 ], [ -79.885546000001455, 41.172463000002864 ], [ -79.822616000001773, 41.173088000003219 ], [ -79.814298000001415, 41.173134000003081 ], [ -79.786692000001352, 41.172963000002909 ], [ -79.69498400000198, 41.172865000003128 ], [ -79.689332000001329, 41.169471000002957 ], [ -79.690272000001968, 41.10325200000316 ], [ -79.690272000001997, 41.102150000003348 ], [ -79.690239000002038, 41.093632000003041 ], [ -79.690206000001609, 41.079108000002968 ], [ -79.690140000001065, 41.030659000003176 ], [ -79.68993000000134, 41.002776000002711 ], [ -79.689925000002063, 40.957667000002637 ], [ -79.689925000001324, 40.957071000002607 ], [ -79.691295000001276, 40.894816000002926 ], [ -79.691495000001723, 40.884893000003188 ], [ -79.692124000001769, 40.813416000003066 ], [ -79.692362000001623, 40.806402000002571 ], [ -79.692863000001751, 40.773263000003325 ], [ -79.693284000002123, 40.741427000002787 ], [ -79.692358000002159, 40.706402000002754 ], [ -79.692535000001826, 40.688854000002706 ], [ -79.692930000001368, 40.669744000002595 ], [ -79.692878000001812, 40.669611000002611 ], [ -79.717121000001342, 40.669656000002973 ], [ -79.731924000001115, 40.669241000003353 ], [ -79.764107000001289, 40.670427000003123 ], [ -79.786363000001373, 40.671302000003024 ], [ -79.81699600000151, 40.671699000003322 ], [ -79.877128000001633, 40.672435000003119 ], [ -79.884955000001924, 40.672634000002652 ], [ -79.924182000001181, 40.673021000002713 ], [ -79.960770000001475, 40.672306000002678 ], [ -79.964595000001509, 40.672514000003048 ], [ -79.977251000001402, 40.673116000002942 ], [ -79.994174000002019, 40.67357100000261 ], [ -79.995523000001839, 40.67359700000268 ], [ -79.996979000001417, 40.673624000002889 ], [ -80.036230000001552, 40.67409000000282 ], [ -80.060124000001125, 40.674143000002488 ], [ -80.067531000001154, 40.674165000003065 ], [ -80.068355000001887, 40.674167000002811 ], [ -80.071393000001095, 40.674174000002502 ], [ -80.095724000001653, 40.674179000002773 ], [ -80.098575000001816, 40.674094000002668 ], [ -80.116498000001172, 40.673827000002866 ], [ -80.148497000001939, 40.673769000002771 ], [ -80.148677000001342, 40.67384800000282 ], [ -80.149806000002243, 40.692933000003016 ], [ -80.151505000001563, 40.722816000003071 ], [ -80.151581000001258, 40.724070000002634 ], [ -80.152560000002026, 40.744042000002644 ], [ -80.15428700000173, 40.772680000002651 ], [ -80.15451900000204, 40.77616600000286 ], [ -80.155145000002236, 40.787163000003325 ], [ -80.155221000001958, 40.78819400000323 ], [ -80.156003000002201, 40.800371000002698 ], [ -80.156710000002093, 40.817530000002911 ], [ -80.15853000000142, 40.855096000002533 ], [ -80.211840000001217, 40.854379000003291 ], [ -80.234269000002001, 40.854161000003295 ], [ -80.271696000001285, 40.853839000003198 ], [ -80.276568000001163, 40.853725000003372 ], [ -80.288809000001336, 40.853675000003001 ], [ -80.298230000001567, 40.853442000002687 ], [ -80.298655000001816, 40.853494000002627 ], [ -80.322405000002135, 40.853231000002687 ], [ -80.322579000001426, 40.853151000002576 ], [ -80.40743400000207, 40.852362000002486 ], [ -80.408512000001195, 40.852361000003263 ], [ -80.445654000002108, 40.852065000002995 ], [ -80.466137000001197, 40.851873000003025 ], [ -80.51904400000204, 40.851339000002788 ], [ -80.519185000001883, 40.902451000003126 ], [ -80.519013000001294, 40.994109000002666 ], [ -80.518960000002039, 41.061546000003261 ], [ -80.519037000001646, 41.125093000002479 ], [ -80.518956000001339, 41.187425000003117 ], [ -80.518793000002191, 41.209930000003304 ] ] ] } },
{ "type": "Feature", "properties": { "enacted_district": 17, "population": 765199.0, "voting_age_pop": 615825.0, "dem_votes": 211816.0, "rep_votes": 175342.0, "minority_pop": 97168.0, "dem_pct": 0.5471047994495517, "rep_pct": 0.45289520029215585 }, "geometry": { "type": "Polygon", "coordinates": [ [ [ -80.466137000001197, 40.851873000003025 ], [ -80.445654000002108, 40.852065000002995 ], [ -80.408512000001195, 40.852361000003263 ], [ -80.40743400000207, 40.852362000002486 ], [ -80.322579000001426, 40.853151000002576 ], [ -80.322405000002135, 40.853231000002687 ], [ -80.298655000001816, 40.853494000002627 ], [ -80.298230000001567, 40.853442000002687 ], [ -80.288809000001336, 40.853675000003001 ], [ -80.276568000001163, 40.853725000003372 ], [ -80.271696000001285, 40.853839000003198 ], [ -80.234269000002001, 40.854161000003295 ], [ -80.211840000001217, 40.854379000003291 ], [ -80.15853000000142, 40.855096000002533 ], [ -80.156710000002093, 40.817530000002911 ], [ -80.156003000002201, 40.800371000002698 ], [ -80.155221000001958, 40.78819400000323 ], [ -80.155145000002236, 40.787163000003325 ], [ -80.15451900000204, 40.77616600000286 ], [ -80.15428700000173, 40.772680000002651 ], [ -80.152560000002026, 40.744042000002644 ], [ -80.151581000001258, 40.724070000002634 ], [ -80.151505000001563, 40.722816000003071 ], [ -80.149806000002243, 40.692933000003016 ], [ -80.148677000001342, 40.67384800000282 ], [ -80.148497000001939, 40.673769000002771 ], [ -80.116498000001172, 40.673827000002866 ], [ -80.098575000001816, 40.674094000002668 ], [ -80.095724000001653, 40.674179000002773 ], [ -80.071393000001095, 40.674174000002502 ], [ -80.068355000001887, 40.674167000002811 ], [ -80.067531000001154, 40.674165000003065 ], [ -80.060124000001125, 40.674143000002488 ], [ -80.036230000001552, 40.67409000000282 ], [ -79.996979000001417, 40.673624000002889 ], [ -79.995523000001839, 40.67359700000268 ], [ -79.994174000002019, 40.67357100000261 ], [ -79.977251000001402, 40.673116000002942 ], [ -79.964595000001509, 40.672514000003048 ], [ -79.960770000001475, 40.672306000002678 ], [ -79.924182000001181, 40.673021000002713 ], [ -79.884955000001924, 40.672634000002652 ], [ -79.877128000001633, 40.672435000003119 ], [ -79.81699600000151, 40.671699000003322 ], [ -79.786363000001373, 40.671302000003024 ], [ -79.764107000001289, 40.670427000003123 ], [ -79.731924000001115, 40.669241000003353 ], [ -79.717121000001342, 40.669656000002973 ], [ -79.692878000001812, 40.669611000002611 ], [ -79.689226000001895, 40.643845000003076 ], [ -79.712073000001141, 40.619131000002653 ], [ -79.722342000001973, 40.607484000002692 ], [ -79.733169000001624, 40.603135000003228 ], [ -79.741275000001053, 40.600758000002592 ], [ -79.749192000001131, 40.598919000002567 ], [ -79.756922000002149, 40.596517000002869 ], [ -79.75897500000201, 40.595670000003231 ], [ -79.761487000001139, 40.594572000002586 ], [ -79.764043000002189, 40.592870000003359 ], [ -79.770790000001057, 40.586698000002869 ], [ -79.773689000001056, 40.58083900000296 ], [ -79.774612000001923, 40.57573400000291 ], [ -79.774455000001097, 40.569742000002591 ], [ -79.772052000002134, 40.562955000003072 ], [ -79.770807000002179, 40.560257000003112 ], [ -79.769545000001557, 40.557436000002902 ], [ -79.766119000001822, 40.550830000002506 ], [ -79.765090000001166, 40.54923800000261 ], [ -79.76417200000121, 40.544264000003018 ], [ -79.779239000001937, 40.534455000003021 ], [ -79.794789000001643, 40.535785000002825 ], [ -79.807566000001287, 40.537284000002686 ], [ -79.813647000002064, 40.536624000003307 ], [ -79.827562000002033, 40.535202000003387 ], [ -79.835272000001169, 40.532634000003362 ], [ -79.83659800000153, 40.530207000002989 ], [ -79.819804000001938, 40.520441000002883 ], [ -79.819707000001742, 40.517397000002781 ], [ -79.793589000001887, 40.511312000003066 ], [ -79.791662000002091, 40.507275000002551 ], [ -79.783995000001809, 40.494550000002548 ], [ -79.785360000002214, 40.4917560000031 ], [ -79.783770000002136, 40.48674800000277 ], [ -79.780488000001142, 40.482013000002567 ], [ -79.778866000001145, 40.476175000002989 ], [ -79.779298000001845, 40.460953000002533 ], [ -79.796670000001569, 40.448677000002832 ], [ -79.797059000002008, 40.44377500000256 ], [ -79.797890000001559, 40.441933000003267 ], [ -79.802667000001549, 40.438580000002588 ], [ -79.805045000001968, 40.439208000003241 ], [ -79.813933000002194, 40.441568000002881 ], [ -79.819733000001875, 40.443109000002707 ], [ -79.827320000001379, 40.444994000002531 ], [ -79.820982000001592, 40.433789000003365 ], [ -79.820924000001582, 40.433225000002551 ], [ -79.826374000001337, 40.425719000002651 ], [ -79.837541000001892, 40.428476000002576 ], [ -79.847161000002174, 40.428566000003194 ], [ -79.843346000001191, 40.423492000002618 ], [ -79.841965000001537, 40.420788000002922 ], [ -79.841028000001444, 40.419526000002691 ], [ -79.838974000001329, 40.414873000003176 ], [ -79.843126000001774, 40.409233000003006 ], [ -79.843941000001465, 40.410369000003179 ], [ -79.849042000002186, 40.411725000003209 ], [ -79.850951000001643, 40.41044700000252 ], [ -79.856857000001298, 40.409018000002959 ], [ -79.869512000001492, 40.414043000002771 ], [ -79.869512000002089, 40.416183000002789 ], [ -79.87279400000196, 40.418578000002725 ], [ -79.884587000001076, 40.417495000002994 ], [ -79.885921000001417, 40.418351000002616 ], [ -79.88711000000184, 40.419884000002661 ], [ -79.88675800000189, 40.423322000003147 ], [ -79.886185000001376, 40.42396300000258 ], [ -79.891252000001202, 40.427723000003333 ], [ -79.892032000002118, 40.428111000003092 ], [ -79.894563000001156, 40.433530000002641 ], [ -79.895568000002143, 40.434962000003353 ], [ -79.895142000001528, 40.437192000002746 ], [ -79.894842000001347, 40.438647000003229 ], [ -79.894257000001488, 40.44156200000247 ], [ -79.893751000001487, 40.443837000002596 ], [ -79.893225000001564, 40.446494000003185 ], [ -79.892423000001472, 40.450266000002827 ], [ -79.891073000001953, 40.449779000002643 ], [ -79.888184000001942, 40.447659000002744 ], [ -79.884087000001429, 40.44914400000323 ], [ -79.882185000001741, 40.449189000002647 ], [ -79.878312000001301, 40.449922000002616 ], [ -79.877692000001716, 40.449858000003054 ], [ -79.869040000001519, 40.44938900000308 ], [ -79.867561000001942, 40.449389000002654 ], [ -79.866477000001964, 40.452766000003258 ], [ -79.865843000001632, 40.455745000002729 ], [ -79.868278000001467, 40.45635100000294 ], [ -79.871466000001746, 40.457143000003342 ], [ -79.869102000001632, 40.460973000002731 ], [ -79.871739000001128, 40.461030000002687 ], [ -79.874504000001821, 40.459263000003141 ], [ -79.875210000002056, 40.459905000002692 ], [ -79.879241000001116, 40.459152000003222 ], [ -79.884781000001624, 40.460517000002774 ], [ -79.888502000002035, 40.461430000002657 ], [ -79.889992000001357, 40.461829000003299 ], [ -79.889044000001846, 40.466494000003074 ], [ -79.888464000002102, 40.469194000002574 ], [ -79.888137000001976, 40.470843000002759 ], [ -79.887735000001257, 40.47306700000285 ], [ -79.887081000001473, 40.475920000003171 ], [ -79.883807000001255, 40.483212000003192 ], [ -79.88460400000217, 40.490922000003131 ], [ -79.889832000001675, 40.491527000002591 ], [ -79.896912000002018, 40.492614000002717 ], [ -79.901626000001414, 40.488985000002657 ], [ -79.906923000001214, 40.487098000002533 ], [ -79.907352000002106, 40.487200000002595 ], [ -79.915182000001238, 40.48883500000268 ], [ -79.917249000001817, 40.489258000003289 ], [ -79.923567000001157, 40.490717000003279 ], [ -79.92504400000216, 40.490999000002482 ], [ -79.932961000001967, 40.491647000003034 ], [ -79.934338000001716, 40.491570000002518 ], [ -79.938355000001067, 40.49098300000302 ], [ -79.949780000001354, 40.488095000003007 ], [ -79.951270000001159, 40.487586000003184 ], [ -79.960690000001961, 40.482055000003001 ], [ -79.964756000002083, 40.477917000003288 ], [ -79.965716000001962, 40.476502000003109 ], [ -79.96676800000111, 40.475164000002877 ], [ -79.968685000001088, 40.472750000003039 ], [ -79.970767000002184, 40.470658000002757 ], [ -79.977193000001307, 40.470848000002803 ], [ -79.981829000001625, 40.469316000003033 ], [ -79.983868000001806, 40.466322000002975 ], [ -79.985881000001442, 40.471901000003257 ], [ -79.993609000001314, 40.47740800000291 ], [ -79.991860000001381, 40.473134000002723 ], [ -79.99754500000185, 40.472982000002808 ], [ -79.998607000001826, 40.479165000003235 ], [ -80.003206000001683, 40.482548000002495 ], [ -80.00393200000218, 40.496285000003226 ], [ -80.012258000001893, 40.498879000002795 ], [ -80.013033000001712, 40.498731000002515 ], [ -80.020079000001701, 40.497709000002821 ], [ -80.019944000001232, 40.496781000003345 ], [ -80.026562000001235, 40.496688000002926 ], [ -80.02778400000183, 40.491100000002781 ], [ -80.028207000001842, 40.491082000002784 ], [ -80.032500000001107, 40.490981000002989 ], [ -80.036617000002096, 40.490508000002528 ], [ -80.04325100000122, 40.489569000002561 ], [ -80.0455940000016, 40.487804000002669 ], [ -80.046444000001202, 40.487163000003171 ], [ -80.051100000001753, 40.483782000002869 ], [ -80.053179000001151, 40.48217000000308 ], [ -80.04786200000207, 40.475814000002572 ], [ -80.051287000001849, 40.465564000002765 ], [ -80.057139000002095, 40.463753000002981 ], [ -80.057249000001391, 40.463714000002973 ], [ -80.065211000001227, 40.462113000002859 ], [ -80.065417000001773, 40.462014000003329 ], [ -80.074234000001553, 40.463127000002892 ], [ -80.075364000001116, 40.463981000003152 ], [ -80.07769700000172, 40.464736000002873 ], [ -80.093375000001672, 40.450754000002803 ], [ -80.092410000001848, 40.450918000003014 ], [ -80.08239600000114, 40.440244000002757 ], [ -80.080749000002044, 40.439738000003345 ], [ -80.080511000001209, 40.440495000002542 ], [ -80.076352000002103, 40.441808000003213 ], [ -80.077437000002135, 40.444188000003223 ], [ -80.078505000001201, 40.446527000002966 ], [ -80.068616000002223, 40.447845000003142 ], [ -80.065347000001736, 40.448544000003061 ], [ -80.05674200000189, 40.444315000002973 ], [ -80.055371000002154, 40.44393600000258 ], [ -80.057900000001538, 40.443141000003109 ], [ -80.061216000001721, 40.440632000002772 ], [ -80.061173000001759, 40.440597000003272 ], [ -80.058044000001814, 40.435721000003021 ], [ -80.057861000001509, 40.431438000002963 ], [ -80.065546000001149, 40.430349000003005 ], [ -80.065955000002106, 40.430438000003249 ], [ -80.068580000001674, 40.43135800000254 ], [ -80.07097900000214, 40.42823000000255 ], [ -80.085542000001055, 40.423842000002601 ], [ -80.078659000001153, 40.416462000002753 ], [ -80.073862000001071, 40.413399000002578 ], [ -80.066764000001314, 40.423449000002854 ], [ -80.053773000001186, 40.42793800000257 ], [ -80.042491000001831, 40.428618000002913 ], [ -80.040698000002223, 40.428683000002863 ], [ -80.035546000001986, 40.427201000003159 ], [ -80.043725000001928, 40.41405200000262 ], [ -80.047599000001441, 40.40778000000266 ], [ -80.048643000001192, 40.406089000002936 ], [ -80.05120200000114, 40.40194300000266 ], [ -80.048654000002202, 40.400746000002769 ], [ -80.044882000002076, 40.399060000002493 ], [ -80.041853000001439, 40.399433000002858 ], [ -80.039818000002015, 40.401279000002909 ], [ -80.036343000001878, 40.404261000002563 ], [ -80.032482000002034, 40.401729000002803 ], [ -80.031851000001495, 40.40088300000334 ], [ -80.031468000002121, 40.400397000002762 ], [ -80.029390000001769, 40.397205000002494 ], [ -80.031144000001206, 40.396613000003185 ], [ -80.028696000001119, 40.391296000002946 ], [ -80.027827000001651, 40.391598000003142 ], [ -80.023653000001318, 40.389390000002514 ], [ -80.021313000001555, 40.388118000002784 ], [ -80.016874000001806, 40.385969000002852 ], [ -80.01249200000197, 40.383399000003301 ], [ -80.007158000001795, 40.381531000002717 ], [ -80.005244000001639, 40.383840000003197 ], [ -80.004181000001694, 40.378170000003053 ], [ -80.006708000001083, 40.374861000003207 ], [ -80.005372000002012, 40.374597000003376 ], [ -80.001586000001566, 40.374841000002597 ], [ -80.005268000001593, 40.365026000002651 ], [ -80.004877000002224, 40.364790000002976 ], [ -80.009643000001887, 40.360267000003049 ], [ -80.014813000001325, 40.360694000003107 ], [ -80.015425000002196, 40.360296000002506 ], [ -80.017084000001702, 40.359027000002833 ], [ -80.028464000002074, 40.356962000003016 ], [ -80.028218000001374, 40.355858000003202 ], [ -80.033428000002033, 40.35513900000285 ], [ -80.036380000001955, 40.353916000002833 ], [ -80.051170000002173, 40.351043000003386 ], [ -80.050924000002112, 40.353007000002918 ], [ -80.059874000001571, 40.358751000003195 ], [ -80.060701000001274, 40.359305000003339 ], [ -80.064343000001386, 40.361749000003336 ], [ -80.067080000001738, 40.362524000003269 ], [ -80.069226000001933, 40.363134000002511 ], [ -80.070512000002012, 40.363500000003313 ], [ -80.072664000001794, 40.363778000002505 ], [ -80.077247000001236, 40.363865000002669 ], [ -80.086937000001782, 40.363981000002553 ], [ -80.094936000001297, 40.362902000002691 ], [ -80.095184000001993, 40.36336800000317 ], [ -80.094685000001206, 40.364319000002958 ], [ -80.109903000001822, 40.363781000002888 ], [ -80.119042000001201, 40.362981000003366 ], [ -80.119943000002067, 40.362245000002581 ], [ -80.118919000001569, 40.358157000002628 ], [ -80.114328000001578, 40.355210000002515 ], [ -80.110129000001663, 40.351565000002957 ], [ -80.113471000001951, 40.331546000003065 ], [ -80.115855000001162, 40.318859000003059 ], [ -80.116278000001458, 40.312659000003073 ], [ -80.123085000001069, 40.314597000002657 ], [ -80.143475000001871, 40.320654000003017 ], [ -80.161253000001679, 40.326100000003159 ], [ -80.171019000002019, 40.328987000002535 ], [ -80.182196000001866, 40.332366000002594 ], [ -80.18299900000217, 40.332621000002803 ], [ -80.200518000002049, 40.34742000000292 ], [ -80.222956000001261, 40.365897000003024 ], [ -80.227986000001138, 40.369990000002751 ], [ -80.234342000001732, 40.375196000003214 ], [ -80.234673000001109, 40.375468000002918 ], [ -80.258943000002205, 40.3952200000031 ], [ -80.287940000001726, 40.418818000002837 ], [ -80.296194000001719, 40.425476000002966 ], [ -80.324351000001727, 40.448452000002689 ], [ -80.360801000001302, 40.477591000002754 ], [ -80.361865000001899, 40.477571000002698 ], [ -80.437119000001715, 40.477772000003014 ], [ -80.448114000001908, 40.477717000002492 ], [ -80.519038000001586, 40.477363000003095 ], [ -80.518865000001441, 40.559613000003012 ], [ -80.518993000001927, 40.637447000003228 ], [ -80.518963000001449, 40.733741000002766 ], [ -80.519047000001649, 40.789444000003222 ], [ -80.51904400000204, 40.851339000002788 ], [ -80.466137000001197, 40.851873000003025 ] ] ] } }
]
}
