{
"type": "FeatureCollection",
"name": "rhode_island_optimized_districts_headcount",
"crs": { "type": "name", "properties": { "name": "urn:ogc:def:crs:OGC:1.3:CRS84" } },
"features": [
{ "type": "Feature", "properties": { "district_id": 0, "voting_age_pop": 419719, "lib_votes": 0, "grn_votes": 0, "con_votes": 0, "ref_votes": 0, "total_pop": 528466, "dem_votes_sum": 128807, "rep_votes_sum": 107230, "lib_votes_sum": 0, "grn_votes_sum": 0, "con_votes_sum": 0, "ref_votes_sum": 0, "minority_pop_sum": 111485, "dem_pct": 0.54570681715154823, "rep_pct": 0.45429318284845172, "lib_pct": 0.0, "grn_pct": 0.0, "con_pct": 0.0, "ref_pct": 0.0, "minority_pct": 0.21095964546441967, "compactness": 0.019436759437571328 }, "geometry": { "type": "MultiPolygon", "coordinates": [ [ [ [ -71.812911164999889, 41.3207041920001 ], [ -71.858541366999987, 41.30351219100001 ], [ -71.886607934999986, 41.307016598000111 ], [ -71.858778539999904, 41.310018848 ], [ -71.840594484999897, 41.325451857000097 ], [ -71.846410991, 41.329029072 ], [ -71.825362905, 41.335275208 ], [ -71.842325537, 41.4103156 ], [ -71.797745347, 41.416606418000093 ], [ -71.794680647999897, 41.854417534 ], [ -71.691032613999894, 41.856561538000093 ], [ -71.682663607999984, 41.808957529000089 ], [ -71.627039591, 41.817960532 ], [ -71.626561590999984, 41.830597534 ], [ -71.569888573000014, 41.835108537000103 ], [ -71.565346571, 41.814968534000094 ], [ -71.491005545999897, 41.805832534 ], [ -71.490334544999897, 41.791378531000092 ], [ -71.467582537999988, 41.798117533 ], [ -71.453140535, 41.821267538 ], [ -71.440600528999894, 41.804244535000102 ], [ -71.425560523999906, 41.804146536000097 ], [ -71.419556521999894, 41.786118532 ], [ -71.408127518, 41.792946534000102 ], [ -71.384752163, 41.785499221000094 ], [ -71.390906905, 41.745518819 ], [ -71.376165157999907, 41.744223671 ], [ -71.394288108999902, 41.733454961000099 ], [ -71.356871172999902, 41.717884522000105 ], [ -71.372153824, 41.715366219 ], [ -71.370170731, 41.713307857000096 ], [ -71.375854171999919, 41.712465716000096 ], [ -71.377443984, 41.71051346100009 ], [ -71.365190824, 41.713123561 ], [ -71.363075372, 41.691836710000103 ], [ -71.378432075, 41.666587639000092 ], [ -71.386908386999906, 41.671622208 ], [ -71.390782734999988, 41.672205783 ], [ -71.390846255999989, 41.672376745000101 ], [ -71.383002759, 41.699631892000106 ], [ -71.397089245999979, 41.696368353 ], [ -71.397303496, 41.683197227000107 ], [ -71.405679312, 41.697015535 ], [ -71.416456674999907, 41.6996049810001 ], [ -71.403269493, 41.685275522 ], [ -71.440984234, 41.686919759 ], [ -71.446372534999981, 41.695765946000101 ], [ -71.459385598, 41.697576301 ], [ -71.441183242, 41.673786323000101 ], [ -71.456418428999882, 41.647758477 ], [ -71.440299165999988, 41.666977152000108 ], [ -71.40823471, 41.663032315000102 ], [ -71.409489970999985, 41.657051653000096 ], [ -71.434937069999904, 41.651722955 ], [ -71.442571077999986, 41.645773185000103 ], [ -71.445151217, 41.641477719000093 ], [ -71.408541676999988, 41.650824263000104 ], [ -71.403185094999984, 41.625944786 ], [ -71.420222712999987, 41.621070892 ], [ -71.402131986, 41.615037182 ], [ -71.416796427, 41.604912244 ], [ -71.402996507999902, 41.600524149000101 ], [ -71.407808553999985, 41.585967332000102 ], [ -71.437899141999907, 41.574311259000098 ], [ -71.448261186999986, 41.594845455 ], [ -71.458199954, 41.583165844000099 ], [ -71.453798951999886, 41.574254369000094 ], [ -71.445028174999919, 41.57290527 ], [ -71.45677176, 41.565934958000092 ], [ -71.437656340999979, 41.572926597 ], [ -71.439291217999894, 41.557937313 ], [ -71.427871783999905, 41.556061916 ], [ -71.438669204999911, 41.55100301 ], [ -71.433492286, 41.544120444 ], [ -71.426242615999982, 41.54543346 ], [ -71.423662512999982, 41.548757798000103 ], [ -71.415179727, 41.529907538 ], [ -71.417763818999987, 41.475254505000102 ], [ -71.430543899, 41.470849165000097 ], [ -71.431021321999907, 41.465857001000096 ], [ -71.429709932999984, 41.461462446 ], [ -71.42654565, 41.458841062 ], [ -71.42641184, 41.456081259 ], [ -71.425817018, 41.456010528 ], [ -71.43054513700001, 41.452791052000094 ], [ -71.432214950999906, 41.445246216 ], [ -71.438060954999983, 41.442497907000103 ], [ -71.439143510999898, 41.439878863 ], [ -71.441555427999987, 41.44355867100009 ], [ -71.448178446999989, 41.447328566000095 ], [ -71.451194508, 41.452521712000092 ], [ -71.446112517, 41.480885100000094 ], [ -71.446667659999903, 41.497829503 ], [ -71.449589789000015, 41.507318928000096 ], [ -71.443828873, 41.514845406000092 ], [ -71.445366436, 41.51934817900009 ], [ -71.453927958999884, 41.503100372000098 ], [ -71.4522423129999, 41.454021794 ], [ -71.473441821999984, 41.439051046 ], [ -71.450722782, 41.449308229000103 ], [ -71.44590751, 41.442175369 ], [ -71.441568209, 41.442186008000093 ], [ -71.456789972, 41.432788633 ], [ -71.452883615, 41.408966664 ], [ -71.480458273, 41.361012720000097 ], [ -71.513293411999911, 41.374106356 ], [ -71.48974959, 41.393041951 ], [ -71.502216887, 41.415760449000103 ], [ -71.490860639999894, 41.41067137 ], [ -71.492028612999903, 41.42891731 ], [ -71.502378922999981, 41.43352772300009 ], [ -71.497584533999884, 41.418164481000098 ], [ -71.50168386, 41.422230969000097 ], [ -71.512310171999985, 41.422577471000103 ], [ -71.516982170999896, 41.386857291000091 ], [ -71.517358593999987, 41.386901192 ], [ -71.518391451, 41.386075752000103 ], [ -71.519037431999905, 41.385971381 ], [ -71.519505646, 41.385688624000103 ], [ -71.519577533006697, 41.385674089193301 ], [ -71.519650578498798, 41.385665223002398 ], [ -71.521063533, 41.386158451 ], [ -71.521299481391907, 41.386108160018907 ], [ -71.521609280999883, 41.386203748000099 ], [ -71.521838176, 41.386062868000096 ], [ -71.52197905, 41.386057536000095 ], [ -71.522032707929583, 41.386016130447395 ], [ -71.522106170654297, 41.385994344949701 ], [ -71.522179841995182, 41.386001259088495 ], [ -71.52273718, 41.386324629000093 ], [ -71.524419848, 41.38573066 ], [ -71.524582892656298, 41.385731980204596 ], [ -71.524738907813997, 41.385746374726303 ], [ -71.524816572666197, 41.3857582658529 ], [ -71.524903208017307, 41.38577927649019 ], [ -71.5249738097191, 41.385804235935204 ], [ -71.525165587663693, 41.385926961898797 ], [ -71.52553316950798, 41.386059299111402 ], [ -71.526361495256396, 41.38612806797029 ], [ -71.526951052, 41.386494493 ], [ -71.527984693, 41.386167245000102 ], [ -71.532239328999893, 41.394772176000096 ], [ -71.541527013999897, 41.398379998000102 ], [ -71.531028574999894, 41.384646358000097 ], [ -71.540606642999904, 41.386868006 ], [ -71.542278348, 41.378391732000104 ], [ -71.541367626999914, 41.378422778000093 ], [ -71.541225413999882, 41.378394493 ], [ -71.541083355999902, 41.378322708 ], [ -71.541030612, 41.378271565 ], [ -71.540963560342789, 41.378169178962693 ], [ -71.540920704603195, 41.378125056624391 ], [ -71.540863543748898, 41.378085449337995 ], [ -71.540644258260699, 41.37811346352099 ], [ -71.540141165256514, 41.378690093755708 ], [ -71.540171533822999, 41.378740444779396 ], [ -71.540171951055498, 41.378740921616604 ], [ -71.540221360000018, 41.378780284000094 ], [ -71.540277183055906, 41.378890842199297 ], [ -71.540528565645189, 41.379132613539696 ], [ -71.540876904999891, 41.379234215000096 ], [ -71.540903121232986, 41.379285693168598 ], [ -71.540334496, 41.379555645 ], [ -71.54031169, 41.379659507 ], [ -71.5402585566044, 41.379696026444392 ], [ -71.540238529443698, 41.379815444350193 ], [ -71.540237516164794, 41.379874497652096 ], [ -71.540248851999905, 41.379933311000102 ], [ -71.54031863199998, 41.380034420000108 ], [ -71.540312588214888, 41.380092993378597 ], [ -71.540003472, 41.3801768760001 ], [ -71.539225979, 41.380228442 ], [ -71.538857400417299, 41.380739361047702 ], [ -71.538360773999983, 41.38102688900009 ], [ -71.538293331861482, 41.3810480237007 ], [ -71.538171470165295, 41.381119415164001 ], [ -71.53811024, 41.381148895000102 ], [ -71.538037344, 41.381167879 ], [ -71.537957247999898, 41.381181879000103 ], [ -71.537885606288896, 41.381189152598402 ], [ -71.53772863745688, 41.381164088845296 ], [ -71.537684078, 41.380754840000108 ], [ -71.538478970527606, 41.379875987768202 ], [ -71.538519651122783, 41.379820265707089 ], [ -71.538631423, 41.379647002000098 ], [ -71.538690984249087, 41.379538834095001 ], [ -71.538707203999905, 41.37947762 ], [ -71.53871148, 41.379417607000093 ], [ -71.538726776838303, 41.379357114434193 ], [ -71.538791000843005, 41.379246205091498 ], [ -71.539439529180498, 41.379075467586503 ], [ -71.539936333894701, 41.378709912300103 ], [ -71.540010988712297, 41.378370031714397 ], [ -71.540863543748898, 41.37765145301821 ], [ -71.540586414, 41.377289917 ], [ -71.541008523, 41.376798372000103 ], [ -71.540787905454593, 41.376357614994006 ], [ -71.540946751833005, 41.376273632049603 ], [ -71.54127576947208, 41.375873938202901 ], [ -71.541354409999897, 41.375628675 ], [ -71.541382551193209, 41.375573441386194 ], [ -71.541400194168091, 41.375520959496498 ], [ -71.541418128, 41.375463939 ], [ -71.541468640999895, 41.375352176 ], [ -71.541506651, 41.375298188 ], [ -71.541570110999885, 41.375253545000099 ], [ -71.541634244, 41.375217226000103 ], [ -71.541692148, 41.375173203 ], [ -71.5419149398804, 41.374916195869396 ], [ -71.541932553052916, 41.374853447079694 ], [ -71.541809737682286, 41.374693125486395 ], [ -71.541759447999894, 41.374724848 ], [ -71.541685479, 41.374714835000098 ], [ -71.541359156370206, 41.374467149376905 ], [ -71.54128652811049, 41.374450445175192 ], [ -71.541208654642091, 41.374442234635417 ], [ -71.541032552719102, 41.374439448118203 ], [ -71.5409552454948, 41.374426126480103 ], [ -71.540884472999906, 41.374397474 ], [ -71.540485233068509, 41.374351009726503 ], [ -71.540408551693005, 41.374330446124098 ], [ -71.540244281292004, 41.374315097927997 ], [ -71.539832115173311, 41.374596953391993 ], [ -71.539689362049089, 41.37494896352289 ], [ -71.539758265018492, 41.375662222504602 ], [ -71.539762526750579, 41.375852450728402 ], [ -71.539748579263701, 41.375971972942395 ], [ -71.539747947, 41.376032013 ], [ -71.539720896999896, 41.376086843000103 ], [ -71.539622643802687, 41.376235307434001 ], [ -71.539568632841096, 41.376344159245491 ], [ -71.539488524198504, 41.376447454094894 ], [ -71.539567207999895, 41.376346161000093 ], [ -71.539436872999914, 41.376625220000101 ], [ -71.539439141750293, 41.376679793000193 ], [ -71.539435535669284, 41.376741454005192 ], [ -71.539436966180816, 41.3768005222082 ], [ -71.539442725, 41.37686343700009 ], [ -71.539440214633885, 41.376925528049497 ], [ -71.539409428834901, 41.376983717083903 ], [ -71.539397774999898, 41.377045021000093 ], [ -71.539367872, 41.377103923000092 ], [ -71.538552403450012, 41.378180548548698 ], [ -71.538068503000019, 41.378362693 ], [ -71.537778526544585, 41.3785824477673 ], [ -71.537595517315566, 41.378816373037573 ], [ -71.537619891999981, 41.378815881 ], [ -71.537541955709514, 41.378818199038498 ], [ -71.537491166999985, 41.378797444 ], [ -71.537135779857607, 41.3782884627581 ], [ -71.537140064, 41.378155333000095 ], [ -71.537187039852085, 41.378037288784995 ], [ -71.537330359220505, 41.377844050526598 ], [ -71.537237942218795, 41.377766087651295 ], [ -71.536889404058485, 41.377636089920983 ], [ -71.536733746528597, 41.377560034394293 ], [ -71.536677837371798, 41.37752331793309 ], [ -71.536628509, 41.377482556000103 ], [ -71.536312328, 41.376818727000099 ], [ -71.536245302999987, 41.376467389 ], [ -71.536256287999905, 41.376402090000099 ], [ -71.536250445862535, 41.376438444283657 ], [ -71.536339551210418, 41.376291453838299 ], [ -71.536475896835299, 41.375952199101398 ], [ -71.536455541849094, 41.375916451215708 ], [ -71.535600692033796, 41.375595331191995 ], [ -71.535135686397595, 41.375714033842094 ], [ -71.534712523221998, 41.375949442386599 ], [ -71.534661531448407, 41.375988453626597 ], [ -71.534678642, 41.376045934 ], [ -71.534650784, 41.376074531 ], [ -71.534505495, 41.376128503000103 ], [ -71.534286587999986, 41.376088820000092 ], [ -71.534061074256883, 41.37616829574111 ], [ -71.533672183752088, 41.3764280080795 ], [ -71.533540397882518, 41.377374380827 ], [ -71.532936215400682, 41.377484560012796 ], [ -71.532999277114897, 41.377593204379096 ], [ -71.533071537999888, 41.377622228000092 ], [ -71.533109307289081, 41.377668321132695 ], [ -71.533167600631685, 41.377780571579905 ], [ -71.533326914, 41.377893215 ], [ -71.53320720791821, 41.378097340464599 ], [ -71.531597137451186, 41.378256455063791 ], [ -71.531643331050901, 41.378328427672393 ], [ -71.531785547733307, 41.378375455737093 ], [ -71.532145183999901, 41.378387965000101 ], [ -71.532402068376499, 41.378450810909285 ], [ -71.532468438148484, 41.378495573997505 ], [ -71.532533526420579, 41.378523454070091 ], [ -71.532608181238203, 41.378543511033087 ], [ -71.53269878029819, 41.378541767597191 ], [ -71.5327363, 41.378363876 ], [ -71.533231188999906, 41.378335077 ], [ -71.534375304, 41.3776384270001 ], [ -71.534907549619689, 41.377475455403307 ], [ -71.534618794918089, 41.37709686160089 ], [ -71.534677356481595, 41.377127826213808 ], [ -71.534799742, 41.377208038 ], [ -71.534920126199694, 41.377297535538695 ], [ -71.53509953618051, 41.377311453223193 ], [ -71.535231530666394, 41.377291455864892 ], [ -71.535196991, 41.377495421 ], [ -71.535325348377199, 41.377279877662701 ], [ -71.535492211580291, 41.377266898751301 ], [ -71.535571284, 41.377272983000097 ], [ -71.535655065, 41.377286953000095 ], [ -71.535713870999984, 41.377327439000091 ], [ -71.535763999000011, 41.377377875 ], [ -71.535738050937695, 41.377409324049992 ], [ -71.535740524530397, 41.377446442842498 ], [ -71.535790324211092, 41.377556011080699 ], [ -71.535814523696899, 41.377748444676399 ], [ -71.535893529653507, 41.37785445153709 ], [ -71.535963356494889, 41.377868413925206 ], [ -71.535564813, 41.378156676000103 ], [ -71.535496076999905, 41.3781729130001 ], [ -71.53543439, 41.378139655 ], [ -71.535360127687511, 41.378123536705999 ], [ -71.535288631916004, 41.378111466765397 ], [ -71.534889936447101, 41.37777912616729 ], [ -71.534643143415494, 41.377892971038797 ], [ -71.534407466649995, 41.377929329872103 ], [ -71.534181837999895, 41.377891775000094 ], [ -71.533009783999887, 41.378893386000094 ], [ -71.532708256999982, 41.378935920000103 ], [ -71.532623449, 41.378934846000099 ], [ -71.532602580999907, 41.378919689 ], [ -71.532450795173602, 41.378691479563699 ], [ -71.532236665487304, 41.3789052516222 ], [ -71.532155871391296, 41.378879085183087 ], [ -71.532096066999884, 41.378844359 ], [ -71.532041057999905, 41.378804648 ], [ -71.531623840332003, 41.378769159317002 ], [ -71.531536370515795, 41.378740087151499 ], [ -71.531464238, 41.378698848999989 ], [ -71.531408288, 41.378660556000106 ], [ -71.531311720609693, 41.378576189279599 ], [ -71.531220018863706, 41.378470227122307 ], [ -71.531033545732498, 41.378333449363694 ], [ -71.530437631, 41.378195609 ], [ -71.530421959, 41.378250822 ], [ -71.530351621999984, 41.378352431000096 ], [ -71.5306902527809, 41.378962710499799 ], [ -71.530648063999905, 41.3791225840001 ], [ -71.530557513237, 41.379125103354497 ], [ -71.530483241999903, 41.3791147150001 ], [ -71.529956776999896, 41.378900717000107 ], [ -71.529841314, 41.378530497 ], [ -71.529767036438002, 41.378522306680701 ], [ -71.529708577, 41.378563693 ], [ -71.529659956693607, 41.378569975495296 ], [ -71.52945837378499, 41.378503784537301 ], [ -71.52985954284668, 41.379232451319702 ], [ -71.530959642, 41.379653713 ], [ -71.530932494999888, 41.379714624 ], [ -71.530818425999897, 41.379803895000101 ], [ -71.530743064, 41.379810776000099 ], [ -71.530673357, 41.379832705000098 ], [ -71.530601762999879, 41.379844617000103 ], [ -71.529835701, 41.379802622000099 ], [ -71.529821157455402, 41.37983419001101 ], [ -71.529469706, 41.38018591100009 ], [ -71.529154781, 41.380366896000105 ], [ -71.529110935999881, 41.380369606 ], [ -71.529057890176787, 41.380321294069297 ], [ -71.529007524251881, 41.380329445004499 ], [ -71.5289515256882, 41.380375444889097 ], [ -71.528995156288104, 41.380559355020502 ], [ -71.528877526521697, 41.380530446767793 ], [ -71.528730541467695, 41.380585446953802 ], [ -71.528434455394702, 41.381361752748496 ], [ -71.528890520334201, 41.381811708211892 ], [ -71.528814405202894, 41.382062450051301 ], [ -71.528072893619481, 41.381143435835796 ], [ -71.529237264999907, 41.378631351000095 ], [ -71.528297441999896, 41.379913886000089 ], [ -71.528134524822207, 41.3799144476652 ], [ -71.527934104204206, 41.379941076040303 ], [ -71.527457582999901, 41.38005970600009 ], [ -71.52647629380229, 41.379998087882996 ], [ -71.526468902826295, 41.380093559622807 ], [ -71.526531755924196, 41.380101710557902 ], [ -71.5267435599999, 41.380075312 ], [ -71.526833135999894, 41.380075703 ], [ -71.526910364627781, 41.380078926682508 ], [ -71.5270045995712, 41.38008865714071 ], [ -71.527258753776593, 41.380138516426101 ], [ -71.527438789606094, 41.380162641406102 ], [ -71.528248459100695, 41.380053386092207 ], [ -71.527936967999906, 41.381089767 ], [ -71.528059363365202, 41.381552606821096 ], [ -71.527940541505785, 41.3816154450178 ], [ -71.527774482965498, 41.381412118673296 ], [ -71.527697533369107, 41.38140344619751 ], [ -71.527608573436694, 41.381414994597399 ], [ -71.527625530958204, 41.382051452994297 ], [ -71.528035034, 41.381620727 ], [ -71.528161317110104, 41.381814345717409 ], [ -71.528348416089997, 41.382039844989798 ], [ -71.528417050838485, 41.3821607381105 ], [ -71.528636068105683, 41.382191807031603 ], [ -71.528642326593385, 41.382249265909209 ], [ -71.528720364, 41.382263972 ], [ -71.528781968, 41.382313059000097 ], [ -71.528807222843199, 41.3823727220297 ], [ -71.528775483369799, 41.3825441598892 ], [ -71.528744936, 41.382551927000101 ], [ -71.528554320335402, 41.382496669888496 ], [ -71.528794513999983, 41.382805594 ], [ -71.528721684999894, 41.382987615 ], [ -71.528616249561281, 41.383061125874491 ], [ -71.528332889080005, 41.382968023419409 ], [ -71.528224855661392, 41.382885023951502 ], [ -71.528113543987288, 41.382723450660698 ], [ -71.52800473570818, 41.382616326212897 ], [ -71.527933508157702, 41.382584452629096 ], [ -71.527764082, 41.382550682 ], [ -71.527617608, 41.382505571 ], [ -71.527384013999921, 41.382387546000103 ], [ -71.5267107486725, 41.381914466619506 ], [ -71.526637494564099, 41.381903395056703 ], [ -71.526235252618804, 41.381900265812902 ], [ -71.526161789894104, 41.381909266114192 ], [ -71.526020526886001, 41.382037445902803 ], [ -71.525975674390807, 41.382322743534999 ], [ -71.526584148406997, 41.382024526596084 ], [ -71.527026784, 41.38222955 ], [ -71.527184937584252, 41.382493692210154 ], [ -71.527312189340606, 41.382561698555911 ], [ -71.527446293999986, 41.382603200000098 ], [ -71.52751375, 41.382634356 ], [ -71.527729153633103, 41.382758721709301 ], [ -71.527748942, 41.382793981000098 ], [ -71.527719963999985, 41.382844143000092 ], [ -71.527576535940199, 41.382900252938299 ], [ -71.527340292930603, 41.382885605096796 ], [ -71.52749428, 41.383197820000099 ], [ -71.527308344841003, 41.383461222052603 ], [ -71.526913017034502, 41.383296594023697 ], [ -71.526708414999987, 41.383384742 ], [ -71.526641577482195, 41.383395224809597 ], [ -71.526586532592788, 41.383407443761797 ], [ -71.526549627999884, 41.383456615000092 ], [ -71.526529133319897, 41.383519679307902 ], [ -71.526528631334301, 41.383545658078056 ], [ -71.526584386825604, 41.383651286363595 ], [ -71.526859237999986, 41.383737163 ], [ -71.527382284402805, 41.384155780077002 ], [ -71.52717272, 41.384266861000093 ], [ -71.527077466249494, 41.384511277079604 ], [ -71.527081251144395, 41.384639814495998 ], [ -71.527794182300582, 41.385291814804091 ], [ -71.527534586876527, 41.385585577244385 ], [ -71.527904786, 41.385930509 ], [ -71.527915120124803, 41.385952785611202 ], [ -71.527894706, 41.386006556 ], [ -71.527821153402286, 41.386026337742798 ], [ -71.527225017547593, 41.385948449373203 ], [ -71.527224540710407, 41.385948449373203 ], [ -71.527148634195299, 41.38596104085449 ], [ -71.527058005332918, 41.385969981551192 ], [ -71.526977781999989, 41.3859955 ], [ -71.52690247, 41.385995883000099 ], [ -71.526288419961887, 41.385887771844907 ], [ -71.525741070509, 41.38591061532501 ], [ -71.525263249874101, 41.385816648602493 ], [ -71.524374514818192, 41.383949175477007 ], [ -71.523354470729785, 41.384597450494795 ], [ -71.523195207119016, 41.382163539528797 ], [ -71.522002041339903, 41.383686363697109 ], [ -71.520644068717985, 41.3840107917786 ], [ -71.52010667324069, 41.38335373997689 ], [ -71.522915065288501, 41.380276620388003 ], [ -71.521472901105881, 41.379014134407001 ], [ -71.521460682153688, 41.379876255989103 ], [ -71.5195947289467, 41.379962310195005 ], [ -71.519509119999981, 41.379936799000099 ], [ -71.519422601, 41.379905595 ], [ -71.519270782, 41.37981805 ], [ -71.519121540999905, 41.379511610000101 ], [ -71.520373880863204, 41.378893807530403 ], [ -71.522704601287799, 41.376824691891692 ], [ -71.538466095924406, 41.373116761445999 ], [ -71.550651043653502, 41.374544948339498 ], [ -71.559026628732695, 41.373128399252899 ], [ -71.562619469367633, 41.372403255732479 ], [ -71.562967799, 41.3721644990001 ], [ -71.564806833, 41.371793822 ], [ -71.565036140999979, 41.371784636 ], [ -71.565159976482406, 41.371706351637798 ], [ -71.566431671380997, 41.371451094746597 ], [ -71.566606014999905, 41.371393165 ], [ -71.566820087712486, 41.371360097362178 ], [ -71.566676318645506, 41.371377259492895 ], [ -71.568061717, 41.371154680000096 ], [ -71.569132235, 41.371067728000092 ], [ -71.569824304999898, 41.370980929 ], [ -71.570249706506686, 41.370970398187595 ], [ -71.570649445056887, 41.370919823646503 ], [ -71.570249549, 41.370970447 ], [ -71.570723965999903, 41.370910876 ], [ -71.571245675999904, 41.370820925 ], [ -71.571409026, 41.370774922000102 ], [ -71.571573595999979, 41.370789686000101 ], [ -71.571767482, 41.370765505000094 ], [ -71.5721802529999, 41.370783086000102 ], [ -71.572345433999899, 41.370773674000098 ], [ -71.579505556, 41.369413713 ], [ -71.576655779999982, 41.373333773000098 ], [ -71.583600544, 41.37827049 ], [ -71.59132601399989, 41.367512406000102 ], [ -71.584508453999902, 41.369469588000101 ], [ -71.580123799, 41.369384445 ], [ -71.638340926, 41.354885287000094 ], [ -71.638368121999989, 41.361148098000108 ], [ -71.632427651999905, 41.3602332 ], [ -71.612243078999896, 41.3668805410001 ], [ -71.612316593999893, 41.364930485000109 ], [ -71.606370821, 41.365016181 ], [ -71.6017837159999, 41.370994401000097 ], [ -71.612703828999884, 41.378294244000102 ], [ -71.626356167999987, 41.370624379 ], [ -71.623652777999979, 41.368057084 ], [ -71.62198184899998, 41.370048051 ], [ -71.619860565999886, 41.367888790000102 ], [ -71.621983661999906, 41.368629553000098 ], [ -71.625184528, 41.364701103000108 ], [ -71.627971712, 41.364491082 ], [ -71.637560406999981, 41.37223163 ], [ -71.644636562, 41.3687867780001 ], [ -71.644009865000015, 41.380743077 ], [ -71.652723791, 41.381199566000099 ], [ -71.65429843, 41.360106628 ], [ -71.674980225999889, 41.357841629000099 ], [ -71.672283270999984, 41.365488818000095 ], [ -71.678284264999903, 41.366721157 ], [ -71.698279541, 41.348784321 ], [ -71.64676645, 41.355807511000101 ], [ -71.645304993999986, 41.35839044300009 ], [ -71.648408794, 41.362730738 ], [ -71.644651008, 41.36175241100009 ], [ -71.645884316, 41.359641483000097 ], [ -71.644100040999888, 41.3578583890001 ], [ -71.645248922999912, 41.358005443 ], [ -71.645267603999983, 41.357451655 ], [ -71.642502646999986, 41.3575024310001 ], [ -71.642139629, 41.364263818 ], [ -71.640166449999981, 41.363202027000099 ], [ -71.640876229, 41.361415225 ], [ -71.638748056999987, 41.354844408000091 ], [ -71.718552817, 41.330686678000106 ], [ -71.708506187, 41.348639316000096 ], [ -71.71409999299992, 41.351562492 ], [ -71.72959859573011, 41.345054395143677 ], [ -71.729280323, 41.343668751000102 ], [ -71.734141111373887, 41.33602327108381 ], [ -71.744420826435103, 41.333283841609997 ], [ -71.747522145509691, 41.336536988615997 ], [ -71.748774260282502, 41.336779341101597 ], [ -71.750602722167983, 41.336180225014701 ], [ -71.751300781965284, 41.328653648495703 ], [ -71.723317929, 41.336402206000095 ], [ -71.718963921, 41.332671707 ], [ -71.718281267999885, 41.331790014 ], [ -71.71878743, 41.331061585 ], [ -71.75205230712892, 41.32531619071959 ], [ -71.768399506807299, 41.3367632478476 ], [ -71.786089181899982, 41.338615328073494 ], [ -71.786060363054304, 41.3325065523386 ], [ -71.795460700988798, 41.332475870847702 ], [ -71.796226620674091, 41.332092425114517 ], [ -71.796296884, 41.331887459 ], [ -71.796618660999982, 41.33147843600009 ], [ -71.79667062, 41.331364432 ], [ -71.796734511852307, 41.331139013171196 ], [ -71.796922594308882, 41.331046998500803 ], [ -71.799199193715992, 41.331437110900893 ], [ -71.799495833, 41.330531140000097 ], [ -71.798950076103196, 41.330401778221095 ], [ -71.799075722694383, 41.33019500970839 ], [ -71.799444621, 41.330120432000101 ], [ -71.799684621, 41.329924432 ], [ -71.79979736412163, 41.329826655017214 ], [ -71.799822151660905, 41.329715177416801 ], [ -71.800064925, 41.329625422 ], [ -71.800155533, 41.329534779 ], [ -71.800286620999898, 41.329462431 ], [ -71.800373524427386, 41.329375311732292 ], [ -71.800504833459883, 41.329355940222698 ], [ -71.800659924745602, 41.329356074333191 ], [ -71.800807111, 41.329362920000094 ], [ -71.801105236999888, 41.329473338000092 ], [ -71.800872027873993, 41.330590695142696 ], [ -71.801425622, 41.331048432 ], [ -71.801500833, 41.331047676 ], [ -71.801866799592986, 41.331021010875702 ], [ -71.801890697, 41.331001507000096 ], [ -71.802267491817517, 41.33107301592829 ], [ -71.803187608718886, 41.330859392881393 ], [ -71.803217500448199, 41.330788210034406 ], [ -71.803418517112704, 41.330692395567894 ], [ -71.803436517715497, 41.33062569797039 ], [ -71.80393288099998, 41.330508417 ], [ -71.804381966590881, 41.330061271786697 ], [ -71.805746257305088, 41.330051079392391 ], [ -71.807612836360903, 41.328951448202091 ], [ -71.807600617408781, 41.328969433903694 ], [ -71.807571622999902, 41.329059431000104 ], [ -71.808345601, 41.327694915000095 ], [ -71.808328979999899, 41.326724262 ], [ -71.808522224426298, 41.326430559158297 ], [ -71.808640718460097, 41.326318234205203 ], [ -71.808791895, 41.326284614 ], [ -71.808709623999988, 41.3248144310001 ], [ -71.809424886, 41.324228331 ], [ -71.809983862, 41.323296312 ], [ -71.807261347770705, 41.323454767465599 ], [ -71.807037161999986, 41.32379636400001 ], [ -71.804741272999905, 41.324595139000095 ], [ -71.804586142301602, 41.324601769447298 ], [ -71.804500639438601, 41.324587479233692 ], [ -71.804056704044299, 41.324958905577702 ], [ -71.802497492, 41.325770181000095 ], [ -71.800859622, 41.326369431 ], [ -71.800782351, 41.326426946 ], [ -71.800706663, 41.326528072 ], [ -71.80020520799998, 41.326766755000101 ], [ -71.799985826015501, 41.327178090810804 ], [ -71.799814760684981, 41.327235698700001 ], [ -71.799537766, 41.327391353000102 ], [ -71.799044887999983, 41.327384973000093 ], [ -71.797952965, 41.326777685 ], [ -71.797943174839006, 41.326669767498991 ], [ -71.797988116741195, 41.326563343405702 ], [ -71.79827462, 41.3263564310001 ], [ -71.79852034999989, 41.326377900000104 ], [ -71.799195945262895, 41.3260501474142 ], [ -71.799389853999983, 41.326051793 ], [ -71.799246817827196, 41.325948998332002 ], [ -71.799252510070787, 41.325437843799605 ], [ -71.799172959, 41.325448984 ], [ -71.799146860837894, 41.325611621141391 ], [ -71.799092024564686, 41.325735256075895 ], [ -71.798883825540486, 41.325994446873707 ], [ -71.798052205, 41.326238093 ], [ -71.79760062, 41.325743431 ], [ -71.797601171999986, 41.325970873000102 ], [ -71.797350943088503, 41.326420396566405 ], [ -71.797323048114805, 41.3264398723841 ], [ -71.797294288873701, 41.326411351561497 ], [ -71.797301640999891, 41.326127282000108 ], [ -71.797137572999986, 41.32628421200009 ], [ -71.796595641, 41.323726533000098 ], [ -71.799218567, 41.3234545010001 ], [ -71.8004767298698, 41.323169961571701 ], [ -71.80134789200001, 41.323043198000107 ], [ -71.803140044212299, 41.3226960748434 ], [ -71.804108675999899, 41.32254017 ], [ -71.804998904466586, 41.322274759411805 ], [ -71.806719452142701, 41.321917042136199 ], [ -71.807670205831499, 41.3217280805111 ], [ -71.808515489999905, 41.321587041 ], [ -71.810492604970904, 41.321180716157002 ], [ -71.811899808999982, 41.32091339 ], [ -71.812911164999889, 41.3207041920001 ] ], [ [ -71.540334496, 41.379555645 ], [ -71.540334492921801, 41.379555642604799 ], [ -71.540324928559897, 41.37959890583609 ], [ -71.540334496, 41.379555645 ] ], [ [ -71.533673537, 41.37828544900001 ], [ -71.533673524856596, 41.378285452723496 ], [ -71.533656709008213, 41.378316861257311 ], [ -71.533673537, 41.37828544900001 ] ], [ [ -71.528169874999904, 41.380156007 ], [ -71.528169870376587, 41.3801560103893 ], [ -71.528169823721896, 41.380156074009342 ], [ -71.528169874999904, 41.380156007 ] ], [ [ -71.526859534999986, 41.383737450000098 ], [ -71.526992529630689, 41.383874446153605 ], [ -71.526992533256788, 41.383874448204466 ], [ -71.526859534999986, 41.383737450000098 ] ], [ [ -71.806564181655801, 41.329649319788842 ], [ -71.806618631582111, 41.32957543428104 ], [ -71.806618630886106, 41.329575434327097 ], [ -71.806564181655801, 41.329649319788842 ] ], [ [ -71.797327359769383, 41.326436214843177 ], [ -71.797322629849333, 41.326439424316774 ], [ -71.797322630882306, 41.326439425349193 ], [ -71.797327359769383, 41.326436214843177 ] ], [ [ -71.532242552, 41.671946507 ], [ -71.532406551999884, 41.671991506 ], [ -71.532406551999884, 41.671806507 ], [ -71.532242552, 41.671946507 ] ], [ [ -71.546409555, 41.641182500000092 ], [ -71.546341555, 41.641158500000095 ], [ -71.546409555, 41.6418505 ], [ -71.546409555, 41.641182500000092 ] ], [ [ -71.520085532999985, 41.385875451000103 ], [ -71.520085543394103, 41.385875448584599 ], [ -71.519985838816666, 41.385810402371767 ], [ -71.520085532999985, 41.385875451000103 ] ], [ [ -71.521155533, 41.386153451 ], [ -71.521155536174803, 41.386153444647796 ], [ -71.521071962952135, 41.386157992850443 ], [ -71.521155533, 41.386153451 ] ], [ [ -71.521794532999905, 41.386107451 ], [ -71.521794527769103, 41.386107444763191 ], [ -71.521779754750881, 41.386127718374624 ], [ -71.521794532999905, 41.386107451 ] ], [ [ -71.521979534975756, 41.386057450245247 ], [ -71.521979499562264, 41.386057443162549 ], [ -71.521979533999982, 41.386057451000092 ], [ -71.521979534975756, 41.386057450245247 ] ], [ [ -71.522106532999885, 41.385994450000091 ], [ -71.522106528282194, 41.385994449257893 ], [ -71.522087320020475, 41.386000162227283 ], [ -71.522106532999885, 41.385994450000091 ] ], [ [ -71.522179543971987, 41.38600145280359 ], [ -71.522179535157733, 41.386001451958144 ], [ -71.522196090377932, 41.386015153035963 ], [ -71.522179543971987, 41.38600145280359 ] ], [ [ -71.524078534, 41.385950451 ], [ -71.524078547954602, 41.385950446128795 ], [ -71.524020887426943, 41.385954913960781 ], [ -71.524078534, 41.385950451 ] ], [ [ -71.524333533999894, 41.385878450000092 ], [ -71.524333536624894, 41.385878443717999 ], [ -71.524320661118651, 41.385884734399205 ], [ -71.524333533999894, 41.385878450000092 ] ], [ [ -71.524352533999902, 41.385829451000092 ], [ -71.524352520704298, 41.385829448700001 ], [ -71.524354966418997, 41.385837094217173 ], [ -71.524352533999902, 41.385829451000092 ] ], [ [ -71.524738520383792, 41.385746449232101 ], [ -71.524725409470008, 41.385745273157696 ], [ -71.524738528914099, 41.385746450543586 ], [ -71.524738520383792, 41.385746449232101 ] ], [ [ -71.524816533999982, 41.3857584510001 ], [ -71.524816542863789, 41.385758444666898 ], [ -71.524741699033839, 41.385746937928353 ], [ -71.524816533999982, 41.3857584510001 ] ], [ [ -71.524973534, 41.385804451000105 ], [ -71.524973541498198, 41.385804444551503 ], [ -71.524923518755301, 41.385786588413687 ], [ -71.524973534, 41.385804451000105 ] ], [ [ -71.525056534, 41.385867451000102 ], [ -71.525056540966006, 41.385867446661003 ], [ -71.525034109439545, 41.385852233791113 ], [ -71.525056534, 41.385867451000102 ] ], [ [ -71.525449535, 41.386040451 ], [ -71.52553353499998, 41.386059451000101 ], [ -71.525608534999904, 41.386069451 ], [ -71.52564332294736, 41.38607133095951 ], [ -71.525533527135792, 41.386059448123 ], [ -71.525449544191403, 41.386040449142499 ], [ -71.525260555883023, 41.385968304945443 ], [ -71.525449535, 41.386040451 ] ], [ [ -71.534650534391403, 41.376074448227897 ], [ -71.534650536999905, 41.376074448000097 ], [ -71.534655504178119, 41.376069303785073 ], [ -71.534650534391403, 41.376074448227897 ] ], [ [ -71.533090534264772, 41.377443449973661 ], [ -71.532959043751291, 41.377460996940648 ], [ -71.533031536999914, 41.377464449000094 ], [ -71.533090534264772, 41.377443449973661 ] ], [ [ -71.533071537, 41.377622449000093 ], [ -71.533058936948564, 41.377617373980314 ], [ -71.533071539511383, 41.377622452040178 ], [ -71.533071537, 41.377622449000093 ] ], [ [ -71.533326536999894, 41.377893449000091 ], [ -71.533326536379377, 41.377893447941595 ], [ -71.533325161336933, 41.377895846584373 ], [ -71.533326536999894, 41.377893449000091 ] ], [ [ -71.532145537, 41.37838845 ], [ -71.532145532489594, 41.378388450153707 ], [ -71.532175980541581, 41.378395794284273 ], [ -71.532145537, 41.37838845 ] ], [ [ -71.533089271178426, 41.378369218761939 ], [ -71.533080545702433, 41.378370447774223 ], [ -71.533080548048005, 41.378370448947003 ], [ -71.533089271178426, 41.378369218761939 ] ], [ [ -71.533807545900302, 41.378044456243501 ], [ -71.533807536999987, 41.3780444490001 ], [ -71.533795363973482, 41.378050081427396 ], [ -71.533807545900302, 41.378044456243501 ] ], [ [ -71.534265547990785, 41.37773445248601 ], [ -71.534265537, 41.377734449000094 ], [ -71.534240422084778, 41.377743820238251 ], [ -71.534265547990785, 41.37773445248601 ] ], [ [ -71.534375537, 41.377638449000095 ], [ -71.534361375448341, 41.377652122226792 ], [ -71.534375543497163, 41.377638449000095 ], [ -71.534375537, 41.377638449000095 ] ], [ [ -71.534799546003299, 41.377208456397106 ], [ -71.534799537999987, 41.377208449000094 ], [ -71.534786501404852, 41.377199793536676 ], [ -71.534799546003299, 41.377208456397106 ] ], [ [ -71.534569531679196, 41.377895444631605 ], [ -71.534569537, 41.377895449000093 ], [ -71.534575713661923, 41.377895281947843 ], [ -71.534569531679196, 41.377895444631605 ] ], [ [ -71.534114539623289, 41.377915441989899 ], [ -71.53405835249734, 41.377989916674672 ], [ -71.534114690204547, 41.377915394077689 ], [ -71.534114539623289, 41.377915441989899 ] ], [ [ -71.533164207528813, 41.378672952149593 ], [ -71.533164535773849, 41.378672449346489 ], [ -71.53316453099248, 41.378672450780897 ], [ -71.533164207528813, 41.378672952149593 ] ], [ [ -71.532623529434204, 41.378934442997 ], [ -71.532623536999907, 41.37893445 ], [ -71.532664558458137, 41.378934932122775 ], [ -71.532623529434204, 41.378934442997 ] ], [ [ -71.532278538374698, 41.378787448037798 ], [ -71.532286850476268, 41.378781629567293 ], [ -71.532278537750187, 41.378787443041801 ], [ -71.532278538374698, 41.378787448037798 ] ], [ [ -71.532041549682603, 41.378804445266702 ], [ -71.532041536, 41.378804449 ], [ -71.532078579342439, 41.378831389615399 ], [ -71.532041549682603, 41.378804445266702 ] ], [ [ -71.531464546918883, 41.378698453307202 ], [ -71.531385426674689, 41.378640437732486 ], [ -71.5315052295702, 41.378722186918104 ], [ -71.531464546918883, 41.378698453307202 ] ], [ [ -71.530437535815679, 41.378195449633566 ], [ -71.53040644399897, 41.378264061357065 ], [ -71.530421535999906, 41.378250449000099 ], [ -71.530437535815679, 41.378195449633566 ] ], [ [ -71.530614525079699, 41.378854453563697 ], [ -71.530614535999987, 41.378854450000098 ], [ -71.530604675544993, 41.378824350056568 ], [ -71.530614525079699, 41.378854453563697 ] ], [ [ -71.530483543872791, 41.379114449024193 ], [ -71.530483536, 41.379114449 ], [ -71.530492278862283, 41.379115748784677 ], [ -71.530483543872791, 41.379114449024193 ] ], [ [ -71.529841542244, 41.378530442714691 ], [ -71.529841535999907, 41.378530449 ], [ -71.529855999676641, 41.378538920838963 ], [ -71.529841542244, 41.378530442714691 ] ], [ [ -71.529708534479099, 41.3785634487867 ], [ -71.529708536, 41.378563450000101 ], [ -71.529714705118295, 41.378559162647043 ], [ -71.529708534479099, 41.3785634487867 ] ], [ [ -71.529458675781484, 41.378503652192471 ], [ -71.529458539921094, 41.378503457067893 ], [ -71.529458522796602, 41.378503456711798 ], [ -71.529458675781484, 41.378503652192471 ] ], [ [ -71.530818521976499, 41.379803448915496 ], [ -71.530818536, 41.379803449000093 ], [ -71.530916379569234, 41.379727063219626 ], [ -71.530818521976499, 41.379803448915496 ] ], [ [ -71.530673533678097, 41.3798324465752 ], [ -71.530673535999895, 41.379832449 ], [ -71.530706675366133, 41.379822034244974 ], [ -71.530673533678097, 41.3798324465752 ] ], [ [ -71.53002452850339, 41.379755452275283 ], [ -71.530024534999896, 41.3797554490001 ], [ -71.530026174080561, 41.379754301931072 ], [ -71.53002452850339, 41.379755452275283 ] ], [ [ -71.529831267486571, 41.379812206510756 ], [ -71.529835532070976, 41.379802457981555 ], [ -71.529835522174807, 41.379802450537703 ], [ -71.529831267486571, 41.379812206510756 ] ], [ [ -71.529512524604797, 41.380141451954799 ], [ -71.529512535999984, 41.380141450000096 ], [ -71.529530477610592, 41.380115305702461 ], [ -71.529512524604797, 41.380141451954799 ] ], [ [ -71.529154535999979, 41.380366450000103 ], [ -71.529154538254289, 41.380366444646121 ], [ -71.529133271577734, 41.380367899582147 ], [ -71.529154535999979, 41.380366450000103 ] ], [ [ -71.528776526451097, 41.381733447313302 ], [ -71.528776535, 41.381733450000098 ], [ -71.528771128579891, 41.381698304762921 ], [ -71.528776526451097, 41.381733447313302 ] ], [ [ -71.529157549142795, 41.378873452544198 ], [ -71.529157536, 41.3788734500001 ], [ -71.529088749247123, 41.378998125149337 ], [ -71.529157549142795, 41.378873452544198 ] ], [ [ -71.529237538576098, 41.378631442785299 ], [ -71.529237536, 41.378631449000103 ], [ -71.529247622148674, 41.378661249451355 ], [ -71.529237538576098, 41.378631442785299 ] ], [ [ -71.528554528951588, 41.378463447093992 ], [ -71.528554534999984, 41.37846345 ], [ -71.528606928676894, 41.378479380159419 ], [ -71.528554528951588, 41.378463447093992 ] ], [ [ -71.528845165151139, 41.378905651990472 ], [ -71.528840537346355, 41.378913446048323 ], [ -71.528840541839585, 41.378913447260899 ], [ -71.528845165151139, 41.378905651990472 ] ], [ [ -71.528985530137987, 41.378716453909902 ], [ -71.52898553599988, 41.378716450000098 ], [ -71.528965056527056, 41.378708957199599 ], [ -71.528985530137987, 41.378716453909902 ] ], [ [ -71.527166545391097, 41.380026444792698 ], [ -71.527166534999907, 41.380026450000109 ], [ -71.527217535551785, 41.380038514099304 ], [ -71.527166545391097, 41.380026444792698 ] ], [ [ -71.526904523372707, 41.379961445927592 ], [ -71.526904533999982, 41.379961450000103 ], [ -71.526925324884587, 41.37996546612289 ], [ -71.526904523372707, 41.379961445927592 ] ], [ [ -71.526637524366393, 41.379963442683191 ], [ -71.526527288914622, 41.379989071315748 ], [ -71.526568535, 41.379981450000102 ], [ -71.526637535, 41.37996345 ], [ -71.526714052548897, 41.379950407236173 ], [ -71.526637524366393, 41.379963442683191 ] ], [ [ -71.526743531227098, 41.380075454711907 ], [ -71.526743535, 41.38007545 ], [ -71.526716167076501, 41.38007903340511 ], [ -71.526743531227098, 41.380075454711907 ] ], [ [ -71.528119534254088, 41.380465447902694 ], [ -71.528119535, 41.38046545 ], [ -71.528119520799507, 41.380464548126959 ], [ -71.528119534254088, 41.380465447902694 ] ], [ [ -71.527955532074003, 41.381290450692198 ], [ -71.527955536, 41.381290450000094 ], [ -71.527951033561308, 41.381272176478056 ], [ -71.527955532074003, 41.381290450692198 ] ], [ [ -71.52759588900804, 41.38174466445718 ], [ -71.527598534981465, 41.381729450106562 ], [ -71.527598530054107, 41.381729453802102 ], [ -71.52759588900804, 41.38174466445718 ] ], [ [ -71.527906796170427, 41.382100812737704 ], [ -71.527906535921659, 41.382101447750948 ], [ -71.527906537055998, 41.382101446390202 ], [ -71.527906796170427, 41.382100812737704 ] ], [ [ -71.528720527887302, 41.382264450192501 ], [ -71.52872053499992, 41.38226445 ], [ -71.528702833902088, 41.382261045943046 ], [ -71.528720527887302, 41.382264450192501 ] ], [ [ -71.528744548559203, 41.382551446556995 ], [ -71.528744536000019, 41.382551450000086 ], [ -71.528747530199908, 41.382550773843327 ], [ -71.528744548559203, 41.382551446556995 ] ], [ [ -71.528746082307691, 41.382778717992494 ], [ -71.528737545420228, 41.38277545398423 ], [ -71.528737545013399, 41.382775455713301 ], [ -71.528746082307691, 41.382778717992494 ] ], [ [ -71.528713524341612, 41.382930442690807 ], [ -71.528713535999884, 41.382930450000103 ], [ -71.528713541352658, 41.382930366141025 ], [ -71.528713524341612, 41.382930442690807 ] ], [ [ -71.527617543935804, 41.382505446672397 ], [ -71.527617534999905, 41.382505450000096 ], [ -71.527764070945736, 41.382550307942722 ], [ -71.527617543935804, 41.382505446672397 ] ], [ [ -71.526900529861507, 41.382020443677895 ], [ -71.526900535, 41.38202045 ], [ -71.527023944862194, 41.38206726064432 ], [ -71.526900529861507, 41.382020443677895 ] ], [ [ -71.525980532169299, 41.382279455661802 ], [ -71.525980534999988, 41.382279450000098 ], [ -71.525981823734114, 41.382275297379095 ], [ -71.525980532169299, 41.382279455661802 ] ], [ [ -71.527446538209901, 41.382603451609597 ], [ -71.527446536, 41.38260345 ], [ -71.527421550138854, 41.382596932044336 ], [ -71.527446538209901, 41.382603451609597 ] ], [ [ -71.527748525142684, 41.382794454693808 ], [ -71.527748534999901, 41.382794450000098 ], [ -71.527742783109645, 41.382783551283538 ], [ -71.527748525142684, 41.382794454693808 ] ], [ [ -71.527342528104782, 41.382915452122695 ], [ -71.527342534999903, 41.38291545 ], [ -71.527342057239267, 41.38290828319559 ], [ -71.527342528104782, 41.382915452122695 ] ], [ [ -71.526912540197387, 41.383296445012093 ], [ -71.52691253499998, 41.38329645 ], [ -71.52691272610528, 41.383296530815727 ], [ -71.526912540197387, 41.383296445012093 ] ], [ [ -71.526765525341006, 41.383349448442502 ], [ -71.526765534999981, 41.38334945 ], [ -71.526799134683628, 41.383334405403559 ], [ -71.526765525341006, 41.383349448442502 ] ], [ [ -71.527640521526294, 41.385805457830394 ], [ -71.527640536, 41.38580545100011 ], [ -71.527598935865058, 41.385731416879189 ], [ -71.527640521526294, 41.385805457830394 ] ], [ [ -71.52789452671999, 41.386006444692597 ], [ -71.527894536, 41.3860064510001 ], [ -71.527899812837333, 41.385992882332005 ], [ -71.52789452671999, 41.386006444692597 ] ], [ [ -71.5269775390625, 41.3859954476357 ], [ -71.526977535, 41.385995450000102 ], [ -71.526980356819422, 41.385994568243788 ], [ -71.5269775390625, 41.3859954476357 ] ], [ [ -71.519546538591399, 41.379946455359494 ], [ -71.519546533, 41.37994645 ], [ -71.519546002320141, 41.379947367020613 ], [ -71.519546538591399, 41.379946455359494 ] ], [ [ -71.520224533, 41.378971450000101 ], [ -71.520219138154062, 41.378977074065403 ], [ -71.520224535096943, 41.378971449176269 ], [ -71.520224533, 41.378971450000101 ] ], [ [ -71.520434528589206, 41.378845453262301 ], [ -71.520434533, 41.378845449000011 ], [ -71.520433784342302, 41.378845995368103 ], [ -71.520434528589206, 41.378845453262301 ] ], [ [ -71.607606562999905, 41.412009454 ], [ -71.607606559991794, 41.412009447812999 ], [ -71.607170563, 41.413500454 ], [ -71.607606562999905, 41.412009454 ] ], [ [ -71.6053475737572, 41.412602454423904 ], [ -71.605231311302589, 41.41255916064042 ], [ -71.605347562, 41.412602454000101 ], [ -71.6060085619999, 41.413001454 ], [ -71.606181538944043, 41.413085073065609 ], [ -71.6053475737572, 41.412602454423904 ] ], [ [ -71.605095565319104, 41.412533447146401 ], [ -71.605095562, 41.412533454 ], [ -71.605202557788303, 41.412548453409578 ], [ -71.605095565319104, 41.412533447146401 ] ], [ [ -71.604401562000021, 41.412648454000099 ], [ -71.604601532245056, 41.412606830797827 ], [ -71.604311561588702, 41.412665253885542 ], [ -71.604401562000021, 41.412648454000099 ] ], [ [ -71.603512638033422, 41.412797319373659 ], [ -71.602921561000016, 41.412842454 ], [ -71.603271561000014, 41.412827454000102 ], [ -71.603512638033422, 41.412797319373659 ] ], [ [ -71.601649745958298, 41.412726944142179 ], [ -71.600868560999984, 41.4126254540001 ], [ -71.601456561, 41.412705454 ], [ -71.601649745958298, 41.412726944142179 ] ], [ [ -71.599983559999899, 41.412365453000099 ], [ -71.60029684656844, 41.412467996748461 ], [ -71.599795205608629, 41.412308892173307 ], [ -71.599983559999899, 41.412365453000099 ] ], [ [ -71.599335559999986, 41.412129453 ], [ -71.599418767050494, 41.412165736911099 ], [ -71.599089713996065, 41.411981005757802 ], [ -71.599335559999986, 41.412129453 ] ], [ [ -71.59861856, 41.411679453 ], [ -71.598941113713863, 41.411889894976156 ], [ -71.598496286781582, 41.411592817852707 ], [ -71.59861856, 41.411679453 ] ], [ [ -71.597549557685895, 41.410870447754903 ], [ -71.596633201457976, 41.410385197307633 ], [ -71.59810502586609, 41.411286342179913 ], [ -71.597549557685895, 41.410870447754903 ] ], [ [ -71.596489548683195, 41.410504460334792 ], [ -71.59648955900002, 41.410504454 ], [ -71.596489548683195, 41.410305455326991 ], [ -71.596489548683195, 41.410504460334792 ] ], [ [ -71.596789587416595, 41.410909585667291 ], [ -71.597656548023195, 41.411702454090097 ], [ -71.597771555185304, 41.411812454462094 ], [ -71.597800889232019, 41.411858612254363 ], [ -71.59777156, 41.411812454 ], [ -71.59748856, 41.411496454 ], [ -71.596789587416595, 41.410909585667291 ] ], [ [ -71.597847559999892, 41.411995454000092 ], [ -71.597835889336949, 41.411927768677025 ], [ -71.597842086927329, 41.412052921274501 ], [ -71.597847559999892, 41.411995454000092 ] ], [ [ -71.59782944247263, 41.412099116377142 ], [ -71.597557558999895, 41.412568454000102 ], [ -71.597786559999989, 41.412182454000103 ], [ -71.59782944247263, 41.412099116377142 ] ], [ [ -71.596917418719769, 41.412985707904539 ], [ -71.596886545674323, 41.413002461056827 ], [ -71.59688656, 41.413002454 ], [ -71.596917418719769, 41.412985707904539 ] ], [ [ -71.596413559, 41.413235454000095 ], [ -71.596882029420414, 41.413004685764662 ], [ -71.596371853739328, 41.413252055142109 ], [ -71.596413559, 41.413235454000095 ] ], [ [ -71.593361556529999, 41.414791449904399 ], [ -71.593361559, 41.414791455000113 ], [ -71.594002549535389, 41.414528457883314 ], [ -71.593361556529999, 41.414791449904399 ] ], [ [ -71.592537557999904, 41.415173454000104 ], [ -71.592784841521393, 41.41505199269551 ], [ -71.592531715544823, 41.41517561691132 ], [ -71.592537557999904, 41.415173454000104 ] ], [ [ -71.591843556999905, 41.415440455000109 ], [ -71.591933597675478, 41.415403506203575 ], [ -71.591801806507775, 41.415465396638325 ], [ -71.591843556999905, 41.415440455000109 ] ], [ [ -71.591637557999888, 41.41558945500001 ], [ -71.591705340040875, 41.415535333950679 ], [ -71.59157413166173, 41.415652880766793 ], [ -71.591637557999888, 41.41558945500001 ] ], [ [ -71.591301557999898, 41.415837454 ], [ -71.591317764738648, 41.415829849302632 ], [ -71.591281341484631, 41.415843877940816 ], [ -71.591301557999898, 41.415837454 ] ], [ [ -71.589624748849374, 41.416091283157975 ], [ -71.589615556373374, 41.416092455035781 ], [ -71.589615556999917, 41.416092455000111 ], [ -71.589624748849374, 41.416091283157975 ] ], [ [ -71.589211556999885, 41.416115455000096 ], [ -71.589605114151695, 41.4160930495188 ], [ -71.588671862725093, 41.416118822827102 ], [ -71.589211556999885, 41.416115455000096 ] ], [ [ -71.587555557489381, 41.416096448898301 ], [ -71.587555556, 41.416096455000101 ], [ -71.588415050168379, 41.416115931203976 ], [ -71.587555557489381, 41.416096448898301 ] ], [ [ -71.586746556, 41.416165455000097 ], [ -71.586795543603472, 41.416157031832263 ], [ -71.586553552245505, 41.416213849984636 ], [ -71.586746556, 41.416165455000097 ] ], [ [ -71.585793555999885, 41.416390455000098 ], [ -71.585886845103246, 41.416386685743404 ], [ -71.585741437875726, 41.416386829391584 ], [ -71.585793555999885, 41.416390455000098 ] ], [ [ -71.584942696776821, 41.416355933562585 ], [ -71.584128797953909, 41.416444804895299 ], [ -71.584190555999982, 41.416443455 ], [ -71.584435554999985, 41.416417455 ], [ -71.584942696776821, 41.416355933562585 ] ], [ [ -71.583725541830105, 41.416481450200102 ], [ -71.583440551120574, 41.416540807131135 ], [ -71.583961571213322, 41.416451170861713 ], [ -71.583725541830105, 41.416481450200102 ] ], [ [ -71.582474559545489, 41.416573449969299 ], [ -71.582474555, 41.416573455 ], [ -71.582710554999906, 41.416592455000092 ], [ -71.582814877514863, 41.416598221571455 ], [ -71.582474559545489, 41.416573449969299 ] ], [ [ -71.581635564565701, 41.416436448693297 ], [ -71.581635554999892, 41.41643645500011 ], [ -71.581831691813164, 41.416476418544129 ], [ -71.581635564565701, 41.416436448693297 ] ], [ [ -71.58118747649462, 41.416405147328234 ], [ -71.581177562475204, 41.416405454277999 ], [ -71.58117755721787, 41.416405454900328 ], [ -71.58118747649462, 41.416405147328234 ] ], [ [ -71.580856554, 41.416443455 ], [ -71.5811352913381, 41.416410458057911 ], [ -71.580743978199664, 41.416441660956224 ], [ -71.580856554, 41.416443455 ] ], [ [ -71.580452555, 41.416424455 ], [ -71.580463365927287, 41.41642548463669 ], [ -71.580305932852013, 41.416399244068558 ], [ -71.580452555, 41.416424455 ] ], [ [ -71.580040544271498, 41.416363447904601 ], [ -71.580040553999893, 41.416363455000102 ], [ -71.580201692478681, 41.416382859110634 ], [ -71.580040544271498, 41.416363447904601 ] ], [ [ -71.577003552999884, 41.416279456 ], [ -71.577673114478344, 41.416281979634668 ], [ -71.576935802588196, 41.416276162106854 ], [ -71.577003552999884, 41.416279456 ] ], [ [ -71.576385557651506, 41.416176453232794 ], [ -71.576385553, 41.416176455 ], [ -71.576546553, 41.416222455 ], [ -71.576578443380612, 41.416229272944733 ], [ -71.576385557651506, 41.416176453232794 ] ], [ [ -71.576057552999899, 41.416157455000103 ], [ -71.576078613901899, 41.416156997154403 ], [ -71.576024307127312, 41.416159568085426 ], [ -71.576057552999899, 41.416157455000103 ] ], [ [ -71.574654552, 41.416085455 ], [ -71.574725242345664, 41.416095616674689 ], [ -71.5746296668421, 41.416076366726266 ], [ -71.574654552, 41.416085455 ] ], [ [ -71.574365413375588, 41.4159623722013 ], [ -71.573807537555695, 41.415810450911493 ], [ -71.573303357508991, 41.415807825150807 ], [ -71.574365413375588, 41.4159623722013 ] ], [ [ -71.572899551999981, 41.41581045600001 ], [ -71.573132000276615, 41.415807688066899 ], [ -71.572629039332995, 41.41582282618171 ], [ -71.572899551999981, 41.41581045600001 ] ], [ [ -71.571982743494218, 41.415832027549193 ], [ -71.571548551, 41.415818455000093 ], [ -71.571815551000014, 41.415829456 ], [ -71.571982743494218, 41.415832027549193 ] ], [ [ -71.570587545633316, 41.415635451674497 ], [ -71.570247220461141, 41.415516910848098 ], [ -71.571219319170993, 41.415763457789176 ], [ -71.570587545633316, 41.415635451674497 ] ], [ [ -71.56948955099989, 41.415429455 ], [ -71.569539036040752, 41.415404520684795 ], [ -71.569295964288173, 41.41553540863989 ], [ -71.56948955099989, 41.415429455 ] ], [ [ -71.568194112195044, 41.416175332559227 ], [ -71.568001541494823, 41.416291458598032 ], [ -71.56800155, 41.416291456000096 ], [ -71.568194112195044, 41.416175332559227 ] ], [ [ -71.567451549999987, 41.416459455000094 ], [ -71.567875740319664, 41.416329884948404 ], [ -71.567208260378123, 41.416541216816718 ], [ -71.567451549999987, 41.416459455000094 ] ], [ [ -71.566706903418478, 41.416753411443793 ], [ -71.565649310005426, 41.4174919951733 ], [ -71.56657455, 41.416882456000103 ], [ -71.566706903418478, 41.416753411443793 ] ], [ [ -71.564941554302621, 41.417931452658841 ], [ -71.563843548297896, 41.418282449245503 ], [ -71.563637153920169, 41.41843346930645 ], [ -71.564941554302621, 41.417931452658841 ] ], [ [ -71.562364272267587, 41.419149444993145 ], [ -71.562225550413089, 41.419190451502793 ], [ -71.562225550413089, 41.419190455286717 ], [ -71.562364272267587, 41.419149444993145 ] ], [ [ -71.562004536390305, 41.4219524562359 ], [ -71.561899055782646, 41.423360727430108 ], [ -71.561928548, 41.423001457000098 ], [ -71.562004548999894, 41.421952457 ], [ -71.562096548999989, 41.420880457000102 ], [ -71.562202782194348, 41.419529063659894 ], [ -71.562004536390305, 41.4219524562359 ] ], [ [ -71.561836548, 41.424027457000101 ], [ -71.561842111089462, 41.423994820222241 ], [ -71.561831959505739, 41.424072428759246 ], [ -71.561836548, 41.424027457000101 ] ], [ [ -71.561732909980989, 41.424109518443608 ], [ -71.561732560396194, 41.424109458923297 ], [ -71.561732560303554, 41.424109458924036 ], [ -71.561732909980989, 41.424109518443608 ] ], [ [ -71.561405539512606, 41.424105450511 ], [ -71.561405548, 41.424105457000103 ], [ -71.561482548, 41.424111457 ], [ -71.561581311085035, 41.424110666898486 ], [ -71.561405539512606, 41.424105450511 ] ], [ [ -71.561100338455134, 41.424118074468737 ], [ -71.560744553804383, 41.424083456397106 ], [ -71.560712249914715, 41.424075067887777 ], [ -71.561100338455134, 41.424118074468737 ] ], [ [ -71.560594548, 41.424050457000092 ], [ -71.560650358898215, 41.424060395927349 ], [ -71.560464633945358, 41.424014523326271 ], [ -71.560594548, 41.424050457000092 ] ], [ [ -71.560453543568826, 41.42401145659727 ], [ -71.5600825548172, 41.423976451158502 ], [ -71.559974365150609, 41.423972910021455 ], [ -71.560265548, 41.424003457 ], [ -71.560453543568826, 41.42401145659727 ] ], [ [ -71.559644479457404, 41.423939945394352 ], [ -71.559578539388994, 41.423937454874391 ], [ -71.559578547999891, 41.423937457000093 ], [ -71.559644479457404, 41.423939945394352 ] ], [ [ -71.55926054699998, 41.423866458000106 ], [ -71.559314580949192, 41.423874664900964 ], [ -71.559159742969868, 41.423883542861105 ], [ -71.55926054699998, 41.423866458000106 ] ], [ [ -71.55890354799989, 41.423894457000102 ], [ -71.559010812819437, 41.423895648838055 ], [ -71.558827710460776, 41.423885476298594 ], [ -71.55890354799989, 41.423894457000102 ] ], [ [ -71.558674546999981, 41.423875457000094 ], [ -71.558708921124293, 41.42387590341729 ], [ -71.558623599122726, 41.423871635909364 ], [ -71.558674546999981, 41.423875457000094 ] ], [ [ -71.558530705279139, 41.423867900264774 ], [ -71.558356547999892, 41.423847457000093 ], [ -71.55843054799989, 41.423865458000101 ], [ -71.558530705279139, 41.423867900264774 ] ], [ [ -71.557783546999985, 41.423883458 ], [ -71.557845689169739, 41.423887646661591 ], [ -71.557740470287555, 41.423890812035758 ], [ -71.557783546999985, 41.423883458 ] ], [ [ -71.55755153298378, 41.423938453197501 ], [ -71.557551546999917, 41.423938457000091 ], [ -71.557635072401354, 41.423915626726902 ], [ -71.55755153298378, 41.423938453197501 ] ], [ [ -71.557227549378581, 41.424018458 ], [ -71.557302535867677, 41.424018458 ], [ -71.557302534580202, 41.424018457531901 ], [ -71.557227549378581, 41.424018458 ] ], [ [ -71.556696157177285, 41.423843932971266 ], [ -71.55690255761148, 41.423865452408791 ], [ -71.556834548711805, 41.423827454447697 ], [ -71.556741535663605, 41.423836454749093 ], [ -71.556696157177285, 41.423843932971266 ] ], [ [ -71.556302547454791, 41.423975452780702 ], [ -71.556302547, 41.423975457 ], [ -71.556459467815273, 41.423915457885137 ], [ -71.556302547454791, 41.423975452780702 ] ], [ [ -71.555920541286497, 41.424177452921896 ], [ -71.555920547, 41.424177458 ], [ -71.555953481345256, 41.424166479446974 ], [ -71.555920541286497, 41.424177452921896 ] ], [ [ -71.55530554056169, 41.424233451485598 ], [ -71.555271920209108, 41.424274725255827 ], [ -71.5553055459999, 41.424233458000096 ], [ -71.555547546999904, 41.424224457 ], [ -71.555591824968729, 41.42420929331319 ], [ -71.55530554056169, 41.424233451485598 ] ], [ [ -71.555261546843241, 41.424287455965015 ], [ -71.555232846692789, 41.424301418827497 ], [ -71.555261545999898, 41.424287457 ], [ -71.555261546843241, 41.424287455965015 ] ], [ [ -71.555187551271814, 41.424323454435424 ], [ -71.555143634930928, 41.424321976835088 ], [ -71.555187546, 41.424323457000099 ], [ -71.555187551271814, 41.424323454435424 ] ], [ [ -71.554904550313992, 41.424175456166296 ], [ -71.554904547, 41.424175458 ], [ -71.554957255368166, 41.424224842407952 ], [ -71.554904550313992, 41.424175456166296 ] ], [ [ -71.554508541867051, 41.424136459856875 ], [ -71.554263479963211, 41.42420845830587 ], [ -71.554325546, 41.424232458000091 ], [ -71.554387546, 41.424213458000096 ], [ -71.554508541867051, 41.424136459856875 ] ], [ [ -71.554233291646369, 41.424195165948838 ], [ -71.554083545999987, 41.424160457 ], [ -71.554173546, 41.424166457000091 ], [ -71.554233291646369, 41.424195165948838 ] ], [ [ -71.553959546, 41.424093458000101 ], [ -71.553989482752201, 41.424134620290438 ], [ -71.553959357174122, 41.424080995310014 ], [ -71.553959546, 41.424093458000101 ] ], [ [ -71.553863555192891, 41.42399245500561 ], [ -71.553863545999903, 41.423992457000089 ], [ -71.553906834610686, 41.423995704187021 ], [ -71.553863555192891, 41.42399245500561 ] ], [ [ -71.553683404058091, 41.424095599362239 ], [ -71.553401559591279, 41.424064457416499 ], [ -71.553352448321746, 41.424051850841828 ], [ -71.553683404058091, 41.424095599362239 ] ], [ [ -71.553055554628386, 41.424058452248602 ], [ -71.553055545, 41.424058458 ], [ -71.553117540255059, 41.424038438263395 ], [ -71.553055554628386, 41.424058452248602 ] ], [ [ -71.552856534719496, 41.424469456076608 ], [ -71.552856546, 41.424469458 ], [ -71.552850661594249, 41.42437503717067 ], [ -71.552856534719496, 41.424469456076608 ] ], [ [ -71.553010545999896, 41.424611457 ], [ -71.55298135893743, 41.424593844119862 ], [ -71.553047889879707, 41.424610915784342 ], [ -71.553010545999896, 41.424611457 ] ], [ [ -71.553307533264189, 41.424586459994302 ], [ -71.553496267702045, 41.424785415144257 ], [ -71.553233535862034, 41.424559459733977 ], [ -71.553307533264189, 41.424586459994302 ] ], [ [ -71.553413545999888, 41.425745458000094 ], [ -71.553424679184047, 41.425727326819931 ], [ -71.553368986032993, 41.425785814198903 ], [ -71.553413545999888, 41.425745458000094 ] ], [ [ -71.553360548335036, 41.425793455885241 ], [ -71.553336457921418, 41.425807007555932 ], [ -71.553360545999979, 41.425793458 ], [ -71.553360548335036, 41.425793455885241 ] ], [ [ -71.552836537361102, 41.426033452153199 ], [ -71.552471315011871, 41.426182236534665 ], [ -71.552836546, 41.426033457000102 ], [ -71.553040546, 41.425960458000098 ], [ -71.553107267972251, 41.425931962160526 ], [ -71.552836537361102, 41.426033452153199 ] ], [ [ -71.551706545999892, 41.426426458 ], [ -71.551724972639093, 41.426423898721126 ], [ -71.551679069357689, 41.426427228365959 ], [ -71.551706545999892, 41.426426458 ] ], [ [ -71.551218539476395, 41.426390454173095 ], [ -71.550761121466095, 41.426239765800716 ], [ -71.551345822219716, 41.426416682364923 ], [ -71.551218539476395, 41.426390454173095 ] ], [ [ -71.550240285799376, 41.426051950885977 ], [ -71.549674540758105, 41.425921455025701 ], [ -71.549578547477694, 41.425905451178593 ], [ -71.549482554197297, 41.425922453403494 ], [ -71.549362490806459, 41.425975006990548 ], [ -71.550240285799376, 41.426051950885977 ] ], [ [ -71.549142598867306, 41.425988437273233 ], [ -71.549005544, 41.425976458 ], [ -71.549078543999897, 41.425985458000099 ], [ -71.549142598867306, 41.425988437273233 ] ], [ [ -71.548176556825595, 41.425795450806596 ], [ -71.547991235927995, 41.425712758410825 ], [ -71.548036543999984, 41.425739457000098 ], [ -71.548176544999905, 41.425795457999989 ], [ -71.548252543999979, 41.425837458 ], [ -71.548287602235391, 41.425846855053983 ], [ -71.548252552747684, 41.425837457180009 ], [ -71.548176556825595, 41.425795450806596 ] ], [ [ -71.547960549593, 41.425642460584591 ], [ -71.547980545144824, 41.425472457482208 ], [ -71.547980546453957, 41.42570645944604 ], [ -71.547960549593, 41.425642460584591 ] ], [ [ -71.548243543999902, 41.425374458000093 ], [ -71.548189343893796, 41.425394272512037 ], [ -71.548278201605328, 41.425358148780482 ], [ -71.548243543999902, 41.425374458000093 ] ], [ [ -71.548528552055402, 41.425152450799899 ], [ -71.548528545, 41.425152458000099 ], [ -71.548412173951235, 41.425273190902764 ], [ -71.548528552055402, 41.425152450799899 ] ], [ [ -71.548474544, 41.424959457000099 ], [ -71.548506006380492, 41.424987582468191 ], [ -71.548438974480348, 41.424946652448703 ], [ -71.548474544, 41.424959457000099 ] ], [ [ -71.548324544, 41.424910458000092 ], [ -71.548352892720672, 41.424918773625713 ], [ -71.548283205126708, 41.424887750734463 ], [ -71.548324544, 41.424910458000092 ] ], [ [ -71.54815818236321, 41.424504676667468 ], [ -71.548081392280125, 41.424238450727223 ], [ -71.548081544999889, 41.4242584570001 ], [ -71.548093543999983, 41.424318457 ], [ -71.54815818236321, 41.424504676667468 ] ], [ [ -71.548113544, 41.424064457 ], [ -71.548096252771558, 41.42409746853496 ], [ -71.548216802256633, 41.423977013075387 ], [ -71.548113544, 41.424064457 ] ], [ [ -71.54827755689621, 41.4239134639502 ], [ -71.548432545, 41.423679457 ], [ -71.548277544, 41.423913457 ], [ -71.548229087159257, 41.42396557096275 ], [ -71.54827755689621, 41.4239134639502 ] ], [ [ -71.548506557941394, 41.423564463853801 ], [ -71.548624177725642, 41.423362416224144 ], [ -71.548478071282688, 41.423618964292103 ], [ -71.548506557941394, 41.423564463853801 ] ], [ [ -71.548669544580221, 41.423314454563084 ], [ -71.548669546842603, 41.42331445217129 ], [ -71.548673426174361, 41.423291465360535 ], [ -71.548669544580221, 41.423314454563084 ] ], [ [ -71.548681544, 41.423173457000111 ], [ -71.548682296804245, 41.423221589098191 ], [ -71.548676263676796, 41.423141775069567 ], [ -71.548681544, 41.423173457000111 ] ], [ [ -71.548519551753998, 41.422889456152909 ], [ -71.548519544, 41.422889458 ], [ -71.548568289847353, 41.422923136950295 ], [ -71.548519551753998, 41.422889456152909 ] ], [ [ -71.548405286458276, 41.422888882997761 ], [ -71.548112541437106, 41.423058450222008 ], [ -71.54801038361289, 41.423123896649827 ], [ -71.548405286458276, 41.422888882997761 ] ], [ [ -71.547741537359997, 41.423233464360202 ], [ -71.547741532325688, 41.423233464360202 ], [ -71.547424446488606, 41.423584946865383 ], [ -71.547741537359997, 41.423233464360202 ] ], [ [ -71.547197547906961, 41.423836453669288 ], [ -71.546842355514045, 41.423690522226941 ], [ -71.547197543999985, 41.423836458 ], [ -71.547197547906961, 41.423836453669288 ] ], [ [ -71.546737549520643, 41.423647460679263 ], [ -71.546710341805223, 41.423614306037443 ], [ -71.546737542999907, 41.42364745800009 ], [ -71.546737549520643, 41.423647460679263 ] ], [ [ -71.546391543, 41.423137458 ], [ -71.546440080144038, 41.423204022631893 ], [ -71.546150907688627, 41.423123548445083 ], [ -71.546391543, 41.423137458 ] ], [ [ -71.545626543, 41.423149457000093 ], [ -71.545733049082756, 41.423141625670908 ], [ -71.545550270883624, 41.423190889252687 ], [ -71.545626543, 41.423149457000093 ] ], [ [ -71.5454645463833, 41.423237456162241 ], [ -71.545469753212771, 41.4232275116848 ], [ -71.545464543, 41.423237458000102 ], [ -71.5454645463833, 41.423237456162241 ] ], [ [ -71.545488744696556, 41.423180876566988 ], [ -71.54550373498077, 41.422742147109425 ], [ -71.545502542999898, 41.422749458000098 ], [ -71.545494543, 41.422840457000092 ], [ -71.545488744696556, 41.423180876566988 ] ], [ [ -71.545532554388004, 41.42232945561409 ], [ -71.545532543, 41.422329457 ], [ -71.545524179734031, 41.422569852627689 ], [ -71.545532554388004, 41.42232945561409 ] ], [ [ -71.545502542999898, 41.422093457000095 ], [ -71.545504808206303, 41.422107199411464 ], [ -71.545497748211048, 41.422075111730855 ], [ -71.545502542999898, 41.422093457000095 ] ], [ [ -71.545395543, 41.421456457 ], [ -71.545426462201888, 41.421684318269833 ], [ -71.545388167208614, 41.421351229131126 ], [ -71.545395543, 41.421456457 ] ], [ [ -71.545360794922161, 41.421137047110435 ], [ -71.545341551303906, 41.420891463756611 ], [ -71.545422006695333, 41.420715277017116 ], [ -71.545360794922161, 41.421137047110435 ] ], [ [ -71.545471549034119, 41.420651450753198 ], [ -71.545471543, 41.420651457000091 ], [ -71.545462811701469, 41.42066227622167 ], [ -71.545471549034119, 41.420651450753198 ] ], [ [ -71.545769542999906, 41.420250457000094 ], [ -71.545755342272642, 41.420262121888364 ], [ -71.54579058850689, 41.42024013279039 ], [ -71.545769542999906, 41.420250457000094 ] ], [ [ -71.545883537296689, 41.420205458776508 ], [ -71.545889114931271, 41.420204164958179 ], [ -71.545883542999889, 41.420205457000094 ], [ -71.545883537296689, 41.420205458776508 ] ], [ [ -71.546097543, 41.420132457000101 ], [ -71.546067674842163, 41.420145968949143 ], [ -71.546163317428736, 41.420090915265313 ], [ -71.546097543, 41.420132457000101 ] ], [ [ -71.546259543, 41.420015457 ], [ -71.546252683300381, 41.420022720211918 ], [ -71.54627245164977, 41.420000704258449 ], [ -71.546259543, 41.420015457 ] ], [ [ -71.546394543, 41.419609457 ], [ -71.546376237396558, 41.419721699356728 ], [ -71.546432567247408, 41.419486934528287 ], [ -71.546394543, 41.419609457 ] ], [ [ -71.546486556529985, 41.419312462210705 ], [ -71.546486543000015, 41.419312457 ], [ -71.546475539496882, 41.419348218393196 ], [ -71.546486556529985, 41.419312462210705 ] ], [ [ -71.546562542999908, 41.418984457000093 ], [ -71.546554936407944, 41.419015390481427 ], [ -71.54656864469888, 41.418940982399832 ], [ -71.546562542999908, 41.418984457000093 ] ], [ [ -71.546539544000012, 41.418656457000097 ], [ -71.54655138197991, 41.418701519176714 ], [ -71.546534558437628, 41.418643234426462 ], [ -71.546539544000012, 41.418656457000097 ] ], [ [ -71.546486556529985, 41.418465450406103 ], [ -71.546486543000015, 41.418465456 ], [ -71.546506263352342, 41.418550908698315 ], [ -71.546486556529985, 41.418465450406103 ] ], [ [ -71.546242542999906, 41.418370456 ], [ -71.54634469550399, 41.418298546705159 ], [ -71.546207698036355, 41.418392441932831 ], [ -71.546242542999906, 41.418370456 ] ], [ [ -71.545906542999901, 41.418591457 ], [ -71.54592521958763, 41.418580251052369 ], [ -71.545804867929476, 41.418645620356592 ], [ -71.545906542999901, 41.418591457 ] ], [ [ -71.545708537101703, 41.418682456016491 ], [ -71.54570854299989, 41.418682456000099 ], [ -71.545799552742153, 41.418648451810355 ], [ -71.545708537101703, 41.418682456016491 ] ], [ [ -71.545540543, 41.41868645600001 ], [ -71.5456364421469, 41.418689821723582 ], [ -71.545502483055188, 41.418677097621604 ], [ -71.545540543, 41.41868645600001 ] ], [ [ -71.545364537571714, 41.418637456644056 ], [ -71.545364528894382, 41.418637454509692 ], [ -71.545344991978638, 41.418636174965876 ], [ -71.545364537571714, 41.418637456644056 ] ], [ [ -71.545189529657421, 41.418637454509692 ], [ -71.545189542999907, 41.418637457 ], [ -71.545235615112389, 41.418635840434725 ], [ -71.545189529657421, 41.418637454509692 ] ], [ [ -71.544723181018753, 41.418815618827466 ], [ -71.544472542999983, 41.418896456 ], [ -71.544662543, 41.418839456000093 ], [ -71.544723181018753, 41.418815618827466 ] ], [ [ -71.543831367863135, 41.418675134870988 ], [ -71.543976545333905, 41.418774455785794 ], [ -71.543900549411788, 41.418717458844192 ], [ -71.543831367863135, 41.418675134870988 ] ], [ [ -71.543243543, 41.418305457 ], [ -71.543512222081503, 41.418476260663596 ], [ -71.54320531872817, 41.418264348658262 ], [ -71.543243543, 41.418305457 ] ], [ [ -71.543182551860795, 41.4182024598122 ], [ -71.543182542, 41.418202457000099 ], [ -71.543188328639147, 41.418235730178871 ], [ -71.543182551860795, 41.4182024598122 ] ], [ [ -71.542770534753785, 41.418023452162707 ], [ -71.54240457198263, 41.417999185382413 ], [ -71.542496542, 41.418015457000102 ], [ -71.542770542, 41.4180234560001 ], [ -71.542983114335613, 41.418064695294184 ], [ -71.542770534753785, 41.418023452162707 ] ], [ [ -71.542323863085855, 41.417971426194036 ], [ -71.541097833351714, 41.416793988944328 ], [ -71.542252542, 41.417931457000101 ], [ -71.542297542, 41.417958456000086 ], [ -71.542323863085855, 41.417971426194036 ] ], [ [ -71.539604540999989, 41.415554456000095 ], [ -71.539957870996446, 41.41580085117873 ], [ -71.539487200680284, 41.415404415516569 ], [ -71.539604540999989, 41.415554456000095 ] ], [ [ -71.539452540999903, 41.415249456 ], [ -71.539460340321043, 41.415311856817105 ], [ -71.539464020097583, 41.415217435364404 ], [ -71.539452540999903, 41.415249456 ] ], [ [ -71.539593541349589, 41.415067454281228 ], [ -71.539593547582598, 41.415067449212103 ], [ -71.539596974832961, 41.415050572993422 ], [ -71.539593541349589, 41.415067454281228 ] ], [ [ -71.539449542760792, 41.414982452988596 ], [ -71.53931335552393, 41.415064850644917 ], [ -71.539356541, 41.415043456 ], [ -71.539449541, 41.414982456000097 ], [ -71.539518537483673, 41.414952457528834 ], [ -71.539449542760792, 41.414982452988596 ] ], [ [ -71.53907062192404, 41.415131619091227 ], [ -71.538727539999982, 41.415108456 ], [ -71.538971541, 41.415139456000091 ], [ -71.53907062192404, 41.415131619091227 ] ], [ [ -71.537910550832692, 41.414685457944891 ], [ -71.53791054, 41.414685456 ], [ -71.5379391341326, 41.414725859881905 ], [ -71.537910550832692, 41.414685457944891 ] ], [ [ -71.537590539999897, 41.414559456000099 ], [ -71.537760376330027, 41.414601518272228 ], [ -71.537532029767959, 41.4145560673769 ], [ -71.537590539999897, 41.414559456000099 ] ], [ [ -71.537252855002123, 41.414512208054553 ], [ -71.53710254, 41.414410456 ], [ -71.537209539999907, 41.414494456000099 ], [ -71.537252855002123, 41.414512208054553 ] ], [ [ -71.53688054, 41.414231456 ], [ -71.536978665804753, 41.414285496307471 ], [ -71.536689007851464, 41.414177529736293 ], [ -71.53688054, 41.414231456 ] ], [ [ -71.536499530076981, 41.414166450500502 ], [ -71.536353647783898, 41.414065884351515 ], [ -71.536674535800373, 41.41417345587211 ], [ -71.536499530076981, 41.414166450500502 ] ], [ [ -71.536240539999881, 41.413926456000105 ], [ -71.536295266348148, 41.413998122330369 ], [ -71.536178535441223, 41.413869155269325 ], [ -71.536240539999881, 41.413926456000105 ] ], [ [ -71.535973538999883, 41.413712456 ], [ -71.536012992527702, 41.413738326964513 ], [ -71.535937245307238, 41.413664326365918 ], [ -71.535973538999883, 41.413712456 ] ], [ [ -71.535927535052849, 41.413651452727279 ], [ -71.535927534103394, 41.413651451468503 ], [ -71.535904545652755, 41.413636244431764 ], [ -71.535927535052849, 41.413651452727279 ] ], [ [ -71.5346375405788, 41.413063451647801 ], [ -71.534637539, 41.413063455 ], [ -71.534719191053753, 41.413141557857934 ], [ -71.5346375405788, 41.413063451647801 ] ], [ [ -71.534438604124531, 41.412896820311303 ], [ -71.534355538999989, 41.412609456 ], [ -71.534355538999989, 41.4127354560001 ], [ -71.534438604124531, 41.412896820311303 ] ], [ [ -71.534523546695695, 41.412289455532999 ], [ -71.534523539, 41.412289456000103 ], [ -71.534498612177458, 41.412329013251998 ], [ -71.534523546695695, 41.412289455532999 ] ], [ [ -71.534339539, 41.412133456 ], [ -71.534388225731362, 41.412152930121934 ], [ -71.534199316977478, 41.412077181767856 ], [ -71.534339539, 41.412133456 ] ], [ [ -71.534081548452406, 41.411991462111502 ], [ -71.534081538999899, 41.411991455000091 ], [ -71.534083765240425, 41.411993156184934 ], [ -71.534081548452406, 41.411991462111502 ] ], [ [ -71.534035533859409, 41.411843450859493 ], [ -71.534035533666597, 41.411843448877299 ], [ -71.534023644955312, 41.411831561963389 ], [ -71.534035533859409, 41.411843450859493 ] ], [ [ -71.533859538999906, 41.411564455000104 ], [ -71.533900809012778, 41.411660930952756 ], [ -71.533793171112137, 41.411495758440523 ], [ -71.533859538999906, 41.411564455000104 ] ], [ [ -71.533559443832644, 41.411109021260302 ], [ -71.533501540462495, 41.411053453529952 ], [ -71.533501539, 41.411053456 ], [ -71.533559443832644, 41.411109021260302 ] ], [ [ -71.533379532034459, 41.411011456 ], [ -71.533546535557591, 41.410977455700973 ], [ -71.533546537160902, 41.4109774529934 ], [ -71.533379532034459, 41.411011456 ] ], [ [ -71.533071705847306, 41.411022043491123 ], [ -71.532913537999903, 41.411015455 ], [ -71.533020538999907, 41.411023455000105 ], [ -71.533071705847306, 41.411022043491123 ] ], [ [ -71.532410538, 41.410721456 ], [ -71.532625120318102, 41.410853164981368 ], [ -71.532326721413256, 41.410687529748714 ], [ -71.532410538, 41.410721456 ] ], [ [ -71.532203932005373, 41.410640827233955 ], [ -71.532135546207385, 41.410618454217897 ], [ -71.532135544707799, 41.410618458194179 ], [ -71.532203932005373, 41.410640827233955 ] ], [ [ -71.531326532363906, 41.4120454490185 ], [ -71.531326538, 41.412045456 ], [ -71.531456538, 41.411679455000098 ], [ -71.531493113193989, 41.41156836264576 ], [ -71.531326532363906, 41.4120454490185 ] ], [ [ -71.531167538, 41.412293456 ], [ -71.531235538, 41.4123354560001 ], [ -71.531098906755759, 41.412250425311228 ], [ -71.531167538, 41.412293456 ] ], [ [ -71.531044537999904, 41.411316456000094 ], [ -71.530980892478055, 41.411430182403159 ], [ -71.531109833642574, 41.411126116247345 ], [ -71.531044537999904, 41.411316456000094 ] ], [ [ -71.532248555426406, 41.407673323174784 ], [ -71.532631546258898, 41.406521454453497 ], [ -71.532761543989196, 41.406132459640503 ], [ -71.532921552658095, 41.405732452869408 ], [ -71.533066540956497, 41.4053424596787 ], [ -71.533123856353043, 41.405176867152328 ], [ -71.532761538, 41.406132455 ], [ -71.532608538, 41.406575454000091 ], [ -71.532303538, 41.407494455000091 ], [ -71.532248555426406, 41.407673323174784 ] ], [ [ -71.533371538, 41.404461455000011 ], [ -71.533331435135793, 41.404577347282626 ], [ -71.533372819196316, 41.404456928022562 ], [ -71.533371538, 41.404461455000011 ] ], [ [ -71.533476014252841, 41.404133239647507 ], [ -71.533699542283998, 41.4034854471684 ], [ -71.53402132915808, 41.402945429571659 ], [ -71.533476014252841, 41.404133239647507 ] ], [ [ -71.53425855988668, 41.402658654839733 ], [ -71.534409539, 41.402493453 ], [ -71.534363539, 41.402542454000098 ], [ -71.53425855988668, 41.402658654839733 ] ], [ [ -71.535149544477505, 41.4018634557724 ], [ -71.5358386154535, 41.401470661742486 ], [ -71.53493341052841, 41.402031845030919 ], [ -71.535149544477505, 41.4018634557724 ] ], [ [ -71.536515538999893, 41.401183454 ], [ -71.536510281799451, 41.40118528251557 ], [ -71.536635800769275, 41.401141938373144 ], [ -71.536515538999893, 41.401183454 ] ], [ [ -71.537199046296422, 41.400952875244023 ], [ -71.538132539999907, 41.400662453000109 ], [ -71.53762854, 41.400814454000098 ], [ -71.537199046296422, 41.400952875244023 ] ], [ [ -71.540237541, 41.399998453000109 ], [ -71.539677305027936, 41.40018597949939 ], [ -71.540417123237148, 41.399932193308167 ], [ -71.540237541, 41.399998453000109 ] ], [ [ -71.541546644583832, 41.399486359223978 ], [ -71.54387023723973, 41.398381726947989 ], [ -71.543762541, 41.398426453000091 ], [ -71.542885541, 41.398838453000096 ], [ -71.541546644583832, 41.399486359223978 ] ], [ [ -71.542263176512478, 41.378670483604978 ], [ -71.543671541, 41.378594449 ], [ -71.544373540999985, 41.378556449 ], [ -71.544450093179208, 41.378551259022217 ], [ -71.542263176512478, 41.378670483604978 ] ], [ [ -71.545280541, 41.378502449000095 ], [ -71.545280545949893, 41.378502443432801 ], [ -71.545086274389561, 41.378516769314423 ], [ -71.545280541, 41.378502449000095 ] ], [ [ -71.545494081548242, 41.377849530801733 ], [ -71.545692533254595, 41.377819448709495 ], [ -71.545547544956193, 41.377831444144199 ], [ -71.545494081548242, 41.377849530801733 ] ], [ [ -71.547331690672635, 41.377752726076146 ], [ -71.548096541999897, 41.377713448000101 ], [ -71.548141541, 41.377701449 ], [ -71.548158942142607, 41.377693029364366 ], [ -71.547331690672635, 41.377752726076146 ] ], [ [ -71.548172534962816, 41.377686452405072 ], [ -71.548172542, 41.377686449000095 ], [ -71.548176157379189, 41.37767786094976 ], [ -71.548172534962816, 41.377686452405072 ] ], [ [ -71.548709292984427, 41.377437595008907 ], [ -71.548424542, 41.377446449 ], [ -71.548561542, 41.377446449 ], [ -71.548709292984427, 41.377437595008907 ] ], [ [ -71.549171537160888, 41.377400442957899 ], [ -71.548990977288753, 41.377416241360095 ], [ -71.549245359042374, 41.377397093099525 ], [ -71.549171537160888, 41.377400442957899 ] ], [ [ -71.54957655072208, 41.37738844752311 ], [ -71.549540413274414, 41.377389080069555 ], [ -71.549590520326205, 41.377886076620548 ], [ -71.54957655072208, 41.37738844752311 ] ], [ [ -71.54959154193017, 41.377922445514322 ], [ -71.549591541999987, 41.377922448 ], [ -71.549790438635654, 41.377915799663342 ], [ -71.54959154193017, 41.377922445514322 ] ], [ [ -71.551346543, 41.377849448000099 ], [ -71.551346540451107, 41.377849444746992 ], [ -71.550834509861886, 41.377873242313392 ], [ -71.551346543, 41.377849448000099 ] ], [ [ -71.55414554399988, 41.377732448000103 ], [ -71.554145544767394, 41.377732440829298 ], [ -71.55318303328329, 41.377773813836434 ], [ -71.55414554399988, 41.377732448000103 ] ], [ [ -71.555017530918079, 41.377702444791808 ], [ -71.554895680573182, 41.377707032822414 ], [ -71.555395811367603, 41.377686035791925 ], [ -71.555017530918079, 41.377702444791808 ] ], [ [ -71.555650388294026, 41.377674719066718 ], [ -71.556493550538988, 41.377638444304495 ], [ -71.556054532527895, 41.377656444907203 ], [ -71.555650388294026, 41.377674719066718 ] ], [ [ -71.557203531265301, 41.377609446644797 ], [ -71.557144805601922, 41.377612539547357 ], [ -71.557464912544319, 41.377597950895606 ], [ -71.557203531265301, 41.377609446644797 ] ], [ [ -71.558273545, 41.377564448 ], [ -71.559486538171797, 41.37750744819639 ], [ -71.558273553848295, 41.377564445137999 ], [ -71.558099178694761, 41.377571188965881 ], [ -71.558273545, 41.377564448 ] ], [ [ -71.562729545999986, 41.377331448000092 ], [ -71.562729537487002, 41.3773314505816 ], [ -71.562729545999986, 41.377385448 ], [ -71.562729545999986, 41.377331448000092 ] ], [ [ -71.562668547, 41.377003448 ], [ -71.562660546, 41.376870453096693 ], [ -71.562711142870256, 41.377218835489636 ], [ -71.562668547, 41.377003448 ] ], [ [ -71.562805545999893, 41.376820447999989 ], [ -71.56280553340909, 41.376816451549502 ], [ -71.56280553340909, 41.376820445060694 ], [ -71.562798559665694, 41.376820447999989 ], [ -71.562805545999893, 41.376820447999989 ] ], [ [ -71.562904536724105, 41.376767441630399 ], [ -71.562893350976466, 41.376772802374774 ], [ -71.562908908202914, 41.376758723049498 ], [ -71.562904536724105, 41.376767441630399 ] ], [ [ -71.562927546, 41.376736448 ], [ -71.562927544117002, 41.376721441745801 ], [ -71.562927544117002, 41.376736447215102 ], [ -71.562925028991401, 41.376738964841053 ], [ -71.562927546, 41.376736448 ] ], [ [ -71.562920547, 41.376633448000092 ], [ -71.562920540571199, 41.376633450388901 ], [ -71.562925769585547, 41.376646678552724 ], [ -71.562920547, 41.376633448000092 ] ], [ [ -71.56284726444828, 41.37634783720199 ], [ -71.562828546675362, 41.376301449673996 ], [ -71.562828540801988, 41.376301452517495 ], [ -71.56284726444828, 41.37634783720199 ] ], [ [ -71.562859547, 41.376286447 ], [ -71.562859535217299, 41.376286447048209 ], [ -71.562836647294745, 41.376297527884098 ], [ -71.562859547, 41.376286447 ] ], [ [ -71.562996536493301, 41.376107454299891 ], [ -71.562982118691764, 41.376154577293896 ], [ -71.563000840292375, 41.376078463658814 ], [ -71.562996536493301, 41.376107454299891 ] ], [ [ -71.562904546, 41.374905447000103 ], [ -71.562904536724105, 41.374905452132197 ], [ -71.562958538532286, 41.375531449914 ], [ -71.562964827811541, 41.375569553727701 ], [ -71.562904546, 41.374905447000103 ] ], [ [ -71.562859547, 41.374100446999989 ], [ -71.562859535217299, 41.3741004467011 ], [ -71.562889273613578, 41.374418532375309 ], [ -71.562859547, 41.374100446999989 ] ], [ [ -71.562859535217299, 41.373351439833598 ], [ -71.562852855829334, 41.373671739071305 ], [ -71.56282594272119, 41.373245291214339 ], [ -71.562859535217299, 41.373351439833598 ] ], [ [ -71.563930541276903, 41.372005447745302 ], [ -71.563928656101211, 41.372005727823804 ], [ -71.563940481165901, 41.37200330428346 ], [ -71.563930541276903, 41.372005447745302 ] ], [ [ -71.564462542533889, 41.371877446770696 ], [ -71.564445040173638, 41.371882178462073 ], [ -71.564541605475796, 41.371849909778909 ], [ -71.564462542533889, 41.371877446770696 ] ], [ [ -71.566513538360596, 41.371426448226003 ], [ -71.566499206528164, 41.371430819149055 ], [ -71.566570899327886, 41.371405648842611 ], [ -71.566513538360596, 41.371426448226003 ] ], [ [ -71.729777604341507, 41.351292431354494 ], [ -71.7297776, 41.351292438 ], [ -71.729797810696255, 41.351311927582927 ], [ -71.729777604341507, 41.351292431354494 ] ], [ [ -71.7296606, 41.347023437000097 ], [ -71.729660600423784, 41.347023442387602 ], [ -71.729659717797944, 41.346994478698015 ], [ -71.7296606, 41.347023437000097 ] ], [ [ -71.729550598999893, 41.344063437 ], [ -71.729550600051894, 41.344063431024601 ], [ -71.729553578477848, 41.344011566993821 ], [ -71.729550598999893, 41.344063437 ] ], [ [ -71.812868624999979, 41.320713429000101 ], [ -71.812868585268276, 41.320713323568285 ], [ -71.812868624365535, 41.320713429130912 ], [ -71.812868624999979, 41.320713429000101 ] ], [ [ -71.806896626949296, 41.3218924254179 ], [ -71.806889449944762, 41.321893474068723 ], [ -71.807507845133927, 41.321764110596746 ], [ -71.806896626949296, 41.3218924254179 ] ], [ [ -71.805932611227007, 41.32208143174649 ], [ -71.805871156691907, 41.322099337359354 ], [ -71.806076641926396, 41.322051768216951 ], [ -71.805932611227007, 41.32208143174649 ] ], [ [ -71.803083628416104, 41.322708427905994 ], [ -71.802980002832371, 41.322729879475638 ], [ -71.803189327590204, 41.322690188772775 ], [ -71.803083628416104, 41.322708427905994 ] ], [ [ -71.808565617447385, 41.323000430859324 ], [ -71.808563994608434, 41.323000682015987 ], [ -71.808565616607694, 41.323000431060791 ], [ -71.808565617447385, 41.323000430859324 ] ], [ [ -71.800486624240889, 41.32316942512989 ], [ -71.800486620999891, 41.323169430000092 ], [ -71.800675185008828, 41.323141825793563 ], [ -71.800486624240889, 41.32316942512989 ] ], [ [ -71.809824615716906, 41.3236714303494 ], [ -71.809824623999987, 41.32367143 ], [ -71.809859565996263, 41.32362896893963 ], [ -71.809824615716906, 41.3236714303494 ] ], [ [ -71.809243619441986, 41.324437424540506 ], [ -71.809243624, 41.324437430000017 ], [ -71.80924366772642, 41.324437327971559 ], [ -71.809243619441986, 41.324437424540506 ] ], [ [ -71.804393619298907, 41.32466043531889 ], [ -71.804393622, 41.324660431 ], [ -71.804389191285281, 41.324664022913716 ], [ -71.804393619298907, 41.32466043531889 ] ], [ [ -71.804500622, 41.324587430000101 ], [ -71.804500614257918, 41.324587435282147 ], [ -71.804555815362022, 41.324596415503656 ], [ -71.804500622, 41.324587430000101 ] ], [ [ -71.803561627864795, 41.32512843608859 ], [ -71.803623298069368, 41.325112287602181 ], [ -71.803561407927617, 41.325128596042866 ], [ -71.803561627864795, 41.32512843608859 ] ], [ [ -71.803853631019592, 41.325018435716601 ], [ -71.803922935284234, 41.324989922680942 ], [ -71.803788729441919, 41.325050649845409 ], [ -71.803853631019592, 41.325018435716601 ] ], [ [ -71.799153620999988, 41.325488431000103 ], [ -71.7991466224194, 41.325611427426296 ], [ -71.799153625965104, 41.325488433241794 ], [ -71.799161760042125, 41.325471724548009 ], [ -71.799153620999988, 41.325488431000103 ] ], [ [ -71.799172621, 41.325449431 ], [ -71.799172618996423, 41.325449435112617 ], [ -71.799172701423359, 41.325449418627244 ], [ -71.799172621, 41.325449431 ] ], [ [ -71.798883617010105, 41.325994431595888 ], [ -71.798873967863571, 41.325995872702428 ], [ -71.7988836169243, 41.325994431972497 ], [ -71.798883617010105, 41.325994431595888 ] ], [ [ -71.799345620999986, 41.32597043 ], [ -71.799345613765993, 41.3259704284837 ], [ -71.799359462584746, 41.325995911417856 ], [ -71.799345620999986, 41.32597043 ] ], [ [ -71.799172519438486, 41.326062562651899 ], [ -71.799195619331911, 41.326050430876151 ], [ -71.799195617437391, 41.326050430536291 ], [ -71.799172519438486, 41.326062562651899 ] ], [ [ -71.79739862680438, 41.326287433505108 ], [ -71.797434760045306, 41.326225315320002 ], [ -71.797374144536064, 41.326355249878098 ], [ -71.79739862680438, 41.326287433505108 ] ], [ [ -71.797294620475043, 41.326411429841237 ], [ -71.797324513457568, 41.326338520143061 ], [ -71.797294616699205, 41.326411426067402 ], [ -71.797294620475043, 41.326411429841237 ] ], [ [ -71.808640626370092, 41.326318430466429 ], [ -71.808661504697767, 41.326313729454938 ], [ -71.808640629053087, 41.326318427920299 ], [ -71.808640626370092, 41.326318430466429 ] ], [ [ -71.808522611856489, 41.326430425047903 ], [ -71.808486218869163, 41.326489514755053 ], [ -71.808630076088875, 41.326328442584597 ], [ -71.808522611856489, 41.326430425047903 ] ], [ [ -71.797943622000204, 41.326669426288525 ], [ -71.797952460681728, 41.326648606759363 ], [ -71.797943621873898, 41.326669424772291 ], [ -71.797943622000204, 41.326669426288525 ] ], [ [ -71.800437629222898, 41.32662443816659 ], [ -71.800437621, 41.326624431 ], [ -71.800364230673651, 41.326665274319311 ], [ -71.800437629222898, 41.32662443816659 ] ], [ [ -71.808379620313588, 41.327072426676807 ], [ -71.808384147840115, 41.327079376064006 ], [ -71.80837414302043, 41.327040640966985 ], [ -71.808379620313588, 41.327072426676807 ] ], [ [ -71.798688620328903, 41.327131435275092 ], [ -71.798802575171109, 41.327195181593297 ], [ -71.798664122184348, 41.327115515801324 ], [ -71.798688620328903, 41.327131435275092 ] ], [ [ -71.798831621, 41.327211431000102 ], [ -71.798831617086947, 41.327211428810976 ], [ -71.798887568628786, 41.327255443139734 ], [ -71.798831621, 41.327211431000102 ] ], [ [ -71.800373621999896, 41.329375432000099 ], [ -71.800480025349458, 41.329359999335836 ], [ -71.800326781157636, 41.329422272274421 ], [ -71.800373621999896, 41.329375432000099 ] ], [ [ -71.800661773489892, 41.329356519805849 ], [ -71.800504624843597, 41.329356431961102 ], [ -71.8005046245747, 41.32935643200009 ], [ -71.800661773489892, 41.329356519805849 ] ], [ [ -71.806548624960939, 41.329670429339217 ], [ -71.80644174585575, 41.329713802080313 ], [ -71.806548623, 41.3296704320001 ], [ -71.806548624960939, 41.329670429339217 ] ], [ [ -71.799313632453462, 41.330196425355247 ], [ -71.799245833529724, 41.330197561791181 ], [ -71.799313621, 41.330196432 ], [ -71.799313632453462, 41.330196425355247 ] ], [ [ -71.799136836817283, 41.330196988334357 ], [ -71.799075633287401, 41.330195426940897 ], [ -71.799075630392949, 41.330195432238803 ], [ -71.799136836817283, 41.330196988334357 ] ], [ [ -71.799511621, 41.330819432000091 ], [ -71.79950428260274, 41.330747999813958 ], [ -71.799505720861617, 41.330882562911349 ], [ -71.799511621, 41.330819432000091 ] ], [ [ -71.803187621999896, 41.330859432000089 ], [ -71.803217622495353, 41.330788432194311 ], [ -71.803187609871429, 41.330859434858048 ], [ -71.803187621999896, 41.330859432000089 ] ], [ [ -71.799429625272793, 41.331023424863801 ], [ -71.799429625003498, 41.331023425606368 ], [ -71.799434019390389, 41.331017505421222 ], [ -71.799429625272793, 41.331023424863801 ] ], [ [ -71.801866622, 41.331021431000103 ], [ -71.80186995665882, 41.331018652289153 ], [ -71.801866620778995, 41.331021428108194 ], [ -71.801835511506638, 41.331023641317849 ], [ -71.801866622, 41.331021431000103 ] ], [ [ -71.802267614668452, 41.33107343231417 ], [ -71.802267622, 41.331073432 ], [ -71.802288580955548, 41.331068557951951 ], [ -71.802267614668452, 41.33107343231417 ] ], [ [ -71.798903621, 41.331499432 ], [ -71.799025263791478, 41.331490584514505 ], [ -71.798795249992509, 41.331514738713324 ], [ -71.798903621, 41.331499432 ] ], [ [ -71.799334621, 41.331310432000109 ], [ -71.799336632506936, 41.331306233967297 ], [ -71.799327223337158, 41.331323804701746 ], [ -71.799334621, 41.331310432000109 ] ], [ [ -71.799199619154365, 41.331437432704419 ], [ -71.799199621, 41.331437432 ], [ -71.799208406818678, 41.331430983696364 ], [ -71.799199619154365, 41.331437432704419 ] ], [ [ -71.79645962, 41.331706432 ], [ -71.796459615230603, 41.331706434488304 ], [ -71.796422811200515, 41.331755653095662 ], [ -71.79645962, 41.331706432 ] ], [ [ -71.805580615997286, 41.356377437710805 ], [ -71.807616625, 41.357192436 ], [ -71.804021862847122, 41.355725239364531 ], [ -71.805580615997286, 41.356377437710805 ] ], [ [ -71.807533625, 41.357285437 ], [ -71.807556825767975, 41.357259440692623 ], [ -71.807533623856131, 41.357285437650809 ], [ -71.807533625, 41.357285437 ] ], [ [ -71.807475626468701, 41.357318431138999 ], [ -71.807390720610798, 41.357421937973662 ], [ -71.80752289384219, 41.357291542660008 ], [ -71.807475626468701, 41.357318431138999 ] ], [ [ -71.807091624999885, 41.358391437000094 ], [ -71.807091623544693, 41.358391433954203 ], [ -71.806985028524579, 41.35869154722895 ], [ -71.807091624999885, 41.358391437000094 ] ], [ [ -71.805977625, 41.360287438000093 ], [ -71.805977612733798, 41.360287442803397 ], [ -71.805876902233095, 41.360454290731717 ], [ -71.805977625, 41.360287438000093 ] ], [ [ -71.805367624, 41.361481437000094 ], [ -71.80536761879921, 41.361481443047488 ], [ -71.80533288010011, 41.361579986671202 ], [ -71.805367624, 41.361481437000094 ] ], [ [ -71.772834614000018, 41.361574438999988 ], [ -71.772834628432776, 41.361574439229528 ], [ -71.772752248812608, 41.361156843467818 ], [ -71.772834614000018, 41.361574438999988 ] ], [ [ -71.772369614, 41.359158438000108 ], [ -71.77236962318419, 41.359158441424405 ], [ -71.772341538108179, 41.359045075052798 ], [ -71.772369614, 41.359158438000108 ] ], [ [ -71.772095614, 41.358441438000099 ], [ -71.7720956206322, 41.358441442251198 ], [ -71.772063463961146, 41.358385940947358 ], [ -71.772095614, 41.358441438000099 ] ], [ [ -71.771942615509005, 41.358200430870099 ], [ -71.771776226889884, 41.357991342257108 ], [ -71.77197892710241, 41.358250961254022 ], [ -71.771942615509005, 41.358200430870099 ] ], [ [ -71.771484613, 41.357697438000095 ], [ -71.771484615287136, 41.357697440305202 ], [ -71.771517587939925, 41.357664463078855 ], [ -71.771484613, 41.357697438000095 ] ], [ [ -71.771622614, 41.357510438000091 ], [ -71.771622627973585, 41.357510432601003 ], [ -71.77161594406725, 41.357482094330408 ], [ -71.771622614, 41.357510438000091 ] ], [ [ -71.771953565579651, 41.356385054629989 ], [ -71.771408617496505, 41.356903433799708 ], [ -71.771240621805205, 41.356511443853393 ], [ -71.771523624658599, 41.356465443968801 ], [ -71.771953565579651, 41.356385054629989 ] ], [ [ -71.772450612999904, 41.356277437000102 ], [ -71.772450625896496, 41.356277436018004 ], [ -71.772494348744601, 41.356256399556045 ], [ -71.772450612999904, 41.356277437000102 ] ], [ [ -71.772578626871095, 41.356211438775098 ], [ -71.772638857279659, 41.356170026331533 ], [ -71.772548726110301, 41.356228515837138 ], [ -71.772578626871095, 41.356211438775098 ] ], [ [ -71.772877846117481, 41.355317959779612 ], [ -71.772926614, 41.355820438000109 ], [ -71.772753247213785, 41.356082627138242 ], [ -71.772877846117481, 41.355317959779612 ] ], [ [ -71.772636614, 41.354695437 ], [ -71.772636622190504, 41.354695439338698 ], [ -71.772642189933308, 41.35452744110389 ], [ -71.772636614, 41.354695437 ] ], [ [ -71.772568613, 41.354195437 ], [ -71.772568613290801, 41.35419543087481 ], [ -71.772546502945445, 41.354165430159512 ], [ -71.772568613, 41.354195437 ] ], [ [ -71.772369614, 41.353966437000103 ], [ -71.77236962318419, 41.353966429829597 ], [ -71.772223803953835, 41.353886241479415 ], [ -71.772369614, 41.353966437000103 ] ], [ [ -71.771660612999895, 41.353753437000094 ], [ -71.772185399970226, 41.353869028124116 ], [ -71.771400140398555, 41.353779522481922 ], [ -71.771660612999895, 41.353753437000094 ] ], [ [ -71.770828612999892, 41.354111437 ], [ -71.770828604698181, 41.354111433029203 ], [ -71.770800422970581, 41.354172106863636 ], [ -71.770828612999892, 41.354111437 ] ], [ [ -71.770767613, 41.354321438000092 ], [ -71.770767599344296, 41.354321435093901 ], [ -71.77076391487968, 41.354689230150605 ], [ -71.770767613, 41.354321438000092 ] ], [ [ -71.770679613, 41.355036437000102 ], [ -71.768814613, 41.354195437 ], [ -71.768906612, 41.354695437 ], [ -71.768937612999906, 41.354807438000101 ], [ -71.770679613, 41.355036437000102 ] ], [ [ -71.768410612, 41.351578436000096 ], [ -71.768410623073606, 41.351578429341302 ], [ -71.768405338247248, 41.351495375080724 ], [ -71.768410612, 41.351578436000096 ] ], [ [ -71.767174612, 41.351593437000098 ], [ -71.767174601554899, 41.351593434810603 ], [ -71.76691184973393, 41.351617755152354 ], [ -71.767174612, 41.351593437000098 ] ], [ [ -71.765564610999903, 41.351715437000095 ], [ -71.7655646204948, 41.351715430617297 ], [ -71.765284547355265, 41.351722664449262 ], [ -71.765564610999903, 41.351715437000095 ] ], [ [ -71.764391895136512, 41.351738943902795 ], [ -71.763519614934907, 41.351731434464497 ], [ -71.762627604506818, 41.351693436626221 ], [ -71.764391895136512, 41.351738943902795 ] ], [ [ -71.762002609999982, 41.351649437 ], [ -71.7620026171207, 41.351649433374405 ], [ -71.761699923743791, 41.351621298844499 ], [ -71.762002609999982, 41.351649437 ] ], [ [ -71.756269088642838, 41.350997781543533 ], [ -71.75145660699998, 41.350387437000101 ], [ -71.751938605999982, 41.350480437 ], [ -71.752146607, 41.350511437000108 ], [ -71.752323605999891, 41.350537437000092 ], [ -71.752849607, 41.350600437 ], [ -71.754524607999883, 41.350796437 ], [ -71.756269088642838, 41.350997781543533 ] ], [ [ -71.750931605999895, 41.350254437 ], [ -71.750931620597797, 41.350254431366899 ], [ -71.750745820907696, 41.350208690923232 ], [ -71.750931605999895, 41.350254437 ] ], [ [ -71.75037060599989, 41.35008843700011 ], [ -71.750376418486468, 41.350090195098538 ], [ -71.750370600662194, 41.350088435088324 ], [ -71.75037060599989, 41.35008843700011 ] ], [ [ -71.7494116127491, 41.349758431315401 ], [ -71.748450368984436, 41.349420395207815 ], [ -71.749808787123428, 41.349891915975448 ], [ -71.7494116127491, 41.349758431315401 ] ], [ [ -71.747740604999905, 41.349171437000102 ], [ -71.747740596532793, 41.349171429872492 ], [ -71.747318298418278, 41.349026101952958 ], [ -71.747740604999905, 41.349171437000102 ] ], [ [ -71.744797604, 41.348141437 ], [ -71.744797617196994, 41.3481414318085 ], [ -71.744644776127799, 41.348084690560057 ], [ -71.744797604, 41.348141437 ] ], [ [ -71.74423150483922, 41.347943736720566 ], [ -71.744011610746412, 41.347874432802207 ], [ -71.743805609853041, 41.347824438420645 ], [ -71.74423150483922, 41.347943736720566 ] ], [ [ -71.743614604, 41.347798437000101 ], [ -71.743614614009886, 41.347798436880097 ], [ -71.743584558192936, 41.347796549305542 ], [ -71.743614604, 41.347798437000101 ] ], [ [ -71.742010603, 41.348113437000094 ], [ -71.742010593414292, 41.34811343252661 ], [ -71.741666518313849, 41.348252278212783 ], [ -71.742010603, 41.348113437000094 ] ], [ [ -71.739827260669941, 41.349125893401599 ], [ -71.741319596767397, 41.348404437303508 ], [ -71.740776598453493, 41.348662436008503 ], [ -71.739827260669941, 41.349125893401599 ] ], [ [ -71.738922602999907, 41.349564438000094 ], [ -71.738922595977797, 41.34956443309779 ], [ -71.738801161518197, 41.349624726813069 ], [ -71.738922602999907, 41.349564438000094 ] ], [ [ -71.738603591918888, 41.349719434976599 ], [ -71.738252317557667, 41.349878284452643 ], [ -71.738755173049796, 41.349647057721697 ], [ -71.738603591918888, 41.349719434976599 ] ], [ [ -71.737711601999905, 41.350087438000102 ], [ -71.737711608409882, 41.3500874340534 ], [ -71.737571171686568, 41.350133180643205 ], [ -71.737711601999905, 41.350087438000102 ] ], [ [ -71.7370776019999, 41.350271437000096 ], [ -71.737077593803406, 41.350271433591793 ], [ -71.737005705708526, 41.350289226147922 ], [ -71.7370776019999, 41.350271437000096 ] ], [ [ -71.733579601, 41.350968438000102 ], [ -71.733579605817809, 41.350968435406692 ], [ -71.732665086392061, 41.351152874358696 ], [ -71.733579601, 41.350968438000102 ] ], [ [ -71.729958598999985, 41.351696438 ], [ -71.730308768135018, 41.351626971404436 ], [ -71.729958596467455, 41.3516964311167 ], [ -71.729958598999985, 41.351696438 ] ], [ [ -71.729919598999984, 41.351590438000095 ], [ -71.729919612407699, 41.35159043967721 ], [ -71.729900366163491, 41.351518567965556 ], [ -71.729919598999984, 41.351590438000095 ] ], [ [ -71.729836599999899, 41.351353438 ], [ -71.729836612939792, 41.351353436708507 ], [ -71.729813753922826, 41.351328381822221 ], [ -71.729836599999899, 41.351353438 ] ], [ [ -71.802795623, 41.355240436 ], [ -71.802795621669119, 41.355240435580889 ], [ -71.802797588689586, 41.355241231918903 ], [ -71.802795623, 41.355240436 ] ], [ [ -71.801844789569131, 41.354969628976569 ], [ -71.80105662299998, 41.354748437000097 ], [ -71.800847359389266, 41.354691164863063 ], [ -71.801743626594487, 41.354943439364398 ], [ -71.801844789569131, 41.354969628976569 ] ], [ [ -71.798810622000019, 41.354133436 ], [ -71.798810631036801, 41.354133442044301 ], [ -71.799116532482302, 41.354213606086319 ], [ -71.798810622000019, 41.354133436 ] ], [ [ -71.795804620999888, 41.353308437000088 ], [ -71.795804619789095, 41.353308439254803 ], [ -71.796267591527624, 41.353433544259488 ], [ -71.795804620999888, 41.353308437000088 ] ], [ [ -71.794996623392123, 41.353077438392212 ], [ -71.794996619224506, 41.353077441453898 ], [ -71.794997110816098, 41.353077925816208 ], [ -71.794996623392123, 41.353077438392212 ] ], [ [ -71.799590621999982, 41.349702435 ], [ -71.799590617418289, 41.349702432751698 ], [ -71.796949100141319, 41.35164306085759 ], [ -71.799590621999982, 41.349702435 ] ], [ [ -71.793587625026703, 41.345375433564193 ], [ -71.79358762, 41.345375434000104 ], [ -71.793604376137807, 41.345375708759562 ], [ -71.793587625026703, 41.345375433564193 ] ], [ [ -71.79441862, 41.345276434 ], [ -71.794418632984204, 41.345276430249193 ], [ -71.794399847476853, 41.345281066965022 ], [ -71.79441862, 41.345276434 ] ], [ [ -71.794974774570719, 41.3451454737204 ], [ -71.795387619999985, 41.344956435 ], [ -71.795424994315198, 41.344929572397028 ], [ -71.794974774570719, 41.3451454737204 ] ], [ [ -71.796196621, 41.344315435000098 ], [ -71.796196609735503, 41.34431543946269 ], [ -71.795971439440237, 41.344502833750461 ], [ -71.796196621, 41.344315435000098 ] ], [ [ -71.795067608356504, 41.343174427747705 ], [ -71.795067620999987, 41.343174434 ], [ -71.794592419169788, 41.342850494451866 ], [ -71.795067608356504, 41.343174427747705 ] ], [ [ -71.79404462, 41.342446435000099 ], [ -71.794044613838196, 41.342446431517601 ], [ -71.794172348480501, 41.342546005786275 ], [ -71.79404462, 41.342446435000099 ] ], [ [ -71.793650954875375, 41.342041715830014 ], [ -71.793373618999979, 41.341576434 ], [ -71.793287753625563, 41.341333761642133 ], [ -71.793650954875375, 41.342041715830014 ] ], [ [ -71.792537547002823, 41.33925045398788 ], [ -71.792839616537094, 41.340027436614001 ], [ -71.792901997686073, 41.340219245437119 ], [ -71.792537547002823, 41.33925045398788 ] ], [ [ -71.792412618999904, 41.339123434 ], [ -71.792412614876085, 41.339123432427769 ], [ -71.792447326927501, 41.339149750627307 ], [ -71.792412618999904, 41.339123434 ] ], [ [ -71.792252619, 41.339062433 ], [ -71.792252629995289, 41.339062437415102 ], [ -71.792266961916141, 41.339067901328754 ], [ -71.792252619, 41.339062433 ] ], [ [ -71.791654011116677, 41.338895831850834 ], [ -71.791687607765198, 41.338910430669806 ], [ -71.791687617005863, 41.338910433133677 ], [ -71.791654011116677, 41.338895831850834 ] ], [ [ -71.791229618, 41.338654433 ], [ -71.791229605674701, 41.338654428720496 ], [ -71.791271232605823, 41.338686634610831 ], [ -71.791229618, 41.338654433 ] ], [ [ -71.791016618, 41.338101433000105 ], [ -71.791016608476582, 41.338101431727409 ], [ -71.791073950566087, 41.338274058964096 ], [ -71.791016618, 41.338101433000105 ] ], [ [ -71.793265619, 41.337286433 ], [ -71.793265610933304, 41.337286427617101 ], [ -71.792966265717553, 41.337341978050631 ], [ -71.793265619, 41.337286433 ] ], [ [ -71.794181473825304, 41.337104824498951 ], [ -71.79595262, 41.336743433 ], [ -71.796745620999985, 41.33657943300009 ], [ -71.794181473825304, 41.337104824498951 ] ], [ [ -71.79636462, 41.335614433 ], [ -71.796364605426803, 41.335614427924199 ], [ -71.796582214156103, 41.336165557610649 ], [ -71.79636462, 41.335614433 ] ], [ [ -71.795918729632589, 41.33395021347286 ], [ -71.796120613813386, 41.334786430001301 ], [ -71.796154962303305, 41.334924761657355 ], [ -71.795918729632589, 41.33395021347286 ] ], [ [ -71.794767788999906, 41.463461063000111 ], [ -71.794701625999906, 41.463559458000105 ], [ -71.794815626999906, 41.463395458 ], [ -71.794767788999906, 41.463461063000111 ] ], [ [ -71.680115585, 41.393059447 ], [ -71.679710584999981, 41.392525448000093 ], [ -71.679489584999885, 41.39208044700009 ], [ -71.680115585, 41.393059447 ] ], [ [ -71.663368579, 41.375851445000102 ], [ -71.663521579, 41.376145445000105 ], [ -71.663811578999983, 41.3759084450001 ], [ -71.663368579, 41.375851445000102 ] ], [ [ -71.609073562999981, 41.407940452 ], [ -71.614218563999898, 41.39343545 ], [ -71.608989934418233, 41.408097997620324 ], [ -71.609073562999981, 41.407940452 ] ], [ [ -71.612297564744907, 41.394020453095401 ], [ -71.612297564, 41.39402045 ], [ -71.611837736764926, 41.394128564954471 ], [ -71.612297564744907, 41.394020453095401 ] ], [ [ -71.608260818007693, 41.394825865664615 ], [ -71.609810560941696, 41.39452445507051 ], [ -71.610603570938096, 41.394368454813993 ], [ -71.611290574073806, 41.394242450594902 ], [ -71.611376840330166, 41.394224408100158 ], [ -71.610603563, 41.394368450000101 ], [ -71.609810562999883, 41.394524450000098 ], [ -71.608803563, 41.39471145 ], [ -71.608589562, 41.394753450000103 ], [ -71.608260818007693, 41.394825865664615 ] ], [ [ -71.604904562234907, 41.395363450050397 ], [ -71.604904561, 41.39536345 ], [ -71.604889746821527, 41.39536466179409 ], [ -71.604904562234907, 41.395363450050397 ] ], [ [ -71.60298255085948, 41.395462453365298 ], [ -71.602982559999987, 41.39546245 ], [ -71.602770100380766, 41.395461431822923 ], [ -71.60298255085948, 41.395462453365298 ] ], [ [ -71.600858390857297, 41.395364911221215 ], [ -71.60154756, 41.39541745 ], [ -71.60102856, 41.39537745000009 ], [ -71.600858390857297, 41.395364911221215 ] ], [ [ -71.598518558999984, 41.395119451 ], [ -71.597682816218693, 41.39503119676224 ], [ -71.599547103664491, 41.395235782201411 ], [ -71.598518558999984, 41.395119451 ] ], [ [ -71.59745692637108, 41.395016410639499 ], [ -71.597080010713341, 41.394993055388674 ], [ -71.597402572631793, 41.39501345157619 ], [ -71.59745692637108, 41.395016410639499 ] ], [ [ -71.595085561275496, 41.394982457161007 ], [ -71.596598383756259, 41.394976082820143 ], [ -71.594372508824009, 41.395022967081943 ], [ -71.595085561275496, 41.394982457161007 ] ], [ [ -71.593864560127301, 41.395058453083003 ], [ -71.593864558, 41.395058451000089 ], [ -71.593657558830202, 41.395080767782659 ], [ -71.593864560127301, 41.395058453083003 ] ], [ [ -71.588562548160581, 41.395573452115094 ], [ -71.5885625559999, 41.39557345 ], [ -71.588524130462673, 41.395574510279872 ], [ -71.588562548160581, 41.395573452115094 ] ], [ [ -71.588211566209793, 41.395581454038592 ], [ -71.588211556, 41.395581451000098 ], [ -71.588041732147076, 41.3955800148576 ], [ -71.588211566209793, 41.395581454038592 ] ], [ [ -71.585191694168984, 41.395430239343789 ], [ -71.587402552366299, 41.395562455058091 ], [ -71.587558395832389, 41.395569408159794 ], [ -71.585191694168984, 41.395430239343789 ] ], [ [ -71.583840548992185, 41.395335450768492 ], [ -71.583840553999906, 41.395335451000093 ], [ -71.583807670777787, 41.395333297526051 ], [ -71.583840548992185, 41.395335450768492 ] ], [ [ -71.581245541572599, 41.395150452852192 ], [ -71.581245553, 41.395150451000099 ], [ -71.580718981977711, 41.395118620227713 ], [ -71.581245541572599, 41.395150452852192 ] ], [ [ -71.576141566038103, 41.394799456000285 ], [ -71.576141552, 41.394799451 ], [ -71.575858392820592, 41.394793889772572 ], [ -71.576141566038103, 41.394799456000285 ] ], [ [ -71.573807551000016, 41.394791451000103 ], [ -71.573684011392942, 41.394799710916622 ], [ -71.573807537555695, 41.394791454076795 ], [ -71.574471563100801, 41.394772455096195 ], [ -71.574519419270999, 41.394770516928567 ], [ -71.573807551000016, 41.394791451000103 ] ], [ [ -71.56916199103749, 41.395347848444025 ], [ -71.572769552469296, 41.394883453846006 ], [ -71.573083539527317, 41.394852233129654 ], [ -71.56916199103749, 41.395347848444025 ] ], [ [ -71.56832155, 41.395459451000093 ], [ -71.566099245373067, 41.395755028563954 ], [ -71.568829435656113, 41.395391908236256 ], [ -71.56832155, 41.395459451000093 ] ], [ [ -71.564575552940383, 41.39595545828341 ], [ -71.56457554799988, 41.395955452000102 ], [ -71.563601866434453, 41.396094771786998 ], [ -71.564575552940383, 41.39595545828341 ] ], [ [ -71.562279552221312, 41.3962524533272 ], [ -71.562279546999889, 41.396252451000109 ], [ -71.562184862846195, 41.396258961127607 ], [ -71.562279552221312, 41.3962524533272 ] ], [ [ -71.561436533927903, 41.396315455436699 ], [ -71.561436547, 41.396315452000103 ], [ -71.561416407456264, 41.396316943818157 ], [ -71.561436533927903, 41.396315455436699 ] ], [ [ -71.559349587068056, 41.396400414476396 ], [ -71.559792546, 41.396370451000102 ], [ -71.559372547, 41.396397452 ], [ -71.559349587068056, 41.396400414476396 ] ], [ [ -71.558922559022903, 41.396424457430797 ], [ -71.558922547, 41.396424452000097 ], [ -71.558305000114842, 41.396470023916656 ], [ -71.558922559022903, 41.396424457430797 ] ], [ [ -71.557365545, 41.396580452000087 ], [ -71.55666859539069, 41.396695901601753 ], [ -71.557537616237909, 41.396558704691557 ], [ -71.557365545, 41.396580452000087 ] ], [ [ -71.555336534977002, 41.396965458989101 ], [ -71.555336544999989, 41.396965452000096 ], [ -71.554739812686279, 41.397047221056887 ], [ -71.555336534977002, 41.396965458989101 ] ], [ [ -71.553474545478792, 41.397187456488609 ], [ -71.553474544, 41.3971874530001 ], [ -71.553442491731431, 41.397190031549925 ], [ -71.553474545478792, 41.397187456488609 ] ], [ [ -71.552125543355913, 41.397269457578702 ], [ -71.552125544, 41.397269452 ], [ -71.551895456202985, 41.397272815856724 ], [ -71.552125543355913, 41.397269457578702 ] ], [ [ -71.551414549350682, 41.397271454334295 ], [ -71.551414544, 41.397271452 ], [ -71.55065461817469, 41.39727805543157 ], [ -71.551414549350682, 41.397271454334295 ] ], [ [ -71.547784261855924, 41.397382421541565 ], [ -71.548767542999883, 41.397297452 ], [ -71.548317542, 41.397324453000095 ], [ -71.547951542, 41.397362453 ], [ -71.547784261855924, 41.397382421541565 ] ], [ [ -71.545910381274041, 41.397712575863402 ], [ -71.546753543, 41.397530452000098 ], [ -71.546440542, 41.397591453000103 ], [ -71.545910381274041, 41.397712575863402 ] ], [ [ -71.545898150345181, 41.397715814564918 ], [ -71.545906543224177, 41.397713452720417 ], [ -71.545906542, 41.397713453000101 ], [ -71.545898150345181, 41.397715814564918 ] ], [ [ -71.545090556144714, 41.3979504555464 ], [ -71.545090542, 41.397950452 ], [ -71.544687678847225, 41.398084556994739 ], [ -71.545090556144714, 41.3979504555464 ] ], [ [ -71.544060532109228, 41.398297457558442 ], [ -71.544102780389409, 41.398282804630384 ], [ -71.544060542, 41.398297453000104 ], [ -71.544060532109228, 41.398297457558442 ] ], [ [ -71.628983571999981, 41.447053460000099 ], [ -71.631759573, 41.44669946 ], [ -71.631451571999904, 41.446548459 ], [ -71.628983571999981, 41.447053460000099 ] ], [ [ -71.720047604999905, 41.521111471 ], [ -71.719978604999895, 41.522175471 ], [ -71.720383604999881, 41.521664472000097 ], [ -71.720047604999905, 41.521111471 ] ], [ [ -71.539397538367766, 41.377045449190526 ], [ -71.539397538999907, 41.377045448 ], [ -71.539397970892452, 41.377043216448641 ], [ -71.539397538367766, 41.377045449190526 ] ], [ [ -71.539239538999894, 41.377249449 ], [ -71.539239525794983, 41.377249449491508 ], [ -71.539144955528911, 41.377299442893957 ], [ -71.539239538999894, 41.377249449 ] ], [ [ -71.538068537999905, 41.378362449000093 ], [ -71.538068532943697, 41.378362447023406 ], [ -71.538065987928917, 41.378364395828434 ], [ -71.538068537999905, 41.378362449000093 ] ], [ [ -71.537140539, 41.378155448 ], [ -71.537140548229189, 41.378155454993198 ], [ -71.537161155017458, 41.378115544930324 ], [ -71.537140539, 41.378155448 ] ], [ [ -71.537317538, 41.377898449 ], [ -71.537286589245028, 41.37791944987088 ], [ -71.537330537027401, 41.377844452039817 ], [ -71.537317538, 41.377898449 ] ], [ [ -71.536312537999891, 41.376818449 ], [ -71.536312550306306, 41.376818448305094 ], [ -71.536312329184895, 41.376804264946983 ], [ -71.536312537999891, 41.376818449 ] ], [ [ -71.536019537999891, 41.375671449 ], [ -71.53601953387259, 41.375671446323402 ], [ -71.536012079811385, 41.375669584452957 ], [ -71.536019537999891, 41.375671449 ] ], [ [ -71.535201549529987, 41.375682443380391 ], [ -71.535201540450473, 41.375682447784442 ], [ -71.535245977061038, 41.37567967053964 ], [ -71.535201549529987, 41.375682443380391 ] ], [ [ -71.535196542739897, 41.3774954527617 ], [ -71.53523055283388, 41.377497716722289 ], [ -71.53519653911755, 41.377495449141172 ], [ -71.535196542739897, 41.3774954527617 ] ], [ [ -71.535472542047501, 41.377374455332799 ], [ -71.535472538491732, 41.377374451394687 ], [ -71.535473473154795, 41.377375951755525 ], [ -71.535472542047501, 41.377374455332799 ] ], [ [ -71.535547913757412, 41.377271355493704 ], [ -71.535713538, 41.377327449000092 ], [ -71.535655538000015, 41.377287449000093 ], [ -71.535571537999886, 41.377273449 ], [ -71.535547913757412, 41.377271355493704 ] ], [ [ -71.535774537999899, 41.377589448 ], [ -71.535774528980298, 41.377589449286511 ], [ -71.535776316819593, 41.377600630377856 ], [ -71.535774537999899, 41.377589448 ] ], [ [ -71.535496538, 41.378172449 ], [ -71.535536571200964, 41.378163029285311 ], [ -71.535434540877461, 41.378139450531712 ], [ -71.535496538, 41.378172449 ] ], [ [ -71.539225548505783, 41.380228444933898 ], [ -71.539225548278282, 41.380228445061846 ], [ -71.539226346249819, 41.38022810635465 ], [ -71.539225548505783, 41.380228444933898 ] ], [ [ -71.53904953598979, 41.3803424537182 ], [ -71.539049515568379, 41.380342485820179 ], [ -71.539049536001841, 41.380342453711378 ], [ -71.53904953598979, 41.3803424537182 ] ], [ [ -71.538360538999896, 41.381026448999989 ], [ -71.538407538999905, 41.38097845 ], [ -71.538422173392405, 41.380971403639784 ], [ -71.5384075343609, 41.3809784501791 ], [ -71.53836053609848, 41.381026446819298 ], [ -71.538344409047852, 41.381031745507606 ], [ -71.538360538999896, 41.381026448999989 ] ], [ [ -71.538232539, 41.381078450000103 ], [ -71.538232535123797, 41.3810784518719 ], [ -71.538225352118772, 41.381083280413172 ], [ -71.538232539, 41.381078450000103 ] ], [ [ -71.537970652297219, 41.381179154173267 ], [ -71.538110538999888, 41.381148449000108 ], [ -71.538156136654948, 41.381126772081267 ], [ -71.537970652297219, 41.381179154173267 ] ], [ [ -71.538270533084898, 41.380157455801999 ], [ -71.538270533856803, 41.380157454566607 ], [ -71.538270270480993, 41.380157739626441 ], [ -71.538270533084898, 41.380157455801999 ] ], [ [ -71.538711539, 41.379417449000101 ], [ -71.538711547851605, 41.379417449235895 ], [ -71.538712891104026, 41.3794120389136 ], [ -71.538711539, 41.379417449000101 ] ], [ [ -71.54088454, 41.374397448 ], [ -71.540896765494708, 41.374402441568861 ], [ -71.540884554386096, 41.374397441744804 ], [ -71.540751078974822, 41.374378746574749 ], [ -71.54088454, 41.374397448 ] ], [ [ -71.54154854, 41.374570448 ], [ -71.541589391485431, 41.374609698239013 ], [ -71.541468842156632, 41.374518919675523 ], [ -71.54154854, 41.374570448 ] ], [ [ -71.541685551404996, 41.374714449048007 ], [ -71.541685538999985, 41.374714448000105 ], [ -71.541759542252976, 41.374724446603224 ], [ -71.541685551404996, 41.374714449048007 ] ], [ [ -71.539749538999985, 41.374713448000094 ], [ -71.539761080656447, 41.374693662309447 ], [ -71.539749499411954, 41.374713593156052 ], [ -71.539749538999985, 41.374713448000094 ] ], [ [ -71.541418538999892, 41.375463449000094 ], [ -71.541412974169802, 41.375480453254539 ], [ -71.541447815400858, 41.375398456127414 ], [ -71.541418538999892, 41.375463449000094 ] ], [ [ -71.541570539, 41.375253448000102 ], [ -71.541509592158505, 41.375296301918262 ], [ -71.541631001939379, 41.375219437597224 ], [ -71.541570539, 41.375253448000102 ] ], [ [ -71.539747536182389, 41.376032441854484 ], [ -71.539717655562384, 41.376091116734706 ], [ -71.539747756806463, 41.376019379616828 ], [ -71.539747536182389, 41.376032441854484 ] ], [ [ -71.540758539, 41.377385449 ], [ -71.540809012372449, 41.377448684331085 ], [ -71.540736659202736, 41.377371406745183 ], [ -71.540758539, 41.377385449 ] ], [ [ -71.54074454307559, 41.377786442637401 ], [ -71.540744621883718, 41.377786338237307 ], [ -71.540744543015109, 41.37778644268279 ], [ -71.54074454307559, 41.377786442637401 ] ], [ [ -71.54068854, 41.377828449 ], [ -71.540671075035107, 41.377843768558648 ], [ -71.540721892536183, 41.377803433558853 ], [ -71.54068854, 41.377828449 ] ], [ [ -71.54070954, 41.378087449000105 ], [ -71.540777794691593, 41.378070385114263 ], [ -71.540683829878631, 41.378097732933085 ], [ -71.54070954, 41.378087449000105 ] ], [ [ -71.540384531021104, 41.378254443407094 ], [ -71.540384538999902, 41.378254448000099 ], [ -71.540418212937425, 41.378232800986623 ], [ -71.540384531021104, 41.378254443407094 ] ], [ [ -71.541083538999899, 41.378322449000102 ], [ -71.541083543346559, 41.378322451204042 ], [ -71.541073976034269, 41.378313246904035 ], [ -71.541083538999899, 41.378322449000102 ] ], [ [ -71.541225538999981, 41.378394449 ], [ -71.541225542734622, 41.37839444973639 ], [ -71.541127657210126, 41.378344818805324 ], [ -71.541225538999981, 41.378394449 ] ], [ [ -71.541734546423001, 41.378353446721995 ], [ -71.541734539999879, 41.378353449 ], [ -71.541756140802619, 41.378349704872157 ], [ -71.541734546423001, 41.378353446721995 ] ], [ [ -71.541512548923507, 41.378402441739993 ], [ -71.541512538999896, 41.378402449000092 ], [ -71.541538999109122, 41.378400359793424 ], [ -71.541512548923507, 41.378402441739993 ] ], [ [ -71.542278528139391, 41.378391444818547 ], [ -71.542278528213501, 41.378391444683103 ], [ -71.542278068008144, 41.378391321390268 ], [ -71.542278528139391, 41.378391444818547 ] ], [ [ -71.540182530879989, 41.37845145165921 ], [ -71.540170424207631, 41.37847827587504 ], [ -71.540191707445103, 41.37843976983558 ], [ -71.540182530879989, 41.37845145165921 ] ], [ [ -71.539853539, 41.380183449000093 ], [ -71.53985354304308, 41.3801834434271 ], [ -71.539819877344001, 41.380180164936171 ], [ -71.539853539, 41.380183449000093 ] ], [ [ -71.540876537914897, 41.37923444874238 ], [ -71.540877592887625, 41.379236439538303 ], [ -71.540876539, 41.379234449000101 ], [ -71.540876537914897, 41.37923444874238 ] ], [ [ -71.540311539162545, 41.379659448265009 ], [ -71.540310289152188, 41.379660321508204 ], [ -71.540311539, 41.379659449 ], [ -71.540311539162545, 41.379659448265009 ] ], [ [ -71.52526625990869, 41.381131902337103 ], [ -71.525818288326306, 41.381804943084703 ], [ -71.52589008212091, 41.381241440773003 ], [ -71.52526625990869, 41.381131902337103 ] ], [ [ -71.526223808527007, 41.379342302680001 ], [ -71.523078680038495, 41.378162324428601 ], [ -71.52367168664928, 41.379288390278795 ], [ -71.523183196783094, 41.379857033491099 ], [ -71.5235575735569, 41.380906090140293 ], [ -71.525334089994388, 41.382334366440801 ], [ -71.524234414100604, 41.3812736421824 ], [ -71.524823665618882, 41.381248146295498 ], [ -71.525835603475599, 41.3805273473263 ], [ -71.525962114334106, 41.381074219942093 ], [ -71.526223808527007, 41.379342302680001 ] ], [ [ -71.52861854, 41.453831464000103 ], [ -71.528128538999979, 41.45358646400009 ], [ -71.528191539, 41.454033464000091 ], [ -71.52861854, 41.453831464000103 ] ], [ [ -71.468623537, 41.776339528000094 ], [ -71.468606537, 41.776348529000103 ], [ -71.468608537, 41.77635852800011 ], [ -71.468623537, 41.776339528000094 ] ], [ [ -71.430679525, 41.783070531000099 ], [ -71.430641524999885, 41.78273653100009 ], [ -71.430565524, 41.782696531000099 ], [ -71.430679525, 41.783070531000099 ] ] ], [ [ [ -71.811700910329805, 41.3209469467402 ], [ -71.811848551034899, 41.320922031998599 ], [ -71.811678886413588, 41.320951208472302 ], [ -71.811700910329805, 41.3209469467402 ] ] ], [ [ [ -71.851909481, 41.321606155 ], [ -71.852199357, 41.321504637 ], [ -71.851941605999983, 41.321650837000092 ], [ -71.851909481, 41.321606155 ] ] ], [ [ [ -71.806310623884201, 41.324091434478802 ], [ -71.806433498859406, 41.324046120047591 ], [ -71.806103825569195, 41.32414887845519 ], [ -71.806310623884201, 41.324091434478802 ] ] ], [ [ [ -71.848636743, 41.324365895 ], [ -71.848902537, 41.324324998000101 ], [ -71.848676349999906, 41.324419841000093 ], [ -71.848636743, 41.324365895 ] ] ], [ [ [ -71.892391457, 41.32850712 ], [ -71.882950730999895, 41.322694942000105 ], [ -71.876995533, 41.319788168000109 ], [ -71.881438338999899, 41.32123718200009 ], [ -71.892391457, 41.32850712 ] ] ], [ [ [ -71.808709621429401, 41.324814423918703 ], [ -71.808715283870683, 41.325159102678292 ], [ -71.808709263801603, 41.324813961982699 ], [ -71.80876424908638, 41.324753135442705 ], [ -71.808709621429401, 41.324814423918703 ] ] ], [ [ [ -71.80855813622469, 41.3255836218596 ], [ -71.808599799871402, 41.325490236282299 ], [ -71.80855473875998, 41.325651034712791 ], [ -71.80855813622469, 41.3255836218596 ] ] ], [ [ [ -71.8008598089218, 41.326369434595101 ], [ -71.800846427679105, 41.326379373669596 ], [ -71.80085963010788, 41.326369434595101 ], [ -71.8008598089218, 41.326369434595101 ] ] ], [ [ [ -71.798274755477905, 41.3263559788466 ], [ -71.798274606466293, 41.326356425881407 ], [ -71.798158615827589, 41.326419427990899 ], [ -71.798274755477905, 41.3263559788466 ] ] ], [ [ [ -71.799537777900696, 41.327391356229803 ], [ -71.799674421548801, 41.327317997813196 ], [ -71.799538105726199, 41.327391356229803 ], [ -71.799537777900696, 41.327391356229803 ] ] ], [ [ [ -71.800286859273896, 41.329462185502095 ], [ -71.800286620855303, 41.329462423920596 ], [ -71.800253719091401, 41.329480513930292 ], [ -71.800286859273896, 41.329462185502095 ] ] ], [ [ [ -71.796403914689989, 41.326691716909401 ], [ -71.771889805793805, 41.330668643117001 ], [ -71.768520176410689, 41.332542777061498 ], [ -71.767769217491193, 41.335443735122702 ], [ -71.762916505336804, 41.329775258898714 ], [ -71.796403914689989, 41.326691716909401 ] ] ], [ [ [ -71.799555242061587, 41.330029025673902 ], [ -71.799797177314801, 41.329826816916494 ], [ -71.799444705247879, 41.330120354890802 ], [ -71.799555242061587, 41.330029025673902 ] ] ], [ [ [ -71.801425576209994, 41.3310483545065 ], [ -71.80144423246378, 41.331048175692594 ], [ -71.801425635814695, 41.331048429012291 ], [ -71.801425576209994, 41.3310483545065 ] ] ], [ [ [ -71.7966705858707, 41.331364497542403 ], [ -71.796676844358387, 41.331332802772501 ], [ -71.796670615673094, 41.331364437937694 ], [ -71.7966705858707, 41.331364497542403 ] ] ], [ [ [ -71.768687188625293, 41.332552805542896 ], [ -71.774471491575198, 41.332793459296198 ], [ -71.769013077020603, 41.333765745162985 ], [ -71.768687188625293, 41.332552805542896 ] ], [ [ -71.76942119002338, 41.332665085792492 ], [ -71.769601315259905, 41.333092391490901 ], [ -71.769993454217897, 41.332806080579807 ], [ -71.76942119002338, 41.332665085792492 ] ] ], [ [ [ -71.784958690404906, 41.331813693046598 ], [ -71.785119652748094, 41.33309035003191 ], [ -71.784614652395206, 41.333592787385001 ], [ -71.784398257732406, 41.3327515870333 ], [ -71.784958690404906, 41.331813693046598 ] ] ], [ [ [ -71.785552561283097, 41.332888349890695 ], [ -71.785296887159305, 41.332974299788496 ], [ -71.785489052534089, 41.332808077335393 ], [ -71.785552561283097, 41.332888349890695 ] ] ], [ [ [ -71.779890656471295, 41.33381237089629 ], [ -71.779179453849792, 41.333935335278497 ], [ -71.7793792188168, 41.33340784907341 ], [ -71.779890656471295, 41.33381237089629 ] ] ], [ [ [ -71.783555418252902, 41.334288120269797 ], [ -71.783634960651398, 41.333711043000193 ], [ -71.783641934394794, 41.334267988801003 ], [ -71.783555418252902, 41.334288120269797 ] ] ], [ [ [ -71.785225659608798, 41.336974546313286 ], [ -71.785403072834001, 41.336734846234293 ], [ -71.785584658384295, 41.336989864706993 ], [ -71.785225659608798, 41.336974546313286 ] ] ], [ [ [ -71.842927361999983, 41.404263080000092 ], [ -71.842903518, 41.404259266000103 ], [ -71.842895373, 41.404239798 ], [ -71.842927361999983, 41.404263080000092 ] ] ], [ [ [ -71.841530644, 41.404103142000096 ], [ -71.843199575, 41.404619574 ], [ -71.84313222, 41.405939642000092 ], [ -71.841530644, 41.404103142000096 ] ] ], [ [ [ -71.843465582999983, 41.405318177 ], [ -71.843488925, 41.405453225 ], [ -71.843393556, 41.405542292000092 ], [ -71.843465582999983, 41.405318177 ] ] ], [ [ [ -71.577685040999896, 41.231627772 ], [ -71.554238417, 41.212698115000101 ], [ -71.56596547, 41.182819559000102 ], [ -71.546543514, 41.154450022 ], [ -71.60006011, 41.147090771000101 ], [ -71.612917795, 41.160270302000107 ], [ -71.593333827999984, 41.199444990000103 ], [ -71.576269726999982, 41.175785113000103 ], [ -71.563361638999893, 41.175153456 ], [ -71.575218133999982, 41.202211387 ], [ -71.577350032999988, 41.203403071 ], [ -71.583255978999901, 41.200913704000101 ], [ -71.587005588999901, 41.195734019 ], [ -71.588871153999904, 41.198385697 ], [ -71.577685040999896, 41.231627772 ] ] ], [ [ [ -71.576575985, 41.201807182 ], [ -71.575771378999903, 41.202327918 ], [ -71.575585884999981, 41.202027079000096 ], [ -71.576575985, 41.201807182 ] ] ], [ [ [ -71.747448652982683, 41.334770321846001 ], [ -71.747844040393787, 41.3350632488728 ], [ -71.747396767139392, 41.335364088416092 ], [ -71.747448652982683, 41.334770321846001 ] ] ], [ [ [ -71.749885380268097, 41.3360360264778 ], [ -71.749658614397006, 41.336329072713895 ], [ -71.749533653259306, 41.336071193218203 ], [ -71.749885380268097, 41.3360360264778 ] ] ], [ [ [ -71.716015802, 41.337177871000101 ], [ -71.716652211999985, 41.337814810000104 ], [ -71.715768079, 41.337945141 ], [ -71.716015802, 41.337177871000101 ] ] ], [ [ [ -71.720319011999891, 41.340077230000091 ], [ -71.720767214, 41.338653866000094 ], [ -71.722183915999906, 41.339453829 ], [ -71.720319011999891, 41.340077230000091 ] ] ], [ [ [ -71.720881891, 41.340666007 ], [ -71.720714825, 41.3404566500001 ], [ -71.720955857999982, 41.340364293000093 ], [ -71.720881891, 41.340666007 ] ] ], [ [ [ -71.720951000999904, 41.340893574000091 ], [ -71.720931062, 41.341028023 ], [ -71.720836996999907, 41.340914033 ], [ -71.720951000999904, 41.340893574000091 ] ] ], [ [ [ -71.719685595, 41.3409442990001 ], [ -71.719862876999983, 41.341060486000096 ], [ -71.719662497999892, 41.340988483 ], [ -71.719685595, 41.3409442990001 ] ] ], [ [ [ -71.718874673999906, 41.341941949 ], [ -71.717383084999881, 41.340363710000091 ], [ -71.719040467999903, 41.341446166 ], [ -71.718874673999906, 41.341941949 ] ] ], [ [ [ -71.713971414999904, 41.342623245 ], [ -71.714175865999891, 41.34271613 ], [ -71.714063818999989, 41.342779713 ], [ -71.713971414999904, 41.342623245 ] ] ], [ [ [ -71.714000786, 41.3434190400001 ], [ -71.713905908, 41.34348977200009 ], [ -71.713937265, 41.343417878 ], [ -71.714000786, 41.3434190400001 ] ] ], [ [ [ -71.713960165999893, 41.3439521600001 ], [ -71.71336393, 41.344225427 ], [ -71.713243561999903, 41.343730251000103 ], [ -71.713960165999893, 41.3439521600001 ] ] ], [ [ [ -71.720876861999983, 41.344997522 ], [ -71.720888801999905, 41.345118027000083 ], [ -71.720722506999905, 41.345014513000109 ], [ -71.720876861999983, 41.344997522 ] ] ], [ [ [ -71.723431206, 41.34623995200009 ], [ -71.723343498, 41.346311272 ], [ -71.72331901299998, 41.346188917000092 ], [ -71.723431206, 41.34623995200009 ] ] ], [ [ [ -71.723068919, 41.346459389000096 ], [ -71.723142294999889, 41.346314773000095 ], [ -71.72318596, 41.346525829 ], [ -71.723068919, 41.346459389000096 ] ] ], [ [ [ -71.720265032, 41.34692339 ], [ -71.720151148999904, 41.346658698000091 ], [ -71.72038788899988, 41.346573143000093 ], [ -71.720265032, 41.34692339 ] ] ], [ [ [ -71.651608145999901, 41.358069626 ], [ -71.652960968999906, 41.358592166000101 ], [ -71.652852826, 41.35866163 ], [ -71.651608145999901, 41.358069626 ] ] ], [ [ [ -71.647312792, 41.3583553 ], [ -71.648316188, 41.358284005 ], [ -71.647699767999896, 41.358777886 ], [ -71.647312792, 41.3583553 ] ] ], [ [ [ -71.644214739999896, 41.358513463000094 ], [ -71.644105082, 41.358616312 ], [ -71.644033297999982, 41.358535852 ], [ -71.644214739999896, 41.358513463000094 ] ] ], [ [ [ -71.643487767000011, 41.360114256 ], [ -71.644730422, 41.360575142000101 ], [ -71.644244618, 41.361143490000096 ], [ -71.643487767000011, 41.360114256 ] ] ], [ [ [ -71.633585137999901, 41.362160739 ], [ -71.635955907, 41.361118314000102 ], [ -71.637363005999987, 41.361193191 ], [ -71.633585137999901, 41.362160739 ] ] ], [ [ [ -71.634007111999907, 41.362599110000104 ], [ -71.635656965999885, 41.361895464 ], [ -71.636018588, 41.361874179 ], [ -71.634007111999907, 41.362599110000104 ] ] ], [ [ [ -71.632723413999898, 41.362253927 ], [ -71.632624925999906, 41.362427811 ], [ -71.632600972, 41.362366362 ], [ -71.632723413999898, 41.362253927 ] ] ], [ [ [ -71.636424670999986, 41.362225607 ], [ -71.638133951, 41.361749120000098 ], [ -71.637394392, 41.363342433000099 ], [ -71.636424670999986, 41.362225607 ] ] ], [ [ [ -71.636194374999903, 41.362802629 ], [ -71.635609454, 41.362741295 ], [ -71.635979574, 41.362410974000099 ], [ -71.636194374999903, 41.362802629 ] ] ], [ [ [ -71.632115281, 41.362749156000099 ], [ -71.633538986, 41.362423369000091 ], [ -71.632084080999988, 41.362797677000103 ], [ -71.632115281, 41.362749156000099 ] ] ], [ [ [ -71.631807465999898, 41.362991410000092 ], [ -71.631683962999887, 41.362835071000092 ], [ -71.631951979, 41.36280286 ], [ -71.631807465999898, 41.362991410000092 ] ] ], [ [ [ -71.629372167, 41.362711906000101 ], [ -71.631351431999988, 41.362698388000098 ], [ -71.628523456, 41.363377405000101 ], [ -71.629372167, 41.362711906000101 ] ] ], [ [ [ -71.633880798, 41.362554729000102 ], [ -71.633526095, 41.363334476 ], [ -71.633211173999896, 41.363350919 ], [ -71.633880798, 41.362554729000102 ] ] ], [ [ [ -71.639513746, 41.364240387000109 ], [ -71.638277941999903, 41.361639557 ], [ -71.639918598999898, 41.361351875 ], [ -71.639513746, 41.364240387000109 ] ] ], [ [ [ -71.633478722, 41.363757361000097 ], [ -71.631289943999903, 41.364427515 ], [ -71.630536233, 41.3630636890001 ], [ -71.633478722, 41.363757361000097 ] ] ], [ [ [ -71.631904009999985, 41.365671494 ], [ -71.629277482, 41.364934637 ], [ -71.628592327, 41.363542385000102 ], [ -71.631904009999985, 41.365671494 ] ] ], [ [ [ -71.623415934, 41.364870128000099 ], [ -71.6235765, 41.364679902 ], [ -71.623500043, 41.364895744000101 ], [ -71.623415934, 41.364870128000099 ] ] ], [ [ [ -71.624160802999882, 41.364604235000094 ], [ -71.624026877999896, 41.365010880000106 ], [ -71.623388274999982, 41.365591814 ], [ -71.624160802999882, 41.364604235000094 ] ] ], [ [ [ -71.621082971999982, 41.3649867990001 ], [ -71.620957604999887, 41.364763028 ], [ -71.62113865, 41.364938506 ], [ -71.621082971999982, 41.3649867990001 ] ] ], [ [ [ -71.610708576, 41.366706954000101 ], [ -71.610863448, 41.366463943 ], [ -71.610898511999906, 41.36648152 ], [ -71.610708576, 41.366706954000101 ] ] ], [ [ [ -71.61196697, 41.366812085 ], [ -71.612105426, 41.36779641 ], [ -71.611900653, 41.36678626 ], [ -71.61196697, 41.366812085 ] ] ], [ [ [ -71.609756830999984, 41.366904689000101 ], [ -71.609559347999891, 41.367846136 ], [ -71.609087947, 41.368001165000109 ], [ -71.609756830999984, 41.366904689000101 ] ] ], [ [ [ -71.612435692, 41.36826626 ], [ -71.613090814, 41.368983225000093 ], [ -71.612410267, 41.369086924 ], [ -71.612435692, 41.36826626 ] ] ], [ [ [ -71.651801605999907, 41.370313143 ], [ -71.649725875999906, 41.368501135 ], [ -71.650145427, 41.368044665000099 ], [ -71.651801605999907, 41.370313143 ] ] ], [ [ [ -71.604652535999904, 41.369922747 ], [ -71.604554722, 41.370211118 ], [ -71.604352945999906, 41.370058 ], [ -71.604652535999904, 41.369922747 ] ] ], [ [ [ -71.605497258999904, 41.370475898000102 ], [ -71.605278989999988, 41.370301551000097 ], [ -71.605241156, 41.370241871000097 ], [ -71.605558591, 41.370403434 ], [ -71.605497258999904, 41.370475898000102 ] ] ], [ [ [ -71.650735707, 41.370624873000089 ], [ -71.650719694000017, 41.370487923 ], [ -71.650925834, 41.370629015000091 ], [ -71.650735707, 41.370624873000089 ] ] ], [ [ [ -71.651796556, 41.37114497200001 ], [ -71.651684748, 41.371201724000109 ], [ -71.651768598999979, 41.37112088 ], [ -71.651796556, 41.37114497200001 ] ] ], [ [ [ -71.646362241, 41.371296828 ], [ -71.646085469, 41.37121402200011 ], [ -71.646351340999985, 41.371242478000106 ], [ -71.646362241, 41.371296828 ] ] ], [ [ [ -71.620789972999901, 41.37103539200011 ], [ -71.620556356999899, 41.371763948000094 ], [ -71.620054854, 41.371449705 ], [ -71.620789972999901, 41.37103539200011 ] ] ], [ [ [ -71.582937958999906, 41.3715443070001 ], [ -71.582703855, 41.371527231000101 ], [ -71.58279750199992, 41.371370478000102 ], [ -71.582937958999906, 41.3715443070001 ] ] ], [ [ [ -71.64627071, 41.372926374 ], [ -71.646595008, 41.372888682000095 ], [ -71.646629495, 41.37291423 ], [ -71.64627071, 41.372926374 ] ] ], [ [ [ -71.616050377, 41.373993374000094 ], [ -71.618090420000016, 41.3734332820001 ], [ -71.618266194999904, 41.373757382000093 ], [ -71.616050377, 41.373993374000094 ] ] ], [ [ [ -71.583830583, 41.375125794 ], [ -71.584470599999989, 41.374847656 ], [ -71.584178510999905, 41.375505442000104 ], [ -71.583830583, 41.375125794 ] ] ], [ [ [ -71.645058102, 41.3758925160001 ], [ -71.645190362999983, 41.375865453000095 ], [ -71.645092354999989, 41.375962479000094 ], [ -71.645058102, 41.3758925160001 ] ] ], [ [ [ -71.581670711999905, 41.376315674000097 ], [ -71.581924853, 41.376486267000089 ], [ -71.581654632, 41.376446573000102 ], [ -71.581670711999905, 41.376315674000097 ] ] ], [ [ [ -71.613735212999984, 41.377271079 ], [ -71.613752078999909, 41.377087504 ], [ -71.61383982, 41.377117058000096 ], [ -71.613735212999984, 41.377271079 ] ] ], [ [ [ -71.612383727, 41.377109661000105 ], [ -71.612580206, 41.377812187000103 ], [ -71.612193583999982, 41.377035380000102 ], [ -71.612383727, 41.377109661000105 ] ] ], [ [ [ -71.572495698928805, 41.370735794305801 ], [ -71.572539925575285, 41.37072607874871 ], [ -71.572460800409289, 41.370745256543209 ], [ -71.572495698928805, 41.370735794305801 ] ] ], [ [ [ -71.572140544652882, 41.370779439806896 ], [ -71.572048813104587, 41.370769873261501 ], [ -71.572157949209199, 41.370780706405597 ], [ -71.572140544652882, 41.370779439806896 ] ] ], [ [ [ -71.571565121412306, 41.3707886785269 ], [ -71.571422219276386, 41.370775684714303 ], [ -71.5714876949787, 41.370779499411597 ], [ -71.571565121412306, 41.3707886785269 ] ] ], [ [ [ -71.570892363786697, 41.370880097150803 ], [ -71.570967078208895, 41.370863109826992 ], [ -71.570867896079989, 41.370884820818901 ], [ -71.570892363786697, 41.370880097150803 ] ] ], [ [ [ -71.569460570812183, 41.371017858385997 ], [ -71.569463282823605, 41.371017709374399 ], [ -71.569459766149492, 41.371017932891803 ], [ -71.569460570812183, 41.371017858385997 ] ] ], [ [ [ -71.568962395191193, 41.371081188321106 ], [ -71.569118142128005, 41.371068626642192 ], [ -71.5688239037991, 41.371086224913597 ], [ -71.568962395191193, 41.371081188321106 ] ] ], [ [ [ -71.565800100564999, 41.371571913361507 ], [ -71.565882444381685, 41.3715507388115 ], [ -71.565745860338183, 41.371587336063399 ], [ -71.565800100564999, 41.371571913361507 ] ] ], [ [ [ -71.540408806999906, 41.3743305630001 ], [ -71.540408538999898, 41.374330448000102 ], [ -71.540416684, 41.374332670000101 ], [ -71.540408806999906, 41.3743305630001 ] ] ], [ [ [ -71.541032787999896, 41.374439663 ], [ -71.541032539, 41.374439448 ], [ -71.541185851999984, 41.374442061 ], [ -71.541032787999896, 41.374439663 ] ] ], [ [ [ -71.541286538999898, 41.374450448000104 ], [ -71.54128629, 41.3744509160001 ], [ -71.541233221999988, 41.374444980000099 ], [ -71.541286538999898, 41.374450448000104 ] ] ], [ [ [ -71.541921369, 41.374892546000098 ], [ -71.541932152999905, 41.374852946 ], [ -71.541932539999891, 41.374853448000096 ], [ -71.541921369, 41.374892546000098 ] ] ], [ [ [ -71.541382538999983, 41.375573448000097 ], [ -71.541382341, 41.375573839 ], [ -71.541384653, 41.375566989 ], [ -71.541382538999983, 41.375573448000097 ] ] ], [ [ [ -71.539762539, 41.375852449 ], [ -71.539762563999886, 41.375852795000092 ], [ -71.539748593999889, 41.375971979 ], [ -71.539762539, 41.375852449 ] ] ], [ [ [ -71.54101854, 41.376161449000094 ], [ -71.541018324999982, 41.376161495000098 ], [ -71.541019674, 41.376127975 ], [ -71.54101854, 41.376161449000094 ] ] ], [ [ [ -71.540787539999897, 41.376415449 ], [ -71.540787329999901, 41.376415576000092 ], [ -71.540787539999897, 41.37639427 ], [ -71.540787539999897, 41.376415449 ] ] ], [ [ [ -71.540171809999904, 41.378740665000102 ], [ -71.540171539000013, 41.378740449000098 ], [ -71.540156962999987, 41.378716154000109 ], [ -71.540171809999904, 41.378740665000102 ] ] ], [ [ [ -71.540837284, 41.379386889 ], [ -71.540837538999895, 41.379386449 ], [ -71.540871981, 41.379354878000093 ], [ -71.540837284, 41.379386889 ] ] ], [ [ [ -71.540238539, 41.379815449 ], [ -71.540239032, 41.3798151660001 ], [ -71.540237576, 41.379872309000092 ], [ -71.540238539, 41.379815449 ] ] ], [ [ [ -71.535074480999981, 41.375752507000101 ], [ -71.535074537, 41.375752449000096 ], [ -71.535078735, 41.375749833 ], [ -71.535074480999981, 41.375752507000101 ] ] ], [ [ [ -71.536437438999897, 41.376018592 ], [ -71.536370501999983, 41.376161388000099 ], [ -71.536391876999986, 41.376105440000103 ], [ -71.536415164999895, 41.376050292000102 ], [ -71.536437438999897, 41.376018592 ] ] ], [ [ [ -71.536339058, 41.376291897 ], [ -71.536339537999893, 41.376291449000099 ], [ -71.5362936719999, 41.376342299 ], [ -71.536339058, 41.376291897 ] ] ], [ [ [ -71.539435539, 41.376741449000114 ], [ -71.539437128, 41.376716826000099 ], [ -71.53943587, 41.376747227000102 ], [ -71.539435539, 41.376741449000114 ] ] ], [ [ [ -71.535231537, 41.377291449 ], [ -71.53523186, 41.377290949 ], [ -71.535238396999887, 41.377306148000095 ], [ -71.535231537, 41.377291449 ] ] ], [ [ [ -71.535046915999899, 41.377292332 ], [ -71.535046536999985, 41.377292449 ], [ -71.534966819, 41.37729561200009 ], [ -71.535046915999899, 41.377292332 ] ] ], [ [ [ -71.535238944, 41.377364224000097 ], [ -71.535238536999884, 41.377364024 ], [ -71.535238536999884, 41.37732104 ], [ -71.535238944, 41.377364224000097 ] ] ], [ [ [ -71.535740536999981, 41.377446449 ], [ -71.535740270000019, 41.377441512000097 ], [ -71.535740623, 41.377446638 ], [ -71.535740536999981, 41.377446449 ] ] ], [ [ [ -71.535814666, 41.3777485210001 ], [ -71.535814538, 41.377748449000109 ], [ -71.53581214, 41.377719189000096 ], [ -71.535814666, 41.3777485210001 ] ] ], [ [ [ -71.535893536999907, 41.377854449 ], [ -71.535893944, 41.377854387000106 ], [ -71.535963371, 41.377868415000101 ], [ -71.535893536999907, 41.377854449 ] ] ], [ [ [ -71.535288749, 41.378111729000103 ], [ -71.535288643999891, 41.3781114700001 ], [ -71.535297806, 41.378113227 ], [ -71.535288749, 41.378111729000103 ] ] ], [ [ [ -71.537745435, 41.378634775000108 ], [ -71.537741335, 41.37863937 ], [ -71.537778725999885, 41.3785823360001 ], [ -71.537745435, 41.378634775000108 ] ] ], [ [ [ -71.537657589999981, 41.378737744 ], [ -71.537657538, 41.378737449 ], [ -71.537663613999896, 41.378730338 ], [ -71.537657589999981, 41.378737744 ] ] ], [ [ [ -71.539307264999906, 41.379104073000093 ], [ -71.539148653000012, 41.379104653000098 ], [ -71.53921348999998, 41.379101161000108 ], [ -71.539307264999906, 41.379104073000093 ] ] ], [ [ [ -71.538593465, 41.379699570000099 ], [ -71.538519821, 41.379819988000094 ], [ -71.538559036999985, 41.379754974 ], [ -71.538593465, 41.379699570000099 ] ] ], [ [ [ -71.538397842999984, 41.379962188 ], [ -71.538428175999982, 41.3799283990001 ], [ -71.538478539, 41.379876449000101 ], [ -71.538397842999984, 41.379962188 ] ] ], [ [ [ -71.534921829999988, 41.375894733000102 ], [ -71.534921536999903, 41.375894448000103 ], [ -71.53494162, 41.375867839000094 ], [ -71.534921829999988, 41.375894733000102 ] ] ], [ [ [ -71.533938662, 41.377887552000089 ], [ -71.533981051, 41.377850714 ], [ -71.533981403, 41.377850565000095 ], [ -71.533938662, 41.377887552000089 ] ] ], [ [ [ -71.533598551999901, 41.378398617000101 ], [ -71.533601537, 41.378395449 ], [ -71.533601509999983, 41.378395508 ], [ -71.533598551999901, 41.378398617000101 ] ] ], [ [ [ -71.532533061999985, 41.3785231580001 ], [ -71.532533536999907, 41.378523449000092 ], [ -71.532510908999896, 41.378513702000106 ], [ -71.532533061999985, 41.3785231580001 ] ] ], [ [ [ -71.531701937999983, 41.378780957000103 ], [ -71.531650213, 41.378773140000099 ], [ -71.531769772, 41.378789683 ], [ -71.531701937999983, 41.378780957000103 ] ] ], [ [ [ -71.532060561, 41.379133543000094 ], [ -71.531721272, 41.379389123000102 ], [ -71.531768767999907, 41.379150982000098 ], [ -71.532060561, 41.379133543000094 ] ] ], [ [ [ -71.528134534999893, 41.379914449000097 ], [ -71.52818533, 41.379917271000096 ], [ -71.52812258499992, 41.379916063000103 ], [ -71.528134534999893, 41.379914449000097 ] ] ], [ [ [ -71.528248464999905, 41.380053382 ], [ -71.528210695, 41.380017601000098 ], [ -71.528248735999981, 41.380052996000096 ], [ -71.528248464999905, 41.380053382 ] ] ], [ [ [ -71.528877166, 41.380530856000107 ], [ -71.528846099, 41.38054405600009 ], [ -71.528894694, 41.380534667000092 ], [ -71.528877166, 41.380530856000107 ] ] ], [ [ [ -71.528995144, 41.380559353000102 ], [ -71.528995147, 41.380559368 ], [ -71.528994852, 41.380559281 ], [ -71.528995144, 41.380559353000102 ] ] ], [ [ [ -71.528750843, 41.380727047000093 ], [ -71.528750489999894, 41.380727358000101 ], [ -71.528733048999982, 41.380692476 ], [ -71.528750843, 41.380727047000093 ] ] ], [ [ [ -71.528704481, 41.380808706 ], [ -71.528690702999882, 41.380816518000103 ], [ -71.528704535, 41.380808449 ], [ -71.528704481, 41.380808706 ] ] ], [ [ [ -71.528223507999883, 41.381657363 ], [ -71.528200178, 41.38158837 ], [ -71.528183038999899, 41.381530309 ], [ -71.528223507999883, 41.381657363 ] ] ], [ [ [ -71.528292177999987, 41.381779728 ], [ -71.528292534999906, 41.381779450000103 ], [ -71.528318004, 41.381811435 ], [ -71.528292177999987, 41.381779728 ] ] ], [ [ [ -71.528796438, 41.382062767 ], [ -71.528814395, 41.382062452000092 ], [ -71.528814317999888, 41.382062620000099 ], [ -71.528796438, 41.382062767 ] ] ], [ [ [ -71.528727889, 41.38266386 ], [ -71.528727536, 41.382663450000109 ], [ -71.528722468999902, 41.382655371000098 ], [ -71.528727889, 41.38266386 ] ] ], [ [ [ -71.527367518999881, 41.380152981 ], [ -71.527301353999988, 41.38014415900011 ], [ -71.527348247, 41.380150368 ], [ -71.527367518999881, 41.380152981 ] ] ], [ [ [ -71.523333609104185, 41.379884988069492 ], [ -71.525391221046405, 41.380811199545896 ], [ -71.524542838334995, 41.381069645285599 ], [ -71.523333609104185, 41.379884988069492 ] ] ], [ [ [ -71.527697307, 41.381403882 ], [ -71.527655342999907, 41.381409139 ], [ -71.527742664999892, 41.381408725 ], [ -71.527697307, 41.381403882 ] ] ], [ [ [ -71.527839026, 41.381500382000098 ], [ -71.527940535, 41.38161545 ], [ -71.527962225999886, 41.381612275000101 ], [ -71.527940574999903, 41.381615902000092 ], [ -71.527895268999899, 41.381569851000108 ], [ -71.527839026, 41.381500382000098 ] ] ], [ [ [ -71.528085534999889, 41.381694450000097 ], [ -71.528085958, 41.381694128 ], [ -71.528106781, 41.381727995000098 ], [ -71.528085534999889, 41.381694450000097 ] ] ], [ [ [ -71.526355162999906, 41.381901343 ], [ -71.526620823, 41.381903325000103 ], [ -71.526399171, 41.381902374 ], [ -71.526355162999906, 41.381901343 ] ] ], [ [ [ -71.526089564, 41.382146129 ], [ -71.526177837, 41.382057967 ], [ -71.526215341999901, 41.382041167000096 ], [ -71.526089564, 41.382146129 ] ] ], [ [ [ -71.528113535, 41.3827234500001 ], [ -71.528135071, 41.382779113 ], [ -71.528113579, 41.382723749 ], [ -71.528014, 41.382625741 ], [ -71.528113535, 41.3827234500001 ] ] ], [ [ [ -71.526596132, 41.383405641 ], [ -71.526586188, 41.383407910000102 ], [ -71.526586535, 41.383407450000099 ], [ -71.526596132, 41.383405641 ] ] ], [ [ [ -71.527131746999899, 41.384391606000094 ], [ -71.527114134, 41.384426525 ], [ -71.527150429999907, 41.384342298 ], [ -71.527131746999899, 41.384391606000094 ] ] ], [ [ [ -71.527786318, 41.385363237 ], [ -71.527798536, 41.3853504510001 ], [ -71.527798555999894, 41.385350678000101 ], [ -71.527786318, 41.385363237 ] ] ], [ [ [ -71.527224708999881, 41.3859484930001 ], [ -71.527212915999883, 41.385950438000094 ], [ -71.527224534999988, 41.385948451 ], [ -71.527224708999881, 41.3859484930001 ] ] ], [ [ [ -71.521908789873095, 41.38604117929939 ], [ -71.521953433752088, 41.3860515654087 ], [ -71.521881461143494, 41.386049568653107 ], [ -71.521908789873095, 41.38604117929939 ] ] ], [ [ [ -71.497817740999906, 41.359806345 ], [ -71.507472634, 41.354195213 ], [ -71.506605035999897, 41.354951517000103 ], [ -71.497817740999906, 41.359806345 ] ] ], [ [ [ -71.518207376, 41.384927206 ], [ -71.514268773, 41.375679225000098 ], [ -71.514764646999879, 41.3654202600001 ], [ -71.52270460299998, 41.376824685 ], [ -71.517642231, 41.3792597 ], [ -71.519398925, 41.3801388320001 ], [ -71.518963366746888, 41.385547146201091 ], [ -71.518207376, 41.384927206 ] ], [ [ -71.518249532, 41.384656451000097 ], [ -71.518281446607446, 41.384711654649287 ], [ -71.518235857543942, 41.384623840909043 ], [ -71.518249532, 41.384656451000097 ] ], [ [ -71.518210530281095, 41.384536445140803 ], [ -71.51820857481728, 41.384533905754154 ], [ -71.518210531110526, 41.38453644884374 ], [ -71.518210530281095, 41.384536445140803 ] ], [ [ -71.517632544040694, 41.381752446293795 ], [ -71.517632531999894, 41.3817524500001 ], [ -71.517416930411827, 41.382016562205202 ], [ -71.517632544040694, 41.381752446293795 ] ] ], [ [ [ -71.517785631, 41.383953649 ], [ -71.517758543999889, 41.383901491000096 ], [ -71.517737853, 41.383858092 ], [ -71.517785631, 41.383953649 ] ] ], [ [ [ -71.51832175, 41.385071546000098 ], [ -71.518281865999896, 41.385032329000097 ], [ -71.518244688, 41.384992844000095 ], [ -71.51832175, 41.385071546000098 ] ] ], [ [ [ -71.503760235999906, 41.396806402 ], [ -71.497070604, 41.389931743 ], [ -71.511758089999901, 41.384711806 ], [ -71.500813467999905, 41.393313145 ], [ -71.503760235999906, 41.396806402 ] ] ], [ [ [ -71.504196189, 41.393264174000109 ], [ -71.504398779, 41.393034891000099 ], [ -71.504476385, 41.393164517000102 ], [ -71.504196189, 41.393264174000109 ] ] ], [ [ [ -71.512639491999892, 41.396935467 ], [ -71.512855706999986, 41.396738117 ], [ -71.512946121, 41.397020373 ], [ -71.512639491999892, 41.396935467 ] ] ], [ [ [ -71.512881314, 41.397523026 ], [ -71.512697986, 41.397851671000097 ], [ -71.512957586, 41.3970933740001 ], [ -71.512881314, 41.397523026 ] ] ], [ [ [ -71.502582301, 41.400059563000106 ], [ -71.502372693999988, 41.400207859 ], [ -71.502491931, 41.399897139000103 ], [ -71.502582301, 41.400059563000106 ] ] ], [ [ [ -71.502581785, 41.40083779600009 ], [ -71.502565082999979, 41.400945882 ], [ -71.502510319, 41.400983733 ], [ -71.502581785, 41.40083779600009 ] ] ], [ [ [ -71.500208262999905, 41.4022518310001 ], [ -71.500291187, 41.402106375000102 ], [ -71.500385228999988, 41.402240647 ], [ -71.500208262999905, 41.4022518310001 ] ] ], [ [ [ -71.501233197, 41.401431098 ], [ -71.502451216999987, 41.401176029000105 ], [ -71.501925195999917, 41.403463876 ], [ -71.501233197, 41.401431098 ] ] ], [ [ [ -71.502168308, 41.404829712 ], [ -71.495814971999906, 41.403304135 ], [ -71.498008446, 41.3998013450001 ], [ -71.502168308, 41.404829712 ] ] ], [ [ [ -71.502761057, 41.403740841000101 ], [ -71.50275482, 41.403511223000102 ], [ -71.502872568, 41.403763457 ], [ -71.502761057, 41.403740841000101 ] ] ], [ [ [ -71.508923996, 41.404910622 ], [ -71.509071043999896, 41.404220932 ], [ -71.509959716, 41.404146987 ], [ -71.508923996, 41.404910622 ] ] ], [ [ [ -71.507060289, 41.406386506 ], [ -71.506462702, 41.407520041000105 ], [ -71.505789692999898, 41.406928536000102 ], [ -71.507060289, 41.406386506 ] ] ], [ [ [ -71.503552758999888, 41.407367394000097 ], [ -71.50396773499989, 41.406675255 ], [ -71.504515409, 41.407593388000102 ], [ -71.503552758999888, 41.407367394000097 ] ] ], [ [ [ -71.51080673, 41.413359495000094 ], [ -71.51094797, 41.413548184 ], [ -71.510726188999982, 41.413527713000107 ], [ -71.51080673, 41.413359495000094 ] ] ], [ [ [ -71.505323992999905, 41.419011727000097 ], [ -71.505357510999886, 41.418347023000102 ], [ -71.506463184999987, 41.418825642000101 ], [ -71.505323992999905, 41.419011727000097 ] ] ], [ [ [ -71.503339372, 41.42071854400011 ], [ -71.504050101, 41.420082361 ], [ -71.503933561999986, 41.42079697 ], [ -71.503339372, 41.42071854400011 ] ] ], [ [ [ -71.503085476, 41.421162257 ], [ -71.503130179999985, 41.421355144000096 ], [ -71.503041643, 41.421404295000102 ], [ -71.503085476, 41.421162257 ] ] ], [ [ [ -71.446859893, 41.581448271000092 ], [ -71.44434080699989, 41.579254612000099 ], [ -71.447741763, 41.577719572 ], [ -71.446859893, 41.581448271000092 ] ] ], [ [ [ -71.455727065, 41.581171119 ], [ -71.452800626999988, 41.581101118 ], [ -71.453740136, 41.579514117 ], [ -71.455727065, 41.581171119 ] ] ], [ [ [ -71.4492259, 41.588121054000091 ], [ -71.44914692499998, 41.588181646000102 ], [ -71.449154156, 41.58808953 ], [ -71.4492259, 41.588121054000091 ] ] ], [ [ [ -71.450902894999984, 41.687552253 ], [ -71.450949754999982, 41.687674417 ], [ -71.450896679, 41.687662320000101 ], [ -71.450902894999984, 41.687552253 ] ] ], [ [ [ -71.450528258, 41.689167140000094 ], [ -71.450227406, 41.689201222000108 ], [ -71.450265563000016, 41.689017027 ], [ -71.450528258, 41.689167140000094 ] ] ], [ [ [ -71.451946923, 41.690490108000091 ], [ -71.452018366999894, 41.690588316000095 ], [ -71.451803875999985, 41.690550194 ], [ -71.451946923, 41.690490108000091 ] ] ], [ [ [ -71.452123317, 41.690802232000095 ], [ -71.452273524, 41.690631416 ], [ -71.452148027, 41.690888505 ], [ -71.452123317, 41.690802232000095 ] ] ], [ [ [ -71.440794932, 41.438605304000106 ], [ -71.440600267, 41.438376044000101 ], [ -71.440711326000013, 41.438369172000101 ], [ -71.440794932, 41.438605304000106 ] ] ], [ [ [ -71.438968572, 41.439520302000098 ], [ -71.438856705, 41.439382358 ], [ -71.438951803999899, 41.439283724000092 ], [ -71.438968572, 41.439520302000098 ] ] ], [ [ [ -71.441140257, 41.439402897 ], [ -71.441181676, 41.439510247999984 ], [ -71.441105127, 41.439499575000099 ], [ -71.441140257, 41.439402897 ] ] ], [ [ [ -71.44217858899998, 41.439639627000105 ], [ -71.442223065, 41.43972925500001 ], [ -71.442107451999988, 41.439694023000101 ], [ -71.44217858899998, 41.439639627000105 ] ] ], [ [ [ -71.439156686999979, 41.43982940100009 ], [ -71.439271311, 41.4396199930001 ], [ -71.439190783999891, 41.43986576 ], [ -71.439156686999979, 41.43982940100009 ] ] ], [ [ [ -71.438577368, 41.440671609 ], [ -71.43854372, 41.440577595 ], [ -71.438591899, 41.440571903 ], [ -71.438577368, 41.440671609 ] ] ], [ [ [ -71.438336407999898, 41.440707478 ], [ -71.438468424, 41.44078421000011 ], [ -71.438414005999988, 41.44083127 ], [ -71.438336407999898, 41.440707478 ] ] ], [ [ [ -71.440817677, 41.440700845 ], [ -71.440653753999982, 41.441182041 ], [ -71.440430696, 41.44081813 ], [ -71.440817677, 41.440700845 ] ] ], [ [ [ -71.440324926999892, 41.441151019000095 ], [ -71.440231118, 41.440968741000091 ], [ -71.440366114999989, 41.440912436000104 ], [ -71.440324926999892, 41.441151019000095 ] ] ], [ [ [ -71.436328497, 41.441474526 ], [ -71.436471093, 41.441454525 ], [ -71.436393536999987, 41.441570914000103 ], [ -71.436328497, 41.441474526 ] ] ], [ [ [ -71.435168050999906, 41.442628297000091 ], [ -71.435299275999981, 41.441818766 ], [ -71.435630638, 41.442146247 ], [ -71.435168050999906, 41.442628297000091 ] ] ], [ [ [ -71.436511174, 41.442709709 ], [ -71.436767859999989, 41.442669485000096 ], [ -71.436551203, 41.442740927 ], [ -71.436511174, 41.442709709 ] ] ], [ [ [ -71.435482245999907, 41.442892831000094 ], [ -71.43596322, 41.442689509 ], [ -71.435901721999983, 41.442885838000109 ], [ -71.435482245999907, 41.442892831000094 ] ] ], [ [ [ -71.426722223999903, 41.453788427000106 ], [ -71.427222165, 41.453438876000092 ], [ -71.427154237, 41.453942663000106 ], [ -71.426722223999903, 41.453788427000106 ] ] ], [ [ [ -71.426781381999888, 41.454003787 ], [ -71.426828475, 41.454134817000103 ], [ -71.42672017599989, 41.454041186 ], [ -71.426781381999888, 41.454003787 ] ] ], [ [ [ -71.427111099999891, 41.4540518640001 ], [ -71.427286533, 41.454107366000102 ], [ -71.427152825999897, 41.454117093 ], [ -71.427111099999891, 41.4540518640001 ] ] ], [ [ [ -71.426136304, 41.456365976 ], [ -71.425872448999883, 41.456321209000102 ], [ -71.426142239999891, 41.456251514 ], [ -71.426136304, 41.456365976 ] ] ], [ [ [ -71.42637209, 41.45770938200009 ], [ -71.426035256, 41.457808354000093 ], [ -71.426243407999905, 41.457463400000094 ], [ -71.42637209, 41.45770938200009 ] ] ], [ [ [ -71.426151133, 41.458059451000103 ], [ -71.426424415, 41.458162702 ], [ -71.426315019, 41.458200665 ], [ -71.426151133, 41.458059451000103 ] ] ], [ [ [ -71.430099621, 41.464194588000105 ], [ -71.429977446999899, 41.464233187 ], [ -71.429984982, 41.464152666000111 ], [ -71.430099621, 41.464194588000105 ] ] ], [ [ [ -71.430696845999904, 41.466052529000102 ], [ -71.430708567, 41.46618118 ], [ -71.43063195, 41.4661786180001 ], [ -71.430696845999904, 41.466052529000102 ] ] ], [ [ [ -71.430616792, 41.467448380000093 ], [ -71.430691641, 41.467428803000097 ], [ -71.430687884999884, 41.467529269000096 ], [ -71.430616792, 41.467448380000093 ] ] ], [ [ [ -71.430896851999904, 41.550118345 ], [ -71.428182465, 41.547315317 ], [ -71.42582727, 41.546254173000094 ], [ -71.430670491999891, 41.547417333000098 ], [ -71.430896851999904, 41.550118345 ] ] ], [ [ [ -71.435204319999983, 41.548933111000096 ], [ -71.435132089, 41.548890212000103 ], [ -71.435209502, 41.54889533300009 ], [ -71.435204319999983, 41.548933111000096 ] ] ], [ [ [ -71.436760253, 41.572655514000097 ], [ -71.436943088, 41.572578543000098 ], [ -71.436892297, 41.572696249 ], [ -71.436760253, 41.572655514000097 ] ] ], [ [ [ -71.420956046999905, 41.4687309010001 ], [ -71.420546402000014, 41.469314675000092 ], [ -71.420937034, 41.468688578000098 ], [ -71.420956046999905, 41.4687309010001 ] ] ], [ [ [ -71.417668498999902, 41.555062859 ], [ -71.418289844, 41.553740745 ], [ -71.420135355, 41.553545819000099 ], [ -71.417668498999902, 41.555062859 ] ] ], [ [ [ -71.3983771649999, 41.4866269 ], [ -71.398327149999901, 41.486849541 ], [ -71.398207929, 41.486846806000102 ], [ -71.3983771649999, 41.4866269 ] ] ], [ [ [ -71.384516213, 41.4908955430001 ], [ -71.384101499999986, 41.491398655000104 ], [ -71.384174045, 41.490595167 ], [ -71.384516213, 41.4908955430001 ] ] ], [ [ [ -71.40405523999992, 41.50469664300001 ], [ -71.396105717999902, 41.50343436 ], [ -71.404596822, 41.496411075 ], [ -71.40405523999992, 41.50469664300001 ] ] ], [ [ [ -71.374867139999907, 41.507143051000106 ], [ -71.392356166999903, 41.523575443 ], [ -71.371587151, 41.573629878000091 ], [ -71.35980782, 41.553470738 ], [ -71.366979043999891, 41.4948472190001 ], [ -71.360181366999882, 41.482476772 ], [ -71.354690588999986, 41.480364391000094 ], [ -71.375638286, 41.473925866000094 ], [ -71.385629447999989, 41.48813469 ], [ -71.381960083, 41.467455902 ], [ -71.3996546179999, 41.448697274 ], [ -71.394503242999988, 41.467266763000097 ], [ -71.397469529, 41.486379647 ], [ -71.400207638999987, 41.491579449 ], [ -71.381399882999986, 41.48959614600011 ], [ -71.374867139999907, 41.507143051000106 ] ] ], [ [ [ -71.331308486999887, 41.451697901 ], [ -71.331630559, 41.451637881000096 ], [ -71.331614219, 41.4516794580001 ], [ -71.331308486999887, 41.451697901 ] ] ], [ [ [ -71.335176358, 41.451589294 ], [ -71.334733470999893, 41.451930819 ], [ -71.334782869, 41.451343402000091 ], [ -71.335176358, 41.451589294 ] ] ], [ [ [ -71.332687139, 41.451590755 ], [ -71.332675896, 41.451742665 ], [ -71.332614881, 41.451756665000097 ], [ -71.332687139, 41.451590755 ] ] ], [ [ [ -71.335762916999983, 41.451783775000102 ], [ -71.335643379, 41.45158365 ], [ -71.335839298999986, 41.451594221000093 ], [ -71.335762916999983, 41.451783775000102 ] ] ], [ [ [ -71.334524946, 41.452513937 ], [ -71.334501132999904, 41.452638042 ], [ -71.334451693999895, 41.45258248800009 ], [ -71.334524946, 41.452513937 ] ] ], [ [ [ -71.335012413999905, 41.454555043 ], [ -71.334935903, 41.454553127000104 ], [ -71.3349603999999, 41.454519154 ], [ -71.335012413999905, 41.454555043 ] ] ], [ [ [ -71.335503304, 41.454652052 ], [ -71.335453227, 41.454583416 ], [ -71.335505694999881, 41.4545722390001 ], [ -71.335503304, 41.454652052 ] ] ], [ [ [ -71.335594193, 41.454702588 ], [ -71.335738300999907, 41.454624990000099 ], [ -71.335697128999982, 41.4547495730001 ], [ -71.335594193, 41.454702588 ] ] ], [ [ [ -71.338294897, 41.454763477 ], [ -71.338198736999985, 41.454618963 ], [ -71.338216981, 41.454580635000092 ], [ -71.338294897, 41.454763477 ] ] ], [ [ [ -71.336821586999989, 41.455099257 ], [ -71.336897205, 41.455081594 ], [ -71.336851377999906, 41.455123954 ], [ -71.336821586999989, 41.455099257 ] ] ], [ [ [ -71.333768065999905, 41.455449396000091 ], [ -71.333663230999903, 41.455455350000101 ], [ -71.333689525, 41.455384743 ], [ -71.333768065999905, 41.455449396000091 ] ] ], [ [ [ -71.336570766, 41.455725909000101 ], [ -71.336741058, 41.455632635 ], [ -71.336585783, 41.455750379000108 ], [ -71.336570766, 41.455725909000101 ] ] ], [ [ [ -71.359685160999987, 41.462336869000097 ], [ -71.337331950000021, 41.481784023 ], [ -71.336782276, 41.469250931 ], [ -71.316222489, 41.477519744000091 ], [ -71.319828525999981, 41.510697996 ], [ -71.330807151, 41.517864626000105 ], [ -71.311976623999982, 41.521761410000103 ], [ -71.311917401999906, 41.536558033000105 ], [ -71.324495715999916, 41.533046358999989 ], [ -71.284957446, 41.576717778 ], [ -71.272005522, 41.623671440000102 ], [ -71.220163876, 41.655795428 ], [ -71.218134356, 41.630734650000093 ], [ -71.222941385, 41.637869104000103 ], [ -71.235370396, 41.634342791000094 ], [ -71.238973046999902, 41.630638635 ], [ -71.226964516999885, 41.623994453000094 ], [ -71.21814098, 41.629528761000103 ], [ -71.21810637599998, 41.625653862999989 ], [ -71.240214170999906, 41.619556236000101 ], [ -71.243503018999888, 41.593938322 ], [ -71.227952371999905, 41.5283689950001 ], [ -71.247867162, 41.490778422000091 ], [ -71.239879174, 41.476417043 ], [ -71.285916283999896, 41.489256313000091 ], [ -71.308032409999981, 41.451721153000094 ], [ -71.323409274, 41.459921790000102 ], [ -71.327145726, 41.458567493 ], [ -71.327196608999898, 41.456933178 ], [ -71.330729887, 41.454925356 ], [ -71.331357332, 41.452873499000091 ], [ -71.333708077, 41.452882181000099 ], [ -71.327156408, 41.463074774000098 ], [ -71.341303635, 41.45555209 ], [ -71.334817735999906, 41.449497761 ], [ -71.355511207999896, 41.448976088000094 ], [ -71.359685160999987, 41.462336869000097 ] ] ], [ [ [ -71.361542276, 41.47671576 ], [ -71.361458769, 41.477230785000096 ], [ -71.360998127, 41.477268056000092 ], [ -71.361542276, 41.47671576 ] ] ], [ [ [ -71.354821801999904, 41.479266474 ], [ -71.354782004999905, 41.478716399000099 ], [ -71.355082712999888, 41.478659443 ], [ -71.354821801999904, 41.479266474 ] ] ], [ [ [ -71.3542062719999, 41.481414565000101 ], [ -71.354227329, 41.48155833 ], [ -71.354117212999896, 41.48152843600009 ], [ -71.3542062719999, 41.481414565000101 ] ] ], [ [ [ -71.354343249999886, 41.481875364000103 ], [ -71.354176751, 41.481898663 ], [ -71.354320932999883, 41.481845696000107 ], [ -71.354343249999886, 41.481875364000103 ] ] ], [ [ [ -71.352856893, 41.482003122 ], [ -71.353474761, 41.482174316000091 ], [ -71.352857148999988, 41.482575765 ], [ -71.352856893, 41.482003122 ] ] ], [ [ [ -71.354936786999986, 41.482361988 ], [ -71.355041787999895, 41.482409095 ], [ -71.354930482, 41.482393495000096 ], [ -71.354936786999986, 41.482361988 ] ] ], [ [ [ -71.357231282, 41.482533045 ], [ -71.356906902999981, 41.482822222 ], [ -71.356804635999879, 41.482831151 ], [ -71.356900337999889, 41.482571695 ], [ -71.357231282, 41.482533045 ] ] ], [ [ [ -71.353130441000019, 41.482897393 ], [ -71.353107544999901, 41.483043526000095 ], [ -71.352991066999905, 41.482947506000095 ], [ -71.353130441000019, 41.482897393 ] ] ], [ [ [ -71.354019429999894, 41.482914419000096 ], [ -71.354101316, 41.483070314 ], [ -71.353996257999896, 41.483075624 ], [ -71.354019429999894, 41.482914419000096 ] ] ], [ [ [ -71.353329572, 41.483253367 ], [ -71.353121735999906, 41.483681641 ], [ -71.352992179, 41.483572545000101 ], [ -71.353329572, 41.483253367 ] ] ], [ [ [ -71.357686510999898, 41.483555602000109 ], [ -71.358308002999891, 41.483541664 ], [ -71.357801251999902, 41.483837434000108 ], [ -71.357686510999898, 41.483555602000109 ] ] ], [ [ [ -71.357931797999981, 41.485558222000094 ], [ -71.358121707, 41.485068763000108 ], [ -71.358247304, 41.485088106 ], [ -71.357931797999981, 41.485558222000094 ] ] ], [ [ [ -71.358425127, 41.485314647000102 ], [ -71.358462524999908, 41.485501655000107 ], [ -71.358305467, 41.485529318 ], [ -71.358425127, 41.485314647000102 ] ] ], [ [ [ -71.339156328999906, 41.496181818 ], [ -71.342922459, 41.495446333000103 ], [ -71.341200820999987, 41.498623010000102 ], [ -71.339156328999906, 41.496181818 ] ] ], [ [ [ -71.341446849, 41.499375291 ], [ -71.3409532269999, 41.50026601200009 ], [ -71.3414725, 41.499135901 ], [ -71.341446849, 41.499375291 ] ] ], [ [ [ -71.378756946, 41.505355906 ], [ -71.378556755, 41.505750110000093 ], [ -71.378567022, 41.505319022 ], [ -71.378756946, 41.505355906 ] ] ], [ [ [ -71.345939145, 41.539841954000103 ], [ -71.343387103999987, 41.535928615 ], [ -71.343190988999893, 41.529276473 ], [ -71.345585232, 41.529536381000099 ], [ -71.345939145, 41.539841954000103 ] ] ], [ [ [ -71.367008695, 41.60605524400011 ], [ -71.364946372, 41.602058147 ], [ -71.373134532999984, 41.597543575 ], [ -71.367008695, 41.60605524400011 ] ] ], [ [ [ -71.338186822999887, 41.632088915000089 ], [ -71.338366280999907, 41.632196402 ], [ -71.338135350999906, 41.632193287000099 ], [ -71.338186822999887, 41.632088915000089 ] ] ], [ [ [ -71.33745692399998, 41.632630005000095 ], [ -71.337499141999984, 41.632193396 ], [ -71.338434985999982, 41.632808073 ], [ -71.337896101, 41.632541915 ], [ -71.33745692399998, 41.632630005000095 ] ] ], [ [ [ -71.367031858, 41.660490452 ], [ -71.354627751999899, 41.655194584000107 ], [ -71.360474286999988, 41.649992166000096 ], [ -71.367031858, 41.660490452 ] ] ], [ [ [ -71.380398746, 41.749844252000102 ], [ -71.380496455999904, 41.749916894000101 ], [ -71.380313048999895, 41.750028418000092 ], [ -71.380398746, 41.749844252000102 ] ] ], [ [ [ -71.380216041, 41.750990575000095 ], [ -71.38049635, 41.7507154790001 ], [ -71.380361976, 41.751078475 ], [ -71.380216041, 41.750990575000095 ] ] ], [ [ [ -71.380655362, 41.751805533 ], [ -71.380205631, 41.751579989 ], [ -71.380411933999895, 41.751278036 ], [ -71.380655362, 41.751805533 ] ] ], [ [ [ -71.381010816, 41.755936493 ], [ -71.38059042, 41.752950606000098 ], [ -71.381136714, 41.755899827000107 ], [ -71.384379687, 41.758434133 ], [ -71.385202348, 41.759412857 ], [ -71.381010816, 41.755936493 ] ] ], [ [ [ -71.331148415, 41.452504502000103 ], [ -71.331338920999883, 41.452434868000097 ], [ -71.331360831999987, 41.452496352 ], [ -71.331148415, 41.452504502000103 ] ] ], [ [ [ -71.327207192999893, 41.453116739000102 ], [ -71.327055413999986, 41.45287562 ], [ -71.327111107, 41.452840186000095 ], [ -71.327207192999893, 41.453116739000102 ] ] ], [ [ [ -71.331047191, 41.453042306 ], [ -71.330951869, 41.453179432000084 ], [ -71.330889295, 41.453102611000091 ], [ -71.331047191, 41.453042306 ] ] ], [ [ [ -71.326177593999887, 41.45443342300009 ], [ -71.32630203, 41.452868401 ], [ -71.326753132999983, 41.451948398000098 ], [ -71.326177593999887, 41.45443342300009 ] ] ], [ [ [ -71.330429325999901, 41.453734065 ], [ -71.330115285, 41.453950708 ], [ -71.330046422, 41.4539073810001 ], [ -71.330429325999901, 41.453734065 ] ] ], [ [ [ -71.324154120999893, 41.454497723 ], [ -71.324275037, 41.45461546100011 ], [ -71.324014021999986, 41.454605914000098 ], [ -71.324154120999893, 41.454497723 ] ] ], [ [ [ -71.315745297, 41.454705991 ], [ -71.3155111519999, 41.454676091000096 ], [ -71.315759187, 41.454610211 ], [ -71.315745297, 41.454705991 ] ] ], [ [ [ -71.323652477999985, 41.454752529000096 ], [ -71.323767467, 41.45489198500011 ], [ -71.32361907, 41.454819419 ], [ -71.323652477999985, 41.454752529000096 ] ] ], [ [ [ -71.315351415999899, 41.4550572630001 ], [ -71.315260889999905, 41.454787776 ], [ -71.315318753999989, 41.454761454000092 ], [ -71.315351415999899, 41.4550572630001 ] ] ], [ [ [ -71.323954543999889, 41.454994295000098 ], [ -71.324061631, 41.454829473000103 ], [ -71.323972638, 41.455104282 ], [ -71.323954543999889, 41.454994295000098 ] ] ], [ [ [ -71.328882737, 41.455064898 ], [ -71.328785463, 41.455178487000097 ], [ -71.32875396, 41.455135535000103 ], [ -71.328882737, 41.455064898 ] ] ], [ [ [ -71.323678813, 41.455534706 ], [ -71.323856321999983, 41.455466047000101 ], [ -71.323795974, 41.455703507000109 ], [ -71.323678813, 41.455534706 ] ] ], [ [ [ -71.324624808, 41.456085149 ], [ -71.324481949, 41.45613330200009 ], [ -71.324565126999985, 41.456053383 ], [ -71.324624808, 41.456085149 ] ] ], [ [ [ -71.32032491, 41.456192865 ], [ -71.319966629000021, 41.456241315000099 ], [ -71.320064659, 41.455992436 ], [ -71.32032491, 41.456192865 ] ] ], [ [ [ -71.319578372, 41.456279518 ], [ -71.3195206, 41.456042492000101 ], [ -71.319579458999982, 41.456018777000097 ], [ -71.319578372, 41.456279518 ] ] ], [ [ [ -71.319541348, 41.457177684 ], [ -71.319649989999988, 41.457236265000091 ], [ -71.319562980999905, 41.457269930000102 ], [ -71.319541348, 41.457177684 ] ] ], [ [ [ -71.322048454999987, 41.457883702000103 ], [ -71.321844077, 41.457802769000097 ], [ -71.32205329, 41.457705186000091 ], [ -71.322048454999987, 41.457883702000103 ] ] ], [ [ [ -71.326866117999899, 41.458078154000098 ], [ -71.326779616, 41.458162095 ], [ -71.326802384999979, 41.45807128900001 ], [ -71.326866117999899, 41.458078154000098 ] ] ], [ [ [ -71.321397652, 41.458107736 ], [ -71.321318162, 41.458192781 ], [ -71.32134676, 41.458096656000102 ], [ -71.321397652, 41.458107736 ] ] ], [ [ [ -71.322261695, 41.458215352 ], [ -71.322313483999906, 41.458833497000093 ], [ -71.32202241, 41.458036 ], [ -71.322261695, 41.458215352 ] ] ], [ [ [ -71.325382466999898, 41.458456517000101 ], [ -71.325355973999905, 41.458597654000101 ], [ -71.325296855, 41.458559325000103 ], [ -71.325382466999898, 41.458456517000101 ] ] ], [ [ [ -71.321403925999988, 41.458812649 ], [ -71.321284748999986, 41.458448509000092 ], [ -71.321414865999884, 41.458293514 ], [ -71.321403925999988, 41.458812649 ] ] ], [ [ [ -71.322374059, 41.459150822 ], [ -71.322590511, 41.458964170000108 ], [ -71.322647667, 41.459131301000106 ], [ -71.322374059, 41.459150822 ] ] ], [ [ [ -71.325884319999901, 41.477634030999987 ], [ -71.325973825999881, 41.477142368 ], [ -71.326090749999906, 41.477518598000096 ], [ -71.325884319999901, 41.477634030999987 ] ] ], [ [ [ -71.326720743999886, 41.488781117 ], [ -71.325404716, 41.487549269000084 ], [ -71.326980761, 41.486473810000099 ], [ -71.326916722999982, 41.48289098700009 ], [ -71.327946281, 41.48277861600009 ], [ -71.326720743999886, 41.488781117 ] ] ], [ [ [ -71.326050247, 41.514172595 ], [ -71.327472250999989, 41.505184638000095 ], [ -71.325542169, 41.503270005 ], [ -71.3307519479999, 41.5074580940001 ], [ -71.326050247, 41.514172595 ] ] ], [ [ [ -71.298060651999918, 41.58312953100009 ], [ -71.3006566829999, 41.580721063000091 ], [ -71.301103573, 41.585336311 ], [ -71.298060651999918, 41.58312953100009 ] ] ], [ [ [ -71.347501907, 41.666045650000108 ], [ -71.332901298999985, 41.643024208 ], [ -71.343566973, 41.6398956130001 ], [ -71.320847871999902, 41.627129987 ], [ -71.318843269, 41.627247231000091 ], [ -71.3183142459999, 41.629842993000103 ], [ -71.322560984999882, 41.63072516000009 ], [ -71.316913763999906, 41.631145953 ], [ -71.304196934999894, 41.618827858 ], [ -71.325681787999898, 41.578713933000095 ], [ -71.337046627, 41.593105736 ], [ -71.325275823, 41.623735336 ], [ -71.336499339999989, 41.634410953 ], [ -71.348810521, 41.632137636 ], [ -71.352950517, 41.640587884000098 ], [ -71.347501907, 41.666045650000108 ] ] ], [ [ [ -71.321131064, 41.628674528 ], [ -71.321214310999906, 41.6281440180001 ], [ -71.321161693, 41.627793919000098 ], [ -71.321435564, 41.62805883 ], [ -71.321131064, 41.628674528 ] ] ], [ [ [ -71.318753406, 41.628795122 ], [ -71.31931742899998, 41.629352492000088 ], [ -71.318912782, 41.629768239 ], [ -71.318753406, 41.628795122 ] ] ], [ [ [ -71.319683435999906, 41.629740818000109 ], [ -71.320074396999985, 41.629586536 ], [ -71.32026008, 41.629579623 ], [ -71.319683435999906, 41.629740818000109 ] ] ], [ [ [ -71.28042138, 41.647937657000107 ], [ -71.275225146999986, 41.63835433 ], [ -71.272392404999906, 41.63714276000011 ], [ -71.285526634, 41.637173253000093 ], [ -71.28042138, 41.647937657000107 ] ] ], [ [ [ -71.287886915999906, 41.644026742000101 ], [ -71.287933778, 41.645262987000102 ], [ -71.287741001, 41.645447164000103 ], [ -71.287886915999906, 41.644026742000101 ] ] ], [ [ [ -71.283651939, 41.646244794 ], [ -71.283936233999981, 41.64580347 ], [ -71.283921409999905, 41.646288912999985 ], [ -71.283651939, 41.646244794 ] ] ], [ [ [ -71.285272329, 41.647017318000096 ], [ -71.286888102, 41.645816184000097 ], [ -71.286220925999899, 41.647553361000099 ], [ -71.285272329, 41.647017318000096 ] ] ], [ [ [ -71.26138706099988, 41.642359936 ], [ -71.286683823, 41.68232538800001 ], [ -71.301500523, 41.650204815000109 ], [ -71.306638697, 41.67270941000001 ], [ -71.302868839, 41.681915176000096 ], [ -71.296945128999894, 41.673780654 ], [ -71.293207565, 41.676021352000099 ], [ -71.299005432999905, 41.681923075 ], [ -71.28427776, 41.71856963 ], [ -71.288954706, 41.737871969 ], [ -71.286593659999895, 41.739727636000097 ], [ -71.279799364999988, 41.733401094 ], [ -71.276578021, 41.73204201300009 ], [ -71.273867471999907, 41.733748983000098 ], [ -71.283526365999904, 41.761632485000092 ], [ -71.260982271, 41.752126308000101 ], [ -71.225250874999986, 41.709626442000108 ], [ -71.232355091, 41.701921447000096 ], [ -71.24054045699998, 41.698413452000111 ], [ -71.243713698, 41.698877475000103 ], [ -71.236720954, 41.704119673 ], [ -71.262877255, 41.737884439 ], [ -71.235766567999988, 41.672111174000115 ], [ -71.26138706099988, 41.642359936 ] ], [ [ -71.27943447, 41.679441515000093 ], [ -71.27901647, 41.677061515 ], [ -71.279351469999895, 41.679063516 ], [ -71.27943447, 41.679441515000093 ] ] ], [ [ [ -71.28844193899991, 41.733284782000091 ], [ -71.289252455999986, 41.734128377 ], [ -71.288971536, 41.734316234000097 ], [ -71.28844193899991, 41.733284782000091 ] ] ], [ [ [ -71.222560828, 41.628358765 ], [ -71.222882118, 41.629044387000107 ], [ -71.222184676, 41.6289516840001 ], [ -71.222560828, 41.628358765 ] ] ], [ [ [ -71.234833879999897, 41.631523814 ], [ -71.234567620999897, 41.631425776000093 ], [ -71.234568626999987, 41.629545774000093 ], [ -71.235382533999882, 41.629325154000092 ], [ -71.234717669, 41.630471026000109 ], [ -71.234833879999897, 41.631523814 ] ] ], [ [ [ -71.235232799999906, 41.630705619 ], [ -71.235237922999886, 41.630593365 ], [ -71.235364532999881, 41.630671070000098 ], [ -71.235232799999906, 41.630705619 ] ] ], [ [ [ -71.236183616999881, 41.630843352000092 ], [ -71.236599793, 41.631112336000101 ], [ -71.235730959999984, 41.630782578 ], [ -71.236183616999881, 41.630843352000092 ] ] ], [ [ [ -71.236975438999906, 41.631604111000094 ], [ -71.236940729, 41.631691919 ], [ -71.236935789, 41.631594873 ], [ -71.236975438999906, 41.631604111000094 ] ] ], [ [ [ -71.232610184999899, 41.631736403 ], [ -71.231675268999894, 41.63248219200009 ], [ -71.231517974, 41.633614180000109 ], [ -71.231592528999983, 41.632293280000091 ], [ -71.232610184999899, 41.631736403 ] ] ], [ [ [ -71.224225260999987, 41.633590399000099 ], [ -71.221702071, 41.631948446000095 ], [ -71.225707996, 41.633176328 ], [ -71.224225260999987, 41.633590399000099 ] ] ], [ [ [ -71.260013269999902, 41.63631688 ], [ -71.259920947999902, 41.636189213000108 ], [ -71.260025145, 41.636197206000098 ], [ -71.260013269999902, 41.63631688 ] ] ], [ [ [ -71.21959640999998, 41.687846156 ], [ -71.2216972639999, 41.689319258000097 ], [ -71.2215993679999, 41.6895646360001 ], [ -71.21959640999998, 41.687846156 ] ] ], [ [ [ -71.195003065, 41.452520854000099 ], [ -71.195312294, 41.453011323000098 ], [ -71.194847696999901, 41.452773935 ], [ -71.195003065, 41.452520854000099 ] ] ], [ [ [ -71.198332903999983, 41.452914578 ], [ -71.198189161000016, 41.452889896 ], [ -71.198160544, 41.452860509000097 ], [ -71.198332903999983, 41.452914578 ] ] ], [ [ [ -71.199314431999895, 41.453222474 ], [ -71.199398769, 41.453302233 ], [ -71.199313754999906, 41.453222261000093 ], [ -71.199314431999895, 41.453222474 ] ] ], [ [ [ -71.199738864, 41.453356478 ], [ -71.19960745, 41.45338293800009 ], [ -71.199606745, 41.453314963 ], [ -71.199738864, 41.453356478 ] ] ], [ [ [ -71.19899214, 41.453403559 ], [ -71.198691494999906, 41.45377775 ], [ -71.19876133, 41.453270148000101 ], [ -71.19899214, 41.453403559 ] ] ], [ [ [ -71.199320782, 41.453581525000089 ], [ -71.199415723999905, 41.453810794 ], [ -71.199177591, 41.453649944000091 ], [ -71.199320782, 41.453581525000089 ] ] ], [ [ [ -71.192570638999882, 41.45385857100009 ], [ -71.192761122, 41.45402562000001 ], [ -71.192394643999904, 41.453945144 ], [ -71.192570638999882, 41.45385857100009 ] ] ], [ [ [ -71.193378768999906, 41.4539235290001 ], [ -71.192941827, 41.453926435 ], [ -71.193124581999896, 41.45379210300009 ], [ -71.193378768999906, 41.4539235290001 ] ] ], [ [ [ -71.192096222, 41.454065763000095 ], [ -71.19216212100001, 41.453957810000091 ], [ -71.19221249, 41.453964966000093 ], [ -71.192096222, 41.454065763000095 ] ] ], [ [ [ -71.197836654999918, 41.45425283 ], [ -71.1976356119999, 41.453960754 ], [ -71.197848478, 41.453958569000093 ], [ -71.197836654999918, 41.45425283 ] ] ], [ [ [ -71.198059911, 41.454049071999989 ], [ -71.198211508999989, 41.454161213000098 ], [ -71.198027386, 41.4541993120001 ], [ -71.198059911, 41.454049071999989 ] ] ], [ [ [ -71.192268014, 41.454238366 ], [ -71.192284749999899, 41.454074044 ], [ -71.192334317, 41.454231522999983 ], [ -71.192268014, 41.454238366 ] ] ], [ [ [ -71.194036495, 41.454180442000101 ], [ -71.194178989, 41.454242662000098 ], [ -71.194023277999989, 41.454386147 ], [ -71.194036495, 41.454180442000101 ] ] ], [ [ [ -71.195362114, 41.454363491 ], [ -71.19512809, 41.455196464 ], [ -71.195261108, 41.454224813000096 ], [ -71.195362114, 41.454363491 ] ] ], [ [ [ -71.190924451999905, 41.455320843 ], [ -71.190958122000012, 41.455131295000093 ], [ -71.190995346, 41.45515389900001 ], [ -71.190924451999905, 41.455320843 ] ] ], [ [ [ -71.199585646999893, 41.455248968 ], [ -71.199674812999916, 41.455340520999989 ], [ -71.199550573, 41.455352798 ], [ -71.199585646999893, 41.455248968 ] ] ], [ [ [ -71.192472209999906, 41.456400069 ], [ -71.192245656999887, 41.456164107000099 ], [ -71.192417578999894, 41.456136528000101 ], [ -71.192472209999906, 41.456400069 ] ] ], [ [ [ -71.191417777, 41.456476262000102 ], [ -71.19147422799989, 41.456746121 ], [ -71.191258854999887, 41.456518649 ], [ -71.191417777, 41.456476262000102 ] ] ], [ [ [ -71.192096803999988, 41.456771162000102 ], [ -71.191947620999883, 41.456914044 ], [ -71.191855903, 41.456772552000103 ], [ -71.192096803999988, 41.456771162000102 ] ] ], [ [ [ -71.188436179999897, 41.4579850390001 ], [ -71.188494576, 41.458240131 ], [ -71.188193318999893, 41.45800748 ], [ -71.188436179999897, 41.4579850390001 ] ] ], [ [ [ -71.187708374, 41.458251835000091 ], [ -71.187993805, 41.458126253 ], [ -71.188287545999984, 41.4583666360001 ], [ -71.187708374, 41.458251835000091 ] ] ], [ [ [ -71.190550652999903, 41.458365748000091 ], [ -71.190291873, 41.458219598 ], [ -71.19060868, 41.458342073 ], [ -71.190550652999903, 41.458365748000091 ] ] ], [ [ [ -71.171055313999901, 41.458256148 ], [ -71.17099552400002, 41.458428714999989 ], [ -71.170774756, 41.458337426000099 ], [ -71.171055313999901, 41.458256148 ] ] ], [ [ [ -71.185382694999987, 41.458600785 ], [ -71.185204015999901, 41.458326336 ], [ -71.185525728999906, 41.458570325 ], [ -71.185382694999987, 41.458600785 ] ] ], [ [ [ -71.187901852, 41.458732815000104 ], [ -71.18782260099988, 41.458541498 ], [ -71.18795627999998, 41.458686583 ], [ -71.187901852, 41.458732815000104 ] ] ], [ [ [ -71.185018304999986, 41.458996516000099 ], [ -71.185200374, 41.458997792 ], [ -71.185139295999988, 41.459067127 ], [ -71.185018304999986, 41.458996516000099 ] ] ], [ [ [ -71.185831355999895, 41.459199859000094 ], [ -71.185360186, 41.459138011000093 ], [ -71.185441937, 41.459043461000093 ], [ -71.185831355999895, 41.459199859000094 ] ] ], [ [ [ -71.177364441, 41.459319751000102 ], [ -71.176976993, 41.459321339 ], [ -71.177121819, 41.459132862 ], [ -71.177364441, 41.459319751000102 ] ] ], [ [ [ -71.180659846, 41.459559682000105 ], [ -71.180734652, 41.459363985 ], [ -71.180722343999904, 41.459567609 ], [ -71.180659846, 41.459559682000105 ] ] ], [ [ [ -71.17541538099988, 41.459588960000097 ], [ -71.175367407, 41.459649888000094 ], [ -71.175359348, 41.459589488000098 ], [ -71.17541538099988, 41.459588960000097 ] ] ], [ [ [ -71.170806511, 41.459662839 ], [ -71.170960678, 41.459645075 ], [ -71.170972457999895, 41.459708299000098 ], [ -71.170806511, 41.459662839 ] ] ], [ [ [ -71.177395088999987, 41.459687199 ], [ -71.177089827, 41.459851968000102 ], [ -71.176991493999893, 41.459566524 ], [ -71.177395088999987, 41.459687199 ] ] ], [ [ [ -71.175922527999901, 41.459726787000101 ], [ -71.176441686, 41.459711576000103 ], [ -71.176416425999903, 41.459894123 ], [ -71.175922527999901, 41.459726787000101 ] ] ], [ [ [ -71.170477615, 41.46019907 ], [ -71.170094177, 41.460152208000096 ], [ -71.17009932, 41.460067260000102 ], [ -71.170477615, 41.46019907 ] ] ], [ [ [ -71.178245241999903, 41.460777053000093 ], [ -71.178021901, 41.460470815000093 ], [ -71.178100700999906, 41.46040366000009 ], [ -71.178245241999903, 41.460777053000093 ] ] ], [ [ [ -71.174353318, 41.460854014000098 ], [ -71.174400933999891, 41.460518484 ], [ -71.174571541999981, 41.460897558000099 ], [ -71.174353318, 41.460854014000098 ] ] ], [ [ [ -71.196942393, 41.460843060000101 ], [ -71.196621123999904, 41.460857582000102 ], [ -71.196641944999982, 41.460623722 ], [ -71.196942393, 41.460843060000101 ] ] ], [ [ [ -71.174930452999902, 41.460828476000103 ], [ -71.174714816999881, 41.460985076 ], [ -71.174719479, 41.460818686 ], [ -71.174930452999902, 41.460828476000103 ] ] ], [ [ [ -71.196437636, 41.462026400000099 ], [ -71.19671629, 41.46212206900001 ], [ -71.196295783, 41.462181199 ], [ -71.196437636, 41.462026400000099 ] ] ], [ [ [ -71.196549526999902, 41.462409518000101 ], [ -71.196404475, 41.462291811000092 ], [ -71.196633888999884, 41.462345864 ], [ -71.196549526999902, 41.462409518000101 ] ] ], [ [ [ -71.169467241, 41.4665014730001 ], [ -71.169419355999892, 41.466716269000102 ], [ -71.169191415999904, 41.466565220000099 ], [ -71.169467241, 41.4665014730001 ] ] ], [ [ [ -71.168649881, 41.467709703 ], [ -71.168604689999896, 41.467776993 ], [ -71.168578918, 41.467715101000103 ], [ -71.168649881, 41.467709703 ] ] ], [ [ [ -71.16869316399989, 41.467820107000094 ], [ -71.16867991700002, 41.468015333 ], [ -71.168548778999892, 41.467919358000103 ], [ -71.16869316399989, 41.467820107000094 ] ] ], [ [ [ -71.193432205, 41.468540151000091 ], [ -71.193529968, 41.468596604 ], [ -71.193456966999989, 41.468627970000099 ], [ -71.193432205, 41.468540151000091 ] ] ], [ [ [ -71.193180211, 41.468692480000108 ], [ -71.193064622, 41.468831176 ], [ -71.193100956, 41.468676786000103 ], [ -71.193180211, 41.468692480000108 ] ] ], [ [ [ -71.161071088, 41.470033769000104 ], [ -71.161250815, 41.470122874 ], [ -71.161107678999898, 41.47016592900011 ], [ -71.161071088, 41.470033769000104 ] ] ], [ [ [ -71.162041517, 41.46999900300009 ], [ -71.161928865999982, 41.470261358000101 ], [ -71.161569826999894, 41.470020647000105 ], [ -71.162041517, 41.46999900300009 ] ] ], [ [ [ -71.192883603999988, 41.4702184940001 ], [ -71.192891970999895, 41.470049964000097 ], [ -71.192963848, 41.470231378000101 ], [ -71.192883603999988, 41.4702184940001 ] ] ], [ [ [ -71.163739758, 41.470053013 ], [ -71.164243282, 41.470178966 ], [ -71.164378482, 41.470383087000094 ], [ -71.163774778999894, 41.470460500000087 ], [ -71.163739758, 41.470053013 ] ] ], [ [ [ -71.161292327, 41.470857628 ], [ -71.160903418, 41.470286058000092 ], [ -71.161530718999984, 41.470483375000093 ], [ -71.161292327, 41.470857628 ] ] ], [ [ [ -71.142864507, 41.473397343 ], [ -71.143118962, 41.473397538 ], [ -71.142936851999892, 41.473479785000109 ], [ -71.142864507, 41.473397343 ] ] ], [ [ [ -71.15480523, 41.474207191000097 ], [ -71.155710354, 41.473734162 ], [ -71.155757532999985, 41.474202567000098 ], [ -71.15480523, 41.474207191000097 ] ] ], [ [ [ -71.120525723, 41.497339337 ], [ -71.168534101, 41.470836871000103 ], [ -71.170264728999896, 41.467811106000092 ], [ -71.16882019099998, 41.461224836 ], [ -71.185027556999984, 41.460734828000106 ], [ -71.19233295, 41.458367647 ], [ -71.194779890999882, 41.456097835 ], [ -71.189819137, 41.483620477 ], [ -71.206272194999897, 41.499835962000112 ], [ -71.208562704, 41.529185081 ], [ -71.189157607999988, 41.568783192000105 ], [ -71.198242259, 41.567879752000103 ], [ -71.197118993999894, 41.553165822 ], [ -71.21023333399998, 41.548192196000102 ], [ -71.206843351, 41.543648531 ], [ -71.221029278999893, 41.56102216500009 ], [ -71.210632185, 41.555616875000098 ], [ -71.208943346, 41.581864588 ], [ -71.201513048999985, 41.57688367700009 ], [ -71.198926883000013, 41.578153037000092 ], [ -71.199620328, 41.577326741 ], [ -71.200190619999901, 41.575446539 ], [ -71.200028872, 41.575254767 ], [ -71.199201500999905, 41.574972887000108 ], [ -71.198354002, 41.574973411 ], [ -71.197930787, 41.575143159 ], [ -71.200019293999986, 41.575356672000098 ], [ -71.198647422, 41.577756385 ], [ -71.199338484, 41.57903313 ], [ -71.204013511, 41.579954694 ], [ -71.200837984, 41.583408523000102 ], [ -71.214884771999905, 41.5854095810001 ], [ -71.200873257999902, 41.593630655 ], [ -71.212319976999893, 41.618384994000102 ], [ -71.197832193999886, 41.6018973400001 ], [ -71.195404876999987, 41.609615136000102 ], [ -71.216106177, 41.6255555870001 ], [ -71.195558952999988, 41.675159443 ], [ -71.132619516999981, 41.660356897 ], [ -71.141982955999879, 41.612501825 ], [ -71.120525723, 41.497339337 ] ] ], [ [ [ -71.205608336999902, 41.543825956 ], [ -71.205419435999886, 41.543580605 ], [ -71.205471281, 41.543539687000091 ], [ -71.205608336999902, 41.543825956 ] ] ], [ [ [ -71.204934803999905, 41.543408343000102 ], [ -71.204669919, 41.545385737000103 ], [ -71.205639597, 41.545182693000093 ], [ -71.204934803999905, 41.543408343000102 ] ] ], [ [ [ -71.207828343, 41.546467083000017 ], [ -71.207585687999895, 41.546486957000091 ], [ -71.20768141699989, 41.546334294000097 ], [ -71.207828343, 41.546467083000017 ] ] ], [ [ [ -71.203712168, 41.546009081000101 ], [ -71.203051782, 41.546874233 ], [ -71.202810317999905, 41.546885662000093 ], [ -71.203712168, 41.546009081000101 ] ] ], [ [ [ -71.202058294, 41.54645417600009 ], [ -71.202735577999988, 41.546255087000098 ], [ -71.202464758, 41.546999734000096 ], [ -71.202058294, 41.54645417600009 ] ] ], [ [ [ -71.20724569, 41.546578074000109 ], [ -71.207003417999886, 41.547038786 ], [ -71.206748502, 41.547002437000096 ], [ -71.20724569, 41.546578074000109 ] ] ], [ [ [ -71.206080275, 41.546513491 ], [ -71.206226039999905, 41.546713836 ], [ -71.205759140999987, 41.54669382100009 ], [ -71.206080275, 41.546513491 ] ] ], [ [ [ -71.205828065999981, 41.546961802000091 ], [ -71.20606293199998, 41.547150003000098 ], [ -71.205599892999899, 41.547143878 ], [ -71.205828065999981, 41.546961802000091 ] ] ], [ [ [ -71.200499726, 41.5777195800001 ], [ -71.200740534, 41.579069309 ], [ -71.199892083, 41.578882288 ], [ -71.200499726, 41.5777195800001 ] ] ], [ [ [ -71.204266664, 41.580545724 ], [ -71.205569774999987, 41.581430280000099 ], [ -71.204933648, 41.58201059 ], [ -71.204266664, 41.580545724 ] ] ], [ [ [ -71.219823783, 41.616001706000098 ], [ -71.219016054, 41.614207247 ], [ -71.220694658999889, 41.615185441000101 ], [ -71.219823783, 41.616001706000098 ] ] ], [ [ [ -71.217509521999901, 41.686068774 ], [ -71.218719378999879, 41.685146270000097 ], [ -71.218789399999906, 41.686679273 ], [ -71.217509521999901, 41.686068774 ] ] ] ] } },
{ "type": "Feature", "properties": { "district_id": 1, "voting_age_pop": 408165, "lib_votes": 0, "grn_votes": 0, "con_votes": 0, "ref_votes": 0, "total_pop": 523280, "dem_votes_sum": 119317, "rep_votes_sum": 71366, "lib_votes_sum": 0, "grn_votes_sum": 0, "con_votes_sum": 0, "ref_votes_sum": 0, "minority_pop_sum": 268361, "dem_pct": 0.62573485837751663, "rep_pct": 0.37426514162248337, "lib_pct": 0.0, "grn_pct": 0.0, "con_pct": 0.0, "ref_pct": 0.0, "minority_pct": 0.51284398410029053, "compactness": 0.15277626905287697 }, "geometry": { "type": "MultiPolygon", "coordinates": [ [ [ [ -71.466546536999886, 41.802104533 ], [ -71.496758546999985, 41.791039531000095 ], [ -71.490982545999884, 41.805821534000103 ], [ -71.565346571, 41.814968534000094 ], [ -71.573471575, 41.835396537000094 ], [ -71.626561590999984, 41.830597534 ], [ -71.627039591, 41.817960532 ], [ -71.682663607999984, 41.808957529000089 ], [ -71.691032613999894, 41.856561538000093 ], [ -71.794680647999897, 41.854417534 ], [ -71.799242127999904, 42.008030116 ], [ -71.381401521, 42.018806578000103 ], [ -71.381700515, 41.893207554000099 ], [ -71.338847443, 41.898377871 ], [ -71.335398372, 41.835546712000102 ], [ -71.34747219, 41.823223141 ], [ -71.321408915999896, 41.7522311070001 ], [ -71.288134404999894, 41.728341416 ], [ -71.300847668, 41.707031842 ], [ -71.309065913999987, 41.722191220000099 ], [ -71.339046738999983, 41.725052488000102 ], [ -71.353483718999897, 41.758671167 ], [ -71.359713406999987, 41.745334606 ], [ -71.3700323959999, 41.764909893 ], [ -71.365312877999898, 41.776406570000098 ], [ -71.37035183499998, 41.790989741 ], [ -71.380091678, 41.795792659 ], [ -71.375491006999894, 41.797484697000094 ], [ -71.374736336, 41.805580312000089 ], [ -71.379759446, 41.798103659 ], [ -71.394892577, 41.810936233000106 ], [ -71.361884572, 41.835036185 ], [ -71.383531239, 41.876414949 ], [ -71.37775213499998, 41.832768813 ], [ -71.388411119999901, 41.82236113400009 ], [ -71.3884758519999, 41.816787685000094 ], [ -71.408109892, 41.824001800000097 ], [ -71.380869840999907, 41.785044053 ], [ -71.408127518, 41.792946534000102 ], [ -71.419556521999894, 41.786118532 ], [ -71.425560523999906, 41.804146536000097 ], [ -71.440600528999894, 41.804244535000102 ], [ -71.454548534999986, 41.821652538000102 ], [ -71.466546536999886, 41.802104533 ] ], [ [ -71.457809544000014, 41.976147568 ], [ -71.457718543999988, 41.976208568000096 ], [ -71.457886544, 41.976216567000094 ], [ -71.457809544000014, 41.976147568 ] ], [ [ -71.404907517, 41.796574535 ], [ -71.404907744999903, 41.796574544000109 ], [ -71.40485451699989, 41.796410534000103 ], [ -71.404907517, 41.796574535 ] ], [ [ -71.404960517, 41.796781534 ], [ -71.405151517, 41.797474535 ], [ -71.405212516999896, 41.797680535 ], [ -71.404960517, 41.796781534 ] ], [ [ -71.447212536999984, 41.902600554000095 ], [ -71.447158537, 41.902539554 ], [ -71.447403536999985, 41.903061553 ], [ -71.447212536999984, 41.902600554000095 ] ], [ [ -71.439606529999907, 41.815995537 ], [ -71.43955253, 41.815976537 ], [ -71.439537528999907, 41.816162537 ], [ -71.439606529999907, 41.815995537 ] ], [ [ -71.473564542999981, 41.854650544 ], [ -71.473638542999893, 41.854657543 ], [ -71.473582543, 41.854617544000099 ], [ -71.473564542999981, 41.854650544 ] ], [ [ -71.513114884999894, 41.878397911 ], [ -71.513104289, 41.878394234 ], [ -71.512262176, 41.878104469000093 ], [ -71.513114884999894, 41.878397911 ] ], [ [ -71.699070093, 41.97328871900001 ], [ -71.698973845, 41.9730825930001 ], [ -71.698849623999905, 41.97328056 ], [ -71.699070093, 41.97328871900001 ] ], [ [ -71.673119613, 41.943802555 ], [ -71.673561612999904, 41.94372655500009 ], [ -71.673553613999985, 41.943474555000094 ], [ -71.673119613, 41.943802555 ] ], [ [ -71.596222513, 41.966774918000091 ], [ -71.596710588999898, 41.967016562 ], [ -71.595627588999903, 41.966492562 ], [ -71.596222513, 41.966774918000091 ] ], [ [ -71.552872574999981, 41.955029560000099 ], [ -71.552802469, 41.954979602 ], [ -71.55293598199998, 41.955065711 ], [ -71.552872574999981, 41.955029560000099 ] ], [ [ -71.487243553999988, 41.97921956800009 ], [ -71.487364554, 41.979093567000099 ], [ -71.487205553999985, 41.978806567 ], [ -71.487243553999988, 41.97921956800009 ] ], [ [ -71.413812522999905, 41.837489542000093 ], [ -71.412285521999905, 41.836079542000093 ], [ -71.411888522, 41.836369542000099 ], [ -71.413812522999905, 41.837489542000093 ] ], [ [ -71.415291522, 41.816979539 ], [ -71.408623519999907, 41.813866538000092 ], [ -71.406982518999897, 41.812499537000107 ], [ -71.40823452, 41.813927538 ], [ -71.415291522, 41.816979539 ] ], [ [ -71.418274523999983, 41.827591540000086 ], [ -71.412384521999982, 41.826874540000098 ], [ -71.410043521, 41.82711854100009 ], [ -71.418274523999983, 41.827591540000086 ] ], [ [ -71.367012503999902, 41.792530535 ], [ -71.366798503999988, 41.792534535000101 ], [ -71.366997505, 41.792653535000099 ], [ -71.367012503999902, 41.792530535 ] ] ], [ [ [ -71.384735354, 41.82104725 ], [ -71.384795322999906, 41.821104449000103 ], [ -71.384729246999896, 41.821101170000098 ], [ -71.384735354, 41.82104725 ] ] ], [ [ [ -71.385802721999895, 41.821951829000092 ], [ -71.385727721, 41.822168802000107 ], [ -71.385484926999894, 41.821947378000097 ], [ -71.385802721999895, 41.821951829000092 ] ] ], [ [ [ -71.34753742, 41.744414787 ], [ -71.347439473, 41.744099843000093 ], [ -71.347679295999981, 41.744192551 ], [ -71.34753742, 41.744414787 ] ] ], [ [ [ -71.3679137459999, 41.777764456000092 ], [ -71.366809136, 41.777165320000094 ], [ -71.366895251, 41.776711838 ], [ -71.3679137459999, 41.777764456000092 ] ] ], [ [ [ -71.369390914, 41.777888470000107 ], [ -71.369262461999895, 41.77748805 ], [ -71.369722695, 41.777636992000104 ], [ -71.369390914, 41.777888470000107 ] ] ], [ [ [ -71.322657294, 41.77820046900009 ], [ -71.328293481999907, 41.779694323000101 ], [ -71.328351853999905, 41.780662185 ], [ -71.322657294, 41.77820046900009 ] ] ], [ [ [ -71.329287673, 41.782144944 ], [ -71.329315952999906, 41.782083577 ], [ -71.32929773799998, 41.782243598 ], [ -71.329287673, 41.782144944 ] ] ], [ [ [ -71.330002841999899, 41.782365842 ], [ -71.329900403999901, 41.782566384000098 ], [ -71.329884095999887, 41.782249354 ], [ -71.330002841999899, 41.782365842 ] ] ], [ [ [ -71.320153989999895, 41.756998812000091 ], [ -71.321502342, 41.757663610000101 ], [ -71.321309754, 41.757978902 ], [ -71.320153989999895, 41.756998812000091 ] ] ], [ [ [ -71.320798106, 41.767553182 ], [ -71.320747543, 41.767413352000098 ], [ -71.320916544999989, 41.767396143 ], [ -71.320798106, 41.767553182 ] ] ], [ [ [ -71.293124535999894, 41.713614796000101 ], [ -71.293191321999984, 41.713546378 ], [ -71.293188106999906, 41.713578343000094 ], [ -71.293124535999894, 41.713614796000101 ] ] ], [ [ [ -71.305255835, 41.741617468000101 ], [ -71.305001874, 41.741578503 ], [ -71.305284819, 41.741392669 ], [ -71.305255835, 41.741617468000101 ] ] ], [ [ [ -71.290592881, 41.733463624000102 ], [ -71.317975306999983, 41.751759902000096 ], [ -71.30391831999998, 41.76943594500009 ], [ -71.316155925999979, 41.766142178000109 ], [ -71.322503025999893, 41.777866924000108 ], [ -71.285839925999881, 41.762315570000098 ], [ -71.290592881, 41.733463624000102 ] ] ], [ [ [ -71.316004280999906, 41.760597894000099 ], [ -71.316913880999905, 41.758831213000093 ], [ -71.318224008, 41.759741213 ], [ -71.316004280999906, 41.760597894000099 ] ] ], [ [ [ -71.319196650999984, 41.763387664 ], [ -71.317661016, 41.761680085000101 ], [ -71.319202947999898, 41.761906157000098 ], [ -71.319196650999984, 41.763387664 ] ] ], [ [ [ -71.318156092, 41.765676572000103 ], [ -71.319120693999892, 41.765255706000097 ], [ -71.319319306, 41.765548237000097 ], [ -71.318156092, 41.765676572000103 ] ] ] ] } }
]
}
