{
"type": "FeatureCollection",
"name": "texas_optimized_districts_all",
"crs": { "type": "name", "properties": { "name": "urn:ogc:def:crs:OGC:1.3:CRS84" } },
"features": [
{ "type": "Feature", "properties": { "opt_all": 1, "population": 767870.0, "voting_age_pop": 588963.0, "dem_votes": 62500.0, "rep_votes": 214506.0, "minority_pop": 172623.0, "dem_pct": 0.22562688164674163, "rep_pct": 0.77437311799225539 }, "geometry": { "type": "Polygon", "coordinates": [ [ [ -96.639366000001857, 33.400953000002922 ], [ -96.727251000002482, 33.402918000002273 ], [ -96.761493000002702, 33.403663000002915 ], [ -96.8341100000018, 33.405498000002531 ], [ -96.834776000002165, 33.405489000002405 ], [ -96.943860000002402, 33.416410000002706 ], [ -97.051253000002035, 33.419950000002103 ], [ -97.108642000002803, 33.421977000002542 ], [ -97.175427000002756, 33.423916000002244 ], [ -97.220092000002083, 33.425122000002197 ], [ -97.23340600000256, 33.425483000002608 ], [ -97.335835000002461, 33.42883600000247 ], [ -97.383095000002839, 33.430450000002104 ], [ -97.460283000002704, 33.433490000002749 ], [ -97.487065000002474, 33.433681000002046 ], [ -97.49094300000236, 33.433741000002421 ], [ -97.582231000002679, 33.433993000002253 ], [ -97.5999940000018, 33.434004000002368 ], [ -97.762789000001803, 33.433915000002202 ], [ -97.798335000001799, 33.433806000002832 ], [ -97.841172000001919, 33.433797000002244 ], [ -97.918189000001817, 33.433873000002023 ], [ -97.978967000002285, 33.433748000002467 ], [ -97.978919000002136, 33.467129000002274 ], [ -97.978965000002376, 33.575806000002217 ], [ -97.978845000002593, 33.637729000002352 ], [ -97.978263000001874, 33.774107000002616 ], [ -97.977860000002394, 33.889825000002396 ], [ -97.877387000001804, 33.850236000002099 ], [ -97.835126000001907, 33.857432000002383 ], [ -97.805972000001802, 33.876571000002166 ], [ -97.763043000002256, 33.934145000002765 ], [ -97.720604000002481, 33.943955000002632 ], [ -97.687694000002239, 33.987180000002489 ], [ -97.661489000001922, 33.990818000002093 ], [ -97.597980000002167, 33.955247000002487 ], [ -97.572349000002717, 33.899263000002719 ], [ -97.504018000002276, 33.918257000002704 ], [ -97.484163000001843, 33.915510000002243 ], [ -97.451058000001836, 33.89167600000259 ], [ -97.463202000002326, 33.843090000002782 ], [ -97.426799000002006, 33.818641000002813 ], [ -97.374690000002161, 33.818552000002619 ], [ -97.3400520000028, 33.859841000002056 ], [ -97.314257000002485, 33.865089000002548 ], [ -97.255639000002176, 33.863702000002213 ], [ -97.245049000001842, 33.903216000002551 ], [ -97.185458000002782, 33.900700000002537 ], [ -97.166824000002663, 33.84039500000214 ], [ -97.205705000002297, 33.802908000002802 ], [ -97.19296900000208, 33.760784000002744 ], [ -97.162804000002723, 33.729125000002234 ], [ -97.111057000002717, 33.71937400000261 ], [ -97.087365000002237, 33.7411390000022 ], [ -97.092646000002816, 33.80419800000255 ], [ -97.048324000002737, 33.81726900000254 ], [ -96.983815000001883, 33.89318600000243 ], [ -96.973807000002481, 33.935697000002811 ], [ -96.944611000002794, 33.949217000002129 ], [ -96.905253000002503, 33.947219000002669 ], [ -96.895728000002677, 33.896414000002729 ], [ -96.866438000001807, 33.85314900000261 ], [ -96.832157000002439, 33.874835000002548 ], [ -96.786841000002127, 33.865243000002486 ], [ -96.769377000002393, 33.827478000002316 ], [ -96.733434000001793, 33.828116000002915 ], [ -96.684727000002297, 33.862905000002094 ], [ -96.673449000001753, 33.912278000002637 ], [ -96.588887000002316, 33.895038000002323 ], [ -96.623147000002177, 33.841496000002174 ], [ -96.5465490000025, 33.820059000002928 ], [ -96.53321100000224, 33.822830000002057 ], [ -96.515882000001923, 33.796425000002422 ], [ -96.516532000002016, 33.78843800000287 ], [ -96.500984000002362, 33.772801000002673 ], [ -96.430216000002559, 33.778654000002952 ], [ -96.379452000002686, 33.725764000002215 ], [ -96.336058000002183, 33.690755000002383 ], [ -96.318759000002601, 33.696753000002929 ], [ -96.290359000002383, 33.770831000002637 ], [ -96.230352000002185, 33.748524000002831 ], [ -96.196388000002486, 33.753264000002254 ], [ -96.165199000002602, 33.780130000002828 ], [ -96.149227000002355, 33.837091000002516 ], [ -96.08462600000216, 33.846656000002184 ], [ -96.049408000001876, 33.836727000002696 ], [ -95.973833000002514, 33.85552500000226 ], [ -95.924780000002343, 33.884843000002839 ], [ -95.846536000002601, 33.8398550000027 ], [ -95.799880000002005, 33.861271000002432 ], [ -95.756154000002155, 33.851126000002765 ], [ -95.756612000002775, 33.892028000002313 ], [ -95.688876000002764, 33.88848600000243 ], [ -95.665478000002153, 33.909004000002739 ], [ -95.627318000002276, 33.907806000002786 ], [ -95.5975220000023, 33.94234200000249 ], [ -95.552799000002722, 33.924311000002326 ], [ -95.551216000002597, 33.889713000002565 ], [ -95.502479000002324, 33.875199000002695 ], [ -95.459728000002343, 33.886652000002705 ], [ -95.442746000002501, 33.86650600000263 ], [ -95.363209000001802, 33.866812000002078 ], [ -95.310497000002741, 33.877204000002152 ], [ -95.216683000002647, 33.962652000002613 ], [ -95.175065000001737, 33.947527000002623 ], [ -95.131642000002216, 33.916027000002757 ], [ -95.031434000002278, 33.859952000002927 ], [ -94.998019000002756, 33.860504000002692 ], [ -94.964401000002354, 33.837021000002501 ], [ -94.913838000002244, 33.781003000002976 ], [ -94.868820000001719, 33.745881000002981 ], [ -94.785091000002737, 33.732430000002324 ], [ -94.746096000002154, 33.703016000002329 ], [ -94.639198000002722, 33.663737000002719 ], [ -94.612830000002418, 33.674001000002661 ], [ -94.536282000002643, 33.638778000003065 ], [ -94.527376000002761, 33.61583300000234 ], [ -94.464425000002635, 33.637472000002418 ], [ -94.457831000002145, 33.599628000002149 ], [ -94.428034000002683, 33.590038000003076 ], [ -94.38678600000236, 33.545123000002668 ], [ -94.352774000002, 33.560893000002586 ], [ -94.274241000001993, 33.558759000002937 ], [ -94.257546000002279, 33.582642000002359 ], [ -94.212447000002399, 33.563731000002356 ], [ -94.184411000002356, 33.594386000002316 ], [ -94.143374000001927, 33.565593000002515 ], [ -94.080668000002163, 33.575072000002336 ], [ -94.043313000002257, 33.551584000002201 ], [ -94.043290000002486, 33.494053000002701 ], [ -94.043113000001966, 33.470373000002574 ], [ -94.043117000002638, 33.467058000003 ], [ -94.043109000002545, 33.44156300000234 ], [ -94.043132000002501, 33.399640000002833 ], [ -94.042970000002384, 33.271241000002817 ], [ -94.043020000002286, 33.199835000002537 ], [ -94.04301500000274, 33.143594000002757 ], [ -94.043065000002343, 33.079410000002838 ], [ -94.042988000001699, 33.007908000002978 ], [ -94.043089000002325, 32.965783000002411 ], [ -94.043078000001955, 32.881089000002689 ], [ -94.043147000002662, 32.693030000002572 ], [ -94.090669000001739, 32.689232000002391 ], [ -94.087786000002239, 32.721301000002882 ], [ -94.13157400000236, 32.738452000002738 ], [ -94.172136000002723, 32.696900000002216 ], [ -94.222628000001777, 32.703370000003005 ], [ -94.254646000001884, 32.75124300000239 ], [ -94.288059000002207, 32.735785000002913 ], [ -94.256412000002399, 32.702567000002681 ], [ -94.292904000001897, 32.671706000002182 ], [ -94.319427000002406, 32.622822000002586 ], [ -94.367861000001781, 32.597039000002482 ], [ -94.415683000002474, 32.617957000002953 ], [ -94.416095000002215, 32.572216000003074 ], [ -94.395574000001957, 32.559597000002626 ], [ -94.446017000002115, 32.520479000002553 ], [ -94.469098000002447, 32.486444000002201 ], [ -94.510174000002223, 32.484769000002672 ], [ -94.621459000001821, 32.466648000003026 ], [ -94.626520000002344, 32.507507000002676 ], [ -94.701946000002565, 32.500071000002379 ], [ -94.702097000002681, 32.472168000002988 ], [ -94.701986000001881, 32.42178200000275 ], [ -94.642426000002445, 32.398315000002626 ], [ -94.579219000002198, 32.394916000002993 ], [ -94.596699000002474, 32.363219000003063 ], [ -94.672058000002764, 32.370456000002413 ], [ -94.790619000002181, 32.370600000002199 ], [ -94.809648000001999, 32.370696000002404 ], [ -94.869227000001757, 32.370639000002988 ], [ -94.907702000002317, 32.369790000002489 ], [ -94.943738000001858, 32.370394000002676 ], [ -94.985411000002784, 32.37082000000256 ], [ -94.986802000002001, 32.407112000002741 ], [ -94.986711000002785, 32.45001500000258 ], [ -94.986814000002553, 32.47486500000295 ], [ -94.986935000002759, 32.537246000002412 ], [ -95.020974000002795, 32.546726000002693 ], [ -95.065935000001957, 32.537692000002167 ], [ -95.084420000001884, 32.552981000002973 ], [ -95.142944000001918, 32.562305000002468 ], [ -95.153410000001998, 32.570115000002268 ], [ -95.189129000002779, 32.546596000002616 ], [ -95.278288000001922, 32.571786000002987 ], [ -95.345950000002318, 32.609291000002649 ], [ -95.413061000002287, 32.607111000002639 ], [ -95.48579600000204, 32.612935000002444 ], [ -95.501869000002273, 32.620330000002902 ], [ -95.594541000002536, 32.687026000002142 ], [ -95.635017000002563, 32.720380000002962 ], [ -95.638352000002286, 32.745614000002583 ], [ -95.655476000002082, 32.882564000002162 ], [ -95.658262000002779, 32.904221000002948 ], [ -95.665389000002406, 32.960434000002856 ], [ -95.721338000001836, 32.979771000002643 ], [ -95.817072000002142, 32.979581000002547 ], [ -95.862521000002758, 32.979571000002267 ], [ -95.863147000002513, 33.056261000002962 ], [ -95.862931000002462, 33.084964000002508 ], [ -95.862773000002562, 33.129663000002367 ], [ -95.862719000002485, 33.13469600000284 ], [ -95.862204000002293, 33.18409400000251 ], [ -95.861778000002417, 33.219330000002628 ], [ -95.860665000002527, 33.294289000002543 ], [ -95.858984000002039, 33.380443000002295 ], [ -95.858723000002243, 33.409530000002889 ], [ -96.01208000000176, 33.389552000002865 ], [ -96.035598000002238, 33.386439000002483 ], [ -96.068764000002673, 33.382019000002927 ], [ -96.082432000002086, 33.380199000002563 ], [ -96.157309000002485, 33.370233000002251 ], [ -96.295413000002242, 33.351936000002212 ], [ -96.331915000002354, 33.347406000002962 ], [ -96.384495000001721, 33.34111900000245 ], [ -96.384602000002005, 33.397826000002262 ], [ -96.429626000002784, 33.398426000002232 ], [ -96.4896380000026, 33.398912000002824 ], [ -96.520711000002279, 33.39933900000257 ], [ -96.56478200000258, 33.399927000002414 ], [ -96.639366000001857, 33.400953000002922 ] ] ] } },
{ "type": "Feature", "properties": { "opt_all": 2, "population": 766395.0, "voting_age_pop": 564719.0, "dem_votes": 64556.0, "rep_votes": 192550.0, "minority_pop": 209461.0, "dem_pct": 0.25108710016448971, "rep_pct": 0.74891289944656569 }, "geometry": { "type": "Polygon", "coordinates": [ [ [ -95.803330000002404, 30.090096000002305 ], [ -95.803886000002279, 30.178692000002975 ], [ -95.804000000002162, 30.189532000002369 ], [ -95.804097000002784, 30.226460000002461 ], [ -95.804306000002256, 30.245570000002349 ], [ -95.804335000002737, 30.314428000002188 ], [ -95.81192900000184, 30.431532000002282 ], [ -95.816840000002756, 30.492638000002358 ], [ -95.81747800000214, 30.500218000002381 ], [ -95.826891000002036, 30.59627200000261 ], [ -95.830240000001794, 30.630284000002337 ], [ -95.657021000002757, 30.539653000002733 ], [ -95.631050000002674, 30.525962000002988 ], [ -95.59887800000206, 30.508980000002929 ], [ -95.491514000001885, 30.50883100000247 ], [ -95.42608300000208, 30.508818000002183 ], [ -95.359156000002258, 30.50436900000253 ], [ -95.329528000001957, 30.433193000002355 ], [ -95.308395000002363, 30.405750000002836 ], [ -95.263338000002406, 30.384259000002849 ], [ -95.21798400000236, 30.356242000002538 ], [ -95.226571000002195, 30.327145000003014 ], [ -95.22558100000208, 30.319534000002456 ], [ -95.165897000002715, 30.344976000002571 ], [ -95.110382000001863, 30.369139000002811 ], [ -95.061519000002633, 30.390582000002613 ], [ -95.060512000002447, 30.391015000003012 ], [ -95.048056000002404, 30.396863000002231 ], [ -94.942676000002564, 30.442352000002348 ], [ -94.849414000001801, 30.493553000002382 ], [ -94.847132000002361, 30.493367000002252 ], [ -94.783964000001944, 30.489478000002787 ], [ -94.743117000002513, 30.489881000002288 ], [ -94.732732000002116, 30.490066000002933 ], [ -94.687652000002316, 30.365384000002607 ], [ -94.675280000001834, 30.331209000002417 ], [ -94.667792000002294, 30.310677000002759 ], [ -94.629337000002735, 30.203020000002631 ], [ -94.614838000002564, 30.163539000002626 ], [ -94.603159000002364, 30.130904000002847 ], [ -94.571177000002123, 30.112013000002868 ], [ -94.444910000001755, 30.11301500000253 ], [ -94.443806000001942, 29.981789000002276 ], [ -94.442235000001958, 29.889538000002535 ], [ -94.357976000002637, 29.887464000002279 ], [ -94.356800000002238, 29.810769000002999 ], [ -94.353948000002163, 29.611497000002537 ], [ -94.353947000002577, 29.611446000002442 ], [ -94.354880000001842, 29.506328000002984 ], [ -94.369361000001916, 29.500620000002797 ], [ -94.371620000002125, 29.597209000002643 ], [ -94.388519000002717, 29.595696000002565 ], [ -94.42286800000204, 29.566256000002319 ], [ -94.498177000002244, 29.544822000002942 ], [ -94.5459080000022, 29.572503000002826 ], [ -94.597389000002025, 29.562075000002945 ], [ -94.705198000001943, 29.538231000002384 ], [ -94.762569000002159, 29.52416200000285 ], [ -94.806244000002422, 29.54244700000234 ], [ -94.833380000001782, 29.516906000002617 ], [ -94.878775000002022, 29.513471000003086 ], [ -94.909707000002058, 29.497044000002724 ], [ -94.962128000002238, 29.507341000002636 ], [ -95.001760000002804, 29.525383000002815 ], [ -95.018205000002041, 29.554597000002349 ], [ -94.987905000002314, 29.594817000002468 ], [ -95.015362000002156, 29.634475000002642 ], [ -95.010730000002383, 29.650537000002505 ], [ -94.978845000002678, 29.676731000002711 ], [ -94.932595000002635, 29.675115000002599 ], [ -94.928596000001846, 29.741156000002359 ], [ -94.929276000002517, 29.744633000002743 ], [ -94.916618000002444, 29.770271000002364 ], [ -94.916305000002325, 29.773663000002649 ], [ -94.90981600000184, 29.821223000002242 ], [ -94.947085000002403, 29.849511000002671 ], [ -94.981460000002045, 29.884276000002917 ], [ -94.998656000002001, 29.919771000002385 ], [ -94.985911000002361, 29.973012000003017 ], [ -95.026772000002566, 29.996739000002339 ], [ -95.048308000002564, 30.038206000002308 ], [ -95.056844000002357, 30.060980000002782 ], [ -95.072603000002516, 30.103054000002498 ], [ -95.096708000002394, 30.167214000003018 ], [ -95.123602000002435, 30.145355000002475 ], [ -95.166563000002583, 30.110732000003079 ], [ -95.172853000001837, 30.105668000002645 ], [ -95.195724000002485, 30.087321000002795 ], [ -95.200336000002636, 30.083446000003065 ], [ -95.218301000002697, 30.069038000003072 ], [ -95.219060000001846, 30.068479000002402 ], [ -95.241915000002479, 30.049762000002406 ], [ -95.24985400000196, 30.043518000002351 ], [ -95.268243000002585, 30.005018000002277 ], [ -95.284215000002604, 30.00503600000259 ], [ -95.295187000001903, 30.005004000002437 ], [ -95.296989000002441, 30.004938000002685 ], [ -95.294703000002741, 30.016329000002457 ], [ -95.294331000002273, 30.029941000002651 ], [ -95.310994000002225, 30.032887000002521 ], [ -95.35363300000256, 30.076337000002695 ], [ -95.369855000002076, 30.078001000002395 ], [ -95.396951000001877, 30.084989000002217 ], [ -95.405443000002322, 30.092076000002699 ], [ -95.410637000002438, 30.097943000002608 ], [ -95.426062000002403, 30.115533000002621 ], [ -95.436642000002763, 30.110366000003001 ], [ -95.452123000002715, 30.107653000002525 ], [ -95.491344000002726, 30.110819000002852 ], [ -95.501594000002086, 30.144047000003042 ], [ -95.504695000002286, 30.145127000002223 ], [ -95.508843000002315, 30.147261000003041 ], [ -95.556799000002798, 30.165906000002597 ], [ -95.574630000002045, 30.15178300000272 ], [ -95.596757000002597, 30.134460000002811 ], [ -95.619629000002121, 30.135493000002217 ], [ -95.645694000002564, 30.119181000002801 ], [ -95.647469000001905, 30.118107000003022 ], [ -95.702114000002425, 30.09904100000233 ], [ -95.735094000002078, 30.093721000002738 ], [ -95.755185000001916, 30.092148000002339 ], [ -95.803330000002404, 30.090096000002305 ] ] ] } },
{ "type": "Feature", "properties": { "opt_all": 3, "population": 768070.0, "voting_age_pop": 579394.0, "dem_votes": 120083.0, "rep_votes": 163123.0, "minority_pop": 250888.0, "dem_pct": 0.42401290918129808, "rep_pct": 0.57598709046560204 }, "geometry": { "type": "Polygon", "coordinates": [ [ [ -96.813355000002815, 32.98704100000279 ], [ -96.828519000002757, 32.987236000002518 ], [ -96.838955000002798, 32.987370000002272 ], [ -96.844122000002756, 32.987435000002613 ], [ -96.843974000002319, 32.997132000002601 ], [ -96.843982000002399, 32.9973120000029 ], [ -96.843778000002715, 33.007779000002692 ], [ -96.843776000001782, 33.011336000002736 ], [ -96.843585000002363, 33.01664700000233 ], [ -96.843266000002359, 33.025914000002352 ], [ -96.828847000002185, 33.028072000002417 ], [ -96.829251000002245, 33.045146000002234 ], [ -96.809012000002298, 33.042536000002499 ], [ -96.794462000002156, 33.042273000002496 ], [ -96.794474000002566, 33.050396000002969 ], [ -96.770328000002124, 33.051772000002103 ], [ -96.770399000002556, 33.060586000002161 ], [ -96.772039000001996, 33.071726000002791 ], [ -96.77170700000184, 33.079800000002102 ], [ -96.771628000002096, 33.085949000002238 ], [ -96.7715070000027, 33.099102000002503 ], [ -96.759557000001962, 33.10098800000209 ], [ -96.750313000002521, 33.100985000002701 ], [ -96.733528000002238, 33.100983000002877 ], [ -96.732899000002803, 33.125301000002707 ], [ -96.721231000002035, 33.12935300000207 ], [ -96.699430000002678, 33.137114000002406 ], [ -96.69161200000238, 33.140145000002143 ], [ -96.680830000001805, 33.144245000002265 ], [ -96.680709000002807, 33.159253000002614 ], [ -96.680509000001905, 33.159255000002055 ], [ -96.68460600000266, 33.173806000002195 ], [ -96.684389000002696, 33.173799000002248 ], [ -96.672297000002075, 33.168661000002871 ], [ -96.672664000002484, 33.196629000002737 ], [ -96.661604000002754, 33.196444000002685 ], [ -96.658540000002716, 33.197915000002375 ], [ -96.655347000002223, 33.192239000002907 ], [ -96.639554000001894, 33.18516100000263 ], [ -96.639013000002095, 33.194287000002923 ], [ -96.615865000001875, 33.197257000002786 ], [ -96.615023000002637, 33.197262000002823 ], [ -96.6146770000027, 33.212515000002213 ], [ -96.595931000002224, 33.203849000002236 ], [ -96.60902100000196, 33.243775000002557 ], [ -96.623521000002299, 33.246280000002393 ], [ -96.657903000002563, 33.278661000002174 ], [ -96.670832000002719, 33.293447000002544 ], [ -96.713471000002841, 33.364159000002601 ], [ -96.727251000002482, 33.402918000002273 ], [ -96.639366000001857, 33.400953000002922 ], [ -96.56478200000258, 33.399927000002414 ], [ -96.520711000002279, 33.39933900000257 ], [ -96.4896380000026, 33.398912000002824 ], [ -96.429626000002784, 33.398426000002232 ], [ -96.384602000002005, 33.397826000002262 ], [ -96.384495000001721, 33.34111900000245 ], [ -96.331915000002354, 33.347406000002962 ], [ -96.295413000002242, 33.351936000002212 ], [ -96.157309000002485, 33.370233000002251 ], [ -96.082432000002086, 33.380199000002563 ], [ -96.068764000002673, 33.382019000002927 ], [ -96.035598000002238, 33.386439000002483 ], [ -96.01208000000176, 33.389552000002865 ], [ -95.858723000002243, 33.409530000002889 ], [ -95.858984000002039, 33.380443000002295 ], [ -95.860665000002527, 33.294289000002543 ], [ -95.861778000002417, 33.219330000002628 ], [ -95.862204000002293, 33.18409400000251 ], [ -95.862719000002485, 33.13469600000284 ], [ -95.862773000002562, 33.129663000002367 ], [ -95.862931000002462, 33.084964000002508 ], [ -95.863147000002513, 33.056261000002962 ], [ -95.862521000002758, 32.979571000002267 ], [ -95.945300000002078, 32.979877000002581 ], [ -95.970436000001982, 32.907908000002799 ], [ -95.986600000001999, 32.873064000002628 ], [ -95.934433000002244, 32.837217000002681 ], [ -96.076801000002433, 32.838489000002838 ], [ -96.107373000002639, 32.839047000002139 ], [ -96.167668000001953, 32.840124000002227 ], [ -96.20322000000192, 32.840677000002827 ], [ -96.220354000002757, 32.840819000002213 ], [ -96.297322000002779, 32.841723000002801 ], [ -96.297224000002259, 32.901978000002444 ], [ -96.29726800000202, 32.909883000002857 ], [ -96.297240000002063, 32.971293000002284 ], [ -96.297203000002526, 32.980773000002344 ], [ -96.297227000002579, 32.981752000002714 ], [ -96.365700000002633, 32.982067000002182 ], [ -96.370728000001961, 32.982084000002395 ], [ -96.421111000002085, 32.982000000002202 ], [ -96.466739000001766, 32.982467000002487 ], [ -96.479054000002705, 32.982576000002368 ], [ -96.503166000001997, 32.982794000002102 ], [ -96.508495000002057, 32.982843000002177 ], [ -96.517011000002782, 32.982862000002861 ], [ -96.521991000002643, 32.982946000002698 ], [ -96.549829000002077, 32.983368000002329 ], [ -96.558786000002314, 32.983501000002931 ], [ -96.575049000002778, 32.983744000002801 ], [ -96.583452000002197, 32.983859000002212 ], [ -96.583796000002479, 32.983867000002057 ], [ -96.613367000001958, 32.984309000002476 ], [ -96.629198000001978, 32.984531000002725 ], [ -96.640872000002645, 32.984699000002713 ], [ -96.666652000002045, 32.985063000002164 ], [ -96.68246900000176, 32.985286000002738 ], [ -96.699773000002182, 32.985377000002295 ], [ -96.711259000002201, 32.985685000002142 ], [ -96.711799000002244, 32.985692000002381 ], [ -96.728059000002204, 32.985913000002242 ], [ -96.737980000002125, 32.986045000002264 ], [ -96.748426000001942, 32.986189000002263 ], [ -96.756464000002794, 32.986298000002613 ], [ -96.768095000002802, 32.986452000002828 ], [ -96.768247000001836, 32.986454000002816 ], [ -96.778675000002082, 32.9865880000022 ], [ -96.784005000002296, 32.986659000002199 ], [ -96.793816000001797, 32.986791000002064 ], [ -96.803430000002294, 32.986914000002919 ], [ -96.813355000002815, 32.98704100000279 ] ] ] } },
{ "type": "Feature", "properties": { "opt_all": 4, "population": 766905.0, "voting_age_pop": 557277.0, "dem_votes": 120035.0, "rep_votes": 141463.0, "minority_pop": 273638.0, "dem_pct": 0.45902836715423123, "rep_pct": 0.54097163246335667 }, "geometry": { "type": "Polygon", "coordinates": [ [ [ -96.942445000002493, 32.988800000002662 ], [ -96.948403000001917, 32.99086800000245 ], [ -96.948486000001836, 32.9936490000022 ], [ -96.972000000002481, 33.006749000002166 ], [ -96.982870000002421, 33.017910000002828 ], [ -96.983670000002206, 33.041670000002426 ], [ -97.008544000002203, 33.046325000002867 ], [ -97.019276000002478, 33.071689000002195 ], [ -97.027316000002358, 33.088532000002147 ], [ -97.027827000002276, 33.100279000002757 ], [ -96.990057000002494, 33.079517000002419 ], [ -96.969470000002076, 33.099990000002762 ], [ -96.970945000002743, 33.117700000002536 ], [ -96.996330000002445, 33.124965000002575 ], [ -97.00046500000208, 33.152542000002768 ], [ -96.975531000002277, 33.14765500000285 ], [ -96.961989000002475, 33.151516000002339 ], [ -96.952266000002638, 33.161838000002859 ], [ -96.948382000002496, 33.175524000002902 ], [ -96.954546000002239, 33.208927000002788 ], [ -96.930946000001967, 33.203258000002634 ], [ -96.922062000001887, 33.220374000002714 ], [ -96.945986000002506, 33.221373000002885 ], [ -96.918681000002493, 33.297514000002529 ], [ -96.91403300000232, 33.309263000002794 ], [ -96.892250000002363, 33.28839500000241 ], [ -96.83529500000212, 33.356805000002389 ], [ -96.835143000002475, 33.367957000002427 ], [ -96.8341100000018, 33.405498000002531 ], [ -96.761493000002702, 33.403663000002915 ], [ -96.727251000002482, 33.402918000002273 ], [ -96.713471000002841, 33.364159000002601 ], [ -96.670832000002719, 33.293447000002544 ], [ -96.657903000002563, 33.278661000002174 ], [ -96.623521000002299, 33.246280000002393 ], [ -96.60902100000196, 33.243775000002557 ], [ -96.595931000002224, 33.203849000002236 ], [ -96.6146770000027, 33.212515000002213 ], [ -96.615023000002637, 33.197262000002823 ], [ -96.615865000001875, 33.197257000002786 ], [ -96.639013000002095, 33.194287000002923 ], [ -96.639554000001894, 33.18516100000263 ], [ -96.655347000002223, 33.192239000002907 ], [ -96.658540000002716, 33.197915000002375 ], [ -96.661604000002754, 33.196444000002685 ], [ -96.672664000002484, 33.196629000002737 ], [ -96.672297000002075, 33.168661000002871 ], [ -96.684389000002696, 33.173799000002248 ], [ -96.68460600000266, 33.173806000002195 ], [ -96.680509000001905, 33.159255000002055 ], [ -96.680709000002807, 33.159253000002614 ], [ -96.680830000001805, 33.144245000002265 ], [ -96.69161200000238, 33.140145000002143 ], [ -96.699430000002678, 33.137114000002406 ], [ -96.721231000002035, 33.12935300000207 ], [ -96.732899000002803, 33.125301000002707 ], [ -96.733528000002238, 33.100983000002877 ], [ -96.750313000002521, 33.100985000002701 ], [ -96.759557000001962, 33.10098800000209 ], [ -96.7715070000027, 33.099102000002503 ], [ -96.771628000002096, 33.085949000002238 ], [ -96.77170700000184, 33.079800000002102 ], [ -96.772039000001996, 33.071726000002791 ], [ -96.770399000002556, 33.060586000002161 ], [ -96.770328000002124, 33.051772000002103 ], [ -96.794474000002566, 33.050396000002969 ], [ -96.794462000002156, 33.042273000002496 ], [ -96.809012000002298, 33.042536000002499 ], [ -96.829251000002245, 33.045146000002234 ], [ -96.828847000002185, 33.028072000002417 ], [ -96.843266000002359, 33.025914000002352 ], [ -96.843585000002363, 33.01664700000233 ], [ -96.843776000001782, 33.011336000002736 ], [ -96.843778000002715, 33.007779000002692 ], [ -96.843982000002399, 32.9973120000029 ], [ -96.843974000002319, 32.997132000002601 ], [ -96.844122000002756, 32.987435000002613 ], [ -96.854871000001964, 32.987573000002079 ], [ -96.861291000002325, 32.987652000002591 ], [ -96.875295000002282, 32.987830000002084 ], [ -96.890617000002635, 32.988023000002862 ], [ -96.909997000002278, 32.988346000002579 ], [ -96.927223000002357, 32.988541000002208 ], [ -96.939882000002683, 32.988822000002813 ], [ -96.942445000002493, 32.988800000002662 ] ] ] } },
{ "type": "Feature", "properties": { "opt_all": 5, "population": 767680.0, "voting_age_pop": 568872.0, "dem_votes": 109884.0, "rep_votes": 132147.0, "minority_pop": 315369.0, "dem_pct": 0.45400795747073391, "rep_pct": 0.54599204211609587 }, "geometry": { "type": "Polygon", "coordinates": [ [ [ -96.683219000002396, 32.86414200000231 ], [ -96.688882000002579, 32.868594000002147 ], [ -96.68893000000196, 32.864170000002858 ], [ -96.69910900000184, 32.864164000002461 ], [ -96.70055300000196, 32.864172000002483 ], [ -96.702582000002167, 32.87904100000231 ], [ -96.70333100000218, 32.886243000002104 ], [ -96.705312000002806, 32.888328000002311 ], [ -96.71159000000182, 32.894615000002759 ], [ -96.713715000002423, 32.897427000002487 ], [ -96.71771700000248, 32.900582000002757 ], [ -96.722365000002739, 32.903365000002708 ], [ -96.717888000002034, 32.909548000002665 ], [ -96.717723000002024, 32.909546000002599 ], [ -96.717959000002693, 32.922978000002423 ], [ -96.718147000002375, 32.925432000002168 ], [ -96.72938200000182, 32.925561000002332 ], [ -96.732560000001939, 32.925513000002177 ], [ -96.740312000002305, 32.923283000002534 ], [ -96.73537200000186, 32.935108000002323 ], [ -96.748131000002743, 32.937607000002913 ], [ -96.748076000002357, 32.938314000002471 ], [ -96.756558000002045, 32.939972000002697 ], [ -96.753153000002087, 32.951220000002792 ], [ -96.747505000002604, 32.963171000002916 ], [ -96.741901000002514, 32.963164000002621 ], [ -96.740435000002336, 32.978254000002501 ], [ -96.729385000002367, 32.975533000002358 ], [ -96.737980000002125, 32.986045000002264 ], [ -96.728059000002204, 32.985913000002242 ], [ -96.711799000002244, 32.985692000002381 ], [ -96.711259000002201, 32.985685000002142 ], [ -96.699773000002182, 32.985377000002295 ], [ -96.68246900000176, 32.985286000002738 ], [ -96.666652000002045, 32.985063000002164 ], [ -96.640872000002645, 32.984699000002713 ], [ -96.629198000001978, 32.984531000002725 ], [ -96.613367000001958, 32.984309000002476 ], [ -96.583796000002479, 32.983867000002057 ], [ -96.583452000002197, 32.983859000002212 ], [ -96.575049000002778, 32.983744000002801 ], [ -96.558786000002314, 32.983501000002931 ], [ -96.549829000002077, 32.983368000002329 ], [ -96.521991000002643, 32.982946000002698 ], [ -96.517011000002782, 32.982862000002861 ], [ -96.508495000002057, 32.982843000002177 ], [ -96.503166000001997, 32.982794000002102 ], [ -96.479054000002705, 32.982576000002368 ], [ -96.466739000001766, 32.982467000002487 ], [ -96.421111000002085, 32.982000000002202 ], [ -96.370728000001961, 32.982084000002395 ], [ -96.365700000002633, 32.982067000002182 ], [ -96.297227000002579, 32.981752000002714 ], [ -96.297203000002526, 32.980773000002344 ], [ -96.297240000002063, 32.971293000002284 ], [ -96.29726800000202, 32.909883000002857 ], [ -96.297224000002259, 32.901978000002444 ], [ -96.297322000002779, 32.841723000002801 ], [ -96.220354000002757, 32.840819000002213 ], [ -96.20322000000192, 32.840677000002827 ], [ -96.167668000001953, 32.840124000002227 ], [ -96.107373000002639, 32.839047000002139 ], [ -96.076801000002433, 32.838489000002838 ], [ -96.076172000001961, 32.712802000002661 ], [ -96.075924000002402, 32.65085700000261 ], [ -96.075921000002239, 32.650658000002274 ], [ -96.075905000002024, 32.590984000002329 ], [ -96.075708000001796, 32.547542000002629 ], [ -96.075912000002319, 32.479700000002765 ], [ -96.075899000002096, 32.357505000002618 ], [ -96.09276900000188, 32.357551000002736 ], [ -96.167668000002635, 32.357996000002331 ], [ -96.19562100000212, 32.356001000002692 ], [ -96.300946000002256, 32.358901000002689 ], [ -96.452372000001915, 32.358659000002127 ], [ -96.434278000001953, 32.410853000002206 ], [ -96.462937000002725, 32.426704000002111 ], [ -96.503765000002318, 32.474680000002394 ], [ -96.500576000002383, 32.494732000002607 ], [ -96.501028000002293, 32.496950000002556 ], [ -96.529412000002594, 32.545277000002486 ], [ -96.5216260000022, 32.644873000002093 ], [ -96.521631000002344, 32.645052000002565 ], [ -96.521332000002602, 32.662027000002112 ], [ -96.520969000002324, 32.693765000002585 ], [ -96.520671000002636, 32.709528000002997 ], [ -96.520665000002765, 32.70987800000232 ], [ -96.519793000002636, 32.75438800000267 ], [ -96.54598900000282, 32.762130000002536 ], [ -96.561543000002317, 32.763748000002849 ], [ -96.558484000002039, 32.746738000002374 ], [ -96.577883000001833, 32.747051000002152 ], [ -96.58031700000268, 32.765706000002268 ], [ -96.570349000002366, 32.764744000002587 ], [ -96.579769000002685, 32.787802000002621 ], [ -96.595897000002765, 32.790419000002395 ], [ -96.612085000002565, 32.792524000002452 ], [ -96.61223800000252, 32.792701000002559 ], [ -96.611268000002113, 32.811200000002366 ], [ -96.627843000002642, 32.81037800000253 ], [ -96.625313000002393, 32.792645000002203 ], [ -96.623418000002687, 32.771918000002628 ], [ -96.655790000001886, 32.792235000002719 ], [ -96.655796000002127, 32.793195000002378 ], [ -96.668296000002698, 32.797221000002494 ], [ -96.67415200000184, 32.798997000002842 ], [ -96.674166000002486, 32.800877000002892 ], [ -96.66829100000254, 32.806870000002725 ], [ -96.665255000002176, 32.815398000002453 ], [ -96.662321000001896, 32.819025000002078 ], [ -96.662325000002639, 32.821519000002951 ], [ -96.678725000002359, 32.821503000002359 ], [ -96.677078000002126, 32.825620000002431 ], [ -96.674514000002674, 32.825170000002409 ], [ -96.674478000002097, 32.826035000002364 ], [ -96.676766000002118, 32.826503000002369 ], [ -96.676205000001801, 32.828062000002738 ], [ -96.673348000002562, 32.834749000002709 ], [ -96.664759000002064, 32.842472000002807 ], [ -96.664601000002179, 32.842593000002367 ], [ -96.665530000002164, 32.843062000002597 ], [ -96.685113000002517, 32.843001000002168 ], [ -96.67998600000216, 32.850693000002337 ], [ -96.685813000002398, 32.847020000002594 ], [ -96.691600000002524, 32.852064000002578 ], [ -96.683219000002396, 32.86414200000231 ] ] ] } },
{ "type": "Feature", "properties": { "opt_all": 6, "population": 765236.0, "voting_age_pop": 560336.0, "dem_votes": 134442.0, "rep_votes": 91153.0, "minority_pop": 400038.0, "dem_pct": 0.59594405877969636, "rep_pct": 0.40405594077703144 }, "geometry": { "type": "Polygon", "coordinates": [ [ [ -97.052717000002446, 32.548840000002798 ], [ -97.03868500000236, 32.548666000002193 ], [ -97.038291000002019, 32.573359000002455 ], [ -97.0380670000024, 32.586288000002789 ], [ -97.037531000002645, 32.618467000002155 ], [ -97.037063000001993, 32.645873000002254 ], [ -97.036824000002198, 32.659489000002928 ], [ -97.036579000002035, 32.675912000002391 ], [ -97.036574000002673, 32.676206000002331 ], [ -97.036327000002487, 32.691321000002453 ], [ -97.056138000001923, 32.67706100000278 ], [ -97.062762000002635, 32.677202000002076 ], [ -97.062764000002275, 32.677492000002857 ], [ -97.062753000002104, 32.691500000002094 ], [ -97.062598000002637, 32.706077000002225 ], [ -97.047574000002555, 32.706036000002307 ], [ -97.047586000002241, 32.7206330000026 ], [ -97.049321000002138, 32.737426000002884 ], [ -97.04587000000258, 32.739562000002692 ], [ -97.035518000002341, 32.739709000002115 ], [ -97.035191000002641, 32.757098000002181 ], [ -97.035167000002033, 32.759368000002738 ], [ -97.035171000002123, 32.759693000002279 ], [ -97.03493400000184, 32.77992900000276 ], [ -97.034755000001795, 32.786034000002836 ], [ -97.034711000001806, 32.788482000002396 ], [ -97.034219000002238, 32.816400000002503 ], [ -97.034233000002402, 32.816662000002545 ], [ -97.033857000002087, 32.837134000002202 ], [ -97.033840000001916, 32.838532000002182 ], [ -97.033577000002765, 32.852753000002828 ], [ -97.033088000002337, 32.878493000002756 ], [ -97.032147000002325, 32.930409000002918 ], [ -97.007951000002393, 32.915270000002501 ], [ -96.992730000002595, 32.905816000002531 ], [ -96.985289000001984, 32.902367000002471 ], [ -96.962607000002038, 32.890462000002252 ], [ -96.955948000002522, 32.886805000002894 ], [ -96.964206000002719, 32.885060000002539 ], [ -96.970928000002019, 32.874451000002807 ], [ -96.977190000002039, 32.866391000002302 ], [ -96.977297000002594, 32.863624000002645 ], [ -96.959064000002797, 32.859088000002593 ], [ -96.959072000002678, 32.84646900000255 ], [ -96.968163000002278, 32.84632800000287 ], [ -96.959085000002446, 32.844223000002906 ], [ -96.951306000002447, 32.84120600000292 ], [ -96.940497000001997, 32.837260000002729 ], [ -96.944418000002401, 32.837043000002481 ], [ -96.941567000001783, 32.829421000002455 ], [ -96.932515000002553, 32.823054000002593 ], [ -96.925852000002521, 32.823026000002159 ], [ -96.92037600000252, 32.823746000002174 ], [ -96.922042000002577, 32.817546000002167 ], [ -96.91698200000198, 32.801240000002309 ], [ -96.92182400000236, 32.801214000002538 ], [ -96.940320000002657, 32.808619000002288 ], [ -96.946958000002795, 32.808596000002417 ], [ -96.95999300000274, 32.808655000002396 ], [ -96.959192000002517, 32.801150000002771 ], [ -96.959906000002803, 32.783062000002182 ], [ -96.926077000002806, 32.782076000002327 ], [ -96.927377000002039, 32.765629000002924 ], [ -96.902330000002777, 32.766614000002413 ], [ -96.902561000001967, 32.749626000002785 ], [ -96.880628000002162, 32.749569000002722 ], [ -96.869913000002754, 32.749546000002844 ], [ -96.869688000001844, 32.741241000002447 ], [ -96.868840000002322, 32.734386000002345 ], [ -96.868842000002417, 32.731808000002282 ], [ -96.868985000001956, 32.720656000002442 ], [ -96.857079000002599, 32.725330000002359 ], [ -96.857085000002513, 32.720221000002248 ], [ -96.857107000002202, 32.714196000002381 ], [ -96.857183000002223, 32.705810000002472 ], [ -96.87019600000194, 32.70493700000219 ], [ -96.876076000002499, 32.705849000002331 ], [ -96.880885000002536, 32.705821000002473 ], [ -96.891469000002004, 32.695543000002722 ], [ -96.891544000002284, 32.691650000002248 ], [ -96.891364000002199, 32.69156100000211 ], [ -96.891468000002718, 32.676629000002229 ], [ -96.892848000002715, 32.676495000002589 ], [ -96.891268000002597, 32.661913000002571 ], [ -96.891285000002682, 32.660133000002766 ], [ -96.891256000002443, 32.653207000002496 ], [ -96.891275000002366, 32.647498000002763 ], [ -96.883976000002434, 32.647509000002358 ], [ -96.840063000002203, 32.633150000002068 ], [ -96.840122000001841, 32.642966000002147 ], [ -96.84009000000276, 32.64771600000207 ], [ -96.830862000002554, 32.662273000002678 ], [ -96.82312200000176, 32.662327000002904 ], [ -96.823324000002074, 32.642285000002666 ], [ -96.8233030000019, 32.633231000002588 ], [ -96.822923000001936, 32.61875700000224 ], [ -96.786531000002242, 32.61163200000265 ], [ -96.770400000002354, 32.62794700000228 ], [ -96.76724400000208, 32.621487000002325 ], [ -96.763563000002762, 32.604970000002389 ], [ -96.736048000002498, 32.611030000002756 ], [ -96.715663000001939, 32.582352000002302 ], [ -96.722616000002262, 32.546557000002451 ], [ -96.659210000001863, 32.546165000002702 ], [ -96.529412000002594, 32.545277000002486 ], [ -96.501028000002293, 32.496950000002556 ], [ -96.500576000002383, 32.494732000002607 ], [ -96.503765000002318, 32.474680000002394 ], [ -96.462937000002725, 32.426704000002111 ], [ -96.434278000001953, 32.410853000002206 ], [ -96.452372000001915, 32.358659000002127 ], [ -96.450997000002758, 32.344409000002429 ], [ -96.382910000002241, 32.328929000002525 ], [ -96.4510380000022, 32.29441800000226 ], [ -96.596901000001779, 32.221054000002525 ], [ -96.600043000001875, 32.219478000002432 ], [ -96.6908270000024, 32.174945000002246 ], [ -96.699054000002363, 32.171002000002645 ], [ -96.771568000002176, 32.135703000002692 ], [ -96.870765000002663, 32.086564000002454 ], [ -96.896209000002642, 32.073977000002152 ], [ -96.937341000002576, 32.05372100000244 ], [ -96.998057000002035, 32.135530000002674 ], [ -97.050794000002554, 32.213673000002522 ], [ -97.086117000002815, 32.265471000002428 ], [ -97.087059000002284, 32.365280000002095 ], [ -97.087044000001782, 32.413281000002151 ], [ -97.087047000002499, 32.441200000002809 ], [ -97.087054000002794, 32.549263000002426 ], [ -97.077910000002802, 32.549151000002801 ], [ -97.06691700000232, 32.549015000002164 ], [ -97.058827000002637, 32.548915000002793 ], [ -97.052717000002446, 32.548840000002798 ] ] ] } },
{ "type": "Feature", "properties": { "opt_all": 7, "population": 766996.0, "voting_age_pop": 579656.0, "dem_votes": 118011.0, "rep_votes": 90844.0, "minority_pop": 399527.0, "dem_pct": 0.56503794471521485, "rep_pct": 0.43496205480598404 }, "geometry": { "type": "Polygon", "coordinates": [ [ [ -95.597057000002565, 29.660601000002941 ], [ -95.597838000002113, 29.660959000002965 ], [ -95.621848000001819, 29.673572000002551 ], [ -95.623178000002355, 29.674298000002985 ], [ -95.610577000002394, 29.68324400000294 ], [ -95.603413000002305, 29.681402000002933 ], [ -95.598808000002634, 29.676937000002841 ], [ -95.591154000002078, 29.675475000002493 ], [ -95.58398200000272, 29.660134000002405 ], [ -95.577264000002643, 29.674628000002802 ], [ -95.574475000002138, 29.67447200000251 ], [ -95.574577000002634, 29.682688000002521 ], [ -95.574651000002561, 29.688044000002581 ], [ -95.595905000002602, 29.689088000002783 ], [ -95.57538100000194, 29.703865000002995 ], [ -95.583955000002646, 29.716062000002676 ], [ -95.592222000002039, 29.715393000002791 ], [ -95.604669000001834, 29.714322000002841 ], [ -95.605839000002504, 29.736178000002941 ], [ -95.598089000002304, 29.736201000002353 ], [ -95.592627000002565, 29.736297000002896 ], [ -95.581199000002087, 29.736557000002851 ], [ -95.576165000002021, 29.736616000002968 ], [ -95.586601000002801, 29.747445000002308 ], [ -95.589368000001784, 29.759918000002525 ], [ -95.585102000002479, 29.765525000002299 ], [ -95.590250000002101, 29.782692000002939 ], [ -95.590278000002257, 29.784552000002304 ], [ -95.617736000002793, 29.784665000002335 ], [ -95.569915000001913, 29.812935000002678 ], [ -95.569953000002542, 29.831804000002961 ], [ -95.570243000001781, 29.850298000002528 ], [ -95.574733000001842, 29.867191000002581 ], [ -95.555134000001942, 29.867345000002217 ], [ -95.552456000001953, 29.86755100000298 ], [ -95.53732000000204, 29.865272000002768 ], [ -95.524358000002678, 29.859433000002884 ], [ -95.524536000002684, 29.865554000002529 ], [ -95.486772000002404, 29.865752000002558 ], [ -95.488885000001886, 29.850572000002447 ], [ -95.473231000002656, 29.846670000002796 ], [ -95.472905000002555, 29.825003000002571 ], [ -95.476153000002725, 29.826220000002607 ], [ -95.492733000002801, 29.841426000002581 ], [ -95.515102000002543, 29.84103300000298 ], [ -95.504720000002763, 29.833667000002951 ], [ -95.490692000002696, 29.82364900000232 ], [ -95.483266000001962, 29.81833600000234 ], [ -95.485315000002203, 29.817044000002685 ], [ -95.488860000002262, 29.802884000002511 ], [ -95.484865000002756, 29.798138000002972 ], [ -95.484927000002799, 29.794910000002517 ], [ -95.474351000002443, 29.794511000002174 ], [ -95.452215000002596, 29.791159000002565 ], [ -95.453868000002259, 29.780937000002787 ], [ -95.454001000002478, 29.780752000002888 ], [ -95.45572200000214, 29.759957000002508 ], [ -95.455652000002445, 29.754163000002581 ], [ -95.458307000002122, 29.74094300000236 ], [ -95.454590000002526, 29.741242000002629 ], [ -95.448159000001922, 29.741630000002338 ], [ -95.441663000002407, 29.741730000003063 ], [ -95.433491000002022, 29.729211000002621 ], [ -95.447915000001956, 29.72984900000267 ], [ -95.447818000002357, 29.724529000002313 ], [ -95.441269000001881, 29.721242000002412 ], [ -95.430106000002326, 29.725301000002641 ], [ -95.418581000001794, 29.725490000002697 ], [ -95.418399000001997, 29.715054000002741 ], [ -95.418406000002605, 29.71430000000219 ], [ -95.418391000001876, 29.713410000002938 ], [ -95.418288000002462, 29.706164000002868 ], [ -95.414777000002019, 29.697828000002943 ], [ -95.412126000002559, 29.697312000002359 ], [ -95.414363000001956, 29.694449000002383 ], [ -95.420333000002316, 29.687039000002184 ], [ -95.42603800000208, 29.67987800000251 ], [ -95.439948000001905, 29.679513000002995 ], [ -95.439799000002083, 29.668039000002945 ], [ -95.439760000002323, 29.665020000002297 ], [ -95.442278000002602, 29.656153000002305 ], [ -95.46374300000268, 29.647875000002553 ], [ -95.46373600000264, 29.647490000002879 ], [ -95.482341000001981, 29.64026800000256 ], [ -95.49316600000256, 29.636101000002963 ], [ -95.493403000002559, 29.612717000002707 ], [ -95.495038000002097, 29.61339000000217 ], [ -95.515794000001904, 29.623047000002227 ], [ -95.521049000002037, 29.625479000002635 ], [ -95.536992000002655, 29.632840000002744 ], [ -95.543772000002122, 29.635970000002938 ], [ -95.571363000001838, 29.648725000002543 ], [ -95.582702000002044, 29.65395200000275 ], [ -95.597057000002565, 29.660601000002941 ] ] ] } },
{ "type": "Feature", "properties": { "opt_all": 8, "population": 767796.0, "voting_age_pop": 564483.0, "dem_votes": 114434.0, "rep_votes": 105645.0, "minority_pop": 387148.0, "dem_pct": 0.51996782949760412, "rep_pct": 0.48003217004801357 }, "geometry": { "type": "Polygon", "coordinates": [ [ [ -95.775838000001954, 29.760448000002196 ], [ -95.776086000002365, 29.7605870000022 ], [ -95.786739000002044, 29.766554000002277 ], [ -95.812193000002594, 29.780863000002213 ], [ -95.820732000002394, 29.785677000002295 ], [ -95.825975000002558, 29.788616000002978 ], [ -95.830196000002402, 29.800418000002853 ], [ -95.835991000002593, 29.816618000002208 ], [ -95.851512000002401, 29.86010800000259 ], [ -95.856851000002607, 29.874578000002167 ], [ -95.868966000002359, 29.908828000002813 ], [ -95.808336000001887, 29.950124000003036 ], [ -95.815195000002447, 30.015848000002549 ], [ -95.781955000002256, 30.003302000003028 ], [ -95.768067000001864, 29.998071000002614 ], [ -95.760641000002806, 29.995250000002272 ], [ -95.743027000002087, 30.020458000002908 ], [ -95.741116000002364, 29.987946000002289 ], [ -95.717002000001841, 29.978779000002493 ], [ -95.701089000002327, 29.971574000002171 ], [ -95.687881000002506, 29.962896000002171 ], [ -95.687716000002482, 29.963050000002927 ], [ -95.665230000002595, 29.99920100000265 ], [ -95.653785000002259, 29.98850500000249 ], [ -95.657048000002803, 29.984704000002463 ], [ -95.673324000002367, 29.965296000002876 ], [ -95.673013000002641, 29.962672000002449 ], [ -95.620496000001793, 29.964414000002485 ], [ -95.610935000001803, 29.949344000002903 ], [ -95.584868000001961, 29.952549000002925 ], [ -95.584796000002839, 29.932988000002791 ], [ -95.597859000002359, 29.925081000002521 ], [ -95.619799000002004, 29.914896000002958 ], [ -95.63072100000204, 29.907530000002762 ], [ -95.634108000002442, 29.902289000002433 ], [ -95.620728000002046, 29.895521000002969 ], [ -95.645236000002086, 29.882395000003012 ], [ -95.645313000002446, 29.879209000002888 ], [ -95.633023000002567, 29.879316000003001 ], [ -95.621399000002398, 29.851418000002599 ], [ -95.605125000002033, 29.842441000002701 ], [ -95.569953000002542, 29.831804000002961 ], [ -95.569915000001913, 29.812935000002678 ], [ -95.617736000002793, 29.784665000002335 ], [ -95.590278000002257, 29.784552000002304 ], [ -95.590250000002101, 29.782692000002939 ], [ -95.585102000002479, 29.765525000002299 ], [ -95.589368000001784, 29.759918000002525 ], [ -95.586601000002801, 29.747445000002308 ], [ -95.576165000002021, 29.736616000002968 ], [ -95.581199000002087, 29.736557000002851 ], [ -95.592627000002565, 29.736297000002896 ], [ -95.598089000002304, 29.736201000002353 ], [ -95.605839000002504, 29.736178000002941 ], [ -95.604669000001834, 29.714322000002841 ], [ -95.592222000002039, 29.715393000002791 ], [ -95.583955000002646, 29.716062000002676 ], [ -95.57538100000194, 29.703865000002995 ], [ -95.595905000002602, 29.689088000002783 ], [ -95.574651000002561, 29.688044000002581 ], [ -95.574577000002634, 29.682688000002521 ], [ -95.574475000002138, 29.67447200000251 ], [ -95.577264000002643, 29.674628000002802 ], [ -95.58398200000272, 29.660134000002405 ], [ -95.591154000002078, 29.675475000002493 ], [ -95.598808000002634, 29.676937000002841 ], [ -95.603413000002305, 29.681402000002933 ], [ -95.610577000002394, 29.68324400000294 ], [ -95.623178000002355, 29.674298000002985 ], [ -95.643636000002687, 29.685934000002195 ], [ -95.652194000002083, 29.690826000002165 ], [ -95.670872000002362, 29.700991000002581 ], [ -95.671272000002617, 29.701192000002816 ], [ -95.687082000002405, 29.710078000002341 ], [ -95.688349000002205, 29.710862000002987 ], [ -95.711153000001957, 29.723524000002907 ], [ -95.730396000002713, 29.734296000002463 ], [ -95.751446000002161, 29.746472000002857 ], [ -95.775838000001954, 29.760448000002196 ] ] ] } },
{ "type": "Feature", "properties": { "opt_all": 9, "population": 766897.0, "voting_age_pop": 568105.0, "dem_votes": 121068.0, "rep_votes": 105151.0, "minority_pop": 393000.0, "dem_pct": 0.53518051068425709, "rep_pct": 0.4648194888736934 }, "geometry": { "type": "Polygon", "coordinates": [ [ [ -95.30812100000216, 28.858830000002275 ], [ -95.322113000002275, 28.834442000002596 ], [ -95.401434000002439, 28.80594200000257 ], [ -95.420071000001798, 28.805625000002621 ], [ -95.495650000001802, 28.764837000002984 ], [ -95.507086000002715, 28.825001000002249 ], [ -95.567708000001815, 28.829758000002712 ], [ -95.579240000002358, 28.859613000002316 ], [ -95.641670000002762, 28.903749000003049 ], [ -95.645822000002042, 28.938888000002574 ], [ -95.690494000001962, 28.96465700000282 ], [ -95.702192000001858, 28.96931100000257 ], [ -95.764937000002703, 28.96735900000224 ], [ -95.769182000002317, 28.98269100000228 ], [ -95.789293000002843, 29.069963000002556 ], [ -95.841499000002486, 29.098620000002207 ], [ -95.837541000002119, 29.129914000002241 ], [ -95.854889000002018, 29.190841000002223 ], [ -95.874028000002198, 29.229702000002696 ], [ -95.841948000002759, 29.258707000002858 ], [ -95.847656000002758, 29.262590000002319 ], [ -95.797820000002474, 29.307971000002812 ], [ -95.752866000002044, 29.324503000002927 ], [ -95.71686000000264, 29.313236000002888 ], [ -95.654355000002596, 29.290945000002417 ], [ -95.590793000002563, 29.327485000002284 ], [ -95.572341000001884, 29.383826000002809 ], [ -95.547577000001795, 29.395197000002984 ], [ -95.550622000001823, 29.438306000002878 ], [ -95.46260200000188, 29.439238000002153 ], [ -95.450385000002598, 29.484228000002538 ], [ -95.44630000000204, 29.499637000002881 ], [ -95.443391000001839, 29.510211000002496 ], [ -95.437241000002643, 29.532827000002751 ], [ -95.435305000001904, 29.539925000002473 ], [ -95.431186000002683, 29.554921000002672 ], [ -95.424286000002141, 29.580312000002504 ], [ -95.44633900000224, 29.59069800000281 ], [ -95.44697000000204, 29.590978000003005 ], [ -95.448513000002478, 29.59174900000286 ], [ -95.458191000002202, 29.596293000002401 ], [ -95.465045000001936, 29.599599000002566 ], [ -95.464913000002525, 29.61524000000253 ], [ -95.445890000002763, 29.613330000002271 ], [ -95.445970000002561, 29.618780000002964 ], [ -95.421562000002623, 29.619869000003039 ], [ -95.421630000002637, 29.627995000002461 ], [ -95.402109000002, 29.657536000002285 ], [ -95.397207000002282, 29.670282000003024 ], [ -95.402111000002478, 29.70139500000251 ], [ -95.384616000001841, 29.70569900000265 ], [ -95.382091000002518, 29.713104000002545 ], [ -95.374689000002604, 29.713447000002311 ], [ -95.356546000002041, 29.709705000002831 ], [ -95.339025000002366, 29.714093000002549 ], [ -95.332917000002041, 29.714372000002221 ], [ -95.331527000002197, 29.710164000002337 ], [ -95.32666400000268, 29.695466000002423 ], [ -95.320999000001962, 29.698990000002929 ], [ -95.310691000002677, 29.712200000002905 ], [ -95.328369000002482, 29.722796000002393 ], [ -95.32484200000242, 29.726314000002361 ], [ -95.314247000002439, 29.73726300000304 ], [ -95.32812900000188, 29.741651000002832 ], [ -95.316515000002184, 29.754833000002527 ], [ -95.320046000002719, 29.756118000002932 ], [ -95.312551000002316, 29.772883000002437 ], [ -95.312434000002341, 29.774420000002532 ], [ -95.297576000002778, 29.775567000002869 ], [ -95.291251000002674, 29.777891000002793 ], [ -95.284036000002658, 29.778115000002952 ], [ -95.283805000002687, 29.767927000002743 ], [ -95.28378000000248, 29.765994000002888 ], [ -95.283498000002439, 29.750098000002971 ], [ -95.281119000002718, 29.748560000002943 ], [ -95.265425000002793, 29.738245000002618 ], [ -95.253778000002313, 29.730372000002649 ], [ -95.243782000002199, 29.72582300000262 ], [ -95.245544000002198, 29.719676000002536 ], [ -95.243021000002486, 29.719087000002386 ], [ -95.239984000001883, 29.71930700000302 ], [ -95.24035700000212, 29.758837000002561 ], [ -95.219234000002075, 29.759597000002191 ], [ -95.211885000002766, 29.726526000002448 ], [ -95.172964000002565, 29.746931000002796 ], [ -95.170185000002434, 29.746822000002709 ], [ -95.168944000001957, 29.746898000002801 ], [ -95.131188000002695, 29.733782000002648 ], [ -95.089443000002177, 29.761147000002602 ], [ -95.087508000002515, 29.762926000002345 ], [ -95.079475000002518, 29.763700000002167 ], [ -95.023388000002726, 29.726402000002217 ], [ -95.017141000002795, 29.703215000002857 ], [ -95.036623000002081, 29.686744000002516 ], [ -95.039174000002561, 29.665140000002673 ], [ -95.046385000002161, 29.665002000002232 ], [ -95.071521000001965, 29.659476000002488 ], [ -95.086920000001953, 29.664381000002251 ], [ -95.086424000002197, 29.651413000002179 ], [ -95.114394000002264, 29.641318000002808 ], [ -95.12917400000272, 29.65049300000268 ], [ -95.143583000002423, 29.650350000003058 ], [ -95.1713580000023, 29.649518000002541 ], [ -95.172234000002646, 29.665319000002455 ], [ -95.132672000002515, 29.663504000002341 ], [ -95.140181000002514, 29.675368000002248 ], [ -95.144102000002405, 29.67764000000243 ], [ -95.143942000002085, 29.678079000002587 ], [ -95.153567000001843, 29.698149000002601 ], [ -95.171084000002807, 29.694914000002235 ], [ -95.172983000001963, 29.694668000002626 ], [ -95.182144000001998, 29.70008900000299 ], [ -95.197398000002806, 29.712465000002688 ], [ -95.201273000002601, 29.712109000002808 ], [ -95.201047000002404, 29.698129000002528 ], [ -95.214938000002675, 29.698024000002309 ], [ -95.216569000002707, 29.71069600000251 ], [ -95.228138000002005, 29.707658000002287 ], [ -95.256898000002082, 29.707815000002444 ], [ -95.262487000001755, 29.698558000002748 ], [ -95.251555000002242, 29.687494000002982 ], [ -95.257699000002461, 29.67241800000286 ], [ -95.262384000001873, 29.669189000002309 ], [ -95.271285000002166, 29.679145000002755 ], [ -95.272050000002324, 29.674266000002696 ], [ -95.272000000001967, 29.672733000002385 ], [ -95.267626000002224, 29.657864000002689 ], [ -95.264514000001782, 29.656075000003025 ], [ -95.264613000001958, 29.632473000002896 ], [ -95.266784000001834, 29.62282700000215 ], [ -95.245396000002359, 29.61789400000254 ], [ -95.238846000002354, 29.61048300000218 ], [ -95.246269000002044, 29.602004000002236 ], [ -95.250304000002075, 29.598332000002681 ], [ -95.260292000002522, 29.589883000002786 ], [ -95.258677000002038, 29.573286000002675 ], [ -95.252489000002541, 29.557980000002551 ], [ -95.253952000002556, 29.553943000002473 ], [ -95.218443000002679, 29.55922800000247 ], [ -95.21595200000246, 29.557787000002243 ], [ -95.216422000002126, 29.55608000000252 ], [ -95.219091000002805, 29.541246000002516 ], [ -95.221862000002474, 29.526521000002436 ], [ -95.223404000002802, 29.517562000002311 ], [ -95.223994000002406, 29.514422000002298 ], [ -95.231808000001976, 29.472576000002721 ], [ -95.225430000001921, 29.453997000002548 ], [ -95.209340000001873, 29.429980000003003 ], [ -95.19591800000272, 29.409460000002525 ], [ -95.192190000002526, 29.404367000003003 ], [ -95.119749000002116, 29.295840000002364 ], [ -95.056528000002302, 29.199934000002177 ], [ -95.129935000002206, 29.085618000002963 ], [ -95.091622000002459, 29.062739000002324 ], [ -95.094336000002585, 29.032240000002801 ], [ -95.206428000001821, 28.926692000002749 ], [ -95.257070000002784, 28.890363000002282 ], [ -95.30812100000216, 28.858830000002275 ] ] ] } },
{ "type": "Feature", "properties": { "opt_all": 10, "population": 765217.0, "voting_age_pop": 593301.0, "dem_votes": 80689.0, "rep_votes": 173377.0, "minority_pop": 268872.0, "dem_pct": 0.3175907046524955, "rep_pct": 0.6824092949539059 }, "geometry": { "type": "Polygon", "coordinates": [ [ [ -97.062863000002224, 29.197900000002782 ], [ -97.148614000002496, 29.289446000002691 ], [ -97.148994000002205, 29.289866000002675 ], [ -97.160889000002783, 29.302216000002641 ], [ -97.20269600000276, 29.34558700000261 ], [ -97.240108000002479, 29.384488000002552 ], [ -97.219593000002646, 29.45093600000288 ], [ -97.211244000002324, 29.478298000002329 ], [ -97.197872000002647, 29.585472000002905 ], [ -97.142643000002593, 29.628101000002161 ], [ -97.130517000002641, 29.64329600000281 ], [ -97.292785000002795, 29.765507000002525 ], [ -97.317893000002002, 29.784658000002111 ], [ -97.31582300000224, 29.786541000002337 ], [ -97.194235000002678, 29.896776000002266 ], [ -97.107179000002517, 29.975232000002151 ], [ -97.086458000002338, 29.994298000002303 ], [ -97.024461000002518, 30.051435000002819 ], [ -97.048210000002555, 30.137947000002558 ], [ -97.063361000002615, 30.192943000002487 ], [ -97.073527000002045, 30.229530000002711 ], [ -97.081834000002203, 30.259357000002453 ], [ -97.136284000002718, 30.295667000002819 ], [ -97.158811000002686, 30.310695000002791 ], [ -97.251707000001858, 30.362848000002273 ], [ -97.334463000002486, 30.402843000002665 ], [ -97.177212000002001, 30.450599000002661 ], [ -97.155219000002759, 30.457344000002159 ], [ -97.071052000002723, 30.501187000002783 ], [ -97.051648000002416, 30.511560000002579 ], [ -96.996207000002642, 30.540381000002164 ], [ -96.963630000002567, 30.557198000002483 ], [ -96.876674000002595, 30.601465000002776 ], [ -96.857572000002705, 30.611219000002318 ], [ -96.735349000002842, 30.672746000002455 ], [ -96.734999000002759, 30.672921000002109 ], [ -96.621423000001798, 30.730764000002864 ], [ -96.566983000001841, 30.695670000002572 ], [ -96.503491000002199, 30.723950000002997 ], [ -96.490842000001919, 30.729703000002736 ], [ -96.456599000002086, 30.746302000002892 ], [ -96.42140600000242, 30.79736100000251 ], [ -96.398138000001978, 30.841176000002648 ], [ -96.382611000002157, 30.870342000002861 ], [ -96.349364000002524, 30.911423000002923 ], [ -96.266289000002203, 30.961966000002704 ], [ -96.241020000001939, 30.973737000002156 ], [ -96.170918000002018, 30.994400000002759 ], [ -96.048912000002005, 31.068136000002788 ], [ -95.996126000002803, 31.08117400000215 ], [ -95.988775000002235, 31.086167000002281 ], [ -95.973841000002196, 31.09215000000269 ], [ -95.764410000002087, 31.094211000002705 ], [ -95.699751000002721, 31.077537000002629 ], [ -95.64853800000256, 31.07000500000219 ], [ -95.629250000002216, 31.046373000002479 ], [ -95.663180000002725, 31.033216000002643 ], [ -95.672597000002284, 30.976278000002957 ], [ -95.638683000002274, 30.926736000002919 ], [ -95.617872000002166, 30.930418000002629 ], [ -95.569217000002197, 30.895063000003052 ], [ -95.528812000002617, 30.925795000002218 ], [ -95.502121000001878, 30.913261000002212 ], [ -95.496629000001846, 30.798444000002657 ], [ -95.536978000002406, 30.766342000002393 ], [ -95.553689000002635, 30.762456000002189 ], [ -95.551492000001915, 30.727966000002489 ], [ -95.551239000001843, 30.712416000002975 ], [ -95.524704000002018, 30.707950000002331 ], [ -95.511093000002617, 30.710979000002222 ], [ -95.447126000002157, 30.706332000002217 ], [ -95.452625000002598, 30.717663000002627 ], [ -95.43138700000182, 30.745642000002817 ], [ -95.433099000002457, 30.792380000003018 ], [ -95.364766000002362, 30.804125000002323 ], [ -95.33029600000242, 30.828287000002401 ], [ -95.338625000002679, 30.737826000002919 ], [ -95.345863000001799, 30.634842000002195 ], [ -95.351439000002642, 30.577643000002599 ], [ -95.359156000002258, 30.50436900000253 ], [ -95.42608300000208, 30.508818000002183 ], [ -95.491514000001885, 30.50883100000247 ], [ -95.59887800000206, 30.508980000002929 ], [ -95.631050000002674, 30.525962000002988 ], [ -95.657021000002757, 30.539653000002733 ], [ -95.830240000001794, 30.630284000002337 ], [ -95.826891000002036, 30.59627200000261 ], [ -95.81747800000214, 30.500218000002381 ], [ -95.816840000002756, 30.492638000002358 ], [ -95.81192900000184, 30.431532000002282 ], [ -95.804335000002737, 30.314428000002188 ], [ -95.804306000002256, 30.245570000002349 ], [ -95.804097000002784, 30.226460000002461 ], [ -95.804000000002162, 30.189532000002369 ], [ -95.803886000002279, 30.178692000002975 ], [ -95.803330000002404, 30.090096000002305 ], [ -95.822019000002285, 30.08221300000293 ], [ -95.878592000001845, 30.120361000002411 ], [ -95.954124000001997, 30.144675000002653 ], [ -95.921173000002184, 30.055291000002654 ], [ -95.902338000001961, 30.002247000002537 ], [ -95.872965000002594, 29.919830000002506 ], [ -95.868966000002359, 29.908828000002813 ], [ -95.856851000002607, 29.874578000002167 ], [ -95.851512000002401, 29.86010800000259 ], [ -95.835991000002593, 29.816618000002208 ], [ -95.830196000002402, 29.800418000002853 ], [ -95.825975000002558, 29.788616000002978 ], [ -95.869072000002063, 29.771863000002568 ], [ -95.871646000002301, 29.770888000002227 ], [ -95.874118000002724, 29.770000000002497 ], [ -95.884940000002359, 29.765835000002397 ], [ -95.88466700000258, 29.730395000002805 ], [ -95.846334000002443, 29.734275000002881 ], [ -95.846165000002316, 29.717894000002584 ], [ -95.845917000002046, 29.694699000002274 ], [ -95.813021000002323, 29.69736400000275 ], [ -95.77547000000196, 29.700572000002506 ], [ -95.762633000001856, 29.67914800000236 ], [ -95.758338000002567, 29.662926000002905 ], [ -95.743775000001918, 29.643515000002377 ], [ -95.743612000002159, 29.625030000002951 ], [ -95.743502000002081, 29.623600000002824 ], [ -95.733306000002315, 29.625973000002674 ], [ -95.713962000001914, 29.620959000002799 ], [ -95.713560000002161, 29.598579000002793 ], [ -95.715496000002204, 29.598378000002171 ], [ -95.70835800000242, 29.573915000002675 ], [ -95.746597000002737, 29.576624000002909 ], [ -95.74935500000224, 29.57360900000247 ], [ -95.741145000002604, 29.549227000002713 ], [ -95.747206000002762, 29.546646000002958 ], [ -95.742454000002382, 29.543404000002564 ], [ -95.745204000002474, 29.538107000002942 ], [ -95.758545000002599, 29.482400000002301 ], [ -95.771700000002596, 29.469088000002792 ], [ -95.831340000002484, 29.433829000002991 ], [ -95.839162000002702, 29.440363000002385 ], [ -95.861947000001877, 29.419269000002405 ], [ -95.9084400000024, 29.418579000002651 ], [ -95.897025000002103, 29.379162000002875 ], [ -95.93743400000244, 29.358086000002935 ], [ -95.949463000001998, 29.335318000002975 ], [ -95.892753000002202, 29.310937000002415 ], [ -95.874240000002004, 29.26653800000248 ], [ -95.847656000002758, 29.262590000002319 ], [ -95.841948000002759, 29.258707000002858 ], [ -95.874028000002198, 29.229702000002696 ], [ -95.854889000002018, 29.190841000002223 ], [ -95.837541000002119, 29.129914000002241 ], [ -95.841499000002486, 29.098620000002207 ], [ -95.789293000002843, 29.069963000002556 ], [ -95.769182000002317, 28.98269100000228 ], [ -95.764937000002703, 28.96735900000224 ], [ -95.702192000001858, 28.96931100000257 ], [ -95.690494000001962, 28.96465700000282 ], [ -95.645822000002042, 28.938888000002574 ], [ -95.641670000002762, 28.903749000003049 ], [ -95.579240000002358, 28.859613000002316 ], [ -95.567708000001815, 28.829758000002712 ], [ -95.507086000002715, 28.825001000002249 ], [ -95.495650000001802, 28.764837000002984 ], [ -95.660386000002276, 28.68475000000268 ], [ -95.77784500000196, 28.625266000003016 ], [ -96.078331000002436, 28.500001000002509 ], [ -96.18224200000256, 28.452036000002742 ], [ -96.258191000002441, 28.407872000002715 ], [ -96.271767000001915, 28.382934000002976 ], [ -96.320762000002645, 28.362868000002297 ], [ -96.352686000001839, 28.312923000002499 ], [ -96.395198000002239, 28.279736000002732 ], [ -96.367547000002816, 28.440465000003005 ], [ -96.36426300000204, 28.455779000002803 ], [ -96.322918000002005, 28.641875000002756 ], [ -96.323522000002043, 28.675597000002796 ], [ -96.316731000002264, 28.800478000002155 ], [ -96.315301000001938, 28.829111000002928 ], [ -96.311184000002342, 28.911478000002365 ], [ -96.310593000001845, 28.926315000002575 ], [ -96.310060000002153, 28.941035000002714 ], [ -96.309178000002561, 28.96329100000251 ], [ -96.613370000002618, 29.225583000002363 ], [ -96.640315000002516, 29.247804000002738 ], [ -96.658466000002036, 29.263876000002799 ], [ -96.847554000002802, 29.129680000002331 ], [ -96.938587000002116, 29.063244000002204 ], [ -96.976378000002114, 29.104046000002526 ], [ -97.062863000002224, 29.197900000002782 ] ] ] } },
{ "type": "Feature", "properties": { "opt_all": 11, "population": 765463.0, "voting_age_pop": 570723.0, "dem_votes": 82558.0, "rep_votes": 135776.0, "minority_pop": 267880.0, "dem_pct": 0.37812708951508828, "rep_pct": 0.62187291002689782 }, "geometry": { "type": "Polygon", "coordinates": [ [ [ -97.624051000002041, 30.870004000002623 ], [ -97.680300000002674, 30.879085000002767 ], [ -97.729870000002677, 30.88762300000209 ], [ -97.828100000001839, 30.904414000002554 ], [ -97.856872000001957, 30.955782000002394 ], [ -97.88657800000216, 31.001664000002208 ], [ -97.911689000002042, 31.035009000002475 ], [ -97.912654000002362, 31.05088600000219 ], [ -97.907100000002856, 31.069374000002913 ], [ -97.883841000002278, 31.081387000002611 ], [ -97.899743000002559, 31.118355000002342 ], [ -97.889612000001961, 31.120047000002369 ], [ -97.866911000002759, 31.147863000002527 ], [ -97.852507000002504, 31.199661000002259 ], [ -97.821958000002326, 31.234127000002609 ], [ -97.761384000002138, 31.207893000002915 ], [ -97.733903000002286, 31.21367500000283 ], [ -97.668420000002385, 31.223817000002807 ], [ -97.642352000002646, 31.205885000002151 ], [ -97.570341000002315, 31.24236000000279 ], [ -97.470072000002759, 31.293647000002373 ], [ -97.418606000002697, 31.320202000002496 ], [ -97.450552000002716, 31.366163000002363 ], [ -97.489105000001956, 31.421339000002543 ], [ -97.507773000002643, 31.447972000002125 ], [ -97.605230000002436, 31.587762000002765 ], [ -97.442033000002596, 31.666413000002631 ], [ -97.386556000002201, 31.692571000002609 ], [ -97.277265000001833, 31.74549200000267 ], [ -97.326530000002521, 31.788360000002591 ], [ -97.282060000002758, 31.843152000002497 ], [ -97.327145000001877, 31.841452000002558 ], [ -97.371497000002179, 31.866342000002263 ], [ -97.362715000002083, 31.891831000002185 ], [ -97.412483000002723, 31.909844000002703 ], [ -97.438765000002434, 31.933506000002616 ], [ -97.413609000002836, 31.949048000002612 ], [ -97.377570000002621, 31.980076000002079 ], [ -97.403525000002219, 31.986476000002884 ], [ -97.430538000001803, 32.028259000002556 ], [ -97.485968000002799, 32.017611000002447 ], [ -97.492092000002316, 32.059723000002691 ], [ -97.470665000001915, 32.086711000002076 ], [ -97.495850000001795, 32.128152000002892 ], [ -97.476086000002084, 32.173460000002308 ], [ -97.48749000000204, 32.171102000002278 ], [ -97.555211000002359, 32.149414000002295 ], [ -97.56847500000228, 32.176470000002737 ], [ -97.615055000001817, 32.203581000002565 ], [ -97.615120000002264, 32.215474000002857 ], [ -97.553666000002195, 32.240105000002828 ], [ -97.509752000001924, 32.287354000002722 ], [ -97.485599000002679, 32.263084000002173 ], [ -97.453815000002564, 32.278891000002595 ], [ -97.429810000001766, 32.244687000002727 ], [ -97.329063000002222, 32.279744000002218 ], [ -97.32502300000256, 32.280242000002872 ], [ -97.344130000002636, 32.317399000002091 ], [ -97.297365000001847, 32.364128000002665 ], [ -97.293497000001807, 32.365933000002443 ], [ -97.251181000002418, 32.381213000002056 ], [ -97.21009800000256, 32.381884000002096 ], [ -97.188210000002726, 32.416054000002376 ], [ -97.159948000001862, 32.419614000002333 ], [ -97.150457000002234, 32.423994000002068 ], [ -97.170725000002719, 32.454127000002586 ], [ -97.227408000002598, 32.472769000002657 ], [ -97.146636000001834, 32.518509000002467 ], [ -97.140980000001775, 32.550077000002375 ], [ -97.129896000002219, 32.549808000002422 ], [ -97.087054000002794, 32.549263000002426 ], [ -97.087047000002499, 32.441200000002809 ], [ -97.087044000001782, 32.413281000002151 ], [ -97.087059000002284, 32.365280000002095 ], [ -97.086117000002815, 32.265471000002428 ], [ -97.050794000002554, 32.213673000002522 ], [ -96.998057000002035, 32.135530000002674 ], [ -96.937341000002576, 32.05372100000244 ], [ -96.896209000002642, 32.073977000002152 ], [ -96.833288000001957, 31.980849000002522 ], [ -96.901703000002641, 31.965813000002925 ], [ -96.96344700000202, 31.939492000002534 ], [ -96.984384000001967, 31.908297000002268 ], [ -96.966822000002523, 31.881820000002197 ], [ -96.971645000002439, 31.879485000002884 ], [ -97.002901000002581, 31.862326000002412 ], [ -96.997344000001817, 31.803704000002643 ], [ -96.983923000002619, 31.783855000002692 ], [ -96.971768000001873, 31.765901000002295 ], [ -96.948635000002824, 31.732430000002729 ], [ -96.93221500000206, 31.708887000002729 ], [ -96.919150000002745, 31.690433000002862 ], [ -96.876183000002115, 31.629250000002457 ], [ -96.8211630000024, 31.550823000002335 ], [ -96.820027000001801, 31.54924700000214 ], [ -96.816345000002585, 31.544122000002695 ], [ -96.801123000002676, 31.522269000002584 ], [ -96.721962000002193, 31.406224000002886 ], [ -96.712542000002514, 31.392040000002915 ], [ -96.596862000002417, 31.220900000002558 ], [ -96.830497000002424, 31.105220000002149 ], [ -96.78695000000188, 31.061030000002923 ], [ -96.758925000002279, 30.979833000002216 ], [ -96.769160000002799, 30.958520000002373 ], [ -96.733220000002675, 30.901670000002639 ], [ -96.684868000002794, 30.906045000002891 ], [ -96.695484000001841, 30.866020000002127 ], [ -96.679176000002158, 30.844048000002129 ], [ -96.661054000002181, 30.829686000002383 ], [ -96.622244000001956, 30.773063000002121 ], [ -96.621423000001798, 30.730764000002864 ], [ -96.734999000002759, 30.672921000002109 ], [ -96.735349000002842, 30.672746000002455 ], [ -96.857572000002705, 30.611219000002318 ], [ -96.876674000002595, 30.601465000002776 ], [ -96.963630000002567, 30.557198000002483 ], [ -96.996207000002642, 30.540381000002164 ], [ -97.051648000002416, 30.511560000002579 ], [ -97.071052000002723, 30.501187000002783 ], [ -97.155219000002759, 30.457344000002159 ], [ -97.252409000001975, 30.693473000002591 ], [ -97.26783600000276, 30.730259000002121 ], [ -97.307818000002726, 30.749572000002821 ], [ -97.315485000002525, 30.75236300000212 ], [ -97.51306700000282, 30.827711000002473 ], [ -97.551628000002182, 30.842452000002769 ], [ -97.624051000002041, 30.870004000002623 ] ] ] } },
{ "type": "Feature", "properties": { "opt_all": 12, "population": 767659.0, "voting_age_pop": 573054.0, "dem_votes": 90629.0, "rep_votes": 156412.0, "minority_pop": 246353.0, "dem_pct": 0.36685813271203638, "rep_pct": 0.63314186688317242 }, "geometry": { "type": "Polygon", "coordinates": [ [ [ -98.045892000002041, 32.459695000002107 ], [ -98.0685450000027, 32.511626000002543 ], [ -98.066836000002681, 32.558822000002209 ], [ -97.919326000001817, 32.557101000002746 ], [ -97.875071000001881, 32.557354000002114 ], [ -97.823876000002684, 32.557101000002028 ], [ -97.799721000002094, 32.556990000002266 ], [ -97.732059000001883, 32.556681000002911 ], [ -97.659693000002306, 32.555987000002148 ], [ -97.628450000002474, 32.555591000002316 ], [ -97.617066000002126, 32.55548400000206 ], [ -97.550582000002663, 32.555391000002651 ], [ -97.550368000001939, 32.580323000002664 ], [ -97.549569000002577, 32.681079000002406 ], [ -97.549086000002106, 32.70312000000289 ], [ -97.549008000001905, 32.720569000002612 ], [ -97.548601000001796, 32.744518000002088 ], [ -97.548201000001839, 32.776114000002288 ], [ -97.54759100000264, 32.826847000002694 ], [ -97.547097000002438, 32.856846000002662 ], [ -97.546979000001997, 32.863321000002713 ], [ -97.54620900000188, 32.886919000002322 ], [ -97.545885000002514, 32.90030000000251 ], [ -97.54572100000216, 32.907513000002524 ], [ -97.545179000002165, 32.929933000002144 ], [ -97.545079000002445, 32.935711000002442 ], [ -97.544181000001998, 32.994177000002878 ], [ -97.519863000002204, 32.994100000002227 ], [ -97.526648000001899, 32.912266000002241 ], [ -97.528006000002037, 32.906146000002842 ], [ -97.512806000002314, 32.893756000002533 ], [ -97.455280000002162, 32.898269000002237 ], [ -97.465691000002124, 32.916474000002417 ], [ -97.412054000002044, 32.924585000002125 ], [ -97.4170400000028, 32.96789800000208 ], [ -97.381634000002464, 32.968994000002162 ], [ -97.366708000002205, 32.969433000002333 ], [ -97.372832000002461, 32.924425000002408 ], [ -97.348728000002524, 32.915717000002317 ], [ -97.348853000001981, 32.909777000002393 ], [ -97.342777000002286, 32.884013000002433 ], [ -97.342470000002081, 32.881953000002078 ], [ -97.331707000002083, 32.89850800000206 ], [ -97.31709100000208, 32.881799000002829 ], [ -97.316725000002634, 32.872695000002629 ], [ -97.297144000001964, 32.873216000002877 ], [ -97.290436000001904, 32.872600000002535 ], [ -97.290073000002238, 32.860970000002339 ], [ -97.290673000002073, 32.839430000002736 ], [ -97.290644000001819, 32.820546000002786 ], [ -97.264483000002116, 32.820260000002655 ], [ -97.253402000002396, 32.819078000002229 ], [ -97.254665000002078, 32.831642000002262 ], [ -97.254706000002514, 32.831694000002237 ], [ -97.255620000002807, 32.833486000002232 ], [ -97.258340000002278, 32.835124000002217 ], [ -97.252850000002638, 32.840308000002842 ], [ -97.238729000002436, 32.840336000002473 ], [ -97.239075000002344, 32.823956000002561 ], [ -97.227831000002141, 32.823838000002866 ], [ -97.229263000002206, 32.8227610000027 ], [ -97.247083000002164, 32.809356000002133 ], [ -97.244387000001865, 32.809099000002178 ], [ -97.24867100000192, 32.807582000002327 ], [ -97.248953000001904, 32.807814000002672 ], [ -97.268833000002004, 32.796674000002312 ], [ -97.273153000002182, 32.794902000002899 ], [ -97.28541600000284, 32.795038000002414 ], [ -97.290609000002178, 32.795110000002126 ], [ -97.293594000002713, 32.795113000002793 ], [ -97.290645000002641, 32.780970000002931 ], [ -97.301550000002564, 32.780970000002661 ], [ -97.308576000002475, 32.780912000002495 ], [ -97.31876300000232, 32.780625000002765 ], [ -97.324341000001979, 32.784469000002829 ], [ -97.315565000001982, 32.795176000002378 ], [ -97.323476000001861, 32.795253000002731 ], [ -97.341630000002155, 32.784053000002665 ], [ -97.343280000002579, 32.772750000002546 ], [ -97.339367000002497, 32.773392000002914 ], [ -97.338406000002166, 32.772574000002756 ], [ -97.334199000002755, 32.759098000002894 ], [ -97.342384000002696, 32.758087000002398 ], [ -97.349399000002819, 32.74692100000275 ], [ -97.359891000001994, 32.734076000002581 ], [ -97.361499000002723, 32.733595000002687 ], [ -97.361906000002278, 32.748339000002552 ], [ -97.361542000001805, 32.751128000002488 ], [ -97.378218000002803, 32.744188000002097 ], [ -97.378514000002198, 32.739431000002249 ], [ -97.387635000002561, 32.73953400000206 ], [ -97.407892000002377, 32.73415300000223 ], [ -97.413503000002621, 32.734431000002068 ], [ -97.427841000002303, 32.734616000002049 ], [ -97.424717000002659, 32.724776000002706 ], [ -97.431790000002721, 32.721801000002117 ], [ -97.426817000002544, 32.712196000002386 ], [ -97.43848500000226, 32.709322000002693 ], [ -97.435957000002603, 32.699469000002281 ], [ -97.436216000002361, 32.699472000002871 ], [ -97.424366000002721, 32.696327000002711 ], [ -97.412469000002659, 32.689326000002659 ], [ -97.395110000001907, 32.682079000002105 ], [ -97.414163000002276, 32.68367500000263 ], [ -97.422717000002166, 32.661969000002387 ], [ -97.402509000001913, 32.662796000002771 ], [ -97.393053000002155, 32.681066000002787 ], [ -97.387214000002714, 32.678052000002566 ], [ -97.384984000002419, 32.671926000002678 ], [ -97.389902000002721, 32.667856000002587 ], [ -97.376949000002753, 32.663452000002408 ], [ -97.370487000002115, 32.662880000002893 ], [ -97.366535000002742, 32.662900000002175 ], [ -97.367684000002683, 32.649625000002821 ], [ -97.360573000002233, 32.648943000002703 ], [ -97.359603000002338, 32.634804000002099 ], [ -97.357653000002543, 32.634800000002564 ], [ -97.3616510000018, 32.625465000002656 ], [ -97.371490000002439, 32.614903000002215 ], [ -97.350866000002299, 32.612338000002261 ], [ -97.349690000002823, 32.614131000002629 ], [ -97.321538000002235, 32.613994000002094 ], [ -97.321485000002482, 32.627664000002248 ], [ -97.301301000002326, 32.6310230000025 ], [ -97.287118000002138, 32.616501000002685 ], [ -97.269920000002699, 32.616463000002078 ], [ -97.269982000002202, 32.623730000002574 ], [ -97.266131000002602, 32.629098000002649 ], [ -97.261370000001804, 32.630959000002264 ], [ -97.252667000002845, 32.64548400000276 ], [ -97.242945000002223, 32.656464000002615 ], [ -97.241629000002035, 32.654913000002182 ], [ -97.253989000001781, 32.623793000002095 ], [ -97.284059000002657, 32.603985000002702 ], [ -97.292881000002083, 32.591291000002435 ], [ -97.287891000002745, 32.552315000002658 ], [ -97.260456000002563, 32.551945000002512 ], [ -97.237409000002273, 32.551700000002569 ], [ -97.232799000001776, 32.55148400000283 ], [ -97.177040000002236, 32.550646000002551 ], [ -97.140980000001775, 32.550077000002375 ], [ -97.146636000001834, 32.518509000002467 ], [ -97.227408000002598, 32.472769000002657 ], [ -97.170725000002719, 32.454127000002586 ], [ -97.150457000002234, 32.423994000002068 ], [ -97.159948000001862, 32.419614000002333 ], [ -97.188210000002726, 32.416054000002376 ], [ -97.21009800000256, 32.381884000002096 ], [ -97.251181000002418, 32.381213000002056 ], [ -97.293497000001807, 32.365933000002443 ], [ -97.297365000001847, 32.364128000002665 ], [ -97.344130000002636, 32.317399000002091 ], [ -97.32502300000256, 32.280242000002872 ], [ -97.329063000002222, 32.279744000002218 ], [ -97.429810000001766, 32.244687000002727 ], [ -97.453815000002564, 32.278891000002595 ], [ -97.485599000002679, 32.263084000002173 ], [ -97.509752000001924, 32.287354000002722 ], [ -97.553666000002195, 32.240105000002828 ], [ -97.615120000002264, 32.215474000002857 ], [ -97.615055000001817, 32.203581000002565 ], [ -97.666322000001983, 32.188817000002238 ], [ -97.692475000002446, 32.175244000002486 ], [ -97.83535500000248, 32.102342000002821 ], [ -97.864864000002299, 32.087328000002771 ], [ -97.904938000002161, 32.158473000002523 ], [ -97.945625000002366, 32.23346800000229 ], [ -97.950265000002162, 32.244263000002093 ], [ -98.033972000001967, 32.432651000002259 ], [ -98.045892000002041, 32.459695000002107 ] ] ] } },
{ "type": "Feature", "properties": { "opt_all": 13, "population": 765788.0, "voting_age_pop": 562216.0, "dem_votes": 44251.0, "rep_votes": 180607.0, "minority_pop": 265679.0, "dem_pct": 0.19679531073086334, "rep_pct": 0.80320468882441154 }, "geometry": { "type": "Polygon", "coordinates": [ [ [ -103.7821300000018, 31.766692000001928 ], [ -103.809458000002081, 31.794317000001829 ], [ -103.814990000002638, 31.852142000002189 ], [ -103.839642000002002, 31.889395000002629 ], [ -103.864440000002446, 31.874400000002439 ], [ -103.912248000002805, 31.902424000002497 ], [ -103.922396000002138, 31.942527000001778 ], [ -103.948592000002634, 31.954483000001979 ], [ -103.951922000002241, 31.987419000002227 ], [ -103.980179000002678, 32.000125000001937 ], [ -103.578757000002696, 32.000303000001907 ], [ -103.326501000002565, 32.000369000002166 ], [ -103.064510000002841, 32.000424000002567 ], [ -103.064516000002797, 32.087051000001992 ], [ -103.064558000002776, 32.145126000002392 ], [ -103.064696000002456, 32.522193000001785 ], [ -103.06467100000242, 32.726960000001952 ], [ -103.064768000002744, 32.879355000002214 ], [ -103.064696000002755, 32.959099000001864 ], [ -103.062074000002596, 33.124318000002589 ], [ -103.056485000001842, 33.388414000002427 ], [ -103.050032000002034, 33.702063000002305 ], [ -103.047409000002077, 33.824674000002638 ], [ -103.043797000002016, 34.092865000002242 ], [ -103.043762000002658, 34.312750000001799 ], [ -103.043406000002037, 34.510408000002499 ], [ -103.043286000001885, 34.651771000002441 ], [ -103.042982000002183, 34.747361000002499 ], [ -103.042628000002082, 35.032445000002504 ], [ -103.042511000002762, 35.183157000002197 ], [ -103.041706000002719, 35.622488000002051 ], [ -103.041660000001926, 35.650950000002453 ], [ -103.041062000002313, 36.055226000002087 ], [ -103.041713000002218, 36.500439000001755 ], [ -102.894092000002701, 36.500264000001692 ], [ -102.643089000002604, 36.500488000002491 ], [ -102.366476000002478, 36.500396000001707 ], [ -102.162463000002717, 36.500326000002254 ], [ -101.973778000002724, 36.500165000002418 ], [ -101.623915000001745, 36.499528000002584 ], [ -101.440011000002116, 36.499374000002163 ], [ -101.330412000001886, 36.499561000002551 ], [ -101.085156000002314, 36.499244000002534 ], [ -100.806182000002622, 36.499674000001868 ], [ -100.546145000002682, 36.499343000001822 ], [ -100.421425000001861, 36.499480000002634 ], [ -100.310969000001776, 36.499629000002358 ], [ -100.258246000002799, 36.499814000002637 ], [ -100.000406000001846, 36.499702000002621 ], [ -100.0004000000026, 36.260226000002369 ], [ -100.000399000002659, 36.055677000001857 ], [ -100.000396000002326, 35.87919800000212 ], [ -100.000393000002617, 35.745219000002443 ], [ -100.000392000001966, 35.619115000002012 ], [ -99.999649000001838, 35.429774000002013 ], [ -100.000387000002675, 35.300072000002338 ], [ -100.000385000002154, 35.182702000002166 ], [ -100.252431000002716, 35.182902000002485 ], [ -100.272707000001802, 35.182926000001935 ], [ -100.449473000001802, 35.183001000002129 ], [ -100.538978000002544, 35.18314400000267 ], [ -100.539646000002804, 34.993913000002607 ], [ -100.660646000002075, 34.976856000002158 ], [ -100.696089000002104, 34.962405000002526 ], [ -100.696017000002485, 34.97689000000247 ], [ -100.82398500000204, 34.976540000002039 ], [ -100.865715000002481, 34.962441000002258 ], [ -100.882877000002239, 34.926103000002456 ], [ -100.898401000002622, 34.943121000002378 ], [ -100.971298000002562, 34.947045000001907 ], [ -100.999195000001819, 34.975909000002588 ], [ -101.088239000002204, 34.981890000002309 ], [ -101.09074900000212, 34.748246000002034 ], [ -100.94493900000252, 34.748281000002535 ], [ -100.945220000001925, 34.629966000002383 ], [ -100.946132000002478, 34.312759000002423 ], [ -100.728641000002199, 34.313306000001873 ], [ -100.693665000002838, 34.313300000002599 ], [ -100.517340000002065, 34.314102000001959 ], [ -100.518362000001957, 34.167737000002148 ], [ -100.518088000002194, 34.003886000001927 ], [ -100.518224000002107, 33.956366000002717 ], [ -100.518691000002761, 33.835650000002445 ], [ -100.518166000002424, 33.689954000002047 ], [ -100.517960000001835, 33.591631000002494 ], [ -100.517449000002117, 33.397866000002466 ], [ -100.64712200000244, 33.399051000002345 ], [ -100.859554000002404, 33.398130000002489 ], [ -101.038788000002455, 33.397214000002052 ], [ -101.200343000002604, 33.396904000002131 ], [ -101.385501000001895, 33.395909000002703 ], [ -101.4372130000027, 33.395572000002659 ], [ -101.55688400000264, 33.39476000000186 ], [ -101.557611000001998, 33.456002000001902 ], [ -101.560354000001837, 33.624002000002072 ], [ -101.563580000001835, 33.830451000002036 ], [ -101.677098000002715, 33.829393000002426 ], [ -101.700569000002162, 33.829089000002426 ], [ -101.840644000002314, 33.827291000002091 ], [ -101.854143000002296, 33.827243000001957 ], [ -101.906149000002443, 33.826642000002522 ], [ -102.085733000001881, 33.824675000002522 ], [ -102.083442000001838, 33.722865000002479 ], [ -102.083338000002399, 33.718384000002111 ], [ -102.082104000002559, 33.665031000001846 ], [ -102.081364000002438, 33.635788000002677 ], [ -102.080422000002258, 33.582649000002299 ], [ -102.080455000002843, 33.582374000001835 ], [ -102.078258000002478, 33.490602000002326 ], [ -102.075929000002844, 33.389586000002396 ], [ -102.075904000002765, 33.283079000002211 ], [ -102.075871000002834, 33.254299000002256 ], [ -102.075933000002422, 33.23983800000245 ], [ -102.075926000002241, 33.181219000002315 ], [ -102.075825000002794, 33.169727000002474 ], [ -102.075782000002235, 33.123635000001798 ], [ -102.076214000002082, 32.959702000002423 ], [ -102.015727000001917, 32.960206000002415 ], [ -101.981113000001997, 32.960398000001909 ], [ -101.754781000002723, 32.961304000002478 ], [ -101.691284000002526, 32.961838000002679 ], [ -101.691094000002039, 32.886346000002696 ], [ -101.690881000001994, 32.859620000002622 ], [ -101.690162000002601, 32.751706000002073 ], [ -101.689762000002816, 32.694101000001929 ], [ -101.689256000002473, 32.620291000002062 ], [ -101.68874000000234, 32.525222000002387 ], [ -101.690320000002075, 32.391406000002284 ], [ -101.691853000002084, 32.300048000002512 ], [ -101.692269000002739, 32.271062000002743 ], [ -101.693976000001925, 32.164299000002011 ], [ -101.695011000002495, 32.087532000002057 ], [ -101.772008000002245, 32.086882000002433 ], [ -101.77608500000224, 32.08692500000268 ], [ -101.775878000002194, 31.907452000001985 ], [ -101.775886000002799, 31.828852000002207 ], [ -101.775932000001944, 31.774230000001893 ], [ -101.775802000002685, 31.651319000002431 ], [ -102.042823000002485, 31.651608000002199 ], [ -102.203009000002353, 31.651585000002282 ], [ -102.287345000002205, 31.651276000002188 ], [ -102.287433000002153, 31.873681000002289 ], [ -102.287430000002004, 31.873929000002629 ], [ -102.287338000001895, 31.896900000002223 ], [ -102.287331000002055, 31.932892000002681 ], [ -102.287392000002754, 31.950540000001858 ], [ -102.2870480000024, 32.086991000002548 ], [ -102.450601000001839, 32.087018000002459 ], [ -102.799086000002276, 32.085795000001895 ], [ -102.797574000002399, 31.770740000002331 ], [ -102.798939000002079, 31.651783000002084 ], [ -102.889627000002605, 31.651421000002028 ], [ -103.085229000002059, 31.65146000000227 ], [ -103.155742000002562, 31.651465000001828 ], [ -103.327538000002519, 31.651420000002496 ], [ -103.610887000002606, 31.651802000002515 ], [ -103.626390000001877, 31.668649000001867 ], [ -103.625726000001876, 31.705032000002085 ], [ -103.659466000002155, 31.710398000002257 ], [ -103.700603000002005, 31.74839500000239 ], [ -103.746809000002685, 31.739509000002247 ], [ -103.7821300000018, 31.766692000001928 ] ] ] } },
{ "type": "Feature", "properties": { "opt_all": 14, "population": 765876.0, "voting_age_pop": 577648.0, "dem_votes": 102024.0, "rep_votes": 138056.0, "minority_pop": 315624.0, "dem_pct": 0.42495834704058716, "rep_pct": 0.57504165254288497 }, "geometry": { "type": "Polygon", "coordinates": [ [ [ -95.223994000002406, 29.514422000002298 ], [ -95.223404000002802, 29.517562000002311 ], [ -95.221862000002474, 29.526521000002436 ], [ -95.219091000002805, 29.541246000002516 ], [ -95.216422000002126, 29.55608000000252 ], [ -95.21595200000246, 29.557787000002243 ], [ -95.218443000002679, 29.55922800000247 ], [ -95.253952000002556, 29.553943000002473 ], [ -95.252489000002541, 29.557980000002551 ], [ -95.258677000002038, 29.573286000002675 ], [ -95.260292000002522, 29.589883000002786 ], [ -95.250304000002075, 29.598332000002681 ], [ -95.246269000002044, 29.602004000002236 ], [ -95.238846000002354, 29.61048300000218 ], [ -95.245396000002359, 29.61789400000254 ], [ -95.266784000001834, 29.62282700000215 ], [ -95.264613000001958, 29.632473000002896 ], [ -95.264514000001782, 29.656075000003025 ], [ -95.267626000002224, 29.657864000002689 ], [ -95.272000000001967, 29.672733000002385 ], [ -95.272050000002324, 29.674266000002696 ], [ -95.271285000002166, 29.679145000002755 ], [ -95.262384000001873, 29.669189000002309 ], [ -95.257699000002461, 29.67241800000286 ], [ -95.251555000002242, 29.687494000002982 ], [ -95.262487000001755, 29.698558000002748 ], [ -95.256898000002082, 29.707815000002444 ], [ -95.228138000002005, 29.707658000002287 ], [ -95.216569000002707, 29.71069600000251 ], [ -95.214938000002675, 29.698024000002309 ], [ -95.201047000002404, 29.698129000002528 ], [ -95.201273000002601, 29.712109000002808 ], [ -95.197398000002806, 29.712465000002688 ], [ -95.182144000001998, 29.70008900000299 ], [ -95.172983000001963, 29.694668000002626 ], [ -95.171084000002807, 29.694914000002235 ], [ -95.153567000001843, 29.698149000002601 ], [ -95.143942000002085, 29.678079000002587 ], [ -95.144102000002405, 29.67764000000243 ], [ -95.140181000002514, 29.675368000002248 ], [ -95.132672000002515, 29.663504000002341 ], [ -95.172234000002646, 29.665319000002455 ], [ -95.1713580000023, 29.649518000002541 ], [ -95.143583000002423, 29.650350000003058 ], [ -95.12917400000272, 29.65049300000268 ], [ -95.114394000002264, 29.641318000002808 ], [ -95.086424000002197, 29.651413000002179 ], [ -95.086920000001953, 29.664381000002251 ], [ -95.071521000001965, 29.659476000002488 ], [ -95.046385000002161, 29.665002000002232 ], [ -95.039174000002561, 29.665140000002673 ], [ -95.036623000002081, 29.686744000002516 ], [ -95.017141000002795, 29.703215000002857 ], [ -94.978845000002678, 29.676731000002711 ], [ -95.010730000002383, 29.650537000002505 ], [ -95.015362000002156, 29.634475000002642 ], [ -94.987905000002314, 29.594817000002468 ], [ -95.018205000002041, 29.554597000002349 ], [ -95.001760000002804, 29.525383000002815 ], [ -94.962128000002238, 29.507341000002636 ], [ -94.909707000002058, 29.497044000002724 ], [ -94.878775000002022, 29.513471000003086 ], [ -94.833380000001782, 29.516906000002617 ], [ -94.806244000002422, 29.54244700000234 ], [ -94.762569000002159, 29.52416200000285 ], [ -94.705198000001943, 29.538231000002384 ], [ -94.597389000002025, 29.562075000002945 ], [ -94.5459080000022, 29.572503000002826 ], [ -94.498177000002244, 29.544822000002942 ], [ -94.42286800000204, 29.566256000002319 ], [ -94.388519000002717, 29.595696000002565 ], [ -94.371620000002125, 29.597209000002643 ], [ -94.369361000001916, 29.500620000002797 ], [ -94.499452000001995, 29.452337000002519 ], [ -94.61302500000248, 29.40291000000245 ], [ -94.650311000002674, 29.382820000003001 ], [ -94.626202000002777, 29.352125000002651 ], [ -94.635202000001797, 29.311996000002416 ], [ -94.666220000002085, 29.28104700000295 ], [ -94.713311000001994, 29.28252100000277 ], [ -94.772258000002239, 29.232014000002863 ], [ -94.783924000002514, 29.226182000002307 ], [ -94.795963000002644, 29.220179000002823 ], [ -94.811966000002755, 29.212199000002553 ], [ -94.912171000002118, 29.159318000002976 ], [ -95.000202000001963, 29.104452000002411 ], [ -95.091622000002459, 29.062739000002324 ], [ -95.129935000002206, 29.085618000002963 ], [ -95.056528000002302, 29.199934000002177 ], [ -95.119749000002116, 29.295840000002364 ], [ -95.192190000002526, 29.404367000003003 ], [ -95.19591800000272, 29.409460000002525 ], [ -95.209340000001873, 29.429980000003003 ], [ -95.225430000001921, 29.453997000002548 ], [ -95.231808000001976, 29.472576000002721 ], [ -95.223994000002406, 29.514422000002298 ] ] ] } },
{ "type": "Feature", "properties": { "opt_all": 15, "population": 765648.0, "voting_age_pop": 537352.0, "dem_votes": 98129.0, "rep_votes": 53977.0, "minority_pop": 501499.0, "dem_pct": 0.64513562867662311, "rep_pct": 0.35486437066594062 }, "geometry": { "type": "Polygon", "coordinates": [ [ [ -99.110854000001964, 26.42628200000221 ], [ -99.09996600000288, 26.454375000002333 ], [ -99.09197600000212, 26.472376000002871 ], [ -99.128379000002127, 26.525501000002237 ], [ -99.166742000002301, 26.536079000002054 ], [ -99.169416000002798, 26.571682000002269 ], [ -99.178064000002237, 26.620547000002571 ], [ -99.20052200000228, 26.656443000002614 ], [ -99.213290000002857, 26.727723000002893 ], [ -99.240023000001955, 26.745851000002745 ], [ -99.242444000002834, 26.788262000002288 ], [ -99.280471000002436, 26.858053000002453 ], [ -99.320894000002085, 26.870548000002135 ], [ -99.321819000002137, 26.906846000002211 ], [ -99.388253000002436, 26.94421700000278 ], [ -99.385401000002062, 26.98137700000229 ], [ -99.415476000002514, 27.017240000002143 ], [ -99.446123000002487, 27.023048000002657 ], [ -99.451035000001994, 27.066765000002121 ], [ -99.434470000002364, 27.078517000002694 ], [ -99.43984400000204, 27.151581000002679 ], [ -99.42641800000284, 27.178287000002346 ], [ -99.453794000002077, 27.265058000002561 ], [ -99.496504000002886, 27.273389000002545 ], [ -99.514319000002104, 27.329660000002384 ], [ -99.507494000002623, 27.335189000002099 ], [ -99.504150000002156, 27.362777000002382 ], [ -99.50271200000212, 27.366503000002471 ], [ -99.487765000002085, 27.413399000002595 ], [ -99.485335000002522, 27.464499000002107 ], [ -99.480219000002037, 27.485796000002363 ], [ -99.49440000000196, 27.498734000002131 ], [ -99.491826000002519, 27.503811000002589 ], [ -99.480363000002313, 27.503822000002803 ], [ -99.480371000001995, 27.506575000002361 ], [ -99.480358000002127, 27.509331000002845 ], [ -99.480346000002285, 27.51574600000226 ], [ -99.474173000002338, 27.515734000002769 ], [ -99.474146000002165, 27.530540000002649 ], [ -99.484196000002484, 27.537748000002363 ], [ -99.478300000002406, 27.555798000002412 ], [ -99.473081000002367, 27.574157000002529 ], [ -99.440280000002033, 27.586173000002383 ], [ -99.421383000002479, 27.580136000002256 ], [ -99.38466000000264, 27.593681000002107 ], [ -99.320628000002444, 27.581166000002181 ], [ -99.062808000001922, 27.504942000002444 ], [ -99.060030000002698, 27.623665000002863 ], [ -99.036897000002355, 27.694663000002805 ], [ -98.802282000002563, 27.792957000002051 ], [ -98.746700000002846, 27.844082000002111 ], [ -98.643345000002881, 27.881270000002651 ], [ -98.595435000002482, 27.882908000002203 ], [ -98.562537000002521, 27.87178200000259 ], [ -98.560271000002075, 27.787598000002266 ], [ -98.571564000002397, 27.776774000002668 ], [ -98.504167000002596, 27.703578000002572 ], [ -98.4672990000022, 27.678950000002722 ], [ -98.439934000002324, 27.711260000002316 ], [ -98.336602000002685, 27.695841000002581 ], [ -98.296956000002339, 27.697781000002461 ], [ -98.366912000002756, 27.626595000002904 ], [ -98.330939000002118, 27.622334000002429 ], [ -98.3232910000022, 27.58772800000251 ], [ -98.233656000002881, 27.585356000002719 ], [ -98.233072000002778, 27.461142000002628 ], [ -98.232667000001982, 27.320285000002357 ], [ -98.232464000002722, 27.262487000002899 ], [ -98.385503000002046, 27.263824000002465 ], [ -98.523284000002121, 27.265150000002539 ], [ -98.492943000002086, 27.235012000002921 ], [ -98.492910000002837, 27.142062000002714 ], [ -98.467266000001914, 27.140087000002865 ], [ -98.466542000001994, 27.054711000002644 ], [ -98.417883000001922, 27.055285000002208 ], [ -98.419695000002207, 26.964248000002289 ], [ -98.421802000002273, 26.858896000002449 ], [ -98.422616000002037, 26.783535000002558 ], [ -98.320670000002281, 26.783081000002134 ], [ -98.245266000002516, 26.78270600000225 ], [ -97.985494000002561, 26.780917000002276 ], [ -97.985303000002006, 26.615809000002493 ], [ -97.957405000002481, 26.61176900000272 ], [ -97.980479000002802, 26.535990000002261 ], [ -98.040588000002259, 26.544824000002414 ], [ -98.048589000002423, 26.500017000002959 ], [ -98.071954000002037, 26.370363000002115 ], [ -98.08439200000204, 26.326882000002083 ], [ -98.1126620000027, 26.330934000002859 ], [ -98.135290000002243, 26.356006000002516 ], [ -98.133645000002218, 26.450865000002633 ], [ -98.161324000002722, 26.353541000002831 ], [ -98.178578000002844, 26.3403710000029 ], [ -98.155911000002121, 26.337093000002216 ], [ -98.116258000002858, 26.33141700000284 ], [ -98.125824000002353, 26.307031000002361 ], [ -98.133460000002358, 26.297409000002897 ], [ -98.154692000002683, 26.300270000002921 ], [ -98.1626270000028, 26.300400000002782 ], [ -98.178265000002526, 26.303704000002853 ], [ -98.180799000002835, 26.289215000002379 ], [ -98.165002000002801, 26.286908000002583 ], [ -98.175363000002037, 26.24762500000206 ], [ -98.173274000002024, 26.24734700000241 ], [ -98.163124000002284, 26.24596900000277 ], [ -98.158571000002382, 26.245341000002743 ], [ -98.151281000002584, 26.244338000002315 ], [ -98.146271000002855, 26.243639000002208 ], [ -98.156969000001979, 26.208366000002886 ], [ -98.157930000002366, 26.201145000002079 ], [ -98.165578000001943, 26.2041420000022 ], [ -98.163461000001917, 26.216612000002563 ], [ -98.179754000002006, 26.218842000002905 ], [ -98.180437000002655, 26.218931000002662 ], [ -98.183271000002037, 26.199394000002279 ], [ -98.186431000002159, 26.180622000002668 ], [ -98.169965000002264, 26.178470000002555 ], [ -98.1676760000028, 26.1918940000022 ], [ -98.13503400000252, 26.185925000002381 ], [ -98.137077000001966, 26.173887000002473 ], [ -98.14687800000236, 26.116482000002744 ], [ -98.1797320000029, 26.121015000002117 ], [ -98.17997900000276, 26.11945800000283 ], [ -98.165507000002677, 26.089649000002758 ], [ -98.127964000002578, 26.084360000002587 ], [ -98.12998600000212, 26.074271000002891 ], [ -98.203200000002042, 26.06409900000228 ], [ -98.204959000002034, 26.066418000002905 ], [ -98.260834000002234, 26.083331000002673 ], [ -98.265863000002483, 26.117333000002592 ], [ -98.309071000002874, 26.111523000002741 ], [ -98.357952000002086, 26.169721000002905 ], [ -98.370980000002035, 26.157197000002821 ], [ -98.386678000002519, 26.157968000002793 ], [ -98.442280000002839, 26.198911000002337 ], [ -98.449305000002397, 26.223307000002556 ], [ -98.50376600000196, 26.208800000002309 ], [ -98.537415000002156, 26.22880100000225 ], [ -98.586715000002741, 26.257542000002612 ], [ -98.664633000002596, 26.235351000002375 ], [ -98.685861000002603, 26.264814000002598 ], [ -98.775303000002566, 26.325412000002338 ], [ -98.820452000002646, 26.371002000002346 ], [ -98.84625000000284, 26.359181000002131 ], [ -98.951967000002639, 26.373784000002729 ], [ -98.982365000002034, 26.39646600000269 ], [ -99.037058000002204, 26.413603000002247 ], [ -99.08200600000194, 26.396667000002335 ], [ -99.110854000001964, 26.42628200000221 ] ] ] } },
{ "type": "Feature", "properties": { "opt_all": 16, "population": 767187.0, "voting_age_pop": 577353.0, "dem_votes": 140088.0, "rep_votes": 59559.0, "minority_pop": 500290.0, "dem_pct": 0.70167846213482876, "rep_pct": 0.29832153736428718 }, "geometry": { "type": "Polygon", "coordinates": [ [ [ -106.560579000002633, 31.810686000002018 ], [ -106.590135000002164, 31.823195000002297 ], [ -106.605746000002043, 31.84623900000183 ], [ -106.63348100000232, 31.864679000002035 ], [ -106.630295000002164, 31.88583200000172 ], [ -106.620071000002724, 31.916634000001704 ], [ -106.625479000002343, 31.957636000002005 ], [ -106.618486000001965, 32.000495000001635 ], [ -106.564212000001802, 32.000757000001826 ], [ -106.513986000002262, 32.000798000002426 ], [ -106.443916000002119, 32.001188000001768 ], [ -106.408964000002456, 32.001381000001849 ], [ -106.323370000001816, 32.001631000002483 ], [ -106.05044600000258, 32.00254300000163 ], [ -106.050604000002579, 31.96676600000206 ], [ -106.100437000002643, 31.966579000002241 ], [ -106.099844000001823, 31.888181000002017 ], [ -106.204336000002158, 31.887606000001949 ], [ -106.20463500000254, 31.833908000002321 ], [ -106.205074000002284, 31.814942000001903 ], [ -106.217039000002742, 31.809195000001843 ], [ -106.216739000002676, 31.78962600000197 ], [ -106.236202000002535, 31.791358000002013 ], [ -106.239807000001846, 31.788001000002243 ], [ -106.2426380000026, 31.78800000000161 ], [ -106.245940000002307, 31.782289000002489 ], [ -106.251881000002442, 31.776760000002103 ], [ -106.216576000002803, 31.776497000002067 ], [ -106.199648000002554, 31.776166000002277 ], [ -106.199588000002763, 31.769328000002371 ], [ -106.199054000002761, 31.72614900000217 ], [ -106.198682000002293, 31.699151000002153 ], [ -106.211891000002126, 31.699132000001654 ], [ -106.215752000001842, 31.699126000002039 ], [ -106.217789000002696, 31.699124000001898 ], [ -106.215483000002394, 31.682741000002341 ], [ -106.200379000002002, 31.6827220000024 ], [ -106.198490000002323, 31.682728000002037 ], [ -106.198180000002239, 31.654041000002 ], [ -106.2108590000025, 31.622544000001675 ], [ -106.236659000002234, 31.615791000002275 ], [ -106.246950000002556, 31.613140000002218 ], [ -106.259374000002794, 31.610046000002281 ], [ -106.295672000001886, 31.601037000002407 ], [ -106.30360200000284, 31.62246900000217 ], [ -106.337926000002156, 31.671211000002437 ], [ -106.346973000002166, 31.691105000002469 ], [ -106.357006000002514, 31.70218700000207 ], [ -106.368294000002464, 31.709571000002196 ], [ -106.377628000001877, 31.72696200000177 ], [ -106.383803000002459, 31.733643000001884 ], [ -106.394719000001857, 31.739250000002119 ], [ -106.404120000002138, 31.744621000002272 ], [ -106.421849000001998, 31.752928000002292 ], [ -106.433638000001835, 31.754563000002015 ], [ -106.45116500000222, 31.764361000001877 ], [ -106.467556000002361, 31.75921000000216 ], [ -106.499074000001883, 31.755056000001936 ], [ -106.508507000002524, 31.761050000002367 ], [ -106.527061000002021, 31.788845000002041 ], [ -106.546544000002243, 31.806606000001732 ], [ -106.560579000002633, 31.810686000002018 ] ] ] } },
{ "type": "Feature", "properties": { "opt_all": 17, "population": 765137.0, "voting_age_pop": 591566.0, "dem_votes": 65162.0, "rep_votes": 203980.0, "minority_pop": 203359.0, "dem_pct": 0.24211011278726097, "rep_pct": 0.75788988684118797 }, "geometry": { "type": "Polygon", "coordinates": [ [ [ -96.622244000001956, 30.773063000002121 ], [ -96.661054000002181, 30.829686000002383 ], [ -96.679176000002158, 30.844048000002129 ], [ -96.695484000001841, 30.866020000002127 ], [ -96.684868000002794, 30.906045000002891 ], [ -96.733220000002675, 30.901670000002639 ], [ -96.769160000002799, 30.958520000002373 ], [ -96.758925000002279, 30.979833000002216 ], [ -96.78695000000188, 31.061030000002923 ], [ -96.830497000002424, 31.105220000002149 ], [ -96.596862000002417, 31.220900000002558 ], [ -96.712542000002514, 31.392040000002915 ], [ -96.721962000002193, 31.406224000002886 ], [ -96.801123000002676, 31.522269000002584 ], [ -96.816345000002585, 31.544122000002695 ], [ -96.820027000001801, 31.54924700000214 ], [ -96.8211630000024, 31.550823000002335 ], [ -96.876183000002115, 31.629250000002457 ], [ -96.919150000002745, 31.690433000002862 ], [ -96.93221500000206, 31.708887000002729 ], [ -96.948635000002824, 31.732430000002729 ], [ -96.971768000001873, 31.765901000002295 ], [ -96.983923000002619, 31.783855000002692 ], [ -96.997344000001817, 31.803704000002643 ], [ -97.002901000002581, 31.862326000002412 ], [ -96.971645000002439, 31.879485000002884 ], [ -96.966822000002523, 31.881820000002197 ], [ -96.984384000001967, 31.908297000002268 ], [ -96.96344700000202, 31.939492000002534 ], [ -96.901703000002641, 31.965813000002925 ], [ -96.833288000001957, 31.980849000002522 ], [ -96.896209000002642, 32.073977000002152 ], [ -96.870765000002663, 32.086564000002454 ], [ -96.771568000002176, 32.135703000002692 ], [ -96.699054000002363, 32.171002000002645 ], [ -96.6908270000024, 32.174945000002246 ], [ -96.600043000001875, 32.219478000002432 ], [ -96.596901000001779, 32.221054000002525 ], [ -96.4510380000022, 32.29441800000226 ], [ -96.382910000002241, 32.328929000002525 ], [ -96.450997000002758, 32.344409000002429 ], [ -96.452372000001915, 32.358659000002127 ], [ -96.300946000002256, 32.358901000002689 ], [ -96.19562100000212, 32.356001000002692 ], [ -96.167668000002635, 32.357996000002331 ], [ -96.09276900000188, 32.357551000002736 ], [ -96.075899000002096, 32.357505000002618 ], [ -96.075912000002319, 32.479700000002765 ], [ -96.075708000001796, 32.547542000002629 ], [ -96.075905000002024, 32.590984000002329 ], [ -96.075921000002239, 32.650658000002274 ], [ -96.075924000002402, 32.65085700000261 ], [ -96.076172000001961, 32.712802000002661 ], [ -96.076801000002433, 32.838489000002838 ], [ -95.934433000002244, 32.837217000002681 ], [ -95.986600000001999, 32.873064000002628 ], [ -95.970436000001982, 32.907908000002799 ], [ -95.945300000002078, 32.979877000002581 ], [ -95.862521000002758, 32.979571000002267 ], [ -95.817072000002142, 32.979581000002547 ], [ -95.721338000001836, 32.979771000002643 ], [ -95.665389000002406, 32.960434000002856 ], [ -95.658262000002779, 32.904221000002948 ], [ -95.655476000002082, 32.882564000002162 ], [ -95.638352000002286, 32.745614000002583 ], [ -95.635017000002563, 32.720380000002962 ], [ -95.594541000002536, 32.687026000002142 ], [ -95.501869000002273, 32.620330000002902 ], [ -95.48579600000204, 32.612935000002444 ], [ -95.413061000002287, 32.607111000002639 ], [ -95.345950000002318, 32.609291000002649 ], [ -95.278288000001922, 32.571786000002987 ], [ -95.189129000002779, 32.546596000002616 ], [ -95.153410000001998, 32.570115000002268 ], [ -95.142944000001918, 32.562305000002468 ], [ -95.084420000001884, 32.552981000002973 ], [ -95.065935000001957, 32.537692000002167 ], [ -95.020974000002795, 32.546726000002693 ], [ -94.986935000002759, 32.537246000002412 ], [ -94.986814000002553, 32.47486500000295 ], [ -94.986711000002785, 32.45001500000258 ], [ -94.986802000002001, 32.407112000002741 ], [ -94.985411000002784, 32.37082000000256 ], [ -94.943738000001858, 32.370394000002676 ], [ -94.907702000002317, 32.369790000002489 ], [ -94.869227000001757, 32.370639000002988 ], [ -94.809648000001999, 32.370696000002404 ], [ -94.790619000002181, 32.370600000002199 ], [ -94.672058000002764, 32.370456000002413 ], [ -94.596699000002474, 32.363219000003063 ], [ -94.579219000002198, 32.394916000002993 ], [ -94.555726000002025, 32.407500000002784 ], [ -94.491818000001999, 32.394137000002985 ], [ -94.493361000002125, 32.35649200000298 ], [ -94.525533000002483, 32.281980000002278 ], [ -94.5570020000022, 32.249053000002853 ], [ -94.580500000002004, 32.201363000002381 ], [ -94.582581000002179, 32.149480000002711 ], [ -94.601560000001896, 32.079971000002857 ], [ -94.600669000001915, 32.009988000003069 ], [ -94.591154000001978, 31.973302000002647 ], [ -94.511431000002645, 31.973984000003018 ], [ -94.51131500000244, 31.924129000002281 ], [ -94.483726000002761, 31.90367400000283 ], [ -94.452513000002, 31.844113000002164 ], [ -94.425157000002656, 31.801458000002494 ], [ -94.426213000002264, 31.76846600000286 ], [ -94.414784000002697, 31.729689000002253 ], [ -94.399091000002599, 31.653596000003105 ], [ -94.3942560000025, 31.638872000002294 ], [ -94.328823000002444, 31.593835000002468 ], [ -94.311100000002, 31.588482000002799 ], [ -94.302364000001859, 31.512017000002821 ], [ -94.318334000002764, 31.47636000000244 ], [ -94.314650000002359, 31.408738000002707 ], [ -94.327501000002442, 31.382733000002577 ], [ -94.315324000002278, 31.305900000002577 ], [ -94.339109000002367, 31.264442000002393 ], [ -94.326616000002062, 31.224754000002999 ], [ -94.357090000002003, 31.246889000002607 ], [ -94.393494000001937, 31.299522000002199 ], [ -94.438056000002277, 31.312610000002735 ], [ -94.45375800000258, 31.333395000002778 ], [ -94.466676000002323, 31.378009000002976 ], [ -94.489466000002082, 31.398579000002268 ], [ -94.537061000002524, 31.39860900000285 ], [ -94.569151000001739, 31.433006000002798 ], [ -94.62396900000202, 31.439403000002471 ], [ -94.664664000002375, 31.459520000002804 ], [ -94.710925000001779, 31.45712800000241 ], [ -94.738969000002598, 31.463039000003075 ], [ -94.823550000001802, 31.48651600000268 ], [ -94.865857000002237, 31.526916000002245 ], [ -94.929210000002485, 31.480303000002593 ], [ -95.003345000002724, 31.42571000000294 ], [ -94.965927000002438, 31.392383000002503 ], [ -94.958110000002662, 31.386930000002632 ], [ -95.005185000002257, 31.353560000002599 ], [ -95.035723000002676, 31.3325220000028 ], [ -95.165139000002114, 31.243428000002528 ], [ -95.208339000001956, 31.213852000002937 ], [ -95.238070000002082, 31.193499000002326 ], [ -95.248168000002181, 31.186591000002355 ], [ -95.298836000002623, 31.151727000002609 ], [ -95.375385000002154, 31.099006000002728 ], [ -95.434781000002317, 31.058098000002932 ], [ -95.46894700000216, 31.034215000002185 ], [ -95.617872000002166, 30.930418000002629 ], [ -95.638683000002274, 30.926736000002919 ], [ -95.672597000002284, 30.976278000002957 ], [ -95.663180000002725, 31.033216000002643 ], [ -95.629250000002216, 31.046373000002479 ], [ -95.64853800000256, 31.07000500000219 ], [ -95.699751000002721, 31.077537000002629 ], [ -95.764410000002087, 31.094211000002705 ], [ -95.973841000002196, 31.09215000000269 ], [ -95.988775000002235, 31.086167000002281 ], [ -95.996126000002803, 31.08117400000215 ], [ -96.048912000002005, 31.068136000002788 ], [ -96.170918000002018, 30.994400000002759 ], [ -96.241020000001939, 30.973737000002156 ], [ -96.266289000002203, 30.961966000002704 ], [ -96.349364000002524, 30.911423000002923 ], [ -96.382611000002157, 30.870342000002861 ], [ -96.398138000001978, 30.841176000002648 ], [ -96.42140600000242, 30.79736100000251 ], [ -96.456599000002086, 30.746302000002892 ], [ -96.490842000001919, 30.729703000002736 ], [ -96.503491000002199, 30.723950000002997 ], [ -96.566983000001841, 30.695670000002572 ], [ -96.621423000001798, 30.730764000002864 ], [ -96.622244000001956, 30.773063000002121 ] ] ] } },
{ "type": "Feature", "properties": { "opt_all": 18, "population": 768484.0, "voting_age_pop": 595713.0, "dem_votes": 161390.0, "rep_votes": 60175.0, "minority_pop": 430790.0, "dem_pct": 0.72840927008850254, "rep_pct": 0.27159072946016261 }, "geometry": { "type": "Polygon", "coordinates": [ [ [ -95.447818000002357, 29.724529000002313 ], [ -95.447915000001956, 29.72984900000267 ], [ -95.433491000002022, 29.729211000002621 ], [ -95.441663000002407, 29.741730000003063 ], [ -95.448159000001922, 29.741630000002338 ], [ -95.454590000002526, 29.741242000002629 ], [ -95.458307000002122, 29.74094300000236 ], [ -95.455652000002445, 29.754163000002581 ], [ -95.45572200000214, 29.759957000002508 ], [ -95.454001000002478, 29.780752000002888 ], [ -95.453868000002259, 29.780937000002787 ], [ -95.452215000002596, 29.791159000002565 ], [ -95.474351000002443, 29.794511000002174 ], [ -95.484927000002799, 29.794910000002517 ], [ -95.484865000002756, 29.798138000002972 ], [ -95.488860000002262, 29.802884000002511 ], [ -95.485315000002203, 29.817044000002685 ], [ -95.483266000001962, 29.81833600000234 ], [ -95.490692000002696, 29.82364900000232 ], [ -95.504720000002763, 29.833667000002951 ], [ -95.515102000002543, 29.84103300000298 ], [ -95.492733000002801, 29.841426000002581 ], [ -95.476153000002725, 29.826220000002607 ], [ -95.472905000002555, 29.825003000002571 ], [ -95.473231000002656, 29.846670000002796 ], [ -95.488885000001886, 29.850572000002447 ], [ -95.486772000002404, 29.865752000002558 ], [ -95.481616000002219, 29.865763000002204 ], [ -95.486222000002357, 29.873888000002179 ], [ -95.487778000002365, 29.876721000002764 ], [ -95.467504000002165, 29.87418500000285 ], [ -95.467641000001805, 29.88329100000232 ], [ -95.478909000002275, 29.884812000002167 ], [ -95.47084900000236, 29.894085000002399 ], [ -95.467984000002161, 29.894302000002359 ], [ -95.461697000002658, 29.895513000002801 ], [ -95.450359000002365, 29.884375000002265 ], [ -95.431263000002005, 29.885577000002776 ], [ -95.431281000002642, 29.886263000002849 ], [ -95.421755000002477, 29.888306000002707 ], [ -95.429209000002487, 29.897919000002439 ], [ -95.429312000001886, 29.898026000003 ], [ -95.442160000002161, 29.914588000002713 ], [ -95.412933000002354, 29.915054000002915 ], [ -95.417708000002023, 29.931719000002698 ], [ -95.411984000002477, 29.931799000002624 ], [ -95.402123000002206, 29.93176600000292 ], [ -95.393135000001919, 29.931889000002258 ], [ -95.390970000002724, 29.931914000002607 ], [ -95.380349000002184, 29.932667000002706 ], [ -95.347103000001923, 29.930361000002669 ], [ -95.335537000002162, 29.929973000002764 ], [ -95.349579000002123, 29.936776000002908 ], [ -95.349689000001959, 29.939176000002188 ], [ -95.331392000002779, 29.951471000002439 ], [ -95.290586000002079, 29.952193000002268 ], [ -95.284595000002398, 29.96571400000272 ], [ -95.268172000002565, 29.954512000002396 ], [ -95.248023000002206, 29.961968000002209 ], [ -95.249647000002383, 29.951172000002281 ], [ -95.249502000001925, 29.935098000002728 ], [ -95.234190000002073, 29.934379000002949 ], [ -95.218943000001801, 29.934701000002526 ], [ -95.205959000001798, 29.932322000002223 ], [ -95.199382000002046, 29.924565000002644 ], [ -95.197191000002562, 29.883205000002963 ], [ -95.236753000002153, 29.883096000002883 ], [ -95.230290000001958, 29.858074000002297 ], [ -95.247875000002281, 29.858117000002185 ], [ -95.256471000002634, 29.850115000002944 ], [ -95.262396000001885, 29.85005300000249 ], [ -95.262317000002767, 29.848100000002876 ], [ -95.262237000001861, 29.837041000002316 ], [ -95.261614000002396, 29.810916000002411 ], [ -95.280140000002703, 29.802473000002649 ], [ -95.268019000002155, 29.791806000002452 ], [ -95.265407000001957, 29.769608000002407 ], [ -95.259399000002119, 29.768697000002717 ], [ -95.256069000002313, 29.767925000002471 ], [ -95.256056000001877, 29.768179000002913 ], [ -95.251129000002479, 29.767474000002775 ], [ -95.233823000002403, 29.767754000002753 ], [ -95.233028000002776, 29.772761000003023 ], [ -95.227718000002483, 29.771609000002957 ], [ -95.223773000002595, 29.767486000002663 ], [ -95.219234000002075, 29.759597000002191 ], [ -95.24035700000212, 29.758837000002561 ], [ -95.239984000001883, 29.71930700000302 ], [ -95.243021000002486, 29.719087000002386 ], [ -95.245544000002198, 29.719676000002536 ], [ -95.243782000002199, 29.72582300000262 ], [ -95.253778000002313, 29.730372000002649 ], [ -95.265425000002793, 29.738245000002618 ], [ -95.281119000002718, 29.748560000002943 ], [ -95.283498000002439, 29.750098000002971 ], [ -95.28378000000248, 29.765994000002888 ], [ -95.283805000002687, 29.767927000002743 ], [ -95.284036000002658, 29.778115000002952 ], [ -95.291251000002674, 29.777891000002793 ], [ -95.297576000002778, 29.775567000002869 ], [ -95.312434000002341, 29.774420000002532 ], [ -95.312551000002316, 29.772883000002437 ], [ -95.320046000002719, 29.756118000002932 ], [ -95.316515000002184, 29.754833000002527 ], [ -95.32812900000188, 29.741651000002832 ], [ -95.314247000002439, 29.73726300000304 ], [ -95.32484200000242, 29.726314000002361 ], [ -95.328369000002482, 29.722796000002393 ], [ -95.310691000002677, 29.712200000002905 ], [ -95.320999000001962, 29.698990000002929 ], [ -95.32666400000268, 29.695466000002423 ], [ -95.331527000002197, 29.710164000002337 ], [ -95.332917000002041, 29.714372000002221 ], [ -95.339025000002366, 29.714093000002549 ], [ -95.356546000002041, 29.709705000002831 ], [ -95.374689000002604, 29.713447000002311 ], [ -95.382091000002518, 29.713104000002545 ], [ -95.380082000002361, 29.718971000002512 ], [ -95.38449700000244, 29.732216000002627 ], [ -95.390258000002561, 29.724958000002282 ], [ -95.390718000002479, 29.723931000002523 ], [ -95.39365500000234, 29.720637000002306 ], [ -95.401830000001794, 29.710299000002927 ], [ -95.412671000001794, 29.715107000003009 ], [ -95.418399000001997, 29.715054000002741 ], [ -95.418581000001794, 29.725490000002697 ], [ -95.430106000002326, 29.725301000002641 ], [ -95.441269000001881, 29.721242000002412 ], [ -95.447818000002357, 29.724529000002313 ] ] ] } },
{ "type": "Feature", "properties": { "opt_all": 19, "population": 764768.0, "voting_age_pop": 570295.0, "dem_votes": 69374.0, "rep_votes": 139978.0, "minority_pop": 330975.0, "dem_pct": 0.33137490908547568, "rep_pct": 0.66862509043685991 }, "geometry": { "type": "Polygon", "coordinates": [ [ [ -103.792703000001893, 29.262499000002169 ], [ -103.837556000002778, 29.278199000002495 ], [ -103.972059000002446, 29.296055000002134 ], [ -104.02021800000216, 29.312048000002431 ], [ -104.08225600000236, 29.346064000001828 ], [ -104.106874000002875, 29.373440000002208 ], [ -104.168380000002458, 29.396136000002645 ], [ -104.211166000002137, 29.449755000002416 ], [ -104.210746000002359, 29.477499000002297 ], [ -104.262175000002557, 29.513501000002343 ], [ -104.338201000002357, 29.520182000002599 ], [ -104.394885000002162, 29.556313000001889 ], [ -104.39892100000236, 29.571897000001776 ], [ -104.514031000002859, 29.638630000001971 ], [ -104.544198000002041, 29.681271000002489 ], [ -104.549796000001962, 29.740641000002473 ], [ -104.613958000001887, 29.833924000001744 ], [ -104.633929000002823, 29.871206000002065 ], [ -104.675861000002243, 29.91553700000193 ], [ -104.682387000002564, 29.971850000001822 ], [ -104.707249000002236, 30.050134000002249 ], [ -104.687076000001994, 30.179342000001903 ], [ -104.723954000002621, 30.25238900000199 ], [ -104.749615000002038, 30.261313000002197 ], [ -104.761442000002361, 30.300816000001749 ], [ -104.811805000001982, 30.333953000002001 ], [ -104.81090400000204, 30.363171000002261 ], [ -104.859397000002673, 30.391125000002525 ], [ -104.873928000001882, 30.49557200000217 ], [ -104.899052000001845, 30.570769000001793 ], [ -104.979801000002354, 30.629258000001823 ], [ -105.007796000002315, 30.686221000002501 ], [ -105.062486000001883, 30.686532000001726 ], [ -105.116809000002647, 30.743059000002283 ], [ -105.217783000002356, 30.80594600000202 ], [ -105.250212000002037, 30.799028000002384 ], [ -105.339166000002166, 30.840405000001891 ], [ -105.386724000002161, 30.853306000002341 ], [ -105.399415000002435, 30.88830500000207 ], [ -105.498980000002007, 30.950826000002333 ], [ -105.571363000001838, 31.018766000002032 ], [ -105.606438000002115, 31.085278000002443 ], [ -105.648839000002781, 31.11587700000252 ], [ -105.708400000002499, 31.135930000002052 ], [ -105.741284000002523, 31.164204000002243 ], [ -105.774028000002318, 31.168474000001908 ], [ -105.794287000002782, 31.202286000002346 ], [ -105.863753000001921, 31.282315000001955 ], [ -105.931585000002045, 31.312781000001987 ], [ -105.953544000002367, 31.36450300000223 ], [ -105.997152000002202, 31.387230000002177 ], [ -106.075307000002439, 31.397615000002421 ], [ -106.179731000001894, 31.456916000002423 ], [ -106.219620000002038, 31.481561000001761 ], [ -106.238394000001804, 31.517272000002183 ], [ -106.280142000002243, 31.561462000001853 ], [ -106.288455000001875, 31.586404000002315 ], [ -106.295672000001886, 31.601037000002407 ], [ -106.259374000002794, 31.610046000002281 ], [ -106.246950000002556, 31.613140000002218 ], [ -106.236659000002234, 31.615791000002275 ], [ -106.2108590000025, 31.622544000001675 ], [ -106.198180000002239, 31.654041000002 ], [ -106.198490000002323, 31.682728000002037 ], [ -106.200379000002002, 31.6827220000024 ], [ -106.215483000002394, 31.682741000002341 ], [ -106.217789000002696, 31.699124000001898 ], [ -106.215752000001842, 31.699126000002039 ], [ -106.211891000002126, 31.699132000001654 ], [ -106.198682000002293, 31.699151000002153 ], [ -106.199054000002761, 31.72614900000217 ], [ -106.199588000002763, 31.769328000002371 ], [ -106.199648000002554, 31.776166000002277 ], [ -106.216576000002803, 31.776497000002067 ], [ -106.251881000002442, 31.776760000002103 ], [ -106.245940000002307, 31.782289000002489 ], [ -106.2426380000026, 31.78800000000161 ], [ -106.239807000001846, 31.788001000002243 ], [ -106.236202000002535, 31.791358000002013 ], [ -106.216739000002676, 31.78962600000197 ], [ -106.217039000002742, 31.809195000001843 ], [ -106.205074000002284, 31.814942000001903 ], [ -106.20463500000254, 31.833908000002321 ], [ -106.204336000002158, 31.887606000001949 ], [ -106.099844000001823, 31.888181000002017 ], [ -106.100437000002643, 31.966579000002241 ], [ -106.050604000002579, 31.96676600000206 ], [ -106.05044600000258, 32.00254300000163 ], [ -105.998012000001964, 32.002377000002504 ], [ -105.900692000002238, 32.002044000001675 ], [ -105.245188000002287, 32.000207000002348 ], [ -104.918357000001919, 32.00041800000178 ], [ -104.288106000002074, 32.000071000001903 ], [ -104.02451200000236, 32.000102000002443 ], [ -103.980179000002678, 32.000125000001937 ], [ -103.951922000002241, 31.987419000002227 ], [ -103.948592000002634, 31.954483000001979 ], [ -103.922396000002138, 31.942527000001778 ], [ -103.912248000002805, 31.902424000002497 ], [ -103.864440000002446, 31.874400000002439 ], [ -103.839642000002002, 31.889395000002629 ], [ -103.814990000002638, 31.852142000002189 ], [ -103.809458000002081, 31.794317000001829 ], [ -103.7821300000018, 31.766692000001928 ], [ -103.746809000002685, 31.739509000002247 ], [ -103.700603000002005, 31.74839500000239 ], [ -103.659466000002155, 31.710398000002257 ], [ -103.625726000001876, 31.705032000002085 ], [ -103.626390000001877, 31.668649000001867 ], [ -103.610887000002606, 31.651802000002515 ], [ -103.327538000002519, 31.651420000002496 ], [ -103.155742000002562, 31.651465000001828 ], [ -103.085229000002059, 31.65146000000227 ], [ -102.889627000002605, 31.651421000002028 ], [ -102.798939000002079, 31.651783000002084 ], [ -102.797574000002399, 31.770740000002331 ], [ -102.799086000002276, 32.085795000001895 ], [ -102.450601000001839, 32.087018000002459 ], [ -102.2870480000024, 32.086991000002548 ], [ -102.287392000002754, 31.950540000001858 ], [ -102.287331000002055, 31.932892000002681 ], [ -102.287338000001895, 31.896900000002223 ], [ -102.287430000002004, 31.873929000002629 ], [ -102.287433000002153, 31.873681000002289 ], [ -102.287345000002205, 31.651276000002188 ], [ -102.203009000002353, 31.651585000002282 ], [ -102.042823000002485, 31.651608000002199 ], [ -101.775802000002685, 31.651319000002431 ], [ -101.775932000001944, 31.774230000001893 ], [ -101.775886000002799, 31.828852000002207 ], [ -101.775878000002194, 31.907452000001985 ], [ -101.77608500000224, 32.08692500000268 ], [ -101.772008000002245, 32.086882000002433 ], [ -101.695011000002495, 32.087532000002057 ], [ -101.693976000001925, 32.164299000002011 ], [ -101.692269000002739, 32.271062000002743 ], [ -101.691853000002084, 32.300048000002512 ], [ -101.690320000002075, 32.391406000002284 ], [ -101.68874000000234, 32.525222000002387 ], [ -101.689256000002473, 32.620291000002062 ], [ -101.689762000002816, 32.694101000001929 ], [ -101.690162000002601, 32.751706000002073 ], [ -101.690881000001994, 32.859620000002622 ], [ -101.691094000002039, 32.886346000002696 ], [ -101.691284000002526, 32.961838000002679 ], [ -101.754781000002723, 32.961304000002478 ], [ -101.981113000001997, 32.960398000001909 ], [ -102.015727000001917, 32.960206000002415 ], [ -102.076214000002082, 32.959702000002423 ], [ -102.075782000002235, 33.123635000001798 ], [ -102.075825000002794, 33.169727000002474 ], [ -102.075926000002241, 33.181219000002315 ], [ -102.075933000002422, 33.23983800000245 ], [ -102.075871000002834, 33.254299000002256 ], [ -102.075904000002765, 33.283079000002211 ], [ -102.075929000002844, 33.389586000002396 ], [ -102.078258000002478, 33.490602000002326 ], [ -102.080455000002843, 33.582374000001835 ], [ -102.080422000002258, 33.582649000002299 ], [ -102.081364000002438, 33.635788000002677 ], [ -102.082104000002559, 33.665031000001846 ], [ -102.083338000002399, 33.718384000002111 ], [ -102.083442000001838, 33.722865000002479 ], [ -102.085733000001881, 33.824675000002522 ], [ -101.906149000002443, 33.826642000002522 ], [ -101.854143000002296, 33.827243000001957 ], [ -101.840644000002314, 33.827291000002091 ], [ -101.700569000002162, 33.829089000002426 ], [ -101.677098000002715, 33.829393000002426 ], [ -101.563580000001835, 33.830451000002036 ], [ -101.560354000001837, 33.624002000002072 ], [ -101.557611000001998, 33.456002000001902 ], [ -101.55688400000264, 33.39476000000186 ], [ -101.4372130000027, 33.395572000002659 ], [ -101.385501000001895, 33.395909000002703 ], [ -101.200343000002604, 33.396904000002131 ], [ -101.038788000002455, 33.397214000002052 ], [ -100.859554000002404, 33.398130000002489 ], [ -100.64712200000244, 33.399051000002345 ], [ -100.517449000002117, 33.397866000002466 ], [ -100.517224000002543, 33.333007000002596 ], [ -100.517092000002037, 33.22600600000218 ], [ -100.517575000002793, 33.136782000001929 ], [ -100.519208000002365, 32.962926000002163 ], [ -100.432927000001882, 32.962455000002336 ], [ -100.152219000001836, 32.960048000002047 ], [ -100.14422400000214, 32.959978000002693 ], [ -100.145488000002601, 32.754514000002629 ], [ -100.145854000002544, 32.64358600000277 ], [ -100.146543000002239, 32.522793000001968 ], [ -100.084288000002203, 32.522637000002383 ], [ -100.056971000002605, 32.420575000002692 ], [ -99.985306000001927, 32.393808000002764 ], [ -99.999664000002483, 32.390507000002472 ], [ -99.977730000002524, 32.317504000002238 ], [ -99.97702300000276, 32.270065000002333 ], [ -100.017274000001919, 32.269194000002713 ], [ -100.021654000002314, 32.237899000002287 ], [ -99.920149000002496, 32.28304800000231 ], [ -99.924600000002201, 32.296967000002233 ], [ -99.849172000002341, 32.320916000002391 ], [ -99.807037000002794, 32.327669000002025 ], [ -99.800502000002695, 32.371640000002202 ], [ -99.777081000002084, 32.374405000002646 ], [ -99.742579000001925, 32.343297000002742 ], [ -99.759344000002159, 32.284766000002101 ], [ -99.776878000001858, 32.277473000002544 ], [ -99.782845000001913, 32.255501000002504 ], [ -99.87036700000192, 32.212065000001992 ], [ -99.947740000002526, 32.190924000002155 ], [ -100.056572000001836, 32.193167000002283 ], [ -100.056338000002555, 32.237168000002569 ], [ -100.090725000002635, 32.251992000002318 ], [ -100.149819000002481, 32.252011000002284 ], [ -100.151703000001874, 32.110913000002427 ], [ -100.151911000002443, 32.082638000002625 ], [ -100.235137000002155, 32.082372000002493 ], [ -100.235938000002633, 31.906612000002308 ], [ -100.235976000002736, 31.851056000001957 ], [ -100.235992000002383, 31.826608000002615 ], [ -100.236043000002681, 31.782974000002792 ], [ -100.235761000002682, 31.692970000002578 ], [ -100.441592000001975, 31.693073000002631 ], [ -100.825370000002394, 31.696155000002651 ], [ -100.861099000002554, 31.705418000002702 ], [ -100.86525600000256, 31.562294000002037 ], [ -101.267630000001887, 31.556462000002483 ], [ -101.26794700000184, 31.52868800000228 ], [ -101.268939000002007, 31.442820000002119 ], [ -101.271888000002605, 31.294032000002598 ], [ -101.274799000002758, 31.079379000002259 ], [ -100.973788000001917, 31.08230200000213 ], [ -100.962176000002316, 31.082490000001997 ], [ -100.96191100000236, 30.910537000002289 ], [ -100.96058700000232, 30.706071000002083 ], [ -100.960649000002462, 30.665484000002785 ], [ -100.960643000002847, 30.287776000002268 ], [ -101.544484000002441, 30.288169000001879 ], [ -101.547865000002673, 30.288170000001863 ], [ -101.758400000002197, 30.288044000002692 ], [ -101.758888000002216, 30.152001000002191 ], [ -101.760924000001879, 29.781802000002227 ], [ -101.837595000002693, 29.793364000002612 ], [ -101.955480000002183, 29.795333000002255 ], [ -101.981567000001874, 29.815020000002161 ], [ -102.049023000002322, 29.785672000002052 ], [ -102.143566000002039, 29.803320000002198 ], [ -102.183672000002161, 29.846898000002284 ], [ -102.199261000002593, 29.83668300000258 ], [ -102.320819000002686, 29.878933000001965 ], [ -102.362929000002396, 29.83148900000257 ], [ -102.404537000002705, 29.765181000001999 ], [ -102.434228000002122, 29.776946000002617 ], [ -102.513000000002265, 29.766569000002061 ], [ -102.547978000002317, 29.744644000002278 ], [ -102.571815000002474, 29.768964000001979 ], [ -102.589207000002816, 29.749069000002031 ], [ -102.645758000002061, 29.733874000002331 ], [ -102.677219000002495, 29.741052000002576 ], [ -102.693539000002261, 29.676957000002005 ], [ -102.7345100000028, 29.642143000001827 ], [ -102.740154000002065, 29.598174000002345 ], [ -102.768641000002376, 29.594680000002473 ], [ -102.778382000002438, 29.543592000002558 ], [ -102.808195000002542, 29.523115000002218 ], [ -102.807213000002122, 29.494050000002087 ], [ -102.83248000000232, 29.432431000002438 ], [ -102.825612000002565, 29.396946000002551 ], [ -102.845303000002104, 29.357699000002675 ], [ -102.877726000002085, 29.354800000002463 ], [ -102.906382000001926, 29.262055000002025 ], [ -102.867474000002716, 29.223883000002708 ], [ -102.950888000002536, 29.178162000002175 ], [ -102.978740000002105, 29.186433000002108 ], [ -103.033879000002798, 29.100972000002439 ], [ -103.053887000002021, 29.100749000002633 ], [ -103.100134000002555, 29.060675000002515 ], [ -103.097848000002315, 29.027036000002283 ], [ -103.153896000002035, 28.971606000002119 ], [ -103.203834000001919, 28.987230000001908 ], [ -103.250416000002076, 28.980430000002404 ], [ -103.265735000002039, 28.995670000002164 ], [ -103.338751000002205, 29.020277000001911 ], [ -103.343570000001961, 29.046368000001959 ], [ -103.386817000001926, 29.021735000002096 ], [ -103.450019000002598, 29.065734000002383 ], [ -103.524835000002739, 29.137123000001843 ], [ -103.556868000002893, 29.155502000002492 ], [ -103.633657000001961, 29.158580000002253 ], [ -103.718561000002595, 29.180826000002341 ], [ -103.792703000001893, 29.262499000002169 ] ] ] } },
{ "type": "Feature", "properties": { "opt_all": 20, "population": 767441.0, "voting_age_pop": 584986.0, "dem_votes": 134878.0, "rep_votes": 120787.0, "minority_pop": 386547.0, "dem_pct": 0.52755754580112346, "rep_pct": 0.47244245380773964 }, "geometry": { "type": "Polygon", "coordinates": [ [ [ -99.171597000002436, 29.090980000002379 ], [ -99.413880000002763, 29.091335000002776 ], [ -99.412623000001858, 29.460368000002529 ], [ -99.412380000002599, 29.468159000002771 ], [ -99.411817000002543, 29.627514000002424 ], [ -99.603130000002082, 29.627181000002416 ], [ -99.602642000002078, 29.872869000002023 ], [ -99.602776000001839, 29.907679000002783 ], [ -99.498983000001957, 29.906691000001981 ], [ -99.324411000002584, 29.904991000002266 ], [ -99.259109000002439, 29.902428000002157 ], [ -99.179084000002518, 29.895259000002703 ], [ -99.107174000002061, 29.865842000002612 ], [ -99.022644000002344, 29.828216000002616 ], [ -98.98965600000264, 29.813495000002664 ], [ -98.932251000002793, 29.787879000002238 ], [ -98.917725000002619, 29.781398000002223 ], [ -98.778782000002707, 29.720167000002821 ], [ -98.735403000002137, 29.719633000002823 ], [ -98.708999000002464, 29.695379000002394 ], [ -98.681994000002717, 29.696705000002261 ], [ -98.674411000002721, 29.68096400000238 ], [ -98.678950000001961, 29.652264000002024 ], [ -98.68286400000224, 29.627226000002729 ], [ -98.687421000002246, 29.62171100000203 ], [ -98.684597000001958, 29.609304000002115 ], [ -98.680940000002536, 29.609085000002121 ], [ -98.672418000002395, 29.608965000002584 ], [ -98.669891000002195, 29.586095000002917 ], [ -98.669870000001922, 29.584139000002548 ], [ -98.651616000002846, 29.569973000002449 ], [ -98.645050000002357, 29.577562000002057 ], [ -98.646932000002522, 29.580464000002017 ], [ -98.645989000001876, 29.596586000002667 ], [ -98.629204000002062, 29.601313000002055 ], [ -98.6311410000026, 29.58724000000208 ], [ -98.598592000002043, 29.590911000002265 ], [ -98.598656000002805, 29.591323000002056 ], [ -98.58785600000256, 29.592160000002668 ], [ -98.568779000002181, 29.59689200000204 ], [ -98.563526000002781, 29.599158000002404 ], [ -98.545691000002478, 29.601417000002364 ], [ -98.541270000002058, 29.601685000002163 ], [ -98.54062400000214, 29.597799000002851 ], [ -98.538848000002446, 29.583077000002618 ], [ -98.538552000002554, 29.583109000002786 ], [ -98.531451000002164, 29.590095000002801 ], [ -98.533705000002143, 29.603354000002746 ], [ -98.523061000001874, 29.608492000002595 ], [ -98.508264000002754, 29.60874100000208 ], [ -98.492701000001901, 29.608916000002058 ], [ -98.492586000002845, 29.608218000002537 ], [ -98.501514000001876, 29.596373000002448 ], [ -98.475289000002476, 29.586685000002017 ], [ -98.477160000002684, 29.580501000002322 ], [ -98.483094000002353, 29.565423000002141 ], [ -98.480246000002097, 29.563240000002754 ], [ -98.488455000002844, 29.549130000002538 ], [ -98.504880000002458, 29.55015200000247 ], [ -98.508798000002713, 29.546388000002175 ], [ -98.511144000001977, 29.544185000002521 ], [ -98.520428000002795, 29.535026000002382 ], [ -98.527557000002247, 29.540694000002581 ], [ -98.537166000002159, 29.532871000002189 ], [ -98.528651000002199, 29.517960000002592 ], [ -98.528368000002473, 29.516603000002078 ], [ -98.527732000002246, 29.516169000002499 ], [ -98.525944000002767, 29.514994000002847 ], [ -98.525957000002805, 29.507863000002455 ], [ -98.525955000002398, 29.502963000002879 ], [ -98.525943000002201, 29.495449000002143 ], [ -98.535026000002844, 29.495004000002304 ], [ -98.534933000002553, 29.484655000002498 ], [ -98.544980000002354, 29.487786000002259 ], [ -98.545938000002025, 29.484444000002657 ], [ -98.53358600000216, 29.472014000002577 ], [ -98.528635000002723, 29.467070000002071 ], [ -98.528563000002677, 29.466997000002767 ], [ -98.534416000002196, 29.467556000002872 ], [ -98.548744000002159, 29.468710000002581 ], [ -98.549228000002842, 29.464851000002831 ], [ -98.534922000002297, 29.463491000002659 ], [ -98.532918000002084, 29.454686000002816 ], [ -98.539173000002762, 29.455278000002401 ], [ -98.550350000002439, 29.456351000002861 ], [ -98.554290000002794, 29.456717000002051 ], [ -98.569987000002286, 29.469111000002915 ], [ -98.575459000002397, 29.471795000002626 ], [ -98.58137800000236, 29.462812000002767 ], [ -98.602499000002197, 29.46633500000204 ], [ -98.60254600000232, 29.456233000002115 ], [ -98.602683000002244, 29.443269000002335 ], [ -98.590005000002606, 29.45608700000215 ], [ -98.581417000002318, 29.456230000002613 ], [ -98.578827000001965, 29.450099000002034 ], [ -98.587551000002279, 29.433915000002568 ], [ -98.599694000001904, 29.435024000002233 ], [ -98.599617000002638, 29.426066000002741 ], [ -98.603607000002, 29.407126000002862 ], [ -98.607074000002683, 29.40653400000209 ], [ -98.623965000002727, 29.403326000002068 ], [ -98.63516100000264, 29.400969000002242 ], [ -98.649447000002638, 29.397359000002737 ], [ -98.6495470000023, 29.406815000002428 ], [ -98.663118000002754, 29.410460000002164 ], [ -98.663126000001839, 29.417852000002284 ], [ -98.669302000002517, 29.417835000002473 ], [ -98.668942000002033, 29.428601000002057 ], [ -98.683544000002087, 29.428987000002778 ], [ -98.685323000002583, 29.436470000002593 ], [ -98.690086000001898, 29.448976000002325 ], [ -98.695957000002707, 29.449111000002809 ], [ -98.710236000001856, 29.448039000002851 ], [ -98.710425000002218, 29.435675000002892 ], [ -98.711149000002294, 29.435664000002493 ], [ -98.71112900000216, 29.426940000002674 ], [ -98.709597000002645, 29.421092000002457 ], [ -98.710245000002843, 29.406927000002131 ], [ -98.726616000002565, 29.409163000002515 ], [ -98.735297000002035, 29.411001000002059 ], [ -98.746228000002219, 29.410840000002153 ], [ -98.804944000001839, 29.403889000002518 ], [ -98.804752000002082, 29.365679000002839 ], [ -98.804751000002156, 29.365411000002631 ], [ -98.804592000002017, 29.323344000002276 ], [ -98.804763000002325, 29.250693000002201 ], [ -98.779769000002702, 29.241959000002097 ], [ -98.775941000002419, 29.240645000002793 ], [ -98.711206000002676, 29.218598000002672 ], [ -98.638510000002114, 29.19377400000284 ], [ -98.588332000002481, 29.17647500000254 ], [ -98.585730000001874, 29.175582000002269 ], [ -98.557348000002676, 29.165861000002479 ], [ -98.547608000001901, 29.162526000002622 ], [ -98.484041000001966, 29.140744000002758 ], [ -98.465819000002739, 29.134476000002799 ], [ -98.441548000002385, 29.126127000002576 ], [ -98.431298000002215, 29.122507000002077 ], [ -98.407336000002005, 29.114435000002889 ], [ -98.330822000002343, 29.033529000002172 ], [ -98.290227000002844, 28.990063000002586 ], [ -98.205643000002766, 28.898010000002884 ], [ -98.190991000001901, 28.882333000002923 ], [ -98.160493000002162, 28.852640000002634 ], [ -98.127956000002598, 28.817150000002218 ], [ -98.104272000002126, 28.792918000002484 ], [ -98.098315000002117, 28.786949000002437 ], [ -98.1984770000021, 28.713222000002823 ], [ -98.335031000002004, 28.612658000002888 ], [ -98.335047000001936, 28.648275000002744 ], [ -98.413607000002642, 28.648169000002497 ], [ -98.438317000002556, 28.648170000002196 ], [ -98.632330000002156, 28.648364000002765 ], [ -98.800848000002446, 28.647306000002537 ], [ -98.800841000002137, 28.647487000002425 ], [ -98.801537000002725, 28.712553000002259 ], [ -98.80472400000248, 29.034322000002625 ], [ -98.804900000002803, 29.090434000002233 ], [ -98.863111000002263, 29.090316000002066 ], [ -98.922926000001965, 29.090672000002183 ], [ -99.077697000002701, 29.090946000002464 ], [ -99.120777000002803, 29.091002000002248 ], [ -99.171597000002436, 29.090980000002379 ] ] ] } },
{ "type": "Feature", "properties": { "opt_all": 21, "population": 767671.0, "voting_age_pop": 587938.0, "dem_votes": 131525.0, "rep_votes": 141313.0, "minority_pop": 339281.0, "dem_pct": 0.48206261573458881, "rep_pct": 0.51793738389889332 }, "geometry": { "type": "Polygon", "coordinates": [ [ [ -98.587551000002279, 29.433915000002568 ], [ -98.578827000001965, 29.450099000002034 ], [ -98.581417000002318, 29.456230000002613 ], [ -98.590005000002606, 29.45608700000215 ], [ -98.602683000002244, 29.443269000002335 ], [ -98.60254600000232, 29.456233000002115 ], [ -98.602499000002197, 29.46633500000204 ], [ -98.58137800000236, 29.462812000002767 ], [ -98.575459000002397, 29.471795000002626 ], [ -98.569987000002286, 29.469111000002915 ], [ -98.554290000002794, 29.456717000002051 ], [ -98.550350000002439, 29.456351000002861 ], [ -98.539173000002762, 29.455278000002401 ], [ -98.532918000002084, 29.454686000002816 ], [ -98.534922000002297, 29.463491000002659 ], [ -98.549228000002842, 29.464851000002831 ], [ -98.548744000002159, 29.468710000002581 ], [ -98.534416000002196, 29.467556000002872 ], [ -98.528563000002677, 29.466997000002767 ], [ -98.528635000002723, 29.467070000002071 ], [ -98.53358600000216, 29.472014000002577 ], [ -98.545938000002025, 29.484444000002657 ], [ -98.544980000002354, 29.487786000002259 ], [ -98.534933000002553, 29.484655000002498 ], [ -98.535026000002844, 29.495004000002304 ], [ -98.525943000002201, 29.495449000002143 ], [ -98.525955000002398, 29.502963000002879 ], [ -98.525957000002805, 29.507863000002455 ], [ -98.525944000002767, 29.514994000002847 ], [ -98.527732000002246, 29.516169000002499 ], [ -98.528368000002473, 29.516603000002078 ], [ -98.528651000002199, 29.517960000002592 ], [ -98.537166000002159, 29.532871000002189 ], [ -98.527557000002247, 29.540694000002581 ], [ -98.520428000002795, 29.535026000002382 ], [ -98.511144000001977, 29.544185000002521 ], [ -98.508798000002713, 29.546388000002175 ], [ -98.504880000002458, 29.55015200000247 ], [ -98.488455000002844, 29.549130000002538 ], [ -98.480246000002097, 29.563240000002754 ], [ -98.483094000002353, 29.565423000002141 ], [ -98.477160000002684, 29.580501000002322 ], [ -98.475289000002476, 29.586685000002017 ], [ -98.501514000001876, 29.596373000002448 ], [ -98.492586000002845, 29.608218000002537 ], [ -98.492701000001901, 29.608916000002058 ], [ -98.508264000002754, 29.60874100000208 ], [ -98.523061000001874, 29.608492000002595 ], [ -98.533705000002143, 29.603354000002746 ], [ -98.531451000002164, 29.590095000002801 ], [ -98.538552000002554, 29.583109000002786 ], [ -98.538848000002446, 29.583077000002618 ], [ -98.54062400000214, 29.597799000002851 ], [ -98.541270000002058, 29.601685000002163 ], [ -98.545691000002478, 29.601417000002364 ], [ -98.563526000002781, 29.599158000002404 ], [ -98.568779000002181, 29.59689200000204 ], [ -98.58785600000256, 29.592160000002668 ], [ -98.598656000002805, 29.591323000002056 ], [ -98.598592000002043, 29.590911000002265 ], [ -98.6311410000026, 29.58724000000208 ], [ -98.629204000002062, 29.601313000002055 ], [ -98.645989000001876, 29.596586000002667 ], [ -98.646932000002522, 29.580464000002017 ], [ -98.645050000002357, 29.577562000002057 ], [ -98.651616000002846, 29.569973000002449 ], [ -98.669870000001922, 29.584139000002548 ], [ -98.669891000002195, 29.586095000002917 ], [ -98.672418000002395, 29.608965000002584 ], [ -98.680940000002536, 29.609085000002121 ], [ -98.684597000001958, 29.609304000002115 ], [ -98.687421000002246, 29.62171100000203 ], [ -98.68286400000224, 29.627226000002729 ], [ -98.678950000001961, 29.652264000002024 ], [ -98.674411000002721, 29.68096400000238 ], [ -98.681994000002717, 29.696705000002261 ], [ -98.708999000002464, 29.695379000002394 ], [ -98.735403000002137, 29.719633000002823 ], [ -98.687549000002264, 29.73872000000209 ], [ -98.665233000002004, 29.741995000002611 ], [ -98.659046000001879, 29.749233000002324 ], [ -98.646124000002615, 29.74518100000213 ], [ -98.623339000002645, 29.743933000002645 ], [ -98.534015000002739, 29.752353000002785 ], [ -98.521054000002707, 29.745050000002362 ], [ -98.514491000002835, 29.742856000002835 ], [ -98.512887000002578, 29.70818600000246 ], [ -98.488641000002204, 29.708223000002771 ], [ -98.484070000002035, 29.709641000002783 ], [ -98.481726000002638, 29.700278000002712 ], [ -98.476500000002304, 29.679526000002348 ], [ -98.469177000001963, 29.67958400000224 ], [ -98.47958400000212, 29.659683000002424 ], [ -98.45012100000244, 29.65753500000277 ], [ -98.450283000002756, 29.660868000002743 ], [ -98.435277000002003, 29.662713000002555 ], [ -98.425454000002318, 29.647419000002859 ], [ -98.424807000001877, 29.640247000002613 ], [ -98.421525000002163, 29.64048800000273 ], [ -98.41376800000188, 29.641138000002275 ], [ -98.374104000002845, 29.631792000002719 ], [ -98.373157000002706, 29.629685000002205 ], [ -98.365941000002522, 29.602906000002868 ], [ -98.357352000001967, 29.599823000002026 ], [ -98.339617000002477, 29.605868000002346 ], [ -98.344178000002685, 29.636380000002404 ], [ -98.328651000002793, 29.608233000002119 ], [ -98.313494000001839, 29.602279000002468 ], [ -98.310950000002762, 29.59456000000236 ], [ -98.310928000002505, 29.594473000002441 ], [ -98.296265000002322, 29.599975000002519 ], [ -98.280554000002397, 29.606167000002163 ], [ -98.23813000000186, 29.623050000002348 ], [ -98.197630000002022, 29.638128000002453 ], [ -98.184425000001994, 29.643610000002671 ], [ -98.143072000002817, 29.660760000002195 ], [ -98.119391000002423, 29.670699000002109 ], [ -98.110151000002276, 29.674737000002786 ], [ -98.090927000001983, 29.683245000002863 ], [ -98.090685000002281, 29.683325000002089 ], [ -98.058526000002416, 29.70773800000249 ], [ -98.05734200000262, 29.708700000002445 ], [ -98.001106000002437, 29.75105100000205 ], [ -97.99927100000204, 29.752444000002107 ], [ -97.971558000002446, 29.779417000002375 ], [ -97.875259000001876, 29.858208000002296 ], [ -97.84234900000196, 29.832131000002104 ], [ -97.842351000001884, 29.799224000002827 ], [ -97.780917000001921, 29.759258000002728 ], [ -97.773340000002364, 29.741852000002488 ], [ -97.768764000002463, 29.741730000002928 ], [ -97.735720000002758, 29.691198000002661 ], [ -97.705506000002217, 29.682636000002312 ], [ -97.700536000002273, 29.66841300000284 ], [ -97.650834000002277, 29.666153000002879 ], [ -97.633176000001924, 29.649863000002529 ], [ -97.664987000002199, 29.607720000002569 ], [ -97.7396390000022, 29.509381000002808 ], [ -97.804618000001966, 29.42304100000214 ], [ -97.840383000002163, 29.376791000002392 ], [ -97.956081000002783, 29.37843600000275 ], [ -98.010222000002685, 29.37893100000289 ], [ -98.068376000002417, 29.379337000002899 ], [ -98.099713000002566, 29.372060000002648 ], [ -98.122574000002217, 29.37854900000227 ], [ -98.134171000002354, 29.441751000002771 ], [ -98.186324000002074, 29.501200000002822 ], [ -98.23069500000274, 29.550837000002737 ], [ -98.272924000001836, 29.550878000002683 ], [ -98.282860000002543, 29.546287000002629 ], [ -98.280432000002477, 29.510990000002455 ], [ -98.28907200000252, 29.51476400000271 ], [ -98.304700000002157, 29.5068140000024 ], [ -98.311798000002284, 29.521351000002589 ], [ -98.322355000002716, 29.532768000002633 ], [ -98.328659000002816, 29.537211000002561 ], [ -98.329964000002235, 29.537947000002735 ], [ -98.331141000002276, 29.53863700000278 ], [ -98.320612000002498, 29.549946000002681 ], [ -98.324739000002282, 29.556040000002064 ], [ -98.3425340000028, 29.546712000002692 ], [ -98.348001000001958, 29.554638000002289 ], [ -98.348405000001861, 29.555230000002311 ], [ -98.356428000001955, 29.569885000002039 ], [ -98.365442000002716, 29.567443000002459 ], [ -98.379747000002837, 29.555529000002544 ], [ -98.374204000001939, 29.549140000002222 ], [ -98.368963000002836, 29.545592000002284 ], [ -98.379227000001976, 29.539460000002911 ], [ -98.379129000002479, 29.533048000002498 ], [ -98.378839000002216, 29.532452000002603 ], [ -98.381311000002825, 29.531332000002937 ], [ -98.382537000002756, 29.530365000002721 ], [ -98.380996000002, 29.525491000002649 ], [ -98.36935100000278, 29.527035000002257 ], [ -98.369236000002445, 29.522553000002471 ], [ -98.362807000002647, 29.521297000002399 ], [ -98.354550000002718, 29.521588000002293 ], [ -98.349139000002737, 29.521627000002187 ], [ -98.333787000002175, 29.510940000002112 ], [ -98.339515000002436, 29.506186000002671 ], [ -98.356992000002407, 29.510944000002375 ], [ -98.359343000002582, 29.501770000002836 ], [ -98.365750000002834, 29.512069000002668 ], [ -98.371615000002194, 29.510403000002551 ], [ -98.380346000002007, 29.510279000002161 ], [ -98.391223000002725, 29.51022000000226 ], [ -98.391037000001845, 29.505947000002841 ], [ -98.39541800000238, 29.499512000002522 ], [ -98.388732000002037, 29.498661000002055 ], [ -98.392771000001957, 29.496708000002375 ], [ -98.39979300000256, 29.497174000002289 ], [ -98.402605000002637, 29.493975000002777 ], [ -98.403608000002478, 29.482414000002311 ], [ -98.404040000002738, 29.460473000002068 ], [ -98.407137000002564, 29.458458000002604 ], [ -98.410777000001957, 29.46179700000215 ], [ -98.4139790000023, 29.456425000002465 ], [ -98.441133000002395, 29.440890000002433 ], [ -98.441768000002497, 29.439724000002037 ], [ -98.460962000002326, 29.436230000002784 ], [ -98.460949000002756, 29.438910000002849 ], [ -98.468140000002336, 29.442367000002648 ], [ -98.477887000002823, 29.439903000002875 ], [ -98.477982000002285, 29.439635000002617 ], [ -98.479057000002115, 29.439040000002851 ], [ -98.47776300000244, 29.444749000002417 ], [ -98.481477000002002, 29.44548900000224 ], [ -98.495916000001898, 29.435767000002816 ], [ -98.498972000002283, 29.44064300000225 ], [ -98.505205000002647, 29.438878000002308 ], [ -98.50150100000242, 29.43284100000292 ], [ -98.500672000002567, 29.429818000002697 ], [ -98.501687000002264, 29.422531000002017 ], [ -98.501818000001919, 29.421482000002669 ], [ -98.50811300000268, 29.41124900000241 ], [ -98.515197000002473, 29.412077000002579 ], [ -98.514108000002039, 29.420499000002263 ], [ -98.527757000002154, 29.421753000002759 ], [ -98.526917000002385, 29.428141000002547 ], [ -98.524582000002397, 29.427928000002449 ], [ -98.523932000002446, 29.43402300000232 ], [ -98.535365000002841, 29.435070000002032 ], [ -98.541825000001836, 29.435650000002553 ], [ -98.542552000002075, 29.429540000002348 ], [ -98.545048000002836, 29.429809000002916 ], [ -98.55409200000264, 29.430752000002727 ], [ -98.562928000002159, 29.431671000002599 ], [ -98.571752000002462, 29.432470000002141 ], [ -98.576572000002074, 29.432904000002601 ], [ -98.587551000002279, 29.433915000002568 ] ] ] } },
{ "type": "Feature", "properties": { "opt_all": 22, "population": 767694.0, "voting_age_pop": 562672.0, "dem_votes": 155450.0, "rep_votes": 108572.0, "minority_pop": 403941.0, "dem_pct": 0.58877669262835042, "rep_pct": 0.41122330699289328 }, "geometry": { "type": "Polygon", "coordinates": [ [ [ -95.892753000002202, 29.310937000002415 ], [ -95.949463000001998, 29.335318000002975 ], [ -95.93743400000244, 29.358086000002935 ], [ -95.897025000002103, 29.379162000002875 ], [ -95.9084400000024, 29.418579000002651 ], [ -95.861947000001877, 29.419269000002405 ], [ -95.839162000002702, 29.440363000002385 ], [ -95.831340000002484, 29.433829000002991 ], [ -95.771700000002596, 29.469088000002792 ], [ -95.758545000002599, 29.482400000002301 ], [ -95.745204000002474, 29.538107000002942 ], [ -95.742454000002382, 29.543404000002564 ], [ -95.747206000002762, 29.546646000002958 ], [ -95.741145000002604, 29.549227000002713 ], [ -95.74935500000224, 29.57360900000247 ], [ -95.746597000002737, 29.576624000002909 ], [ -95.70835800000242, 29.573915000002675 ], [ -95.715496000002204, 29.598378000002171 ], [ -95.713560000002161, 29.598579000002793 ], [ -95.713962000001914, 29.620959000002799 ], [ -95.733306000002315, 29.625973000002674 ], [ -95.743502000002081, 29.623600000002824 ], [ -95.743612000002159, 29.625030000002951 ], [ -95.743775000001918, 29.643515000002377 ], [ -95.758338000002567, 29.662926000002905 ], [ -95.762633000001856, 29.67914800000236 ], [ -95.77547000000196, 29.700572000002506 ], [ -95.813021000002323, 29.69736400000275 ], [ -95.845917000002046, 29.694699000002274 ], [ -95.846165000002316, 29.717894000002584 ], [ -95.846334000002443, 29.734275000002881 ], [ -95.88466700000258, 29.730395000002805 ], [ -95.884940000002359, 29.765835000002397 ], [ -95.874118000002724, 29.770000000002497 ], [ -95.871646000002301, 29.770888000002227 ], [ -95.869072000002063, 29.771863000002568 ], [ -95.825975000002558, 29.788616000002978 ], [ -95.820732000002394, 29.785677000002295 ], [ -95.812193000002594, 29.780863000002213 ], [ -95.786739000002044, 29.766554000002277 ], [ -95.776086000002365, 29.7605870000022 ], [ -95.775838000001954, 29.760448000002196 ], [ -95.751446000002161, 29.746472000002857 ], [ -95.730396000002713, 29.734296000002463 ], [ -95.711153000001957, 29.723524000002907 ], [ -95.688349000002205, 29.710862000002987 ], [ -95.687082000002405, 29.710078000002341 ], [ -95.671272000002617, 29.701192000002816 ], [ -95.670872000002362, 29.700991000002581 ], [ -95.652194000002083, 29.690826000002165 ], [ -95.643636000002687, 29.685934000002195 ], [ -95.623178000002355, 29.674298000002985 ], [ -95.621848000001819, 29.673572000002551 ], [ -95.597838000002113, 29.660959000002965 ], [ -95.597057000002565, 29.660601000002941 ], [ -95.582702000002044, 29.65395200000275 ], [ -95.571363000001838, 29.648725000002543 ], [ -95.543772000002122, 29.635970000002938 ], [ -95.536992000002655, 29.632840000002744 ], [ -95.521049000002037, 29.625479000002635 ], [ -95.515794000001904, 29.623047000002227 ], [ -95.495038000002097, 29.61339000000217 ], [ -95.493403000002559, 29.612717000002707 ], [ -95.49316600000256, 29.636101000002963 ], [ -95.482341000001981, 29.64026800000256 ], [ -95.46373600000264, 29.647490000002879 ], [ -95.46374300000268, 29.647875000002553 ], [ -95.442278000002602, 29.656153000002305 ], [ -95.439760000002323, 29.665020000002297 ], [ -95.439799000002083, 29.668039000002945 ], [ -95.439948000001905, 29.679513000002995 ], [ -95.42603800000208, 29.67987800000251 ], [ -95.420333000002316, 29.687039000002184 ], [ -95.414363000001956, 29.694449000002383 ], [ -95.412126000002559, 29.697312000002359 ], [ -95.414777000002019, 29.697828000002943 ], [ -95.418288000002462, 29.706164000002868 ], [ -95.418391000001876, 29.713410000002938 ], [ -95.418406000002605, 29.71430000000219 ], [ -95.418399000001997, 29.715054000002741 ], [ -95.412671000001794, 29.715107000003009 ], [ -95.401830000001794, 29.710299000002927 ], [ -95.39365500000234, 29.720637000002306 ], [ -95.390718000002479, 29.723931000002523 ], [ -95.390258000002561, 29.724958000002282 ], [ -95.38449700000244, 29.732216000002627 ], [ -95.380082000002361, 29.718971000002512 ], [ -95.382091000002518, 29.713104000002545 ], [ -95.384616000001841, 29.70569900000265 ], [ -95.402111000002478, 29.70139500000251 ], [ -95.397207000002282, 29.670282000003024 ], [ -95.402109000002, 29.657536000002285 ], [ -95.421630000002637, 29.627995000002461 ], [ -95.421562000002623, 29.619869000003039 ], [ -95.445970000002561, 29.618780000002964 ], [ -95.445890000002763, 29.613330000002271 ], [ -95.464913000002525, 29.61524000000253 ], [ -95.465045000001936, 29.599599000002566 ], [ -95.458191000002202, 29.596293000002401 ], [ -95.448513000002478, 29.59174900000286 ], [ -95.44697000000204, 29.590978000003005 ], [ -95.44633900000224, 29.59069800000281 ], [ -95.424286000002141, 29.580312000002504 ], [ -95.431186000002683, 29.554921000002672 ], [ -95.435305000001904, 29.539925000002473 ], [ -95.437241000002643, 29.532827000002751 ], [ -95.443391000001839, 29.510211000002496 ], [ -95.44630000000204, 29.499637000002881 ], [ -95.450385000002598, 29.484228000002538 ], [ -95.46260200000188, 29.439238000002153 ], [ -95.550622000001823, 29.438306000002878 ], [ -95.547577000001795, 29.395197000002984 ], [ -95.572341000001884, 29.383826000002809 ], [ -95.590793000002563, 29.327485000002284 ], [ -95.654355000002596, 29.290945000002417 ], [ -95.71686000000264, 29.313236000002888 ], [ -95.752866000002044, 29.324503000002927 ], [ -95.797820000002474, 29.307971000002812 ], [ -95.847656000002758, 29.262590000002319 ], [ -95.874240000002004, 29.26653800000248 ], [ -95.892753000002202, 29.310937000002415 ] ] ] } },
{ "type": "Feature", "properties": { "opt_all": 23, "population": 766540.0, "voting_age_pop": 579049.0, "dem_votes": 93675.0, "rep_votes": 171457.0, "minority_pop": 327050.0, "dem_pct": 0.35331457524805959, "rep_pct": 0.64668542437476972 }, "geometry": { "type": "Polygon", "coordinates": [ [ [ -100.546576000002361, 28.824923000001988 ], [ -100.573536000002363, 28.845815000002784 ], [ -100.602595000002395, 28.902214000002644 ], [ -100.631611000002763, 28.902839000002302 ], [ -100.667548000002725, 29.084292000002058 ], [ -100.67520000000242, 29.100741000002241 ], [ -100.73779500000272, 29.139079000002479 ], [ -100.794627000002436, 29.241612000002799 ], [ -100.878126000002055, 29.280860000002484 ], [ -100.886842000002304, 29.307848000002675 ], [ -100.919499000002119, 29.325318000002103 ], [ -100.926284000002397, 29.326609000002598 ], [ -100.930630000002495, 29.328616000001979 ], [ -100.950727000002885, 29.347711000001951 ], [ -101.003953000002539, 29.364703000002191 ], [ -101.063976000002484, 29.459853000002351 ], [ -101.151877000002358, 29.477005000002222 ], [ -101.173824000002242, 29.51456800000199 ], [ -101.207611000002714, 29.521193000002626 ], [ -101.254895000002804, 29.520341000002272 ], [ -101.241030000002326, 29.565028000002449 ], [ -101.277878000002687, 29.590810000002296 ], [ -101.311636000002082, 29.585127000001886 ], [ -101.300027000001961, 29.640702000002676 ], [ -101.314135000002722, 29.659054000002513 ], [ -101.363218000002519, 29.652638000002678 ], [ -101.375386000002194, 29.701807000002237 ], [ -101.415584000002738, 29.746534000002207 ], [ -101.448881000002686, 29.750699000001894 ], [ -101.455799000002315, 29.788049000001909 ], [ -101.500389000002656, 29.76586800000188 ], [ -101.539191000002106, 29.761774000001921 ], [ -101.535010000002842, 29.797679000002081 ], [ -101.567749000001896, 29.79872700000254 ], [ -101.646936000002398, 29.754565000002085 ], [ -101.662994000001945, 29.771060000002159 ], [ -101.760924000001879, 29.781802000002227 ], [ -101.758888000002216, 30.152001000002191 ], [ -101.758400000002197, 30.288044000002692 ], [ -101.547865000002673, 30.288170000001863 ], [ -101.544484000002441, 30.288169000001879 ], [ -100.960643000002847, 30.287776000002268 ], [ -100.960649000002462, 30.665484000002785 ], [ -100.96058700000232, 30.706071000002083 ], [ -100.96191100000236, 30.910537000002289 ], [ -100.962176000002316, 31.082490000001997 ], [ -100.973788000001917, 31.08230200000213 ], [ -101.274799000002758, 31.079379000002259 ], [ -101.271888000002605, 31.294032000002598 ], [ -101.268939000002007, 31.442820000002119 ], [ -101.26794700000184, 31.52868800000228 ], [ -101.267630000001887, 31.556462000002483 ], [ -100.86525600000256, 31.562294000002037 ], [ -100.861099000002554, 31.705418000002702 ], [ -100.825370000002394, 31.696155000002651 ], [ -100.441592000001975, 31.693073000002631 ], [ -100.235761000002682, 31.692970000002578 ], [ -100.236043000002681, 31.782974000002792 ], [ -100.235992000002383, 31.826608000002615 ], [ -100.235976000002736, 31.851056000001957 ], [ -100.235938000002633, 31.906612000002308 ], [ -100.235137000002155, 32.082372000002493 ], [ -100.151911000002443, 32.082638000002625 ], [ -100.056042000001923, 32.082401000002719 ], [ -100.038386000002845, 32.08237800000235 ], [ -99.862650000002162, 32.081520000002115 ], [ -99.713971000002616, 32.082089000002064 ], [ -99.716193000002605, 31.899056000002311 ], [ -99.719556000002683, 31.69670200000245 ], [ -99.721698000002078, 31.576759000002504 ], [ -99.671471000002526, 31.550249000002172 ], [ -99.656574000002777, 31.519401000002809 ], [ -99.674847000002046, 31.497008000002793 ], [ -99.626217000002725, 31.467525000002059 ], [ -99.601850000002855, 31.49195000000222 ], [ -99.535827000002115, 31.482448000002627 ], [ -99.529716000002836, 31.460574000002044 ], [ -99.476543000002764, 31.423782000002362 ], [ -99.454096000002664, 31.439632000002049 ], [ -99.440824000002294, 31.475009000002263 ], [ -99.337930000002515, 31.416849000002628 ], [ -99.30823100000228, 31.415206000002563 ], [ -99.302605000002757, 31.432504000002481 ], [ -99.238447000002679, 31.483127000002085 ], [ -99.202768000002465, 31.467234000002595 ], [ -99.090622000001915, 31.460927000002059 ], [ -99.091319000002485, 31.323343000002836 ], [ -99.091804000002114, 31.199218000002499 ], [ -99.091804000002156, 31.133643000002028 ], [ -99.09203700000208, 31.050636000002644 ], [ -99.092317000002296, 30.941002000002445 ], [ -99.092431000002406, 30.921968000002099 ], [ -98.964612000001878, 30.92136800000231 ], [ -98.96381400000196, 30.73805400000203 ], [ -98.964232000002838, 30.498482000002543 ], [ -98.94235600000286, 30.498556000002456 ], [ -98.946430000001996, 30.465415000002089 ], [ -98.899582000002042, 30.446880000002519 ], [ -98.862867000002353, 30.40882900000225 ], [ -98.855435000002274, 30.366560000002309 ], [ -98.866441000002297, 30.295766000002192 ], [ -98.889489000001959, 30.285275000002123 ], [ -98.891045000001967, 30.284812000002844 ], [ -98.930983000002456, 30.279601000002252 ], [ -99.003758000002435, 30.299951000002284 ], [ -99.130969000002821, 30.2994820000022 ], [ -99.150786000002398, 30.371023000002207 ], [ -99.1615520000028, 30.430610000002083 ], [ -99.19661000000194, 30.39864200000201 ], [ -99.225870000002018, 30.39651800000247 ], [ -99.258348000002044, 30.428289000002842 ], [ -99.303360000002243, 30.435246000002408 ], [ -99.301718000001884, 30.28665300000279 ], [ -99.300988000002675, 30.134298000002214 ], [ -99.28275800000192, 30.134446000002601 ], [ -99.214513000002682, 30.135067000002717 ], [ -99.188073000002504, 30.135363000002428 ], [ -99.078636000002405, 30.136584000002813 ], [ -99.064964000001922, 30.136736000002479 ], [ -98.920147000001919, 30.138290000002357 ], [ -98.730030000002444, 30.138589000002824 ], [ -98.690306000002195, 30.138721000002494 ], [ -98.587897000002798, 30.138954000002375 ], [ -98.580649000002154, 30.13040200000254 ], [ -98.414018000001846, 29.937557000002116 ], [ -98.369022000002275, 29.976171000002665 ], [ -98.356277000001839, 29.987211000002191 ], [ -98.297600000002234, 30.037994000002147 ], [ -98.198702000002385, 29.967771000002536 ], [ -98.121270000002639, 29.912844000002263 ], [ -98.04475300000216, 29.858710000002414 ], [ -98.018682000002258, 29.812253000002837 ], [ -98.075753000002024, 29.767349000002525 ], [ -98.088406000002166, 29.737623000002461 ], [ -98.101449000002447, 29.709830000002089 ], [ -98.110161000002321, 29.707380000002463 ], [ -98.113779000002395, 29.704297000002484 ], [ -98.090685000002281, 29.683325000002089 ], [ -98.090927000001983, 29.683245000002863 ], [ -98.110151000002276, 29.674737000002786 ], [ -98.119391000002423, 29.670699000002109 ], [ -98.143072000002817, 29.660760000002195 ], [ -98.184425000001994, 29.643610000002671 ], [ -98.197630000002022, 29.638128000002453 ], [ -98.23813000000186, 29.623050000002348 ], [ -98.280554000002397, 29.606167000002163 ], [ -98.296265000002322, 29.599975000002519 ], [ -98.310928000002505, 29.594473000002441 ], [ -98.310950000002762, 29.59456000000236 ], [ -98.313494000001839, 29.602279000002468 ], [ -98.328651000002793, 29.608233000002119 ], [ -98.344178000002685, 29.636380000002404 ], [ -98.339617000002477, 29.605868000002346 ], [ -98.357352000001967, 29.599823000002026 ], [ -98.365941000002522, 29.602906000002868 ], [ -98.373157000002706, 29.629685000002205 ], [ -98.374104000002845, 29.631792000002719 ], [ -98.41376800000188, 29.641138000002275 ], [ -98.421525000002163, 29.64048800000273 ], [ -98.424807000001877, 29.640247000002613 ], [ -98.425454000002318, 29.647419000002859 ], [ -98.435277000002003, 29.662713000002555 ], [ -98.450283000002756, 29.660868000002743 ], [ -98.45012100000244, 29.65753500000277 ], [ -98.47958400000212, 29.659683000002424 ], [ -98.469177000001963, 29.67958400000224 ], [ -98.476500000002304, 29.679526000002348 ], [ -98.481726000002638, 29.700278000002712 ], [ -98.484070000002035, 29.709641000002783 ], [ -98.488641000002204, 29.708223000002771 ], [ -98.512887000002578, 29.70818600000246 ], [ -98.514491000002835, 29.742856000002835 ], [ -98.521054000002707, 29.745050000002362 ], [ -98.534015000002739, 29.752353000002785 ], [ -98.623339000002645, 29.743933000002645 ], [ -98.646124000002615, 29.74518100000213 ], [ -98.659046000001879, 29.749233000002324 ], [ -98.665233000002004, 29.741995000002611 ], [ -98.687549000002264, 29.73872000000209 ], [ -98.735403000002137, 29.719633000002823 ], [ -98.778782000002707, 29.720167000002821 ], [ -98.917725000002619, 29.781398000002223 ], [ -98.932251000002793, 29.787879000002238 ], [ -98.98965600000264, 29.813495000002664 ], [ -99.022644000002344, 29.828216000002616 ], [ -99.107174000002061, 29.865842000002612 ], [ -99.179084000002518, 29.895259000002703 ], [ -99.259109000002439, 29.902428000002157 ], [ -99.324411000002584, 29.904991000002266 ], [ -99.498983000001957, 29.906691000001981 ], [ -99.602776000001839, 29.907679000002783 ], [ -99.602642000002078, 29.872869000002023 ], [ -99.603130000002082, 29.627181000002416 ], [ -99.411817000002543, 29.627514000002424 ], [ -99.412380000002599, 29.468159000002771 ], [ -99.412623000001858, 29.460368000002529 ], [ -99.413880000002763, 29.091335000002776 ], [ -99.171597000002436, 29.090980000002379 ], [ -99.120777000002803, 29.091002000002248 ], [ -99.077697000002701, 29.090946000002464 ], [ -98.922926000001965, 29.090672000002183 ], [ -98.863111000002263, 29.090316000002066 ], [ -98.804900000002803, 29.090434000002233 ], [ -98.80472400000248, 29.034322000002625 ], [ -98.801537000002725, 28.712553000002259 ], [ -98.800841000002137, 28.647487000002425 ], [ -98.800848000002446, 28.647306000002537 ], [ -98.632330000002156, 28.648364000002765 ], [ -98.438317000002556, 28.648170000002196 ], [ -98.413607000002642, 28.648169000002497 ], [ -98.335047000001936, 28.648275000002744 ], [ -98.335031000002004, 28.612658000002888 ], [ -98.334373000002358, 28.483240000002244 ], [ -98.334267000002242, 28.387474000002477 ], [ -98.334252000002238, 28.383108000002117 ], [ -98.334300000002003, 28.208435000002545 ], [ -98.334323000002485, 28.057800000002658 ], [ -98.377780000002815, 28.057695000002315 ], [ -98.803325000002005, 28.057480000002645 ], [ -98.802825000002741, 27.936063000002363 ], [ -98.802282000002563, 27.792957000002051 ], [ -99.036897000002355, 27.694663000002805 ], [ -99.060030000002698, 27.623665000002863 ], [ -99.062808000001922, 27.504942000002444 ], [ -99.320628000002444, 27.581166000002181 ], [ -99.38466000000264, 27.593681000002107 ], [ -99.421383000002479, 27.580136000002256 ], [ -99.440280000002033, 27.586173000002383 ], [ -99.473081000002367, 27.574157000002529 ], [ -99.478300000002406, 27.555798000002412 ], [ -99.484196000002484, 27.537748000002363 ], [ -99.474146000002165, 27.530540000002649 ], [ -99.474173000002338, 27.515734000002769 ], [ -99.480346000002285, 27.51574600000226 ], [ -99.480358000002127, 27.509331000002845 ], [ -99.480371000001995, 27.506575000002361 ], [ -99.480363000002313, 27.503822000002803 ], [ -99.491826000002519, 27.503811000002589 ], [ -99.49440000000196, 27.498734000002131 ], [ -99.502771000002383, 27.500357000002435 ], [ -99.525188000002061, 27.516331000002346 ], [ -99.524835000002795, 27.523795000002671 ], [ -99.523484000002739, 27.529215000002587 ], [ -99.52201300000192, 27.540751000002068 ], [ -99.5251100000024, 27.576420000002681 ], [ -99.532560000002363, 27.584327000001998 ], [ -99.537340000002445, 27.597148000002836 ], [ -99.592757000001924, 27.634654000002289 ], [ -99.666108000002282, 27.636088000002474 ], [ -99.704601000002242, 27.654954000002849 ], [ -99.742020000002526, 27.696593000002458 ], [ -99.770740000002036, 27.732134000002752 ], [ -99.801651000002821, 27.741771000002053 ], [ -99.813118000002234, 27.77399700000252 ], [ -99.842967000002119, 27.768518000002526 ], [ -99.872294000002697, 27.795258000001962 ], [ -99.88132900000204, 27.849551000002347 ], [ -99.904385000002804, 27.875284000002793 ], [ -99.893456000002061, 27.899208000002083 ], [ -99.938541000002644, 27.954059000001983 ], [ -99.931811000002781, 27.980968000002083 ], [ -99.989762000001903, 27.992876000002159 ], [ -100.018951000002801, 28.066441000002797 ], [ -100.053122000002205, 28.08473100000246 ], [ -100.086898000002165, 28.146783000002507 ], [ -100.159190000002681, 28.167647000002077 ], [ -100.212189000001885, 28.196837000002144 ], [ -100.223629000002674, 28.235223000002215 ], [ -100.257789000002319, 28.240340000002341 ], [ -100.294296000002177, 28.284380000002301 ], [ -100.288639000002604, 28.31697600000204 ], [ -100.341871000001902, 28.384953000002582 ], [ -100.336187000002326, 28.430181000002644 ], [ -100.367765000002507, 28.475019000002082 ], [ -100.334740000002881, 28.500261000002009 ], [ -100.38696300000224, 28.514023000002361 ], [ -100.411388000001921, 28.551960000002047 ], [ -100.398385000002804, 28.584884000002496 ], [ -100.4486120000022, 28.616591000002256 ], [ -100.447619000002007, 28.642406000002751 ], [ -100.501888000002381, 28.667633000002592 ], [ -100.510544000002838, 28.696134000002552 ], [ -100.507236000001924, 28.718869000002513 ], [ -100.507170000002318, 28.736482000002265 ], [ -100.537772000002676, 28.780776000002625 ], [ -100.546576000002361, 28.824923000001988 ] ] ] } },
{ "type": "Feature", "properties": { "opt_all": 24, "population": 768711.0, "voting_age_pop": 578795.0, "dem_votes": 113438.0, "rep_votes": 155555.0, "minority_pop": 271891.0, "dem_pct": 0.42171357603294002, "rep_pct": 0.57828642359530302 }, "geometry": { "type": "Polygon", "coordinates": [ [ [ -97.264483000002116, 32.820260000002655 ], [ -97.290644000001819, 32.820546000002786 ], [ -97.290673000002073, 32.839430000002736 ], [ -97.290073000002238, 32.860970000002339 ], [ -97.290436000001904, 32.872600000002535 ], [ -97.297144000001964, 32.873216000002877 ], [ -97.316725000002634, 32.872695000002629 ], [ -97.31709100000208, 32.881799000002829 ], [ -97.331707000002083, 32.89850800000206 ], [ -97.342470000002081, 32.881953000002078 ], [ -97.342777000002286, 32.884013000002433 ], [ -97.348853000001981, 32.909777000002393 ], [ -97.348728000002524, 32.915717000002317 ], [ -97.372832000002461, 32.924425000002408 ], [ -97.366708000002205, 32.969433000002333 ], [ -97.362249000002194, 32.97008000000227 ], [ -97.356054000002047, 32.991546000002863 ], [ -97.327762000002807, 32.991418000002135 ], [ -97.299329000002658, 32.991282000002165 ], [ -97.294805000002484, 32.991260000002697 ], [ -97.254164000002675, 32.991052000002512 ], [ -97.234529000002325, 32.990949000002537 ], [ -97.228762000001836, 32.990919000002393 ], [ -97.216415000001959, 32.990849000002505 ], [ -97.183810000002197, 32.990667000002844 ], [ -97.167259000001877, 32.990564000002593 ], [ -97.156847000001804, 32.990500000002363 ], [ -97.130244000002804, 32.990335000002752 ], [ -97.12414300000232, 32.990296000002417 ], [ -97.109232000002564, 32.990203000002644 ], [ -97.088162000002555, 32.99007300000207 ], [ -97.086450000002358, 32.990061000002257 ], [ -97.061800000001966, 32.989904000002063 ], [ -97.031007000001964, 32.989691000002843 ], [ -97.031432000002326, 32.970242000002166 ], [ -97.031906000002564, 32.943867000002058 ], [ -97.032147000002325, 32.930409000002918 ], [ -97.033088000002337, 32.878493000002756 ], [ -97.033577000002765, 32.852753000002828 ], [ -97.033840000001916, 32.838532000002182 ], [ -97.033857000002087, 32.837134000002202 ], [ -97.034233000002402, 32.816662000002545 ], [ -97.034219000002238, 32.816400000002503 ], [ -97.034711000001806, 32.788482000002396 ], [ -97.034755000001795, 32.786034000002836 ], [ -97.03493400000184, 32.77992900000276 ], [ -97.035171000002123, 32.759693000002279 ], [ -97.035167000002033, 32.759368000002738 ], [ -97.035191000002641, 32.757098000002181 ], [ -97.035518000002341, 32.739709000002115 ], [ -97.04587000000258, 32.739562000002692 ], [ -97.049321000002138, 32.737426000002884 ], [ -97.047586000002241, 32.7206330000026 ], [ -97.047574000002555, 32.706036000002307 ], [ -97.062598000002637, 32.706077000002225 ], [ -97.062753000002104, 32.691500000002094 ], [ -97.062764000002275, 32.677492000002857 ], [ -97.062762000002635, 32.677202000002076 ], [ -97.062867000002484, 32.66809200000246 ], [ -97.042947000002727, 32.665810000002821 ], [ -97.042111000002521, 32.659149000002266 ], [ -97.06259500000202, 32.66143100000216 ], [ -97.063277000002401, 32.661372000002281 ], [ -97.06321600000264, 32.660753000002479 ], [ -97.0771130000022, 32.658847000002325 ], [ -97.088208000002197, 32.65281300000224 ], [ -97.091509000002318, 32.672147000002241 ], [ -97.092863000002325, 32.677567000002789 ], [ -97.097836000002758, 32.691736000002152 ], [ -97.115009000002402, 32.690965000002684 ], [ -97.114863000001975, 32.703296000002524 ], [ -97.135075000002686, 32.692154000002311 ], [ -97.138706000002486, 32.692163000002907 ], [ -97.148227000002123, 32.692209000002549 ], [ -97.149196000002306, 32.706792000002096 ], [ -97.138031000002485, 32.70666000000265 ], [ -97.13687500000222, 32.706609000002381 ], [ -97.132722000002758, 32.706559000002905 ], [ -97.1319460000025, 32.709026000002936 ], [ -97.123336000002197, 32.708916000002439 ], [ -97.12332600000282, 32.721213000002926 ], [ -97.131922000002035, 32.721246000002125 ], [ -97.131638000002127, 32.736169000002832 ], [ -97.131654000002641, 32.73650000000255 ], [ -97.149136000002144, 32.735945000002019 ], [ -97.149077000002421, 32.743150000002935 ], [ -97.140360000002104, 32.750286000002504 ], [ -97.136650000001978, 32.759897000002596 ], [ -97.149737000002801, 32.760205000002507 ], [ -97.149408000002765, 32.767736000002628 ], [ -97.148801000001882, 32.771369000002672 ], [ -97.149364000002478, 32.776148000002188 ], [ -97.155958000001903, 32.771920000002375 ], [ -97.178502000002098, 32.781815000002396 ], [ -97.177477000002398, 32.794038000002281 ], [ -97.18376200000192, 32.802466000002703 ], [ -97.212307000002184, 32.797901000002781 ], [ -97.212166000002682, 32.804305000002032 ], [ -97.186530000002122, 32.806759000002685 ], [ -97.186446000002206, 32.823650000002246 ], [ -97.207469000001865, 32.823579000002781 ], [ -97.206204000002643, 32.823879000002677 ], [ -97.209344000002517, 32.831686000002279 ], [ -97.209334000001846, 32.833040000002534 ], [ -97.221732000002618, 32.835330000002863 ], [ -97.238729000002436, 32.840336000002473 ], [ -97.252850000002638, 32.840308000002842 ], [ -97.258340000002278, 32.835124000002217 ], [ -97.255620000002807, 32.833486000002232 ], [ -97.254706000002514, 32.831694000002237 ], [ -97.254665000002078, 32.831642000002262 ], [ -97.253402000002396, 32.819078000002229 ], [ -97.264483000002116, 32.820260000002655 ] ] ] } },
{ "type": "Feature", "properties": { "opt_all": 25, "population": 769209.0, "voting_age_pop": 602588.0, "dem_votes": 54880.0, "rep_votes": 216636.0, "minority_pop": 175983.0, "dem_pct": 0.20212436828690597, "rep_pct": 0.79787563134479156 }, "geometry": { "type": "Polygon", "coordinates": [ [ [ -99.776878000001858, 32.277473000002544 ], [ -99.759344000002159, 32.284766000002101 ], [ -99.742579000001925, 32.343297000002742 ], [ -99.777081000002084, 32.374405000002646 ], [ -99.800502000002695, 32.371640000002202 ], [ -99.807037000002794, 32.327669000002025 ], [ -99.849172000002341, 32.320916000002391 ], [ -99.924600000002201, 32.296967000002233 ], [ -99.920149000002496, 32.28304800000231 ], [ -100.021654000002314, 32.237899000002287 ], [ -100.017274000001919, 32.269194000002713 ], [ -99.97702300000276, 32.270065000002333 ], [ -99.977730000002524, 32.317504000002238 ], [ -99.999664000002483, 32.390507000002472 ], [ -99.985306000001927, 32.393808000002764 ], [ -100.056971000002605, 32.420575000002692 ], [ -100.084288000002203, 32.522637000002383 ], [ -100.146543000002239, 32.522793000001968 ], [ -100.145854000002544, 32.64358600000277 ], [ -100.145488000002601, 32.754514000002629 ], [ -100.14422400000214, 32.959978000002693 ], [ -100.152219000001836, 32.960048000002047 ], [ -100.432927000001882, 32.962455000002336 ], [ -100.519208000002365, 32.962926000002163 ], [ -100.517575000002793, 33.136782000001929 ], [ -100.517092000002037, 33.22600600000218 ], [ -100.517224000002543, 33.333007000002596 ], [ -100.517449000002117, 33.397866000002466 ], [ -100.517960000001835, 33.591631000002494 ], [ -100.518166000002424, 33.689954000002047 ], [ -100.518691000002761, 33.835650000002445 ], [ -100.518224000002107, 33.956366000002717 ], [ -100.518088000002194, 34.003886000001927 ], [ -100.518362000001957, 34.167737000002148 ], [ -100.517340000002065, 34.314102000001959 ], [ -100.693665000002838, 34.313300000002599 ], [ -100.728641000002199, 34.313306000001873 ], [ -100.946132000002478, 34.312759000002423 ], [ -100.945220000001925, 34.629966000002383 ], [ -100.94493900000252, 34.748281000002535 ], [ -101.09074900000212, 34.748246000002034 ], [ -101.088239000002204, 34.981890000002309 ], [ -100.999195000001819, 34.975909000002588 ], [ -100.971298000002562, 34.947045000001907 ], [ -100.898401000002622, 34.943121000002378 ], [ -100.882877000002239, 34.926103000002456 ], [ -100.865715000002481, 34.962441000002258 ], [ -100.82398500000204, 34.976540000002039 ], [ -100.696017000002485, 34.97689000000247 ], [ -100.696089000002104, 34.962405000002526 ], [ -100.660646000002075, 34.976856000002158 ], [ -100.539646000002804, 34.993913000002607 ], [ -100.538978000002544, 35.18314400000267 ], [ -100.449473000001802, 35.183001000002129 ], [ -100.272707000001802, 35.182926000001935 ], [ -100.252431000002716, 35.182902000002485 ], [ -100.000385000002154, 35.182702000002166 ], [ -100.000382000002261, 34.812480000002175 ], [ -100.000381000001994, 34.746358000002296 ], [ -100.00020800000236, 34.570457000002165 ], [ -99.997501000002799, 34.560574000002518 ], [ -99.953817000002473, 34.578527000001976 ], [ -99.888741000002085, 34.550452000002039 ], [ -99.767234000002119, 34.430502000002164 ], [ -99.735601000002404, 34.41284600000246 ], [ -99.694528000002322, 34.378218000002313 ], [ -99.600026000002003, 34.374688000002628 ], [ -99.569696000002821, 34.418418000002411 ], [ -99.517624000002399, 34.414494000002477 ], [ -99.475115000001765, 34.395930000001933 ], [ -99.398728000001796, 34.375832000002013 ], [ -99.375550000001965, 34.458789000002533 ], [ -99.341766000001755, 34.431266000001933 ], [ -99.320073000001884, 34.409267000002295 ], [ -99.261275000002286, 34.403508000002731 ], [ -99.269796000002202, 34.380843000002194 ], [ -99.208832000001962, 34.339172000002648 ], [ -99.213161000002714, 34.308476000002145 ], [ -99.189776000002126, 34.214357000002749 ], [ -99.119979000001877, 34.20182500000228 ], [ -99.056350000002695, 34.200014000002682 ], [ -98.952395000002596, 34.212497000002358 ], [ -98.88711200000246, 34.168260000002242 ], [ -98.8311150000022, 34.162154000002197 ], [ -98.753456000001876, 34.124609000002309 ], [ -98.690072000002203, 34.13315500000229 ], [ -98.643223000002237, 34.164531000002391 ], [ -98.577356000001998, 34.149100000002747 ], [ -98.536185000002817, 34.107234000002535 ], [ -98.486328000002018, 34.062598000002055 ], [ -98.423533000001925, 34.082843000002157 ], [ -98.398441000002805, 34.128456000002096 ], [ -98.364023000002419, 34.157109000002656 ], [ -98.339551000002658, 34.152797000002515 ], [ -98.257872000001981, 34.129665000002227 ], [ -98.232474000002242, 34.134641000002802 ], [ -98.168790000002474, 34.114262000002739 ], [ -98.123377000002762, 34.154540000002633 ], [ -98.090550000002779, 34.122484000002608 ], [ -98.120208000002634, 34.072127000002624 ], [ -98.105520000001917, 34.036766000001961 ], [ -98.08443500000206, 34.002893000002416 ], [ -98.0411170000026, 33.993456000002539 ], [ -97.971670000002121, 34.005434000001976 ], [ -97.946802000002805, 33.990893000002686 ], [ -97.957155000002118, 33.91445400000265 ], [ -97.977860000002394, 33.889825000002396 ], [ -97.978263000001874, 33.774107000002616 ], [ -97.978845000002593, 33.637729000002352 ], [ -97.978965000002376, 33.575806000002217 ], [ -97.978919000002136, 33.467129000002274 ], [ -97.978967000002285, 33.433748000002467 ], [ -97.918189000001817, 33.433873000002023 ], [ -97.91911300000244, 33.307436000002284 ], [ -97.918986000002164, 33.234058000002086 ], [ -97.919034000002199, 33.22564500000265 ], [ -97.919570000001784, 33.172495000002613 ], [ -97.921642000001924, 33.001284000002755 ], [ -97.925499000002318, 33.00129600000232 ], [ -98.05609400000192, 33.003332000002423 ], [ -98.057770000002478, 32.920315000002027 ], [ -98.058834000002165, 32.876433000002329 ], [ -98.05950400000232, 32.842563000002841 ], [ -98.060338000002204, 32.810680000002165 ], [ -98.061219000001884, 32.774901000002835 ], [ -98.061716000002676, 32.755540000002092 ], [ -98.063333000002103, 32.679344000002132 ], [ -98.064369000002202, 32.637236000002879 ], [ -98.066836000002681, 32.558822000002209 ], [ -98.0685450000027, 32.511626000002543 ], [ -98.045892000002041, 32.459695000002107 ], [ -98.033972000001967, 32.432651000002259 ], [ -97.950265000002162, 32.244263000002093 ], [ -97.945625000002366, 32.23346800000229 ], [ -97.904938000002161, 32.158473000002523 ], [ -97.864864000002299, 32.087328000002771 ], [ -97.83535500000248, 32.102342000002821 ], [ -97.692475000002446, 32.175244000002486 ], [ -97.666322000001983, 32.188817000002238 ], [ -97.615055000001817, 32.203581000002565 ], [ -97.56847500000228, 32.176470000002737 ], [ -97.555211000002359, 32.149414000002295 ], [ -97.48749000000204, 32.171102000002278 ], [ -97.476086000002084, 32.173460000002308 ], [ -97.495850000001795, 32.128152000002892 ], [ -97.470665000001915, 32.086711000002076 ], [ -97.492092000002316, 32.059723000002691 ], [ -97.485968000002799, 32.017611000002447 ], [ -97.430538000001803, 32.028259000002556 ], [ -97.403525000002219, 31.986476000002884 ], [ -97.377570000002621, 31.980076000002079 ], [ -97.413609000002836, 31.949048000002612 ], [ -97.438765000002434, 31.933506000002616 ], [ -97.412483000002723, 31.909844000002703 ], [ -97.362715000002083, 31.891831000002185 ], [ -97.371497000002179, 31.866342000002263 ], [ -97.327145000001877, 31.841452000002558 ], [ -97.282060000002758, 31.843152000002497 ], [ -97.326530000002521, 31.788360000002591 ], [ -97.277265000001833, 31.74549200000267 ], [ -97.386556000002201, 31.692571000002609 ], [ -97.442033000002596, 31.666413000002631 ], [ -97.605230000002436, 31.587762000002765 ], [ -97.507773000002643, 31.447972000002125 ], [ -97.489105000001956, 31.421339000002543 ], [ -97.450552000002716, 31.366163000002363 ], [ -97.418606000002697, 31.320202000002496 ], [ -97.470072000002759, 31.293647000002373 ], [ -97.570341000002315, 31.24236000000279 ], [ -97.642352000002646, 31.205885000002151 ], [ -97.668420000002385, 31.223817000002807 ], [ -97.733903000002286, 31.21367500000283 ], [ -97.761384000002138, 31.207893000002915 ], [ -97.821958000002326, 31.234127000002609 ], [ -97.852507000002504, 31.199661000002259 ], [ -97.866911000002759, 31.147863000002527 ], [ -97.889612000001961, 31.120047000002369 ], [ -97.899743000002559, 31.118355000002342 ], [ -97.883841000002278, 31.081387000002611 ], [ -97.907100000002856, 31.069374000002913 ], [ -97.912654000002362, 31.05088600000219 ], [ -97.911689000002042, 31.035009000002475 ], [ -97.88657800000216, 31.001664000002208 ], [ -97.856872000001957, 30.955782000002394 ], [ -97.828100000001839, 30.904414000002554 ], [ -97.903179000002126, 30.838749000002753 ], [ -97.939554000001905, 30.806541000002884 ], [ -97.962860000002365, 30.785641000002663 ], [ -98.00349100000264, 30.710043000002745 ], [ -98.049886000001877, 30.624155000002279 ], [ -98.066559000002343, 30.593103000002689 ], [ -98.066699000002657, 30.592842000002506 ], [ -98.123126000002543, 30.487041000002598 ], [ -98.097793000002042, 30.497442000002465 ], [ -98.097709000002439, 30.467626000002635 ], [ -98.125556000002121, 30.426186000002104 ], [ -98.172977000002476, 30.356312000002735 ], [ -98.181999000001881, 30.33392700000265 ], [ -98.206532000002795, 30.271324000002831 ], [ -98.251770000002566, 30.155184000002382 ], [ -98.259665000002485, 30.135479000002448 ], [ -98.27084300000196, 30.106737000002745 ], [ -98.297600000002234, 30.037994000002147 ], [ -98.356277000001839, 29.987211000002191 ], [ -98.369022000002275, 29.976171000002665 ], [ -98.414018000001846, 29.937557000002116 ], [ -98.580649000002154, 30.13040200000254 ], [ -98.587897000002798, 30.138954000002375 ], [ -98.690306000002195, 30.138721000002494 ], [ -98.730030000002444, 30.138589000002824 ], [ -98.920147000001919, 30.138290000002357 ], [ -99.064964000001922, 30.136736000002479 ], [ -99.078636000002405, 30.136584000002813 ], [ -99.188073000002504, 30.135363000002428 ], [ -99.214513000002682, 30.135067000002717 ], [ -99.28275800000192, 30.134446000002601 ], [ -99.300988000002675, 30.134298000002214 ], [ -99.301718000001884, 30.28665300000279 ], [ -99.303360000002243, 30.435246000002408 ], [ -99.258348000002044, 30.428289000002842 ], [ -99.225870000002018, 30.39651800000247 ], [ -99.19661000000194, 30.39864200000201 ], [ -99.1615520000028, 30.430610000002083 ], [ -99.150786000002398, 30.371023000002207 ], [ -99.130969000002821, 30.2994820000022 ], [ -99.003758000002435, 30.299951000002284 ], [ -98.930983000002456, 30.279601000002252 ], [ -98.891045000001967, 30.284812000002844 ], [ -98.889489000001959, 30.285275000002123 ], [ -98.866441000002297, 30.295766000002192 ], [ -98.855435000002274, 30.366560000002309 ], [ -98.862867000002353, 30.40882900000225 ], [ -98.899582000002042, 30.446880000002519 ], [ -98.946430000001996, 30.465415000002089 ], [ -98.94235600000286, 30.498556000002456 ], [ -98.964232000002838, 30.498482000002543 ], [ -98.96381400000196, 30.73805400000203 ], [ -98.964612000001878, 30.92136800000231 ], [ -99.092431000002406, 30.921968000002099 ], [ -99.092317000002296, 30.941002000002445 ], [ -99.09203700000208, 31.050636000002644 ], [ -99.091804000002156, 31.133643000002028 ], [ -99.091804000002114, 31.199218000002499 ], [ -99.091319000002485, 31.323343000002836 ], [ -99.090622000001915, 31.460927000002059 ], [ -99.202768000002465, 31.467234000002595 ], [ -99.238447000002679, 31.483127000002085 ], [ -99.302605000002757, 31.432504000002481 ], [ -99.30823100000228, 31.415206000002563 ], [ -99.337930000002515, 31.416849000002628 ], [ -99.440824000002294, 31.475009000002263 ], [ -99.454096000002664, 31.439632000002049 ], [ -99.476543000002764, 31.423782000002362 ], [ -99.529716000002836, 31.460574000002044 ], [ -99.535827000002115, 31.482448000002627 ], [ -99.601850000002855, 31.49195000000222 ], [ -99.626217000002725, 31.467525000002059 ], [ -99.674847000002046, 31.497008000002793 ], [ -99.656574000002777, 31.519401000002809 ], [ -99.671471000002526, 31.550249000002172 ], [ -99.721698000002078, 31.576759000002504 ], [ -99.719556000002683, 31.69670200000245 ], [ -99.716193000002605, 31.899056000002311 ], [ -99.713971000002616, 32.082089000002064 ], [ -99.862650000002162, 32.081520000002115 ], [ -100.038386000002845, 32.08237800000235 ], [ -100.056042000001923, 32.082401000002719 ], [ -100.151911000002443, 32.082638000002625 ], [ -100.151703000001874, 32.110913000002427 ], [ -100.149819000002481, 32.252011000002284 ], [ -100.090725000002635, 32.251992000002318 ], [ -100.056338000002555, 32.237168000002569 ], [ -100.056572000001836, 32.193167000002283 ], [ -99.947740000002526, 32.190924000002155 ], [ -99.87036700000192, 32.212065000001992 ], [ -99.782845000001913, 32.255501000002504 ], [ -99.776878000001858, 32.277473000002544 ] ] ] } },
{ "type": "Feature", "properties": { "opt_all": 26, "population": 767605.0, "voting_age_pop": 578229.0, "dem_votes": 96716.0, "rep_votes": 197693.0, "minority_pop": 187511.0, "dem_pct": 0.32850897889381475, "rep_pct": 0.67149102076652167 }, "geometry": { "type": "Polygon", "coordinates": [ [ [ -98.061716000002676, 32.755540000002092 ], [ -98.061219000001884, 32.774901000002835 ], [ -98.060338000002204, 32.810680000002165 ], [ -98.05950400000232, 32.842563000002841 ], [ -98.058834000002165, 32.876433000002329 ], [ -98.057770000002478, 32.920315000002027 ], [ -98.05609400000192, 33.003332000002423 ], [ -97.925499000002318, 33.00129600000232 ], [ -97.921642000001924, 33.001284000002755 ], [ -97.919570000001784, 33.172495000002613 ], [ -97.919034000002199, 33.22564500000265 ], [ -97.918986000002164, 33.234058000002086 ], [ -97.91911300000244, 33.307436000002284 ], [ -97.918189000001817, 33.433873000002023 ], [ -97.841172000001919, 33.433797000002244 ], [ -97.798335000001799, 33.433806000002832 ], [ -97.762789000001803, 33.433915000002202 ], [ -97.5999940000018, 33.434004000002368 ], [ -97.582231000002679, 33.433993000002253 ], [ -97.49094300000236, 33.433741000002421 ], [ -97.487065000002474, 33.433681000002046 ], [ -97.460283000002704, 33.433490000002749 ], [ -97.383095000002839, 33.430450000002104 ], [ -97.335835000002461, 33.42883600000247 ], [ -97.23340600000256, 33.425483000002608 ], [ -97.220092000002083, 33.425122000002197 ], [ -97.175427000002756, 33.423916000002244 ], [ -97.108642000002803, 33.421977000002542 ], [ -97.051253000002035, 33.419950000002103 ], [ -96.943860000002402, 33.416410000002706 ], [ -96.834776000002165, 33.405489000002405 ], [ -96.8341100000018, 33.405498000002531 ], [ -96.835143000002475, 33.367957000002427 ], [ -96.83529500000212, 33.356805000002389 ], [ -96.892250000002363, 33.28839500000241 ], [ -96.91403300000232, 33.309263000002794 ], [ -96.918681000002493, 33.297514000002529 ], [ -96.945986000002506, 33.221373000002885 ], [ -96.922062000001887, 33.220374000002714 ], [ -96.930946000001967, 33.203258000002634 ], [ -96.954546000002239, 33.208927000002788 ], [ -96.948382000002496, 33.175524000002902 ], [ -96.952266000002638, 33.161838000002859 ], [ -96.961989000002475, 33.151516000002339 ], [ -96.975531000002277, 33.14765500000285 ], [ -97.00046500000208, 33.152542000002768 ], [ -96.996330000002445, 33.124965000002575 ], [ -96.970945000002743, 33.117700000002536 ], [ -96.969470000002076, 33.099990000002762 ], [ -96.990057000002494, 33.079517000002419 ], [ -97.027827000002276, 33.100279000002757 ], [ -97.027316000002358, 33.088532000002147 ], [ -97.019276000002478, 33.071689000002195 ], [ -97.008544000002203, 33.046325000002867 ], [ -96.983670000002206, 33.041670000002426 ], [ -96.982870000002421, 33.017910000002828 ], [ -96.972000000002481, 33.006749000002166 ], [ -96.948486000001836, 32.9936490000022 ], [ -96.948403000001917, 32.99086800000245 ], [ -96.942445000002493, 32.988800000002662 ], [ -96.958665000001943, 32.989013000002835 ], [ -96.96667200000276, 32.989084000002514 ], [ -96.973793000002516, 32.989148000002288 ], [ -96.9800690000028, 32.989203000002881 ], [ -96.990214000002624, 32.989287000002513 ], [ -96.9931110000026, 32.989319000002048 ], [ -97.010582000002117, 32.989426000002105 ], [ -97.016663000001998, 32.98949300000227 ], [ -97.019567000001885, 32.989524000002831 ], [ -97.020777000002639, 32.989542000002828 ], [ -97.025168000002793, 32.989581000002438 ], [ -97.028339000002319, 32.989614000002923 ], [ -97.031007000001964, 32.989691000002843 ], [ -97.061800000001966, 32.989904000002063 ], [ -97.086450000002358, 32.990061000002257 ], [ -97.088162000002555, 32.99007300000207 ], [ -97.109232000002564, 32.990203000002644 ], [ -97.12414300000232, 32.990296000002417 ], [ -97.130244000002804, 32.990335000002752 ], [ -97.156847000001804, 32.990500000002363 ], [ -97.167259000001877, 32.990564000002593 ], [ -97.183810000002197, 32.990667000002844 ], [ -97.216415000001959, 32.990849000002505 ], [ -97.228762000001836, 32.990919000002393 ], [ -97.234529000002325, 32.990949000002537 ], [ -97.254164000002675, 32.991052000002512 ], [ -97.294805000002484, 32.991260000002697 ], [ -97.299329000002658, 32.991282000002165 ], [ -97.327762000002807, 32.991418000002135 ], [ -97.356054000002047, 32.991546000002863 ], [ -97.362249000002194, 32.97008000000227 ], [ -97.366708000002205, 32.969433000002333 ], [ -97.381634000002464, 32.968994000002162 ], [ -97.4170400000028, 32.96789800000208 ], [ -97.412054000002044, 32.924585000002125 ], [ -97.465691000002124, 32.916474000002417 ], [ -97.455280000002162, 32.898269000002237 ], [ -97.512806000002314, 32.893756000002533 ], [ -97.528006000002037, 32.906146000002842 ], [ -97.526648000001899, 32.912266000002241 ], [ -97.519863000002204, 32.994100000002227 ], [ -97.544181000001998, 32.994177000002878 ], [ -97.545079000002445, 32.935711000002442 ], [ -97.545179000002165, 32.929933000002144 ], [ -97.54572100000216, 32.907513000002524 ], [ -97.545885000002514, 32.90030000000251 ], [ -97.54620900000188, 32.886919000002322 ], [ -97.546979000001997, 32.863321000002713 ], [ -97.547097000002438, 32.856846000002662 ], [ -97.54759100000264, 32.826847000002694 ], [ -97.548201000001839, 32.776114000002288 ], [ -97.548601000001796, 32.744518000002088 ], [ -97.549008000001905, 32.720569000002612 ], [ -97.549086000002106, 32.70312000000289 ], [ -97.549569000002577, 32.681079000002406 ], [ -97.550368000001939, 32.580323000002664 ], [ -97.550582000002663, 32.555391000002651 ], [ -97.617066000002126, 32.55548400000206 ], [ -97.628450000002474, 32.555591000002316 ], [ -97.659693000002306, 32.555987000002148 ], [ -97.732059000001883, 32.556681000002911 ], [ -97.799721000002094, 32.556990000002266 ], [ -97.823876000002684, 32.557101000002028 ], [ -97.875071000001881, 32.557354000002114 ], [ -97.919326000001817, 32.557101000002746 ], [ -98.066836000002681, 32.558822000002209 ], [ -98.064369000002202, 32.637236000002879 ], [ -98.063333000002103, 32.679344000002132 ], [ -98.061716000002676, 32.755540000002092 ] ] ] } },
{ "type": "Feature", "properties": { "opt_all": 27, "population": 766927.0, "voting_age_pop": 587236.0, "dem_votes": 94140.0, "rep_votes": 143616.0, "minority_pop": 364915.0, "dem_pct": 0.39595215246052584, "rep_pct": 0.60404784711887483 }, "geometry": { "type": "Polygon", "coordinates": [ [ [ -98.385503000002046, 27.263824000002465 ], [ -98.232464000002722, 27.262487000002899 ], [ -98.232667000001982, 27.320285000002357 ], [ -98.233072000002778, 27.461142000002628 ], [ -98.233656000002881, 27.585356000002719 ], [ -98.3232910000022, 27.58772800000251 ], [ -98.330939000002118, 27.622334000002429 ], [ -98.366912000002756, 27.626595000002904 ], [ -98.296956000002339, 27.697781000002461 ], [ -98.336602000002685, 27.695841000002581 ], [ -98.439934000002324, 27.711260000002316 ], [ -98.4672990000022, 27.678950000002722 ], [ -98.504167000002596, 27.703578000002572 ], [ -98.571564000002397, 27.776774000002668 ], [ -98.560271000002075, 27.787598000002266 ], [ -98.562537000002521, 27.87178200000259 ], [ -98.595435000002482, 27.882908000002203 ], [ -98.643345000002881, 27.881270000002651 ], [ -98.746700000002846, 27.844082000002111 ], [ -98.802282000002563, 27.792957000002051 ], [ -98.802825000002741, 27.936063000002363 ], [ -98.803325000002005, 28.057480000002645 ], [ -98.377780000002815, 28.057695000002315 ], [ -98.334323000002485, 28.057800000002658 ], [ -98.334300000002003, 28.208435000002545 ], [ -98.334252000002238, 28.383108000002117 ], [ -98.334267000002242, 28.387474000002477 ], [ -98.334373000002358, 28.483240000002244 ], [ -98.335031000002004, 28.612658000002888 ], [ -98.1984770000021, 28.713222000002823 ], [ -98.098315000002117, 28.786949000002437 ], [ -98.104272000002126, 28.792918000002484 ], [ -98.127956000002598, 28.817150000002218 ], [ -98.160493000002162, 28.852640000002634 ], [ -98.190991000001901, 28.882333000002923 ], [ -98.087336000002679, 28.958318000002183 ], [ -97.995302000002823, 29.026104000002896 ], [ -97.8377390000026, 29.141606000002803 ], [ -97.818151000002715, 29.155992000002829 ], [ -97.7284430000024, 29.221748000002439 ], [ -97.730480000002302, 29.223728000002815 ], [ -97.858782000002293, 29.352890000002784 ], [ -97.840383000002163, 29.376791000002392 ], [ -97.804618000001966, 29.42304100000214 ], [ -97.7396390000022, 29.509381000002808 ], [ -97.664987000002199, 29.607720000002569 ], [ -97.633176000001924, 29.649863000002529 ], [ -97.597743000002637, 29.630718000002389 ], [ -97.557718000002524, 29.65293300000226 ], [ -97.537137000002204, 29.664243000002859 ], [ -97.451439000002097, 29.711354000002139 ], [ -97.409777000002137, 29.734258000002196 ], [ -97.317893000002002, 29.784658000002111 ], [ -97.292785000002795, 29.765507000002525 ], [ -97.130517000002641, 29.64329600000281 ], [ -97.142643000002593, 29.628101000002161 ], [ -97.197872000002647, 29.585472000002905 ], [ -97.211244000002324, 29.478298000002329 ], [ -97.219593000002646, 29.45093600000288 ], [ -97.240108000002479, 29.384488000002552 ], [ -97.20269600000276, 29.34558700000261 ], [ -97.160889000002783, 29.302216000002641 ], [ -97.148994000002205, 29.289866000002675 ], [ -97.148614000002496, 29.289446000002691 ], [ -97.062863000002224, 29.197900000002782 ], [ -96.976378000002114, 29.104046000002526 ], [ -96.938587000002116, 29.063244000002204 ], [ -96.847554000002802, 29.129680000002331 ], [ -96.658466000002036, 29.263876000002799 ], [ -96.640315000002516, 29.247804000002738 ], [ -96.613370000002618, 29.225583000002363 ], [ -96.309178000002561, 28.96329100000251 ], [ -96.310060000002153, 28.941035000002714 ], [ -96.310593000001845, 28.926315000002575 ], [ -96.311184000002342, 28.911478000002365 ], [ -96.315301000001938, 28.829111000002928 ], [ -96.316731000002264, 28.800478000002155 ], [ -96.323522000002043, 28.675597000002796 ], [ -96.322918000002005, 28.641875000002756 ], [ -96.36426300000204, 28.455779000002803 ], [ -96.367547000002816, 28.440465000003005 ], [ -96.395198000002239, 28.279736000002732 ], [ -96.502556000002841, 28.234354000002369 ], [ -96.618785000002163, 28.169522000002495 ], [ -96.746251000002658, 28.079622000002825 ], [ -96.815905000002502, 28.022835000002363 ], [ -96.875264000002403, 27.969920000002983 ], [ -96.959495000002121, 27.875302000002364 ], [ -96.984281000001914, 27.803783000002525 ], [ -97.021855000002603, 27.783364000002972 ], [ -97.125265000001917, 27.640597000002838 ], [ -97.165097000002362, 27.56830000000236 ], [ -97.250264000002559, 27.392308000002416 ], [ -97.288337000002315, 27.277584000002797 ], [ -97.425724000002717, 27.277956000002217 ], [ -97.508863000002577, 27.266636000002805 ], [ -97.641577000002357, 27.282380000002544 ], [ -97.730498000002015, 27.266045000002961 ], [ -97.757872000002436, 27.283123000002607 ], [ -97.802913000002562, 27.273113000002304 ], [ -97.841340000002276, 27.243955000002448 ], [ -97.951904000002344, 27.233249000002711 ], [ -97.98588700000208, 27.20930800000281 ], [ -97.985734000002836, 27.074380000002456 ], [ -97.98570600000248, 27.054624000002452 ], [ -97.985681000001875, 26.960906000002733 ], [ -97.985494000002561, 26.780917000002276 ], [ -98.245266000002516, 26.78270600000225 ], [ -98.320670000002281, 26.783081000002134 ], [ -98.422616000002037, 26.783535000002558 ], [ -98.421802000002273, 26.858896000002449 ], [ -98.419695000002207, 26.964248000002289 ], [ -98.417883000001922, 27.055285000002208 ], [ -98.466542000001994, 27.054711000002644 ], [ -98.467266000001914, 27.140087000002865 ], [ -98.492910000002837, 27.142062000002714 ], [ -98.492943000002086, 27.235012000002921 ], [ -98.523284000002121, 27.265150000002539 ], [ -98.385503000002046, 27.263824000002465 ] ] ] } },
{ "type": "Feature", "properties": { "opt_all": 28, "population": 766262.0, "voting_age_pop": 561787.0, "dem_votes": 115741.0, "rep_votes": 70505.0, "minority_pop": 446265.0, "dem_pct": 0.62144153398116386, "rep_pct": 0.37855846548191185 }, "geometry": { "type": "Polygon", "coordinates": [ [ [ -98.711206000002676, 29.218598000002672 ], [ -98.775941000002419, 29.240645000002793 ], [ -98.779769000002702, 29.241959000002097 ], [ -98.804763000002325, 29.250693000002201 ], [ -98.804592000002017, 29.323344000002276 ], [ -98.804751000002156, 29.365411000002631 ], [ -98.804752000002082, 29.365679000002839 ], [ -98.804944000001839, 29.403889000002518 ], [ -98.746228000002219, 29.410840000002153 ], [ -98.735297000002035, 29.411001000002059 ], [ -98.726616000002565, 29.409163000002515 ], [ -98.710245000002843, 29.406927000002131 ], [ -98.709597000002645, 29.421092000002457 ], [ -98.71112900000216, 29.426940000002674 ], [ -98.711149000002294, 29.435664000002493 ], [ -98.710425000002218, 29.435675000002892 ], [ -98.710236000001856, 29.448039000002851 ], [ -98.695957000002707, 29.449111000002809 ], [ -98.690086000001898, 29.448976000002325 ], [ -98.685323000002583, 29.436470000002593 ], [ -98.683544000002087, 29.428987000002778 ], [ -98.668942000002033, 29.428601000002057 ], [ -98.669302000002517, 29.417835000002473 ], [ -98.663126000001839, 29.417852000002284 ], [ -98.663118000002754, 29.410460000002164 ], [ -98.6495470000023, 29.406815000002428 ], [ -98.649447000002638, 29.397359000002737 ], [ -98.63516100000264, 29.400969000002242 ], [ -98.623965000002727, 29.403326000002068 ], [ -98.607074000002683, 29.40653400000209 ], [ -98.603607000002, 29.407126000002862 ], [ -98.599617000002638, 29.426066000002741 ], [ -98.599694000001904, 29.435024000002233 ], [ -98.587551000002279, 29.433915000002568 ], [ -98.576572000002074, 29.432904000002601 ], [ -98.571752000002462, 29.432470000002141 ], [ -98.562928000002159, 29.431671000002599 ], [ -98.55409200000264, 29.430752000002727 ], [ -98.545048000002836, 29.429809000002916 ], [ -98.542552000002075, 29.429540000002348 ], [ -98.541825000001836, 29.435650000002553 ], [ -98.535365000002841, 29.435070000002032 ], [ -98.523932000002446, 29.43402300000232 ], [ -98.524582000002397, 29.427928000002449 ], [ -98.526917000002385, 29.428141000002547 ], [ -98.527757000002154, 29.421753000002759 ], [ -98.514108000002039, 29.420499000002263 ], [ -98.515197000002473, 29.412077000002579 ], [ -98.50811300000268, 29.41124900000241 ], [ -98.501818000001919, 29.421482000002669 ], [ -98.501687000002264, 29.422531000002017 ], [ -98.500672000002567, 29.429818000002697 ], [ -98.50150100000242, 29.43284100000292 ], [ -98.505205000002647, 29.438878000002308 ], [ -98.498972000002283, 29.44064300000225 ], [ -98.495916000001898, 29.435767000002816 ], [ -98.481477000002002, 29.44548900000224 ], [ -98.47776300000244, 29.444749000002417 ], [ -98.479057000002115, 29.439040000002851 ], [ -98.477982000002285, 29.439635000002617 ], [ -98.477887000002823, 29.439903000002875 ], [ -98.468140000002336, 29.442367000002648 ], [ -98.460949000002756, 29.438910000002849 ], [ -98.460962000002326, 29.436230000002784 ], [ -98.441768000002497, 29.439724000002037 ], [ -98.441133000002395, 29.440890000002433 ], [ -98.4139790000023, 29.456425000002465 ], [ -98.410777000001957, 29.46179700000215 ], [ -98.407137000002564, 29.458458000002604 ], [ -98.404040000002738, 29.460473000002068 ], [ -98.403608000002478, 29.482414000002311 ], [ -98.402605000002637, 29.493975000002777 ], [ -98.39979300000256, 29.497174000002289 ], [ -98.392771000001957, 29.496708000002375 ], [ -98.388732000002037, 29.498661000002055 ], [ -98.39541800000238, 29.499512000002522 ], [ -98.391037000001845, 29.505947000002841 ], [ -98.391223000002725, 29.51022000000226 ], [ -98.380346000002007, 29.510279000002161 ], [ -98.371615000002194, 29.510403000002551 ], [ -98.365750000002834, 29.512069000002668 ], [ -98.359343000002582, 29.501770000002836 ], [ -98.356992000002407, 29.510944000002375 ], [ -98.339515000002436, 29.506186000002671 ], [ -98.333787000002175, 29.510940000002112 ], [ -98.349139000002737, 29.521627000002187 ], [ -98.354550000002718, 29.521588000002293 ], [ -98.362807000002647, 29.521297000002399 ], [ -98.369236000002445, 29.522553000002471 ], [ -98.36935100000278, 29.527035000002257 ], [ -98.380996000002, 29.525491000002649 ], [ -98.382537000002756, 29.530365000002721 ], [ -98.381311000002825, 29.531332000002937 ], [ -98.378839000002216, 29.532452000002603 ], [ -98.379129000002479, 29.533048000002498 ], [ -98.379227000001976, 29.539460000002911 ], [ -98.368963000002836, 29.545592000002284 ], [ -98.374204000001939, 29.549140000002222 ], [ -98.379747000002837, 29.555529000002544 ], [ -98.365442000002716, 29.567443000002459 ], [ -98.356428000001955, 29.569885000002039 ], [ -98.348405000001861, 29.555230000002311 ], [ -98.348001000001958, 29.554638000002289 ], [ -98.3425340000028, 29.546712000002692 ], [ -98.324739000002282, 29.556040000002064 ], [ -98.320612000002498, 29.549946000002681 ], [ -98.331141000002276, 29.53863700000278 ], [ -98.329964000002235, 29.537947000002735 ], [ -98.328659000002816, 29.537211000002561 ], [ -98.322355000002716, 29.532768000002633 ], [ -98.311798000002284, 29.521351000002589 ], [ -98.304700000002157, 29.5068140000024 ], [ -98.28907200000252, 29.51476400000271 ], [ -98.280432000002477, 29.510990000002455 ], [ -98.282860000002543, 29.546287000002629 ], [ -98.272924000001836, 29.550878000002683 ], [ -98.23069500000274, 29.550837000002737 ], [ -98.186324000002074, 29.501200000002822 ], [ -98.134171000002354, 29.441751000002771 ], [ -98.122574000002217, 29.37854900000227 ], [ -98.099713000002566, 29.372060000002648 ], [ -98.068376000002417, 29.379337000002899 ], [ -98.010222000002685, 29.37893100000289 ], [ -97.956081000002783, 29.37843600000275 ], [ -97.840383000002163, 29.376791000002392 ], [ -97.858782000002293, 29.352890000002784 ], [ -97.730480000002302, 29.223728000002815 ], [ -97.7284430000024, 29.221748000002439 ], [ -97.818151000002715, 29.155992000002829 ], [ -97.8377390000026, 29.141606000002803 ], [ -97.995302000002823, 29.026104000002896 ], [ -98.087336000002679, 28.958318000002183 ], [ -98.190991000001901, 28.882333000002923 ], [ -98.205643000002766, 28.898010000002884 ], [ -98.290227000002844, 28.990063000002586 ], [ -98.330822000002343, 29.033529000002172 ], [ -98.407336000002005, 29.114435000002889 ], [ -98.431298000002215, 29.122507000002077 ], [ -98.441548000002385, 29.126127000002576 ], [ -98.465819000002739, 29.134476000002799 ], [ -98.484041000001966, 29.140744000002758 ], [ -98.547608000001901, 29.162526000002622 ], [ -98.557348000002676, 29.165861000002479 ], [ -98.585730000001874, 29.175582000002269 ], [ -98.588332000002481, 29.17647500000254 ], [ -98.638510000002114, 29.19377400000284 ], [ -98.711206000002676, 29.218598000002672 ] ] ] } },
{ "type": "Feature", "properties": { "opt_all": 29, "population": 765483.0, "voting_age_pop": 546610.0, "dem_votes": 98365.0, "rep_votes": 95388.0, "minority_pop": 382783.0, "dem_pct": 0.50768246142889017, "rep_pct": 0.49231753805498879 }, "geometry": { "type": "Polygon", "coordinates": [ [ [ -95.451391000002218, 29.937709000002226 ], [ -95.436436000001962, 29.959956000002411 ], [ -95.436569000002578, 29.965418000002455 ], [ -95.428321000002342, 29.973192000002289 ], [ -95.437267000002194, 29.981033000002505 ], [ -95.463791000002416, 30.007033000002203 ], [ -95.47637100000216, 30.02437100000224 ], [ -95.463546000002424, 30.032966000002883 ], [ -95.458799000002756, 30.035621000002411 ], [ -95.469804000002384, 30.050603000003026 ], [ -95.450114000002344, 30.061469000002479 ], [ -95.4521920000021, 30.070454000002311 ], [ -95.436126000001963, 30.074808000002655 ], [ -95.412386000002314, 30.075997000003056 ], [ -95.411362000002441, 30.074563000002833 ], [ -95.401311000002195, 30.060796000003073 ], [ -95.369855000002076, 30.078001000002395 ], [ -95.35363300000256, 30.076337000002695 ], [ -95.310994000002225, 30.032887000002521 ], [ -95.294331000002273, 30.029941000002651 ], [ -95.294703000002741, 30.016329000002457 ], [ -95.296989000002441, 30.004938000002685 ], [ -95.295187000001903, 30.005004000002437 ], [ -95.284215000002604, 30.00503600000259 ], [ -95.268243000002585, 30.005018000002277 ], [ -95.24985400000196, 30.043518000002351 ], [ -95.241915000002479, 30.049762000002406 ], [ -95.219060000001846, 30.068479000002402 ], [ -95.218301000002697, 30.069038000003072 ], [ -95.200336000002636, 30.083446000003065 ], [ -95.195724000002485, 30.087321000002795 ], [ -95.172853000001837, 30.105668000002645 ], [ -95.166563000002583, 30.110732000003079 ], [ -95.123602000002435, 30.145355000002475 ], [ -95.096708000002394, 30.167214000003018 ], [ -95.072603000002516, 30.103054000002498 ], [ -95.056844000002357, 30.060980000002782 ], [ -95.048308000002564, 30.038206000002308 ], [ -95.026772000002566, 29.996739000002339 ], [ -94.985911000002361, 29.973012000003017 ], [ -94.998656000002001, 29.919771000002385 ], [ -94.981460000002045, 29.884276000002917 ], [ -94.947085000002403, 29.849511000002671 ], [ -94.90981600000184, 29.821223000002242 ], [ -94.916305000002325, 29.773663000002649 ], [ -94.916618000002444, 29.770271000002364 ], [ -94.929276000002517, 29.744633000002743 ], [ -94.928596000001846, 29.741156000002359 ], [ -94.932595000002635, 29.675115000002599 ], [ -94.978845000002678, 29.676731000002711 ], [ -95.017141000002795, 29.703215000002857 ], [ -95.023388000002726, 29.726402000002217 ], [ -95.079475000002518, 29.763700000002167 ], [ -95.087508000002515, 29.762926000002345 ], [ -95.089443000002177, 29.761147000002602 ], [ -95.131188000002695, 29.733782000002648 ], [ -95.168944000001957, 29.746898000002801 ], [ -95.170185000002434, 29.746822000002709 ], [ -95.172964000002565, 29.746931000002796 ], [ -95.211885000002766, 29.726526000002448 ], [ -95.219234000002075, 29.759597000002191 ], [ -95.223773000002595, 29.767486000002663 ], [ -95.227718000002483, 29.771609000002957 ], [ -95.233028000002776, 29.772761000003023 ], [ -95.233823000002403, 29.767754000002753 ], [ -95.251129000002479, 29.767474000002775 ], [ -95.256056000001877, 29.768179000002913 ], [ -95.256069000002313, 29.767925000002471 ], [ -95.259399000002119, 29.768697000002717 ], [ -95.265407000001957, 29.769608000002407 ], [ -95.268019000002155, 29.791806000002452 ], [ -95.280140000002703, 29.802473000002649 ], [ -95.261614000002396, 29.810916000002411 ], [ -95.262237000001861, 29.837041000002316 ], [ -95.262317000002767, 29.848100000002876 ], [ -95.262396000001885, 29.85005300000249 ], [ -95.256471000002634, 29.850115000002944 ], [ -95.247875000002281, 29.858117000002185 ], [ -95.230290000001958, 29.858074000002297 ], [ -95.236753000002153, 29.883096000002883 ], [ -95.197191000002562, 29.883205000002963 ], [ -95.199382000002046, 29.924565000002644 ], [ -95.205959000001798, 29.932322000002223 ], [ -95.218943000001801, 29.934701000002526 ], [ -95.234190000002073, 29.934379000002949 ], [ -95.249502000001925, 29.935098000002728 ], [ -95.249647000002383, 29.951172000002281 ], [ -95.248023000002206, 29.961968000002209 ], [ -95.268172000002565, 29.954512000002396 ], [ -95.284595000002398, 29.96571400000272 ], [ -95.290586000002079, 29.952193000002268 ], [ -95.331392000002779, 29.951471000002439 ], [ -95.349689000001959, 29.939176000002188 ], [ -95.349579000002123, 29.936776000002908 ], [ -95.335537000002162, 29.929973000002764 ], [ -95.347103000001923, 29.930361000002669 ], [ -95.380349000002184, 29.932667000002706 ], [ -95.390970000002724, 29.931914000002607 ], [ -95.393135000001919, 29.931889000002258 ], [ -95.402123000002206, 29.93176600000292 ], [ -95.411984000002477, 29.931799000002624 ], [ -95.417708000002023, 29.931719000002698 ], [ -95.412933000002354, 29.915054000002915 ], [ -95.442160000002161, 29.914588000002713 ], [ -95.448788000002324, 29.923157000002341 ], [ -95.457632000002377, 29.93453200000291 ], [ -95.458328000002126, 29.935417000002992 ], [ -95.462757000002739, 29.941105000002437 ], [ -95.451391000002218, 29.937709000002226 ] ] ] } },
{ "type": "Feature", "properties": { "opt_all": 30, "population": 767257.0, "voting_age_pop": 573560.0, "dem_votes": 150742.0, "rep_votes": 39787.0, "minority_pop": 450296.0, "dem_pct": 0.79117614599815456, "rep_pct": 0.20882385347699098 }, "geometry": { "type": "Polygon", "coordinates": [ [ [ -96.891256000002443, 32.653207000002496 ], [ -96.891285000002682, 32.660133000002766 ], [ -96.891268000002597, 32.661913000002571 ], [ -96.892848000002715, 32.676495000002589 ], [ -96.891468000002718, 32.676629000002229 ], [ -96.891364000002199, 32.69156100000211 ], [ -96.891544000002284, 32.691650000002248 ], [ -96.891469000002004, 32.695543000002722 ], [ -96.880885000002536, 32.705821000002473 ], [ -96.876076000002499, 32.705849000002331 ], [ -96.87019600000194, 32.70493700000219 ], [ -96.857183000002223, 32.705810000002472 ], [ -96.857107000002202, 32.714196000002381 ], [ -96.857085000002513, 32.720221000002248 ], [ -96.857079000002599, 32.725330000002359 ], [ -96.868985000001956, 32.720656000002442 ], [ -96.868842000002417, 32.731808000002282 ], [ -96.868840000002322, 32.734386000002345 ], [ -96.869688000001844, 32.741241000002447 ], [ -96.869913000002754, 32.749546000002844 ], [ -96.880628000002162, 32.749569000002722 ], [ -96.902561000001967, 32.749626000002785 ], [ -96.902330000002777, 32.766614000002413 ], [ -96.873840000002204, 32.76755000000216 ], [ -96.873834000002233, 32.778762000002729 ], [ -96.873789000002162, 32.786329000002112 ], [ -96.869329000002125, 32.790991000002634 ], [ -96.873751000001761, 32.792651000002806 ], [ -96.873922000002082, 32.79796900000288 ], [ -96.869155000002095, 32.818968000002371 ], [ -96.846169000002163, 32.826642000002096 ], [ -96.849808000002398, 32.837288000002097 ], [ -96.841619000002083, 32.830227000002743 ], [ -96.83455800000192, 32.83639300000263 ], [ -96.83491400000176, 32.844817000002536 ], [ -96.821419000002294, 32.844929000002693 ], [ -96.822085000002559, 32.836680000002097 ], [ -96.826506000001956, 32.829884000002288 ], [ -96.833691000001906, 32.823579000002269 ], [ -96.831570000002515, 32.821536000002517 ], [ -96.821754000002116, 32.825738000002588 ], [ -96.81812200000266, 32.822749000002119 ], [ -96.816889000001879, 32.821696000002717 ], [ -96.816765000002306, 32.821592000002617 ], [ -96.817391000002104, 32.815931000002323 ], [ -96.816145000001924, 32.814933000002398 ], [ -96.816986000001876, 32.814234000002116 ], [ -96.815707000002234, 32.813207000002592 ], [ -96.814878000001983, 32.81389600000287 ], [ -96.812185000002245, 32.81180400000239 ], [ -96.813317000002726, 32.810893000002231 ], [ -96.812332000002399, 32.810132000002646 ], [ -96.811175000001981, 32.811008000002779 ], [ -96.808628000001875, 32.809036000002877 ], [ -96.806790000002238, 32.80753300000265 ], [ -96.8057400000027, 32.806720000002535 ], [ -96.802237000002663, 32.806645000002526 ], [ -96.801418000001959, 32.808472000002439 ], [ -96.795399000002163, 32.817678000002587 ], [ -96.789610000002256, 32.815590000002821 ], [ -96.786830000002567, 32.815143000002465 ], [ -96.783316000002003, 32.819046000002572 ], [ -96.772303000002793, 32.809469000002437 ], [ -96.770196000002684, 32.807943000002538 ], [ -96.764497000002166, 32.808225000002274 ], [ -96.761145000002045, 32.810998000002506 ], [ -96.751694000002402, 32.812711000002103 ], [ -96.751096000001837, 32.812251000002647 ], [ -96.745049000002567, 32.807996000002831 ], [ -96.729490000002443, 32.811100000002185 ], [ -96.726271000002285, 32.81318900000219 ], [ -96.726213000001877, 32.813063000002771 ], [ -96.725816000002766, 32.804378000002124 ], [ -96.718848000001856, 32.806010000002821 ], [ -96.701401000001781, 32.811954000002899 ], [ -96.697257000001841, 32.813552000002119 ], [ -96.689698000002565, 32.817411000002281 ], [ -96.695780000002785, 32.82385900000282 ], [ -96.690533000001835, 32.833269000002268 ], [ -96.684465000002461, 32.818835000002359 ], [ -96.678725000002359, 32.821503000002359 ], [ -96.662325000002639, 32.821519000002951 ], [ -96.662321000001896, 32.819025000002078 ], [ -96.665255000002176, 32.815398000002453 ], [ -96.66829100000254, 32.806870000002725 ], [ -96.674166000002486, 32.800877000002892 ], [ -96.67415200000184, 32.798997000002842 ], [ -96.668296000002698, 32.797221000002494 ], [ -96.655796000002127, 32.793195000002378 ], [ -96.655790000001886, 32.792235000002719 ], [ -96.623418000002687, 32.771918000002628 ], [ -96.625313000002393, 32.792645000002203 ], [ -96.627843000002642, 32.81037800000253 ], [ -96.611268000002113, 32.811200000002366 ], [ -96.61223800000252, 32.792701000002559 ], [ -96.612085000002565, 32.792524000002452 ], [ -96.595897000002765, 32.790419000002395 ], [ -96.579769000002685, 32.787802000002621 ], [ -96.570349000002366, 32.764744000002587 ], [ -96.58031700000268, 32.765706000002268 ], [ -96.577883000001833, 32.747051000002152 ], [ -96.558484000002039, 32.746738000002374 ], [ -96.561543000002317, 32.763748000002849 ], [ -96.54598900000282, 32.762130000002536 ], [ -96.519793000002636, 32.75438800000267 ], [ -96.520665000002765, 32.70987800000232 ], [ -96.520671000002636, 32.709528000002997 ], [ -96.520969000002324, 32.693765000002585 ], [ -96.521332000002602, 32.662027000002112 ], [ -96.521631000002344, 32.645052000002565 ], [ -96.5216260000022, 32.644873000002093 ], [ -96.529412000002594, 32.545277000002486 ], [ -96.659210000001863, 32.546165000002702 ], [ -96.722616000002262, 32.546557000002451 ], [ -96.715663000001939, 32.582352000002302 ], [ -96.736048000002498, 32.611030000002756 ], [ -96.763563000002762, 32.604970000002389 ], [ -96.76724400000208, 32.621487000002325 ], [ -96.770400000002354, 32.62794700000228 ], [ -96.786531000002242, 32.61163200000265 ], [ -96.822923000001936, 32.61875700000224 ], [ -96.8233030000019, 32.633231000002588 ], [ -96.823324000002074, 32.642285000002666 ], [ -96.82312200000176, 32.662327000002904 ], [ -96.830862000002554, 32.662273000002678 ], [ -96.84009000000276, 32.64771600000207 ], [ -96.840122000001841, 32.642966000002147 ], [ -96.840063000002203, 32.633150000002068 ], [ -96.883976000002434, 32.647509000002358 ], [ -96.891275000002366, 32.647498000002763 ], [ -96.891256000002443, 32.653207000002496 ] ] ] } },
{ "type": "Feature", "properties": { "opt_all": 31, "population": 768746.0, "voting_age_pop": 572051.0, "dem_votes": 142455.0, "rep_votes": 131966.0, "minority_pop": 258444.0, "dem_pct": 0.51911114655251922, "rep_pct": 0.48088885308307716 }, "geometry": { "type": "Polygon", "coordinates": [ [ [ -97.777287000002119, 30.43194600000276 ], [ -97.794409000002361, 30.444843000002798 ], [ -97.809415000002716, 30.447087000002089 ], [ -97.825723000002, 30.455605000002819 ], [ -97.846541000002858, 30.473410000002922 ], [ -97.859328000002122, 30.493448000002463 ], [ -97.859401000002038, 30.511916000002142 ], [ -97.871139000002017, 30.52456100000213 ], [ -97.873841000001875, 30.549540000002121 ], [ -97.88678500000276, 30.555843000002724 ], [ -97.900129000002821, 30.56891400000238 ], [ -97.90327700000212, 30.570977000002223 ], [ -97.956734000001845, 30.628249000002448 ], [ -97.991015000002406, 30.609849000002811 ], [ -98.049886000001877, 30.624155000002279 ], [ -98.00349100000264, 30.710043000002745 ], [ -97.962860000002365, 30.785641000002663 ], [ -97.939554000001905, 30.806541000002884 ], [ -97.903179000002126, 30.838749000002753 ], [ -97.828100000001839, 30.904414000002554 ], [ -97.729870000002677, 30.88762300000209 ], [ -97.680300000002674, 30.879085000002767 ], [ -97.624051000002041, 30.870004000002623 ], [ -97.551628000002182, 30.842452000002769 ], [ -97.51306700000282, 30.827711000002473 ], [ -97.315485000002525, 30.75236300000212 ], [ -97.307818000002726, 30.749572000002821 ], [ -97.26783600000276, 30.730259000002121 ], [ -97.252409000001975, 30.693473000002591 ], [ -97.155219000002759, 30.457344000002159 ], [ -97.177212000002001, 30.450599000002661 ], [ -97.334463000002486, 30.402843000002665 ], [ -97.369539000001836, 30.4195630000028 ], [ -97.3819530000019, 30.424061000002855 ], [ -97.43411300000254, 30.459719000002657 ], [ -97.466917000001914, 30.465190000002551 ], [ -97.521454000002635, 30.440716000002535 ], [ -97.522961000002439, 30.440888000002172 ], [ -97.54140500000284, 30.407476000002671 ], [ -97.576139000001916, 30.417006000002605 ], [ -97.606147000002366, 30.381326000002801 ], [ -97.599466000002863, 30.337467000002341 ], [ -97.599388000002847, 30.337247000002264 ], [ -97.619742000002375, 30.328866000002854 ], [ -97.618434000002281, 30.331581000002817 ], [ -97.621505000002202, 30.330865000002262 ], [ -97.621440000002579, 30.331146000002956 ], [ -97.623604000002643, 30.330906000002763 ], [ -97.62180900000196, 30.370615000002147 ], [ -97.648687000002596, 30.386914000002314 ], [ -97.644392000002497, 30.394747000002312 ], [ -97.638504000002442, 30.403749000002207 ], [ -97.671182000002361, 30.424312000002249 ], [ -97.671594000002287, 30.424418000002223 ], [ -97.697821000002506, 30.440213000002149 ], [ -97.695504000002842, 30.449813000002798 ], [ -97.694592000002203, 30.461501000002716 ], [ -97.721149000002242, 30.455835000002235 ], [ -97.754523000002678, 30.439282000002368 ], [ -97.765609000002755, 30.432407000002694 ], [ -97.766056000002834, 30.432411000002119 ], [ -97.773563000002, 30.43074300000254 ], [ -97.777287000002119, 30.43194600000276 ] ] ] } },
{ "type": "Feature", "properties": { "opt_all": 32, "population": 767509.0, "voting_age_pop": 598992.0, "dem_votes": 150828.0, "rep_votes": 123900.0, "minority_pop": 314415.0, "dem_pct": 0.54900847363610239, "rep_pct": 0.45099152599990117 }, "geometry": { "type": "Polygon", "coordinates": [ [ [ -96.95999300000274, 32.808655000002396 ], [ -96.946958000002795, 32.808596000002417 ], [ -96.940320000002657, 32.808619000002288 ], [ -96.92182400000236, 32.801214000002538 ], [ -96.91698200000198, 32.801240000002309 ], [ -96.922042000002577, 32.817546000002167 ], [ -96.92037600000252, 32.823746000002174 ], [ -96.925852000002521, 32.823026000002159 ], [ -96.932515000002553, 32.823054000002593 ], [ -96.941567000001783, 32.829421000002455 ], [ -96.944418000002401, 32.837043000002481 ], [ -96.940497000001997, 32.837260000002729 ], [ -96.951306000002447, 32.84120600000292 ], [ -96.959085000002446, 32.844223000002906 ], [ -96.968163000002278, 32.84632800000287 ], [ -96.959072000002678, 32.84646900000255 ], [ -96.959064000002797, 32.859088000002593 ], [ -96.977297000002594, 32.863624000002645 ], [ -96.977190000002039, 32.866391000002302 ], [ -96.970928000002019, 32.874451000002807 ], [ -96.964206000002719, 32.885060000002539 ], [ -96.955948000002522, 32.886805000002894 ], [ -96.962607000002038, 32.890462000002252 ], [ -96.985289000001984, 32.902367000002471 ], [ -96.992730000002595, 32.905816000002531 ], [ -97.007951000002393, 32.915270000002501 ], [ -97.032147000002325, 32.930409000002918 ], [ -97.031906000002564, 32.943867000002058 ], [ -97.031432000002326, 32.970242000002166 ], [ -97.031007000001964, 32.989691000002843 ], [ -97.028339000002319, 32.989614000002923 ], [ -97.025168000002793, 32.989581000002438 ], [ -97.020777000002639, 32.989542000002828 ], [ -97.019567000001885, 32.989524000002831 ], [ -97.016663000001998, 32.98949300000227 ], [ -97.010582000002117, 32.989426000002105 ], [ -96.9931110000026, 32.989319000002048 ], [ -96.990214000002624, 32.989287000002513 ], [ -96.9800690000028, 32.989203000002881 ], [ -96.973793000002516, 32.989148000002288 ], [ -96.96667200000276, 32.989084000002514 ], [ -96.958665000001943, 32.989013000002835 ], [ -96.942445000002493, 32.988800000002662 ], [ -96.939882000002683, 32.988822000002813 ], [ -96.927223000002357, 32.988541000002208 ], [ -96.909997000002278, 32.988346000002579 ], [ -96.890617000002635, 32.988023000002862 ], [ -96.875295000002282, 32.987830000002084 ], [ -96.861291000002325, 32.987652000002591 ], [ -96.854871000001964, 32.987573000002079 ], [ -96.844122000002756, 32.987435000002613 ], [ -96.838955000002798, 32.987370000002272 ], [ -96.828519000002757, 32.987236000002518 ], [ -96.813355000002815, 32.98704100000279 ], [ -96.803430000002294, 32.986914000002919 ], [ -96.793816000001797, 32.986791000002064 ], [ -96.784005000002296, 32.986659000002199 ], [ -96.778675000002082, 32.9865880000022 ], [ -96.768247000001836, 32.986454000002816 ], [ -96.768095000002802, 32.986452000002828 ], [ -96.756464000002794, 32.986298000002613 ], [ -96.748426000001942, 32.986189000002263 ], [ -96.737980000002125, 32.986045000002264 ], [ -96.729385000002367, 32.975533000002358 ], [ -96.740435000002336, 32.978254000002501 ], [ -96.741901000002514, 32.963164000002621 ], [ -96.747505000002604, 32.963171000002916 ], [ -96.753153000002087, 32.951220000002792 ], [ -96.756558000002045, 32.939972000002697 ], [ -96.748076000002357, 32.938314000002471 ], [ -96.748131000002743, 32.937607000002913 ], [ -96.73537200000186, 32.935108000002323 ], [ -96.740312000002305, 32.923283000002534 ], [ -96.732560000001939, 32.925513000002177 ], [ -96.72938200000182, 32.925561000002332 ], [ -96.718147000002375, 32.925432000002168 ], [ -96.717959000002693, 32.922978000002423 ], [ -96.717723000002024, 32.909546000002599 ], [ -96.717888000002034, 32.909548000002665 ], [ -96.722365000002739, 32.903365000002708 ], [ -96.71771700000248, 32.900582000002757 ], [ -96.713715000002423, 32.897427000002487 ], [ -96.71159000000182, 32.894615000002759 ], [ -96.705312000002806, 32.888328000002311 ], [ -96.70333100000218, 32.886243000002104 ], [ -96.702582000002167, 32.87904100000231 ], [ -96.70055300000196, 32.864172000002483 ], [ -96.69910900000184, 32.864164000002461 ], [ -96.68893000000196, 32.864170000002858 ], [ -96.688882000002579, 32.868594000002147 ], [ -96.683219000002396, 32.86414200000231 ], [ -96.691600000002524, 32.852064000002578 ], [ -96.685813000002398, 32.847020000002594 ], [ -96.67998600000216, 32.850693000002337 ], [ -96.685113000002517, 32.843001000002168 ], [ -96.665530000002164, 32.843062000002597 ], [ -96.664601000002179, 32.842593000002367 ], [ -96.664759000002064, 32.842472000002807 ], [ -96.673348000002562, 32.834749000002709 ], [ -96.676205000001801, 32.828062000002738 ], [ -96.676766000002118, 32.826503000002369 ], [ -96.674478000002097, 32.826035000002364 ], [ -96.674514000002674, 32.825170000002409 ], [ -96.677078000002126, 32.825620000002431 ], [ -96.678725000002359, 32.821503000002359 ], [ -96.684465000002461, 32.818835000002359 ], [ -96.690533000001835, 32.833269000002268 ], [ -96.695780000002785, 32.82385900000282 ], [ -96.689698000002565, 32.817411000002281 ], [ -96.697257000001841, 32.813552000002119 ], [ -96.701401000001781, 32.811954000002899 ], [ -96.718848000001856, 32.806010000002821 ], [ -96.725816000002766, 32.804378000002124 ], [ -96.726213000001877, 32.813063000002771 ], [ -96.726271000002285, 32.81318900000219 ], [ -96.729490000002443, 32.811100000002185 ], [ -96.745049000002567, 32.807996000002831 ], [ -96.751096000001837, 32.812251000002647 ], [ -96.751694000002402, 32.812711000002103 ], [ -96.761145000002045, 32.810998000002506 ], [ -96.764497000002166, 32.808225000002274 ], [ -96.770196000002684, 32.807943000002538 ], [ -96.772303000002793, 32.809469000002437 ], [ -96.783316000002003, 32.819046000002572 ], [ -96.786830000002567, 32.815143000002465 ], [ -96.789610000002256, 32.815590000002821 ], [ -96.795399000002163, 32.817678000002587 ], [ -96.801418000001959, 32.808472000002439 ], [ -96.802237000002663, 32.806645000002526 ], [ -96.8057400000027, 32.806720000002535 ], [ -96.806790000002238, 32.80753300000265 ], [ -96.808628000001875, 32.809036000002877 ], [ -96.811175000001981, 32.811008000002779 ], [ -96.812332000002399, 32.810132000002646 ], [ -96.813317000002726, 32.810893000002231 ], [ -96.812185000002245, 32.81180400000239 ], [ -96.814878000001983, 32.81389600000287 ], [ -96.815707000002234, 32.813207000002592 ], [ -96.816986000001876, 32.814234000002116 ], [ -96.816145000001924, 32.814933000002398 ], [ -96.817391000002104, 32.815931000002323 ], [ -96.816765000002306, 32.821592000002617 ], [ -96.816889000001879, 32.821696000002717 ], [ -96.81812200000266, 32.822749000002119 ], [ -96.821754000002116, 32.825738000002588 ], [ -96.831570000002515, 32.821536000002517 ], [ -96.833691000001906, 32.823579000002269 ], [ -96.826506000001956, 32.829884000002288 ], [ -96.822085000002559, 32.836680000002097 ], [ -96.821419000002294, 32.844929000002693 ], [ -96.83491400000176, 32.844817000002536 ], [ -96.83455800000192, 32.83639300000263 ], [ -96.841619000002083, 32.830227000002743 ], [ -96.849808000002398, 32.837288000002097 ], [ -96.846169000002163, 32.826642000002096 ], [ -96.869155000002095, 32.818968000002371 ], [ -96.873922000002082, 32.79796900000288 ], [ -96.873751000001761, 32.792651000002806 ], [ -96.869329000002125, 32.790991000002634 ], [ -96.873789000002162, 32.786329000002112 ], [ -96.873834000002233, 32.778762000002729 ], [ -96.873840000002204, 32.76755000000216 ], [ -96.902330000002777, 32.766614000002413 ], [ -96.927377000002039, 32.765629000002924 ], [ -96.926077000002806, 32.782076000002327 ], [ -96.959906000002803, 32.783062000002182 ], [ -96.959192000002517, 32.801150000002771 ], [ -96.95999300000274, 32.808655000002396 ] ] ] } },
{ "type": "Feature", "properties": { "opt_all": 33, "population": 765191.0, "voting_age_pop": 569268.0, "dem_votes": 137242.0, "rep_votes": 103221.0, "minority_pop": 348742.0, "dem_pct": 0.57074061266359455, "rep_pct": 0.42925938692054105 }, "geometry": { "type": "Polygon", "coordinates": [ [ [ -97.389902000002721, 32.667856000002587 ], [ -97.384984000002419, 32.671926000002678 ], [ -97.387214000002714, 32.678052000002566 ], [ -97.393053000002155, 32.681066000002787 ], [ -97.402509000001913, 32.662796000002771 ], [ -97.422717000002166, 32.661969000002387 ], [ -97.414163000002276, 32.68367500000263 ], [ -97.395110000001907, 32.682079000002105 ], [ -97.412469000002659, 32.689326000002659 ], [ -97.424366000002721, 32.696327000002711 ], [ -97.436216000002361, 32.699472000002871 ], [ -97.435957000002603, 32.699469000002281 ], [ -97.43848500000226, 32.709322000002693 ], [ -97.426817000002544, 32.712196000002386 ], [ -97.431790000002721, 32.721801000002117 ], [ -97.424717000002659, 32.724776000002706 ], [ -97.427841000002303, 32.734616000002049 ], [ -97.413503000002621, 32.734431000002068 ], [ -97.407892000002377, 32.73415300000223 ], [ -97.387635000002561, 32.73953400000206 ], [ -97.378514000002198, 32.739431000002249 ], [ -97.378218000002803, 32.744188000002097 ], [ -97.361542000001805, 32.751128000002488 ], [ -97.361906000002278, 32.748339000002552 ], [ -97.361499000002723, 32.733595000002687 ], [ -97.359891000001994, 32.734076000002581 ], [ -97.349399000002819, 32.74692100000275 ], [ -97.342384000002696, 32.758087000002398 ], [ -97.334199000002755, 32.759098000002894 ], [ -97.338406000002166, 32.772574000002756 ], [ -97.339367000002497, 32.773392000002914 ], [ -97.343280000002579, 32.772750000002546 ], [ -97.341630000002155, 32.784053000002665 ], [ -97.323476000001861, 32.795253000002731 ], [ -97.315565000001982, 32.795176000002378 ], [ -97.324341000001979, 32.784469000002829 ], [ -97.31876300000232, 32.780625000002765 ], [ -97.308576000002475, 32.780912000002495 ], [ -97.301550000002564, 32.780970000002661 ], [ -97.290645000002641, 32.780970000002931 ], [ -97.293594000002713, 32.795113000002793 ], [ -97.290609000002178, 32.795110000002126 ], [ -97.28541600000284, 32.795038000002414 ], [ -97.273153000002182, 32.794902000002899 ], [ -97.268833000002004, 32.796674000002312 ], [ -97.248953000001904, 32.807814000002672 ], [ -97.24867100000192, 32.807582000002327 ], [ -97.244387000001865, 32.809099000002178 ], [ -97.247083000002164, 32.809356000002133 ], [ -97.229263000002206, 32.8227610000027 ], [ -97.227831000002141, 32.823838000002866 ], [ -97.239075000002344, 32.823956000002561 ], [ -97.238729000002436, 32.840336000002473 ], [ -97.221732000002618, 32.835330000002863 ], [ -97.209334000001846, 32.833040000002534 ], [ -97.209344000002517, 32.831686000002279 ], [ -97.206204000002643, 32.823879000002677 ], [ -97.207469000001865, 32.823579000002781 ], [ -97.186446000002206, 32.823650000002246 ], [ -97.186530000002122, 32.806759000002685 ], [ -97.212166000002682, 32.804305000002032 ], [ -97.212307000002184, 32.797901000002781 ], [ -97.18376200000192, 32.802466000002703 ], [ -97.177477000002398, 32.794038000002281 ], [ -97.178502000002098, 32.781815000002396 ], [ -97.155958000001903, 32.771920000002375 ], [ -97.149364000002478, 32.776148000002188 ], [ -97.148801000001882, 32.771369000002672 ], [ -97.149408000002765, 32.767736000002628 ], [ -97.149737000002801, 32.760205000002507 ], [ -97.136650000001978, 32.759897000002596 ], [ -97.140360000002104, 32.750286000002504 ], [ -97.149077000002421, 32.743150000002935 ], [ -97.149136000002144, 32.735945000002019 ], [ -97.131654000002641, 32.73650000000255 ], [ -97.131638000002127, 32.736169000002832 ], [ -97.131922000002035, 32.721246000002125 ], [ -97.12332600000282, 32.721213000002926 ], [ -97.123336000002197, 32.708916000002439 ], [ -97.1319460000025, 32.709026000002936 ], [ -97.132722000002758, 32.706559000002905 ], [ -97.13687500000222, 32.706609000002381 ], [ -97.138031000002485, 32.70666000000265 ], [ -97.149196000002306, 32.706792000002096 ], [ -97.148227000002123, 32.692209000002549 ], [ -97.138706000002486, 32.692163000002907 ], [ -97.135075000002686, 32.692154000002311 ], [ -97.114863000001975, 32.703296000002524 ], [ -97.115009000002402, 32.690965000002684 ], [ -97.097836000002758, 32.691736000002152 ], [ -97.092863000002325, 32.677567000002789 ], [ -97.091509000002318, 32.672147000002241 ], [ -97.088208000002197, 32.65281300000224 ], [ -97.0771130000022, 32.658847000002325 ], [ -97.06321600000264, 32.660753000002479 ], [ -97.063277000002401, 32.661372000002281 ], [ -97.06259500000202, 32.66143100000216 ], [ -97.042111000002521, 32.659149000002266 ], [ -97.042947000002727, 32.665810000002821 ], [ -97.062867000002484, 32.66809200000246 ], [ -97.062762000002635, 32.677202000002076 ], [ -97.056138000001923, 32.67706100000278 ], [ -97.036327000002487, 32.691321000002453 ], [ -97.036574000002673, 32.676206000002331 ], [ -97.036579000002035, 32.675912000002391 ], [ -97.036824000002198, 32.659489000002928 ], [ -97.037063000001993, 32.645873000002254 ], [ -97.037531000002645, 32.618467000002155 ], [ -97.0380670000024, 32.586288000002789 ], [ -97.038291000002019, 32.573359000002455 ], [ -97.03868500000236, 32.548666000002193 ], [ -97.052717000002446, 32.548840000002798 ], [ -97.058827000002637, 32.548915000002793 ], [ -97.06691700000232, 32.549015000002164 ], [ -97.077910000002802, 32.549151000002801 ], [ -97.087054000002794, 32.549263000002426 ], [ -97.129896000002219, 32.549808000002422 ], [ -97.140980000001775, 32.550077000002375 ], [ -97.177040000002236, 32.550646000002551 ], [ -97.232799000001776, 32.55148400000283 ], [ -97.237409000002273, 32.551700000002569 ], [ -97.260456000002563, 32.551945000002512 ], [ -97.287891000002745, 32.552315000002658 ], [ -97.292881000002083, 32.591291000002435 ], [ -97.284059000002657, 32.603985000002702 ], [ -97.253989000001781, 32.623793000002095 ], [ -97.241629000002035, 32.654913000002182 ], [ -97.242945000002223, 32.656464000002615 ], [ -97.252667000002845, 32.64548400000276 ], [ -97.261370000001804, 32.630959000002264 ], [ -97.266131000002602, 32.629098000002649 ], [ -97.269982000002202, 32.623730000002574 ], [ -97.269920000002699, 32.616463000002078 ], [ -97.287118000002138, 32.616501000002685 ], [ -97.301301000002326, 32.6310230000025 ], [ -97.321485000002482, 32.627664000002248 ], [ -97.321538000002235, 32.613994000002094 ], [ -97.349690000002823, 32.614131000002629 ], [ -97.350866000002299, 32.612338000002261 ], [ -97.371490000002439, 32.614903000002215 ], [ -97.3616510000018, 32.625465000002656 ], [ -97.357653000002543, 32.634800000002564 ], [ -97.359603000002338, 32.634804000002099 ], [ -97.360573000002233, 32.648943000002703 ], [ -97.367684000002683, 32.649625000002821 ], [ -97.366535000002742, 32.662900000002175 ], [ -97.370487000002115, 32.662880000002893 ], [ -97.376949000002753, 32.663452000002408 ], [ -97.389902000002721, 32.667856000002587 ] ] ] } },
{ "type": "Feature", "properties": { "opt_all": 34, "population": 766235.0, "voting_age_pop": 539039.0, "dem_votes": 97989.0, "rep_votes": 58082.0, "minority_pop": 491321.0, "dem_pct": 0.62784886325592271, "rep_pct": 0.37215113610334327 }, "geometry": { "type": "Polygon", "coordinates": [ [ [ -98.12998600000212, 26.074271000002891 ], [ -98.127964000002578, 26.084360000002587 ], [ -98.165507000002677, 26.089649000002758 ], [ -98.17997900000276, 26.11945800000283 ], [ -98.1797320000029, 26.121015000002117 ], [ -98.14687800000236, 26.116482000002744 ], [ -98.137077000001966, 26.173887000002473 ], [ -98.13503400000252, 26.185925000002381 ], [ -98.1676760000028, 26.1918940000022 ], [ -98.169965000002264, 26.178470000002555 ], [ -98.186431000002159, 26.180622000002668 ], [ -98.183271000002037, 26.199394000002279 ], [ -98.180437000002655, 26.218931000002662 ], [ -98.179754000002006, 26.218842000002905 ], [ -98.163461000001917, 26.216612000002563 ], [ -98.165578000001943, 26.2041420000022 ], [ -98.157930000002366, 26.201145000002079 ], [ -98.156969000001979, 26.208366000002886 ], [ -98.146271000002855, 26.243639000002208 ], [ -98.151281000002584, 26.244338000002315 ], [ -98.158571000002382, 26.245341000002743 ], [ -98.163124000002284, 26.24596900000277 ], [ -98.173274000002024, 26.24734700000241 ], [ -98.175363000002037, 26.24762500000206 ], [ -98.165002000002801, 26.286908000002583 ], [ -98.180799000002835, 26.289215000002379 ], [ -98.178265000002526, 26.303704000002853 ], [ -98.1626270000028, 26.300400000002782 ], [ -98.154692000002683, 26.300270000002921 ], [ -98.133460000002358, 26.297409000002897 ], [ -98.125824000002353, 26.307031000002361 ], [ -98.116258000002858, 26.33141700000284 ], [ -98.155911000002121, 26.337093000002216 ], [ -98.178578000002844, 26.3403710000029 ], [ -98.161324000002722, 26.353541000002831 ], [ -98.133645000002218, 26.450865000002633 ], [ -98.135290000002243, 26.356006000002516 ], [ -98.1126620000027, 26.330934000002859 ], [ -98.08439200000204, 26.326882000002083 ], [ -98.071954000002037, 26.370363000002115 ], [ -98.048589000002423, 26.500017000002959 ], [ -98.040588000002259, 26.544824000002414 ], [ -97.980479000002802, 26.535990000002261 ], [ -97.957405000002481, 26.61176900000272 ], [ -97.985303000002006, 26.615809000002493 ], [ -97.985494000002561, 26.780917000002276 ], [ -97.985681000001875, 26.960906000002733 ], [ -97.98570600000248, 27.054624000002452 ], [ -97.985734000002836, 27.074380000002456 ], [ -97.98588700000208, 27.20930800000281 ], [ -97.951904000002344, 27.233249000002711 ], [ -97.841340000002276, 27.243955000002448 ], [ -97.802913000002562, 27.273113000002304 ], [ -97.757872000002436, 27.283123000002607 ], [ -97.730498000002015, 27.266045000002961 ], [ -97.641577000002357, 27.282380000002544 ], [ -97.508863000002577, 27.266636000002805 ], [ -97.425724000002717, 27.277956000002217 ], [ -97.288337000002315, 27.277584000002797 ], [ -97.309363000002264, 27.196109000002821 ], [ -97.319824000002455, 27.11002300000278 ], [ -97.3214950000024, 27.001996000002482 ], [ -97.317781000002142, 26.951364000002833 ], [ -97.300423000002482, 26.834613000002168 ], [ -97.25170500000192, 26.661866000002203 ], [ -97.225374000002276, 26.600227000002427 ], [ -97.178769000002234, 26.454705000002619 ], [ -97.167255000002783, 26.412715000002319 ], [ -97.126121000002456, 26.250351000002237 ], [ -97.108301000002726, 26.104510000002463 ], [ -97.089344000002555, 26.066179000002723 ], [ -97.097858000002006, 26.038620000002936 ], [ -97.091121000002005, 25.97384000000261 ], [ -97.20996100000248, 25.963458000002952 ], [ -97.276701000002561, 25.952146000002312 ], [ -97.326003000002444, 25.917689000002763 ], [ -97.374173000002784, 25.905923000002975 ], [ -97.358754000002577, 25.878808000002785 ], [ -97.373187000002559, 25.839956000002704 ], [ -97.40841700000226, 25.861963000002959 ], [ -97.444030000002584, 25.848614000002119 ], [ -97.454853000002842, 25.878660000002697 ], [ -97.490360000001957, 25.883358000002641 ], [ -97.497386000002521, 25.898644000002331 ], [ -97.522910000002483, 25.894665000002508 ], [ -97.53722900000264, 25.93052600000232 ], [ -97.566012000002317, 25.947200000002169 ], [ -97.608471000002396, 25.977054000002315 ], [ -97.676134000002278, 26.030656000002885 ], [ -97.699216000002878, 26.031173000002873 ], [ -97.726470000002706, 26.02265600000247 ], [ -97.77230400000208, 26.046277000002309 ], [ -97.861822000002761, 26.069921000002275 ], [ -97.919678000002264, 26.057970000002825 ], [ -97.993622000002674, 26.059289000002337 ], [ -98.008890000002765, 26.060287000002511 ], [ -98.034470000002656, 26.051167000002199 ], [ -98.070025000002076, 26.051466000002183 ], [ -98.076070000002602, 26.06694900000252 ], [ -98.114299000002404, 26.065392000002166 ], [ -98.12998600000212, 26.074271000002891 ] ] ] } },
{ "type": "Feature", "properties": { "opt_all": 35, "population": 768099.0, "voting_age_pop": 594325.0, "dem_votes": 188617.0, "rep_votes": 129409.0, "minority_pop": 240696.0, "dem_pct": 0.5930867285715361, "rep_pct": 0.40691327111402426 }, "geometry": { "type": "Polygon", "coordinates": [ [ [ -98.121270000002639, 29.912844000002263 ], [ -98.198702000002385, 29.967771000002536 ], [ -98.297600000002234, 30.037994000002147 ], [ -98.27084300000196, 30.106737000002745 ], [ -98.259665000002485, 30.135479000002448 ], [ -98.251770000002566, 30.155184000002382 ], [ -98.206532000002795, 30.271324000002831 ], [ -98.181999000001881, 30.33392700000265 ], [ -98.172977000002476, 30.356312000002735 ], [ -98.125556000002121, 30.426186000002104 ], [ -98.097709000002439, 30.467626000002635 ], [ -98.097793000002042, 30.497442000002465 ], [ -98.123126000002543, 30.487041000002598 ], [ -98.066699000002657, 30.592842000002506 ], [ -98.066559000002343, 30.593103000002689 ], [ -98.049886000001877, 30.624155000002279 ], [ -97.991015000002406, 30.609849000002811 ], [ -97.956734000001845, 30.628249000002448 ], [ -97.90327700000212, 30.570977000002223 ], [ -97.900129000002821, 30.56891400000238 ], [ -97.88678500000276, 30.555843000002724 ], [ -97.873841000001875, 30.549540000002121 ], [ -97.871139000002017, 30.52456100000213 ], [ -97.859401000002038, 30.511916000002142 ], [ -97.859328000002122, 30.493448000002463 ], [ -97.846541000002858, 30.473410000002922 ], [ -97.825723000002, 30.455605000002819 ], [ -97.809415000002716, 30.447087000002089 ], [ -97.794409000002361, 30.444843000002798 ], [ -97.777287000002119, 30.43194600000276 ], [ -97.773563000002, 30.43074300000254 ], [ -97.763191000002024, 30.421004000002178 ], [ -97.754090000002563, 30.407523000002779 ], [ -97.763040000001823, 30.39935600000268 ], [ -97.759843000002178, 30.388251000002619 ], [ -97.766804000002196, 30.385124000002481 ], [ -97.757223000002782, 30.371566000002503 ], [ -97.766123000001954, 30.360526000002391 ], [ -97.75661700000208, 30.3551660000021 ], [ -97.76685000000198, 30.353628000002725 ], [ -97.763049000002155, 30.342575000002832 ], [ -97.757077000001942, 30.337434000002116 ], [ -97.76260000000282, 30.328566000002652 ], [ -97.775884000002762, 30.313606000002348 ], [ -97.780923000002176, 30.332248000002785 ], [ -97.781039000002593, 30.332416000002652 ], [ -97.796738000002605, 30.349949000002638 ], [ -97.796826000002, 30.349986000002243 ], [ -97.812849000002458, 30.32514600000243 ], [ -97.809717000002621, 30.31291900000253 ], [ -97.790282000002506, 30.297587000002256 ], [ -97.798485000002202, 30.273102000002208 ], [ -97.805995000002795, 30.276102000002876 ], [ -97.804441000001859, 30.24788600000257 ], [ -97.810672000002782, 30.242774000002218 ], [ -97.80813600000198, 30.240458000002036 ], [ -97.765372000002102, 30.26503100000231 ], [ -97.764988000002077, 30.264769000002762 ], [ -97.770757000002007, 30.248212000002564 ], [ -97.768984000002121, 30.246016000002321 ], [ -97.764837000002203, 30.249181000002292 ], [ -97.751304000002477, 30.245145000002189 ], [ -97.753519000002001, 30.238760000002433 ], [ -97.762102000002443, 30.238203000002553 ], [ -97.766802000002286, 30.230729000002167 ], [ -97.769672000002274, 30.226185000002353 ], [ -97.778971000002116, 30.211929000002701 ], [ -97.781543000002742, 30.208387000002546 ], [ -97.781555000002243, 30.208364000002096 ], [ -97.765028000002758, 30.19752700000263 ], [ -97.770518000002113, 30.190537000002202 ], [ -97.770372000001998, 30.190462000002615 ], [ -97.764084000002285, 30.168239000002668 ], [ -97.769627000002359, 30.159347000002221 ], [ -97.7666450000022, 30.152449000002708 ], [ -97.782311000002082, 30.112743000002229 ], [ -97.7813690000024, 30.075670000002056 ], [ -97.751479000002647, 30.054354000002803 ], [ -97.708790000002594, 30.023451000002549 ], [ -97.649370000002165, 30.06794400000253 ], [ -97.630771000002056, 30.051980000002079 ], [ -97.548882000002806, 29.9827820000028 ], [ -97.5403800000026, 29.975835000002551 ], [ -97.50078600000252, 29.942069000002757 ], [ -97.425941000001913, 29.879217000002413 ], [ -97.420683000002285, 29.87476000000219 ], [ -97.31582300000224, 29.786541000002337 ], [ -97.317893000002002, 29.784658000002111 ], [ -97.409777000002137, 29.734258000002196 ], [ -97.451439000002097, 29.711354000002139 ], [ -97.537137000002204, 29.664243000002859 ], [ -97.557718000002524, 29.65293300000226 ], [ -97.597743000002637, 29.630718000002389 ], [ -97.633176000001924, 29.649863000002529 ], [ -97.650834000002277, 29.666153000002879 ], [ -97.700536000002273, 29.66841300000284 ], [ -97.705506000002217, 29.682636000002312 ], [ -97.735720000002758, 29.691198000002661 ], [ -97.768764000002463, 29.741730000002928 ], [ -97.773340000002364, 29.741852000002488 ], [ -97.780917000001921, 29.759258000002728 ], [ -97.842351000001884, 29.799224000002827 ], [ -97.84234900000196, 29.832131000002104 ], [ -97.875259000001876, 29.858208000002296 ], [ -97.971558000002446, 29.779417000002375 ], [ -97.99927100000204, 29.752444000002107 ], [ -98.001106000002437, 29.75105100000205 ], [ -98.05734200000262, 29.708700000002445 ], [ -98.058526000002416, 29.70773800000249 ], [ -98.090685000002281, 29.683325000002089 ], [ -98.113779000002395, 29.704297000002484 ], [ -98.110161000002321, 29.707380000002463 ], [ -98.101449000002447, 29.709830000002089 ], [ -98.088406000002166, 29.737623000002461 ], [ -98.075753000002024, 29.767349000002525 ], [ -98.018682000002258, 29.812253000002837 ], [ -98.04475300000216, 29.858710000002414 ], [ -98.121270000002639, 29.912844000002263 ] ] ] } },
{ "type": "Feature", "properties": { "opt_all": 36, "population": 769769.0, "voting_age_pop": 593566.0, "dem_votes": 79992.0, "rep_votes": 191073.0, "minority_pop": 231142.0, "dem_pct": 0.2951026505468789, "rep_pct": 0.70489734908420587 }, "geometry": { "type": "Polygon", "coordinates": [ [ [ -95.165897000002715, 30.344976000002571 ], [ -95.22558100000208, 30.319534000002456 ], [ -95.226571000002195, 30.327145000003014 ], [ -95.21798400000236, 30.356242000002538 ], [ -95.263338000002406, 30.384259000002849 ], [ -95.308395000002363, 30.405750000002836 ], [ -95.329528000001957, 30.433193000002355 ], [ -95.359156000002258, 30.50436900000253 ], [ -95.351439000002642, 30.577643000002599 ], [ -95.345863000001799, 30.634842000002195 ], [ -95.338625000002679, 30.737826000002919 ], [ -95.33029600000242, 30.828287000002401 ], [ -95.364766000002362, 30.804125000002323 ], [ -95.433099000002457, 30.792380000003018 ], [ -95.43138700000182, 30.745642000002817 ], [ -95.452625000002598, 30.717663000002627 ], [ -95.447126000002157, 30.706332000002217 ], [ -95.511093000002617, 30.710979000002222 ], [ -95.524704000002018, 30.707950000002331 ], [ -95.551239000001843, 30.712416000002975 ], [ -95.551492000001915, 30.727966000002489 ], [ -95.553689000002635, 30.762456000002189 ], [ -95.536978000002406, 30.766342000002393 ], [ -95.496629000001846, 30.798444000002657 ], [ -95.502121000001878, 30.913261000002212 ], [ -95.528812000002617, 30.925795000002218 ], [ -95.569217000002197, 30.895063000003052 ], [ -95.617872000002166, 30.930418000002629 ], [ -95.46894700000216, 31.034215000002185 ], [ -95.434781000002317, 31.058098000002932 ], [ -95.375385000002154, 31.099006000002728 ], [ -95.298836000002623, 31.151727000002609 ], [ -95.248168000002181, 31.186591000002355 ], [ -95.238070000002082, 31.193499000002326 ], [ -95.208339000001956, 31.213852000002937 ], [ -95.165139000002114, 31.243428000002528 ], [ -95.035723000002676, 31.3325220000028 ], [ -95.005185000002257, 31.353560000002599 ], [ -94.958110000002662, 31.386930000002632 ], [ -94.965927000002438, 31.392383000002503 ], [ -95.003345000002724, 31.42571000000294 ], [ -94.929210000002485, 31.480303000002593 ], [ -94.865857000002237, 31.526916000002245 ], [ -94.823550000001802, 31.48651600000268 ], [ -94.738969000002598, 31.463039000003075 ], [ -94.710925000001779, 31.45712800000241 ], [ -94.664664000002375, 31.459520000002804 ], [ -94.62396900000202, 31.439403000002471 ], [ -94.569151000001739, 31.433006000002798 ], [ -94.537061000002524, 31.39860900000285 ], [ -94.489466000002082, 31.398579000002268 ], [ -94.466676000002323, 31.378009000002976 ], [ -94.45375800000258, 31.333395000002778 ], [ -94.438056000002277, 31.312610000002735 ], [ -94.393494000001937, 31.299522000002199 ], [ -94.357090000002003, 31.246889000002607 ], [ -94.326616000002062, 31.224754000002999 ], [ -94.339109000002367, 31.264442000002393 ], [ -94.315324000002278, 31.305900000002577 ], [ -94.327501000002442, 31.382733000002577 ], [ -94.314650000002359, 31.408738000002707 ], [ -94.318334000002764, 31.47636000000244 ], [ -94.302364000001859, 31.512017000002821 ], [ -94.311100000002, 31.588482000002799 ], [ -94.328823000002444, 31.593835000002468 ], [ -94.3942560000025, 31.638872000002294 ], [ -94.399091000002599, 31.653596000003105 ], [ -94.414784000002697, 31.729689000002253 ], [ -94.426213000002264, 31.76846600000286 ], [ -94.425157000002656, 31.801458000002494 ], [ -94.452513000002, 31.844113000002164 ], [ -94.483726000002761, 31.90367400000283 ], [ -94.51131500000244, 31.924129000002281 ], [ -94.511431000002645, 31.973984000003018 ], [ -94.591154000001978, 31.973302000002647 ], [ -94.600669000001915, 32.009988000003069 ], [ -94.601560000001896, 32.079971000002857 ], [ -94.582581000002179, 32.149480000002711 ], [ -94.580500000002004, 32.201363000002381 ], [ -94.5570020000022, 32.249053000002853 ], [ -94.525533000002483, 32.281980000002278 ], [ -94.493361000002125, 32.35649200000298 ], [ -94.491818000001999, 32.394137000002985 ], [ -94.555726000002025, 32.407500000002784 ], [ -94.579219000002198, 32.394916000002993 ], [ -94.642426000002445, 32.398315000002626 ], [ -94.701986000001881, 32.42178200000275 ], [ -94.702097000002681, 32.472168000002988 ], [ -94.701946000002565, 32.500071000002379 ], [ -94.626520000002344, 32.507507000002676 ], [ -94.621459000001821, 32.466648000003026 ], [ -94.510174000002223, 32.484769000002672 ], [ -94.469098000002447, 32.486444000002201 ], [ -94.446017000002115, 32.520479000002553 ], [ -94.395574000001957, 32.559597000002626 ], [ -94.416095000002215, 32.572216000003074 ], [ -94.415683000002474, 32.617957000002953 ], [ -94.367861000001781, 32.597039000002482 ], [ -94.319427000002406, 32.622822000002586 ], [ -94.292904000001897, 32.671706000002182 ], [ -94.256412000002399, 32.702567000002681 ], [ -94.288059000002207, 32.735785000002913 ], [ -94.254646000001884, 32.75124300000239 ], [ -94.222628000001777, 32.703370000003005 ], [ -94.172136000002723, 32.696900000002216 ], [ -94.13157400000236, 32.738452000002738 ], [ -94.087786000002239, 32.721301000002882 ], [ -94.090669000001739, 32.689232000002391 ], [ -94.043147000002662, 32.693030000002572 ], [ -94.042888000002804, 32.604474000002497 ], [ -94.042901000001905, 32.392283000002429 ], [ -94.042759000002263, 32.281267000002536 ], [ -94.042567000002322, 32.185042000002213 ], [ -94.042352000002538, 32.120105000002845 ], [ -94.041422000001759, 31.997431000003029 ], [ -94.015630000001863, 31.979856000002847 ], [ -93.970826000002219, 31.91996800000241 ], [ -93.922109000002081, 31.905324000002711 ], [ -93.881678000002324, 31.868581000002361 ], [ -93.878970000001914, 31.844767000002957 ], [ -93.87483600000256, 31.822314000002216 ], [ -93.822598000002515, 31.77355900000288 ], [ -93.814955000002783, 31.728737000002553 ], [ -93.794548000002393, 31.702076000002727 ], [ -93.825661000002199, 31.661022000002479 ], [ -93.816369000002737, 31.639258000002712 ], [ -93.834918000002077, 31.586212000002934 ], [ -93.785028000002356, 31.525962000002465 ], [ -93.742586000002561, 31.526229000003013 ], [ -93.719708000001873, 31.505840000002692 ], [ -93.749476000002602, 31.468690000003093 ], [ -93.708203000002641, 31.44155700000249 ], [ -93.704726000002125, 31.41810400000255 ], [ -93.674117000002283, 31.397681000002336 ], [ -93.667054000002594, 31.294382000002511 ], [ -93.613942000002481, 31.259375000002901 ], [ -93.618255000002435, 31.233105000002801 ], [ -93.60030800000176, 31.176158000003038 ], [ -93.548930000002585, 31.186601000002515 ], [ -93.539366000002076, 31.115207000002357 ], [ -93.563269000002322, 31.0935920000029 ], [ -93.528941000001865, 31.070108000002783 ], [ -93.524739000002384, 31.039007000002258 ], [ -93.558861000001755, 30.970861000002198 ], [ -93.529292000001846, 30.941748000002551 ], [ -93.552085000002407, 30.918119000002896 ], [ -93.564164000002194, 30.817541000002997 ], [ -93.59210100000216, 30.763675000002635 ], [ -93.614777000001737, 30.756064000002951 ], [ -93.618853000001963, 30.709786000002492 ], [ -93.631345000001943, 30.677872000002832 ], [ -93.667657000001839, 30.660506000002652 ], [ -93.683100000002327, 30.640763000002803 ], [ -93.678662000002205, 30.594097000002865 ], [ -93.727731000002038, 30.56658000000278 ], [ -93.726680000002005, 30.525211000002695 ], [ -93.706507000002745, 30.509910000002694 ], [ -93.711859000002775, 30.471327000002333 ], [ -93.698135000002239, 30.438880000002985 ], [ -93.75740900000234, 30.390813000003011 ], [ -93.76565500000244, 30.343409000002751 ], [ -93.708098000002437, 30.27026300000302 ], [ -93.706993000002242, 30.243736000003011 ], [ -93.720931000001883, 30.208461000002849 ], [ -93.705953000002694, 30.175831000002425 ], [ -93.701437000002443, 30.127506000002946 ], [ -93.713144000002416, 30.107175000003075 ], [ -93.729718000002521, 30.088062000003085 ], [ -93.719715000002367, 30.06141500000254 ], [ -93.744544000002634, 30.019281000002515 ], [ -93.790087000002003, 29.986564000002652 ], [ -93.817286000002682, 29.918422000002561 ], [ -93.854412000002085, 29.865053000002895 ], [ -93.911268000002281, 29.829116000002958 ], [ -93.922407000002437, 29.78504800000287 ], [ -93.892817000002367, 29.756872000003032 ], [ -93.837412000001862, 29.689885000002999 ], [ -93.814351000001807, 29.596576000002813 ], [ -93.875006000002642, 29.621426000002327 ], [ -94.033565000002554, 29.625002000002624 ], [ -94.125180000002743, 29.595559000003099 ], [ -94.354880000001842, 29.506328000002984 ], [ -94.353947000002577, 29.611446000002442 ], [ -94.353948000002163, 29.611497000002537 ], [ -94.356800000002238, 29.810769000002999 ], [ -94.357976000002637, 29.887464000002279 ], [ -94.442235000001958, 29.889538000002535 ], [ -94.443806000001942, 29.981789000002276 ], [ -94.444910000001755, 30.11301500000253 ], [ -94.571177000002123, 30.112013000002868 ], [ -94.603159000002364, 30.130904000002847 ], [ -94.614838000002564, 30.163539000002626 ], [ -94.629337000002735, 30.203020000002631 ], [ -94.667792000002294, 30.310677000002759 ], [ -94.675280000001834, 30.331209000002417 ], [ -94.687652000002316, 30.365384000002607 ], [ -94.732732000002116, 30.490066000002933 ], [ -94.743117000002513, 30.489881000002288 ], [ -94.783964000001944, 30.489478000002787 ], [ -94.847132000002361, 30.493367000002252 ], [ -94.849414000001801, 30.493553000002382 ], [ -94.942676000002564, 30.442352000002348 ], [ -95.048056000002404, 30.396863000002231 ], [ -95.060512000002447, 30.391015000003012 ], [ -95.061519000002633, 30.390582000002613 ], [ -95.110382000001863, 30.369139000002811 ], [ -95.165897000002715, 30.344976000002571 ] ] ] } },
{ "type": "Feature", "properties": { "opt_all": 37, "population": 766405.0, "voting_age_pop": 610759.0, "dem_votes": 207067.0, "rep_votes": 62768.0, "minority_pop": 334683.0, "dem_pct": 0.76738377127971402, "rep_pct": 0.23261622834968917 }, "geometry": { "type": "Polygon", "coordinates": [ [ [ -97.781543000002742, 30.208387000002546 ], [ -97.778971000002116, 30.211929000002701 ], [ -97.769672000002274, 30.226185000002353 ], [ -97.766802000002286, 30.230729000002167 ], [ -97.762102000002443, 30.238203000002553 ], [ -97.753519000002001, 30.238760000002433 ], [ -97.751304000002477, 30.245145000002189 ], [ -97.764837000002203, 30.249181000002292 ], [ -97.768984000002121, 30.246016000002321 ], [ -97.770757000002007, 30.248212000002564 ], [ -97.764988000002077, 30.264769000002762 ], [ -97.765372000002102, 30.26503100000231 ], [ -97.80813600000198, 30.240458000002036 ], [ -97.810672000002782, 30.242774000002218 ], [ -97.804441000001859, 30.24788600000257 ], [ -97.805995000002795, 30.276102000002876 ], [ -97.798485000002202, 30.273102000002208 ], [ -97.790282000002506, 30.297587000002256 ], [ -97.809717000002621, 30.31291900000253 ], [ -97.812849000002458, 30.32514600000243 ], [ -97.796826000002, 30.349986000002243 ], [ -97.796738000002605, 30.349949000002638 ], [ -97.781039000002593, 30.332416000002652 ], [ -97.780923000002176, 30.332248000002785 ], [ -97.775884000002762, 30.313606000002348 ], [ -97.76260000000282, 30.328566000002652 ], [ -97.757077000001942, 30.337434000002116 ], [ -97.763049000002155, 30.342575000002832 ], [ -97.76685000000198, 30.353628000002725 ], [ -97.75661700000208, 30.3551660000021 ], [ -97.766123000001954, 30.360526000002391 ], [ -97.757223000002782, 30.371566000002503 ], [ -97.766804000002196, 30.385124000002481 ], [ -97.759843000002178, 30.388251000002619 ], [ -97.763040000001823, 30.39935600000268 ], [ -97.754090000002563, 30.407523000002779 ], [ -97.763191000002024, 30.421004000002178 ], [ -97.773563000002, 30.43074300000254 ], [ -97.766056000002834, 30.432411000002119 ], [ -97.765609000002755, 30.432407000002694 ], [ -97.754523000002678, 30.439282000002368 ], [ -97.721149000002242, 30.455835000002235 ], [ -97.694592000002203, 30.461501000002716 ], [ -97.695504000002842, 30.449813000002798 ], [ -97.697821000002506, 30.440213000002149 ], [ -97.671594000002287, 30.424418000002223 ], [ -97.671182000002361, 30.424312000002249 ], [ -97.638504000002442, 30.403749000002207 ], [ -97.644392000002497, 30.394747000002312 ], [ -97.648687000002596, 30.386914000002314 ], [ -97.62180900000196, 30.370615000002147 ], [ -97.623604000002643, 30.330906000002763 ], [ -97.621440000002579, 30.331146000002956 ], [ -97.621505000002202, 30.330865000002262 ], [ -97.618434000002281, 30.331581000002817 ], [ -97.619742000002375, 30.328866000002854 ], [ -97.599388000002847, 30.337247000002264 ], [ -97.599466000002863, 30.337467000002341 ], [ -97.606147000002366, 30.381326000002801 ], [ -97.576139000001916, 30.417006000002605 ], [ -97.54140500000284, 30.407476000002671 ], [ -97.522961000002439, 30.440888000002172 ], [ -97.521454000002635, 30.440716000002535 ], [ -97.466917000001914, 30.465190000002551 ], [ -97.43411300000254, 30.459719000002657 ], [ -97.3819530000019, 30.424061000002855 ], [ -97.369539000001836, 30.4195630000028 ], [ -97.334463000002486, 30.402843000002665 ], [ -97.251707000001858, 30.362848000002273 ], [ -97.158811000002686, 30.310695000002791 ], [ -97.136284000002718, 30.295667000002819 ], [ -97.081834000002203, 30.259357000002453 ], [ -97.073527000002045, 30.229530000002711 ], [ -97.063361000002615, 30.192943000002487 ], [ -97.048210000002555, 30.137947000002558 ], [ -97.024461000002518, 30.051435000002819 ], [ -97.086458000002338, 29.994298000002303 ], [ -97.107179000002517, 29.975232000002151 ], [ -97.194235000002678, 29.896776000002266 ], [ -97.31582300000224, 29.786541000002337 ], [ -97.420683000002285, 29.87476000000219 ], [ -97.425941000001913, 29.879217000002413 ], [ -97.50078600000252, 29.942069000002757 ], [ -97.5403800000026, 29.975835000002551 ], [ -97.548882000002806, 29.9827820000028 ], [ -97.630771000002056, 30.051980000002079 ], [ -97.649370000002165, 30.06794400000253 ], [ -97.708790000002594, 30.023451000002549 ], [ -97.751479000002647, 30.054354000002803 ], [ -97.7813690000024, 30.075670000002056 ], [ -97.782311000002082, 30.112743000002229 ], [ -97.7666450000022, 30.152449000002708 ], [ -97.769627000002359, 30.159347000002221 ], [ -97.764084000002285, 30.168239000002668 ], [ -97.770372000001998, 30.190462000002615 ], [ -97.770518000002113, 30.190537000002202 ], [ -97.765028000002758, 30.19752700000263 ], [ -97.781555000002243, 30.208364000002096 ], [ -97.781543000002742, 30.208387000002546 ] ] ] } },
{ "type": "Feature", "properties": { "opt_all": 38, "population": 767679.0, "voting_age_pop": 564224.0, "dem_votes": 109706.0, "rep_votes": 140848.0, "minority_pop": 339788.0, "dem_pct": 0.43785371599022416, "rep_pct": 0.56214628361066021 }, "geometry": { "type": "Polygon", "coordinates": [ [ [ -95.645313000002446, 29.879209000002888 ], [ -95.645236000002086, 29.882395000003012 ], [ -95.620728000002046, 29.895521000002969 ], [ -95.634108000002442, 29.902289000002433 ], [ -95.63072100000204, 29.907530000002762 ], [ -95.619799000002004, 29.914896000002958 ], [ -95.597859000002359, 29.925081000002521 ], [ -95.584796000002839, 29.932988000002791 ], [ -95.584868000001961, 29.952549000002925 ], [ -95.610935000001803, 29.949344000002903 ], [ -95.620496000001793, 29.964414000002485 ], [ -95.673013000002641, 29.962672000002449 ], [ -95.673324000002367, 29.965296000002876 ], [ -95.657048000002803, 29.984704000002463 ], [ -95.653785000002259, 29.98850500000249 ], [ -95.665230000002595, 29.99920100000265 ], [ -95.687716000002482, 29.963050000002927 ], [ -95.687881000002506, 29.962896000002171 ], [ -95.701089000002327, 29.971574000002171 ], [ -95.717002000001841, 29.978779000002493 ], [ -95.741116000002364, 29.987946000002289 ], [ -95.743027000002087, 30.020458000002908 ], [ -95.760641000002806, 29.995250000002272 ], [ -95.768067000001864, 29.998071000002614 ], [ -95.781955000002256, 30.003302000003028 ], [ -95.815195000002447, 30.015848000002549 ], [ -95.808336000001887, 29.950124000003036 ], [ -95.868966000002359, 29.908828000002813 ], [ -95.872965000002594, 29.919830000002506 ], [ -95.902338000001961, 30.002247000002537 ], [ -95.921173000002184, 30.055291000002654 ], [ -95.954124000001997, 30.144675000002653 ], [ -95.878592000001845, 30.120361000002411 ], [ -95.822019000002285, 30.08221300000293 ], [ -95.803330000002404, 30.090096000002305 ], [ -95.755185000001916, 30.092148000002339 ], [ -95.735094000002078, 30.093721000002738 ], [ -95.702114000002425, 30.09904100000233 ], [ -95.647469000001905, 30.118107000003022 ], [ -95.645694000002564, 30.119181000002801 ], [ -95.619629000002121, 30.135493000002217 ], [ -95.596757000002597, 30.134460000002811 ], [ -95.574630000002045, 30.15178300000272 ], [ -95.556799000002798, 30.165906000002597 ], [ -95.508843000002315, 30.147261000003041 ], [ -95.504695000002286, 30.145127000002223 ], [ -95.501594000002086, 30.144047000003042 ], [ -95.491344000002726, 30.110819000002852 ], [ -95.452123000002715, 30.107653000002525 ], [ -95.436642000002763, 30.110366000003001 ], [ -95.426062000002403, 30.115533000002621 ], [ -95.410637000002438, 30.097943000002608 ], [ -95.405443000002322, 30.092076000002699 ], [ -95.396951000001877, 30.084989000002217 ], [ -95.369855000002076, 30.078001000002395 ], [ -95.401311000002195, 30.060796000003073 ], [ -95.411362000002441, 30.074563000002833 ], [ -95.412386000002314, 30.075997000003056 ], [ -95.436126000001963, 30.074808000002655 ], [ -95.4521920000021, 30.070454000002311 ], [ -95.450114000002344, 30.061469000002479 ], [ -95.469804000002384, 30.050603000003026 ], [ -95.458799000002756, 30.035621000002411 ], [ -95.463546000002424, 30.032966000002883 ], [ -95.47637100000216, 30.02437100000224 ], [ -95.463791000002416, 30.007033000002203 ], [ -95.437267000002194, 29.981033000002505 ], [ -95.428321000002342, 29.973192000002289 ], [ -95.436569000002578, 29.965418000002455 ], [ -95.436436000001962, 29.959956000002411 ], [ -95.451391000002218, 29.937709000002226 ], [ -95.462757000002739, 29.941105000002437 ], [ -95.458328000002126, 29.935417000002992 ], [ -95.457632000002377, 29.93453200000291 ], [ -95.448788000002324, 29.923157000002341 ], [ -95.442160000002161, 29.914588000002713 ], [ -95.429312000001886, 29.898026000003 ], [ -95.429209000002487, 29.897919000002439 ], [ -95.421755000002477, 29.888306000002707 ], [ -95.431281000002642, 29.886263000002849 ], [ -95.431263000002005, 29.885577000002776 ], [ -95.450359000002365, 29.884375000002265 ], [ -95.461697000002658, 29.895513000002801 ], [ -95.467984000002161, 29.894302000002359 ], [ -95.47084900000236, 29.894085000002399 ], [ -95.478909000002275, 29.884812000002167 ], [ -95.467641000001805, 29.88329100000232 ], [ -95.467504000002165, 29.87418500000285 ], [ -95.487778000002365, 29.876721000002764 ], [ -95.486222000002357, 29.873888000002179 ], [ -95.481616000002219, 29.865763000002204 ], [ -95.486772000002404, 29.865752000002558 ], [ -95.524536000002684, 29.865554000002529 ], [ -95.524358000002678, 29.859433000002884 ], [ -95.53732000000204, 29.865272000002768 ], [ -95.552456000001953, 29.86755100000298 ], [ -95.555134000001942, 29.867345000002217 ], [ -95.574733000001842, 29.867191000002581 ], [ -95.570243000001781, 29.850298000002528 ], [ -95.569953000002542, 29.831804000002961 ], [ -95.605125000002033, 29.842441000002701 ], [ -95.621399000002398, 29.851418000002599 ], [ -95.633023000002567, 29.879316000003001 ], [ -95.645313000002446, 29.879209000002888 ] ] ] } }
]
}
