{
"type": "FeatureCollection",
"name": "texas_enacted_districts",
"crs": { "type": "name", "properties": { "name": "urn:ogc:def:crs:OGC:1.3:CRS84" } },
"features": [
{ "type": "Feature", "properties": { "enacted_district": 1, "population": 759505.0, "voting_age_pop": 579554.0, "dem_votes": 71265.0, "rep_votes": 200670.0, "minority_pop": 211184.0, "dem_pct": 0.26206630251270846, "rep_pct": 0.73793369711955659 }, "geometry": { "type": "Polygon", "coordinates": [ [ [ -95.459908000002201, 32.135559000002324 ], [ -95.472914000002802, 32.145077000002267 ], [ -95.471230000002194, 32.170462000002537 ], [ -95.470140000001834, 32.173969000002273 ], [ -95.463249000002705, 32.194409000002182 ], [ -95.488000000001762, 32.235484000002884 ], [ -95.469949000001904, 32.257525000002516 ], [ -95.456642000002674, 32.274911000002497 ], [ -95.449165000002566, 32.355233000002983 ], [ -95.456470000002682, 32.368192000002487 ], [ -95.59430000000188, 32.479858000002586 ], [ -95.594325000002286, 32.496568000002299 ], [ -95.594330000002785, 32.499629000002507 ], [ -95.59422200000202, 32.525044000002893 ], [ -95.594524000001925, 32.669750000002786 ], [ -95.594541000002536, 32.687026000002142 ], [ -95.501869000002273, 32.620330000002902 ], [ -95.48579600000204, 32.612935000002444 ], [ -95.413061000002287, 32.607111000002639 ], [ -95.345950000002318, 32.609291000002649 ], [ -95.278288000001922, 32.571786000002987 ], [ -95.189129000002779, 32.546596000002616 ], [ -95.153410000001998, 32.570115000002268 ], [ -95.15274000000268, 32.660949000002155 ], [ -95.072823000001861, 32.690868000002453 ], [ -95.050005000002599, 32.711092000002502 ], [ -95.062186000002526, 32.746222000003009 ], [ -95.049844000001755, 32.797607000002422 ], [ -95.029003000002405, 32.796990000002324 ], [ -95.045635000001724, 32.811180000002814 ], [ -95.02764400000234, 32.902710000002124 ], [ -95.042343000002361, 32.902661000002439 ], [ -95.152110000002722, 32.90264100000303 ], [ -95.152190000002236, 32.975150000002493 ], [ -95.152206000002039, 33.013450000002209 ], [ -95.173690000001756, 32.961914000002665 ], [ -95.231193000002634, 32.962196000002315 ], [ -95.276347000002474, 32.962398000003027 ], [ -95.308957000002565, 32.962572000002829 ], [ -95.308455000002141, 33.024549000002708 ], [ -95.30820400000232, 33.066644000002775 ], [ -95.307984000002378, 33.166321000002483 ], [ -95.307884000002801, 33.255938000002722 ], [ -95.30784300000272, 33.273038000002408 ], [ -95.30859300000256, 33.377190000002201 ], [ -95.306640000002247, 33.378027000002774 ], [ -95.308637000002193, 33.380662000002957 ], [ -95.309138000002704, 33.469406000002451 ], [ -95.310271000002317, 33.520826000002998 ], [ -95.310274000002437, 33.579345000002249 ], [ -95.310385000002483, 33.637098000002453 ], [ -95.200164000002459, 33.627290000002361 ], [ -95.136760000002283, 33.619060000002769 ], [ -95.133417000002623, 33.619333000002825 ], [ -95.071086000002282, 33.611689000002173 ], [ -95.115563000001984, 33.585364000002706 ], [ -95.118386000002801, 33.538126000002379 ], [ -95.053703000001875, 33.537045000002294 ], [ -95.036899000002123, 33.612739000002428 ], [ -94.9598350000024, 33.594676000002927 ], [ -94.959707000001757, 33.595193000002595 ], [ -94.900291000001999, 33.57760400000258 ], [ -94.87115000000226, 33.571925000002501 ], [ -94.827232000001899, 33.559961000002282 ], [ -94.801136000002515, 33.548257000002799 ], [ -94.746310000002097, 33.554315000002539 ], [ -94.639626000001954, 33.539211000002211 ], [ -94.636880000002506, 33.516892000002386 ], [ -94.576965000002602, 33.503662000002457 ], [ -94.550366000001844, 33.496433000002995 ], [ -94.484798000002314, 33.477261000002478 ], [ -94.470329000001996, 33.472487000002666 ], [ -94.408121000001998, 33.45953300000248 ], [ -94.389800000002637, 33.407873000002709 ], [ -94.325373000002159, 33.399302000003033 ], [ -94.286151000001794, 33.377234000002787 ], [ -94.239176000002558, 33.393731000002298 ], [ -94.176754000001765, 33.438015000002686 ], [ -94.203438000002322, 33.45930400000293 ], [ -94.141590000002424, 33.455460000002425 ], [ -94.140336000002776, 33.481765000002284 ], [ -94.16784000000176, 33.499097000002919 ], [ -94.215943000002582, 33.497304000002984 ], [ -94.212447000002399, 33.563731000002356 ], [ -94.184411000002356, 33.594386000002316 ], [ -94.143374000001927, 33.565593000002515 ], [ -94.080668000002163, 33.575072000002336 ], [ -94.043313000002257, 33.551584000002201 ], [ -94.043290000002486, 33.494053000002701 ], [ -94.043113000001966, 33.470373000002574 ], [ -94.043117000002638, 33.467058000003 ], [ -94.043109000002545, 33.44156300000234 ], [ -94.043132000002501, 33.399640000002833 ], [ -94.042970000002384, 33.271241000002817 ], [ -94.043020000002286, 33.199835000002537 ], [ -94.04301500000274, 33.143594000002757 ], [ -94.043065000002343, 33.079410000002838 ], [ -94.042988000001699, 33.007908000002978 ], [ -94.043089000002325, 32.965783000002411 ], [ -94.043078000001955, 32.881089000002689 ], [ -94.043147000002662, 32.693030000002572 ], [ -94.042888000002804, 32.604474000002497 ], [ -94.042901000001905, 32.392283000002429 ], [ -94.042759000002263, 32.281267000002536 ], [ -94.042567000002322, 32.185042000002213 ], [ -94.042352000002538, 32.120105000002845 ], [ -94.041422000001759, 31.997431000003029 ], [ -94.015630000001863, 31.979856000002847 ], [ -93.970826000002219, 31.91996800000241 ], [ -93.922109000002081, 31.905324000002711 ], [ -93.881678000002324, 31.868581000002361 ], [ -93.878970000001914, 31.844767000002957 ], [ -93.87483600000256, 31.822314000002216 ], [ -93.822598000002515, 31.77355900000288 ], [ -93.814955000002783, 31.728737000002553 ], [ -93.794548000002393, 31.702076000002727 ], [ -93.825661000002199, 31.661022000002479 ], [ -93.816369000002737, 31.639258000002712 ], [ -93.834918000002077, 31.586212000002934 ], [ -93.785028000002356, 31.525962000002465 ], [ -93.742586000002561, 31.526229000003013 ], [ -93.719708000001873, 31.505840000002692 ], [ -93.749476000002602, 31.468690000003093 ], [ -93.708203000002641, 31.44155700000249 ], [ -93.704726000002125, 31.41810400000255 ], [ -93.674117000002283, 31.397681000002336 ], [ -93.667054000002594, 31.294382000002511 ], [ -93.613942000002481, 31.259375000002901 ], [ -93.618255000002435, 31.233105000002801 ], [ -93.60030800000176, 31.176158000003038 ], [ -93.680696000001802, 31.171517000002918 ], [ -93.734247000002696, 31.168281000003031 ], [ -93.802108000002207, 31.164424000002565 ], [ -93.911126000002142, 31.158071000002767 ], [ -93.938514000002201, 31.152990000002571 ], [ -94.022437000002355, 31.137298000002612 ], [ -94.039034000002033, 31.134271000002503 ], [ -94.050905000001919, 31.11460900000246 ], [ -94.129632000002275, 31.099280000002832 ], [ -94.189586000002393, 31.134014000002431 ], [ -94.218997000002062, 31.173265000002555 ], [ -94.301503000002697, 31.211828000002512 ], [ -94.326616000002062, 31.224754000002999 ], [ -94.339109000002367, 31.264442000002393 ], [ -94.315324000002278, 31.305900000002577 ], [ -94.327501000002442, 31.382733000002577 ], [ -94.314650000002359, 31.408738000002707 ], [ -94.318334000002764, 31.47636000000244 ], [ -94.302364000001859, 31.512017000002821 ], [ -94.311100000002, 31.588482000002799 ], [ -94.328823000002444, 31.593835000002468 ], [ -94.3942560000025, 31.638872000002294 ], [ -94.399091000002599, 31.653596000003105 ], [ -94.414784000002697, 31.729689000002253 ], [ -94.426213000002264, 31.76846600000286 ], [ -94.425157000002656, 31.801458000002494 ], [ -94.452513000002, 31.844113000002164 ], [ -94.581301000001886, 31.843980000002961 ], [ -94.610240000002094, 31.843913000002384 ], [ -94.724764000002182, 31.843828000002802 ], [ -94.777094000002279, 31.843969000002375 ], [ -94.824774000002705, 31.844156000002549 ], [ -94.937532000002761, 31.845555000002314 ], [ -94.984768000002205, 31.846144000002905 ], [ -94.985383000002159, 31.931891000002175 ], [ -94.985461000001763, 32.004556000002943 ], [ -94.985704000002741, 32.056726000002506 ], [ -94.985272000002141, 32.137989000002293 ], [ -95.103557000001743, 32.137461000002837 ], [ -95.171983000001958, 32.136939000002563 ], [ -95.206342000002564, 32.136735000002382 ], [ -95.22800700000208, 32.136405000002391 ], [ -95.309292000002117, 32.135828000002618 ], [ -95.405783000002756, 32.135399000002721 ], [ -95.459908000002201, 32.135559000002324 ] ], [ [ -94.723048000002606, 32.904429000002573 ], [ -94.860946000002599, 32.902838000002667 ], [ -94.952717000002579, 32.902693000002571 ], [ -94.952687000002015, 32.813960000002211 ], [ -94.946231000002555, 32.776381000002857 ], [ -94.939679000001917, 32.755403000002573 ], [ -94.939538000001846, 32.754275000002202 ], [ -94.938466000002336, 32.728724000002302 ], [ -94.909134000002396, 32.721674000002523 ], [ -94.857213000002204, 32.743907000002615 ], [ -94.825059000002739, 32.735788000002763 ], [ -94.835884000002778, 32.714239000002785 ], [ -94.808869000002119, 32.68375200000245 ], [ -94.776147000001799, 32.691035000002479 ], [ -94.74562900000258, 32.667507000002701 ], [ -94.701790000002276, 32.652209000002216 ], [ -94.702069000002396, 32.692392000002855 ], [ -94.702150000001822, 32.757716000002375 ], [ -94.702140000002302, 32.793088000002463 ], [ -94.680282000002563, 32.83099000000297 ], [ -94.705878000002485, 32.87917700000304 ], [ -94.719942000002717, 32.904502000002225 ], [ -94.723048000002606, 32.904429000002573 ] ] ] } },
{ "type": "Feature", "properties": { "enacted_district": 2, "population": 769098.0, "voting_age_pop": 559453.0, "dem_votes": 92879.0, "rep_votes": 164682.0, "minority_pop": 261562.0, "dem_pct": 0.36060971949922166, "rep_pct": 0.63939028011252075 }, "geometry": { "type": "Polygon", "coordinates": [ [ [ -95.512028000002161, 30.00669500000285 ], [ -95.52364300000184, 30.020927000002537 ], [ -95.526232000002395, 30.023109000002361 ], [ -95.520923000002284, 30.026942000002439 ], [ -95.507153000002106, 30.03016400000266 ], [ -95.498335000002314, 30.047357000002215 ], [ -95.492773000002643, 30.050459000002583 ], [ -95.488562000002617, 30.040386000002176 ], [ -95.476185000002204, 30.047224000002949 ], [ -95.476493000002435, 30.070602000002417 ], [ -95.496824000002761, 30.074050000002515 ], [ -95.496708000002798, 30.083466000002947 ], [ -95.504117000001898, 30.094313000002472 ], [ -95.506794000002643, 30.101321000002596 ], [ -95.506738000001903, 30.114431000002753 ], [ -95.505938000002317, 30.127145000002777 ], [ -95.504850000002335, 30.140197000002999 ], [ -95.527043000002763, 30.136900000002605 ], [ -95.553448000002604, 30.136600000002822 ], [ -95.574222000002607, 30.129922000002654 ], [ -95.574635000001834, 30.131208000002527 ], [ -95.574630000002045, 30.15178300000272 ], [ -95.596757000002597, 30.134460000002811 ], [ -95.600887000002601, 30.17441800000239 ], [ -95.590182000002784, 30.192798000002195 ], [ -95.578404000002223, 30.205901000002516 ], [ -95.569689000002754, 30.211373000002169 ], [ -95.568191000002287, 30.220913000002792 ], [ -95.541551000002443, 30.224456000002299 ], [ -95.521208000002318, 30.227827000002847 ], [ -95.511490000002183, 30.229653000002493 ], [ -95.469393000002682, 30.247280000002981 ], [ -95.457585000002595, 30.244957000002778 ], [ -95.429385000002185, 30.231870000002484 ], [ -95.429553000002073, 30.265320000002475 ], [ -95.483123000002237, 30.284642000002439 ], [ -95.481434000002807, 30.288768000002552 ], [ -95.464369000002719, 30.293072000002908 ], [ -95.455920000002806, 30.289756000002878 ], [ -95.429922000002563, 30.296004000002359 ], [ -95.416716000001799, 30.274987000002518 ], [ -95.398844000002114, 30.317608000002817 ], [ -95.387862000001917, 30.319794000002585 ], [ -95.363653000002046, 30.313492000002341 ], [ -95.312215000002723, 30.257105000002728 ], [ -95.30156500000254, 30.259996000002936 ], [ -95.319495000002462, 30.332418000002399 ], [ -95.311256000002203, 30.331876000002243 ], [ -95.226571000002195, 30.327145000003014 ], [ -95.22558100000208, 30.319534000002456 ], [ -95.165897000002715, 30.344976000002571 ], [ -95.15749300000256, 30.323473000003037 ], [ -95.137165000002113, 30.271268000002888 ], [ -95.13207400000276, 30.257776000002607 ], [ -95.105597000002518, 30.190642000002271 ], [ -95.096708000002394, 30.167214000003018 ], [ -95.072603000002516, 30.103054000002498 ], [ -95.056844000002357, 30.060980000002782 ], [ -95.048308000002564, 30.038206000002308 ], [ -95.026772000002566, 29.996739000002339 ], [ -94.985911000002361, 29.973012000003017 ], [ -95.03178700000278, 29.937789000003026 ], [ -95.061640000002143, 29.888726000002823 ], [ -95.035215000002736, 29.863460000002487 ], [ -95.002802000002319, 29.842386000002936 ], [ -94.997587000002483, 29.802279000002336 ], [ -95.004759000002153, 29.801149000002962 ], [ -95.020492000002122, 29.799981000002361 ], [ -95.045266000002641, 29.792634000002373 ], [ -95.060823000002486, 29.79251200000251 ], [ -95.079681000002338, 29.792419000002575 ], [ -95.124510000002203, 29.778196000002794 ], [ -95.123980000002319, 29.757269000002484 ], [ -95.143343000002005, 29.771165000002753 ], [ -95.148812000002337, 29.771675000002457 ], [ -95.149336000001881, 29.772155000002961 ], [ -95.156695000002401, 29.774966000002671 ], [ -95.158975000001917, 29.790617000002584 ], [ -95.140641000002816, 29.793195000002974 ], [ -95.142304000002355, 29.805678000002811 ], [ -95.14278700000196, 29.815447000002901 ], [ -95.127159000002521, 29.820509000003007 ], [ -95.127567000002017, 29.835835000002199 ], [ -95.167351000002, 29.836853000002705 ], [ -95.185166000002624, 29.843709000002459 ], [ -95.197191000002562, 29.883205000002963 ], [ -95.199382000002046, 29.924565000002644 ], [ -95.205959000001798, 29.932322000002223 ], [ -95.204101000002495, 29.934152000003035 ], [ -95.195996000002097, 29.941986000003041 ], [ -95.214443000002106, 29.956090000002181 ], [ -95.205424000002154, 29.963292000002617 ], [ -95.212337000001995, 29.97795300000239 ], [ -95.212386000001914, 29.981848000002177 ], [ -95.212424000002798, 29.999291000002597 ], [ -95.212424000002684, 29.999448000003049 ], [ -95.230623000002197, 29.999376000002773 ], [ -95.236434000002561, 29.999322000002856 ], [ -95.237020000002545, 29.999314000002755 ], [ -95.240216000002647, 29.999275000002378 ], [ -95.242106000002124, 29.999250000002743 ], [ -95.269825000002641, 29.999673000002929 ], [ -95.267835000001995, 30.005005000002978 ], [ -95.268243000002585, 30.005018000002277 ], [ -95.284215000002604, 30.00503600000259 ], [ -95.295187000001903, 30.005004000002437 ], [ -95.296989000002441, 30.004938000002685 ], [ -95.294703000002741, 30.016329000002457 ], [ -95.306760000002399, 30.016300000002236 ], [ -95.318594000001838, 30.023413000002524 ], [ -95.318175000002398, 30.034461000002668 ], [ -95.367446000002161, 30.03373600000225 ], [ -95.382415000001799, 30.0403620000024 ], [ -95.405431000002096, 30.0311160000028 ], [ -95.429367000002273, 30.035643000002416 ], [ -95.442838000002524, 30.036306000002487 ], [ -95.458799000002756, 30.035621000002411 ], [ -95.463546000002424, 30.032966000002883 ], [ -95.47637100000216, 30.02437100000224 ], [ -95.463791000002416, 30.007033000002203 ], [ -95.484941000002635, 29.995239000002208 ], [ -95.486488000002353, 29.994429000002913 ], [ -95.498342000002594, 29.987865000002731 ], [ -95.512028000002161, 30.00669500000285 ] ] ] } },
{ "type": "Feature", "properties": { "enacted_district": 3, "population": 767256.0, "voting_age_pop": 559646.0, "dem_votes": 113643.0, "rep_votes": 173245.0, "minority_pop": 227186.0, "dem_pct": 0.3961232256503851, "rep_pct": 0.60387677400104678 }, "geometry": { "type": "Polygon", "coordinates": [ [ [ -96.829581000002676, 33.045136000002302 ], [ -96.824566000002562, 33.065598000002801 ], [ -96.795372000002445, 33.056632000002345 ], [ -96.794474000002566, 33.050396000002969 ], [ -96.770328000002124, 33.051772000002103 ], [ -96.770399000002556, 33.060586000002161 ], [ -96.772039000001996, 33.071726000002791 ], [ -96.77170700000184, 33.079800000002102 ], [ -96.771628000002096, 33.085949000002238 ], [ -96.7715070000027, 33.099102000002503 ], [ -96.759557000001962, 33.10098800000209 ], [ -96.750313000002521, 33.100985000002701 ], [ -96.733528000002238, 33.100983000002877 ], [ -96.732899000002803, 33.125301000002707 ], [ -96.751759000002764, 33.118896000002749 ], [ -96.768020000002366, 33.112402000002675 ], [ -96.768228000002154, 33.112319000002813 ], [ -96.805389000001824, 33.097255000002491 ], [ -96.80543300000258, 33.121173000002365 ], [ -96.804401000002159, 33.139065000002432 ], [ -96.803374000002094, 33.15288100000231 ], [ -96.784911000002126, 33.152821000002184 ], [ -96.784430000002075, 33.152811000002046 ], [ -96.76767900000236, 33.152581000002634 ], [ -96.733242000002406, 33.152235000002229 ], [ -96.733149000001944, 33.159525000002851 ], [ -96.732904000001938, 33.174154000002382 ], [ -96.732902000002682, 33.174361000002847 ], [ -96.732791000002564, 33.181616000002364 ], [ -96.73294800000204, 33.188955000002196 ], [ -96.732936000002695, 33.20358700000223 ], [ -96.732823000002682, 33.218570000002593 ], [ -96.750293000002273, 33.218631000002503 ], [ -96.767615000002323, 33.218746000002383 ], [ -96.784868000002078, 33.218854000002381 ], [ -96.801900000001766, 33.218918000002233 ], [ -96.80180600000206, 33.219050000002049 ], [ -96.800329000002122, 33.262715000002459 ], [ -96.792317000002527, 33.293715000002145 ], [ -96.670832000002719, 33.293447000002544 ], [ -96.713471000002841, 33.364159000002601 ], [ -96.727251000002482, 33.402918000002273 ], [ -96.639366000001857, 33.400953000002922 ], [ -96.56478200000258, 33.399927000002414 ], [ -96.520711000002279, 33.39933900000257 ], [ -96.4896380000026, 33.398912000002824 ], [ -96.429626000002784, 33.398426000002232 ], [ -96.384602000002005, 33.397826000002262 ], [ -96.384495000001721, 33.34111900000245 ], [ -96.331915000002354, 33.347406000002962 ], [ -96.295413000002242, 33.351936000002212 ], [ -96.157309000002485, 33.370233000002251 ], [ -96.082432000002086, 33.380199000002563 ], [ -96.068764000002673, 33.382019000002927 ], [ -96.035598000002238, 33.386439000002483 ], [ -96.01208000000176, 33.389552000002865 ], [ -95.858723000002243, 33.409530000002889 ], [ -95.858984000002039, 33.380443000002295 ], [ -95.860665000002527, 33.294289000002543 ], [ -95.861778000002417, 33.219330000002628 ], [ -95.862204000002293, 33.18409400000251 ], [ -95.862719000002485, 33.13469600000284 ], [ -95.862773000002562, 33.129663000002367 ], [ -95.862931000002462, 33.084964000002508 ], [ -95.863147000002513, 33.056261000002962 ], [ -95.862521000002758, 32.979571000002267 ], [ -95.945300000002078, 32.979877000002581 ], [ -95.970436000001982, 32.907908000002799 ], [ -95.998293000002406, 32.92602100000245 ], [ -96.082813000002602, 32.924039000002551 ], [ -96.114611000002, 32.937178000002966 ], [ -96.128123000002034, 32.899305000002656 ], [ -96.167668000001953, 32.840124000002227 ], [ -96.20322000000192, 32.840677000002827 ], [ -96.214793000002118, 32.882983000002241 ], [ -96.29726800000202, 32.909883000002857 ], [ -96.297240000002063, 32.971293000002284 ], [ -96.297203000002526, 32.980773000002344 ], [ -96.297227000002579, 32.981752000002714 ], [ -96.365700000002633, 32.982067000002182 ], [ -96.370728000001961, 32.982084000002395 ], [ -96.421111000002085, 32.982000000002202 ], [ -96.466739000001766, 32.982467000002487 ], [ -96.479054000002705, 32.982576000002368 ], [ -96.503166000001997, 32.982794000002102 ], [ -96.508495000002057, 32.982843000002177 ], [ -96.517011000002782, 32.982862000002861 ], [ -96.521991000002643, 32.982946000002698 ], [ -96.549829000002077, 32.983368000002329 ], [ -96.558786000002314, 32.983501000002931 ], [ -96.575049000002778, 32.983744000002801 ], [ -96.583452000002197, 32.983859000002212 ], [ -96.583796000002479, 32.983867000002057 ], [ -96.613367000001958, 32.984309000002476 ], [ -96.613362000002766, 32.987513000002849 ], [ -96.614707000002682, 33.004934000002251 ], [ -96.624625000002055, 33.011513000002168 ], [ -96.6308260000026, 33.0109000000026 ], [ -96.662149000002501, 33.031473000002208 ], [ -96.665003000002784, 33.030870000002892 ], [ -96.667784000001845, 33.030892000002439 ], [ -96.682022000002803, 33.031170000002504 ], [ -96.68251900000206, 33.043670000002955 ], [ -96.664639000001799, 33.043234000002073 ], [ -96.653961000002326, 33.050814000002781 ], [ -96.654970000002322, 33.07286100000232 ], [ -96.655702000002677, 33.074576000002075 ], [ -96.672859000002205, 33.072662000002659 ], [ -96.680619000001798, 33.075134000002436 ], [ -96.686229000002101, 33.075364000002502 ], [ -96.709113000002404, 33.089422000002507 ], [ -96.711704000002285, 33.084477000002046 ], [ -96.710369000001961, 33.075948000002882 ], [ -96.736675000002094, 33.080067000002231 ], [ -96.736756000002245, 33.071587000002076 ], [ -96.736673000002682, 33.066021000002848 ], [ -96.733118000002136, 33.058910000002633 ], [ -96.73336100000256, 33.05891000000242 ], [ -96.733438000002707, 33.048865000002394 ], [ -96.733490000001794, 33.041063000002382 ], [ -96.733688000002715, 33.026581000002921 ], [ -96.744990000002119, 33.026659000002454 ], [ -96.753408000002636, 33.026652000002088 ], [ -96.753554000002623, 33.026663000002863 ], [ -96.752722000001938, 33.019394000002052 ], [ -96.76695700000252, 33.019088000002441 ], [ -96.7699880000024, 33.026853000002689 ], [ -96.776939000002798, 33.026928000002499 ], [ -96.795378000002543, 33.016894000002722 ], [ -96.795057000002714, 33.027346000002922 ], [ -96.812645000002405, 33.027983000002941 ], [ -96.828847000002185, 33.028072000002417 ], [ -96.829251000002245, 33.045146000002234 ], [ -96.829581000002676, 33.045136000002302 ] ] ] } },
{ "type": "Feature", "properties": { "enacted_district": 4, "population": 771265.0, "voting_age_pop": 580788.0, "dem_votes": 97159.0, "rep_votes": 183086.0, "minority_pop": 214880.0, "dem_pct": 0.3466930720096012, "rep_pct": 0.65330692763356812 }, "geometry": { "type": "MultiPolygon", "coordinates": [ [ [ [ -96.843776000001782, 33.011336000002736 ], [ -96.843585000002363, 33.01664700000233 ], [ -96.843266000002359, 33.025914000002352 ], [ -96.842813000001797, 33.04542500000246 ], [ -96.841867000002793, 33.085576000002099 ], [ -96.841849000001886, 33.086456000002464 ], [ -96.841391000001806, 33.114991000002412 ], [ -96.841411000002424, 33.116221000002426 ], [ -96.840798000002479, 33.141920000002131 ], [ -96.840425000001915, 33.152701000002622 ], [ -96.86412500000246, 33.153129000002465 ], [ -96.869370000002306, 33.133080000002217 ], [ -96.890862000001761, 33.144540000002834 ], [ -96.890641000002176, 33.133725000002933 ], [ -96.905069000002484, 33.128270000002438 ], [ -96.922814000001964, 33.133552000002751 ], [ -96.922766000002497, 33.141117000002943 ], [ -96.911849000002718, 33.15463400000295 ], [ -96.899554000001842, 33.154600000002539 ], [ -96.899497000002683, 33.151626000002061 ], [ -96.890758000002435, 33.153788000002869 ], [ -96.882112000002564, 33.167489000002689 ], [ -96.88195100000236, 33.178184000002886 ], [ -96.887341000001882, 33.178399000002798 ], [ -96.886381000002203, 33.191724000002793 ], [ -96.886077000002501, 33.192265000002195 ], [ -96.880439000001957, 33.20390200000292 ], [ -96.887158000001847, 33.219285000002301 ], [ -96.838803000002201, 33.21938600000238 ], [ -96.837993000002484, 33.25607300000248 ], [ -96.837795000002458, 33.26283500000234 ], [ -96.836604000002566, 33.307312000002689 ], [ -96.83529500000212, 33.356805000002389 ], [ -96.835143000002475, 33.367957000002427 ], [ -96.8341100000018, 33.405498000002531 ], [ -96.834776000002165, 33.405489000002405 ], [ -96.943860000002402, 33.416410000002706 ], [ -96.943444000002444, 33.486678000002719 ], [ -96.94336700000224, 33.555027000002667 ], [ -96.943354000002003, 33.584618000002536 ], [ -96.94334600000272, 33.606011000002702 ], [ -96.943567000001806, 33.654266000002742 ], [ -96.943791000002605, 33.685620000002785 ], [ -96.944611000002794, 33.949217000002129 ], [ -96.905253000002503, 33.947219000002669 ], [ -96.895728000002677, 33.896414000002729 ], [ -96.866438000001807, 33.85314900000261 ], [ -96.832157000002439, 33.874835000002548 ], [ -96.786841000002127, 33.865243000002486 ], [ -96.769377000002393, 33.827478000002316 ], [ -96.733434000001793, 33.828116000002915 ], [ -96.684727000002297, 33.862905000002094 ], [ -96.673449000001753, 33.912278000002637 ], [ -96.588887000002316, 33.895038000002323 ], [ -96.623147000002177, 33.841496000002174 ], [ -96.5465490000025, 33.820059000002928 ], [ -96.53321100000224, 33.822830000002057 ], [ -96.515882000001923, 33.796425000002422 ], [ -96.516532000002016, 33.78843800000287 ], [ -96.500984000002362, 33.772801000002673 ], [ -96.430216000002559, 33.778654000002952 ], [ -96.379452000002686, 33.725764000002215 ], [ -96.336058000002183, 33.690755000002383 ], [ -96.318759000002601, 33.696753000002929 ], [ -96.290359000002383, 33.770831000002637 ], [ -96.230352000002185, 33.748524000002831 ], [ -96.196388000002486, 33.753264000002254 ], [ -96.165199000002602, 33.780130000002828 ], [ -96.149227000002355, 33.837091000002516 ], [ -96.08462600000216, 33.846656000002184 ], [ -96.049408000001876, 33.836727000002696 ], [ -95.973833000002514, 33.85552500000226 ], [ -95.924780000002343, 33.884843000002839 ], [ -95.846536000002601, 33.8398550000027 ], [ -95.799880000002005, 33.861271000002432 ], [ -95.756154000002155, 33.851126000002765 ], [ -95.756612000002775, 33.892028000002313 ], [ -95.688876000002764, 33.88848600000243 ], [ -95.665478000002153, 33.909004000002739 ], [ -95.627318000002276, 33.907806000002786 ], [ -95.5975220000023, 33.94234200000249 ], [ -95.552799000002722, 33.924311000002326 ], [ -95.551216000002597, 33.889713000002565 ], [ -95.502479000002324, 33.875199000002695 ], [ -95.459728000002343, 33.886652000002705 ], [ -95.442746000002501, 33.86650600000263 ], [ -95.363209000001802, 33.866812000002078 ], [ -95.310497000002741, 33.877204000002152 ], [ -95.216683000002647, 33.962652000002613 ], [ -95.175065000001737, 33.947527000002623 ], [ -95.131642000002216, 33.916027000002757 ], [ -95.031434000002278, 33.859952000002927 ], [ -94.998019000002756, 33.860504000002692 ], [ -94.964401000002354, 33.837021000002501 ], [ -94.913838000002244, 33.781003000002976 ], [ -94.868820000001719, 33.745881000002981 ], [ -94.785091000002737, 33.732430000002324 ], [ -94.746096000002154, 33.703016000002329 ], [ -94.639198000002722, 33.663737000002719 ], [ -94.612830000002418, 33.674001000002661 ], [ -94.536282000002643, 33.638778000003065 ], [ -94.527376000002761, 33.61583300000234 ], [ -94.464425000002635, 33.637472000002418 ], [ -94.457831000002145, 33.599628000002149 ], [ -94.428034000002683, 33.590038000003076 ], [ -94.38678600000236, 33.545123000002668 ], [ -94.352774000002, 33.560893000002586 ], [ -94.274241000001993, 33.558759000002937 ], [ -94.257546000002279, 33.582642000002359 ], [ -94.212447000002399, 33.563731000002356 ], [ -94.215943000002582, 33.497304000002984 ], [ -94.16784000000176, 33.499097000002919 ], [ -94.140336000002776, 33.481765000002284 ], [ -94.141590000002424, 33.455460000002425 ], [ -94.203438000002322, 33.45930400000293 ], [ -94.176754000001765, 33.438015000002686 ], [ -94.239176000002558, 33.393731000002298 ], [ -94.286151000001794, 33.377234000002787 ], [ -94.325373000002159, 33.399302000003033 ], [ -94.389800000002637, 33.407873000002709 ], [ -94.408121000001998, 33.45953300000248 ], [ -94.470329000001996, 33.472487000002666 ], [ -94.484798000002314, 33.477261000002478 ], [ -94.550366000001844, 33.496433000002995 ], [ -94.576965000002602, 33.503662000002457 ], [ -94.636880000002506, 33.516892000002386 ], [ -94.639626000001954, 33.539211000002211 ], [ -94.746310000002097, 33.554315000002539 ], [ -94.801136000002515, 33.548257000002799 ], [ -94.827232000001899, 33.559961000002282 ], [ -94.87115000000226, 33.571925000002501 ], [ -94.900291000001999, 33.57760400000258 ], [ -94.959707000001757, 33.595193000002595 ], [ -94.9598350000024, 33.594676000002927 ], [ -95.036899000002123, 33.612739000002428 ], [ -95.053703000001875, 33.537045000002294 ], [ -95.118386000002801, 33.538126000002379 ], [ -95.115563000001984, 33.585364000002706 ], [ -95.071086000002282, 33.611689000002173 ], [ -95.133417000002623, 33.619333000002825 ], [ -95.136760000002283, 33.619060000002769 ], [ -95.200164000002459, 33.627290000002361 ], [ -95.310385000002483, 33.637098000002453 ], [ -95.310274000002437, 33.579345000002249 ], [ -95.310271000002317, 33.520826000002998 ], [ -95.309138000002704, 33.469406000002451 ], [ -95.308637000002193, 33.380662000002957 ], [ -95.306640000002247, 33.378027000002774 ], [ -95.30859300000256, 33.377190000002201 ], [ -95.30784300000272, 33.273038000002408 ], [ -95.307884000002801, 33.255938000002722 ], [ -95.307984000002378, 33.166321000002483 ], [ -95.30820400000232, 33.066644000002775 ], [ -95.308455000002141, 33.024549000002708 ], [ -95.308957000002565, 32.962572000002829 ], [ -95.43513600000216, 32.961922000002112 ], [ -95.509755000002244, 32.961446000002681 ], [ -95.535394000001801, 32.96128600000219 ], [ -95.665389000002406, 32.960434000002856 ], [ -95.658262000002779, 32.904221000002948 ], [ -95.655476000002082, 32.882564000002162 ], [ -95.638352000002286, 32.745614000002583 ], [ -95.635017000002563, 32.720380000002962 ], [ -95.659803000002398, 32.711402000002245 ], [ -95.723356000002639, 32.748144000002227 ], [ -95.733738000001878, 32.74641900000271 ], [ -95.799059000002558, 32.773815000002628 ], [ -95.84707500000178, 32.769589000002881 ], [ -95.911867000002303, 32.811363000002835 ], [ -95.915766000002122, 32.810988000002098 ], [ -95.934433000002244, 32.837217000002681 ], [ -96.076801000002433, 32.838489000002838 ], [ -96.107373000002639, 32.839047000002139 ], [ -96.167668000001953, 32.840124000002227 ], [ -96.128123000002034, 32.899305000002656 ], [ -96.114611000002, 32.937178000002966 ], [ -96.082813000002602, 32.924039000002551 ], [ -95.998293000002406, 32.92602100000245 ], [ -95.970436000001982, 32.907908000002799 ], [ -95.945300000002078, 32.979877000002581 ], [ -95.862521000002758, 32.979571000002267 ], [ -95.863147000002513, 33.056261000002962 ], [ -95.862931000002462, 33.084964000002508 ], [ -95.862773000002562, 33.129663000002367 ], [ -95.862719000002485, 33.13469600000284 ], [ -95.862204000002293, 33.18409400000251 ], [ -95.861778000002417, 33.219330000002628 ], [ -95.860665000002527, 33.294289000002543 ], [ -95.858984000002039, 33.380443000002295 ], [ -95.858723000002243, 33.409530000002889 ], [ -96.01208000000176, 33.389552000002865 ], [ -96.035598000002238, 33.386439000002483 ], [ -96.068764000002673, 33.382019000002927 ], [ -96.082432000002086, 33.380199000002563 ], [ -96.157309000002485, 33.370233000002251 ], [ -96.295413000002242, 33.351936000002212 ], [ -96.331915000002354, 33.347406000002962 ], [ -96.384495000001721, 33.34111900000245 ], [ -96.384602000002005, 33.397826000002262 ], [ -96.429626000002784, 33.398426000002232 ], [ -96.4896380000026, 33.398912000002824 ], [ -96.520711000002279, 33.39933900000257 ], [ -96.56478200000258, 33.399927000002414 ], [ -96.639366000001857, 33.400953000002922 ], [ -96.727251000002482, 33.402918000002273 ], [ -96.713471000002841, 33.364159000002601 ], [ -96.670832000002719, 33.293447000002544 ], [ -96.792317000002527, 33.293715000002145 ], [ -96.800329000002122, 33.262715000002459 ], [ -96.80180600000206, 33.219050000002049 ], [ -96.801900000001766, 33.218918000002233 ], [ -96.784868000002078, 33.218854000002381 ], [ -96.767615000002323, 33.218746000002383 ], [ -96.750293000002273, 33.218631000002503 ], [ -96.732823000002682, 33.218570000002593 ], [ -96.732936000002695, 33.20358700000223 ], [ -96.73294800000204, 33.188955000002196 ], [ -96.732791000002564, 33.181616000002364 ], [ -96.732902000002682, 33.174361000002847 ], [ -96.732904000001938, 33.174154000002382 ], [ -96.733149000001944, 33.159525000002851 ], [ -96.733242000002406, 33.152235000002229 ], [ -96.76767900000236, 33.152581000002634 ], [ -96.784430000002075, 33.152811000002046 ], [ -96.784911000002126, 33.152821000002184 ], [ -96.803374000002094, 33.15288100000231 ], [ -96.804401000002159, 33.139065000002432 ], [ -96.80543300000258, 33.121173000002365 ], [ -96.805389000001824, 33.097255000002491 ], [ -96.768228000002154, 33.112319000002813 ], [ -96.768020000002366, 33.112402000002675 ], [ -96.751759000002764, 33.118896000002749 ], [ -96.732899000002803, 33.125301000002707 ], [ -96.733528000002238, 33.100983000002877 ], [ -96.750313000002521, 33.100985000002701 ], [ -96.759557000001962, 33.10098800000209 ], [ -96.7715070000027, 33.099102000002503 ], [ -96.771628000002096, 33.085949000002238 ], [ -96.77170700000184, 33.079800000002102 ], [ -96.772039000001996, 33.071726000002791 ], [ -96.770399000002556, 33.060586000002161 ], [ -96.770328000002124, 33.051772000002103 ], [ -96.794474000002566, 33.050396000002969 ], [ -96.795372000002445, 33.056632000002345 ], [ -96.824566000002562, 33.065598000002801 ], [ -96.829581000002676, 33.045136000002302 ], [ -96.829251000002245, 33.045146000002234 ], [ -96.828847000002185, 33.028072000002417 ], [ -96.812645000002405, 33.027983000002941 ], [ -96.795057000002714, 33.027346000002922 ], [ -96.795378000002543, 33.016894000002722 ], [ -96.776939000002798, 33.026928000002499 ], [ -96.7699880000024, 33.026853000002689 ], [ -96.76695700000252, 33.019088000002441 ], [ -96.752722000001938, 33.019394000002052 ], [ -96.753554000002623, 33.026663000002863 ], [ -96.753408000002636, 33.026652000002088 ], [ -96.744990000002119, 33.026659000002454 ], [ -96.733688000002715, 33.026581000002921 ], [ -96.733490000001794, 33.041063000002382 ], [ -96.733438000002707, 33.048865000002394 ], [ -96.73336100000256, 33.05891000000242 ], [ -96.733118000002136, 33.058910000002633 ], [ -96.736673000002682, 33.066021000002848 ], [ -96.736756000002245, 33.071587000002076 ], [ -96.736675000002094, 33.080067000002231 ], [ -96.710369000001961, 33.075948000002882 ], [ -96.711704000002285, 33.084477000002046 ], [ -96.709113000002404, 33.089422000002507 ], [ -96.686229000002101, 33.075364000002502 ], [ -96.680619000001798, 33.075134000002436 ], [ -96.672859000002205, 33.072662000002659 ], [ -96.655702000002677, 33.074576000002075 ], [ -96.654970000002322, 33.07286100000232 ], [ -96.653961000002326, 33.050814000002781 ], [ -96.664639000001799, 33.043234000002073 ], [ -96.68251900000206, 33.043670000002955 ], [ -96.704263000002683, 33.037581000002518 ], [ -96.708952000002554, 33.028560000002706 ], [ -96.709635000002663, 33.021395000002961 ], [ -96.709249000002416, 33.019654000002539 ], [ -96.725044000002299, 33.019371000002536 ], [ -96.733802000002086, 33.007292000002842 ], [ -96.73236200000224, 33.004012000002241 ], [ -96.748418000002417, 33.003416000002964 ], [ -96.756858000002723, 33.000422000002494 ], [ -96.756464000002794, 32.986298000002613 ], [ -96.768095000002802, 32.986452000002828 ], [ -96.768247000001836, 32.986454000002816 ], [ -96.778675000002082, 32.9865880000022 ], [ -96.784005000002296, 32.986659000002199 ], [ -96.793816000001797, 32.986791000002064 ], [ -96.803430000002294, 32.986914000002919 ], [ -96.813355000002815, 32.98704100000279 ], [ -96.828519000002757, 32.987236000002518 ], [ -96.838955000002798, 32.987370000002272 ], [ -96.844122000002756, 32.987435000002613 ], [ -96.843974000002319, 32.997132000002601 ], [ -96.843982000002399, 32.9973120000029 ], [ -96.843778000002715, 33.007779000002692 ], [ -96.843776000001782, 33.011336000002736 ] ] ], [ [ [ -96.518402000002482, 32.876468000002134 ], [ -96.518273000002395, 32.891534000002821 ], [ -96.517972000002473, 32.912283000002269 ], [ -96.51791200000244, 32.917230000002583 ], [ -96.517639000002646, 32.929462000002346 ], [ -96.517455000002244, 32.939000000002579 ], [ -96.517204000002593, 32.952065000002726 ], [ -96.516999000002045, 32.973669000002282 ], [ -96.517011000002782, 32.982862000002861 ], [ -96.508495000002057, 32.982843000002177 ], [ -96.503166000001997, 32.982794000002102 ], [ -96.479054000002705, 32.982576000002368 ], [ -96.466739000001766, 32.982467000002487 ], [ -96.421111000002085, 32.982000000002202 ], [ -96.370728000001961, 32.982084000002395 ], [ -96.365700000002633, 32.982067000002182 ], [ -96.297227000002579, 32.981752000002714 ], [ -96.297203000002526, 32.980773000002344 ], [ -96.297240000002063, 32.971293000002284 ], [ -96.29726800000202, 32.909883000002857 ], [ -96.214793000002118, 32.882983000002241 ], [ -96.20322000000192, 32.840677000002827 ], [ -96.220354000002757, 32.840819000002213 ], [ -96.297322000002779, 32.841723000002801 ], [ -96.297376000002075, 32.814185000002112 ], [ -96.359019000002675, 32.813949000002808 ], [ -96.393156000002165, 32.814086000002156 ], [ -96.448538000002685, 32.81354300000234 ], [ -96.518970000002142, 32.813616000002554 ], [ -96.518869000002724, 32.832728000002696 ], [ -96.518547000002783, 32.867224000002444 ], [ -96.518402000002482, 32.876468000002134 ] ] ] ] } },
{ "type": "Feature", "properties": { "enacted_district": 5, "population": 764840.0, "voting_age_pop": 572090.0, "dem_votes": 91938.0, "rep_votes": 152782.0, "minority_pop": 272133.0, "dem_pct": 0.37568649870231835, "rep_pct": 0.62431350088905135 }, "geometry": { "type": "MultiPolygon", "coordinates": [ [ [ [ -96.674166000002486, 32.800877000002892 ], [ -96.668245000002656, 32.803867000002739 ], [ -96.66829100000254, 32.806870000002725 ], [ -96.665255000002176, 32.815398000002453 ], [ -96.662321000001896, 32.819025000002078 ], [ -96.661683000001958, 32.821391000002713 ], [ -96.658590000002476, 32.821506000002493 ], [ -96.657872000002357, 32.824824000002074 ], [ -96.658164000001804, 32.827824000002309 ], [ -96.658143000002354, 32.828674000002543 ], [ -96.658165000002242, 32.830382000002544 ], [ -96.658996000002162, 32.83438300000229 ], [ -96.648996000002398, 32.838334000002718 ], [ -96.640375000001967, 32.839261000002878 ], [ -96.634854000002434, 32.843785000002079 ], [ -96.648839000002553, 32.855953000002415 ], [ -96.668053000001834, 32.868126000002214 ], [ -96.667925000002697, 32.868293000002517 ], [ -96.665536000002078, 32.871550000002223 ], [ -96.665665000002633, 32.89438100000239 ], [ -96.6654820000021, 32.908965000002496 ], [ -96.665328000002205, 32.916365000002443 ], [ -96.664883000002519, 32.930881000002884 ], [ -96.665306000002005, 32.944710000002317 ], [ -96.653462000002762, 32.951593000002433 ], [ -96.641992000002801, 32.966250000002361 ], [ -96.641057000002277, 32.970413000002559 ], [ -96.640872000002645, 32.984699000002713 ], [ -96.629198000001978, 32.984531000002725 ], [ -96.613367000001958, 32.984309000002476 ], [ -96.583796000002479, 32.983867000002057 ], [ -96.583452000002197, 32.983859000002212 ], [ -96.575049000002778, 32.983744000002801 ], [ -96.558786000002314, 32.983501000002931 ], [ -96.549829000002077, 32.983368000002329 ], [ -96.521991000002643, 32.982946000002698 ], [ -96.517011000002782, 32.982862000002861 ], [ -96.516999000002045, 32.973669000002282 ], [ -96.517204000002593, 32.952065000002726 ], [ -96.517455000002244, 32.939000000002579 ], [ -96.517639000002646, 32.929462000002346 ], [ -96.51791200000244, 32.917230000002583 ], [ -96.517972000002473, 32.912283000002269 ], [ -96.518273000002395, 32.891534000002821 ], [ -96.518402000002482, 32.876468000002134 ], [ -96.518547000002783, 32.867224000002444 ], [ -96.518869000002724, 32.832728000002696 ], [ -96.518970000002142, 32.813616000002554 ], [ -96.448538000002685, 32.81354300000234 ], [ -96.393156000002165, 32.814086000002156 ], [ -96.359019000002675, 32.813949000002808 ], [ -96.297376000002075, 32.814185000002112 ], [ -96.297322000002779, 32.841723000002801 ], [ -96.220354000002757, 32.840819000002213 ], [ -96.20322000000192, 32.840677000002827 ], [ -96.167668000001953, 32.840124000002227 ], [ -96.107373000002639, 32.839047000002139 ], [ -96.076801000002433, 32.838489000002838 ], [ -95.934433000002244, 32.837217000002681 ], [ -95.915766000002122, 32.810988000002098 ], [ -95.911867000002303, 32.811363000002835 ], [ -95.84707500000178, 32.769589000002881 ], [ -95.799059000002558, 32.773815000002628 ], [ -95.733738000001878, 32.74641900000271 ], [ -95.723356000002639, 32.748144000002227 ], [ -95.659803000002398, 32.711402000002245 ], [ -95.635017000002563, 32.720380000002962 ], [ -95.638352000002286, 32.745614000002583 ], [ -95.655476000002082, 32.882564000002162 ], [ -95.658262000002779, 32.904221000002948 ], [ -95.665389000002406, 32.960434000002856 ], [ -95.535394000001801, 32.96128600000219 ], [ -95.509755000002244, 32.961446000002681 ], [ -95.43513600000216, 32.961922000002112 ], [ -95.308957000002565, 32.962572000002829 ], [ -95.276347000002474, 32.962398000003027 ], [ -95.231193000002634, 32.962196000002315 ], [ -95.173690000001756, 32.961914000002665 ], [ -95.152206000002039, 33.013450000002209 ], [ -95.152190000002236, 32.975150000002493 ], [ -95.152110000002722, 32.90264100000303 ], [ -95.042343000002361, 32.902661000002439 ], [ -95.02764400000234, 32.902710000002124 ], [ -95.045635000001724, 32.811180000002814 ], [ -95.029003000002405, 32.796990000002324 ], [ -95.049844000001755, 32.797607000002422 ], [ -95.062186000002526, 32.746222000003009 ], [ -95.050005000002599, 32.711092000002502 ], [ -95.072823000001861, 32.690868000002453 ], [ -95.15274000000268, 32.660949000002155 ], [ -95.153410000001998, 32.570115000002268 ], [ -95.189129000002779, 32.546596000002616 ], [ -95.278288000001922, 32.571786000002987 ], [ -95.345950000002318, 32.609291000002649 ], [ -95.413061000002287, 32.607111000002639 ], [ -95.48579600000204, 32.612935000002444 ], [ -95.501869000002273, 32.620330000002902 ], [ -95.594541000002536, 32.687026000002142 ], [ -95.594524000001925, 32.669750000002786 ], [ -95.59422200000202, 32.525044000002893 ], [ -95.594330000002785, 32.499629000002507 ], [ -95.594325000002286, 32.496568000002299 ], [ -95.59430000000188, 32.479858000002586 ], [ -95.456470000002682, 32.368192000002487 ], [ -95.449165000002566, 32.355233000002983 ], [ -95.456642000002674, 32.274911000002497 ], [ -95.469949000001904, 32.257525000002516 ], [ -95.488000000001762, 32.235484000002884 ], [ -95.463249000002705, 32.194409000002182 ], [ -95.470140000001834, 32.173969000002273 ], [ -95.471230000002194, 32.170462000002537 ], [ -95.472914000002802, 32.145077000002267 ], [ -95.459908000002201, 32.135559000002324 ], [ -95.428512000002641, 32.08447500000252 ], [ -95.499456000002397, 32.074718000002854 ], [ -95.507898000002143, 32.073610000002986 ], [ -95.601005000002246, 32.061483000002596 ], [ -95.624128000002102, 32.058470000002963 ], [ -95.722138000002545, 32.045880000002406 ], [ -95.788508000001926, 32.037349000002195 ], [ -96.052786000001817, 32.005895000002731 ], [ -96.054780000001955, 32.012526000002417 ], [ -96.081578000002693, 32.081479000002879 ], [ -96.117726000002421, 32.094632000002399 ], [ -96.112675000002525, 32.156784000002759 ], [ -96.166975000002154, 32.15867200000271 ], [ -96.176477000002166, 32.181379000002252 ], [ -96.150479000002477, 32.214127000002733 ], [ -96.196965000002564, 32.206942000002549 ], [ -96.247279000002365, 32.250644000002382 ], [ -96.273668000002473, 32.252617000002957 ], [ -96.295947000002599, 32.293377000002131 ], [ -96.300416000002357, 32.301354000002668 ], [ -96.382910000002241, 32.328929000002525 ], [ -96.450997000002758, 32.344409000002429 ], [ -96.452372000001915, 32.358659000002127 ], [ -96.434278000001953, 32.410853000002206 ], [ -96.462937000002725, 32.426704000002111 ], [ -96.503765000002318, 32.474680000002394 ], [ -96.500576000002383, 32.494732000002607 ], [ -96.501028000002293, 32.496950000002556 ], [ -96.529412000002594, 32.545277000002486 ], [ -96.561564000002306, 32.555571000002708 ], [ -96.589179000002105, 32.606295000002604 ], [ -96.622198000002399, 32.617727000002247 ], [ -96.613405000001777, 32.627166000002397 ], [ -96.6022390000022, 32.632350000002909 ], [ -96.591666000001794, 32.66333800000244 ], [ -96.588346000002446, 32.666112000002272 ], [ -96.591162000002257, 32.667417000002168 ], [ -96.595371000001876, 32.673065000002246 ], [ -96.588365000001801, 32.669781000002708 ], [ -96.555516000002342, 32.691876000002729 ], [ -96.573008000002275, 32.701403000002557 ], [ -96.575287000001836, 32.703320000002584 ], [ -96.57981500000264, 32.71778300000279 ], [ -96.559162000002161, 32.734893000002721 ], [ -96.580475000001954, 32.744993000002374 ], [ -96.583508000001885, 32.745559000002849 ], [ -96.597338000001784, 32.74518400000229 ], [ -96.598810000002601, 32.743946000002424 ], [ -96.612195000001805, 32.742537000002585 ], [ -96.605619000002477, 32.76810400000285 ], [ -96.612730000002287, 32.768895000002679 ], [ -96.623418000002687, 32.771918000002628 ], [ -96.655790000001886, 32.792235000002719 ], [ -96.655796000002127, 32.793195000002378 ], [ -96.668296000002698, 32.797221000002494 ], [ -96.67415200000184, 32.798997000002842 ], [ -96.674166000002486, 32.800877000002892 ] ] ], [ [ [ -94.776147000001799, 32.691035000002479 ], [ -94.808869000002119, 32.68375200000245 ], [ -94.835884000002778, 32.714239000002785 ], [ -94.825059000002739, 32.735788000002763 ], [ -94.857213000002204, 32.743907000002615 ], [ -94.909134000002396, 32.721674000002523 ], [ -94.938466000002336, 32.728724000002302 ], [ -94.939538000001846, 32.754275000002202 ], [ -94.939679000001917, 32.755403000002573 ], [ -94.946231000002555, 32.776381000002857 ], [ -94.952687000002015, 32.813960000002211 ], [ -94.952717000002579, 32.902693000002571 ], [ -94.860946000002599, 32.902838000002667 ], [ -94.723048000002606, 32.904429000002573 ], [ -94.719942000002717, 32.904502000002225 ], [ -94.705878000002485, 32.87917700000304 ], [ -94.680282000002563, 32.83099000000297 ], [ -94.702140000002302, 32.793088000002463 ], [ -94.702150000001822, 32.757716000002375 ], [ -94.702069000002396, 32.692392000002855 ], [ -94.701790000002276, 32.652209000002216 ], [ -94.74562900000258, 32.667507000002701 ], [ -94.776147000001799, 32.691035000002479 ] ] ] ] } },
{ "type": "Feature", "properties": { "enacted_district": 6, "population": 769329.0, "voting_age_pop": 574033.0, "dem_votes": 84275.0, "rep_votes": 146844.0, "minority_pop": 294424.0, "dem_pct": 0.36463899533805572, "rep_pct": 0.63536100422926678 }, "geometry": { "type": "Polygon", "coordinates": [ [ [ -97.327145000001877, 31.841452000002558 ], [ -97.371497000002179, 31.866342000002263 ], [ -97.362715000002083, 31.891831000002185 ], [ -97.412483000002723, 31.909844000002703 ], [ -97.438765000002434, 31.933506000002616 ], [ -97.413609000002836, 31.949048000002612 ], [ -97.377570000002621, 31.980076000002079 ], [ -97.403525000002219, 31.986476000002884 ], [ -97.430538000001803, 32.028259000002556 ], [ -97.485968000002799, 32.017611000002447 ], [ -97.492092000002316, 32.059723000002691 ], [ -97.470665000001915, 32.086711000002076 ], [ -97.495850000001795, 32.128152000002892 ], [ -97.476086000002084, 32.173460000002308 ], [ -97.361402000002073, 32.207200000002857 ], [ -97.302510000002599, 32.219876000002699 ], [ -97.270479000002354, 32.226774000002457 ], [ -97.287375000002754, 32.259506000002951 ], [ -97.29716800000206, 32.297556000002601 ], [ -97.286454000001939, 32.339785000002195 ], [ -97.297365000001847, 32.364128000002665 ], [ -97.293497000001807, 32.365933000002443 ], [ -97.305929000002365, 32.388579000002927 ], [ -97.297920000002506, 32.425398000002048 ], [ -97.282334000002479, 32.436110000002209 ], [ -97.299896000002207, 32.453108000002729 ], [ -97.239587000002359, 32.473142000002369 ], [ -97.258495000002441, 32.508780000002737 ], [ -97.232799000001776, 32.55148400000283 ], [ -97.177040000002236, 32.550646000002551 ], [ -97.172054000002376, 32.563344000002935 ], [ -97.179765000002504, 32.582378000002116 ], [ -97.166941000002524, 32.588414000002345 ], [ -97.162138000002784, 32.590713000002843 ], [ -97.147286000002438, 32.597697000002789 ], [ -97.142368000002605, 32.611063000002638 ], [ -97.135101000001796, 32.611067000002251 ], [ -97.117279000002, 32.609488000002784 ], [ -97.116416000001806, 32.608227000002792 ], [ -97.106334000002761, 32.613110000002621 ], [ -97.099742000002777, 32.616429000002938 ], [ -97.098521000002634, 32.623305000002361 ], [ -97.08707700000258, 32.62861800000249 ], [ -97.08804100000242, 32.641260000002788 ], [ -97.075113000002403, 32.648362000002329 ], [ -97.088227000002504, 32.649669000002326 ], [ -97.088208000002197, 32.65281300000224 ], [ -97.091509000002318, 32.672147000002241 ], [ -97.092863000002325, 32.677567000002789 ], [ -97.097836000002758, 32.691736000002152 ], [ -97.115009000002402, 32.690965000002684 ], [ -97.114863000001975, 32.703296000002524 ], [ -97.114648000002276, 32.706187000002672 ], [ -97.114710000002205, 32.708205000002124 ], [ -97.123336000002197, 32.708916000002439 ], [ -97.12332600000282, 32.721213000002926 ], [ -97.102874000002686, 32.721060000002119 ], [ -97.101701000002535, 32.721046000002232 ], [ -97.097474000002606, 32.723000000002763 ], [ -97.097417000002494, 32.725935000002615 ], [ -97.097333000002578, 32.735556000002255 ], [ -97.097388000002397, 32.738948000002296 ], [ -97.08345200000268, 32.741621000002517 ], [ -97.063447000002355, 32.759523000002524 ], [ -97.063444000002363, 32.759763000002302 ], [ -97.063430000002, 32.764336000002075 ], [ -97.062900000002458, 32.764339000002465 ], [ -97.06295200000244, 32.763005000002913 ], [ -97.037086000002034, 32.759652000002916 ], [ -97.035171000002123, 32.759693000002279 ], [ -97.03493400000184, 32.77992900000276 ], [ -97.034755000001795, 32.786034000002836 ], [ -97.034711000001806, 32.788482000002396 ], [ -97.034219000002238, 32.816400000002503 ], [ -97.0024100000022, 32.815676000002725 ], [ -97.009553000002796, 32.837103000002266 ], [ -97.003377000002402, 32.837114000002508 ], [ -97.001607000002537, 32.856921000002771 ], [ -96.992078000002337, 32.856872000002284 ], [ -96.992071000002625, 32.857072000002802 ], [ -96.975213000002, 32.855469000002223 ], [ -96.977297000002594, 32.863624000002645 ], [ -96.977190000002039, 32.866391000002302 ], [ -96.970928000002019, 32.874451000002807 ], [ -96.964206000002719, 32.885060000002539 ], [ -96.955948000002522, 32.886805000002894 ], [ -96.962607000002038, 32.890462000002252 ], [ -96.958923000002756, 32.895955000002331 ], [ -96.928376000002743, 32.895688000002785 ], [ -96.911491000002556, 32.895688000002664 ], [ -96.909018000002007, 32.907916000002807 ], [ -96.898114000002593, 32.908161000002444 ], [ -96.898154000002236, 32.896059000002616 ], [ -96.898155000002362, 32.895857000002195 ], [ -96.879156000001856, 32.865085000002203 ], [ -96.8852450000022, 32.854090000002728 ], [ -96.893201000002435, 32.847803000002692 ], [ -96.904124000002099, 32.804940000002496 ], [ -96.91698200000198, 32.801240000002309 ], [ -96.922042000002577, 32.817546000002167 ], [ -96.925656000002135, 32.817554000002474 ], [ -96.925642000001801, 32.820352000002337 ], [ -96.925852000002521, 32.823026000002159 ], [ -96.932515000002553, 32.823054000002593 ], [ -96.930280000002682, 32.836573000002168 ], [ -96.938715000002063, 32.836940000002073 ], [ -96.938597000002758, 32.837258000002592 ], [ -96.940497000001997, 32.837260000002729 ], [ -96.944418000002401, 32.837043000002481 ], [ -96.947185000002463, 32.837024000002344 ], [ -96.947993000002114, 32.833312000002906 ], [ -96.951159000001979, 32.829451000002273 ], [ -96.949933000002602, 32.814931000002169 ], [ -96.959782000002221, 32.815210000002352 ], [ -96.963461000002738, 32.815280000002772 ], [ -96.95999300000274, 32.808655000002396 ], [ -96.946958000002795, 32.808596000002417 ], [ -96.940320000002657, 32.808619000002288 ], [ -96.92182400000236, 32.801214000002538 ], [ -96.920660000002755, 32.79391700000275 ], [ -96.934616000002563, 32.793908000002766 ], [ -96.919102000002084, 32.786668000002635 ], [ -96.918902000002205, 32.785719000002601 ], [ -96.926077000002806, 32.782076000002327 ], [ -96.959906000002803, 32.783062000002182 ], [ -96.968764000002764, 32.783022000002177 ], [ -96.972884000002821, 32.783060000002145 ], [ -96.974471000002623, 32.783070000002645 ], [ -96.994513000002087, 32.777789000002429 ], [ -96.994929000002841, 32.762923000002182 ], [ -96.994847000002665, 32.758743000002148 ], [ -96.995031000002726, 32.758753000002713 ], [ -96.99814500000204, 32.74496400000271 ], [ -96.988770000002035, 32.734927000002259 ], [ -96.994113000002713, 32.73163900000214 ], [ -97.007166000001803, 32.726115000002835 ], [ -97.007158000002718, 32.728603000002742 ], [ -97.019200000001845, 32.728807000002178 ], [ -97.023040000002396, 32.741072000002795 ], [ -97.035522000001833, 32.739451000002639 ], [ -97.035518000002341, 32.739709000002115 ], [ -97.04587000000258, 32.739562000002692 ], [ -97.049321000002138, 32.737426000002884 ], [ -97.062319000002404, 32.735763000002208 ], [ -97.062578000001878, 32.735732000002443 ], [ -97.062609000001899, 32.725707000002387 ], [ -97.062684000002477, 32.720757000002891 ], [ -97.080298000002401, 32.720900000002196 ], [ -97.080374000001839, 32.71001100000224 ], [ -97.080459000001966, 32.706139000002807 ], [ -97.071834000002042, 32.706041000002109 ], [ -97.072148000002358, 32.691608000002624 ], [ -97.076190000001915, 32.691516000002814 ], [ -97.08049300000188, 32.691546000002354 ], [ -97.062764000002275, 32.677492000002857 ], [ -97.062762000002635, 32.677202000002076 ], [ -97.062867000002484, 32.66809200000246 ], [ -97.063277000002401, 32.661372000002281 ], [ -97.06321600000264, 32.660753000002479 ], [ -97.064172000002259, 32.648347000002779 ], [ -97.064655000002318, 32.638229000002042 ], [ -97.066067000002477, 32.635506000002671 ], [ -97.070264000002524, 32.626969000002703 ], [ -97.054386000002779, 32.60609100000233 ], [ -97.061572000001902, 32.585285000002351 ], [ -97.061339000002178, 32.584981000002472 ], [ -97.05338500000218, 32.563657000002955 ], [ -97.052717000002446, 32.548840000002798 ], [ -97.03868500000236, 32.548666000002193 ], [ -97.013679000002156, 32.548475000002405 ], [ -97.012356000002242, 32.548463000002428 ], [ -96.976487000001754, 32.548014000002162 ], [ -96.928339000002623, 32.547678000002826 ], [ -96.925417000002497, 32.547666000002117 ], [ -96.916815000002714, 32.547640000002936 ], [ -96.908171000002525, 32.547607000002273 ], [ -96.873920000002485, 32.547463000002146 ], [ -96.870928000002365, 32.547442000002327 ], [ -96.839558000002526, 32.547219000002187 ], [ -96.822130000002247, 32.547150000002503 ], [ -96.781561000002526, 32.546998000002496 ], [ -96.757592000001935, 32.546764000002113 ], [ -96.742536000002076, 32.546648000002435 ], [ -96.722616000002262, 32.546557000002451 ], [ -96.659210000001863, 32.546165000002702 ], [ -96.529412000002594, 32.545277000002486 ], [ -96.501028000002293, 32.496950000002556 ], [ -96.500576000002383, 32.494732000002607 ], [ -96.503765000002318, 32.474680000002394 ], [ -96.462937000002725, 32.426704000002111 ], [ -96.434278000001953, 32.410853000002206 ], [ -96.452372000001915, 32.358659000002127 ], [ -96.450997000002758, 32.344409000002429 ], [ -96.382910000002241, 32.328929000002525 ], [ -96.300416000002357, 32.301354000002668 ], [ -96.295947000002599, 32.293377000002131 ], [ -96.273668000002473, 32.252617000002957 ], [ -96.247279000002365, 32.250644000002382 ], [ -96.196965000002564, 32.206942000002549 ], [ -96.150479000002477, 32.214127000002733 ], [ -96.176477000002166, 32.181379000002252 ], [ -96.166975000002154, 32.15867200000271 ], [ -96.112675000002525, 32.156784000002759 ], [ -96.117726000002421, 32.094632000002399 ], [ -96.081578000002693, 32.081479000002879 ], [ -96.054780000001955, 32.012526000002417 ], [ -96.052786000001817, 32.005895000002731 ], [ -95.788508000001926, 32.037349000002195 ], [ -95.722138000002545, 32.045880000002406 ], [ -95.624128000002102, 32.058470000002963 ], [ -95.601005000002246, 32.061483000002596 ], [ -95.507898000002143, 32.073610000002986 ], [ -95.499456000002397, 32.074718000002854 ], [ -95.428512000002641, 32.08447500000252 ], [ -95.459908000002201, 32.135559000002324 ], [ -95.405783000002756, 32.135399000002721 ], [ -95.309292000002117, 32.135828000002618 ], [ -95.22800700000208, 32.136405000002391 ], [ -95.206342000002564, 32.136735000002382 ], [ -95.171983000001958, 32.136939000002563 ], [ -95.103557000001743, 32.137461000002837 ], [ -94.985272000002141, 32.137989000002293 ], [ -94.985704000002741, 32.056726000002506 ], [ -94.985461000001763, 32.004556000002943 ], [ -94.985383000002159, 31.931891000002175 ], [ -94.984768000002205, 31.846144000002905 ], [ -94.937532000002761, 31.845555000002314 ], [ -94.960433000001984, 31.753085000002965 ], [ -94.965223000002354, 31.693885000002265 ], [ -94.952637000002682, 31.676571000002561 ], [ -94.951292000002326, 31.642723000002992 ], [ -94.924874000001935, 31.582924000002631 ], [ -94.868151000002442, 31.526707000002631 ], [ -94.865857000002237, 31.526916000002245 ], [ -94.929210000002485, 31.480303000002593 ], [ -95.003345000002724, 31.42571000000294 ], [ -95.060348000002762, 31.467910000002952 ], [ -95.110199000002282, 31.485019000002264 ], [ -95.099966000002595, 31.518869000002969 ], [ -95.127384000002436, 31.53805600000301 ], [ -95.176359000001995, 31.584826000003023 ], [ -95.23162100000188, 31.573903000002424 ], [ -95.273203000002766, 31.592886000002665 ], [ -95.405534000001865, 31.575854000002877 ], [ -95.493001000002394, 31.564927000003049 ], [ -95.651764000002316, 31.541791000002647 ], [ -95.650427000002793, 31.526212000002911 ], [ -95.739279000002639, 31.504056000002254 ], [ -95.75107200000248, 31.551964000002272 ], [ -95.718512000001994, 31.553659000002117 ], [ -95.716065000001961, 31.594613000002241 ], [ -95.710112000001885, 31.615587000002225 ], [ -95.787300000002205, 31.618385000002913 ], [ -95.848618000002404, 31.590562000002752 ], [ -95.891227000002743, 31.571491000002304 ], [ -95.910057000001899, 31.598670000002336 ], [ -96.008752000002247, 31.61670100000298 ], [ -96.070971000002316, 31.64522300000294 ], [ -96.079658000002638, 31.646810000002752 ], [ -96.123424000001961, 31.649359000002899 ], [ -96.160527000002205, 31.649601000002409 ], [ -96.21346400000256, 31.678438000002139 ], [ -96.264680000002457, 31.634533000002889 ], [ -96.293711000002006, 31.649913000002211 ], [ -96.301618000002577, 31.698594000002959 ], [ -96.269626000002233, 31.72401800000242 ], [ -96.329334000001822, 31.707373000002963 ], [ -96.373450000001796, 31.740230000002622 ], [ -96.374210000001796, 31.716645000002679 ], [ -96.437468000001857, 31.709690000002972 ], [ -96.471094000002282, 31.758977000002258 ], [ -96.496713000001805, 31.796191000002764 ], [ -96.564683000002162, 31.80208100000295 ], [ -96.719114000002378, 31.814887000002496 ], [ -96.735543000002124, 31.806667000002509 ], [ -96.811438000002639, 31.768700000002209 ], [ -96.838572000002785, 31.755274000002263 ], [ -96.93221500000206, 31.708887000002729 ], [ -96.948635000002824, 31.732430000002729 ], [ -96.971768000001873, 31.765901000002295 ], [ -96.983923000002619, 31.783855000002692 ], [ -96.997344000001817, 31.803704000002643 ], [ -97.037266000002305, 31.863079000002376 ], [ -97.090197000002163, 31.838135000002097 ], [ -97.187335000002406, 31.790169000002699 ], [ -97.277265000001833, 31.74549200000267 ], [ -97.326530000002521, 31.788360000002591 ], [ -97.282060000002758, 31.843152000002497 ], [ -97.327145000001877, 31.841452000002558 ] ] ] } },
{ "type": "Feature", "properties": { "enacted_district": 7, "population": 770526.0, "voting_age_pop": 597853.0, "dem_votes": 146162.0, "rep_votes": 80578.0, "minority_pop": 417124.0, "dem_pct": 0.64462379789863988, "rep_pct": 0.3553762016603263 }, "geometry": { "type": "Polygon", "coordinates": [ [ [ -95.74935500000224, 29.57360900000247 ], [ -95.746597000002737, 29.576624000002909 ], [ -95.70835800000242, 29.573915000002675 ], [ -95.715496000002204, 29.598378000002171 ], [ -95.713560000002161, 29.598579000002793 ], [ -95.713962000001914, 29.620959000002799 ], [ -95.714249000002241, 29.630830000002444 ], [ -95.71487600000188, 29.660931000002869 ], [ -95.714988000002094, 29.665052000002454 ], [ -95.71961800000274, 29.6649510000024 ], [ -95.762633000001856, 29.67914800000236 ], [ -95.77547000000196, 29.700572000002506 ], [ -95.743008000002604, 29.703030000002837 ], [ -95.742854000002595, 29.703045000002746 ], [ -95.715674000002025, 29.70529900000275 ], [ -95.688055000002223, 29.709439000002327 ], [ -95.687082000002405, 29.710078000002341 ], [ -95.688349000002205, 29.710862000002987 ], [ -95.653982000001847, 29.735466000002418 ], [ -95.646581000002513, 29.755587000002219 ], [ -95.625259000002444, 29.754909000002776 ], [ -95.621326000002483, 29.771377000002289 ], [ -95.620237000002504, 29.770732000002905 ], [ -95.606191000002724, 29.761887000003007 ], [ -95.606107000002581, 29.753921000002389 ], [ -95.606052000002464, 29.746222000002472 ], [ -95.596704000002404, 29.74497400000266 ], [ -95.588566000002075, 29.743604000002975 ], [ -95.586601000002801, 29.747445000002308 ], [ -95.589368000001784, 29.759918000002525 ], [ -95.585102000002479, 29.765525000002299 ], [ -95.576012000002393, 29.765861000002296 ], [ -95.575088000002282, 29.765281000002258 ], [ -95.567987000002816, 29.761934000002174 ], [ -95.558336000002456, 29.762215000002843 ], [ -95.557750000002713, 29.74006600000266 ], [ -95.557717000001887, 29.736857000002225 ], [ -95.548376000001923, 29.736979000002854 ], [ -95.538871000001834, 29.73711700000278 ], [ -95.531393000002353, 29.747210000002511 ], [ -95.525706000002046, 29.74818800000223 ], [ -95.523401000002337, 29.746908000003053 ], [ -95.504664000002478, 29.752643000002855 ], [ -95.501109000001918, 29.752886000002785 ], [ -95.501103000002715, 29.750481000002779 ], [ -95.500905000001779, 29.737538000002733 ], [ -95.4842850000027, 29.737718000002467 ], [ -95.474213000002322, 29.737925000002736 ], [ -95.467231000002727, 29.750283000002874 ], [ -95.461299000002342, 29.750335000002185 ], [ -95.455652000002445, 29.754163000002581 ], [ -95.458307000002122, 29.74094300000236 ], [ -95.460435000002121, 29.728953000002363 ], [ -95.4479250000024, 29.730046000002503 ], [ -95.448159000001922, 29.741630000002338 ], [ -95.441663000002407, 29.741730000003063 ], [ -95.433092000002034, 29.741815000002234 ], [ -95.430029000002435, 29.74206800000302 ], [ -95.410729000002419, 29.742581000003 ], [ -95.41067700000238, 29.748128000002616 ], [ -95.410667000002206, 29.74907500000301 ], [ -95.408835000002441, 29.760614000002978 ], [ -95.408625000002701, 29.760522000002481 ], [ -95.409480000002361, 29.765332000002356 ], [ -95.422151000002074, 29.771057000002958 ], [ -95.436753000002184, 29.783643000002488 ], [ -95.454001000002478, 29.780752000002888 ], [ -95.453868000002259, 29.780937000002787 ], [ -95.452215000002596, 29.791159000002565 ], [ -95.451263000002257, 29.795012000002639 ], [ -95.449807000002522, 29.801728000002893 ], [ -95.441759000002335, 29.808691000002995 ], [ -95.441581000002515, 29.808572000002901 ], [ -95.42965600000224, 29.80316900000296 ], [ -95.426422000002262, 29.801655000002533 ], [ -95.425333000001999, 29.801797000002288 ], [ -95.406005000002537, 29.810987000002335 ], [ -95.405938000002777, 29.806920000002545 ], [ -95.405724000002721, 29.799808000002773 ], [ -95.405548000002, 29.790574000002948 ], [ -95.409655000002402, 29.78332400000264 ], [ -95.397550000002497, 29.783432000002712 ], [ -95.397272000002076, 29.769557000002383 ], [ -95.391818000002402, 29.768961000002353 ], [ -95.390917000002815, 29.768889000002513 ], [ -95.391320000002565, 29.762566000003048 ], [ -95.385730000001899, 29.76168100000265 ], [ -95.37875300000276, 29.752093000002564 ], [ -95.374572000002715, 29.757775000002276 ], [ -95.370947000002118, 29.749319000002995 ], [ -95.372607000002205, 29.74725800000234 ], [ -95.377617000002203, 29.740930000003047 ], [ -95.379979000001839, 29.737953000002879 ], [ -95.380586000001927, 29.7371710000027 ], [ -95.382976000002486, 29.734126000002444 ], [ -95.384472000001793, 29.732247000002719 ], [ -95.38449700000244, 29.732216000002627 ], [ -95.390258000002561, 29.724958000002282 ], [ -95.390718000002479, 29.723931000002523 ], [ -95.39365500000234, 29.720637000002306 ], [ -95.401830000001794, 29.710299000002927 ], [ -95.403085000002662, 29.708720000002963 ], [ -95.404322000002438, 29.707167000002663 ], [ -95.405066000001881, 29.706247000002957 ], [ -95.412126000002559, 29.697312000002359 ], [ -95.414777000002019, 29.697828000002943 ], [ -95.426933000002464, 29.69582000000285 ], [ -95.440069000002197, 29.690637000003008 ], [ -95.447013000002784, 29.687312000002265 ], [ -95.458165000002737, 29.681251000002305 ], [ -95.459052000002202, 29.681397000002775 ], [ -95.476875000002678, 29.677389000002321 ], [ -95.479940000002102, 29.676545000003028 ], [ -95.484257000002358, 29.675309000002933 ], [ -95.493192000002679, 29.678171000002244 ], [ -95.492978000002793, 29.678679000002798 ], [ -95.492993000002542, 29.69480300000285 ], [ -95.493044000002484, 29.704465000002831 ], [ -95.49312100000202, 29.709058000002319 ], [ -95.49917000000184, 29.716726000002996 ], [ -95.513129000002181, 29.704377000002641 ], [ -95.513267000002699, 29.704426000002417 ], [ -95.521303000002703, 29.705139000002397 ], [ -95.531109000002445, 29.705044000002378 ], [ -95.537979000002181, 29.704998000002306 ], [ -95.551460000002166, 29.704816000002506 ], [ -95.5573790000023, 29.70450200000225 ], [ -95.557180000002802, 29.695336000002278 ], [ -95.570256000002701, 29.688376000002854 ], [ -95.574651000002561, 29.688044000002581 ], [ -95.595905000002602, 29.689088000002783 ], [ -95.604257000002576, 29.688942000002285 ], [ -95.603413000002305, 29.681402000002933 ], [ -95.610577000002394, 29.68324400000294 ], [ -95.623178000002355, 29.674298000002985 ], [ -95.621848000001819, 29.673572000002551 ], [ -95.597838000002113, 29.660959000002965 ], [ -95.597057000002565, 29.660601000002941 ], [ -95.597837000002642, 29.660596000002336 ], [ -95.619202000002673, 29.661986000002479 ], [ -95.618998000001994, 29.650986000002337 ], [ -95.618974000002282, 29.649281000002311 ], [ -95.627246000002714, 29.646048000002139 ], [ -95.639284000002078, 29.64650300000261 ], [ -95.639235000002785, 29.644477000002738 ], [ -95.651593000002521, 29.64439500000254 ], [ -95.649110000001883, 29.6134070000024 ], [ -95.648984000002713, 29.613450000002743 ], [ -95.643059000002125, 29.608969000002919 ], [ -95.639822000002042, 29.606868000002297 ], [ -95.628012000002059, 29.610884000002255 ], [ -95.619012000001845, 29.602071000002383 ], [ -95.613732000002074, 29.60720000000282 ], [ -95.609941000002038, 29.603547000002916 ], [ -95.616307000002521, 29.59627400000225 ], [ -95.622514000002553, 29.598555000002687 ], [ -95.634857000002583, 29.589410000002392 ], [ -95.631031000002295, 29.584228000002319 ], [ -95.620485000002503, 29.584968000002839 ], [ -95.630419000001993, 29.578757000002152 ], [ -95.638892000002357, 29.574916000002641 ], [ -95.638405000002606, 29.563454000002231 ], [ -95.618213000002797, 29.563737000002639 ], [ -95.621445000002723, 29.539254000002956 ], [ -95.637688000001873, 29.5500610000026 ], [ -95.63786600000256, 29.550118000002737 ], [ -95.668331000002098, 29.568257000002809 ], [ -95.685960000002396, 29.562493000002512 ], [ -95.690357000002336, 29.561589000002417 ], [ -95.697004000002707, 29.548683000002459 ], [ -95.702658000001804, 29.537602000002934 ], [ -95.742454000002382, 29.543404000002564 ], [ -95.747206000002762, 29.546646000002958 ], [ -95.741145000002604, 29.549227000002713 ], [ -95.74935500000224, 29.57360900000247 ] ] ] } },
{ "type": "Feature", "properties": { "enacted_district": 8, "population": 754355.0, "voting_age_pop": 556463.0, "dem_votes": 84328.0, "rep_votes": 155685.0, "minority_pop": 285161.0, "dem_pct": 0.35134763519003237, "rep_pct": 0.64865236439332352 }, "geometry": { "type": "MultiPolygon", "coordinates": [ [ [ [ -95.752002000002605, 29.801993000002859 ], [ -95.752230000002598, 29.817215000002935 ], [ -95.756648000002286, 29.817185000002404 ], [ -95.7900090000022, 29.816950000002706 ], [ -95.7929520000026, 29.801779000002306 ], [ -95.80183600000268, 29.801716000002997 ], [ -95.815443000002062, 29.801577000002961 ], [ -95.830196000002402, 29.800418000002853 ], [ -95.835991000002593, 29.816618000002208 ], [ -95.851512000002401, 29.86010800000259 ], [ -95.856851000002607, 29.874578000002167 ], [ -95.868966000002359, 29.908828000002813 ], [ -95.872965000002594, 29.919830000002506 ], [ -95.902338000001961, 30.002247000002537 ], [ -95.921173000002184, 30.055291000002654 ], [ -95.954124000001997, 30.144675000002653 ], [ -95.878592000001845, 30.120361000002411 ], [ -95.822019000002285, 30.08221300000293 ], [ -95.803330000002404, 30.090096000002305 ], [ -95.803886000002279, 30.178692000002975 ], [ -95.804000000002162, 30.189532000002369 ], [ -95.804097000002784, 30.226460000002461 ], [ -95.804306000002256, 30.245570000002349 ], [ -95.804335000002737, 30.314428000002188 ], [ -95.81192900000184, 30.431532000002282 ], [ -95.816840000002756, 30.492638000002358 ], [ -95.81747800000214, 30.500218000002381 ], [ -95.826891000002036, 30.59627200000261 ], [ -95.830240000001794, 30.630284000002337 ], [ -95.834197000001794, 30.658000000002311 ], [ -95.749092000002634, 30.684252000002257 ], [ -95.69370000000184, 30.686340000002893 ], [ -95.665568000002182, 30.638646000002179 ], [ -95.657556000002486, 30.600203000002342 ], [ -95.583893000001922, 30.584311000002224 ], [ -95.505224000001817, 30.597951000002457 ], [ -95.507596000002366, 30.624713000002679 ], [ -95.508425000002504, 30.634053000002829 ], [ -95.498326000002024, 30.641564000002891 ], [ -95.524704000002018, 30.707950000002331 ], [ -95.511093000002617, 30.710979000002222 ], [ -95.447126000002157, 30.706332000002217 ], [ -95.402649000002441, 30.727953000002451 ], [ -95.338625000002679, 30.737826000002919 ], [ -95.33029600000242, 30.828287000002401 ], [ -95.327480000001927, 30.859547000002173 ], [ -95.316779000002555, 30.879850000002751 ], [ -95.31410600000244, 30.896041000002722 ], [ -95.265822000002558, 30.905033000002259 ], [ -95.233530000002375, 30.889897000002659 ], [ -95.234955000002699, 30.851324000002712 ], [ -95.200180000002561, 30.82456600000274 ], [ -95.166581000002537, 30.852709000002573 ], [ -95.097314000002683, 30.911061000002547 ], [ -95.010324000002115, 30.983827000002343 ], [ -94.939127000002685, 31.042048000002524 ], [ -94.877684000002446, 31.108804000002955 ], [ -94.842947000002482, 31.146578000002997 ], [ -94.810158000001906, 31.132950000002705 ], [ -94.752697000002399, 31.106448000002189 ], [ -94.689117000001843, 31.097795000002648 ], [ -94.602051000002305, 31.074084000003012 ], [ -94.561943000002444, 31.058952000002364 ], [ -94.656638000002303, 31.01266500000235 ], [ -94.616497000001914, 30.83221500000305 ], [ -94.615996000002767, 30.830061000002829 ], [ -94.611361000002361, 30.80990800000253 ], [ -94.598358000001994, 30.752155000002364 ], [ -94.589320000002516, 30.714044000002261 ], [ -94.576762000002503, 30.660785000002686 ], [ -94.545717000002639, 30.526977000002223 ], [ -94.54456700000182, 30.522088000002469 ], [ -94.537926000002017, 30.491059000002348 ], [ -94.645269000002642, 30.49051900000282 ], [ -94.732732000002116, 30.490066000002933 ], [ -94.743117000002513, 30.489881000002288 ], [ -94.783964000001944, 30.489478000002787 ], [ -94.847132000002361, 30.493367000002252 ], [ -94.849414000001801, 30.493553000002382 ], [ -94.942676000002564, 30.442352000002348 ], [ -95.048056000002404, 30.396863000002231 ], [ -95.060512000002447, 30.391015000003012 ], [ -95.061519000002633, 30.390582000002613 ], [ -95.110382000001863, 30.369139000002811 ], [ -95.165897000002715, 30.344976000002571 ], [ -95.22558100000208, 30.319534000002456 ], [ -95.226571000002195, 30.327145000003014 ], [ -95.311256000002203, 30.331876000002243 ], [ -95.319495000002462, 30.332418000002399 ], [ -95.30156500000254, 30.259996000002936 ], [ -95.312215000002723, 30.257105000002728 ], [ -95.363653000002046, 30.313492000002341 ], [ -95.387862000001917, 30.319794000002585 ], [ -95.398844000002114, 30.317608000002817 ], [ -95.416716000001799, 30.274987000002518 ], [ -95.429922000002563, 30.296004000002359 ], [ -95.455920000002806, 30.289756000002878 ], [ -95.464369000002719, 30.293072000002908 ], [ -95.481434000002807, 30.288768000002552 ], [ -95.483123000002237, 30.284642000002439 ], [ -95.429553000002073, 30.265320000002475 ], [ -95.429385000002185, 30.231870000002484 ], [ -95.457585000002595, 30.244957000002778 ], [ -95.469393000002682, 30.247280000002981 ], [ -95.511490000002183, 30.229653000002493 ], [ -95.521208000002318, 30.227827000002847 ], [ -95.541551000002443, 30.224456000002299 ], [ -95.568191000002287, 30.220913000002792 ], [ -95.569689000002754, 30.211373000002169 ], [ -95.578404000002223, 30.205901000002516 ], [ -95.590182000002784, 30.192798000002195 ], [ -95.600887000002601, 30.17441800000239 ], [ -95.596757000002597, 30.134460000002811 ], [ -95.619629000002121, 30.135493000002217 ], [ -95.645694000002564, 30.119181000002801 ], [ -95.647469000001905, 30.118107000003022 ], [ -95.702114000002425, 30.09904100000233 ], [ -95.735094000002078, 30.093721000002738 ], [ -95.755185000001916, 30.092148000002339 ], [ -95.774697000002078, 30.034611000002503 ], [ -95.781960000002798, 30.004329000002905 ], [ -95.781955000002256, 30.003302000003028 ], [ -95.768067000001864, 29.998071000002614 ], [ -95.769583000002285, 29.949199000002228 ], [ -95.717935000002242, 29.942457000002193 ], [ -95.701089000002327, 29.971574000002171 ], [ -95.687881000002506, 29.962896000002171 ], [ -95.687716000002482, 29.963050000002927 ], [ -95.678265000002241, 29.956519000002736 ], [ -95.673375000002437, 29.953277000002792 ], [ -95.662805000001995, 29.945583000002639 ], [ -95.649897000002497, 29.936686000002624 ], [ -95.628727000002158, 29.921177000002899 ], [ -95.619799000002004, 29.914896000002958 ], [ -95.63072100000204, 29.907530000002762 ], [ -95.649491000002442, 29.907914000002339 ], [ -95.653688000002603, 29.899791000002178 ], [ -95.653451000002406, 29.896043000002372 ], [ -95.6534530000026, 29.887833000002757 ], [ -95.654546000002441, 29.879097000003025 ], [ -95.645313000002446, 29.879209000002888 ], [ -95.633023000002567, 29.879316000003001 ], [ -95.621399000002398, 29.851418000002599 ], [ -95.630176000002038, 29.856034000002307 ], [ -95.632762000001961, 29.857078000002701 ], [ -95.645397000002674, 29.852167000002193 ], [ -95.645626000002125, 29.835991000003023 ], [ -95.645544000002801, 29.824620000003033 ], [ -95.644787000001998, 29.784642000002368 ], [ -95.677506000002694, 29.78486000000235 ], [ -95.688348000001881, 29.784762000002608 ], [ -95.718930000002359, 29.784913000002465 ], [ -95.735749000002315, 29.785168000002681 ], [ -95.751868000002403, 29.7850970000022 ], [ -95.752002000002605, 29.801993000002859 ] ] ], [ [ [ -95.508425000002504, 30.634053000002829 ], [ -95.547066000002246, 30.667417000002356 ], [ -95.51507200000232, 30.667654000002766 ], [ -95.508425000002504, 30.634053000002829 ] ] ] ] } },
{ "type": "Feature", "properties": { "enacted_district": 9, "population": 765437.0, "voting_age_pop": 564689.0, "dem_votes": 162730.0, "rep_votes": 47637.0, "minority_pop": 486137.0, "dem_pct": 0.77355288577887549, "rep_pct": 0.22644711374576473 }, "geometry": { "type": "Polygon", "coordinates": [ [ [ -95.539042000002596, 29.566625000002642 ], [ -95.530777000002502, 29.56178100000281 ], [ -95.531609000002405, 29.574198000002369 ], [ -95.533202000002106, 29.574170000002297 ], [ -95.538564000002438, 29.571670000002879 ], [ -95.540802000002557, 29.577888000002428 ], [ -95.54156000000188, 29.583163000002397 ], [ -95.554712000002681, 29.582850000002395 ], [ -95.564061000002354, 29.582632000002224 ], [ -95.563991000001877, 29.575879000002615 ], [ -95.5639260000018, 29.573391000002697 ], [ -95.564645000002514, 29.565927000002223 ], [ -95.582750000002093, 29.580529000002887 ], [ -95.581961000002778, 29.601010000002699 ], [ -95.582224000002682, 29.606224000002268 ], [ -95.582484000002282, 29.615555000002889 ], [ -95.582659000002678, 29.623853000002484 ], [ -95.582613000002766, 29.627449000002287 ], [ -95.590486000002286, 29.628554000002183 ], [ -95.590336000002381, 29.630964000003051 ], [ -95.5977810000022, 29.633022000002843 ], [ -95.597817000002394, 29.646812000002985 ], [ -95.576739000001794, 29.643626000002214 ], [ -95.571363000001838, 29.648725000002543 ], [ -95.582702000002044, 29.65395200000275 ], [ -95.597057000002565, 29.660601000002941 ], [ -95.597838000002113, 29.660959000002965 ], [ -95.621848000001819, 29.673572000002551 ], [ -95.623178000002355, 29.674298000002985 ], [ -95.610577000002394, 29.68324400000294 ], [ -95.603413000002305, 29.681402000002933 ], [ -95.604257000002576, 29.688942000002285 ], [ -95.595905000002602, 29.689088000002783 ], [ -95.574651000002561, 29.688044000002581 ], [ -95.570256000002701, 29.688376000002854 ], [ -95.557180000002802, 29.695336000002278 ], [ -95.5573790000023, 29.70450200000225 ], [ -95.551460000002166, 29.704816000002506 ], [ -95.537979000002181, 29.704998000002306 ], [ -95.531109000002445, 29.705044000002378 ], [ -95.521303000002703, 29.705139000002397 ], [ -95.513267000002699, 29.704426000002417 ], [ -95.513129000002181, 29.704377000002641 ], [ -95.49917000000184, 29.716726000002996 ], [ -95.49312100000202, 29.709058000002319 ], [ -95.493044000002484, 29.704465000002831 ], [ -95.492993000002542, 29.69480300000285 ], [ -95.492978000002793, 29.678679000002798 ], [ -95.493192000002679, 29.678171000002244 ], [ -95.484257000002358, 29.675309000002933 ], [ -95.479940000002102, 29.676545000003028 ], [ -95.476875000002678, 29.677389000002321 ], [ -95.459052000002202, 29.681397000002775 ], [ -95.458165000002737, 29.681251000002305 ], [ -95.447013000002784, 29.687312000002265 ], [ -95.440069000002197, 29.690637000003008 ], [ -95.426933000002464, 29.69582000000285 ], [ -95.414777000002019, 29.697828000002943 ], [ -95.412126000002559, 29.697312000002359 ], [ -95.405066000001881, 29.706247000002957 ], [ -95.404322000002438, 29.707167000002663 ], [ -95.403085000002662, 29.708720000002963 ], [ -95.401830000001794, 29.710299000002927 ], [ -95.39365500000234, 29.720637000002306 ], [ -95.390718000002479, 29.723931000002523 ], [ -95.390258000002561, 29.724958000002282 ], [ -95.380082000002361, 29.718971000002512 ], [ -95.382091000002518, 29.713104000002545 ], [ -95.384616000001841, 29.70569900000265 ], [ -95.378245000002707, 29.69123400000305 ], [ -95.363117000001978, 29.689966000002752 ], [ -95.358084000002222, 29.702448000002395 ], [ -95.348546000002713, 29.701768000002797 ], [ -95.351761000002327, 29.69391900000246 ], [ -95.3396470000026, 29.690592000002447 ], [ -95.340941000001919, 29.685707000002527 ], [ -95.332643000002278, 29.688665000002384 ], [ -95.332112000001956, 29.688905000002251 ], [ -95.325942000002598, 29.69185500000302 ], [ -95.32666400000268, 29.695466000002423 ], [ -95.320999000001962, 29.698990000002929 ], [ -95.310691000002677, 29.712200000002905 ], [ -95.305100000002057, 29.708425000002254 ], [ -95.295453000002624, 29.702126000002405 ], [ -95.291183000002164, 29.699387000002172 ], [ -95.288732000002284, 29.697449000002493 ], [ -95.277895000002516, 29.685893000002466 ], [ -95.27457000000274, 29.681994000002952 ], [ -95.272872000001882, 29.680251000002233 ], [ -95.271285000002166, 29.679145000002755 ], [ -95.262384000001873, 29.669189000002309 ], [ -95.251593000001861, 29.652503000002316 ], [ -95.264514000001782, 29.656075000003025 ], [ -95.264613000001958, 29.632473000002896 ], [ -95.278551000002125, 29.634393000002976 ], [ -95.277675000002361, 29.611703000002457 ], [ -95.282056000001845, 29.61166800000278 ], [ -95.285341000001793, 29.620784000002779 ], [ -95.304369000002126, 29.62085200000271 ], [ -95.304664000002674, 29.620858000002404 ], [ -95.297411000001802, 29.596522000002384 ], [ -95.317880000002717, 29.59792600000257 ], [ -95.351907000002484, 29.585455000002529 ], [ -95.360730000001922, 29.584937000002377 ], [ -95.386044000002201, 29.585556000002789 ], [ -95.385935000001936, 29.580234000002875 ], [ -95.383983000002615, 29.57528100000226 ], [ -95.350680000002484, 29.570586000002766 ], [ -95.350445000002154, 29.558978000002433 ], [ -95.347763000001919, 29.559080000002368 ], [ -95.314273000001862, 29.559451000002898 ], [ -95.306228000002363, 29.559620000002958 ], [ -95.306070000002606, 29.552349000002259 ], [ -95.330706000002422, 29.541249000002981 ], [ -95.31398600000206, 29.53058100000273 ], [ -95.313985000001907, 29.528310000002364 ], [ -95.32106600000202, 29.515920000002751 ], [ -95.368816000001985, 29.52589700000248 ], [ -95.387131000002285, 29.512322000002492 ], [ -95.387629000002477, 29.512313000003047 ], [ -95.401181000002126, 29.482609000002395 ], [ -95.415524000002762, 29.491126000002509 ], [ -95.415718000002741, 29.49793500000299 ], [ -95.44630000000204, 29.499637000002881 ], [ -95.450385000002598, 29.484228000002538 ], [ -95.46260200000188, 29.439238000002153 ], [ -95.550622000001823, 29.438306000002878 ], [ -95.533027000002377, 29.458431000002371 ], [ -95.506779000002197, 29.459403000002791 ], [ -95.475224000002541, 29.459872000002878 ], [ -95.46537500000268, 29.49779600000258 ], [ -95.467678000002081, 29.507703000002859 ], [ -95.462674000002394, 29.508079000002297 ], [ -95.472070000002844, 29.512979000002353 ], [ -95.480580000002519, 29.517436000002451 ], [ -95.488615000002099, 29.521629000002665 ], [ -95.507674000001899, 29.507551000002945 ], [ -95.52640800000222, 29.511460000002632 ], [ -95.526601000002799, 29.511449000002997 ], [ -95.534356000002461, 29.531472000002481 ], [ -95.534500000001884, 29.539155000002612 ], [ -95.552629000002284, 29.552225000002512 ], [ -95.554996000002646, 29.554858000002945 ], [ -95.562329000002165, 29.563273000002692 ], [ -95.539042000002596, 29.566625000002642 ] ] ] } },
{ "type": "Feature", "properties": { "enacted_district": 10, "population": 773564.0, "voting_age_pop": 595873.0, "dem_votes": 107602.0, "rep_votes": 170386.0, "minority_pop": 241736.0, "dem_pct": 0.38707426205912693, "rep_pct": 0.61292573758114532 }, "geometry": { "type": "Polygon", "coordinates": [ [ [ -97.194235000002678, 29.896776000002266 ], [ -97.167402000002198, 29.997717000002204 ], [ -97.171027000002795, 30.039556000002801 ], [ -97.206889000002434, 30.057807000002093 ], [ -97.242274000001956, 30.081397000002532 ], [ -97.269455000001841, 30.06722200000269 ], [ -97.269796000002458, 30.067074000002108 ], [ -97.292290000002197, 30.064065000002735 ], [ -97.329174000002723, 30.105107000002445 ], [ -97.361331000002323, 30.129309000002412 ], [ -97.347169000002438, 30.152222000002268 ], [ -97.353889000001999, 30.165352000002919 ], [ -97.402915000002722, 30.167686000002181 ], [ -97.484581000002393, 30.188814000002807 ], [ -97.491254000001959, 30.212110000002216 ], [ -97.486329000002726, 30.220528000002187 ], [ -97.554602000001879, 30.256088000002567 ], [ -97.55471600000196, 30.256867000002448 ], [ -97.526580000002397, 30.303666000002345 ], [ -97.477395000002403, 30.323526000002907 ], [ -97.517922000002201, 30.396824000002759 ], [ -97.54140500000284, 30.407476000002671 ], [ -97.576139000001916, 30.417006000002605 ], [ -97.607422000002202, 30.433513000002424 ], [ -97.620531000002359, 30.419254000002098 ], [ -97.627272000001938, 30.423611000002133 ], [ -97.637695000001841, 30.435315000002888 ], [ -97.666185000001875, 30.441134000002535 ], [ -97.669175000002554, 30.434808000002377 ], [ -97.674972000002484, 30.435953000002925 ], [ -97.680454000002797, 30.454179000002519 ], [ -97.688006000002318, 30.446451000002103 ], [ -97.695504000002842, 30.449813000002798 ], [ -97.694592000002203, 30.461501000002716 ], [ -97.721149000002242, 30.455835000002235 ], [ -97.738263000001993, 30.476076000002575 ], [ -97.761055000002443, 30.477508000002103 ], [ -97.74986400000266, 30.480985000002903 ], [ -97.746590000002541, 30.505134000002503 ], [ -97.773923000002, 30.49435800000218 ], [ -97.804115000002724, 30.486406000002741 ], [ -97.815067000001847, 30.474669000002901 ], [ -97.816074000001819, 30.462222000002903 ], [ -97.817680000002525, 30.461674000002105 ], [ -97.825723000002, 30.455605000002819 ], [ -97.826234000002117, 30.455011000002717 ], [ -97.835906000002353, 30.43998500000237 ], [ -97.843417000002404, 30.426534000002519 ], [ -97.849855000002762, 30.440133000002486 ], [ -97.872491000002, 30.426205000002273 ], [ -97.907495000002385, 30.413983000002226 ], [ -97.909349000001995, 30.391076000002251 ], [ -97.914383000002275, 30.380965000002838 ], [ -97.871596000002754, 30.369561000002381 ], [ -97.847657000002499, 30.39596000000223 ], [ -97.845468000002043, 30.394537000002227 ], [ -97.844422000002155, 30.393782000002645 ], [ -97.790076000002657, 30.365876000002771 ], [ -97.796826000002, 30.349986000002243 ], [ -97.796738000002605, 30.349949000002638 ], [ -97.780923000002176, 30.332248000002785 ], [ -97.775884000002762, 30.313606000002348 ], [ -97.781326000002295, 30.303437000002571 ], [ -97.785587000002621, 30.294253000002943 ], [ -97.790282000002506, 30.297587000002256 ], [ -97.809717000002621, 30.31291900000253 ], [ -97.812849000002458, 30.32514600000243 ], [ -97.82459800000214, 30.330115000002746 ], [ -97.863153000002114, 30.353668000002795 ], [ -97.87359500000224, 30.346654000002736 ], [ -97.883943000002034, 30.343435000002938 ], [ -97.911046000002401, 30.330364000002938 ], [ -97.908825000002821, 30.309703000002909 ], [ -97.908403000002522, 30.306199000002632 ], [ -97.925822000002526, 30.296340000002484 ], [ -97.932698000002517, 30.284558000002189 ], [ -97.944801000002215, 30.275923000002809 ], [ -97.992204000002204, 30.267234000002254 ], [ -98.010831000001858, 30.24033900000288 ], [ -98.026708000002486, 30.251686000002813 ], [ -98.066032000002039, 30.279820000002921 ], [ -98.12588500000264, 30.322774000002472 ], [ -98.172977000002476, 30.356312000002735 ], [ -98.125556000002121, 30.426186000002104 ], [ -98.097709000002439, 30.467626000002635 ], [ -98.097793000002042, 30.497442000002465 ], [ -98.123126000002543, 30.487041000002598 ], [ -98.066699000002657, 30.592842000002506 ], [ -98.066559000002343, 30.593103000002689 ], [ -98.049886000001877, 30.624155000002279 ], [ -97.991015000002406, 30.609849000002811 ], [ -97.956734000001845, 30.628249000002448 ], [ -97.90327700000212, 30.570977000002223 ], [ -97.900129000002821, 30.56891400000238 ], [ -97.88678500000276, 30.555843000002724 ], [ -97.873841000001875, 30.549540000002121 ], [ -97.871139000002017, 30.52456100000213 ], [ -97.859401000002038, 30.511916000002142 ], [ -97.859328000002122, 30.493448000002463 ], [ -97.846541000002858, 30.473410000002922 ], [ -97.837757000002057, 30.47614400000289 ], [ -97.830757000002578, 30.485861000002696 ], [ -97.816483000002606, 30.500978000002931 ], [ -97.810129000002846, 30.503521000002781 ], [ -97.803123000002302, 30.496397000002215 ], [ -97.78422200000216, 30.504252000002936 ], [ -97.776809000002686, 30.503621000002816 ], [ -97.745939000002238, 30.518847000002093 ], [ -97.745444000002522, 30.519180000002589 ], [ -97.733869000002215, 30.518376000002469 ], [ -97.738135000002757, 30.505933000002219 ], [ -97.725700000001964, 30.493671000002728 ], [ -97.720929000002741, 30.500291000002345 ], [ -97.703828000002716, 30.518874000002722 ], [ -97.687123000001918, 30.513079000002808 ], [ -97.685319000002281, 30.507333000002671 ], [ -97.683003000002103, 30.50239900000248 ], [ -97.684120000002238, 30.476290000002752 ], [ -97.674240000002243, 30.480790000002479 ], [ -97.673759000001922, 30.480101000002772 ], [ -97.670168000002818, 30.469721000002274 ], [ -97.667511000001923, 30.461812000002624 ], [ -97.661714000002064, 30.448716000002911 ], [ -97.643442000002437, 30.442759000002724 ], [ -97.627647000001915, 30.443055000002424 ], [ -97.62482500000236, 30.448722000002181 ], [ -97.607929000002159, 30.445891000002913 ], [ -97.604986000002086, 30.450820000002281 ], [ -97.591865000002286, 30.471708000002181 ], [ -97.554819000002496, 30.457190000002523 ], [ -97.522961000002439, 30.440888000002172 ], [ -97.521454000002635, 30.440716000002535 ], [ -97.505843000001917, 30.405490000002477 ], [ -97.449448000002278, 30.376686000002227 ], [ -97.400089000001955, 30.367906000002577 ], [ -97.369539000001836, 30.4195630000028 ], [ -97.334463000002486, 30.402843000002665 ], [ -97.177212000002001, 30.450599000002661 ], [ -97.155219000002759, 30.457344000002159 ], [ -97.071052000002723, 30.501187000002783 ], [ -97.051648000002416, 30.511560000002579 ], [ -96.996207000002642, 30.540381000002164 ], [ -96.963630000002567, 30.557198000002483 ], [ -96.876674000002595, 30.601465000002776 ], [ -96.857572000002705, 30.611219000002318 ], [ -96.735349000002842, 30.672746000002455 ], [ -96.734999000002759, 30.672921000002109 ], [ -96.621423000001798, 30.730764000002864 ], [ -96.566983000001841, 30.695670000002572 ], [ -96.503491000002199, 30.723950000002997 ], [ -96.490842000001919, 30.729703000002736 ], [ -96.456599000002086, 30.746302000002892 ], [ -96.42140600000242, 30.79736100000251 ], [ -96.398138000001978, 30.841176000002648 ], [ -96.382611000002157, 30.870342000002861 ], [ -96.349364000002524, 30.911423000002923 ], [ -96.266289000002203, 30.961966000002704 ], [ -96.241020000001939, 30.973737000002156 ], [ -96.170918000002018, 30.994400000002759 ], [ -96.048912000002005, 31.068136000002788 ], [ -95.996126000002803, 31.08117400000215 ], [ -95.988775000002235, 31.086167000002281 ], [ -95.973841000002196, 31.09215000000269 ], [ -95.764410000002087, 31.094211000002705 ], [ -95.699751000002721, 31.077537000002629 ], [ -95.64853800000256, 31.07000500000219 ], [ -95.629250000002216, 31.046373000002479 ], [ -95.663180000002725, 31.033216000002643 ], [ -95.672597000002284, 30.976278000002957 ], [ -95.638683000002274, 30.926736000002919 ], [ -95.617872000002166, 30.930418000002629 ], [ -95.629597000002718, 30.900084000002437 ], [ -95.721894000002123, 30.908969000002323 ], [ -95.772122000001943, 30.888066000002222 ], [ -95.811663000001957, 30.868589000002832 ], [ -95.863059000002764, 30.86412500000214 ], [ -95.855053000002357, 30.806636000002563 ], [ -95.845544000002576, 30.737228000002133 ], [ -95.834197000001794, 30.658000000002311 ], [ -95.830240000001794, 30.630284000002337 ], [ -95.826891000002036, 30.59627200000261 ], [ -95.81747800000214, 30.500218000002381 ], [ -95.816840000002756, 30.492638000002358 ], [ -95.81192900000184, 30.431532000002282 ], [ -95.804335000002737, 30.314428000002188 ], [ -95.804306000002256, 30.245570000002349 ], [ -95.804097000002784, 30.226460000002461 ], [ -95.804000000002162, 30.189532000002369 ], [ -95.803886000002279, 30.178692000002975 ], [ -95.803330000002404, 30.090096000002305 ], [ -95.822019000002285, 30.08221300000293 ], [ -95.878592000001845, 30.120361000002411 ], [ -95.954124000001997, 30.144675000002653 ], [ -95.921173000002184, 30.055291000002654 ], [ -95.902338000001961, 30.002247000002537 ], [ -95.872965000002594, 29.919830000002506 ], [ -95.868966000002359, 29.908828000002813 ], [ -95.856851000002607, 29.874578000002167 ], [ -95.851512000002401, 29.86010800000259 ], [ -95.835991000002593, 29.816618000002208 ], [ -95.830196000002402, 29.800418000002853 ], [ -95.825975000002558, 29.788616000002978 ], [ -95.869072000002063, 29.771863000002568 ], [ -95.871646000002301, 29.770888000002227 ], [ -95.874118000002724, 29.770000000002497 ], [ -95.884940000002359, 29.765835000002397 ], [ -95.92059200000196, 29.752614000002524 ], [ -95.939485000002122, 29.745267000002748 ], [ -95.988739000002582, 29.728381000002937 ], [ -96.032711000002365, 29.727944000002164 ], [ -96.019294000001821, 29.699747000002731 ], [ -96.016438000002566, 29.627104000002589 ], [ -96.024850000002118, 29.602877000002913 ], [ -96.08891200000204, 29.601658000002875 ], [ -96.116250000002779, 29.623336000003036 ], [ -96.175422000001845, 29.63380600000238 ], [ -96.296083000002525, 29.52494300000215 ], [ -96.307672000002754, 29.51452300000215 ], [ -96.347358000002245, 29.411569000002679 ], [ -96.362455000002441, 29.399690000002352 ], [ -96.385345000002715, 29.388082000002928 ], [ -96.551693000002302, 29.295093000002609 ], [ -96.640315000002516, 29.247804000002738 ], [ -96.658466000002036, 29.263876000002799 ], [ -96.560555000002637, 29.33543900000285 ], [ -96.586458000002381, 29.362314000002399 ], [ -96.621459000002716, 29.398688000002156 ], [ -96.673590000002662, 29.452317000002253 ], [ -96.706155000001843, 29.486696000002365 ], [ -96.793132000002046, 29.577378000002462 ], [ -96.832812000002363, 29.576863000002682 ], [ -96.842338000002286, 29.612826000002716 ], [ -96.874222000002803, 29.632706000002958 ], [ -96.905413000002113, 29.63219800000299 ], [ -96.963634000002543, 29.631506000002375 ], [ -97.056561000002276, 29.629473000002701 ], [ -97.08142500000244, 29.629191000002752 ], [ -97.142643000002593, 29.628101000002161 ], [ -97.130517000002641, 29.64329600000281 ], [ -97.292785000002795, 29.765507000002525 ], [ -97.317893000002002, 29.784658000002111 ], [ -97.31582300000224, 29.786541000002337 ], [ -97.194235000002678, 29.896776000002266 ] ] ] } },
{ "type": "Feature", "properties": { "enacted_district": 11, "population": 768530.0, "voting_age_pop": 569057.0, "dem_votes": 62485.0, "rep_votes": 154542.0, "minority_pop": 297304.0, "dem_pct": 0.28791348528620242, "rep_pct": 0.71208651425302538 }, "geometry": { "type": "Polygon", "coordinates": [ [ [ -102.745531000002217, 31.651518000002405 ], [ -102.767246000002658, 31.651714000002158 ], [ -102.798939000002079, 31.651783000002084 ], [ -102.797574000002399, 31.770740000002331 ], [ -102.799086000002276, 32.085795000001895 ], [ -102.450601000001839, 32.087018000002459 ], [ -102.2870480000024, 32.086991000002548 ], [ -102.211249000002184, 32.086800000002626 ], [ -102.09339200000268, 32.086861000002273 ], [ -102.037475000002601, 32.086786000002576 ], [ -101.969962000001956, 32.086784000002439 ], [ -101.77608500000224, 32.08692500000268 ], [ -101.772008000002245, 32.086882000002433 ], [ -101.695011000002495, 32.087532000002057 ], [ -101.648865000002161, 32.087434000002702 ], [ -101.392968000002355, 32.087204000002643 ], [ -101.264216000002762, 32.087136000002175 ], [ -101.204292000001942, 32.087247000002328 ], [ -101.183997000002805, 32.087208000001972 ], [ -101.018920000002197, 32.086730000002518 ], [ -100.821594000002278, 32.086610000002594 ], [ -100.665353000002156, 32.085407000002121 ], [ -100.411476000002281, 32.082300000001986 ], [ -100.377131000002123, 32.081968000001943 ], [ -100.235137000002155, 32.082372000002493 ], [ -100.151911000002443, 32.082638000002625 ], [ -100.056042000001923, 32.082401000002719 ], [ -100.038386000002845, 32.08237800000235 ], [ -99.862650000002162, 32.081520000002115 ], [ -99.713971000002616, 32.082089000002064 ], [ -99.631413000002581, 32.081274000002637 ], [ -99.478315000001999, 32.080067000001975 ], [ -99.422906000002143, 32.080154000002743 ], [ -99.195871000002825, 32.079235000001965 ], [ -99.155818000002185, 32.079452000002782 ], [ -99.118665000002565, 32.079585000002396 ], [ -98.924401000001964, 32.078018000002544 ], [ -98.809670000002683, 31.909430000002853 ], [ -98.79023800000266, 31.881217000002696 ], [ -98.706654000002544, 31.757296000002643 ], [ -98.66844100000236, 31.700514000002219 ], [ -98.580163000002841, 31.712859000002531 ], [ -98.492802000002044, 31.723608000002791 ], [ -98.463736000001859, 31.683989000002224 ], [ -98.422094000002076, 31.627378000002405 ], [ -98.38322800000212, 31.572664000002863 ], [ -98.312768000001995, 31.474192000002081 ], [ -98.271070000002197, 31.41639800000215 ], [ -98.253255000002, 31.425789000002272 ], [ -98.180006000002095, 31.463717000002511 ], [ -98.088044000002824, 31.331227000002617 ], [ -98.071766000002199, 31.307225000002017 ], [ -97.950099000002567, 31.132284000002787 ], [ -97.926360000002163, 31.097883000002348 ], [ -97.907100000002856, 31.069374000002913 ], [ -97.883841000002278, 31.081387000002611 ], [ -97.846428000001822, 31.100610000002877 ], [ -97.838721000002025, 31.104591000002049 ], [ -97.815854000002602, 31.116210000002123 ], [ -97.804399000002462, 31.122092000002667 ], [ -97.750406000002243, 31.110243000002793 ], [ -97.74286800000192, 31.121368000002565 ], [ -97.706902000002785, 31.127803000002867 ], [ -97.703667000001886, 31.137856000002682 ], [ -97.65499400000256, 31.120383000002853 ], [ -97.663835000002763, 31.1149490000025 ], [ -97.685392000002835, 31.077074000002103 ], [ -97.684505000002645, 31.07480500000278 ], [ -97.669573000001961, 31.070682000002439 ], [ -97.633515000001935, 31.051974000002694 ], [ -97.607714000002559, 31.011170000002444 ], [ -97.64838400000184, 31.004906000002325 ], [ -97.690183000002719, 30.992235000002147 ], [ -97.729870000002677, 30.88762300000209 ], [ -97.828100000001839, 30.904414000002554 ], [ -97.856872000001957, 30.955782000002394 ], [ -97.88657800000216, 31.001664000002208 ], [ -97.911689000002042, 31.035009000002475 ], [ -98.100728000002846, 31.032906000002264 ], [ -98.160019000002805, 31.032094000002367 ], [ -98.182098000002256, 31.031890000002267 ], [ -98.281555000002001, 31.03092900000264 ], [ -98.439711000002603, 31.029647000002122 ], [ -98.459235000002082, 31.007745000002252 ], [ -98.448380000001961, 30.954316000002159 ], [ -98.445782000002325, 30.921439000002209 ], [ -98.44862000000272, 30.910089000002301 ], [ -98.448326000002481, 30.870588000002591 ], [ -98.422277000002723, 30.837212000002378 ], [ -98.404785000002605, 30.816004000001989 ], [ -98.423769000002281, 30.777821000002032 ], [ -98.424046000002122, 30.750507000002223 ], [ -98.382216000002401, 30.746722000002663 ], [ -98.434883000001918, 30.674205000002893 ], [ -98.428552000002, 30.657893000002453 ], [ -98.428900000002244, 30.655012000002067 ], [ -98.400608000001881, 30.599476000002188 ], [ -98.413089000002259, 30.581562000002176 ], [ -98.404086000002238, 30.56486800000264 ], [ -98.387864000002835, 30.568340000002433 ], [ -98.351982000002806, 30.558084000002538 ], [ -98.351041000002525, 30.486096000002821 ], [ -98.411924000002784, 30.502093000002606 ], [ -98.440983000001879, 30.501862000002617 ], [ -98.59167000000258, 30.499875000002653 ], [ -98.706166000002838, 30.499047000002648 ], [ -98.757521000002356, 30.498867000002516 ], [ -98.94235600000286, 30.498556000002456 ], [ -98.964232000002838, 30.498482000002543 ], [ -99.033510000002238, 30.498252000002235 ], [ -99.167736000002193, 30.498789000002244 ], [ -99.303996000002002, 30.499832000002431 ], [ -99.303360000002243, 30.435246000002408 ], [ -99.301718000001884, 30.28665300000279 ], [ -99.478880000002405, 30.288209000002585 ], [ -99.522154000002445, 30.288587000002039 ], [ -99.660618000002316, 30.289804000002139 ], [ -99.754142000002815, 30.290698000002649 ], [ -100.11646100000246, 30.290296000002179 ], [ -100.116701000002763, 30.340406000002769 ], [ -100.116633000002423, 30.468839000002312 ], [ -100.116234000002081, 30.71036600000221 ], [ -100.115216000002235, 31.087994000002279 ], [ -100.279523000001959, 31.088428000002523 ], [ -100.343894000002834, 31.088185000002593 ], [ -100.511931000002434, 31.087523000002044 ], [ -100.688764000002379, 31.086576000001951 ], [ -100.962176000002316, 31.082490000001997 ], [ -100.973788000001917, 31.08230200000213 ], [ -101.274799000002758, 31.079379000002259 ], [ -101.271888000002605, 31.294032000002598 ], [ -101.268939000002007, 31.442820000002119 ], [ -101.26794700000184, 31.52868800000228 ], [ -101.267630000001887, 31.556462000002483 ], [ -101.267122000002217, 31.650854000002639 ], [ -101.534679000002839, 31.651492000002047 ], [ -101.634332000001919, 31.651440000002378 ], [ -101.775802000002685, 31.651319000002431 ], [ -102.042823000002485, 31.651608000002199 ], [ -102.203009000002353, 31.651585000002282 ], [ -102.287345000002205, 31.651276000002188 ], [ -102.3180500000026, 31.651327000001999 ], [ -102.329193000002363, 31.651276000002703 ], [ -102.533468000002102, 31.651307000002404 ], [ -102.745531000002217, 31.651518000002405 ] ] ] } },
{ "type": "Feature", "properties": { "enacted_district": 12, "population": 764730.0, "voting_age_pop": 578968.0, "dem_votes": 101562.0, "rep_votes": 158661.0, "minority_pop": 237522.0, "dem_pct": 0.39028832947499326, "rep_pct": 0.60971167014072092 }, "geometry": { "type": "Polygon", "coordinates": [ [ [ -97.627950000002656, 32.635259000002314 ], [ -97.689321000002366, 32.663349000002007 ], [ -97.771646000001994, 32.702430000002849 ], [ -97.781467000002195, 32.716390000002697 ], [ -97.835023000002224, 32.716496000002856 ], [ -97.849913000002061, 32.728237000002395 ], [ -97.933011000002693, 32.710844000002126 ], [ -97.996314000002442, 32.68876800000249 ], [ -98.038578000002857, 32.649152000002793 ], [ -98.064369000002202, 32.637236000002879 ], [ -98.063333000002103, 32.679344000002132 ], [ -98.061716000002676, 32.755540000002092 ], [ -98.061219000001884, 32.774901000002835 ], [ -98.060338000002204, 32.810680000002165 ], [ -98.05950400000232, 32.842563000002841 ], [ -98.058834000002165, 32.876433000002329 ], [ -98.057770000002478, 32.920315000002027 ], [ -98.05609400000192, 33.003332000002423 ], [ -97.925499000002318, 33.00129600000232 ], [ -97.921642000001924, 33.001284000002755 ], [ -97.813297000002436, 32.999179000002393 ], [ -97.766953000002019, 32.998109000002287 ], [ -97.726882000002476, 32.997320000002809 ], [ -97.679565000002313, 32.996373000002109 ], [ -97.613330000002037, 32.995509000002592 ], [ -97.544181000001998, 32.994177000002878 ], [ -97.519863000002204, 32.994100000002227 ], [ -97.509033000001878, 32.993845000002054 ], [ -97.415462000002137, 32.992048000002079 ], [ -97.398459000001836, 32.991732000002216 ], [ -97.387905000001794, 32.99168400000292 ], [ -97.356054000002047, 32.991546000002863 ], [ -97.327762000002807, 32.991418000002135 ], [ -97.343209000002517, 32.978468000002628 ], [ -97.308174000001898, 32.975223000002089 ], [ -97.312530000002354, 32.942031000002572 ], [ -97.315334000002196, 32.933383000002515 ], [ -97.317048000001975, 32.914479000002615 ], [ -97.317066000002313, 32.903212000002334 ], [ -97.306945000002457, 32.903486000002751 ], [ -97.289616000001999, 32.902088000002266 ], [ -97.289638000002554, 32.893873000002891 ], [ -97.289584000002165, 32.892805000002113 ], [ -97.289677000002087, 32.890752000002173 ], [ -97.290436000001904, 32.872600000002535 ], [ -97.290073000002238, 32.860970000002339 ], [ -97.280504000002296, 32.860850000002372 ], [ -97.27675500000268, 32.839482000002107 ], [ -97.264084000002342, 32.839380000002443 ], [ -97.255474000002167, 32.840234000002276 ], [ -97.252850000002638, 32.840308000002842 ], [ -97.238729000002436, 32.840336000002473 ], [ -97.239075000002344, 32.823956000002561 ], [ -97.227831000002141, 32.823838000002866 ], [ -97.227479000002234, 32.824106000002899 ], [ -97.207469000001865, 32.823579000002781 ], [ -97.212353000002182, 32.808949000002713 ], [ -97.212398000002679, 32.804208000002404 ], [ -97.212166000002682, 32.804305000002032 ], [ -97.186530000002122, 32.806759000002685 ], [ -97.18376200000192, 32.802466000002703 ], [ -97.177477000002398, 32.794038000002281 ], [ -97.178502000002098, 32.781815000002396 ], [ -97.1790580000022, 32.780257000002329 ], [ -97.179249000002486, 32.779657000002821 ], [ -97.179780000001927, 32.779702000002118 ], [ -97.186604000002802, 32.78027600000231 ], [ -97.212769000002197, 32.778329000002529 ], [ -97.224959000002357, 32.776829000002181 ], [ -97.230845000002077, 32.77529200000216 ], [ -97.242832000002679, 32.770165000002635 ], [ -97.257426000002241, 32.767802000002369 ], [ -97.258815000002556, 32.766925000002438 ], [ -97.273263000002444, 32.778312000002913 ], [ -97.27321800000216, 32.77959700000207 ], [ -97.278204000002475, 32.779610000002165 ], [ -97.279248000002355, 32.779098000002918 ], [ -97.280894000002107, 32.778435000002325 ], [ -97.2795670000028, 32.779297000002373 ], [ -97.278922000002567, 32.779591000002554 ], [ -97.284133000002484, 32.779573000002046 ], [ -97.286018000001874, 32.779587000002081 ], [ -97.289542000002342, 32.781788000002358 ], [ -97.290645000002641, 32.780970000002931 ], [ -97.293594000002713, 32.795113000002793 ], [ -97.290609000002178, 32.795110000002126 ], [ -97.290552000002322, 32.80297900000221 ], [ -97.290547000001993, 32.806137000002828 ], [ -97.290551000002239, 32.806472000002003 ], [ -97.290562000001955, 32.80903600000228 ], [ -97.290546000002436, 32.809770000002665 ], [ -97.297186000002199, 32.810209000002551 ], [ -97.308276000002195, 32.81058100000245 ], [ -97.312390000002424, 32.824269000002872 ], [ -97.331496000002033, 32.824893000002767 ], [ -97.342971000002635, 32.837457000002345 ], [ -97.347307000002118, 32.842385000002579 ], [ -97.347511000002143, 32.842333000002164 ], [ -97.36280900000196, 32.83653900000202 ], [ -97.370792000002353, 32.833429000002646 ], [ -97.379380000002158, 32.829492000002453 ], [ -97.401332000002, 32.818995000002694 ], [ -97.398343000002086, 32.809730000002766 ], [ -97.397541000001993, 32.80929200000233 ], [ -97.388415000002198, 32.806387000002537 ], [ -97.3916440000026, 32.803478000002187 ], [ -97.391540000002394, 32.801129000002014 ], [ -97.390902000001844, 32.800310000002554 ], [ -97.390344000002742, 32.799038000002582 ], [ -97.390388000002645, 32.798203000002502 ], [ -97.390324000002806, 32.793422000002501 ], [ -97.391137000001805, 32.791887000002788 ], [ -97.387615000001759, 32.788989000002722 ], [ -97.387518000001776, 32.788896000002396 ], [ -97.383560000002177, 32.785626000002395 ], [ -97.375518000002742, 32.782390000002664 ], [ -97.372998000001857, 32.781598000002468 ], [ -97.372452000002767, 32.781332000002422 ], [ -97.371782000001801, 32.780938000002784 ], [ -97.372337000002076, 32.77520200000238 ], [ -97.37235100000224, 32.774572000002067 ], [ -97.360913000002355, 32.763958000002042 ], [ -97.344997000001925, 32.765799000002851 ], [ -97.342384000002696, 32.758087000002398 ], [ -97.334199000002755, 32.759098000002894 ], [ -97.338406000002166, 32.772574000002756 ], [ -97.339367000002497, 32.773392000002914 ], [ -97.339944000001793, 32.778139000002241 ], [ -97.325524000002403, 32.782215000002864 ], [ -97.319664000002803, 32.776282000002674 ], [ -97.310784000002215, 32.768710000002834 ], [ -97.308898000001875, 32.767391000002483 ], [ -97.308981000001822, 32.761249000002493 ], [ -97.308976000002403, 32.75964500000277 ], [ -97.303184000002403, 32.748376000002359 ], [ -97.311713000001959, 32.742956000002138 ], [ -97.312012000002113, 32.743014000002603 ], [ -97.320329000002658, 32.735401000002916 ], [ -97.32426000000234, 32.735500000002929 ], [ -97.325886000002583, 32.733060000002084 ], [ -97.326429000002605, 32.733114000002018 ], [ -97.331561000002438, 32.733140000002095 ], [ -97.331591000002376, 32.718155000002675 ], [ -97.331591000002462, 32.716611000002615 ], [ -97.331590000002763, 32.716267000002802 ], [ -97.331608000001921, 32.713139000002336 ], [ -97.333835000001955, 32.713155000002075 ], [ -97.33794900000224, 32.711357000002828 ], [ -97.342797000001994, 32.711401000002859 ], [ -97.343829000002756, 32.711395000002128 ], [ -97.345968000002102, 32.707777000002693 ], [ -97.345965000002337, 32.708087000002728 ], [ -97.346300000001804, 32.707774000002239 ], [ -97.350216000002035, 32.704166000002623 ], [ -97.352394000002406, 32.701938000002414 ], [ -97.352617000001842, 32.701714000002603 ], [ -97.360500000002403, 32.694544000002153 ], [ -97.37022700000216, 32.685319000002565 ], [ -97.373419000002727, 32.681933000002758 ], [ -97.372911000002716, 32.681494000002118 ], [ -97.370192000001794, 32.679423000002039 ], [ -97.364818000001804, 32.679769000002644 ], [ -97.362778000002393, 32.678100000002601 ], [ -97.361199000001875, 32.672496000002198 ], [ -97.356550000001917, 32.672669000002671 ], [ -97.355992000002416, 32.668439000002117 ], [ -97.355990000002464, 32.667963000002786 ], [ -97.352590000002635, 32.667257000002785 ], [ -97.352847000002598, 32.661459000002417 ], [ -97.353346000002205, 32.648829000002159 ], [ -97.360573000002233, 32.648943000002703 ], [ -97.359603000002338, 32.634804000002099 ], [ -97.357653000002543, 32.634800000002564 ], [ -97.3616510000018, 32.625465000002656 ], [ -97.371490000002439, 32.614903000002215 ], [ -97.350866000002299, 32.612338000002261 ], [ -97.351485000002725, 32.60679400000285 ], [ -97.355135000002235, 32.606785000002283 ], [ -97.359133000002757, 32.578590000002393 ], [ -97.3645870000027, 32.553362000002181 ], [ -97.386367000002593, 32.553559000002871 ], [ -97.430998000002319, 32.554106000002321 ], [ -97.503424000001885, 32.555439000002359 ], [ -97.550582000002663, 32.555391000002651 ], [ -97.550368000001939, 32.580323000002664 ], [ -97.549569000002577, 32.681079000002406 ], [ -97.549086000002106, 32.70312000000289 ], [ -97.549008000001905, 32.720569000002612 ], [ -97.548601000001796, 32.744518000002088 ], [ -97.548201000001839, 32.776114000002288 ], [ -97.597884000002153, 32.78544300000226 ], [ -97.680732000002635, 32.785681000002079 ], [ -97.666824000002521, 32.77007400000246 ], [ -97.673098000002398, 32.758512000002625 ], [ -97.673964000002599, 32.747559000002909 ], [ -97.676194000002837, 32.7193890000026 ], [ -97.675419000002762, 32.70547300000279 ], [ -97.615622000002205, 32.694712000002625 ], [ -97.616203000002201, 32.709905000002585 ], [ -97.592541000002299, 32.700538000002489 ], [ -97.595121000002365, 32.686122000002783 ], [ -97.585868000002634, 32.672291000002836 ], [ -97.578355000002603, 32.610382000002083 ], [ -97.627950000002656, 32.635259000002314 ] ] ] } },
{ "type": "Feature", "properties": { "enacted_district": 13, "population": 763901.0, "voting_age_pop": 583009.0, "dem_votes": 64378.0, "rep_votes": 183934.0, "minority_pop": 220784.0, "dem_pct": 0.25926254057022513, "rep_pct": 0.74073745902705568 }, "geometry": { "type": "Polygon", "coordinates": [ [ [ -102.191802000002099, 34.746893000002082 ], [ -102.263584000001856, 34.746791000002531 ], [ -102.317677000002575, 34.746393000001937 ], [ -102.525184000002554, 34.746931000001851 ], [ -102.600970000002704, 34.747148000001765 ], [ -102.848567000001879, 34.747500000002532 ], [ -102.866125000002441, 34.747528000002475 ], [ -103.042982000002183, 34.747361000002499 ], [ -103.042628000002082, 35.032445000002504 ], [ -103.042511000002762, 35.183157000002197 ], [ -103.041706000002719, 35.622488000002051 ], [ -103.041660000001926, 35.650950000002453 ], [ -103.041062000002313, 36.055226000002087 ], [ -103.041713000002218, 36.500439000001755 ], [ -102.894092000002701, 36.500264000001692 ], [ -102.643089000002604, 36.500488000002491 ], [ -102.366476000002478, 36.500396000001707 ], [ -102.162463000002717, 36.500326000002254 ], [ -101.973778000002724, 36.500165000002418 ], [ -101.623915000001745, 36.499528000002584 ], [ -101.440011000002116, 36.499374000002163 ], [ -101.330412000001886, 36.499561000002551 ], [ -101.085156000002314, 36.499244000002534 ], [ -100.806182000002622, 36.499674000001868 ], [ -100.546145000002682, 36.499343000001822 ], [ -100.421425000001861, 36.499480000002634 ], [ -100.310969000001776, 36.499629000002358 ], [ -100.258246000002799, 36.499814000002637 ], [ -100.000406000001846, 36.499702000002621 ], [ -100.0004000000026, 36.260226000002369 ], [ -100.000399000002659, 36.055677000001857 ], [ -100.000396000002326, 35.87919800000212 ], [ -100.000393000002617, 35.745219000002443 ], [ -100.000392000001966, 35.619115000002012 ], [ -99.999649000001838, 35.429774000002013 ], [ -100.000387000002675, 35.300072000002338 ], [ -100.000385000002154, 35.182702000002166 ], [ -100.000382000002261, 34.812480000002175 ], [ -100.000381000001994, 34.746358000002296 ], [ -100.00020800000236, 34.570457000002165 ], [ -99.997501000002799, 34.560574000002518 ], [ -99.953817000002473, 34.578527000001976 ], [ -99.888741000002085, 34.550452000002039 ], [ -99.767234000002119, 34.430502000002164 ], [ -99.735601000002404, 34.41284600000246 ], [ -99.694528000002322, 34.378218000002313 ], [ -99.600026000002003, 34.374688000002628 ], [ -99.569696000002821, 34.418418000002411 ], [ -99.517624000002399, 34.414494000002477 ], [ -99.475115000001765, 34.395930000001933 ], [ -99.398728000001796, 34.375832000002013 ], [ -99.375550000001965, 34.458789000002533 ], [ -99.341766000001755, 34.431266000001933 ], [ -99.320073000001884, 34.409267000002295 ], [ -99.261275000002286, 34.403508000002731 ], [ -99.269796000002202, 34.380843000002194 ], [ -99.208832000001962, 34.339172000002648 ], [ -99.213161000002714, 34.308476000002145 ], [ -99.189776000002126, 34.214357000002749 ], [ -99.119979000001877, 34.20182500000228 ], [ -99.056350000002695, 34.200014000002682 ], [ -98.952395000002596, 34.212497000002358 ], [ -98.88711200000246, 34.168260000002242 ], [ -98.8311150000022, 34.162154000002197 ], [ -98.753456000001876, 34.124609000002309 ], [ -98.690072000002203, 34.13315500000229 ], [ -98.643223000002237, 34.164531000002391 ], [ -98.577356000001998, 34.149100000002747 ], [ -98.536185000002817, 34.107234000002535 ], [ -98.486328000002018, 34.062598000002055 ], [ -98.423533000001925, 34.082843000002157 ], [ -98.398441000002805, 34.128456000002096 ], [ -98.364023000002419, 34.157109000002656 ], [ -98.339551000002658, 34.152797000002515 ], [ -98.257872000001981, 34.129665000002227 ], [ -98.232474000002242, 34.134641000002802 ], [ -98.168790000002474, 34.114262000002739 ], [ -98.123377000002762, 34.154540000002633 ], [ -98.090550000002779, 34.122484000002608 ], [ -98.120208000002634, 34.072127000002624 ], [ -98.105520000001917, 34.036766000001961 ], [ -98.08443500000206, 34.002893000002416 ], [ -98.0411170000026, 33.993456000002539 ], [ -97.971670000002121, 34.005434000001976 ], [ -97.946802000002805, 33.990893000002686 ], [ -97.957155000002118, 33.91445400000265 ], [ -97.977860000002394, 33.889825000002396 ], [ -97.877387000001804, 33.850236000002099 ], [ -97.835126000001907, 33.857432000002383 ], [ -97.805972000001802, 33.876571000002166 ], [ -97.763043000002256, 33.934145000002765 ], [ -97.720604000002481, 33.943955000002632 ], [ -97.687694000002239, 33.987180000002489 ], [ -97.661489000001922, 33.990818000002093 ], [ -97.597980000002167, 33.955247000002487 ], [ -97.572349000002717, 33.899263000002719 ], [ -97.504018000002276, 33.918257000002704 ], [ -97.484163000001843, 33.915510000002243 ], [ -97.485014000001797, 33.695682000002471 ], [ -97.485400000002215, 33.648943000002198 ], [ -97.486624000002365, 33.526242000002263 ], [ -97.487065000002474, 33.433681000002046 ], [ -97.460283000002704, 33.433490000002749 ], [ -97.383095000002839, 33.430450000002104 ], [ -97.335835000002461, 33.42883600000247 ], [ -97.23340600000256, 33.425483000002608 ], [ -97.220092000002083, 33.425122000002197 ], [ -97.217288000002043, 33.348843000002489 ], [ -97.204310000002025, 33.317990000002645 ], [ -97.180340000002175, 33.324630000002898 ], [ -97.147901000002406, 33.33125400000268 ], [ -97.12932700000276, 33.305821000002787 ], [ -97.092386000002193, 33.281836000002343 ], [ -97.049133000001873, 33.268563000002914 ], [ -97.036614000002601, 33.254123000002245 ], [ -97.036202000002035, 33.238050000002872 ], [ -97.019775000001914, 33.188336000002529 ], [ -97.019817000001879, 33.177408000002544 ], [ -97.042108000002401, 33.181129000002755 ], [ -97.056418000001926, 33.17525800000206 ], [ -97.064592000001795, 33.170437000002124 ], [ -97.065531000002181, 33.168540000002864 ], [ -97.064780000001917, 33.163051000002461 ], [ -97.075590000002407, 33.163513000002048 ], [ -97.09196500000202, 33.158223000002472 ], [ -97.096428000002618, 33.13214000000243 ], [ -97.102620000002659, 33.132390000002268 ], [ -97.114694000001961, 33.13252300000218 ], [ -97.120695000002314, 33.135765000002912 ], [ -97.123493000002242, 33.138356000002162 ], [ -97.125577000002082, 33.16146400000251 ], [ -97.126569000002235, 33.175991000002313 ], [ -97.141858000002074, 33.177190000002078 ], [ -97.140082000002522, 33.192191000002289 ], [ -97.139297000002074, 33.196537000002657 ], [ -97.139240000001976, 33.196650000002251 ], [ -97.14153000000276, 33.20656000000217 ], [ -97.161350000002074, 33.215809000002743 ], [ -97.172262000002078, 33.219226000002912 ], [ -97.197420000001799, 33.219569000002522 ], [ -97.218254000002361, 33.221410000002685 ], [ -97.391606000002284, 33.218935000002638 ], [ -97.392670000002099, 33.183509000002609 ], [ -97.502669000002285, 33.191279000002787 ], [ -97.556543000002193, 33.198035000002868 ], [ -97.584148000002557, 33.273666000002763 ], [ -97.586376000002176, 33.248922000002139 ], [ -97.603469000002562, 33.248751000002088 ], [ -97.610730000002505, 33.237888000002343 ], [ -97.604898000002393, 33.199292000002863 ], [ -97.608271000002077, 33.195458000002844 ], [ -97.647436000002443, 33.130000000002397 ], [ -97.673977000002495, 33.183948000002239 ], [ -97.694614000001962, 33.231774000002098 ], [ -97.755690000002247, 33.210396000002099 ], [ -97.769016000002296, 33.223163000002437 ], [ -97.852551000002222, 33.175109000002195 ], [ -97.856386000002402, 33.173703000002476 ], [ -97.874434000002239, 33.157103000002053 ], [ -97.919570000001784, 33.172495000002613 ], [ -97.919034000002199, 33.22564500000265 ], [ -97.918986000002164, 33.234058000002086 ], [ -97.91911300000244, 33.307436000002284 ], [ -97.918189000001817, 33.433873000002023 ], [ -97.978967000002285, 33.433748000002467 ], [ -97.978919000002136, 33.467129000002274 ], [ -98.090863000002798, 33.466509000002482 ], [ -98.196998000002523, 33.466307000002516 ], [ -98.324337000002274, 33.466412000002251 ], [ -98.4214190000027, 33.466797000002032 ], [ -98.420666000001901, 33.396195000002749 ], [ -98.538684000002036, 33.395846000002031 ], [ -98.57728900000204, 33.395646000002721 ], [ -98.61774300000188, 33.395432000002522 ], [ -98.781225000002536, 33.396208000002353 ], [ -98.953938000002083, 33.397534000002295 ], [ -99.212197000002234, 33.398426000002765 ], [ -99.472444000002625, 33.39902300000265 ], [ -99.641947000002759, 33.398558000002751 ], [ -99.737173000002755, 33.398368000002769 ], [ -99.990980000002082, 33.397404000002183 ], [ -100.257176000002062, 33.397551000002224 ], [ -100.517449000002117, 33.397866000002466 ], [ -100.64712200000244, 33.399051000002345 ], [ -100.859554000002404, 33.398130000002489 ], [ -101.038788000002455, 33.397214000002052 ], [ -101.03995400000268, 33.631374000002261 ], [ -101.041158000002397, 33.833625000002449 ], [ -101.041592000001941, 33.969059000002673 ], [ -101.04143700000202, 34.130796000002057 ], [ -101.041433000002016, 34.132588000002045 ], [ -101.041484000002001, 34.312444000002444 ], [ -101.153749000001767, 34.312322000002027 ], [ -101.303494000002004, 34.312330000002433 ], [ -101.329166000001862, 34.312575000002042 ], [ -101.471580000002476, 34.312290000002385 ], [ -101.472050000002, 34.439125000002612 ], [ -101.471980000002745, 34.463267000001942 ], [ -101.47184500000256, 34.548473000001863 ], [ -101.471407000002259, 34.637316000002507 ], [ -101.471562000002635, 34.747462000002386 ], [ -101.599254000002162, 34.747537000002012 ], [ -101.629257000002596, 34.747649000002554 ], [ -101.758400000002126, 34.747916000002554 ], [ -101.920474000002599, 34.748220000002327 ], [ -101.998493000002341, 34.748190000002218 ], [ -102.168839000002777, 34.747417000002073 ], [ -102.191802000002099, 34.746893000002082 ] ] ] } },
{ "type": "Feature", "properties": { "enacted_district": 14, "population": 767762.0, "voting_age_pop": 585918.0, "dem_votes": 91721.0, "rep_votes": 168108.0, "minority_pop": 257642.0, "dem_pct": 0.35300524562192626, "rep_pct": 0.64699475399320527 }, "geometry": { "type": "Polygon", "coordinates": [ [ [ -95.495650000001802, 28.764837000002984 ], [ -95.507086000002715, 28.825001000002249 ], [ -95.567708000001815, 28.829758000002712 ], [ -95.579240000002358, 28.859613000002316 ], [ -95.641670000002762, 28.903749000003049 ], [ -95.645822000002042, 28.938888000002574 ], [ -95.690494000001962, 28.96465700000282 ], [ -95.702192000001858, 28.96931100000257 ], [ -95.764937000002703, 28.96735900000224 ], [ -95.769182000002317, 28.98269100000228 ], [ -95.789293000002843, 29.069963000002556 ], [ -95.841499000002486, 29.098620000002207 ], [ -95.837541000002119, 29.129914000002241 ], [ -95.854889000002018, 29.190841000002223 ], [ -95.874028000002198, 29.229702000002696 ], [ -95.841948000002759, 29.258707000002858 ], [ -95.847656000002758, 29.262590000002319 ], [ -95.797820000002474, 29.307971000002812 ], [ -95.752866000002044, 29.324503000002927 ], [ -95.71686000000264, 29.313236000002888 ], [ -95.654355000002596, 29.290945000002417 ], [ -95.590793000002563, 29.327485000002284 ], [ -95.586501000001874, 29.319585000003023 ], [ -95.532850000001915, 29.338276000002669 ], [ -95.452241000002402, 29.32595800000265 ], [ -95.425887000002561, 29.334198000002729 ], [ -95.425457000001799, 29.317568000002815 ], [ -95.420630000002561, 29.317280000002299 ], [ -95.418630000002153, 29.351396000002762 ], [ -95.362397000002176, 29.352643000002672 ], [ -95.35242000000234, 29.402038000002673 ], [ -95.302374000002743, 29.403660000002784 ], [ -95.282127000002006, 29.405491000002364 ], [ -95.257874000002758, 29.380136000002953 ], [ -95.253466000002078, 29.381655000002553 ], [ -95.23611200000218, 29.389907000002943 ], [ -95.213600000002515, 29.395678000002817 ], [ -95.192190000002526, 29.404367000003003 ], [ -95.19591800000272, 29.409460000002525 ], [ -95.209340000001873, 29.429980000003003 ], [ -95.225430000001921, 29.453997000002548 ], [ -95.231808000001976, 29.472576000002721 ], [ -95.223994000002406, 29.514422000002298 ], [ -95.223404000002802, 29.517562000002311 ], [ -95.221862000002474, 29.526521000002436 ], [ -95.219091000002805, 29.541246000002516 ], [ -95.216422000002126, 29.55608000000252 ], [ -95.197024000002756, 29.542045000002481 ], [ -95.186335000002714, 29.523352000002244 ], [ -95.169056000002541, 29.51336900000226 ], [ -95.160724000001878, 29.497490000002323 ], [ -95.117139000002481, 29.508031000002273 ], [ -95.102664000002363, 29.52130100000219 ], [ -95.10247300000276, 29.521434000002738 ], [ -95.096176000002458, 29.535092000002795 ], [ -95.094764000002044, 29.535640000002996 ], [ -95.069201000002337, 29.556797000002696 ], [ -95.045077000002806, 29.555614000002493 ], [ -95.035538000002674, 29.552991000002734 ], [ -95.023718000002035, 29.548911000002896 ], [ -95.018205000002041, 29.554597000002349 ], [ -95.001760000002804, 29.525383000002815 ], [ -94.962128000002238, 29.507341000002636 ], [ -94.909707000002058, 29.497044000002724 ], [ -94.878775000002022, 29.513471000003086 ], [ -94.833380000001782, 29.516906000002617 ], [ -94.806244000002422, 29.54244700000234 ], [ -94.762569000002159, 29.52416200000285 ], [ -94.705198000001943, 29.538231000002384 ], [ -94.597389000002025, 29.562075000002945 ], [ -94.5459080000022, 29.572503000002826 ], [ -94.498177000002244, 29.544822000002942 ], [ -94.42286800000204, 29.566256000002319 ], [ -94.388519000002717, 29.595696000002565 ], [ -94.353948000002163, 29.611497000002537 ], [ -94.356800000002238, 29.810769000002999 ], [ -94.357976000002637, 29.887464000002279 ], [ -94.306861000002556, 29.900661000002991 ], [ -94.26884400000236, 29.931644000002311 ], [ -94.25097900000236, 29.926074000002995 ], [ -94.203872000002036, 29.98280000000268 ], [ -94.222291000002684, 30.023651000002889 ], [ -94.196049000002759, 30.023761000002636 ], [ -94.189229000001959, 30.023807000002709 ], [ -94.1893460000028, 30.03844600000259 ], [ -94.208883000002274, 30.064692000003038 ], [ -94.189817000002265, 30.078413000002872 ], [ -94.189970000001765, 30.091217000002636 ], [ -94.188831000002324, 30.091227000002597 ], [ -94.1714380000018, 30.091376000002221 ], [ -94.155504000002523, 30.093131000002462 ], [ -94.149639000002296, 30.093302000002229 ], [ -94.149524000002003, 30.08634300000249 ], [ -94.143324000002806, 30.085384000002293 ], [ -94.15548100000224, 30.072410000002403 ], [ -94.135282000001922, 30.075134000003057 ], [ -94.129157000001882, 30.055728000002389 ], [ -94.115478000002113, 30.055861000002533 ], [ -94.115585000002525, 30.05983300000252 ], [ -94.115702000002742, 30.066052000002379 ], [ -94.115439000001956, 30.078980000002709 ], [ -94.10837700000252, 30.081062000002511 ], [ -94.093779000002499, 30.086612000003019 ], [ -94.091038000002001, 30.094736000002982 ], [ -94.073790000002646, 30.11378900000291 ], [ -94.079578000002755, 30.127111000002785 ], [ -94.088707000002486, 30.130978000002532 ], [ -94.095379000002239, 30.133411000002308 ], [ -94.115917000001957, 30.160347000002641 ], [ -94.117604000002402, 30.24166500000247 ], [ -94.021774000001983, 30.24209400000241 ], [ -93.989365000002337, 30.242152000002296 ], [ -93.922714000002074, 30.24257200000287 ], [ -93.901452000002465, 30.24267200000309 ], [ -93.84899000000182, 30.243247000002302 ], [ -93.790807000002204, 30.24367900000253 ], [ -93.706993000002242, 30.243736000003011 ], [ -93.720931000001883, 30.208461000002849 ], [ -93.705953000002694, 30.175831000002425 ], [ -93.701437000002443, 30.127506000002946 ], [ -93.713144000002416, 30.107175000003075 ], [ -93.729718000002521, 30.088062000003085 ], [ -93.719715000002367, 30.06141500000254 ], [ -93.744544000002634, 30.019281000002515 ], [ -93.790087000002003, 29.986564000002652 ], [ -93.817286000002682, 29.918422000002561 ], [ -93.854412000002085, 29.865053000002895 ], [ -93.911268000002281, 29.829116000002958 ], [ -93.922407000002437, 29.78504800000287 ], [ -93.892817000002367, 29.756872000003032 ], [ -93.837412000001862, 29.689885000002999 ], [ -93.814351000001807, 29.596576000002813 ], [ -93.875006000002642, 29.621426000002327 ], [ -94.033565000002554, 29.625002000002624 ], [ -94.125180000002743, 29.595559000003099 ], [ -94.354880000001842, 29.506328000002984 ], [ -94.369361000001916, 29.500620000002797 ], [ -94.499452000001995, 29.452337000002519 ], [ -94.61302500000248, 29.40291000000245 ], [ -94.650311000002674, 29.382820000003001 ], [ -94.626202000002777, 29.352125000002651 ], [ -94.635202000001797, 29.311996000002416 ], [ -94.666220000002085, 29.28104700000295 ], [ -94.713311000001994, 29.28252100000277 ], [ -94.772258000002239, 29.232014000002863 ], [ -94.783924000002514, 29.226182000002307 ], [ -94.795963000002644, 29.220179000002823 ], [ -94.811966000002755, 29.212199000002553 ], [ -94.912171000002118, 29.159318000002976 ], [ -95.000202000001963, 29.104452000002411 ], [ -95.091622000002459, 29.062739000002324 ], [ -95.094336000002585, 29.032240000002801 ], [ -95.206428000001821, 28.926692000002749 ], [ -95.257070000002784, 28.890363000002282 ], [ -95.30812100000216, 28.858830000002275 ], [ -95.322113000002275, 28.834442000002596 ], [ -95.401434000002439, 28.80594200000257 ], [ -95.420071000001798, 28.805625000002621 ], [ -95.495650000001802, 28.764837000002984 ] ] ] } },
{ "type": "Feature", "properties": { "enacted_district": 15, "population": 767543.0, "voting_age_pop": 551998.0, "dem_votes": 93996.0, "rep_votes": 85993.0, "minority_pop": 455601.0, "dem_pct": 0.52223191388238621, "rep_pct": 0.47776808556202427 }, "geometry": { "type": "Polygon", "coordinates": [ [ [ -98.386678000002519, 26.157968000002793 ], [ -98.442280000002839, 26.198911000002337 ], [ -98.449305000002397, 26.223307000002556 ], [ -98.50376600000196, 26.208800000002309 ], [ -98.537415000002156, 26.22880100000225 ], [ -98.586715000002741, 26.257542000002612 ], [ -98.582701000001919, 26.265383000002736 ], [ -98.5688490000028, 26.292412000002891 ], [ -98.545459000002637, 26.338298000002307 ], [ -98.491943000002763, 26.445362000002785 ], [ -98.466270000002723, 26.49445700000215 ], [ -98.433310000002677, 26.55688500000209 ], [ -98.320670000002281, 26.783081000002134 ], [ -98.422616000002037, 26.783535000002558 ], [ -98.421802000002273, 26.858896000002449 ], [ -98.419695000002207, 26.964248000002289 ], [ -98.417883000001922, 27.055285000002208 ], [ -98.466542000001994, 27.054711000002644 ], [ -98.467266000001914, 27.140087000002865 ], [ -98.492910000002837, 27.142062000002714 ], [ -98.492943000002086, 27.235012000002921 ], [ -98.523284000002121, 27.265150000002539 ], [ -98.385503000002046, 27.263824000002465 ], [ -98.232464000002722, 27.262487000002899 ], [ -98.232667000001982, 27.320285000002357 ], [ -98.233072000002778, 27.461142000002628 ], [ -98.233656000002881, 27.585356000002719 ], [ -98.233704000002319, 27.667445000002662 ], [ -98.234153000002564, 27.714716000002383 ], [ -98.234166000002801, 27.743745000002633 ], [ -98.234486000002164, 27.788384000002083 ], [ -98.235422000002004, 27.995728000002519 ], [ -98.235497000002724, 28.05796600000226 ], [ -98.334323000002485, 28.057800000002658 ], [ -98.334300000002003, 28.208435000002545 ], [ -98.334252000002238, 28.383108000002117 ], [ -98.334267000002242, 28.387474000002477 ], [ -98.334373000002358, 28.483240000002244 ], [ -98.335031000002004, 28.612658000002888 ], [ -98.1984770000021, 28.713222000002823 ], [ -98.098315000002117, 28.786949000002437 ], [ -98.104272000002126, 28.792918000002484 ], [ -98.127956000002598, 28.817150000002218 ], [ -98.160493000002162, 28.852640000002634 ], [ -98.190991000001901, 28.882333000002923 ], [ -98.205643000002766, 28.898010000002884 ], [ -98.290227000002844, 28.990063000002586 ], [ -98.330822000002343, 29.033529000002172 ], [ -98.407336000002005, 29.114435000002889 ], [ -98.372654000002797, 29.155500000002416 ], [ -98.327196000002445, 29.209868000002757 ], [ -98.287020000002641, 29.257626000002698 ], [ -98.255615000002365, 29.296176000002109 ], [ -98.204587000002604, 29.358236000002304 ], [ -98.138033000002082, 29.439391000002384 ], [ -98.134171000002354, 29.441751000002771 ], [ -98.122574000002217, 29.37854900000227 ], [ -98.099713000002566, 29.372060000002648 ], [ -98.068376000002417, 29.379337000002899 ], [ -98.058526000001876, 29.419142000002783 ], [ -98.065309000002159, 29.466215000002705 ], [ -98.043002000002403, 29.486950000002885 ], [ -98.072315000002817, 29.540577000002585 ], [ -98.056234000002036, 29.545840000002624 ], [ -98.045526000002553, 29.549387000002348 ], [ -98.032484000001887, 29.561162000002515 ], [ -98.023912000002085, 29.566604000002876 ], [ -98.02710200000196, 29.607619000002551 ], [ -98.027476000001897, 29.614022000002159 ], [ -98.026951000002754, 29.61985400000265 ], [ -98.067597000001896, 29.655773000002657 ], [ -98.071035000002837, 29.661842000002466 ], [ -98.090520000002783, 29.668915000002222 ], [ -98.092027000002801, 29.670267000002426 ], [ -98.090927000001983, 29.683245000002863 ], [ -98.090685000002281, 29.683325000002089 ], [ -98.058526000002416, 29.70773800000249 ], [ -98.05734200000262, 29.708700000002445 ], [ -98.001106000002437, 29.75105100000205 ], [ -97.99927100000204, 29.752444000002107 ], [ -97.971558000002446, 29.779417000002375 ], [ -97.875259000001876, 29.858208000002296 ], [ -97.84234900000196, 29.832131000002104 ], [ -97.842351000001884, 29.799224000002827 ], [ -97.780917000001921, 29.759258000002728 ], [ -97.773340000002364, 29.741852000002488 ], [ -97.768764000002463, 29.741730000002928 ], [ -97.735720000002758, 29.691198000002661 ], [ -97.705506000002217, 29.682636000002312 ], [ -97.700536000002273, 29.66841300000284 ], [ -97.650834000002277, 29.666153000002879 ], [ -97.633176000001924, 29.649863000002529 ], [ -97.664987000002199, 29.607720000002569 ], [ -97.7396390000022, 29.509381000002808 ], [ -97.804618000001966, 29.42304100000214 ], [ -97.840383000002163, 29.376791000002392 ], [ -97.858782000002293, 29.352890000002784 ], [ -97.730480000002302, 29.223728000002815 ], [ -97.7284430000024, 29.221748000002439 ], [ -97.613132000002835, 29.109765000002582 ], [ -97.679192000002601, 29.062511000002893 ], [ -97.714274000002163, 29.036720000002298 ], [ -97.755110000002674, 29.007113000002931 ], [ -97.720068000002087, 28.969507000002466 ], [ -97.60163900000228, 28.842392000002786 ], [ -97.574639000002236, 28.813300000002091 ], [ -97.623521000002398, 28.778506000002334 ], [ -97.653782000002707, 28.756962000002879 ], [ -97.684735000001936, 28.73501600000257 ], [ -97.778530000002107, 28.668027000002287 ], [ -97.822964000002017, 28.670563000002797 ], [ -97.836339000002482, 28.680499000002936 ], [ -97.918139000001901, 28.719156000002268 ], [ -97.998850000002307, 28.69220500000262 ], [ -98.005252000002287, 28.69023900000262 ], [ -98.08976400000212, 28.662979000002107 ], [ -98.075851000002402, 28.639468000002669 ], [ -98.032567000002103, 28.566346000002738 ], [ -97.99999100000268, 28.511583000002897 ], [ -97.984916000002116, 28.485552000002347 ], [ -97.90008600000256, 28.339444000002377 ], [ -97.853076000002417, 28.258682000002448 ], [ -97.838347000002514, 28.234086000002453 ], [ -97.817716000002079, 28.176848000002785 ], [ -97.8929000000023, 28.122325000002672 ], [ -97.904081000002122, 28.114228000002282 ], [ -97.908203000002217, 28.087992000002608 ], [ -97.883148000002677, 28.056900000002369 ], [ -97.860843000002816, 28.038230000002279 ], [ -97.801388000002717, 28.038360000002388 ], [ -97.798517000002306, 27.995659000002281 ], [ -97.855388000002407, 27.949066000002876 ], [ -97.875198000002285, 27.932847000002884 ], [ -97.934274000002276, 27.885202000002245 ], [ -97.933976000002417, 27.861980000002852 ], [ -97.933804000002823, 27.847633000002656 ], [ -97.937745000002721, 27.704312000002659 ], [ -97.938257000002196, 27.695801000002593 ], [ -97.942146000002083, 27.635932000002647 ], [ -98.029905000002842, 27.635793000002796 ], [ -98.059668000001963, 27.609234000002861 ], [ -98.059088000002504, 27.469652000002142 ], [ -98.058625000002166, 27.365669000002558 ], [ -98.058423000002605, 27.327777000002701 ], [ -98.058078000002524, 27.260981000002715 ], [ -97.986011000002094, 27.256809000002914 ], [ -97.98588700000208, 27.20930800000281 ], [ -97.985734000002836, 27.074380000002456 ], [ -97.98570600000248, 27.054624000002452 ], [ -97.985681000001875, 26.960906000002733 ], [ -97.985494000002561, 26.780917000002276 ], [ -97.985303000002006, 26.615809000002493 ], [ -97.957405000002481, 26.61176900000272 ], [ -97.980479000002802, 26.535990000002261 ], [ -98.004189000001915, 26.44878400000249 ], [ -98.00011400000264, 26.448183000002501 ], [ -97.988318000002423, 26.446514000002779 ], [ -97.908273000002282, 26.433243000002392 ], [ -97.887847000002239, 26.433441000002663 ], [ -97.861895000002136, 26.422066000002424 ], [ -97.861875000001916, 26.348156000002408 ], [ -97.922955000002446, 26.357154000002904 ], [ -97.937003000002235, 26.321344000002963 ], [ -97.969148000002676, 26.3260130000026 ], [ -97.977118000002122, 26.327197000002691 ], [ -98.014201000002799, 26.33259500000247 ], [ -98.013416000002337, 26.296426000002413 ], [ -98.037785000002785, 26.296370000002657 ], [ -98.037727000002675, 26.292849000002477 ], [ -98.089504000002435, 26.298125000002472 ], [ -98.116832000002887, 26.293928000002595 ], [ -98.128279000002323, 26.296092000002417 ], [ -98.133460000002358, 26.297409000002897 ], [ -98.154692000002683, 26.300270000002921 ], [ -98.156010000002567, 26.285638000002717 ], [ -98.155671000002457, 26.262300000002902 ], [ -98.156426000002185, 26.257910000002095 ], [ -98.158571000002382, 26.245341000002743 ], [ -98.163124000002284, 26.24596900000277 ], [ -98.173274000002024, 26.24734700000241 ], [ -98.175363000002037, 26.24762500000206 ], [ -98.187014000001923, 26.249217000002353 ], [ -98.195405000002793, 26.250407000002166 ], [ -98.199645000002221, 26.250995000002728 ], [ -98.204180000002182, 26.251625000002829 ], [ -98.206646000001982, 26.237224000002161 ], [ -98.202339000002397, 26.236621000002604 ], [ -98.202010000002034, 26.236573000002331 ], [ -98.19782200000212, 26.235991000002819 ], [ -98.199024000002538, 26.2288770000021 ], [ -98.179205000002042, 26.22613000000263 ], [ -98.179754000002006, 26.218842000002905 ], [ -98.163461000001917, 26.216612000002563 ], [ -98.165578000001943, 26.2041420000022 ], [ -98.166785000002619, 26.197121000002856 ], [ -98.183271000002037, 26.199394000002279 ], [ -98.186431000002159, 26.180622000002668 ], [ -98.169965000002264, 26.178470000002555 ], [ -98.173413000002839, 26.156875000002714 ], [ -98.176709000001964, 26.138935000002551 ], [ -98.1797320000029, 26.121015000002117 ], [ -98.14687800000236, 26.116482000002744 ], [ -98.137077000001966, 26.173887000002473 ], [ -98.130591000002539, 26.165656000002045 ], [ -98.122850000002714, 26.16457600000232 ], [ -98.113244000001899, 26.170580000002943 ], [ -98.111346000002001, 26.18158700000258 ], [ -98.110039000002715, 26.189188000002641 ], [ -98.109995000002101, 26.189449000002664 ], [ -98.107929000002116, 26.201542000002096 ], [ -98.093157000001924, 26.189469000002433 ], [ -98.093576000002486, 26.186966000002247 ], [ -98.093931000002399, 26.1849560000026 ], [ -98.09505400000198, 26.178591000002942 ], [ -98.092545000002175, 26.178141000002775 ], [ -98.09033800000222, 26.183225000002423 ], [ -98.073428000001954, 26.174384000002458 ], [ -98.06997600000274, 26.158994000002167 ], [ -98.069998000001959, 26.158819000002495 ], [ -98.071355000002541, 26.101479000002623 ], [ -98.076070000002602, 26.06694900000252 ], [ -98.114299000002404, 26.065392000002166 ], [ -98.12998600000212, 26.074271000002891 ], [ -98.203200000002042, 26.06409900000228 ], [ -98.204959000002034, 26.066418000002905 ], [ -98.260834000002234, 26.083331000002673 ], [ -98.265863000002483, 26.117333000002592 ], [ -98.309071000002874, 26.111523000002741 ], [ -98.357952000002086, 26.169721000002905 ], [ -98.370980000002035, 26.157197000002821 ], [ -98.386678000002519, 26.157968000002793 ] ] ] } },
{ "type": "Feature", "properties": { "enacted_district": 16, "population": 749244.0, "voting_age_pop": 562288.0, "dem_votes": 137247.0, "rep_votes": 58497.0, "minority_pop": 489852.0, "dem_pct": 0.70115559061776833, "rep_pct": 0.29884440887136032 }, "geometry": { "type": "Polygon", "coordinates": [ [ [ -106.560579000002633, 31.810686000002018 ], [ -106.590135000002164, 31.823195000002297 ], [ -106.605746000002043, 31.84623900000183 ], [ -106.63348100000232, 31.864679000002035 ], [ -106.630295000002164, 31.88583200000172 ], [ -106.620071000002724, 31.916634000001704 ], [ -106.625479000002343, 31.957636000002005 ], [ -106.618486000001965, 32.000495000001635 ], [ -106.564212000001802, 32.000757000001826 ], [ -106.513986000002262, 32.000798000002426 ], [ -106.495866000002323, 31.912354000002125 ], [ -106.442656000002259, 31.927700000001813 ], [ -106.441661000002725, 31.936114000001776 ], [ -106.407927000002559, 31.943012000001939 ], [ -106.407860000002515, 31.940659000002157 ], [ -106.407798000002785, 31.93732000000178 ], [ -106.389304000001957, 31.928502000001913 ], [ -106.393710000001875, 31.922111000002417 ], [ -106.394025000002017, 31.898948000001702 ], [ -106.388574000002393, 31.898914000001675 ], [ -106.397520000002359, 31.884806000001841 ], [ -106.406135000002138, 31.871217000002055 ], [ -106.406896000002405, 31.870017000002221 ], [ -106.420259000002261, 31.848932000002083 ], [ -106.429040000002615, 31.83506600000192 ], [ -106.376089000001741, 31.82181400000167 ], [ -106.33085600000264, 31.840999000001801 ], [ -106.330527000002675, 31.798322000002049 ], [ -106.31985900000204, 31.79951300000215 ], [ -106.302463000001879, 31.801798000002137 ], [ -106.28529100000182, 31.804069000001636 ], [ -106.272771000002479, 31.805982000001841 ], [ -106.267673000001778, 31.806641000001971 ], [ -106.245889000002165, 31.809510000002113 ], [ -106.245867000002463, 31.809239000002162 ], [ -106.223886000002807, 31.802824000002229 ], [ -106.217039000002742, 31.809195000001843 ], [ -106.205074000002284, 31.814942000001903 ], [ -106.200105000001955, 31.815594000002335 ], [ -106.199742000001919, 31.783801000002352 ], [ -106.199648000002554, 31.776166000002277 ], [ -106.199588000002763, 31.769328000002371 ], [ -106.199054000002761, 31.72614900000217 ], [ -106.198682000002293, 31.699151000002153 ], [ -106.198490000002323, 31.682728000002037 ], [ -106.174142000001922, 31.682698000001853 ], [ -106.174343000002366, 31.680203000002304 ], [ -106.183645000002244, 31.660629000001872 ], [ -106.198180000002239, 31.654041000002 ], [ -106.2108590000025, 31.622544000001675 ], [ -106.236659000002234, 31.615791000002275 ], [ -106.246950000002556, 31.613140000002218 ], [ -106.270887000002844, 31.631704000002131 ], [ -106.28660200000202, 31.649917000001871 ], [ -106.299513000002364, 31.664973000001702 ], [ -106.302154000002403, 31.662723000002231 ], [ -106.302830000002302, 31.662722000002383 ], [ -106.303275000002444, 31.662608000001633 ], [ -106.306647000002215, 31.662766000002534 ], [ -106.328430000002385, 31.689443000002225 ], [ -106.337926000002156, 31.671211000002437 ], [ -106.346973000002166, 31.691105000002469 ], [ -106.357006000002514, 31.70218700000207 ], [ -106.368294000002464, 31.709571000002196 ], [ -106.377628000001877, 31.72696200000177 ], [ -106.383803000002459, 31.733643000001884 ], [ -106.394719000001857, 31.739250000002119 ], [ -106.404120000002138, 31.744621000002272 ], [ -106.421849000001998, 31.752928000002292 ], [ -106.433638000001835, 31.754563000002015 ], [ -106.45116500000222, 31.764361000001877 ], [ -106.467556000002361, 31.75921000000216 ], [ -106.499074000001883, 31.755056000001936 ], [ -106.508507000002524, 31.761050000002367 ], [ -106.527061000002021, 31.788845000002041 ], [ -106.546544000002243, 31.806606000001732 ], [ -106.560579000002633, 31.810686000002018 ] ] ] } },
{ "type": "Feature", "properties": { "enacted_district": 17, "population": 767486.0, "voting_age_pop": 590925.0, "dem_votes": 92298.0, "rep_votes": 156797.0, "minority_pop": 255654.0, "dem_pct": 0.37053333050822646, "rep_pct": 0.62946666909032023 }, "geometry": { "type": "Polygon", "coordinates": [ [ [ -97.522961000002439, 30.440888000002172 ], [ -97.554819000002496, 30.457190000002523 ], [ -97.591865000002286, 30.471708000002181 ], [ -97.604986000002086, 30.450820000002281 ], [ -97.607929000002159, 30.445891000002913 ], [ -97.62482500000236, 30.448722000002181 ], [ -97.627647000001915, 30.443055000002424 ], [ -97.643442000002437, 30.442759000002724 ], [ -97.661714000002064, 30.448716000002911 ], [ -97.667511000001923, 30.461812000002624 ], [ -97.670168000002818, 30.469721000002274 ], [ -97.673759000001922, 30.480101000002772 ], [ -97.674240000002243, 30.480790000002479 ], [ -97.684120000002238, 30.476290000002752 ], [ -97.683003000002103, 30.50239900000248 ], [ -97.685319000002281, 30.507333000002671 ], [ -97.687123000001918, 30.513079000002808 ], [ -97.689321000002096, 30.524354000002653 ], [ -97.691303000001838, 30.535009000002351 ], [ -97.692220000002521, 30.535364000002225 ], [ -97.692668000002357, 30.558173000002579 ], [ -97.680421000001843, 30.561642000002067 ], [ -97.680304000002664, 30.561675000002342 ], [ -97.664817000002799, 30.567178000002912 ], [ -97.667496000002046, 30.555104000002824 ], [ -97.650016000002822, 30.543665000002285 ], [ -97.657942000002478, 30.535340000002595 ], [ -97.657237000002596, 30.51760900000205 ], [ -97.655506000001964, 30.517854000002096 ], [ -97.645757000001822, 30.519591000002571 ], [ -97.638234000002143, 30.508336000002146 ], [ -97.613487000002237, 30.508414000002219 ], [ -97.590053000002641, 30.508484000002923 ], [ -97.61394800000248, 30.531827000002767 ], [ -97.583433000002799, 30.536593000002643 ], [ -97.571984000001962, 30.517783000002584 ], [ -97.545900000002206, 30.521721000002564 ], [ -97.525994000002484, 30.546523000002288 ], [ -97.484001000001925, 30.553890000002468 ], [ -97.483166000001958, 30.554046000002767 ], [ -97.473761000001957, 30.520733000002227 ], [ -97.47026700000238, 30.537287000002692 ], [ -97.402978000002165, 30.533004000002403 ], [ -97.370662000002355, 30.563515000002717 ], [ -97.384054000002195, 30.585601000002946 ], [ -97.427141000001882, 30.623310000002721 ], [ -97.432632000001917, 30.632447000002063 ], [ -97.439031000002515, 30.644188000002593 ], [ -97.377205000002434, 30.670156000002851 ], [ -97.339228000002763, 30.70158500000224 ], [ -97.252409000001975, 30.693473000002591 ], [ -97.26783600000276, 30.730259000002121 ], [ -97.307818000002726, 30.749572000002821 ], [ -97.315485000002525, 30.75236300000212 ], [ -97.289487000001841, 30.816285000002228 ], [ -97.26510000000188, 30.874939000002488 ], [ -97.250313000001995, 30.895112000002637 ], [ -97.119912000002657, 30.960920000002591 ], [ -97.074971000002506, 30.98355600000238 ], [ -97.070057000002663, 30.986031000002367 ], [ -97.166794000002724, 31.122952000002364 ], [ -97.201361000001981, 31.17160300000242 ], [ -97.206153000002516, 31.178329000002439 ], [ -97.2282960000027, 31.209241000002152 ], [ -97.278113000001994, 31.279799000002807 ], [ -97.328143000002044, 31.252580000002105 ], [ -97.372971000001954, 31.274023000002231 ], [ -97.418606000002697, 31.320202000002496 ], [ -97.450552000002716, 31.366163000002363 ], [ -97.489105000001956, 31.421339000002543 ], [ -97.507773000002643, 31.447972000002125 ], [ -97.605230000002436, 31.587762000002765 ], [ -97.442033000002596, 31.666413000002631 ], [ -97.386556000002201, 31.692571000002609 ], [ -97.277265000001833, 31.74549200000267 ], [ -97.187335000002406, 31.790169000002699 ], [ -97.090197000002163, 31.838135000002097 ], [ -97.037266000002305, 31.863079000002376 ], [ -96.997344000001817, 31.803704000002643 ], [ -96.983923000002619, 31.783855000002692 ], [ -96.971768000001873, 31.765901000002295 ], [ -96.948635000002824, 31.732430000002729 ], [ -96.93221500000206, 31.708887000002729 ], [ -96.838572000002785, 31.755274000002263 ], [ -96.811438000002639, 31.768700000002209 ], [ -96.735543000002124, 31.806667000002509 ], [ -96.719114000002378, 31.814887000002496 ], [ -96.564683000002162, 31.80208100000295 ], [ -96.496713000001805, 31.796191000002764 ], [ -96.471094000002282, 31.758977000002258 ], [ -96.437468000001857, 31.709690000002972 ], [ -96.374210000001796, 31.716645000002679 ], [ -96.373450000001796, 31.740230000002622 ], [ -96.329334000001822, 31.707373000002963 ], [ -96.269626000002233, 31.72401800000242 ], [ -96.301618000002577, 31.698594000002959 ], [ -96.293711000002006, 31.649913000002211 ], [ -96.264680000002457, 31.634533000002889 ], [ -96.21346400000256, 31.678438000002139 ], [ -96.160527000002205, 31.649601000002409 ], [ -96.123424000001961, 31.649359000002899 ], [ -96.079658000002638, 31.646810000002752 ], [ -96.070971000002316, 31.64522300000294 ], [ -96.008752000002247, 31.61670100000298 ], [ -95.910057000001899, 31.598670000002336 ], [ -95.891227000002743, 31.571491000002304 ], [ -95.848618000002404, 31.590562000002752 ], [ -95.787300000002205, 31.618385000002913 ], [ -95.710112000001885, 31.615587000002225 ], [ -95.716065000001961, 31.594613000002241 ], [ -95.718512000001994, 31.553659000002117 ], [ -95.75107200000248, 31.551964000002272 ], [ -95.739279000002639, 31.504056000002254 ], [ -95.650427000002793, 31.526212000002911 ], [ -95.651764000002316, 31.541791000002647 ], [ -95.493001000002394, 31.564927000003049 ], [ -95.405534000001865, 31.575854000002877 ], [ -95.273203000002766, 31.592886000002665 ], [ -95.23162100000188, 31.573903000002424 ], [ -95.176359000001995, 31.584826000003023 ], [ -95.127384000002436, 31.53805600000301 ], [ -95.099966000002595, 31.518869000002969 ], [ -95.110199000002282, 31.485019000002264 ], [ -95.060348000002762, 31.467910000002952 ], [ -95.003345000002724, 31.42571000000294 ], [ -94.929210000002485, 31.480303000002593 ], [ -94.865857000002237, 31.526916000002245 ], [ -94.868151000002442, 31.526707000002631 ], [ -94.924874000001935, 31.582924000002631 ], [ -94.951292000002326, 31.642723000002992 ], [ -94.952637000002682, 31.676571000002561 ], [ -94.965223000002354, 31.693885000002265 ], [ -94.960433000001984, 31.753085000002965 ], [ -94.937532000002761, 31.845555000002314 ], [ -94.824774000002705, 31.844156000002549 ], [ -94.777094000002279, 31.843969000002375 ], [ -94.724764000002182, 31.843828000002802 ], [ -94.610240000002094, 31.843913000002384 ], [ -94.581301000001886, 31.843980000002961 ], [ -94.452513000002, 31.844113000002164 ], [ -94.425157000002656, 31.801458000002494 ], [ -94.426213000002264, 31.76846600000286 ], [ -94.414784000002697, 31.729689000002253 ], [ -94.399091000002599, 31.653596000003105 ], [ -94.3942560000025, 31.638872000002294 ], [ -94.328823000002444, 31.593835000002468 ], [ -94.311100000002, 31.588482000002799 ], [ -94.302364000001859, 31.512017000002821 ], [ -94.318334000002764, 31.47636000000244 ], [ -94.314650000002359, 31.408738000002707 ], [ -94.327501000002442, 31.382733000002577 ], [ -94.315324000002278, 31.305900000002577 ], [ -94.339109000002367, 31.264442000002393 ], [ -94.326616000002062, 31.224754000002999 ], [ -94.301503000002697, 31.211828000002512 ], [ -94.218997000002062, 31.173265000002555 ], [ -94.189586000002393, 31.134014000002431 ], [ -94.129632000002275, 31.099280000002832 ], [ -94.171374000002061, 31.091073000002343 ], [ -94.283754000001835, 31.068716000002272 ], [ -94.457816000002282, 31.033325000002961 ], [ -94.516501000002194, 31.049804000002371 ], [ -94.561943000002444, 31.058952000002364 ], [ -94.602051000002305, 31.074084000003012 ], [ -94.689117000001843, 31.097795000002648 ], [ -94.752697000002399, 31.106448000002189 ], [ -94.810158000001906, 31.132950000002705 ], [ -94.842947000002482, 31.146578000002997 ], [ -94.877684000002446, 31.108804000002955 ], [ -94.939127000002685, 31.042048000002524 ], [ -95.010324000002115, 30.983827000002343 ], [ -95.097314000002683, 30.911061000002547 ], [ -95.166581000002537, 30.852709000002573 ], [ -95.200180000002561, 30.82456600000274 ], [ -95.234955000002699, 30.851324000002712 ], [ -95.233530000002375, 30.889897000002659 ], [ -95.265822000002558, 30.905033000002259 ], [ -95.31410600000244, 30.896041000002722 ], [ -95.316779000002555, 30.879850000002751 ], [ -95.327480000001927, 30.859547000002173 ], [ -95.33029600000242, 30.828287000002401 ], [ -95.338625000002679, 30.737826000002919 ], [ -95.402649000002441, 30.727953000002451 ], [ -95.447126000002157, 30.706332000002217 ], [ -95.511093000002617, 30.710979000002222 ], [ -95.524704000002018, 30.707950000002331 ], [ -95.498326000002024, 30.641564000002891 ], [ -95.508425000002504, 30.634053000002829 ], [ -95.507596000002366, 30.624713000002679 ], [ -95.505224000001817, 30.597951000002457 ], [ -95.583893000001922, 30.584311000002224 ], [ -95.657556000002486, 30.600203000002342 ], [ -95.665568000002182, 30.638646000002179 ], [ -95.69370000000184, 30.686340000002893 ], [ -95.749092000002634, 30.684252000002257 ], [ -95.834197000001794, 30.658000000002311 ], [ -95.845544000002576, 30.737228000002133 ], [ -95.855053000002357, 30.806636000002563 ], [ -95.863059000002764, 30.86412500000214 ], [ -95.811663000001957, 30.868589000002832 ], [ -95.772122000001943, 30.888066000002222 ], [ -95.721894000002123, 30.908969000002323 ], [ -95.629597000002718, 30.900084000002437 ], [ -95.617872000002166, 30.930418000002629 ], [ -95.638683000002274, 30.926736000002919 ], [ -95.672597000002284, 30.976278000002957 ], [ -95.663180000002725, 31.033216000002643 ], [ -95.629250000002216, 31.046373000002479 ], [ -95.64853800000256, 31.07000500000219 ], [ -95.699751000002721, 31.077537000002629 ], [ -95.764410000002087, 31.094211000002705 ], [ -95.973841000002196, 31.09215000000269 ], [ -95.988775000002235, 31.086167000002281 ], [ -95.996126000002803, 31.08117400000215 ], [ -96.048912000002005, 31.068136000002788 ], [ -96.170918000002018, 30.994400000002759 ], [ -96.241020000001939, 30.973737000002156 ], [ -96.266289000002203, 30.961966000002704 ], [ -96.349364000002524, 30.911423000002923 ], [ -96.382611000002157, 30.870342000002861 ], [ -96.398138000001978, 30.841176000002648 ], [ -96.42140600000242, 30.79736100000251 ], [ -96.456599000002086, 30.746302000002892 ], [ -96.490842000001919, 30.729703000002736 ], [ -96.503491000002199, 30.723950000002997 ], [ -96.566983000001841, 30.695670000002572 ], [ -96.621423000001798, 30.730764000002864 ], [ -96.734999000002759, 30.672921000002109 ], [ -96.735349000002842, 30.672746000002455 ], [ -96.857572000002705, 30.611219000002318 ], [ -96.876674000002595, 30.601465000002776 ], [ -96.963630000002567, 30.557198000002483 ], [ -96.996207000002642, 30.540381000002164 ], [ -97.051648000002416, 30.511560000002579 ], [ -97.071052000002723, 30.501187000002783 ], [ -97.155219000002759, 30.457344000002159 ], [ -97.177212000002001, 30.450599000002661 ], [ -97.334463000002486, 30.402843000002665 ], [ -97.369539000001836, 30.4195630000028 ], [ -97.400089000001955, 30.367906000002577 ], [ -97.449448000002278, 30.376686000002227 ], [ -97.505843000001917, 30.405490000002477 ], [ -97.521454000002635, 30.440716000002535 ], [ -97.522961000002439, 30.440888000002172 ] ], [ [ -95.51507200000232, 30.667654000002766 ], [ -95.547066000002246, 30.667417000002356 ], [ -95.508425000002504, 30.634053000002829 ], [ -95.51507200000232, 30.667654000002766 ] ] ] } },
{ "type": "Feature", "properties": { "enacted_district": 18, "population": 768973.0, "voting_age_pop": 577753.0, "dem_votes": 147545.0, "rep_votes": 49226.0, "minority_pop": 466212.0, "dem_pct": 0.74983102146666381, "rep_pct": 0.25016897802513127 }, "geometry": { "type": "Polygon", "coordinates": [ [ [ -95.500892000002764, 29.803016000003012 ], [ -95.516398000002596, 29.803515000002509 ], [ -95.516407000002033, 29.806672000003008 ], [ -95.526250000001923, 29.818524000002743 ], [ -95.527909000001841, 29.817879000002552 ], [ -95.53424100000214, 29.821857000002151 ], [ -95.531564000002106, 29.832426000002293 ], [ -95.545321000002616, 29.832239000002559 ], [ -95.55032100000264, 29.83216000000245 ], [ -95.569953000002542, 29.831804000002961 ], [ -95.570243000001781, 29.850298000002528 ], [ -95.574733000001842, 29.867191000002581 ], [ -95.555134000001942, 29.867345000002217 ], [ -95.552456000001953, 29.86755100000298 ], [ -95.53732000000204, 29.865272000002768 ], [ -95.524358000002678, 29.859433000002884 ], [ -95.524536000002684, 29.865554000002529 ], [ -95.524699000002798, 29.877072000003032 ], [ -95.524923000002119, 29.897962000002831 ], [ -95.5153500000024, 29.92537000000252 ], [ -95.521719000002477, 29.936675000002857 ], [ -95.555876000002755, 29.917584000002716 ], [ -95.571242000002258, 29.91711600000281 ], [ -95.567386000001818, 29.927549000002372 ], [ -95.584715000002447, 29.924620000002623 ], [ -95.584796000002839, 29.932988000002791 ], [ -95.573031000002757, 29.94006500000221 ], [ -95.564036000002034, 29.946245000002506 ], [ -95.553625000002, 29.955522000002254 ], [ -95.579735000001918, 29.96133900000277 ], [ -95.580212000002405, 29.967095000002661 ], [ -95.563949000001884, 29.96693000000246 ], [ -95.547051000002796, 29.961212000002725 ], [ -95.5384620000018, 29.966158000002689 ], [ -95.529175000002439, 29.970896000002227 ], [ -95.513134000002083, 29.979740000002369 ], [ -95.505188000002178, 29.984064000002196 ], [ -95.502560000001935, 29.985586000002343 ], [ -95.498342000002594, 29.987865000002731 ], [ -95.486488000002353, 29.994429000002913 ], [ -95.484941000002635, 29.995239000002208 ], [ -95.463791000002416, 30.007033000002203 ], [ -95.47637100000216, 30.02437100000224 ], [ -95.463546000002424, 30.032966000002883 ], [ -95.458799000002756, 30.035621000002411 ], [ -95.442838000002524, 30.036306000002487 ], [ -95.429367000002273, 30.035643000002416 ], [ -95.405431000002096, 30.0311160000028 ], [ -95.382415000001799, 30.0403620000024 ], [ -95.367446000002161, 30.03373600000225 ], [ -95.318175000002398, 30.034461000002668 ], [ -95.318594000001838, 30.023413000002524 ], [ -95.306760000002399, 30.016300000002236 ], [ -95.294703000002741, 30.016329000002457 ], [ -95.296989000002441, 30.004938000002685 ], [ -95.295187000001903, 30.005004000002437 ], [ -95.284215000002604, 30.00503600000259 ], [ -95.268243000002585, 30.005018000002277 ], [ -95.267835000001995, 30.005005000002978 ], [ -95.269825000002641, 29.999673000002929 ], [ -95.242106000002124, 29.999250000002743 ], [ -95.240216000002647, 29.999275000002378 ], [ -95.237020000002545, 29.999314000002755 ], [ -95.236434000002561, 29.999322000002856 ], [ -95.230623000002197, 29.999376000002773 ], [ -95.212424000002684, 29.999448000003049 ], [ -95.212424000002798, 29.999291000002597 ], [ -95.212386000001914, 29.981848000002177 ], [ -95.212337000001995, 29.97795300000239 ], [ -95.205424000002154, 29.963292000002617 ], [ -95.214443000002106, 29.956090000002181 ], [ -95.195996000002097, 29.941986000003041 ], [ -95.204101000002495, 29.934152000003035 ], [ -95.205959000001798, 29.932322000002223 ], [ -95.218943000001801, 29.934701000002526 ], [ -95.234190000002073, 29.934379000002949 ], [ -95.249502000001925, 29.935098000002728 ], [ -95.249647000002383, 29.951172000002281 ], [ -95.248023000002206, 29.961968000002209 ], [ -95.268172000002565, 29.954512000002396 ], [ -95.284595000002398, 29.96571400000272 ], [ -95.290586000002079, 29.952193000002268 ], [ -95.295981000002442, 29.939962000002829 ], [ -95.313532000002084, 29.939020000002788 ], [ -95.315068000002597, 29.930423000002261 ], [ -95.335537000002162, 29.929973000002764 ], [ -95.349579000002123, 29.936776000002908 ], [ -95.349689000001959, 29.939176000002188 ], [ -95.356224000002143, 29.940257000002493 ], [ -95.384243000002243, 29.949392000003016 ], [ -95.387381000002378, 29.947911000002968 ], [ -95.396028000002417, 29.945178000002581 ], [ -95.4189040000022, 29.956877000002329 ], [ -95.425137000001982, 29.958467000002749 ], [ -95.422915000002078, 29.965982000002452 ], [ -95.428321000002342, 29.973192000002289 ], [ -95.436569000002578, 29.965418000002455 ], [ -95.450592000002601, 29.965068000002837 ], [ -95.453660000002458, 29.96492000000239 ], [ -95.460708000001844, 29.964792000002529 ], [ -95.463804000002398, 29.964769000002821 ], [ -95.46466800000232, 29.949525000002499 ], [ -95.469692000002297, 29.950201000002373 ], [ -95.481767000002307, 29.950008000002729 ], [ -95.462757000002739, 29.941105000002437 ], [ -95.458328000002126, 29.935417000002992 ], [ -95.47256000000246, 29.935299000002328 ], [ -95.47048200000188, 29.929681000002414 ], [ -95.474567000001997, 29.929619000002447 ], [ -95.474472000002578, 29.922894000002469 ], [ -95.470379000002481, 29.922937000002563 ], [ -95.469376000002001, 29.919527000002788 ], [ -95.470107000002244, 29.904402000002417 ], [ -95.464732000002286, 29.898731000002481 ], [ -95.463509000002603, 29.897471000002611 ], [ -95.461697000002658, 29.895513000002801 ], [ -95.450359000002365, 29.884375000002265 ], [ -95.431263000002005, 29.885577000002776 ], [ -95.431281000002642, 29.886263000002849 ], [ -95.421755000002477, 29.888306000002707 ], [ -95.411018000001818, 29.874415000002529 ], [ -95.408133000002181, 29.869872000002921 ], [ -95.409672000002104, 29.869857000002284 ], [ -95.414605000002581, 29.868486000002353 ], [ -95.414408000002098, 29.851755000002196 ], [ -95.410905000002202, 29.841149000002396 ], [ -95.410848000002744, 29.838818000002693 ], [ -95.402977000002366, 29.841773000002611 ], [ -95.402238000002342, 29.831914000003049 ], [ -95.384511000002661, 29.832844000003004 ], [ -95.378047000002638, 29.819389000002683 ], [ -95.375628000002166, 29.814014000002267 ], [ -95.375284000002281, 29.813209000002164 ], [ -95.373353000002325, 29.807610000002231 ], [ -95.389232000002593, 29.807333000002902 ], [ -95.384791000002366, 29.799854000002984 ], [ -95.387992000002157, 29.799807000002435 ], [ -95.387827000001963, 29.790828000002222 ], [ -95.382109000001876, 29.790543000002877 ], [ -95.379369000001887, 29.790572000002808 ], [ -95.380086000002805, 29.796060000002271 ], [ -95.374831000002274, 29.792194000002159 ], [ -95.372109000002439, 29.79017500000305 ], [ -95.369046000002484, 29.779319000002801 ], [ -95.366719000002433, 29.773930000002792 ], [ -95.351352000002635, 29.778365000002783 ], [ -95.350543000001807, 29.778371000002693 ], [ -95.349013000001847, 29.779524000002475 ], [ -95.348687000002457, 29.783435000003038 ], [ -95.345830000002195, 29.783504000002289 ], [ -95.3458960000019, 29.793671000002242 ], [ -95.350197000002538, 29.793453000002906 ], [ -95.350387000002286, 29.800060000002443 ], [ -95.349780000002383, 29.810300000002577 ], [ -95.350293000001841, 29.812409000002258 ], [ -95.351176000001999, 29.815813000002361 ], [ -95.352083000002764, 29.819739000003025 ], [ -95.335494000002001, 29.819891000002389 ], [ -95.334540000002519, 29.82207800000289 ], [ -95.331635000002194, 29.829232000002733 ], [ -95.337013000002642, 29.840644000002381 ], [ -95.333648000002356, 29.840759000002539 ], [ -95.327140000001876, 29.840412000002992 ], [ -95.325696000002239, 29.843922000002983 ], [ -95.318065000002576, 29.862901000002186 ], [ -95.316510000002154, 29.866666000002567 ], [ -95.316196000002222, 29.866669000002879 ], [ -95.315038000002204, 29.87031300000281 ], [ -95.300628000001794, 29.881792000002498 ], [ -95.300889000002357, 29.899311000002712 ], [ -95.318246000002375, 29.890957000002505 ], [ -95.31174400000188, 29.902755000002863 ], [ -95.310312000002355, 29.908346000002631 ], [ -95.295601000001966, 29.918636000002422 ], [ -95.291388000001874, 29.914454000002682 ], [ -95.272540000002323, 29.91673600000216 ], [ -95.25770500000236, 29.918487000002671 ], [ -95.240685000002046, 29.898640000002693 ], [ -95.236753000002153, 29.883096000002883 ], [ -95.230290000001958, 29.858074000002297 ], [ -95.228485000001839, 29.849878000002786 ], [ -95.234177000001836, 29.838089000002952 ], [ -95.229925000002126, 29.824560000002187 ], [ -95.229749000002556, 29.824259000002517 ], [ -95.240641000002498, 29.819572000002807 ], [ -95.240676000002779, 29.819753000002937 ], [ -95.258060000002416, 29.812425000002627 ], [ -95.261614000002396, 29.810916000002411 ], [ -95.280140000002703, 29.802473000002649 ], [ -95.268019000002155, 29.791806000002452 ], [ -95.265407000001957, 29.769608000002407 ], [ -95.259399000002119, 29.768697000002717 ], [ -95.258964000002806, 29.768635000002497 ], [ -95.251263000002126, 29.773326000002847 ], [ -95.251129000002479, 29.767474000002775 ], [ -95.256056000001877, 29.768179000002913 ], [ -95.256069000002313, 29.767925000002471 ], [ -95.251716000002062, 29.759919000002903 ], [ -95.253778000002313, 29.730372000002649 ], [ -95.265425000002793, 29.738245000002618 ], [ -95.281119000002718, 29.748560000002943 ], [ -95.281082000002598, 29.748995000002942 ], [ -95.283805000002687, 29.767927000002743 ], [ -95.284036000002658, 29.778115000002952 ], [ -95.284048000002201, 29.781888000002933 ], [ -95.288376000002359, 29.788207000002757 ], [ -95.291604000002707, 29.787652000002737 ], [ -95.2990650000024, 29.787544000002882 ], [ -95.311903000002644, 29.787420000002911 ], [ -95.312434000002341, 29.774420000002532 ], [ -95.312551000002316, 29.772883000002437 ], [ -95.320046000002719, 29.756118000002932 ], [ -95.325108000001876, 29.759583000002284 ], [ -95.328867000002319, 29.759838000002787 ], [ -95.329091000002364, 29.759590000002483 ], [ -95.339462000001802, 29.745164000002756 ], [ -95.342066000001935, 29.741893000002733 ], [ -95.342449000001906, 29.741034000002688 ], [ -95.337523000002236, 29.728585000002489 ], [ -95.333318000002166, 29.71568000000261 ], [ -95.332917000002041, 29.714372000002221 ], [ -95.331527000002197, 29.710164000002337 ], [ -95.32666400000268, 29.695466000002423 ], [ -95.325942000002598, 29.69185500000302 ], [ -95.332112000001956, 29.688905000002251 ], [ -95.332643000002278, 29.688665000002384 ], [ -95.340941000001919, 29.685707000002527 ], [ -95.3396470000026, 29.690592000002447 ], [ -95.351761000002327, 29.69391900000246 ], [ -95.348546000002713, 29.701768000002797 ], [ -95.358084000002222, 29.702448000002395 ], [ -95.363117000001978, 29.689966000002752 ], [ -95.378245000002707, 29.69123400000305 ], [ -95.384616000001841, 29.70569900000265 ], [ -95.382091000002518, 29.713104000002545 ], [ -95.380082000002361, 29.718971000002512 ], [ -95.390258000002561, 29.724958000002282 ], [ -95.38449700000244, 29.732216000002627 ], [ -95.384472000001793, 29.732247000002719 ], [ -95.382976000002486, 29.734126000002444 ], [ -95.380586000001927, 29.7371710000027 ], [ -95.379979000001839, 29.737953000002879 ], [ -95.377617000002203, 29.740930000003047 ], [ -95.372607000002205, 29.74725800000234 ], [ -95.370947000002118, 29.749319000002995 ], [ -95.374572000002715, 29.757775000002276 ], [ -95.37875300000276, 29.752093000002564 ], [ -95.385730000001899, 29.76168100000265 ], [ -95.391320000002565, 29.762566000003048 ], [ -95.390917000002815, 29.768889000002513 ], [ -95.391818000002402, 29.768961000002353 ], [ -95.397272000002076, 29.769557000002383 ], [ -95.397550000002497, 29.783432000002712 ], [ -95.409655000002402, 29.78332400000264 ], [ -95.405548000002, 29.790574000002948 ], [ -95.405724000002721, 29.799808000002773 ], [ -95.405938000002777, 29.806920000002545 ], [ -95.406005000002537, 29.810987000002335 ], [ -95.425333000001999, 29.801797000002288 ], [ -95.426422000002262, 29.801655000002533 ], [ -95.42965600000224, 29.80316900000296 ], [ -95.441581000002515, 29.808572000002901 ], [ -95.441759000002335, 29.808691000002995 ], [ -95.449807000002522, 29.801728000002893 ], [ -95.451263000002257, 29.795012000002639 ], [ -95.452215000002596, 29.791159000002565 ], [ -95.453868000002259, 29.780937000002787 ], [ -95.474216000002315, 29.78405800000273 ], [ -95.474351000002443, 29.794511000002174 ], [ -95.480771000001994, 29.802825000002674 ], [ -95.484865000002756, 29.798138000002972 ], [ -95.488860000002262, 29.802884000002511 ], [ -95.500862000002058, 29.808192000002929 ], [ -95.500892000002764, 29.803016000003012 ] ] ] } },
{ "type": "Feature", "properties": { "enacted_district": 19, "population": 769024.0, "voting_age_pop": 580213.0, "dem_votes": 60294.0, "rep_votes": 171870.0, "minority_pop": 268220.0, "dem_pct": 0.25970434681530974, "rep_pct": 0.74029565275396025 }, "geometry": { "type": "Polygon", "coordinates": [ [ [ -103.064696000002755, 32.959099000001864 ], [ -103.062074000002596, 33.124318000002589 ], [ -103.056485000001842, 33.388414000002427 ], [ -103.050032000002034, 33.702063000002305 ], [ -103.047409000002077, 33.824674000002638 ], [ -103.043797000002016, 34.092865000002242 ], [ -103.043762000002658, 34.312750000001799 ], [ -103.043406000002037, 34.510408000002499 ], [ -103.043286000001885, 34.651771000002441 ], [ -103.042982000002183, 34.747361000002499 ], [ -102.866125000002441, 34.747528000002475 ], [ -102.848567000001879, 34.747500000002532 ], [ -102.600970000002704, 34.747148000001765 ], [ -102.525184000002554, 34.746931000001851 ], [ -102.317677000002575, 34.746393000001937 ], [ -102.263584000001856, 34.746791000002531 ], [ -102.191802000002099, 34.746893000002082 ], [ -102.168839000002777, 34.747417000002073 ], [ -101.998493000002341, 34.748190000002218 ], [ -101.920474000002599, 34.748220000002327 ], [ -101.758400000002126, 34.747916000002554 ], [ -101.629257000002596, 34.747649000002554 ], [ -101.599254000002162, 34.747537000002012 ], [ -101.471562000002635, 34.747462000002386 ], [ -101.471407000002259, 34.637316000002507 ], [ -101.47184500000256, 34.548473000001863 ], [ -101.471980000002745, 34.463267000001942 ], [ -101.472050000002, 34.439125000002612 ], [ -101.471580000002476, 34.312290000002385 ], [ -101.329166000001862, 34.312575000002042 ], [ -101.303494000002004, 34.312330000002433 ], [ -101.153749000001767, 34.312322000002027 ], [ -101.041484000002001, 34.312444000002444 ], [ -101.041433000002016, 34.132588000002045 ], [ -101.04143700000202, 34.130796000002057 ], [ -101.041592000001941, 33.969059000002673 ], [ -101.041158000002397, 33.833625000002449 ], [ -101.03995400000268, 33.631374000002261 ], [ -101.038788000002455, 33.397214000002052 ], [ -100.859554000002404, 33.398130000002489 ], [ -100.64712200000244, 33.399051000002345 ], [ -100.517449000002117, 33.397866000002466 ], [ -100.257176000002062, 33.397551000002224 ], [ -99.990980000002082, 33.397404000002183 ], [ -99.737173000002755, 33.398368000002769 ], [ -99.641947000002759, 33.398558000002751 ], [ -99.472444000002625, 33.39902300000265 ], [ -99.212197000002234, 33.398426000002765 ], [ -98.953938000002083, 33.397534000002295 ], [ -98.953384000002444, 33.267852000002797 ], [ -98.952791000002463, 33.193838000002707 ], [ -98.952616000002706, 33.169051000002639 ], [ -98.951738000002379, 33.065800000002767 ], [ -98.950875000002725, 32.95691800000197 ], [ -99.096016000002834, 32.957037000002742 ], [ -99.095939000002403, 32.842150000001993 ], [ -99.0957600000024, 32.757440000002347 ], [ -99.095956000002843, 32.707581000002136 ], [ -99.095971000002081, 32.676454000001982 ], [ -99.096050000002663, 32.514768000002718 ], [ -99.114293000002277, 32.514811000002602 ], [ -99.297423000001899, 32.515127000002579 ], [ -99.397054000002839, 32.51511000000194 ], [ -99.418783000002037, 32.479308000002199 ], [ -99.45444600000188, 32.457339000001944 ], [ -99.454767000001993, 32.407209000002517 ], [ -99.489839000002107, 32.397421000002531 ], [ -99.503115000002637, 32.401638000002627 ], [ -99.5619210000023, 32.410851000002751 ], [ -99.562346000002719, 32.357695000002415 ], [ -99.630715000001913, 32.357709000002167 ], [ -99.630555000002317, 32.33111800000195 ], [ -99.630864000002035, 32.299378000002143 ], [ -99.631413000002581, 32.081274000002637 ], [ -99.713971000002616, 32.082089000002064 ], [ -99.862650000002162, 32.081520000002115 ], [ -100.038386000002845, 32.08237800000235 ], [ -100.056042000001923, 32.082401000002719 ], [ -100.151911000002443, 32.082638000002625 ], [ -100.235137000002155, 32.082372000002493 ], [ -100.377131000002123, 32.081968000001943 ], [ -100.411476000002281, 32.082300000001986 ], [ -100.665353000002156, 32.085407000002121 ], [ -100.821594000002278, 32.086610000002594 ], [ -101.018920000002197, 32.086730000002518 ], [ -101.183997000002805, 32.087208000001972 ], [ -101.204292000001942, 32.087247000002328 ], [ -101.264216000002762, 32.087136000002175 ], [ -101.392968000002355, 32.087204000002643 ], [ -101.648865000002161, 32.087434000002702 ], [ -101.695011000002495, 32.087532000002057 ], [ -101.772008000002245, 32.086882000002433 ], [ -101.77608500000224, 32.08692500000268 ], [ -101.969962000001956, 32.086784000002439 ], [ -102.037475000002601, 32.086786000002576 ], [ -102.09339200000268, 32.086861000002273 ], [ -102.211249000002184, 32.086800000002626 ], [ -102.2870480000024, 32.086991000002548 ], [ -102.450601000001839, 32.087018000002459 ], [ -102.799086000002276, 32.085795000001895 ], [ -102.866670000002117, 32.087142000002025 ], [ -103.064516000002797, 32.087051000001992 ], [ -103.064558000002776, 32.145126000002392 ], [ -103.064696000002456, 32.522193000001785 ], [ -103.06467100000242, 32.726960000001952 ], [ -103.064768000002744, 32.879355000002214 ], [ -103.064696000002755, 32.959099000001864 ] ] ] } },
{ "type": "Feature", "properties": { "enacted_district": 20, "population": 767011.0, "voting_age_pop": 574700.0, "dem_votes": 137930.0, "rep_votes": 69374.0, "minority_pop": 461141.0, "dem_pct": 0.66535136771825365, "rep_pct": 0.33464863179936294 }, "geometry": { "type": "Polygon", "coordinates": [ [ [ -98.747796000001856, 29.429473000002051 ], [ -98.749182000002321, 29.439623000002442 ], [ -98.757030000002359, 29.458299000002484 ], [ -98.758344000002737, 29.461307000002719 ], [ -98.729807000002182, 29.461822000002631 ], [ -98.715207000002039, 29.465593000002094 ], [ -98.713380000002402, 29.485354000002605 ], [ -98.73384500000256, 29.48401600000269 ], [ -98.737260000001882, 29.484015000002898 ], [ -98.744851000002356, 29.484050000002711 ], [ -98.751082000002555, 29.483195000002613 ], [ -98.788106000002045, 29.48221300000252 ], [ -98.788154000002081, 29.483099000002767 ], [ -98.776628000002646, 29.511925000002435 ], [ -98.762692000002005, 29.516023000002377 ], [ -98.761117000002784, 29.516005000002767 ], [ -98.758770000002286, 29.515085000002095 ], [ -98.758140000002115, 29.516301000002247 ], [ -98.747524000002556, 29.536637000002298 ], [ -98.737347000002444, 29.533214000002257 ], [ -98.718190000002082, 29.525714000002623 ], [ -98.716590000002384, 29.532362000002863 ], [ -98.693413000002636, 29.52543800000263 ], [ -98.697934000001879, 29.516402000002682 ], [ -98.694993000002754, 29.515273000002171 ], [ -98.687521000002135, 29.526920000002296 ], [ -98.684901000002839, 29.529892000002786 ], [ -98.668918000002577, 29.519009000002203 ], [ -98.662405000002678, 29.519019000002039 ], [ -98.63731100000264, 29.519231000002648 ], [ -98.629466000002395, 29.519585000002458 ], [ -98.635101000002365, 29.532696000002069 ], [ -98.636571000001936, 29.536223000002781 ], [ -98.635202000002593, 29.536819000002243 ], [ -98.631598000002086, 29.54147800000278 ], [ -98.633852000002179, 29.544422000002275 ], [ -98.643896000002442, 29.54440200000213 ], [ -98.657022000002343, 29.543040000002296 ], [ -98.667392000001996, 29.553618000002881 ], [ -98.656769000002441, 29.56348900000237 ], [ -98.651616000002846, 29.569973000002449 ], [ -98.645050000002357, 29.577562000002057 ], [ -98.6311410000026, 29.58724000000208 ], [ -98.629204000002062, 29.601313000002055 ], [ -98.628697000002703, 29.610528000002695 ], [ -98.608355000002675, 29.620499000002383 ], [ -98.601438000002673, 29.603839000002665 ], [ -98.58785600000256, 29.592160000002668 ], [ -98.578322000002061, 29.56830400000214 ], [ -98.578302000002836, 29.568313000002444 ], [ -98.575408000002284, 29.563350000002856 ], [ -98.567065000002486, 29.555655000002925 ], [ -98.554914000002199, 29.54831200000223 ], [ -98.560738000002658, 29.544268000002869 ], [ -98.552709000002622, 29.540444000002282 ], [ -98.562251000002504, 29.531069000002276 ], [ -98.560769000002324, 29.52965000000269 ], [ -98.556716000002595, 29.525175000002729 ], [ -98.555885000002206, 29.523057000002485 ], [ -98.552455000002681, 29.51129000000287 ], [ -98.552234000002485, 29.51150600000275 ], [ -98.548434000002445, 29.501651000002315 ], [ -98.543952000002122, 29.507267000002319 ], [ -98.535117000002117, 29.511457000002565 ], [ -98.535130000002439, 29.51893800000262 ], [ -98.528368000002473, 29.516603000002078 ], [ -98.527732000002246, 29.516169000002499 ], [ -98.525944000002767, 29.514994000002847 ], [ -98.507526000002201, 29.502825000002211 ], [ -98.506824000002524, 29.512546000002285 ], [ -98.506636000002075, 29.520660000002788 ], [ -98.499248000002495, 29.520666000002876 ], [ -98.491747000002263, 29.52050200000259 ], [ -98.48408400000244, 29.520437000002723 ], [ -98.476945000002104, 29.520010000002273 ], [ -98.469295000001921, 29.518318000002559 ], [ -98.470045000002543, 29.5176390000025 ], [ -98.469589000001875, 29.517629000002682 ], [ -98.469068000002366, 29.51826900000253 ], [ -98.464261000002864, 29.516992000002727 ], [ -98.465365000002635, 29.515086000002817 ], [ -98.466213000002796, 29.509727000002801 ], [ -98.466204000002705, 29.507237000002156 ], [ -98.474567000002807, 29.507539000002257 ], [ -98.477031000002341, 29.507727000002269 ], [ -98.481619000002325, 29.499511000002059 ], [ -98.484225000002795, 29.494778000002167 ], [ -98.490050000002256, 29.484276000002531 ], [ -98.499277000002678, 29.486219000002656 ], [ -98.499291000002259, 29.477572000002503 ], [ -98.507850000002847, 29.47785100000241 ], [ -98.507850000001895, 29.476013000002791 ], [ -98.517438000002727, 29.47534700000239 ], [ -98.515791000002181, 29.466444000002586 ], [ -98.526023000002155, 29.466490000002075 ], [ -98.526031000002845, 29.464552000002364 ], [ -98.523071000001863, 29.460192000002113 ], [ -98.523871000002202, 29.453817000002516 ], [ -98.532918000002084, 29.454686000002816 ], [ -98.539173000002762, 29.455278000002401 ], [ -98.539142000002698, 29.446532000002527 ], [ -98.540291000002355, 29.446609000002521 ], [ -98.541061000002514, 29.442152000002743 ], [ -98.541825000001836, 29.435650000002553 ], [ -98.542552000002075, 29.429540000002348 ], [ -98.543039000002523, 29.42549000000281 ], [ -98.539246000002279, 29.421725000002141 ], [ -98.539465000002394, 29.419921000002113 ], [ -98.537966000002797, 29.414114000002783 ], [ -98.539442000002879, 29.40239700000209 ], [ -98.537103000002716, 29.401503000002243 ], [ -98.536964000002641, 29.401217000002251 ], [ -98.530806000002727, 29.398828000002609 ], [ -98.529243000002353, 29.398214000002319 ], [ -98.515537000001942, 29.396096000002711 ], [ -98.515403000002436, 29.396257000002898 ], [ -98.511286000002002, 29.396221000002338 ], [ -98.504372000002761, 29.396272000002622 ], [ -98.490276000001984, 29.395344000002421 ], [ -98.491995000002177, 29.392616000002818 ], [ -98.489640000002794, 29.380409000002359 ], [ -98.489449000002523, 29.379774000002602 ], [ -98.488794000002642, 29.376527000002245 ], [ -98.488433000002075, 29.374582000002377 ], [ -98.484559000002776, 29.365723000002468 ], [ -98.484291000002145, 29.365107000002407 ], [ -98.504001000002518, 29.365713000002302 ], [ -98.503892000002381, 29.356689000002092 ], [ -98.503882000002164, 29.348952000002143 ], [ -98.503867000002643, 29.342574000002855 ], [ -98.503867000002515, 29.339784000002659 ], [ -98.501196000002224, 29.332400000002849 ], [ -98.501265000002761, 29.319605000002166 ], [ -98.517050000002044, 29.32027600000211 ], [ -98.518358000002621, 29.320270000002196 ], [ -98.532621000002166, 29.320232000002338 ], [ -98.553135000002641, 29.320159000002324 ], [ -98.571767000002239, 29.319422000002401 ], [ -98.592308000002504, 29.315680000002139 ], [ -98.614184000001956, 29.320046000002691 ], [ -98.625864000002124, 29.337714000002823 ], [ -98.646268000002436, 29.322529000002476 ], [ -98.646383000002004, 29.34719800000256 ], [ -98.646482000001967, 29.360633000002643 ], [ -98.643302000002564, 29.360698000002721 ], [ -98.63513500000208, 29.360789000002196 ], [ -98.632693000002646, 29.36081200000249 ], [ -98.636768000002817, 29.371071000002445 ], [ -98.626624000002622, 29.367031000002832 ], [ -98.620902000002019, 29.366390000002816 ], [ -98.613174000001919, 29.376833000002527 ], [ -98.590502000002758, 29.365710000002338 ], [ -98.589018000002383, 29.36570700000231 ], [ -98.585822000002594, 29.365704000002847 ], [ -98.575009000001998, 29.354906000002771 ], [ -98.570540000002438, 29.360132000002864 ], [ -98.564557000002736, 29.367790000002799 ], [ -98.550823000001941, 29.385239000002411 ], [ -98.550499000002119, 29.387388000002804 ], [ -98.556790000002493, 29.384433000002449 ], [ -98.559601000002615, 29.384467000002815 ], [ -98.560878000002077, 29.389506000002573 ], [ -98.587820000002566, 29.407753000002664 ], [ -98.603607000002, 29.407126000002862 ], [ -98.607074000002683, 29.40653400000209 ], [ -98.623965000002727, 29.403326000002068 ], [ -98.63516100000264, 29.400969000002242 ], [ -98.649447000002638, 29.397359000002737 ], [ -98.6495470000023, 29.406815000002428 ], [ -98.64954400000228, 29.409832000002609 ], [ -98.649514000002355, 29.41782500000242 ], [ -98.64929700000188, 29.427738000002215 ], [ -98.645489000002243, 29.434215000002386 ], [ -98.633877000002101, 29.448240000002659 ], [ -98.629933000001984, 29.453008000002281 ], [ -98.634063000002016, 29.455128000002308 ], [ -98.641180000002379, 29.451798000002764 ], [ -98.655271000002784, 29.446375000002728 ], [ -98.663624000002741, 29.443187000002144 ], [ -98.658877000001965, 29.438889000002209 ], [ -98.668766000002805, 29.433327000002553 ], [ -98.668942000002033, 29.428601000002057 ], [ -98.669302000002517, 29.417835000002473 ], [ -98.663126000001839, 29.417852000002284 ], [ -98.663118000002754, 29.410460000002164 ], [ -98.663119000002354, 29.409925000002112 ], [ -98.659648000002235, 29.393856000002128 ], [ -98.674156000002327, 29.388293000002857 ], [ -98.700940000002035, 29.382021000002819 ], [ -98.723808000002094, 29.37714600000221 ], [ -98.724537000001902, 29.377051000002631 ], [ -98.746228000002219, 29.410840000002153 ], [ -98.735297000002035, 29.411001000002059 ], [ -98.737531000002804, 29.429619000002173 ], [ -98.747796000001856, 29.429473000002051 ] ] ] } },
{ "type": "Feature", "properties": { "enacted_district": 21, "population": 761936.0, "voting_age_pop": 599897.0, "dem_votes": 127096.0, "rep_votes": 211102.0, "minority_pop": 226840.0, "dem_pct": 0.37580352326867589, "rep_pct": 0.62419647643563936 }, "geometry": { "type": "Polygon", "coordinates": [ [ [ -99.636718000002418, 29.62667600000254 ], [ -99.755369000002716, 29.624763000001952 ], [ -99.79447500000272, 29.624558000002072 ], [ -99.872940000002714, 29.624288000002085 ], [ -99.890935000002216, 29.624282000002463 ], [ -100.014188000002036, 29.623495000002499 ], [ -100.025041000002361, 29.668345000002805 ], [ -100.045791000002282, 29.694924000002739 ], [ -100.021861000002446, 29.745275000002565 ], [ -100.032139000002658, 29.771285000001939 ], [ -100.013291000001985, 29.794339000002843 ], [ -100.031402000002018, 29.841004000002449 ], [ -100.023413000002165, 29.88313400000203 ], [ -100.002302000002359, 29.896828000002824 ], [ -99.989672000002756, 30.02574700000234 ], [ -99.968043000002879, 30.07790700000232 ], [ -99.846061000002678, 30.073831000002393 ], [ -99.7576210000028, 30.074132000002585 ], [ -99.754142000002815, 30.290698000002649 ], [ -99.660618000002316, 30.289804000002139 ], [ -99.522154000002445, 30.288587000002039 ], [ -99.478880000002405, 30.288209000002585 ], [ -99.301718000001884, 30.28665300000279 ], [ -99.303360000002243, 30.435246000002408 ], [ -99.303996000002002, 30.499832000002431 ], [ -99.167736000002193, 30.498789000002244 ], [ -99.033510000002238, 30.498252000002235 ], [ -98.964232000002838, 30.498482000002543 ], [ -98.94235600000286, 30.498556000002456 ], [ -98.757521000002356, 30.498867000002516 ], [ -98.706166000002838, 30.499047000002648 ], [ -98.59167000000258, 30.499875000002653 ], [ -98.440983000001879, 30.501862000002617 ], [ -98.411924000002784, 30.502093000002606 ], [ -98.351041000002525, 30.486096000002821 ], [ -98.27130800000252, 30.464722000002553 ], [ -98.260619000002194, 30.461935000002192 ], [ -98.125556000002121, 30.426186000002104 ], [ -98.172977000002476, 30.356312000002735 ], [ -98.12588500000264, 30.322774000002472 ], [ -98.066032000002039, 30.279820000002921 ], [ -98.026708000002486, 30.251686000002813 ], [ -98.010831000001858, 30.24033900000288 ], [ -97.992204000002204, 30.267234000002254 ], [ -97.944801000002215, 30.275923000002809 ], [ -97.932698000002517, 30.284558000002189 ], [ -97.925822000002526, 30.296340000002484 ], [ -97.908403000002522, 30.306199000002632 ], [ -97.882416000001996, 30.286588000002549 ], [ -97.84817700000184, 30.286905000002587 ], [ -97.8445110000021, 30.274065000002256 ], [ -97.83677200000264, 30.275138000002308 ], [ -97.810672000002782, 30.242774000002218 ], [ -97.82461400000264, 30.235281000002416 ], [ -97.831946000002276, 30.236998000002316 ], [ -97.852992000002601, 30.249644000002561 ], [ -97.860328000002482, 30.235349000002643 ], [ -97.886686000002399, 30.249975000002159 ], [ -97.909814000002157, 30.234951000002223 ], [ -97.888305000002859, 30.229195000002679 ], [ -97.893966000002706, 30.219190000002719 ], [ -97.928808000002206, 30.181703000002361 ], [ -97.916072000001904, 30.172526000002119 ], [ -97.908514000002086, 30.167082000002541 ], [ -97.904655000002435, 30.164297000002449 ], [ -97.857855000002473, 30.13064100000285 ], [ -97.813942000002314, 30.099150000002108 ], [ -97.813515000002084, 30.09884200000258 ], [ -97.813018000002515, 30.098613000002725 ], [ -97.823259000002764, 30.079068000002817 ], [ -97.856949000002075, 30.068694000002303 ], [ -97.859017000002183, 30.057890000002804 ], [ -97.874687000002595, 30.050221000002747 ], [ -97.889840000002025, 30.022552000002491 ], [ -97.891671000001963, 30.012284000002179 ], [ -97.888790000002544, 30.006676000002173 ], [ -97.879275000002096, 29.981457000002852 ], [ -97.88753600000264, 29.978775000002408 ], [ -97.8956920000022, 29.937078000002337 ], [ -97.895507000002496, 29.936982000002807 ], [ -97.918874000002077, 29.899155000002196 ], [ -97.921838000001998, 29.89658600000233 ], [ -97.92388700000194, 29.894735000002431 ], [ -97.941353000001925, 29.891455000002782 ], [ -97.9555290000024, 29.890175000002746 ], [ -97.957194000002247, 29.891714000002565 ], [ -97.960343000002624, 29.894827000002365 ], [ -97.9707260000026, 29.879864000002641 ], [ -97.968275000002194, 29.875075000002465 ], [ -97.972981000002207, 29.853015000002532 ], [ -98.018657000001824, 29.812175000002892 ], [ -98.015180000001962, 29.801485000002824 ], [ -98.088221000002719, 29.717957000002201 ], [ -98.101449000002447, 29.709830000002089 ], [ -98.110161000002321, 29.707380000002463 ], [ -98.113779000002395, 29.704297000002484 ], [ -98.128970000002795, 29.708170000002752 ], [ -98.139547000002594, 29.701666000002813 ], [ -98.125877000002617, 29.685347000002743 ], [ -98.188728000002726, 29.653196000002911 ], [ -98.184425000001994, 29.643610000002671 ], [ -98.197630000002022, 29.638128000002453 ], [ -98.23813000000186, 29.623050000002348 ], [ -98.280554000002397, 29.606167000002163 ], [ -98.296265000002322, 29.599975000002519 ], [ -98.310928000002505, 29.594473000002441 ], [ -98.310950000002762, 29.59456000000236 ], [ -98.313494000001839, 29.602279000002468 ], [ -98.341751000002205, 29.585775000002535 ], [ -98.3383750000026, 29.580703000002117 ], [ -98.342622000002279, 29.578539000002191 ], [ -98.356428000001955, 29.569885000002039 ], [ -98.365442000002716, 29.567443000002459 ], [ -98.379747000002837, 29.555529000002544 ], [ -98.374204000001939, 29.549140000002222 ], [ -98.368963000002836, 29.545592000002284 ], [ -98.366937000002764, 29.542759000002832 ], [ -98.358768000002755, 29.549278000002406 ], [ -98.357727000002157, 29.550112000002777 ], [ -98.361094000002694, 29.537159000002497 ], [ -98.359646000002456, 29.535700000002077 ], [ -98.3693770000027, 29.530337000002675 ], [ -98.36935100000278, 29.527035000002257 ], [ -98.369236000002445, 29.522553000002471 ], [ -98.371615000002194, 29.510403000002551 ], [ -98.380346000002007, 29.510279000002161 ], [ -98.391223000002725, 29.51022000000226 ], [ -98.397102000002064, 29.510272000002303 ], [ -98.390132000002637, 29.524278000002671 ], [ -98.381588000002623, 29.523006000002329 ], [ -98.380996000002, 29.525491000002649 ], [ -98.382537000002756, 29.530365000002721 ], [ -98.381311000002825, 29.531332000002937 ], [ -98.378839000002216, 29.532452000002603 ], [ -98.379129000002479, 29.533048000002498 ], [ -98.379227000001976, 29.539460000002911 ], [ -98.386281000002441, 29.541783000002656 ], [ -98.385362000002559, 29.548797000002267 ], [ -98.401879000002154, 29.554646000002698 ], [ -98.407371000002115, 29.550520000002081 ], [ -98.417350000002642, 29.544610000002784 ], [ -98.421053000002843, 29.54092400000216 ], [ -98.422447000002379, 29.539532000002431 ], [ -98.427439000002565, 29.535252000002931 ], [ -98.422840000001855, 29.51613100000263 ], [ -98.417736000001838, 29.516112000002359 ], [ -98.41590900000196, 29.507624000002892 ], [ -98.421178000002257, 29.500365000002105 ], [ -98.421725000002738, 29.500007000002849 ], [ -98.43049600000262, 29.495242000002175 ], [ -98.433577000002842, 29.493810000002689 ], [ -98.442147000002322, 29.48978700000243 ], [ -98.442190000002242, 29.484652000002495 ], [ -98.432668000002181, 29.484691000002243 ], [ -98.430374000002118, 29.484754000002319 ], [ -98.410570000002394, 29.478258000002199 ], [ -98.410777000001957, 29.46179700000215 ], [ -98.4139790000023, 29.456425000002465 ], [ -98.428029000002041, 29.456401000002327 ], [ -98.441133000002395, 29.440890000002433 ], [ -98.460934000002439, 29.441581000002085 ], [ -98.468117000002778, 29.443153000002734 ], [ -98.470285000002633, 29.443155000002253 ], [ -98.473804000001977, 29.447166000002095 ], [ -98.472281000002596, 29.447154000002335 ], [ -98.469532000002005, 29.447172000002222 ], [ -98.47022000000274, 29.449346000002215 ], [ -98.470304000002159, 29.449374000002425 ], [ -98.472382000002, 29.451691000002658 ], [ -98.466974000002807, 29.454715000002743 ], [ -98.458006000002641, 29.454589000002478 ], [ -98.456630000002235, 29.454581000002523 ], [ -98.456543000002114, 29.455208000002699 ], [ -98.45496200000224, 29.460440000002254 ], [ -98.460892000002303, 29.461146000002131 ], [ -98.464999000002123, 29.461194000002862 ], [ -98.466855000002596, 29.461023000002218 ], [ -98.467747000002205, 29.461371000002401 ], [ -98.467552000001859, 29.468412000002797 ], [ -98.473061000001834, 29.47272100000292 ], [ -98.476671000002383, 29.471082000002198 ], [ -98.476808000002322, 29.470949000002637 ], [ -98.475816000002837, 29.463311000002609 ], [ -98.487041000002833, 29.468167000002012 ], [ -98.491780000001924, 29.468212000002342 ], [ -98.490050000002256, 29.484276000002531 ], [ -98.484225000002795, 29.494778000002167 ], [ -98.481619000002325, 29.499511000002059 ], [ -98.477031000002341, 29.507727000002269 ], [ -98.474567000002807, 29.507539000002257 ], [ -98.466204000002705, 29.507237000002156 ], [ -98.466213000002796, 29.509727000002801 ], [ -98.465365000002635, 29.515086000002817 ], [ -98.464261000002864, 29.516992000002727 ], [ -98.469068000002366, 29.51826900000253 ], [ -98.469589000001875, 29.517629000002682 ], [ -98.470045000002543, 29.5176390000025 ], [ -98.469295000001921, 29.518318000002559 ], [ -98.476945000002104, 29.520010000002273 ], [ -98.48408400000244, 29.520437000002723 ], [ -98.491747000002263, 29.52050200000259 ], [ -98.499248000002495, 29.520666000002876 ], [ -98.506636000002075, 29.520660000002788 ], [ -98.506824000002524, 29.512546000002285 ], [ -98.507526000002201, 29.502825000002211 ], [ -98.525944000002767, 29.514994000002847 ], [ -98.527732000002246, 29.516169000002499 ], [ -98.528368000002473, 29.516603000002078 ], [ -98.535130000002439, 29.51893800000262 ], [ -98.535117000002117, 29.511457000002565 ], [ -98.543952000002122, 29.507267000002319 ], [ -98.548434000002445, 29.501651000002315 ], [ -98.552234000002485, 29.51150600000275 ], [ -98.552455000002681, 29.51129000000287 ], [ -98.555885000002206, 29.523057000002485 ], [ -98.556716000002595, 29.525175000002729 ], [ -98.560769000002324, 29.52965000000269 ], [ -98.562251000002504, 29.531069000002276 ], [ -98.552709000002622, 29.540444000002282 ], [ -98.560738000002658, 29.544268000002869 ], [ -98.554914000002199, 29.54831200000223 ], [ -98.548845000002203, 29.544138000002913 ], [ -98.541291000002104, 29.551247000002721 ], [ -98.541348000002841, 29.55129200000238 ], [ -98.548164000002359, 29.556564000002343 ], [ -98.558105000001959, 29.564385000002485 ], [ -98.558216000002304, 29.564479000002887 ], [ -98.5458960000026, 29.576389000002049 ], [ -98.538848000002446, 29.583077000002618 ], [ -98.538552000002554, 29.583109000002786 ], [ -98.531451000002164, 29.590095000002801 ], [ -98.527961000002847, 29.593387000002704 ], [ -98.514332000002597, 29.579157000002574 ], [ -98.511600000002417, 29.592865000002263 ], [ -98.508264000002754, 29.60874100000208 ], [ -98.492701000001901, 29.608916000002058 ], [ -98.495114000002005, 29.626700000002103 ], [ -98.495660000001962, 29.632626000002855 ], [ -98.4992070000025, 29.632747000002318 ], [ -98.495956000002764, 29.655910000002521 ], [ -98.482700000002723, 29.660957000002615 ], [ -98.47958400000212, 29.659683000002424 ], [ -98.45012100000244, 29.65753500000277 ], [ -98.450283000002756, 29.660868000002743 ], [ -98.453589000002722, 29.679682000002551 ], [ -98.452292000002046, 29.693578000002681 ], [ -98.448782000002794, 29.710099000002359 ], [ -98.443852000002778, 29.719650000002854 ], [ -98.514491000002835, 29.742856000002835 ], [ -98.521054000002707, 29.745050000002362 ], [ -98.534015000002739, 29.752353000002785 ], [ -98.623339000002645, 29.743933000002645 ], [ -98.646124000002615, 29.74518100000213 ], [ -98.659046000001879, 29.749233000002324 ], [ -98.665233000002004, 29.741995000002611 ], [ -98.687549000002264, 29.73872000000209 ], [ -98.735403000002137, 29.719633000002823 ], [ -98.778782000002707, 29.720167000002821 ], [ -98.799882000001944, 29.697964000002681 ], [ -98.806552000002156, 29.690709000002727 ], [ -98.828732000002262, 29.666708000002625 ], [ -98.927161000002357, 29.562250000002052 ], [ -98.974172000002284, 29.551941000002358 ], [ -98.985463000002397, 29.623456000002193 ], [ -99.066812000002713, 29.623773000002345 ], [ -99.210446000002236, 29.625487000002721 ], [ -99.404947000002323, 29.627538000002545 ], [ -99.411817000002543, 29.627514000002424 ], [ -99.603130000002082, 29.627181000002416 ], [ -99.636718000002418, 29.62667600000254 ] ] ] } },
{ "type": "Feature", "properties": { "enacted_district": 22, "population": 763024.0, "voting_age_pop": 554170.0, "dem_votes": 105480.0, "rep_votes": 162019.0, "minority_pop": 302902.0, "dem_pct": 0.39431923095251975, "rep_pct": 0.60568076867364706 }, "geometry": { "type": "Polygon", "coordinates": [ [ [ -96.078331000002436, 28.500001000002509 ], [ -96.18224200000256, 28.452036000002742 ], [ -96.258191000002441, 28.407872000002715 ], [ -96.271767000001915, 28.382934000002976 ], [ -96.320762000002645, 28.362868000002297 ], [ -96.352686000001839, 28.312923000002499 ], [ -96.395198000002239, 28.279736000002732 ], [ -96.367547000002816, 28.440465000003005 ], [ -96.36426300000204, 28.455779000002803 ], [ -96.322918000002005, 28.641875000002756 ], [ -96.323522000002043, 28.675597000002796 ], [ -96.316731000002264, 28.800478000002155 ], [ -96.315301000001938, 28.829111000002928 ], [ -96.311184000002342, 28.911478000002365 ], [ -96.310593000001845, 28.926315000002575 ], [ -96.310060000002153, 28.941035000002714 ], [ -96.309178000002561, 28.96329100000251 ], [ -96.613370000002618, 29.225583000002363 ], [ -96.640315000002516, 29.247804000002738 ], [ -96.551693000002302, 29.295093000002609 ], [ -96.385345000002715, 29.388082000002928 ], [ -96.362455000002441, 29.399690000002352 ], [ -96.347358000002245, 29.411569000002679 ], [ -96.307672000002754, 29.51452300000215 ], [ -96.296083000002525, 29.52494300000215 ], [ -96.175422000001845, 29.63380600000238 ], [ -96.116250000002779, 29.623336000003036 ], [ -96.08891200000204, 29.601658000002875 ], [ -96.024850000002118, 29.602877000002913 ], [ -96.016438000002566, 29.627104000002589 ], [ -96.019294000001821, 29.699747000002731 ], [ -96.032711000002365, 29.727944000002164 ], [ -95.988739000002582, 29.728381000002937 ], [ -95.939485000002122, 29.745267000002748 ], [ -95.92059200000196, 29.752614000002524 ], [ -95.884940000002359, 29.765835000002397 ], [ -95.874118000002724, 29.770000000002497 ], [ -95.871646000002301, 29.770888000002227 ], [ -95.869072000002063, 29.771863000002568 ], [ -95.825975000002558, 29.788616000002978 ], [ -95.830196000002402, 29.800418000002853 ], [ -95.815443000002062, 29.801577000002961 ], [ -95.80183600000268, 29.801716000002997 ], [ -95.7929520000026, 29.801779000002306 ], [ -95.7900090000022, 29.816950000002706 ], [ -95.756648000002286, 29.817185000002404 ], [ -95.752230000002598, 29.817215000002935 ], [ -95.752002000002605, 29.801993000002859 ], [ -95.751868000002403, 29.7850970000022 ], [ -95.735749000002315, 29.785168000002681 ], [ -95.735507000002514, 29.770450000002931 ], [ -95.722186000002154, 29.770235000002284 ], [ -95.717715000002485, 29.759503000002557 ], [ -95.729394000002301, 29.746154000002431 ], [ -95.730396000002713, 29.734296000002463 ], [ -95.711153000001957, 29.723524000002907 ], [ -95.688349000002205, 29.710862000002987 ], [ -95.687082000002405, 29.710078000002341 ], [ -95.688055000002223, 29.709439000002327 ], [ -95.715674000002025, 29.70529900000275 ], [ -95.742854000002595, 29.703045000002746 ], [ -95.743008000002604, 29.703030000002837 ], [ -95.77547000000196, 29.700572000002506 ], [ -95.762633000001856, 29.67914800000236 ], [ -95.71961800000274, 29.6649510000024 ], [ -95.714988000002094, 29.665052000002454 ], [ -95.71487600000188, 29.660931000002869 ], [ -95.714249000002241, 29.630830000002444 ], [ -95.713962000001914, 29.620959000002799 ], [ -95.713560000002161, 29.598579000002793 ], [ -95.715496000002204, 29.598378000002171 ], [ -95.70835800000242, 29.573915000002675 ], [ -95.746597000002737, 29.576624000002909 ], [ -95.74935500000224, 29.57360900000247 ], [ -95.741145000002604, 29.549227000002713 ], [ -95.747206000002762, 29.546646000002958 ], [ -95.742454000002382, 29.543404000002564 ], [ -95.702658000001804, 29.537602000002934 ], [ -95.697004000002707, 29.548683000002459 ], [ -95.690357000002336, 29.561589000002417 ], [ -95.685960000002396, 29.562493000002512 ], [ -95.668331000002098, 29.568257000002809 ], [ -95.63786600000256, 29.550118000002737 ], [ -95.637688000001873, 29.5500610000026 ], [ -95.621445000002723, 29.539254000002956 ], [ -95.618213000002797, 29.563737000002639 ], [ -95.638405000002606, 29.563454000002231 ], [ -95.638892000002357, 29.574916000002641 ], [ -95.630419000001993, 29.578757000002152 ], [ -95.620485000002503, 29.584968000002839 ], [ -95.631031000002295, 29.584228000002319 ], [ -95.634857000002583, 29.589410000002392 ], [ -95.622514000002553, 29.598555000002687 ], [ -95.616307000002521, 29.59627400000225 ], [ -95.609941000002038, 29.603547000002916 ], [ -95.613732000002074, 29.60720000000282 ], [ -95.619012000001845, 29.602071000002383 ], [ -95.628012000002059, 29.610884000002255 ], [ -95.639822000002042, 29.606868000002297 ], [ -95.643059000002125, 29.608969000002919 ], [ -95.648984000002713, 29.613450000002743 ], [ -95.649110000001883, 29.6134070000024 ], [ -95.651593000002521, 29.64439500000254 ], [ -95.639235000002785, 29.644477000002738 ], [ -95.639284000002078, 29.64650300000261 ], [ -95.627246000002714, 29.646048000002139 ], [ -95.618974000002282, 29.649281000002311 ], [ -95.618998000001994, 29.650986000002337 ], [ -95.619202000002673, 29.661986000002479 ], [ -95.597837000002642, 29.660596000002336 ], [ -95.597057000002565, 29.660601000002941 ], [ -95.582702000002044, 29.65395200000275 ], [ -95.571363000001838, 29.648725000002543 ], [ -95.576739000001794, 29.643626000002214 ], [ -95.597817000002394, 29.646812000002985 ], [ -95.5977810000022, 29.633022000002843 ], [ -95.590336000002381, 29.630964000003051 ], [ -95.590486000002286, 29.628554000002183 ], [ -95.582613000002766, 29.627449000002287 ], [ -95.582659000002678, 29.623853000002484 ], [ -95.582484000002282, 29.615555000002889 ], [ -95.582224000002682, 29.606224000002268 ], [ -95.581961000002778, 29.601010000002699 ], [ -95.582750000002093, 29.580529000002887 ], [ -95.564645000002514, 29.565927000002223 ], [ -95.5639260000018, 29.573391000002697 ], [ -95.563991000001877, 29.575879000002615 ], [ -95.564061000002354, 29.582632000002224 ], [ -95.554712000002681, 29.582850000002395 ], [ -95.54156000000188, 29.583163000002397 ], [ -95.540802000002557, 29.577888000002428 ], [ -95.538564000002438, 29.571670000002879 ], [ -95.533202000002106, 29.574170000002297 ], [ -95.531609000002405, 29.574198000002369 ], [ -95.530777000002502, 29.56178100000281 ], [ -95.539042000002596, 29.566625000002642 ], [ -95.562329000002165, 29.563273000002692 ], [ -95.554996000002646, 29.554858000002945 ], [ -95.552629000002284, 29.552225000002512 ], [ -95.534500000001884, 29.539155000002612 ], [ -95.534356000002461, 29.531472000002481 ], [ -95.526601000002799, 29.511449000002997 ], [ -95.52640800000222, 29.511460000002632 ], [ -95.507674000001899, 29.507551000002945 ], [ -95.488615000002099, 29.521629000002665 ], [ -95.480580000002519, 29.517436000002451 ], [ -95.472070000002844, 29.512979000002353 ], [ -95.462674000002394, 29.508079000002297 ], [ -95.467678000002081, 29.507703000002859 ], [ -95.46537500000268, 29.49779600000258 ], [ -95.475224000002541, 29.459872000002878 ], [ -95.506779000002197, 29.459403000002791 ], [ -95.533027000002377, 29.458431000002371 ], [ -95.550622000001823, 29.438306000002878 ], [ -95.46260200000188, 29.439238000002153 ], [ -95.450385000002598, 29.484228000002538 ], [ -95.44630000000204, 29.499637000002881 ], [ -95.415718000002741, 29.49793500000299 ], [ -95.415524000002762, 29.491126000002509 ], [ -95.401181000002126, 29.482609000002395 ], [ -95.387629000002477, 29.512313000003047 ], [ -95.387131000002285, 29.512322000002492 ], [ -95.368816000001985, 29.52589700000248 ], [ -95.32106600000202, 29.515920000002751 ], [ -95.313985000001907, 29.528310000002364 ], [ -95.31398600000206, 29.53058100000273 ], [ -95.330706000002422, 29.541249000002981 ], [ -95.306070000002606, 29.552349000002259 ], [ -95.306228000002363, 29.559620000002958 ], [ -95.314273000001862, 29.559451000002898 ], [ -95.347763000001919, 29.559080000002368 ], [ -95.350445000002154, 29.558978000002433 ], [ -95.350680000002484, 29.570586000002766 ], [ -95.383983000002615, 29.57528100000226 ], [ -95.385935000001936, 29.580234000002875 ], [ -95.386044000002201, 29.585556000002789 ], [ -95.360730000001922, 29.584937000002377 ], [ -95.351907000002484, 29.585455000002529 ], [ -95.317880000002717, 29.59792600000257 ], [ -95.297411000001802, 29.596522000002384 ], [ -95.286493000002196, 29.597886000003005 ], [ -95.266076000002457, 29.594602000002837 ], [ -95.260292000002522, 29.589883000002786 ], [ -95.258677000002038, 29.573286000002675 ], [ -95.252489000002541, 29.557980000002551 ], [ -95.253952000002556, 29.553943000002473 ], [ -95.218443000002679, 29.55922800000247 ], [ -95.21595200000246, 29.557787000002243 ], [ -95.216422000002126, 29.55608000000252 ], [ -95.219091000002805, 29.541246000002516 ], [ -95.221862000002474, 29.526521000002436 ], [ -95.223404000002802, 29.517562000002311 ], [ -95.223994000002406, 29.514422000002298 ], [ -95.231808000001976, 29.472576000002721 ], [ -95.225430000001921, 29.453997000002548 ], [ -95.209340000001873, 29.429980000003003 ], [ -95.19591800000272, 29.409460000002525 ], [ -95.192190000002526, 29.404367000003003 ], [ -95.213600000002515, 29.395678000002817 ], [ -95.23611200000218, 29.389907000002943 ], [ -95.253466000002078, 29.381655000002553 ], [ -95.257874000002758, 29.380136000002953 ], [ -95.282127000002006, 29.405491000002364 ], [ -95.302374000002743, 29.403660000002784 ], [ -95.35242000000234, 29.402038000002673 ], [ -95.362397000002176, 29.352643000002672 ], [ -95.418630000002153, 29.351396000002762 ], [ -95.420630000002561, 29.317280000002299 ], [ -95.425457000001799, 29.317568000002815 ], [ -95.425887000002561, 29.334198000002729 ], [ -95.452241000002402, 29.32595800000265 ], [ -95.532850000001915, 29.338276000002669 ], [ -95.586501000001874, 29.319585000003023 ], [ -95.590793000002563, 29.327485000002284 ], [ -95.654355000002596, 29.290945000002417 ], [ -95.71686000000264, 29.313236000002888 ], [ -95.752866000002044, 29.324503000002927 ], [ -95.797820000002474, 29.307971000002812 ], [ -95.847656000002758, 29.262590000002319 ], [ -95.841948000002759, 29.258707000002858 ], [ -95.874028000002198, 29.229702000002696 ], [ -95.854889000002018, 29.190841000002223 ], [ -95.837541000002119, 29.129914000002241 ], [ -95.841499000002486, 29.098620000002207 ], [ -95.789293000002843, 29.069963000002556 ], [ -95.769182000002317, 28.98269100000228 ], [ -95.764937000002703, 28.96735900000224 ], [ -95.702192000001858, 28.96931100000257 ], [ -95.690494000001962, 28.96465700000282 ], [ -95.645822000002042, 28.938888000002574 ], [ -95.641670000002762, 28.903749000003049 ], [ -95.579240000002358, 28.859613000002316 ], [ -95.567708000001815, 28.829758000002712 ], [ -95.507086000002715, 28.825001000002249 ], [ -95.495650000001802, 28.764837000002984 ], [ -95.660386000002276, 28.68475000000268 ], [ -95.77784500000196, 28.625266000003016 ], [ -96.078331000002436, 28.500001000002509 ] ] ] } },
{ "type": "Feature", "properties": { "enacted_district": 23, "population": 787004.0, "voting_age_pop": 581350.0, "dem_votes": 110846.0, "rep_votes": 126282.0, "minority_pop": 401477.0, "dem_pct": 0.46745217752966661, "rep_pct": 0.53254782204862017 }, "geometry": { "type": "Polygon", "coordinates": [ [ [ -103.792703000001893, 29.262499000002169 ], [ -103.837556000002778, 29.278199000002495 ], [ -103.972059000002446, 29.296055000002134 ], [ -104.02021800000216, 29.312048000002431 ], [ -104.08225600000236, 29.346064000001828 ], [ -104.106874000002875, 29.373440000002208 ], [ -104.168380000002458, 29.396136000002645 ], [ -104.211166000002137, 29.449755000002416 ], [ -104.210746000002359, 29.477499000002297 ], [ -104.262175000002557, 29.513501000002343 ], [ -104.338201000002357, 29.520182000002599 ], [ -104.394885000002162, 29.556313000001889 ], [ -104.39892100000236, 29.571897000001776 ], [ -104.514031000002859, 29.638630000001971 ], [ -104.544198000002041, 29.681271000002489 ], [ -104.549796000001962, 29.740641000002473 ], [ -104.613958000001887, 29.833924000001744 ], [ -104.633929000002823, 29.871206000002065 ], [ -104.675861000002243, 29.91553700000193 ], [ -104.682387000002564, 29.971850000001822 ], [ -104.707249000002236, 30.050134000002249 ], [ -104.687076000001994, 30.179342000001903 ], [ -104.723954000002621, 30.25238900000199 ], [ -104.749615000002038, 30.261313000002197 ], [ -104.761442000002361, 30.300816000001749 ], [ -104.811805000001982, 30.333953000002001 ], [ -104.81090400000204, 30.363171000002261 ], [ -104.859397000002673, 30.391125000002525 ], [ -104.873928000001882, 30.49557200000217 ], [ -104.899052000001845, 30.570769000001793 ], [ -104.979801000002354, 30.629258000001823 ], [ -105.007796000002315, 30.686221000002501 ], [ -105.062486000001883, 30.686532000001726 ], [ -105.116809000002647, 30.743059000002283 ], [ -105.217783000002356, 30.80594600000202 ], [ -105.250212000002037, 30.799028000002384 ], [ -105.339166000002166, 30.840405000001891 ], [ -105.386724000002161, 30.853306000002341 ], [ -105.399415000002435, 30.88830500000207 ], [ -105.498980000002007, 30.950826000002333 ], [ -105.571363000001838, 31.018766000002032 ], [ -105.606438000002115, 31.085278000002443 ], [ -105.648839000002781, 31.11587700000252 ], [ -105.708400000002499, 31.135930000002052 ], [ -105.741284000002523, 31.164204000002243 ], [ -105.774028000002318, 31.168474000001908 ], [ -105.794287000002782, 31.202286000002346 ], [ -105.863753000001921, 31.282315000001955 ], [ -105.931585000002045, 31.312781000001987 ], [ -105.953544000002367, 31.36450300000223 ], [ -105.997152000002202, 31.387230000002177 ], [ -106.075307000002439, 31.397615000002421 ], [ -106.179731000001894, 31.456916000002423 ], [ -106.219620000002038, 31.481561000001761 ], [ -106.238394000001804, 31.517272000002183 ], [ -106.280142000002243, 31.561462000001853 ], [ -106.288455000001875, 31.586404000002315 ], [ -106.295672000001886, 31.601037000002407 ], [ -106.30360200000284, 31.62246900000217 ], [ -106.337926000002156, 31.671211000002437 ], [ -106.328430000002385, 31.689443000002225 ], [ -106.306647000002215, 31.662766000002534 ], [ -106.303275000002444, 31.662608000001633 ], [ -106.302830000002302, 31.662722000002383 ], [ -106.302154000002403, 31.662723000002231 ], [ -106.299513000002364, 31.664973000001702 ], [ -106.28660200000202, 31.649917000001871 ], [ -106.270887000002844, 31.631704000002131 ], [ -106.246950000002556, 31.613140000002218 ], [ -106.236659000002234, 31.615791000002275 ], [ -106.2108590000025, 31.622544000001675 ], [ -106.198180000002239, 31.654041000002 ], [ -106.183645000002244, 31.660629000001872 ], [ -106.174343000002366, 31.680203000002304 ], [ -106.174142000001922, 31.682698000001853 ], [ -106.198490000002323, 31.682728000002037 ], [ -106.198682000002293, 31.699151000002153 ], [ -106.199054000002761, 31.72614900000217 ], [ -106.199588000002763, 31.769328000002371 ], [ -106.199648000002554, 31.776166000002277 ], [ -106.199742000001919, 31.783801000002352 ], [ -106.200105000001955, 31.815594000002335 ], [ -106.205074000002284, 31.814942000001903 ], [ -106.217039000002742, 31.809195000001843 ], [ -106.223886000002807, 31.802824000002229 ], [ -106.245867000002463, 31.809239000002162 ], [ -106.245889000002165, 31.809510000002113 ], [ -106.267673000001778, 31.806641000001971 ], [ -106.272771000002479, 31.805982000001841 ], [ -106.28529100000182, 31.804069000001636 ], [ -106.302463000001879, 31.801798000002137 ], [ -106.31985900000204, 31.79951300000215 ], [ -106.330527000002675, 31.798322000002049 ], [ -106.33085600000264, 31.840999000001801 ], [ -106.376089000001741, 31.82181400000167 ], [ -106.429040000002615, 31.83506600000192 ], [ -106.420259000002261, 31.848932000002083 ], [ -106.406896000002405, 31.870017000002221 ], [ -106.406135000002138, 31.871217000002055 ], [ -106.397520000002359, 31.884806000001841 ], [ -106.388574000002393, 31.898914000001675 ], [ -106.394025000002017, 31.898948000001702 ], [ -106.393710000001875, 31.922111000002417 ], [ -106.389304000001957, 31.928502000001913 ], [ -106.407798000002785, 31.93732000000178 ], [ -106.407860000002515, 31.940659000002157 ], [ -106.407927000002559, 31.943012000001939 ], [ -106.441661000002725, 31.936114000001776 ], [ -106.442656000002259, 31.927700000001813 ], [ -106.495866000002323, 31.912354000002125 ], [ -106.513986000002262, 32.000798000002426 ], [ -106.443916000002119, 32.001188000001768 ], [ -106.408964000002456, 32.001381000001849 ], [ -106.323370000001816, 32.001631000002483 ], [ -106.05044600000258, 32.00254300000163 ], [ -105.998012000001964, 32.002377000002504 ], [ -105.900692000002238, 32.002044000001675 ], [ -105.245188000002287, 32.000207000002348 ], [ -104.918357000001919, 32.00041800000178 ], [ -104.288106000002074, 32.000071000001903 ], [ -104.02451200000236, 32.000102000002443 ], [ -103.980179000002678, 32.000125000001937 ], [ -103.578757000002696, 32.000303000001907 ], [ -103.326501000002565, 32.000369000002166 ], [ -103.064510000002841, 32.000424000002567 ], [ -103.064516000002797, 32.087051000001992 ], [ -102.866670000002117, 32.087142000002025 ], [ -102.799086000002276, 32.085795000001895 ], [ -102.797574000002399, 31.770740000002331 ], [ -102.798939000002079, 31.651783000002084 ], [ -102.767246000002658, 31.651714000002158 ], [ -102.745531000002217, 31.651518000002405 ], [ -102.533468000002102, 31.651307000002404 ], [ -102.329193000002363, 31.651276000002703 ], [ -102.3180500000026, 31.651327000001999 ], [ -102.287345000002205, 31.651276000002188 ], [ -102.203009000002353, 31.651585000002282 ], [ -102.042823000002485, 31.651608000002199 ], [ -101.775802000002685, 31.651319000002431 ], [ -101.634332000001919, 31.651440000002378 ], [ -101.534679000002839, 31.651492000002047 ], [ -101.267122000002217, 31.650854000002639 ], [ -101.267630000001887, 31.556462000002483 ], [ -101.26794700000184, 31.52868800000228 ], [ -101.268939000002007, 31.442820000002119 ], [ -101.271888000002605, 31.294032000002598 ], [ -101.274799000002758, 31.079379000002259 ], [ -100.973788000001917, 31.08230200000213 ], [ -100.962176000002316, 31.082490000001997 ], [ -100.688764000002379, 31.086576000001951 ], [ -100.511931000002434, 31.087523000002044 ], [ -100.343894000002834, 31.088185000002593 ], [ -100.279523000001959, 31.088428000002523 ], [ -100.115216000002235, 31.087994000002279 ], [ -100.116234000002081, 30.71036600000221 ], [ -100.116633000002423, 30.468839000002312 ], [ -100.116701000002763, 30.340406000002769 ], [ -100.11646100000246, 30.290296000002179 ], [ -99.754142000002815, 30.290698000002649 ], [ -99.7576210000028, 30.074132000002585 ], [ -99.846061000002678, 30.073831000002393 ], [ -99.968043000002879, 30.07790700000232 ], [ -99.989672000002756, 30.02574700000234 ], [ -100.002302000002359, 29.896828000002824 ], [ -100.023413000002165, 29.88313400000203 ], [ -100.031402000002018, 29.841004000002449 ], [ -100.013291000001985, 29.794339000002843 ], [ -100.032139000002658, 29.771285000001939 ], [ -100.021861000002446, 29.745275000002565 ], [ -100.045791000002282, 29.694924000002739 ], [ -100.025041000002361, 29.668345000002805 ], [ -100.014188000002036, 29.623495000002499 ], [ -99.890935000002216, 29.624282000002463 ], [ -99.872940000002714, 29.624288000002085 ], [ -99.79447500000272, 29.624558000002072 ], [ -99.755369000002716, 29.624763000001952 ], [ -99.636718000002418, 29.62667600000254 ], [ -99.603130000002082, 29.627181000002416 ], [ -99.411817000002543, 29.627514000002424 ], [ -99.404947000002323, 29.627538000002545 ], [ -99.210446000002236, 29.625487000002721 ], [ -99.066812000002713, 29.623773000002345 ], [ -98.985463000002397, 29.623456000002193 ], [ -98.974172000002284, 29.551941000002358 ], [ -98.927161000002357, 29.562250000002052 ], [ -98.828732000002262, 29.666708000002625 ], [ -98.806552000002156, 29.690709000002727 ], [ -98.799882000001944, 29.697964000002681 ], [ -98.778782000002707, 29.720167000002821 ], [ -98.735403000002137, 29.719633000002823 ], [ -98.687549000002264, 29.73872000000209 ], [ -98.665233000002004, 29.741995000002611 ], [ -98.659046000001879, 29.749233000002324 ], [ -98.646124000002615, 29.74518100000213 ], [ -98.623339000002645, 29.743933000002645 ], [ -98.534015000002739, 29.752353000002785 ], [ -98.521054000002707, 29.745050000002362 ], [ -98.514491000002835, 29.742856000002835 ], [ -98.443852000002778, 29.719650000002854 ], [ -98.448782000002794, 29.710099000002359 ], [ -98.452292000002046, 29.693578000002681 ], [ -98.453589000002722, 29.679682000002551 ], [ -98.450283000002756, 29.660868000002743 ], [ -98.45012100000244, 29.65753500000277 ], [ -98.47958400000212, 29.659683000002424 ], [ -98.482700000002723, 29.660957000002615 ], [ -98.495956000002764, 29.655910000002521 ], [ -98.4992070000025, 29.632747000002318 ], [ -98.495660000001962, 29.632626000002855 ], [ -98.495114000002005, 29.626700000002103 ], [ -98.492701000001901, 29.608916000002058 ], [ -98.508264000002754, 29.60874100000208 ], [ -98.511600000002417, 29.592865000002263 ], [ -98.514332000002597, 29.579157000002574 ], [ -98.527961000002847, 29.593387000002704 ], [ -98.531451000002164, 29.590095000002801 ], [ -98.538552000002554, 29.583109000002786 ], [ -98.538848000002446, 29.583077000002618 ], [ -98.5458960000026, 29.576389000002049 ], [ -98.558216000002304, 29.564479000002887 ], [ -98.558105000001959, 29.564385000002485 ], [ -98.548164000002359, 29.556564000002343 ], [ -98.541348000002841, 29.55129200000238 ], [ -98.541291000002104, 29.551247000002721 ], [ -98.548845000002203, 29.544138000002913 ], [ -98.554914000002199, 29.54831200000223 ], [ -98.567065000002486, 29.555655000002925 ], [ -98.575408000002284, 29.563350000002856 ], [ -98.578302000002836, 29.568313000002444 ], [ -98.578322000002061, 29.56830400000214 ], [ -98.58785600000256, 29.592160000002668 ], [ -98.601438000002673, 29.603839000002665 ], [ -98.608355000002675, 29.620499000002383 ], [ -98.628697000002703, 29.610528000002695 ], [ -98.629204000002062, 29.601313000002055 ], [ -98.6311410000026, 29.58724000000208 ], [ -98.645050000002357, 29.577562000002057 ], [ -98.651616000002846, 29.569973000002449 ], [ -98.656769000002441, 29.56348900000237 ], [ -98.667392000001996, 29.553618000002881 ], [ -98.657022000002343, 29.543040000002296 ], [ -98.643896000002442, 29.54440200000213 ], [ -98.633852000002179, 29.544422000002275 ], [ -98.631598000002086, 29.54147800000278 ], [ -98.635202000002593, 29.536819000002243 ], [ -98.636571000001936, 29.536223000002781 ], [ -98.635101000002365, 29.532696000002069 ], [ -98.629466000002395, 29.519585000002458 ], [ -98.63731100000264, 29.519231000002648 ], [ -98.662405000002678, 29.519019000002039 ], [ -98.668918000002577, 29.519009000002203 ], [ -98.684901000002839, 29.529892000002786 ], [ -98.687521000002135, 29.526920000002296 ], [ -98.694993000002754, 29.515273000002171 ], [ -98.697934000001879, 29.516402000002682 ], [ -98.693413000002636, 29.52543800000263 ], [ -98.716590000002384, 29.532362000002863 ], [ -98.718190000002082, 29.525714000002623 ], [ -98.737347000002444, 29.533214000002257 ], [ -98.747524000002556, 29.536637000002298 ], [ -98.758140000002115, 29.516301000002247 ], [ -98.758770000002286, 29.515085000002095 ], [ -98.761117000002784, 29.516005000002767 ], [ -98.762692000002005, 29.516023000002377 ], [ -98.776628000002646, 29.511925000002435 ], [ -98.788154000002081, 29.483099000002767 ], [ -98.788106000002045, 29.48221300000252 ], [ -98.751082000002555, 29.483195000002613 ], [ -98.744851000002356, 29.484050000002711 ], [ -98.737260000001882, 29.484015000002898 ], [ -98.73384500000256, 29.48401600000269 ], [ -98.713380000002402, 29.485354000002605 ], [ -98.715207000002039, 29.465593000002094 ], [ -98.729807000002182, 29.461822000002631 ], [ -98.758344000002737, 29.461307000002719 ], [ -98.757030000002359, 29.458299000002484 ], [ -98.749182000002321, 29.439623000002442 ], [ -98.747796000001856, 29.429473000002051 ], [ -98.737531000002804, 29.429619000002173 ], [ -98.735297000002035, 29.411001000002059 ], [ -98.746228000002219, 29.410840000002153 ], [ -98.724537000001902, 29.377051000002631 ], [ -98.723808000002094, 29.37714600000221 ], [ -98.700940000002035, 29.382021000002819 ], [ -98.674156000002327, 29.388293000002857 ], [ -98.659648000002235, 29.393856000002128 ], [ -98.663119000002354, 29.409925000002112 ], [ -98.663118000002754, 29.410460000002164 ], [ -98.663126000001839, 29.417852000002284 ], [ -98.669302000002517, 29.417835000002473 ], [ -98.668942000002033, 29.428601000002057 ], [ -98.668766000002805, 29.433327000002553 ], [ -98.658877000001965, 29.438889000002209 ], [ -98.663624000002741, 29.443187000002144 ], [ -98.655271000002784, 29.446375000002728 ], [ -98.641180000002379, 29.451798000002764 ], [ -98.634063000002016, 29.455128000002308 ], [ -98.629933000001984, 29.453008000002281 ], [ -98.633877000002101, 29.448240000002659 ], [ -98.645489000002243, 29.434215000002386 ], [ -98.64929700000188, 29.427738000002215 ], [ -98.649514000002355, 29.41782500000242 ], [ -98.64954400000228, 29.409832000002609 ], [ -98.6495470000023, 29.406815000002428 ], [ -98.649447000002638, 29.397359000002737 ], [ -98.63516100000264, 29.400969000002242 ], [ -98.623965000002727, 29.403326000002068 ], [ -98.607074000002683, 29.40653400000209 ], [ -98.603607000002, 29.407126000002862 ], [ -98.587820000002566, 29.407753000002664 ], [ -98.560878000002077, 29.389506000002573 ], [ -98.559601000002615, 29.384467000002815 ], [ -98.556790000002493, 29.384433000002449 ], [ -98.550499000002119, 29.387388000002804 ], [ -98.550823000001941, 29.385239000002411 ], [ -98.564557000002736, 29.367790000002799 ], [ -98.570540000002438, 29.360132000002864 ], [ -98.575009000001998, 29.354906000002771 ], [ -98.585822000002594, 29.365704000002847 ], [ -98.589018000002383, 29.36570700000231 ], [ -98.590502000002758, 29.365710000002338 ], [ -98.613174000001919, 29.376833000002527 ], [ -98.620902000002019, 29.366390000002816 ], [ -98.626624000002622, 29.367031000002832 ], [ -98.636768000002817, 29.371071000002445 ], [ -98.632693000002646, 29.36081200000249 ], [ -98.63513500000208, 29.360789000002196 ], [ -98.643302000002564, 29.360698000002721 ], [ -98.646482000001967, 29.360633000002643 ], [ -98.646383000002004, 29.34719800000256 ], [ -98.646268000002436, 29.322529000002476 ], [ -98.625864000002124, 29.337714000002823 ], [ -98.614184000001956, 29.320046000002691 ], [ -98.592308000002504, 29.315680000002139 ], [ -98.571767000002239, 29.319422000002401 ], [ -98.553135000002641, 29.320159000002324 ], [ -98.532621000002166, 29.320232000002338 ], [ -98.518358000002621, 29.320270000002196 ], [ -98.517050000002044, 29.32027600000211 ], [ -98.501265000002761, 29.319605000002166 ], [ -98.502803000002686, 29.290692000002306 ], [ -98.472471000002059, 29.253985000002416 ], [ -98.47262900000284, 29.248788000002701 ], [ -98.472650000002062, 29.24866000000236 ], [ -98.484041000001966, 29.140744000002758 ], [ -98.547608000001901, 29.162526000002622 ], [ -98.557348000002676, 29.165861000002479 ], [ -98.585730000001874, 29.175582000002269 ], [ -98.588332000002481, 29.17647500000254 ], [ -98.638510000002114, 29.19377400000284 ], [ -98.711206000002676, 29.218598000002672 ], [ -98.775941000002419, 29.240645000002793 ], [ -98.779769000002702, 29.241959000002097 ], [ -98.804763000002325, 29.250693000002201 ], [ -98.804684000002638, 29.229701000002382 ], [ -98.804733000001917, 29.21428000000283 ], [ -98.804739000002087, 29.207215000002751 ], [ -98.804778000002358, 29.163232000002417 ], [ -98.804788000002674, 29.151788000002433 ], [ -98.804900000002803, 29.090434000002233 ], [ -98.80472400000248, 29.034322000002625 ], [ -98.801537000002725, 28.712553000002259 ], [ -98.800841000002137, 28.647487000002425 ], [ -98.800848000002446, 28.647306000002537 ], [ -98.801171000002583, 28.599424000002291 ], [ -98.801036000002554, 28.496610000002597 ], [ -98.800740000002406, 28.468409000002502 ], [ -98.800082000002362, 28.202333000002852 ], [ -98.803325000002005, 28.057480000002645 ], [ -99.076572000001917, 28.045427000002764 ], [ -99.356165000002719, 28.031964000002176 ], [ -99.38894600000198, 28.030419000002276 ], [ -99.393972000002719, 28.19749500000259 ], [ -99.394177000002301, 28.204627000002283 ], [ -100.008147000002481, 28.198707000002159 ], [ -100.113719000002021, 28.197819000002301 ], [ -100.212189000001885, 28.196837000002144 ], [ -100.223629000002674, 28.235223000002215 ], [ -100.257789000002319, 28.240340000002341 ], [ -100.294296000002177, 28.284380000002301 ], [ -100.288639000002604, 28.31697600000204 ], [ -100.341871000001902, 28.384953000002582 ], [ -100.336187000002326, 28.430181000002644 ], [ -100.367765000002507, 28.475019000002082 ], [ -100.334740000002881, 28.500261000002009 ], [ -100.38696300000224, 28.514023000002361 ], [ -100.411388000001921, 28.551960000002047 ], [ -100.398385000002804, 28.584884000002496 ], [ -100.4486120000022, 28.616591000002256 ], [ -100.447619000002007, 28.642406000002751 ], [ -100.501888000002381, 28.667633000002592 ], [ -100.510544000002838, 28.696134000002552 ], [ -100.507236000001924, 28.718869000002513 ], [ -100.507170000002318, 28.736482000002265 ], [ -100.537772000002676, 28.780776000002625 ], [ -100.546576000002361, 28.824923000001988 ], [ -100.573536000002363, 28.845815000002784 ], [ -100.602595000002395, 28.902214000002644 ], [ -100.631611000002763, 28.902839000002302 ], [ -100.667548000002725, 29.084292000002058 ], [ -100.67520000000242, 29.100741000002241 ], [ -100.73779500000272, 29.139079000002479 ], [ -100.794627000002436, 29.241612000002799 ], [ -100.878126000002055, 29.280860000002484 ], [ -100.886842000002304, 29.307848000002675 ], [ -100.919499000002119, 29.325318000002103 ], [ -100.926284000002397, 29.326609000002598 ], [ -100.930630000002495, 29.328616000001979 ], [ -100.950727000002885, 29.347711000001951 ], [ -101.003953000002539, 29.364703000002191 ], [ -101.063976000002484, 29.459853000002351 ], [ -101.151877000002358, 29.477005000002222 ], [ -101.173824000002242, 29.51456800000199 ], [ -101.207611000002714, 29.521193000002626 ], [ -101.254895000002804, 29.520341000002272 ], [ -101.241030000002326, 29.565028000002449 ], [ -101.277878000002687, 29.590810000002296 ], [ -101.311636000002082, 29.585127000001886 ], [ -101.300027000001961, 29.640702000002676 ], [ -101.314135000002722, 29.659054000002513 ], [ -101.363218000002519, 29.652638000002678 ], [ -101.375386000002194, 29.701807000002237 ], [ -101.415584000002738, 29.746534000002207 ], [ -101.448881000002686, 29.750699000001894 ], [ -101.455799000002315, 29.788049000001909 ], [ -101.500389000002656, 29.76586800000188 ], [ -101.539191000002106, 29.761774000001921 ], [ -101.535010000002842, 29.797679000002081 ], [ -101.567749000001896, 29.79872700000254 ], [ -101.646936000002398, 29.754565000002085 ], [ -101.662994000001945, 29.771060000002159 ], [ -101.760924000001879, 29.781802000002227 ], [ -101.837595000002693, 29.793364000002612 ], [ -101.955480000002183, 29.795333000002255 ], [ -101.981567000001874, 29.815020000002161 ], [ -102.049023000002322, 29.785672000002052 ], [ -102.143566000002039, 29.803320000002198 ], [ -102.183672000002161, 29.846898000002284 ], [ -102.199261000002593, 29.83668300000258 ], [ -102.320819000002686, 29.878933000001965 ], [ -102.362929000002396, 29.83148900000257 ], [ -102.404537000002705, 29.765181000001999 ], [ -102.434228000002122, 29.776946000002617 ], [ -102.513000000002265, 29.766569000002061 ], [ -102.547978000002317, 29.744644000002278 ], [ -102.571815000002474, 29.768964000001979 ], [ -102.589207000002816, 29.749069000002031 ], [ -102.645758000002061, 29.733874000002331 ], [ -102.677219000002495, 29.741052000002576 ], [ -102.693539000002261, 29.676957000002005 ], [ -102.7345100000028, 29.642143000001827 ], [ -102.740154000002065, 29.598174000002345 ], [ -102.768641000002376, 29.594680000002473 ], [ -102.778382000002438, 29.543592000002558 ], [ -102.808195000002542, 29.523115000002218 ], [ -102.807213000002122, 29.494050000002087 ], [ -102.83248000000232, 29.432431000002438 ], [ -102.825612000002565, 29.396946000002551 ], [ -102.845303000002104, 29.357699000002675 ], [ -102.877726000002085, 29.354800000002463 ], [ -102.906382000001926, 29.262055000002025 ], [ -102.867474000002716, 29.223883000002708 ], [ -102.950888000002536, 29.178162000002175 ], [ -102.978740000002105, 29.186433000002108 ], [ -103.033879000002798, 29.100972000002439 ], [ -103.053887000002021, 29.100749000002633 ], [ -103.100134000002555, 29.060675000002515 ], [ -103.097848000002315, 29.027036000002283 ], [ -103.153896000002035, 28.971606000002119 ], [ -103.203834000001919, 28.987230000001908 ], [ -103.250416000002076, 28.980430000002404 ], [ -103.265735000002039, 28.995670000002164 ], [ -103.338751000002205, 29.020277000001911 ], [ -103.343570000001961, 29.046368000001959 ], [ -103.386817000001926, 29.021735000002096 ], [ -103.450019000002598, 29.065734000002383 ], [ -103.524835000002739, 29.137123000001843 ], [ -103.556868000002893, 29.155502000002492 ], [ -103.633657000001961, 29.158580000002253 ], [ -103.718561000002595, 29.180826000002341 ], [ -103.792703000001893, 29.262499000002169 ] ] ] } },
{ "type": "Feature", "properties": { "enacted_district": 24, "population": 768366.0, "voting_age_pop": 582342.0, "dem_votes": 132611.0, "rep_votes": 198857.0, "minority_pop": 206550.0, "dem_pct": 0.40007180168219197, "rep_pct": 0.59992819801611974 }, "geometry": { "type": "MultiPolygon", "coordinates": [ [ [ [ -97.255474000002167, 32.840234000002276 ], [ -97.264084000002342, 32.839380000002443 ], [ -97.27675500000268, 32.839482000002107 ], [ -97.280504000002296, 32.860850000002372 ], [ -97.290073000002238, 32.860970000002339 ], [ -97.290436000001904, 32.872600000002535 ], [ -97.289677000002087, 32.890752000002173 ], [ -97.289584000002165, 32.892805000002113 ], [ -97.289638000002554, 32.893873000002891 ], [ -97.289616000001999, 32.902088000002266 ], [ -97.306945000002457, 32.903486000002751 ], [ -97.317066000002313, 32.903212000002334 ], [ -97.317048000001975, 32.914479000002615 ], [ -97.315334000002196, 32.933383000002515 ], [ -97.312530000002354, 32.942031000002572 ], [ -97.308174000001898, 32.975223000002089 ], [ -97.299329000002658, 32.991282000002165 ], [ -97.294805000002484, 32.991260000002697 ], [ -97.254164000002675, 32.991052000002512 ], [ -97.234529000002325, 32.990949000002537 ], [ -97.228762000001836, 32.990919000002393 ], [ -97.216415000001959, 32.990849000002505 ], [ -97.183810000002197, 32.990667000002844 ], [ -97.167259000001877, 32.990564000002593 ], [ -97.156847000001804, 32.990500000002363 ], [ -97.130244000002804, 32.990335000002752 ], [ -97.12414300000232, 32.990296000002417 ], [ -97.109232000002564, 32.990203000002644 ], [ -97.088162000002555, 32.99007300000207 ], [ -97.086450000002358, 32.990061000002257 ], [ -97.061800000001966, 32.989904000002063 ], [ -97.031007000001964, 32.989691000002843 ], [ -97.028339000002319, 32.989614000002923 ], [ -97.025168000002793, 32.989581000002438 ], [ -97.020777000002639, 32.989542000002828 ], [ -97.019567000001885, 32.989524000002831 ], [ -97.016663000001998, 32.98949300000227 ], [ -97.010582000002117, 32.989426000002105 ], [ -96.9931110000026, 32.989319000002048 ], [ -96.990214000002624, 32.989287000002513 ], [ -96.9800690000028, 32.989203000002881 ], [ -96.973793000002516, 32.989148000002288 ], [ -96.96667200000276, 32.989084000002514 ], [ -96.958665000001943, 32.989013000002835 ], [ -96.942445000002493, 32.988800000002662 ], [ -96.939882000002683, 32.988822000002813 ], [ -96.922034000002, 32.972693000002103 ], [ -96.889922000002684, 32.975575000002216 ], [ -96.890059000002722, 32.969983000002138 ], [ -96.887112000002219, 32.972136000002166 ], [ -96.875295000002282, 32.987830000002084 ], [ -96.861291000002325, 32.987652000002591 ], [ -96.864326000002762, 32.970266000002304 ], [ -96.853714000002341, 32.969017000002125 ], [ -96.86419700000188, 32.953232000002615 ], [ -96.855929000002604, 32.953090000002462 ], [ -96.848086000002127, 32.956645000002624 ], [ -96.841936000002363, 32.968902000002217 ], [ -96.838867000002438, 32.981198000002351 ], [ -96.830043000002703, 32.968570000002359 ], [ -96.829907000001924, 32.954014000002317 ], [ -96.822287000002845, 32.954022000002333 ], [ -96.818521000002576, 32.953989000002295 ], [ -96.809073000002741, 32.947229000002473 ], [ -96.81507400000244, 32.945449000002732 ], [ -96.818022000002756, 32.950114000002038 ], [ -96.823033000002596, 32.950184000002153 ], [ -96.821835000002295, 32.942767000002405 ], [ -96.822086000001804, 32.939495000002793 ], [ -96.822239000002682, 32.942074000002194 ], [ -96.838973000002341, 32.95199300000256 ], [ -96.846934000002463, 32.939873000002223 ], [ -96.855895000002405, 32.940004000002183 ], [ -96.85593700000274, 32.933678000002828 ], [ -96.873245000001759, 32.93301000000217 ], [ -96.873311000002658, 32.924418000002085 ], [ -96.855989000001927, 32.92423100000255 ], [ -96.841345000002761, 32.924453000002735 ], [ -96.828681000002433, 32.926105000002458 ], [ -96.820753000002526, 32.926067000002554 ], [ -96.820802000002018, 32.926220000002694 ], [ -96.811322000001894, 32.926054000002566 ], [ -96.811145000002, 32.925503000002763 ], [ -96.803578000002105, 32.924999000002423 ], [ -96.803568000002343, 32.925640000002325 ], [ -96.803739000001954, 32.938632000002784 ], [ -96.803640000002218, 32.94609100000249 ], [ -96.804204000001846, 32.954084000002474 ], [ -96.804585000001964, 32.962372000002389 ], [ -96.798170000002315, 32.962336000002438 ], [ -96.791638000001896, 32.962516000002715 ], [ -96.786473000002161, 32.962172000002042 ], [ -96.784204000002063, 32.970779000002707 ], [ -96.78405600000228, 32.974877000002742 ], [ -96.778728000002303, 32.978333000002799 ], [ -96.768214000002047, 32.978351000002668 ], [ -96.75749500000228, 32.962435000002451 ], [ -96.748226000002077, 32.96303600000244 ], [ -96.748057000001765, 32.978319000002685 ], [ -96.740435000002336, 32.978254000002501 ], [ -96.741901000002514, 32.963164000002621 ], [ -96.729164000002243, 32.960848000002258 ], [ -96.734744000001996, 32.950787000002819 ], [ -96.753153000002087, 32.951220000002792 ], [ -96.768983000002365, 32.950985000002603 ], [ -96.768988000002082, 32.95084500000236 ], [ -96.778053000001805, 32.943087000002244 ], [ -96.76902500000206, 32.945847000002175 ], [ -96.768987000002525, 32.939867000002131 ], [ -96.769037000001859, 32.932876000002963 ], [ -96.769084000001925, 32.930264000002424 ], [ -96.769126000002345, 32.926932000002395 ], [ -96.769301000002358, 32.924423000002747 ], [ -96.769313000002001, 32.92397800000294 ], [ -96.769214000002805, 32.921222000002253 ], [ -96.773748000001873, 32.909714000002801 ], [ -96.786532000002595, 32.909864000002706 ], [ -96.788324000002305, 32.89961000000234 ], [ -96.782569000002795, 32.891872000002159 ], [ -96.775075000002062, 32.890019000002695 ], [ -96.770285000002403, 32.887769000002315 ], [ -96.770045000002739, 32.887735000002266 ], [ -96.769489000002238, 32.896372000002273 ], [ -96.768543000001884, 32.905347000002891 ], [ -96.756688000001844, 32.889043000002637 ], [ -96.753412000001845, 32.893662000002067 ], [ -96.749520000002278, 32.902693000002799 ], [ -96.738351000002581, 32.900415000002326 ], [ -96.7355290000027, 32.911544000002628 ], [ -96.732106000001906, 32.909232000002604 ], [ -96.726850000002656, 32.906033000002445 ], [ -96.727163000002221, 32.900298000002401 ], [ -96.730120000001804, 32.894500000002566 ], [ -96.732568000002601, 32.885984000002921 ], [ -96.746143000002277, 32.882677000002722 ], [ -96.74896200000228, 32.880411000002731 ], [ -96.754448000002753, 32.883727000002963 ], [ -96.764882000001805, 32.871736000002393 ], [ -96.770667000002234, 32.871847000002113 ], [ -96.770605000001936, 32.865603000002217 ], [ -96.770373000002763, 32.8656030000028 ], [ -96.771571000002595, 32.850997000002089 ], [ -96.772777000002407, 32.85102400000271 ], [ -96.772086000002105, 32.845568000002544 ], [ -96.779207000002259, 32.836593000002352 ], [ -96.77938400000248, 32.836590000002516 ], [ -96.781068000002165, 32.836582000002295 ], [ -96.780948000002681, 32.832754000002652 ], [ -96.785990000002116, 32.822262000002247 ], [ -96.786090000002474, 32.822077000002466 ], [ -96.791170000002424, 32.824084000002536 ], [ -96.792992000002059, 32.822173000002408 ], [ -96.799205000001834, 32.81894500000287 ], [ -96.802381000001915, 32.819679000002061 ], [ -96.812457000002439, 32.822804000002108 ], [ -96.816765000002306, 32.821592000002617 ], [ -96.816889000001879, 32.821696000002717 ], [ -96.81812200000266, 32.822749000002119 ], [ -96.819237000002687, 32.836655000002196 ], [ -96.822085000002559, 32.836680000002097 ], [ -96.821419000002294, 32.844929000002693 ], [ -96.821311000002723, 32.851174000002679 ], [ -96.841151000002526, 32.850735000002224 ], [ -96.846883000002634, 32.855691000002899 ], [ -96.854108000002682, 32.860089000002368 ], [ -96.854803000002235, 32.861086000002196 ], [ -96.850227000002477, 32.862445000002062 ], [ -96.847931000002845, 32.863059000002259 ], [ -96.846753000002678, 32.863380000002351 ], [ -96.846701000002142, 32.86622000000213 ], [ -96.847861000001913, 32.866222000002402 ], [ -96.84888200000232, 32.866230000002687 ], [ -96.848858000001783, 32.869757000002615 ], [ -96.847545000001844, 32.872480000002689 ], [ -96.84632700000256, 32.880299000002381 ], [ -96.856275000002043, 32.880428000002169 ], [ -96.85627800000232, 32.880615000002457 ], [ -96.856222000001907, 32.883699000002508 ], [ -96.856243000002678, 32.895180000002647 ], [ -96.856160000002475, 32.909652000002687 ], [ -96.856051000001855, 32.915723000002814 ], [ -96.856049000002443, 32.918138000002507 ], [ -96.864776000002578, 32.915497000002382 ], [ -96.870968000002122, 32.913657000002353 ], [ -96.881765000002801, 32.911158000002089 ], [ -96.891402000002699, 32.914648000002728 ], [ -96.891398000002155, 32.915553000002276 ], [ -96.890901000002003, 32.924025000002757 ], [ -96.890605000001983, 32.938359000002102 ], [ -96.88491400000224, 32.938322000002472 ], [ -96.87319300000226, 32.938906000002461 ], [ -96.871899000002287, 32.94635000000271 ], [ -96.87072100000276, 32.953381000002175 ], [ -96.886446000002806, 32.953606000002402 ], [ -96.890162000002803, 32.963886000002255 ], [ -96.910761000002793, 32.953789000002182 ], [ -96.906159000001878, 32.946953000002097 ], [ -96.902727000002457, 32.939173000002242 ], [ -96.938291000002678, 32.913473000002583 ], [ -96.935245000002354, 32.937044000002153 ], [ -96.958014000002535, 32.950241000002258 ], [ -96.959348000002322, 32.950290000002362 ], [ -96.968297000002025, 32.953966000002666 ], [ -96.969215000001995, 32.954679000002827 ], [ -96.976677000001914, 32.954782000002503 ], [ -96.991662000002776, 32.947708000002741 ], [ -96.991450000002359, 32.925720000002272 ], [ -96.993774000002517, 32.923184000002934 ], [ -96.975296000002459, 32.918956000002225 ], [ -96.958718000002563, 32.915705000002227 ], [ -96.958858000002337, 32.905012000002948 ], [ -96.984724000002799, 32.91164000000208 ], [ -96.992730000002595, 32.905816000002531 ], [ -96.985289000001984, 32.902367000002471 ], [ -97.01523000000256, 32.867274000002247 ], [ -97.021289000001886, 32.856918000002807 ], [ -97.033577000002765, 32.852753000002828 ], [ -97.033840000001916, 32.838532000002182 ], [ -97.065267000002038, 32.837822000002717 ], [ -97.069641000001965, 32.837027000002799 ], [ -97.06964200000246, 32.836774000002897 ], [ -97.082326000002624, 32.822381000002444 ], [ -97.099643000002402, 32.822418000002372 ], [ -97.099517000002379, 32.808760000002849 ], [ -97.103703000002795, 32.80774900000295 ], [ -97.11008800000198, 32.806279000002306 ], [ -97.121878000002241, 32.803506000002088 ], [ -97.131197000002075, 32.802864000002813 ], [ -97.177477000002398, 32.794038000002281 ], [ -97.18376200000192, 32.802466000002703 ], [ -97.186530000002122, 32.806759000002685 ], [ -97.212166000002682, 32.804305000002032 ], [ -97.212398000002679, 32.804208000002404 ], [ -97.212353000002182, 32.808949000002713 ], [ -97.207469000001865, 32.823579000002781 ], [ -97.227479000002234, 32.824106000002899 ], [ -97.227831000002141, 32.823838000002866 ], [ -97.239075000002344, 32.823956000002561 ], [ -97.238729000002436, 32.840336000002473 ], [ -97.252850000002638, 32.840308000002842 ], [ -97.255474000002167, 32.840234000002276 ] ] ], [ [ [ -96.730599000002087, 32.886066000002252 ], [ -96.717922000001863, 32.892528000002741 ], [ -96.715126000002797, 32.89454800000258 ], [ -96.71159000000182, 32.894615000002759 ], [ -96.705312000002806, 32.888328000002311 ], [ -96.70333100000218, 32.886243000002104 ], [ -96.702582000002167, 32.87904100000231 ], [ -96.70055300000196, 32.864172000002483 ], [ -96.710769000002443, 32.864207000002615 ], [ -96.718044000002635, 32.861808000002505 ], [ -96.728654000002379, 32.856951000002624 ], [ -96.733953000002515, 32.863231000002401 ], [ -96.730676000002163, 32.878725000002291 ], [ -96.731089000001845, 32.886032000002821 ], [ -96.730599000002087, 32.886066000002252 ] ] ] ] } },
{ "type": "Feature", "properties": { "enacted_district": 25, "population": 764915.0, "voting_age_pop": 584683.0, "dem_votes": 91262.0, "rep_votes": 184866.0, "minority_pop": 221715.0, "dem_pct": 0.33050614195934269, "rep_pct": 0.66949385767850633 }, "geometry": { "type": "Polygon", "coordinates": [ [ [ -98.580163000002841, 31.712859000002531 ], [ -98.66844100000236, 31.700514000002219 ], [ -98.706654000002544, 31.757296000002643 ], [ -98.79023800000266, 31.881217000002696 ], [ -98.809670000002683, 31.909430000002853 ], [ -98.924401000001964, 32.078018000002544 ], [ -99.118665000002565, 32.079585000002396 ], [ -99.155818000002185, 32.079452000002782 ], [ -99.195871000002825, 32.079235000001965 ], [ -99.422906000002143, 32.080154000002743 ], [ -99.478315000001999, 32.080067000001975 ], [ -99.631413000002581, 32.081274000002637 ], [ -99.630864000002035, 32.299378000002143 ], [ -99.630555000002317, 32.33111800000195 ], [ -99.630715000001913, 32.357709000002167 ], [ -99.562346000002719, 32.357695000002415 ], [ -99.5619210000023, 32.410851000002751 ], [ -99.503115000002637, 32.401638000002627 ], [ -99.489839000002107, 32.397421000002531 ], [ -99.454767000001993, 32.407209000002517 ], [ -99.45444600000188, 32.457339000001944 ], [ -99.418783000002037, 32.479308000002199 ], [ -99.397054000002839, 32.51511000000194 ], [ -99.297423000001899, 32.515127000002579 ], [ -99.114293000002277, 32.514811000002602 ], [ -99.096050000002663, 32.514768000002718 ], [ -99.095971000002081, 32.676454000001982 ], [ -99.095956000002843, 32.707581000002136 ], [ -99.0957600000024, 32.757440000002347 ], [ -99.095939000002403, 32.842150000001993 ], [ -99.096016000002834, 32.957037000002742 ], [ -98.950875000002725, 32.95691800000197 ], [ -98.951738000002379, 33.065800000002767 ], [ -98.952616000002706, 33.169051000002639 ], [ -98.952791000002463, 33.193838000002707 ], [ -98.953384000002444, 33.267852000002797 ], [ -98.953938000002083, 33.397534000002295 ], [ -98.781225000002536, 33.396208000002353 ], [ -98.61774300000188, 33.395432000002522 ], [ -98.57728900000204, 33.395646000002721 ], [ -98.538684000002036, 33.395846000002031 ], [ -98.420666000001901, 33.396195000002749 ], [ -98.4214190000027, 33.466797000002032 ], [ -98.324337000002274, 33.466412000002251 ], [ -98.196998000002523, 33.466307000002516 ], [ -98.090863000002798, 33.466509000002482 ], [ -97.978919000002136, 33.467129000002274 ], [ -97.978967000002285, 33.433748000002467 ], [ -97.918189000001817, 33.433873000002023 ], [ -97.91911300000244, 33.307436000002284 ], [ -97.918986000002164, 33.234058000002086 ], [ -97.919034000002199, 33.22564500000265 ], [ -97.919570000001784, 33.172495000002613 ], [ -97.921642000001924, 33.001284000002755 ], [ -97.925499000002318, 33.00129600000232 ], [ -98.05609400000192, 33.003332000002423 ], [ -98.057770000002478, 32.920315000002027 ], [ -98.058834000002165, 32.876433000002329 ], [ -98.05950400000232, 32.842563000002841 ], [ -98.060338000002204, 32.810680000002165 ], [ -98.061219000001884, 32.774901000002835 ], [ -98.061716000002676, 32.755540000002092 ], [ -98.063333000002103, 32.679344000002132 ], [ -98.064369000002202, 32.637236000002879 ], [ -98.038578000002857, 32.649152000002793 ], [ -97.996314000002442, 32.68876800000249 ], [ -97.933011000002693, 32.710844000002126 ], [ -97.849913000002061, 32.728237000002395 ], [ -97.835023000002224, 32.716496000002856 ], [ -97.781467000002195, 32.716390000002697 ], [ -97.771646000001994, 32.702430000002849 ], [ -97.689321000002366, 32.663349000002007 ], [ -97.627950000002656, 32.635259000002314 ], [ -97.578355000002603, 32.610382000002083 ], [ -97.585868000002634, 32.672291000002836 ], [ -97.595121000002365, 32.686122000002783 ], [ -97.592541000002299, 32.700538000002489 ], [ -97.616203000002201, 32.709905000002585 ], [ -97.615622000002205, 32.694712000002625 ], [ -97.675419000002762, 32.70547300000279 ], [ -97.676194000002837, 32.7193890000026 ], [ -97.673964000002599, 32.747559000002909 ], [ -97.673098000002398, 32.758512000002625 ], [ -97.666824000002521, 32.77007400000246 ], [ -97.680732000002635, 32.785681000002079 ], [ -97.597884000002153, 32.78544300000226 ], [ -97.548201000001839, 32.776114000002288 ], [ -97.548601000001796, 32.744518000002088 ], [ -97.549008000001905, 32.720569000002612 ], [ -97.549086000002106, 32.70312000000289 ], [ -97.549569000002577, 32.681079000002406 ], [ -97.550368000001939, 32.580323000002664 ], [ -97.550582000002663, 32.555391000002651 ], [ -97.503424000001885, 32.555439000002359 ], [ -97.430998000002319, 32.554106000002321 ], [ -97.386367000002593, 32.553559000002871 ], [ -97.3645870000027, 32.553362000002181 ], [ -97.359133000002757, 32.578590000002393 ], [ -97.355135000002235, 32.606785000002283 ], [ -97.351485000002725, 32.60679400000285 ], [ -97.350866000002299, 32.612338000002261 ], [ -97.371490000002439, 32.614903000002215 ], [ -97.3616510000018, 32.625465000002656 ], [ -97.357653000002543, 32.634800000002564 ], [ -97.359603000002338, 32.634804000002099 ], [ -97.360573000002233, 32.648943000002703 ], [ -97.353346000002205, 32.648829000002159 ], [ -97.352847000002598, 32.661459000002417 ], [ -97.352590000002635, 32.667257000002785 ], [ -97.331813000002086, 32.664470000002176 ], [ -97.326911000002184, 32.665431000002719 ], [ -97.320973000002525, 32.666741000002645 ], [ -97.320759000001914, 32.666787000002202 ], [ -97.321402000002578, 32.660480000002728 ], [ -97.321577000002776, 32.64369000000206 ], [ -97.321371000002713, 32.643740000002367 ], [ -97.321464000001839, 32.635163000002358 ], [ -97.321485000002482, 32.627664000002248 ], [ -97.321538000002235, 32.613994000002094 ], [ -97.320108000002236, 32.605131000002331 ], [ -97.294192000001956, 32.604056000002494 ], [ -97.285821000002159, 32.608317000002479 ], [ -97.287118000002138, 32.616501000002685 ], [ -97.269920000002699, 32.616463000002078 ], [ -97.269982000002202, 32.623730000002574 ], [ -97.264695000002305, 32.62374500000233 ], [ -97.266131000002602, 32.629098000002649 ], [ -97.261370000001804, 32.630959000002264 ], [ -97.252667000002845, 32.64548400000276 ], [ -97.242945000002223, 32.656464000002615 ], [ -97.242962000001754, 32.656695000002237 ], [ -97.244651000002605, 32.66272800000246 ], [ -97.241366000002841, 32.665348000002055 ], [ -97.24180100000234, 32.665644000002288 ], [ -97.237108000002721, 32.697592000002608 ], [ -97.225087000001807, 32.696775000002773 ], [ -97.21990900000236, 32.713369000002608 ], [ -97.219823000002663, 32.713848000002258 ], [ -97.219404000002015, 32.715425000002668 ], [ -97.219016000002398, 32.715947000002387 ], [ -97.213179000002739, 32.718689000002165 ], [ -97.207571000002204, 32.7249670000026 ], [ -97.207238000002718, 32.727727000002552 ], [ -97.202043000002703, 32.727831000002915 ], [ -97.198810000002638, 32.728324000002765 ], [ -97.180043000002556, 32.730579000002706 ], [ -97.179812000002073, 32.730850000002434 ], [ -97.179436000002354, 32.730902000002288 ], [ -97.163104000002207, 32.75612300000266 ], [ -97.161086000002356, 32.757559000002317 ], [ -97.159642000002819, 32.757556000002246 ], [ -97.156414000002115, 32.757547000002653 ], [ -97.154967000002486, 32.757755000002454 ], [ -97.153765000002281, 32.757417000002839 ], [ -97.149737000002801, 32.760205000002507 ], [ -97.149408000002765, 32.767736000002628 ], [ -97.148801000001882, 32.771369000002672 ], [ -97.139403000001835, 32.7792750000024 ], [ -97.133571000002576, 32.779275000002208 ], [ -97.104876000002164, 32.789844000002269 ], [ -97.096003000001858, 32.786011000002418 ], [ -97.067547000002719, 32.793931000002623 ], [ -97.062681000002357, 32.802114000002831 ], [ -97.062625000001802, 32.795769000002515 ], [ -97.062579000002245, 32.779027000002607 ], [ -97.03493400000184, 32.77992900000276 ], [ -97.035171000002123, 32.759693000002279 ], [ -97.037086000002034, 32.759652000002916 ], [ -97.06295200000244, 32.763005000002913 ], [ -97.062900000002458, 32.764339000002465 ], [ -97.063430000002, 32.764336000002075 ], [ -97.063444000002363, 32.759763000002302 ], [ -97.063447000002355, 32.759523000002524 ], [ -97.08345200000268, 32.741621000002517 ], [ -97.097388000002397, 32.738948000002296 ], [ -97.097333000002578, 32.735556000002255 ], [ -97.097417000002494, 32.725935000002615 ], [ -97.097474000002606, 32.723000000002763 ], [ -97.101701000002535, 32.721046000002232 ], [ -97.102874000002686, 32.721060000002119 ], [ -97.12332600000282, 32.721213000002926 ], [ -97.123336000002197, 32.708916000002439 ], [ -97.114710000002205, 32.708205000002124 ], [ -97.114648000002276, 32.706187000002672 ], [ -97.114863000001975, 32.703296000002524 ], [ -97.115009000002402, 32.690965000002684 ], [ -97.097836000002758, 32.691736000002152 ], [ -97.092863000002325, 32.677567000002789 ], [ -97.091509000002318, 32.672147000002241 ], [ -97.088208000002197, 32.65281300000224 ], [ -97.088227000002504, 32.649669000002326 ], [ -97.075113000002403, 32.648362000002329 ], [ -97.08804100000242, 32.641260000002788 ], [ -97.08707700000258, 32.62861800000249 ], [ -97.098521000002634, 32.623305000002361 ], [ -97.099742000002777, 32.616429000002938 ], [ -97.106334000002761, 32.613110000002621 ], [ -97.116416000001806, 32.608227000002792 ], [ -97.117279000002, 32.609488000002784 ], [ -97.135101000001796, 32.611067000002251 ], [ -97.142368000002605, 32.611063000002638 ], [ -97.147286000002438, 32.597697000002789 ], [ -97.162138000002784, 32.590713000002843 ], [ -97.166941000002524, 32.588414000002345 ], [ -97.179765000002504, 32.582378000002116 ], [ -97.172054000002376, 32.563344000002935 ], [ -97.177040000002236, 32.550646000002551 ], [ -97.232799000001776, 32.55148400000283 ], [ -97.258495000002441, 32.508780000002737 ], [ -97.239587000002359, 32.473142000002369 ], [ -97.299896000002207, 32.453108000002729 ], [ -97.282334000002479, 32.436110000002209 ], [ -97.297920000002506, 32.425398000002048 ], [ -97.305929000002365, 32.388579000002927 ], [ -97.293497000001807, 32.365933000002443 ], [ -97.297365000001847, 32.364128000002665 ], [ -97.286454000001939, 32.339785000002195 ], [ -97.29716800000206, 32.297556000002601 ], [ -97.287375000002754, 32.259506000002951 ], [ -97.270479000002354, 32.226774000002457 ], [ -97.302510000002599, 32.219876000002699 ], [ -97.361402000002073, 32.207200000002857 ], [ -97.476086000002084, 32.173460000002308 ], [ -97.48749000000204, 32.171102000002278 ], [ -97.555211000002359, 32.149414000002295 ], [ -97.56847500000228, 32.176470000002737 ], [ -97.615055000001817, 32.203581000002565 ], [ -97.666322000001983, 32.188817000002238 ], [ -97.692475000002446, 32.175244000002486 ], [ -97.83535500000248, 32.102342000002821 ], [ -97.864864000002299, 32.087328000002771 ], [ -98.005462000002183, 32.01789700000252 ], [ -98.047833000001845, 31.997147000002549 ], [ -98.117678000002101, 31.96261800000222 ], [ -98.208386000002378, 31.917511000002627 ], [ -98.189898000002401, 31.890443000002051 ], [ -98.156568000002437, 31.841713000002184 ], [ -98.305607000002496, 31.765218000002552 ], [ -98.329417000001953, 31.752928000002719 ], [ -98.447266000002685, 31.692529000002462 ], [ -98.463736000001859, 31.683989000002224 ], [ -98.492802000002044, 31.723608000002791 ], [ -98.580163000002841, 31.712859000002531 ] ] ] } },
{ "type": "Feature", "properties": { "enacted_district": 26, "population": 771793.0, "voting_age_pop": 573193.0, "dem_votes": 106460.0, "rep_votes": 175708.0, "minority_pop": 230177.0, "dem_pct": 0.37729296008856678, "rep_pct": 0.62270703955703444 }, "geometry": { "type": "Polygon", "coordinates": [ [ [ -97.398459000001836, 32.991732000002216 ], [ -97.415462000002137, 32.992048000002079 ], [ -97.509033000001878, 32.993845000002054 ], [ -97.519863000002204, 32.994100000002227 ], [ -97.544181000001998, 32.994177000002878 ], [ -97.613330000002037, 32.995509000002592 ], [ -97.679565000002313, 32.996373000002109 ], [ -97.726882000002476, 32.997320000002809 ], [ -97.766953000002019, 32.998109000002287 ], [ -97.813297000002436, 32.999179000002393 ], [ -97.921642000001924, 33.001284000002755 ], [ -97.919570000001784, 33.172495000002613 ], [ -97.874434000002239, 33.157103000002053 ], [ -97.856386000002402, 33.173703000002476 ], [ -97.852551000002222, 33.175109000002195 ], [ -97.769016000002296, 33.223163000002437 ], [ -97.755690000002247, 33.210396000002099 ], [ -97.694614000001962, 33.231774000002098 ], [ -97.673977000002495, 33.183948000002239 ], [ -97.647436000002443, 33.130000000002397 ], [ -97.608271000002077, 33.195458000002844 ], [ -97.604898000002393, 33.199292000002863 ], [ -97.610730000002505, 33.237888000002343 ], [ -97.603469000002562, 33.248751000002088 ], [ -97.586376000002176, 33.248922000002139 ], [ -97.584148000002557, 33.273666000002763 ], [ -97.556543000002193, 33.198035000002868 ], [ -97.502669000002285, 33.191279000002787 ], [ -97.392670000002099, 33.183509000002609 ], [ -97.391606000002284, 33.218935000002638 ], [ -97.218254000002361, 33.221410000002685 ], [ -97.197420000001799, 33.219569000002522 ], [ -97.172262000002078, 33.219226000002912 ], [ -97.161350000002074, 33.215809000002743 ], [ -97.14153000000276, 33.20656000000217 ], [ -97.139240000001976, 33.196650000002251 ], [ -97.139297000002074, 33.196537000002657 ], [ -97.140082000002522, 33.192191000002289 ], [ -97.141858000002074, 33.177190000002078 ], [ -97.126569000002235, 33.175991000002313 ], [ -97.125577000002082, 33.16146400000251 ], [ -97.123493000002242, 33.138356000002162 ], [ -97.120695000002314, 33.135765000002912 ], [ -97.114694000001961, 33.13252300000218 ], [ -97.102620000002659, 33.132390000002268 ], [ -97.096428000002618, 33.13214000000243 ], [ -97.09196500000202, 33.158223000002472 ], [ -97.075590000002407, 33.163513000002048 ], [ -97.064780000001917, 33.163051000002461 ], [ -97.065531000002181, 33.168540000002864 ], [ -97.064592000001795, 33.170437000002124 ], [ -97.056418000001926, 33.17525800000206 ], [ -97.042108000002401, 33.181129000002755 ], [ -97.019817000001879, 33.177408000002544 ], [ -97.019775000001914, 33.188336000002529 ], [ -97.036202000002035, 33.238050000002872 ], [ -97.036614000002601, 33.254123000002245 ], [ -97.049133000001873, 33.268563000002914 ], [ -97.092386000002193, 33.281836000002343 ], [ -97.12932700000276, 33.305821000002787 ], [ -97.147901000002406, 33.33125400000268 ], [ -97.180340000002175, 33.324630000002898 ], [ -97.204310000002025, 33.317990000002645 ], [ -97.217288000002043, 33.348843000002489 ], [ -97.220092000002083, 33.425122000002197 ], [ -97.23340600000256, 33.425483000002608 ], [ -97.335835000002461, 33.42883600000247 ], [ -97.383095000002839, 33.430450000002104 ], [ -97.460283000002704, 33.433490000002749 ], [ -97.487065000002474, 33.433681000002046 ], [ -97.486624000002365, 33.526242000002263 ], [ -97.485400000002215, 33.648943000002198 ], [ -97.485014000001797, 33.695682000002471 ], [ -97.484163000001843, 33.915510000002243 ], [ -97.451058000001836, 33.89167600000259 ], [ -97.463202000002326, 33.843090000002782 ], [ -97.426799000002006, 33.818641000002813 ], [ -97.374690000002161, 33.818552000002619 ], [ -97.3400520000028, 33.859841000002056 ], [ -97.314257000002485, 33.865089000002548 ], [ -97.255639000002176, 33.863702000002213 ], [ -97.245049000001842, 33.903216000002551 ], [ -97.185458000002782, 33.900700000002537 ], [ -97.166824000002663, 33.84039500000214 ], [ -97.205705000002297, 33.802908000002802 ], [ -97.19296900000208, 33.760784000002744 ], [ -97.162804000002723, 33.729125000002234 ], [ -97.111057000002717, 33.71937400000261 ], [ -97.087365000002237, 33.7411390000022 ], [ -97.092646000002816, 33.80419800000255 ], [ -97.048324000002737, 33.81726900000254 ], [ -96.983815000001883, 33.89318600000243 ], [ -96.973807000002481, 33.935697000002811 ], [ -96.944611000002794, 33.949217000002129 ], [ -96.943791000002605, 33.685620000002785 ], [ -96.943567000001806, 33.654266000002742 ], [ -96.94334600000272, 33.606011000002702 ], [ -96.943354000002003, 33.584618000002536 ], [ -96.94336700000224, 33.555027000002667 ], [ -96.943444000002444, 33.486678000002719 ], [ -96.943860000002402, 33.416410000002706 ], [ -96.834776000002165, 33.405489000002405 ], [ -96.8341100000018, 33.405498000002531 ], [ -96.835143000002475, 33.367957000002427 ], [ -96.83529500000212, 33.356805000002389 ], [ -96.836604000002566, 33.307312000002689 ], [ -96.837795000002458, 33.26283500000234 ], [ -96.837993000002484, 33.25607300000248 ], [ -96.838803000002201, 33.21938600000238 ], [ -96.887158000001847, 33.219285000002301 ], [ -96.880439000001957, 33.20390200000292 ], [ -96.886077000002501, 33.192265000002195 ], [ -96.886381000002203, 33.191724000002793 ], [ -96.887341000001882, 33.178399000002798 ], [ -96.88195100000236, 33.178184000002886 ], [ -96.882112000002564, 33.167489000002689 ], [ -96.890758000002435, 33.153788000002869 ], [ -96.899497000002683, 33.151626000002061 ], [ -96.899554000001842, 33.154600000002539 ], [ -96.911849000002718, 33.15463400000295 ], [ -96.922766000002497, 33.141117000002943 ], [ -96.922814000001964, 33.133552000002751 ], [ -96.905069000002484, 33.128270000002438 ], [ -96.890641000002176, 33.133725000002933 ], [ -96.890862000001761, 33.144540000002834 ], [ -96.869370000002306, 33.133080000002217 ], [ -96.86412500000246, 33.153129000002465 ], [ -96.840425000001915, 33.152701000002622 ], [ -96.840798000002479, 33.141920000002131 ], [ -96.841411000002424, 33.116221000002426 ], [ -96.841391000001806, 33.114991000002412 ], [ -96.841849000001886, 33.086456000002464 ], [ -96.841867000002793, 33.085576000002099 ], [ -96.842813000001797, 33.04542500000246 ], [ -96.843266000002359, 33.025914000002352 ], [ -96.843585000002363, 33.01664700000233 ], [ -96.843776000001782, 33.011336000002736 ], [ -96.857192000002556, 33.011823000002394 ], [ -96.857367000001958, 33.011819000002326 ], [ -96.866003000001953, 33.011760000002106 ], [ -96.872847000002281, 32.997122000002562 ], [ -96.888361000002575, 32.995508000002296 ], [ -96.886769000001962, 33.000273000002153 ], [ -96.898380000002078, 33.00443000000206 ], [ -96.909997000002278, 32.988346000002579 ], [ -96.927223000002357, 32.988541000002208 ], [ -96.939882000002683, 32.988822000002813 ], [ -96.942445000002493, 32.988800000002662 ], [ -96.958665000001943, 32.989013000002835 ], [ -96.96667200000276, 32.989084000002514 ], [ -96.973793000002516, 32.989148000002288 ], [ -96.9800690000028, 32.989203000002881 ], [ -96.990214000002624, 32.989287000002513 ], [ -96.9931110000026, 32.989319000002048 ], [ -97.010582000002117, 32.989426000002105 ], [ -97.016663000001998, 32.98949300000227 ], [ -97.019567000001885, 32.989524000002831 ], [ -97.020777000002639, 32.989542000002828 ], [ -97.025168000002793, 32.989581000002438 ], [ -97.028339000002319, 32.989614000002923 ], [ -97.031007000001964, 32.989691000002843 ], [ -97.061800000001966, 32.989904000002063 ], [ -97.086450000002358, 32.990061000002257 ], [ -97.088162000002555, 32.99007300000207 ], [ -97.109232000002564, 32.990203000002644 ], [ -97.12414300000232, 32.990296000002417 ], [ -97.130244000002804, 32.990335000002752 ], [ -97.156847000001804, 32.990500000002363 ], [ -97.167259000001877, 32.990564000002593 ], [ -97.183810000002197, 32.990667000002844 ], [ -97.216415000001959, 32.990849000002505 ], [ -97.228762000001836, 32.990919000002393 ], [ -97.234529000002325, 32.990949000002537 ], [ -97.254164000002675, 32.991052000002512 ], [ -97.294805000002484, 32.991260000002697 ], [ -97.299329000002658, 32.991282000002165 ], [ -97.308174000001898, 32.975223000002089 ], [ -97.343209000002517, 32.978468000002628 ], [ -97.327762000002807, 32.991418000002135 ], [ -97.356054000002047, 32.991546000002863 ], [ -97.387905000001794, 32.99168400000292 ], [ -97.398459000001836, 32.991732000002216 ] ] ] } },
{ "type": "Feature", "properties": { "enacted_district": 27, "population": 764723.0, "voting_age_pop": 583577.0, "dem_votes": 90248.0, "rep_votes": 146184.0, "minority_pop": 342491.0, "dem_pct": 0.38170805966125226, "rep_pct": 0.61829193991579312 }, "geometry": { "type": "Polygon", "coordinates": [ [ [ -97.942146000002083, 27.635932000002647 ], [ -97.938257000002196, 27.695801000002593 ], [ -97.937745000002721, 27.704312000002659 ], [ -97.933804000002823, 27.847633000002656 ], [ -97.933976000002417, 27.861980000002852 ], [ -97.934274000002276, 27.885202000002245 ], [ -97.875198000002285, 27.932847000002884 ], [ -97.855388000002407, 27.949066000002876 ], [ -97.798517000002306, 27.995659000002281 ], [ -97.801388000002717, 28.038360000002388 ], [ -97.860843000002816, 28.038230000002279 ], [ -97.883148000002677, 28.056900000002369 ], [ -97.908203000002217, 28.087992000002608 ], [ -97.904081000002122, 28.114228000002282 ], [ -97.8929000000023, 28.122325000002672 ], [ -97.817716000002079, 28.176848000002785 ], [ -97.838347000002514, 28.234086000002453 ], [ -97.853076000002417, 28.258682000002448 ], [ -97.90008600000256, 28.339444000002377 ], [ -97.984916000002116, 28.485552000002347 ], [ -97.99999100000268, 28.511583000002897 ], [ -98.032567000002103, 28.566346000002738 ], [ -98.075851000002402, 28.639468000002669 ], [ -98.08976400000212, 28.662979000002107 ], [ -98.005252000002287, 28.69023900000262 ], [ -97.998850000002307, 28.69220500000262 ], [ -97.918139000001901, 28.719156000002268 ], [ -97.836339000002482, 28.680499000002936 ], [ -97.822964000002017, 28.670563000002797 ], [ -97.778530000002107, 28.668027000002287 ], [ -97.684735000001936, 28.73501600000257 ], [ -97.653782000002707, 28.756962000002879 ], [ -97.623521000002398, 28.778506000002334 ], [ -97.574639000002236, 28.813300000002091 ], [ -97.60163900000228, 28.842392000002786 ], [ -97.720068000002087, 28.969507000002466 ], [ -97.755110000002674, 29.007113000002931 ], [ -97.714274000002163, 29.036720000002298 ], [ -97.679192000002601, 29.062511000002893 ], [ -97.613132000002835, 29.109765000002582 ], [ -97.7284430000024, 29.221748000002439 ], [ -97.730480000002302, 29.223728000002815 ], [ -97.858782000002293, 29.352890000002784 ], [ -97.840383000002163, 29.376791000002392 ], [ -97.804618000001966, 29.42304100000214 ], [ -97.7396390000022, 29.509381000002808 ], [ -97.664987000002199, 29.607720000002569 ], [ -97.633176000001924, 29.649863000002529 ], [ -97.650834000002277, 29.666153000002879 ], [ -97.700536000002273, 29.66841300000284 ], [ -97.705506000002217, 29.682636000002312 ], [ -97.735720000002758, 29.691198000002661 ], [ -97.768764000002463, 29.741730000002928 ], [ -97.773340000002364, 29.741852000002488 ], [ -97.780917000001921, 29.759258000002728 ], [ -97.842351000001884, 29.799224000002827 ], [ -97.84234900000196, 29.832131000002104 ], [ -97.875259000001876, 29.858208000002296 ], [ -97.894466000002183, 29.882609000002841 ], [ -97.857342000001964, 29.910428000002771 ], [ -97.849178000002723, 29.9160000000028 ], [ -97.81783900000184, 29.934427000002636 ], [ -97.807454000002167, 29.939342000002952 ], [ -97.796468000002847, 29.943601000002225 ], [ -97.74920100000196, 29.995930000002531 ], [ -97.712548000002016, 30.020613000002346 ], [ -97.708790000002594, 30.023451000002549 ], [ -97.649370000002165, 30.06794400000253 ], [ -97.639208000002483, 30.078290000002099 ], [ -97.570392000002798, 30.139212000002612 ], [ -97.567998000002419, 30.141458000002235 ], [ -97.52922800000276, 30.176525000002179 ], [ -97.491350000002384, 30.211930000002241 ], [ -97.491254000001959, 30.212110000002216 ], [ -97.484581000002393, 30.188814000002807 ], [ -97.402915000002722, 30.167686000002181 ], [ -97.353889000001999, 30.165352000002919 ], [ -97.347169000002438, 30.152222000002268 ], [ -97.361331000002323, 30.129309000002412 ], [ -97.329174000002723, 30.105107000002445 ], [ -97.292290000002197, 30.064065000002735 ], [ -97.269796000002458, 30.067074000002108 ], [ -97.269455000001841, 30.06722200000269 ], [ -97.242274000001956, 30.081397000002532 ], [ -97.206889000002434, 30.057807000002093 ], [ -97.171027000002795, 30.039556000002801 ], [ -97.167402000002198, 29.997717000002204 ], [ -97.194235000002678, 29.896776000002266 ], [ -97.31582300000224, 29.786541000002337 ], [ -97.317893000002002, 29.784658000002111 ], [ -97.292785000002795, 29.765507000002525 ], [ -97.130517000002641, 29.64329600000281 ], [ -97.142643000002593, 29.628101000002161 ], [ -97.08142500000244, 29.629191000002752 ], [ -97.056561000002276, 29.629473000002701 ], [ -96.963634000002543, 29.631506000002375 ], [ -96.905413000002113, 29.63219800000299 ], [ -96.874222000002803, 29.632706000002958 ], [ -96.842338000002286, 29.612826000002716 ], [ -96.832812000002363, 29.576863000002682 ], [ -96.793132000002046, 29.577378000002462 ], [ -96.706155000001843, 29.486696000002365 ], [ -96.673590000002662, 29.452317000002253 ], [ -96.621459000002716, 29.398688000002156 ], [ -96.586458000002381, 29.362314000002399 ], [ -96.560555000002637, 29.33543900000285 ], [ -96.658466000002036, 29.263876000002799 ], [ -96.640315000002516, 29.247804000002738 ], [ -96.613370000002618, 29.225583000002363 ], [ -96.309178000002561, 28.96329100000251 ], [ -96.310060000002153, 28.941035000002714 ], [ -96.310593000001845, 28.926315000002575 ], [ -96.311184000002342, 28.911478000002365 ], [ -96.315301000001938, 28.829111000002928 ], [ -96.316731000002264, 28.800478000002155 ], [ -96.323522000002043, 28.675597000002796 ], [ -96.322918000002005, 28.641875000002756 ], [ -96.36426300000204, 28.455779000002803 ], [ -96.367547000002816, 28.440465000003005 ], [ -96.395198000002239, 28.279736000002732 ], [ -96.502556000002841, 28.234354000002369 ], [ -96.618785000002163, 28.169522000002495 ], [ -96.746251000002658, 28.079622000002825 ], [ -96.815905000002502, 28.022835000002363 ], [ -96.875264000002403, 27.969920000002983 ], [ -96.959495000002121, 27.875302000002364 ], [ -96.984281000001914, 27.803783000002525 ], [ -97.021855000002603, 27.783364000002972 ], [ -97.125265000001917, 27.640597000002838 ], [ -97.165097000002362, 27.56830000000236 ], [ -97.222745000002362, 27.576526000002843 ], [ -97.273172000002845, 27.574717000002764 ], [ -97.324758000002205, 27.561046000002456 ], [ -97.572961000002465, 27.560343000002941 ], [ -97.831426000002779, 27.558402000002737 ], [ -97.831887000001942, 27.558400000002109 ], [ -97.873867000002122, 27.587858000002637 ], [ -97.882500000001954, 27.613867000002561 ], [ -97.942146000002083, 27.635932000002647 ] ] ] } },
{ "type": "Feature", "properties": { "enacted_district": 28, "population": 767440.0, "voting_age_pop": 553043.0, "dem_votes": 109643.0, "rep_votes": 85157.0, "minority_pop": 445941.0, "dem_pct": 0.5628490756864224, "rep_pct": 0.43715092380023052 }, "geometry": { "type": "Polygon", "coordinates": [ [ [ -99.50271200000212, 27.366503000002471 ], [ -99.487765000002085, 27.413399000002595 ], [ -99.485335000002522, 27.464499000002107 ], [ -99.480219000002037, 27.485796000002363 ], [ -99.49440000000196, 27.498734000002131 ], [ -99.502771000002383, 27.500357000002435 ], [ -99.525188000002061, 27.516331000002346 ], [ -99.524835000002795, 27.523795000002671 ], [ -99.523484000002739, 27.529215000002587 ], [ -99.52201300000192, 27.540751000002068 ], [ -99.5251100000024, 27.576420000002681 ], [ -99.532560000002363, 27.584327000001998 ], [ -99.537340000002445, 27.597148000002836 ], [ -99.592757000001924, 27.634654000002289 ], [ -99.666108000002282, 27.636088000002474 ], [ -99.704601000002242, 27.654954000002849 ], [ -99.742020000002526, 27.696593000002458 ], [ -99.770740000002036, 27.732134000002752 ], [ -99.801651000002821, 27.741771000002053 ], [ -99.813118000002234, 27.77399700000252 ], [ -99.842967000002119, 27.768518000002526 ], [ -99.872294000002697, 27.795258000001962 ], [ -99.88132900000204, 27.849551000002347 ], [ -99.904385000002804, 27.875284000002793 ], [ -99.893456000002061, 27.899208000002083 ], [ -99.938541000002644, 27.954059000001983 ], [ -99.931811000002781, 27.980968000002083 ], [ -99.989762000001903, 27.992876000002159 ], [ -100.018951000002801, 28.066441000002797 ], [ -100.053122000002205, 28.08473100000246 ], [ -100.086898000002165, 28.146783000002507 ], [ -100.159190000002681, 28.167647000002077 ], [ -100.212189000001885, 28.196837000002144 ], [ -100.113719000002021, 28.197819000002301 ], [ -100.008147000002481, 28.198707000002159 ], [ -99.394177000002301, 28.204627000002283 ], [ -99.393972000002719, 28.19749500000259 ], [ -99.38894600000198, 28.030419000002276 ], [ -99.356165000002719, 28.031964000002176 ], [ -99.076572000001917, 28.045427000002764 ], [ -98.803325000002005, 28.057480000002645 ], [ -98.800082000002362, 28.202333000002852 ], [ -98.800740000002406, 28.468409000002502 ], [ -98.801036000002554, 28.496610000002597 ], [ -98.801171000002583, 28.599424000002291 ], [ -98.800848000002446, 28.647306000002537 ], [ -98.800841000002137, 28.647487000002425 ], [ -98.801537000002725, 28.712553000002259 ], [ -98.80472400000248, 29.034322000002625 ], [ -98.804900000002803, 29.090434000002233 ], [ -98.804788000002674, 29.151788000002433 ], [ -98.804778000002358, 29.163232000002417 ], [ -98.804739000002087, 29.207215000002751 ], [ -98.804733000001917, 29.21428000000283 ], [ -98.804684000002638, 29.229701000002382 ], [ -98.804763000002325, 29.250693000002201 ], [ -98.779769000002702, 29.241959000002097 ], [ -98.775941000002419, 29.240645000002793 ], [ -98.711206000002676, 29.218598000002672 ], [ -98.638510000002114, 29.19377400000284 ], [ -98.588332000002481, 29.17647500000254 ], [ -98.585730000001874, 29.175582000002269 ], [ -98.557348000002676, 29.165861000002479 ], [ -98.547608000001901, 29.162526000002622 ], [ -98.484041000001966, 29.140744000002758 ], [ -98.472650000002062, 29.24866000000236 ], [ -98.47262900000284, 29.248788000002701 ], [ -98.472471000002059, 29.253985000002416 ], [ -98.502803000002686, 29.290692000002306 ], [ -98.501265000002761, 29.319605000002166 ], [ -98.501196000002224, 29.332400000002849 ], [ -98.503867000002515, 29.339784000002659 ], [ -98.503867000002643, 29.342574000002855 ], [ -98.503882000002164, 29.348952000002143 ], [ -98.503892000002381, 29.356689000002092 ], [ -98.504001000002518, 29.365713000002302 ], [ -98.484291000002145, 29.365107000002407 ], [ -98.484559000002776, 29.365723000002468 ], [ -98.488433000002075, 29.374582000002377 ], [ -98.488794000002642, 29.376527000002245 ], [ -98.489449000002523, 29.379774000002602 ], [ -98.489640000002794, 29.380409000002359 ], [ -98.491995000002177, 29.392616000002818 ], [ -98.490276000001984, 29.395344000002421 ], [ -98.485214000002046, 29.402545000002853 ], [ -98.481070000002674, 29.402306000002337 ], [ -98.480285000002638, 29.406802000002173 ], [ -98.480469000002259, 29.414208000002457 ], [ -98.480856000002007, 29.422211000002662 ], [ -98.481729000002247, 29.427639000002028 ], [ -98.461041000002581, 29.429400000002623 ], [ -98.461050000002487, 29.428104000002079 ], [ -98.4430680000021, 29.425019000002251 ], [ -98.432351000002527, 29.424461000002054 ], [ -98.390107000002118, 29.423544000002501 ], [ -98.389387000002159, 29.423370000002265 ], [ -98.390239000002637, 29.435875000002092 ], [ -98.389908000001967, 29.435982000002841 ], [ -98.360726000001875, 29.445668000002662 ], [ -98.360728000002339, 29.445222000002857 ], [ -98.328882000002537, 29.455309000002661 ], [ -98.313420000002523, 29.459881000002841 ], [ -98.284467000002465, 29.467812000002453 ], [ -98.223690000002335, 29.488079000002255 ], [ -98.244301000001883, 29.519350000002937 ], [ -98.279022000002143, 29.508655000002037 ], [ -98.284272000002673, 29.505957000002304 ], [ -98.288466000002416, 29.503819000002679 ], [ -98.28907200000252, 29.51476400000271 ], [ -98.298925000002257, 29.530664000002812 ], [ -98.301010000002606, 29.533781000002872 ], [ -98.301627000002284, 29.533803000002596 ], [ -98.308089000002553, 29.526166000002913 ], [ -98.311798000002284, 29.521351000002589 ], [ -98.322434000002445, 29.514393000002411 ], [ -98.322819000002696, 29.514768000002363 ], [ -98.327421000002445, 29.513208000002521 ], [ -98.330558000001886, 29.51205800000227 ], [ -98.333787000002175, 29.510940000002112 ], [ -98.349139000002737, 29.521627000002187 ], [ -98.344829000002406, 29.52250300000285 ], [ -98.352940000002221, 29.530446000002808 ], [ -98.342255000001899, 29.536027000002868 ], [ -98.337142000001961, 29.538635000002341 ], [ -98.3425340000028, 29.546712000002692 ], [ -98.348001000001958, 29.554638000002289 ], [ -98.348405000001861, 29.555230000002311 ], [ -98.333123000002757, 29.568118000002915 ], [ -98.330032000002475, 29.570778000002687 ], [ -98.328423000002559, 29.572169000002582 ], [ -98.319840000002799, 29.571424000002441 ], [ -98.318532000002804, 29.570969000002854 ], [ -98.302903000002004, 29.574654000002408 ], [ -98.310928000002505, 29.594473000002441 ], [ -98.296265000002322, 29.599975000002519 ], [ -98.280554000002397, 29.606167000002163 ], [ -98.23813000000186, 29.623050000002348 ], [ -98.197630000002022, 29.638128000002453 ], [ -98.184425000001994, 29.643610000002671 ], [ -98.143072000002817, 29.660760000002195 ], [ -98.119391000002423, 29.670699000002109 ], [ -98.110151000002276, 29.674737000002786 ], [ -98.090927000001983, 29.683245000002863 ], [ -98.092027000002801, 29.670267000002426 ], [ -98.090520000002783, 29.668915000002222 ], [ -98.071035000002837, 29.661842000002466 ], [ -98.067597000001896, 29.655773000002657 ], [ -98.026951000002754, 29.61985400000265 ], [ -98.027476000001897, 29.614022000002159 ], [ -98.02710200000196, 29.607619000002551 ], [ -98.023912000002085, 29.566604000002876 ], [ -98.032484000001887, 29.561162000002515 ], [ -98.045526000002553, 29.549387000002348 ], [ -98.056234000002036, 29.545840000002624 ], [ -98.072315000002817, 29.540577000002585 ], [ -98.043002000002403, 29.486950000002885 ], [ -98.065309000002159, 29.466215000002705 ], [ -98.058526000001876, 29.419142000002783 ], [ -98.068376000002417, 29.379337000002899 ], [ -98.099713000002566, 29.372060000002648 ], [ -98.122574000002217, 29.37854900000227 ], [ -98.134171000002354, 29.441751000002771 ], [ -98.138033000002082, 29.439391000002384 ], [ -98.204587000002604, 29.358236000002304 ], [ -98.255615000002365, 29.296176000002109 ], [ -98.287020000002641, 29.257626000002698 ], [ -98.327196000002445, 29.209868000002757 ], [ -98.372654000002797, 29.155500000002416 ], [ -98.407336000002005, 29.114435000002889 ], [ -98.330822000002343, 29.033529000002172 ], [ -98.290227000002844, 28.990063000002586 ], [ -98.205643000002766, 28.898010000002884 ], [ -98.190991000001901, 28.882333000002923 ], [ -98.160493000002162, 28.852640000002634 ], [ -98.127956000002598, 28.817150000002218 ], [ -98.104272000002126, 28.792918000002484 ], [ -98.098315000002117, 28.786949000002437 ], [ -98.1984770000021, 28.713222000002823 ], [ -98.335031000002004, 28.612658000002888 ], [ -98.334373000002358, 28.483240000002244 ], [ -98.334267000002242, 28.387474000002477 ], [ -98.334252000002238, 28.383108000002117 ], [ -98.334300000002003, 28.208435000002545 ], [ -98.334323000002485, 28.057800000002658 ], [ -98.235497000002724, 28.05796600000226 ], [ -98.235422000002004, 27.995728000002519 ], [ -98.234486000002164, 27.788384000002083 ], [ -98.234166000002801, 27.743745000002633 ], [ -98.234153000002564, 27.714716000002383 ], [ -98.233704000002319, 27.667445000002662 ], [ -98.233656000002881, 27.585356000002719 ], [ -98.233072000002778, 27.461142000002628 ], [ -98.232667000001982, 27.320285000002357 ], [ -98.232464000002722, 27.262487000002899 ], [ -98.385503000002046, 27.263824000002465 ], [ -98.523284000002121, 27.265150000002539 ], [ -98.492943000002086, 27.235012000002921 ], [ -98.492910000002837, 27.142062000002714 ], [ -98.467266000001914, 27.140087000002865 ], [ -98.466542000001994, 27.054711000002644 ], [ -98.417883000001922, 27.055285000002208 ], [ -98.419695000002207, 26.964248000002289 ], [ -98.421802000002273, 26.858896000002449 ], [ -98.422616000002037, 26.783535000002558 ], [ -98.320670000002281, 26.783081000002134 ], [ -98.433310000002677, 26.55688500000209 ], [ -98.466270000002723, 26.49445700000215 ], [ -98.491943000002763, 26.445362000002785 ], [ -98.545459000002637, 26.338298000002307 ], [ -98.5688490000028, 26.292412000002891 ], [ -98.582701000001919, 26.265383000002736 ], [ -98.586715000002741, 26.257542000002612 ], [ -98.664633000002596, 26.235351000002375 ], [ -98.685861000002603, 26.264814000002598 ], [ -98.775303000002566, 26.325412000002338 ], [ -98.820452000002646, 26.371002000002346 ], [ -98.84625000000284, 26.359181000002131 ], [ -98.951967000002639, 26.373784000002729 ], [ -98.982365000002034, 26.39646600000269 ], [ -99.037058000002204, 26.413603000002247 ], [ -99.08200600000194, 26.396667000002335 ], [ -99.110854000001964, 26.42628200000221 ], [ -99.09996600000288, 26.454375000002333 ], [ -99.09197600000212, 26.472376000002871 ], [ -99.128379000002127, 26.525501000002237 ], [ -99.166742000002301, 26.536079000002054 ], [ -99.169416000002798, 26.571682000002269 ], [ -99.178064000002237, 26.620547000002571 ], [ -99.20052200000228, 26.656443000002614 ], [ -99.213290000002857, 26.727723000002893 ], [ -99.240023000001955, 26.745851000002745 ], [ -99.242444000002834, 26.788262000002288 ], [ -99.280471000002436, 26.858053000002453 ], [ -99.320894000002085, 26.870548000002135 ], [ -99.321819000002137, 26.906846000002211 ], [ -99.388253000002436, 26.94421700000278 ], [ -99.385401000002062, 26.98137700000229 ], [ -99.415476000002514, 27.017240000002143 ], [ -99.446123000002487, 27.023048000002657 ], [ -99.451035000001994, 27.066765000002121 ], [ -99.434470000002364, 27.078517000002694 ], [ -99.43984400000204, 27.151581000002679 ], [ -99.42641800000284, 27.178287000002346 ], [ -99.453794000002077, 27.265058000002561 ], [ -99.496504000002886, 27.273389000002545 ], [ -99.514319000002104, 27.329660000002384 ], [ -99.507494000002623, 27.335189000002099 ], [ -99.504150000002156, 27.362777000002382 ], [ -99.50271200000212, 27.366503000002471 ] ] ] } },
{ "type": "Feature", "properties": { "enacted_district": 29, "population": 765442.0, "voting_age_pop": 546597.0, "dem_votes": 102279.0, "rep_votes": 39336.0, "minority_pop": 492504.0, "dem_pct": 0.72223281381051951, "rep_pct": 0.27776718548334062 }, "geometry": { "type": "Polygon", "coordinates": [ [ [ -95.384791000002366, 29.799854000002984 ], [ -95.389232000002593, 29.807333000002902 ], [ -95.373353000002325, 29.807610000002231 ], [ -95.375284000002281, 29.813209000002164 ], [ -95.375628000002166, 29.814014000002267 ], [ -95.378047000002638, 29.819389000002683 ], [ -95.384511000002661, 29.832844000003004 ], [ -95.402238000002342, 29.831914000003049 ], [ -95.402977000002366, 29.841773000002611 ], [ -95.410848000002744, 29.838818000002693 ], [ -95.410905000002202, 29.841149000002396 ], [ -95.414408000002098, 29.851755000002196 ], [ -95.414605000002581, 29.868486000002353 ], [ -95.409672000002104, 29.869857000002284 ], [ -95.408133000002181, 29.869872000002921 ], [ -95.411018000001818, 29.874415000002529 ], [ -95.421755000002477, 29.888306000002707 ], [ -95.431281000002642, 29.886263000002849 ], [ -95.431263000002005, 29.885577000002776 ], [ -95.450359000002365, 29.884375000002265 ], [ -95.461697000002658, 29.895513000002801 ], [ -95.463509000002603, 29.897471000002611 ], [ -95.464732000002286, 29.898731000002481 ], [ -95.470107000002244, 29.904402000002417 ], [ -95.469376000002001, 29.919527000002788 ], [ -95.470379000002481, 29.922937000002563 ], [ -95.474472000002578, 29.922894000002469 ], [ -95.474567000001997, 29.929619000002447 ], [ -95.47048200000188, 29.929681000002414 ], [ -95.47256000000246, 29.935299000002328 ], [ -95.458328000002126, 29.935417000002992 ], [ -95.462757000002739, 29.941105000002437 ], [ -95.481767000002307, 29.950008000002729 ], [ -95.469692000002297, 29.950201000002373 ], [ -95.46466800000232, 29.949525000002499 ], [ -95.463804000002398, 29.964769000002821 ], [ -95.460708000001844, 29.964792000002529 ], [ -95.453660000002458, 29.96492000000239 ], [ -95.450592000002601, 29.965068000002837 ], [ -95.436569000002578, 29.965418000002455 ], [ -95.428321000002342, 29.973192000002289 ], [ -95.422915000002078, 29.965982000002452 ], [ -95.425137000001982, 29.958467000002749 ], [ -95.4189040000022, 29.956877000002329 ], [ -95.396028000002417, 29.945178000002581 ], [ -95.387381000002378, 29.947911000002968 ], [ -95.384243000002243, 29.949392000003016 ], [ -95.356224000002143, 29.940257000002493 ], [ -95.349689000001959, 29.939176000002188 ], [ -95.349579000002123, 29.936776000002908 ], [ -95.335537000002162, 29.929973000002764 ], [ -95.315068000002597, 29.930423000002261 ], [ -95.313532000002084, 29.939020000002788 ], [ -95.295981000002442, 29.939962000002829 ], [ -95.290586000002079, 29.952193000002268 ], [ -95.284595000002398, 29.96571400000272 ], [ -95.268172000002565, 29.954512000002396 ], [ -95.248023000002206, 29.961968000002209 ], [ -95.249647000002383, 29.951172000002281 ], [ -95.249502000001925, 29.935098000002728 ], [ -95.234190000002073, 29.934379000002949 ], [ -95.218943000001801, 29.934701000002526 ], [ -95.205959000001798, 29.932322000002223 ], [ -95.199382000002046, 29.924565000002644 ], [ -95.197191000002562, 29.883205000002963 ], [ -95.185166000002624, 29.843709000002459 ], [ -95.167351000002, 29.836853000002705 ], [ -95.127567000002017, 29.835835000002199 ], [ -95.127159000002521, 29.820509000003007 ], [ -95.14278700000196, 29.815447000002901 ], [ -95.142304000002355, 29.805678000002811 ], [ -95.140641000002816, 29.793195000002974 ], [ -95.158975000001917, 29.790617000002584 ], [ -95.156695000002401, 29.774966000002671 ], [ -95.149336000001881, 29.772155000002961 ], [ -95.148812000002337, 29.771675000002457 ], [ -95.150368000002544, 29.770837000002849 ], [ -95.162627000001805, 29.76937300000268 ], [ -95.190097000002766, 29.769325000002713 ], [ -95.165295000001876, 29.75034700000263 ], [ -95.168944000001957, 29.746898000002801 ], [ -95.170185000002434, 29.746822000002709 ], [ -95.172964000002565, 29.746931000002796 ], [ -95.171492000002701, 29.712572000002176 ], [ -95.171343000002764, 29.706455000002386 ], [ -95.171084000002807, 29.694914000002235 ], [ -95.172983000001963, 29.694668000002626 ], [ -95.172793000002002, 29.693472000002945 ], [ -95.17244100000228, 29.675867000002327 ], [ -95.172424000002806, 29.675003000002302 ], [ -95.176040000001819, 29.677122000002782 ], [ -95.193033000002345, 29.677747000002942 ], [ -95.192789000002676, 29.665008000002882 ], [ -95.202507000002115, 29.658784000002907 ], [ -95.208125000002724, 29.654962000002943 ], [ -95.208112000002004, 29.654629000002345 ], [ -95.211341000002278, 29.650890000002999 ], [ -95.209187000002402, 29.638363000002187 ], [ -95.211024000002624, 29.636981000002429 ], [ -95.198806000002122, 29.623880000002231 ], [ -95.198008000002361, 29.623000000002818 ], [ -95.19901000000246, 29.622931000002545 ], [ -95.197815000001924, 29.59888500000261 ], [ -95.190672000002579, 29.592075000002495 ], [ -95.207850000001983, 29.589610000002697 ], [ -95.216008000002617, 29.599273000002395 ], [ -95.218041000001847, 29.607003000002432 ], [ -95.238846000002354, 29.61048300000218 ], [ -95.246269000002044, 29.602004000002236 ], [ -95.250304000002075, 29.598332000002681 ], [ -95.260292000002522, 29.589883000002786 ], [ -95.266076000002457, 29.594602000002837 ], [ -95.286493000002196, 29.597886000003005 ], [ -95.297411000001802, 29.596522000002384 ], [ -95.304664000002674, 29.620858000002404 ], [ -95.304369000002126, 29.62085200000271 ], [ -95.285341000001793, 29.620784000002779 ], [ -95.282056000001845, 29.61166800000278 ], [ -95.277675000002361, 29.611703000002457 ], [ -95.278551000002125, 29.634393000002976 ], [ -95.264613000001958, 29.632473000002896 ], [ -95.264514000001782, 29.656075000003025 ], [ -95.251593000001861, 29.652503000002316 ], [ -95.262384000001873, 29.669189000002309 ], [ -95.271285000002166, 29.679145000002755 ], [ -95.272872000001882, 29.680251000002233 ], [ -95.27457000000274, 29.681994000002952 ], [ -95.277895000002516, 29.685893000002466 ], [ -95.288732000002284, 29.697449000002493 ], [ -95.291183000002164, 29.699387000002172 ], [ -95.295453000002624, 29.702126000002405 ], [ -95.305100000002057, 29.708425000002254 ], [ -95.310691000002677, 29.712200000002905 ], [ -95.320999000001962, 29.698990000002929 ], [ -95.32666400000268, 29.695466000002423 ], [ -95.331527000002197, 29.710164000002337 ], [ -95.332917000002041, 29.714372000002221 ], [ -95.333318000002166, 29.71568000000261 ], [ -95.337523000002236, 29.728585000002489 ], [ -95.342449000001906, 29.741034000002688 ], [ -95.342066000001935, 29.741893000002733 ], [ -95.339462000001802, 29.745164000002756 ], [ -95.329091000002364, 29.759590000002483 ], [ -95.328867000002319, 29.759838000002787 ], [ -95.325108000001876, 29.759583000002284 ], [ -95.320046000002719, 29.756118000002932 ], [ -95.312551000002316, 29.772883000002437 ], [ -95.312434000002341, 29.774420000002532 ], [ -95.311903000002644, 29.787420000002911 ], [ -95.2990650000024, 29.787544000002882 ], [ -95.291604000002707, 29.787652000002737 ], [ -95.288376000002359, 29.788207000002757 ], [ -95.284048000002201, 29.781888000002933 ], [ -95.284036000002658, 29.778115000002952 ], [ -95.283805000002687, 29.767927000002743 ], [ -95.281082000002598, 29.748995000002942 ], [ -95.281119000002718, 29.748560000002943 ], [ -95.265425000002793, 29.738245000002618 ], [ -95.253778000002313, 29.730372000002649 ], [ -95.251716000002062, 29.759919000002903 ], [ -95.256069000002313, 29.767925000002471 ], [ -95.256056000001877, 29.768179000002913 ], [ -95.251129000002479, 29.767474000002775 ], [ -95.251263000002126, 29.773326000002847 ], [ -95.258964000002806, 29.768635000002497 ], [ -95.259399000002119, 29.768697000002717 ], [ -95.265407000001957, 29.769608000002407 ], [ -95.268019000002155, 29.791806000002452 ], [ -95.280140000002703, 29.802473000002649 ], [ -95.261614000002396, 29.810916000002411 ], [ -95.258060000002416, 29.812425000002627 ], [ -95.240676000002779, 29.819753000002937 ], [ -95.240641000002498, 29.819572000002807 ], [ -95.229749000002556, 29.824259000002517 ], [ -95.229925000002126, 29.824560000002187 ], [ -95.234177000001836, 29.838089000002952 ], [ -95.228485000001839, 29.849878000002786 ], [ -95.230290000001958, 29.858074000002297 ], [ -95.236753000002153, 29.883096000002883 ], [ -95.240685000002046, 29.898640000002693 ], [ -95.25770500000236, 29.918487000002671 ], [ -95.272540000002323, 29.91673600000216 ], [ -95.291388000001874, 29.914454000002682 ], [ -95.295601000001966, 29.918636000002422 ], [ -95.310312000002355, 29.908346000002631 ], [ -95.31174400000188, 29.902755000002863 ], [ -95.318246000002375, 29.890957000002505 ], [ -95.300889000002357, 29.899311000002712 ], [ -95.300628000001794, 29.881792000002498 ], [ -95.315038000002204, 29.87031300000281 ], [ -95.316196000002222, 29.866669000002879 ], [ -95.316510000002154, 29.866666000002567 ], [ -95.318065000002576, 29.862901000002186 ], [ -95.325696000002239, 29.843922000002983 ], [ -95.327140000001876, 29.840412000002992 ], [ -95.333648000002356, 29.840759000002539 ], [ -95.337013000002642, 29.840644000002381 ], [ -95.331635000002194, 29.829232000002733 ], [ -95.334540000002519, 29.82207800000289 ], [ -95.335494000002001, 29.819891000002389 ], [ -95.352083000002764, 29.819739000003025 ], [ -95.351176000001999, 29.815813000002361 ], [ -95.350293000001841, 29.812409000002258 ], [ -95.349780000002383, 29.810300000002577 ], [ -95.350387000002286, 29.800060000002443 ], [ -95.350197000002538, 29.793453000002906 ], [ -95.3458960000019, 29.793671000002242 ], [ -95.345830000002195, 29.783504000002289 ], [ -95.348687000002457, 29.783435000003038 ], [ -95.349013000001847, 29.779524000002475 ], [ -95.350543000001807, 29.778371000002693 ], [ -95.351352000002635, 29.778365000002783 ], [ -95.366719000002433, 29.773930000002792 ], [ -95.369046000002484, 29.779319000002801 ], [ -95.372109000002439, 29.79017500000305 ], [ -95.374831000002274, 29.792194000002159 ], [ -95.380086000002805, 29.796060000002271 ], [ -95.379369000001887, 29.790572000002808 ], [ -95.382109000001876, 29.790543000002877 ], [ -95.387827000001963, 29.790828000002222 ], [ -95.387992000002157, 29.799807000002435 ], [ -95.384791000002366, 29.799854000002984 ] ] ] } },
{ "type": "Feature", "properties": { "enacted_district": 30, "population": 768989.0, "voting_age_pop": 579647.0, "dem_votes": 183920.0, "rep_votes": 51171.0, "minority_pop": 455484.0, "dem_pct": 0.78233535065896376, "rep_pct": 0.21766464891566897 }, "geometry": { "type": "Polygon", "coordinates": [ [ [ -97.054386000002779, 32.60609100000233 ], [ -97.070264000002524, 32.626969000002703 ], [ -97.066067000002477, 32.635506000002671 ], [ -97.064655000002318, 32.638229000002042 ], [ -97.064172000002259, 32.648347000002779 ], [ -97.06321600000264, 32.660753000002479 ], [ -97.063277000002401, 32.661372000002281 ], [ -97.062867000002484, 32.66809200000246 ], [ -97.062762000002635, 32.677202000002076 ], [ -97.062764000002275, 32.677492000002857 ], [ -97.08049300000188, 32.691546000002354 ], [ -97.076190000001915, 32.691516000002814 ], [ -97.072148000002358, 32.691608000002624 ], [ -97.065961000001835, 32.691431000002375 ], [ -97.062753000002104, 32.691500000002094 ], [ -97.062598000002637, 32.706077000002225 ], [ -97.047574000002555, 32.706036000002307 ], [ -97.044135000002498, 32.706016000002869 ], [ -97.036295000002241, 32.693227000002409 ], [ -97.03607700000228, 32.706125000002302 ], [ -97.035996000002541, 32.711097000002781 ], [ -97.015439000001862, 32.709663000002472 ], [ -97.007357000002344, 32.713365000002554 ], [ -97.01163900000202, 32.713394000002857 ], [ -97.007330000002639, 32.714971000002883 ], [ -97.00729300000242, 32.717357000002821 ], [ -97.007114000002517, 32.722912000002374 ], [ -96.994104000002224, 32.720535000002336 ], [ -96.994128000002675, 32.717332000002727 ], [ -96.995918000002604, 32.71660300000277 ], [ -96.998682000002518, 32.717337000002317 ], [ -96.998683000001876, 32.715575000002836 ], [ -96.99414000000256, 32.715563000002305 ], [ -96.994176000002639, 32.710393000002334 ], [ -96.994177000002622, 32.70952100000261 ], [ -96.985674000002405, 32.705677000002396 ], [ -96.984411000002439, 32.706269000002393 ], [ -96.982027000002404, 32.705570000002709 ], [ -96.978302000002742, 32.705731000002324 ], [ -96.973184000001993, 32.697330000002424 ], [ -96.954977000002742, 32.70802400000283 ], [ -96.951858000002517, 32.716192000002245 ], [ -96.915994000002158, 32.720523000002153 ], [ -96.90870700000248, 32.711150000002121 ], [ -96.903042000002159, 32.705123000002679 ], [ -96.89432000000204, 32.695253000002573 ], [ -96.891469000002004, 32.695543000002722 ], [ -96.880885000002536, 32.705821000002473 ], [ -96.876076000002499, 32.705849000002331 ], [ -96.874237000002225, 32.704382000002113 ], [ -96.87019600000194, 32.70493700000219 ], [ -96.857183000002223, 32.705810000002472 ], [ -96.840172000001999, 32.705893000002767 ], [ -96.840148000002714, 32.698389000002308 ], [ -96.832217000002515, 32.705029000002263 ], [ -96.83212000000222, 32.705130000002498 ], [ -96.831367000002444, 32.705136000002582 ], [ -96.829768000002119, 32.707992000002847 ], [ -96.828067000002136, 32.70550600000275 ], [ -96.827546000002116, 32.705660000002474 ], [ -96.813314000002293, 32.713200000002089 ], [ -96.811505000002398, 32.713178000002671 ], [ -96.81097700000268, 32.713175000002245 ], [ -96.814573000002767, 32.714962000002359 ], [ -96.814521000001861, 32.719088000002507 ], [ -96.813241000002677, 32.72020700000256 ], [ -96.814495000001784, 32.720198000002618 ], [ -96.814548000002063, 32.721438000002728 ], [ -96.826898000002203, 32.723305000002341 ], [ -96.836701000002634, 32.720312000002885 ], [ -96.834304000002817, 32.734009000002089 ], [ -96.824611000002662, 32.73284600000212 ], [ -96.813633000002483, 32.740122000002387 ], [ -96.815627000002323, 32.743936000002677 ], [ -96.809883000002216, 32.751213000002629 ], [ -96.810293000002076, 32.757295000002344 ], [ -96.822924000002203, 32.758893000002125 ], [ -96.83745200000196, 32.752377000002404 ], [ -96.852435000002515, 32.749572000002736 ], [ -96.856696000002842, 32.74961300000264 ], [ -96.856812000001966, 32.755360000002092 ], [ -96.856677000002193, 32.766442000002776 ], [ -96.842878000001875, 32.764723000002761 ], [ -96.835703000002141, 32.767512000002903 ], [ -96.823067000002041, 32.769163000002948 ], [ -96.822850000002077, 32.769606000002227 ], [ -96.822863000001959, 32.774192000002863 ], [ -96.823088000002727, 32.775354000002324 ], [ -96.823604000002064, 32.775421000002396 ], [ -96.823433000001842, 32.775765000002401 ], [ -96.825742000001753, 32.778821000002552 ], [ -96.835697000001957, 32.786636000002119 ], [ -96.855821000001797, 32.794322000002524 ], [ -96.856561000002444, 32.775202000002835 ], [ -96.857530000001844, 32.775362000002907 ], [ -96.857500000002005, 32.778717000002871 ], [ -96.865183000001863, 32.77873700000255 ], [ -96.873834000002233, 32.778762000002729 ], [ -96.873789000002162, 32.786329000002112 ], [ -96.869329000002125, 32.790991000002634 ], [ -96.873751000001761, 32.792651000002806 ], [ -96.873922000002082, 32.79796900000288 ], [ -96.869155000002095, 32.818968000002371 ], [ -96.846169000002163, 32.826642000002096 ], [ -96.841619000002083, 32.830227000002743 ], [ -96.849808000002398, 32.837288000002097 ], [ -96.859771000002084, 32.842080000002461 ], [ -96.854108000002682, 32.860089000002368 ], [ -96.846883000002634, 32.855691000002899 ], [ -96.841151000002526, 32.850735000002224 ], [ -96.821311000002723, 32.851174000002679 ], [ -96.821419000002294, 32.844929000002693 ], [ -96.822085000002559, 32.836680000002097 ], [ -96.819237000002687, 32.836655000002196 ], [ -96.81812200000266, 32.822749000002119 ], [ -96.816889000001879, 32.821696000002717 ], [ -96.816765000002306, 32.821592000002617 ], [ -96.812457000002439, 32.822804000002108 ], [ -96.802381000001915, 32.819679000002061 ], [ -96.799205000001834, 32.81894500000287 ], [ -96.792992000002059, 32.822173000002408 ], [ -96.791170000002424, 32.824084000002536 ], [ -96.786090000002474, 32.822077000002466 ], [ -96.789610000002256, 32.815590000002821 ], [ -96.793256000001776, 32.803436000002527 ], [ -96.792721000002118, 32.803181000002915 ], [ -96.790631000002605, 32.801665000002828 ], [ -96.787613000001997, 32.803187000002943 ], [ -96.783802000002041, 32.799889000002779 ], [ -96.781069000002816, 32.797561000002624 ], [ -96.77817600000246, 32.795068000002253 ], [ -96.775844000002365, 32.793008000002068 ], [ -96.774146000002034, 32.794421000002465 ], [ -96.776519000002679, 32.796436000002821 ], [ -96.777326000002262, 32.797131000002224 ], [ -96.771472000001978, 32.80201600000224 ], [ -96.769311000001821, 32.800134000002622 ], [ -96.758790000001824, 32.790969000002832 ], [ -96.756186000002401, 32.791084000002577 ], [ -96.758709000002327, 32.784079000002798 ], [ -96.748515000002755, 32.78002800000224 ], [ -96.728461000002383, 32.77779700000282 ], [ -96.716467000002382, 32.782912000002845 ], [ -96.705962000002401, 32.778337000002502 ], [ -96.700053000001859, 32.77803600000265 ], [ -96.700580000002759, 32.763511000002907 ], [ -96.679964000002002, 32.763382000002572 ], [ -96.682961000002237, 32.750054000002336 ], [ -96.682952000002473, 32.7488910000027 ], [ -96.682831000002565, 32.742702000002573 ], [ -96.682807000002114, 32.734350000002884 ], [ -96.663468000001956, 32.734246000002891 ], [ -96.658827000002603, 32.734209000002807 ], [ -96.657037000002234, 32.719623000002805 ], [ -96.648486000002094, 32.719560000002502 ], [ -96.648747000002402, 32.699990000002877 ], [ -96.637504000001798, 32.694308000002735 ], [ -96.637531000002198, 32.694094000002799 ], [ -96.632530000002703, 32.691321000002084 ], [ -96.632414000001816, 32.691513000002494 ], [ -96.628421000002319, 32.690447000002173 ], [ -96.607698000002117, 32.701802000002132 ], [ -96.6076700000024, 32.701585000002396 ], [ -96.605023000002205, 32.701873000002529 ], [ -96.575287000001836, 32.703320000002584 ], [ -96.573008000002275, 32.701403000002557 ], [ -96.555516000002342, 32.691876000002729 ], [ -96.588365000001801, 32.669781000002708 ], [ -96.595371000001876, 32.673065000002246 ], [ -96.591162000002257, 32.667417000002168 ], [ -96.588346000002446, 32.666112000002272 ], [ -96.591666000001794, 32.66333800000244 ], [ -96.6022390000022, 32.632350000002909 ], [ -96.613405000001777, 32.627166000002397 ], [ -96.622198000002399, 32.617727000002247 ], [ -96.589179000002105, 32.606295000002604 ], [ -96.561564000002306, 32.555571000002708 ], [ -96.529412000002594, 32.545277000002486 ], [ -96.659210000001863, 32.546165000002702 ], [ -96.722616000002262, 32.546557000002451 ], [ -96.742536000002076, 32.546648000002435 ], [ -96.757592000001935, 32.546764000002113 ], [ -96.781561000002526, 32.546998000002496 ], [ -96.822130000002247, 32.547150000002503 ], [ -96.839558000002526, 32.547219000002187 ], [ -96.870928000002365, 32.547442000002327 ], [ -96.873920000002485, 32.547463000002146 ], [ -96.908171000002525, 32.547607000002273 ], [ -96.916815000002714, 32.547640000002936 ], [ -96.925417000002497, 32.547666000002117 ], [ -96.928339000002623, 32.547678000002826 ], [ -96.976487000001754, 32.548014000002162 ], [ -97.012356000002242, 32.548463000002428 ], [ -97.013679000002156, 32.548475000002405 ], [ -97.03868500000236, 32.548666000002193 ], [ -97.052717000002446, 32.548840000002798 ], [ -97.05338500000218, 32.563657000002955 ], [ -97.061339000002178, 32.584981000002472 ], [ -97.061572000001902, 32.585285000002351 ], [ -97.054386000002779, 32.60609100000233 ] ] ] } },
{ "type": "Feature", "properties": { "enacted_district": 31, "population": 765099.0, "voting_age_pop": 572539.0, "dem_votes": 100562.0, "rep_votes": 167043.0, "minority_pop": 212350.0, "dem_pct": 0.37578520566664103, "rep_pct": 0.62421479395967383 }, "geometry": { "type": "Polygon", "coordinates": [ [ [ -98.351041000002525, 30.486096000002821 ], [ -98.351982000002806, 30.558084000002538 ], [ -98.387864000002835, 30.568340000002433 ], [ -98.404086000002238, 30.56486800000264 ], [ -98.413089000002259, 30.581562000002176 ], [ -98.400608000001881, 30.599476000002188 ], [ -98.428900000002244, 30.655012000002067 ], [ -98.428552000002, 30.657893000002453 ], [ -98.434883000001918, 30.674205000002893 ], [ -98.382216000002401, 30.746722000002663 ], [ -98.424046000002122, 30.750507000002223 ], [ -98.423769000002281, 30.777821000002032 ], [ -98.404785000002605, 30.816004000001989 ], [ -98.422277000002723, 30.837212000002378 ], [ -98.448326000002481, 30.870588000002591 ], [ -98.44862000000272, 30.910089000002301 ], [ -98.445782000002325, 30.921439000002209 ], [ -98.448380000001961, 30.954316000002159 ], [ -98.459235000002082, 31.007745000002252 ], [ -98.439711000002603, 31.029647000002122 ], [ -98.281555000002001, 31.03092900000264 ], [ -98.182098000002256, 31.031890000002267 ], [ -98.160019000002805, 31.032094000002367 ], [ -98.100728000002846, 31.032906000002264 ], [ -97.911689000002042, 31.035009000002475 ], [ -97.88657800000216, 31.001664000002208 ], [ -97.856872000001957, 30.955782000002394 ], [ -97.828100000001839, 30.904414000002554 ], [ -97.729870000002677, 30.88762300000209 ], [ -97.690183000002719, 30.992235000002147 ], [ -97.64838400000184, 31.004906000002325 ], [ -97.607714000002559, 31.011170000002444 ], [ -97.633515000001935, 31.051974000002694 ], [ -97.669573000001961, 31.070682000002439 ], [ -97.684505000002645, 31.07480500000278 ], [ -97.685392000002835, 31.077074000002103 ], [ -97.663835000002763, 31.1149490000025 ], [ -97.65499400000256, 31.120383000002853 ], [ -97.703667000001886, 31.137856000002682 ], [ -97.706902000002785, 31.127803000002867 ], [ -97.74286800000192, 31.121368000002565 ], [ -97.750406000002243, 31.110243000002793 ], [ -97.804399000002462, 31.122092000002667 ], [ -97.815854000002602, 31.116210000002123 ], [ -97.838721000002025, 31.104591000002049 ], [ -97.846428000001822, 31.100610000002877 ], [ -97.883841000002278, 31.081387000002611 ], [ -97.907100000002856, 31.069374000002913 ], [ -97.926360000002163, 31.097883000002348 ], [ -97.950099000002567, 31.132284000002787 ], [ -98.071766000002199, 31.307225000002017 ], [ -98.088044000002824, 31.331227000002617 ], [ -98.180006000002095, 31.463717000002511 ], [ -98.253255000002, 31.425789000002272 ], [ -98.271070000002197, 31.41639800000215 ], [ -98.312768000001995, 31.474192000002081 ], [ -98.38322800000212, 31.572664000002863 ], [ -98.422094000002076, 31.627378000002405 ], [ -98.463736000001859, 31.683989000002224 ], [ -98.447266000002685, 31.692529000002462 ], [ -98.329417000001953, 31.752928000002719 ], [ -98.305607000002496, 31.765218000002552 ], [ -98.156568000002437, 31.841713000002184 ], [ -98.189898000002401, 31.890443000002051 ], [ -98.208386000002378, 31.917511000002627 ], [ -98.117678000002101, 31.96261800000222 ], [ -98.047833000001845, 31.997147000002549 ], [ -98.005462000002183, 32.01789700000252 ], [ -97.864864000002299, 32.087328000002771 ], [ -97.83535500000248, 32.102342000002821 ], [ -97.692475000002446, 32.175244000002486 ], [ -97.666322000001983, 32.188817000002238 ], [ -97.615055000001817, 32.203581000002565 ], [ -97.56847500000228, 32.176470000002737 ], [ -97.555211000002359, 32.149414000002295 ], [ -97.48749000000204, 32.171102000002278 ], [ -97.476086000002084, 32.173460000002308 ], [ -97.495850000001795, 32.128152000002892 ], [ -97.470665000001915, 32.086711000002076 ], [ -97.492092000002316, 32.059723000002691 ], [ -97.485968000002799, 32.017611000002447 ], [ -97.430538000001803, 32.028259000002556 ], [ -97.403525000002219, 31.986476000002884 ], [ -97.377570000002621, 31.980076000002079 ], [ -97.413609000002836, 31.949048000002612 ], [ -97.438765000002434, 31.933506000002616 ], [ -97.412483000002723, 31.909844000002703 ], [ -97.362715000002083, 31.891831000002185 ], [ -97.371497000002179, 31.866342000002263 ], [ -97.327145000001877, 31.841452000002558 ], [ -97.282060000002758, 31.843152000002497 ], [ -97.326530000002521, 31.788360000002591 ], [ -97.277265000001833, 31.74549200000267 ], [ -97.386556000002201, 31.692571000002609 ], [ -97.442033000002596, 31.666413000002631 ], [ -97.605230000002436, 31.587762000002765 ], [ -97.507773000002643, 31.447972000002125 ], [ -97.489105000001956, 31.421339000002543 ], [ -97.450552000002716, 31.366163000002363 ], [ -97.418606000002697, 31.320202000002496 ], [ -97.372971000001954, 31.274023000002231 ], [ -97.328143000002044, 31.252580000002105 ], [ -97.278113000001994, 31.279799000002807 ], [ -97.2282960000027, 31.209241000002152 ], [ -97.206153000002516, 31.178329000002439 ], [ -97.201361000001981, 31.17160300000242 ], [ -97.166794000002724, 31.122952000002364 ], [ -97.070057000002663, 30.986031000002367 ], [ -97.074971000002506, 30.98355600000238 ], [ -97.119912000002657, 30.960920000002591 ], [ -97.250313000001995, 30.895112000002637 ], [ -97.26510000000188, 30.874939000002488 ], [ -97.289487000001841, 30.816285000002228 ], [ -97.315485000002525, 30.75236300000212 ], [ -97.307818000002726, 30.749572000002821 ], [ -97.26783600000276, 30.730259000002121 ], [ -97.252409000001975, 30.693473000002591 ], [ -97.339228000002763, 30.70158500000224 ], [ -97.377205000002434, 30.670156000002851 ], [ -97.439031000002515, 30.644188000002593 ], [ -97.432632000001917, 30.632447000002063 ], [ -97.427141000001882, 30.623310000002721 ], [ -97.384054000002195, 30.585601000002946 ], [ -97.370662000002355, 30.563515000002717 ], [ -97.402978000002165, 30.533004000002403 ], [ -97.47026700000238, 30.537287000002692 ], [ -97.473761000001957, 30.520733000002227 ], [ -97.483166000001958, 30.554046000002767 ], [ -97.484001000001925, 30.553890000002468 ], [ -97.525994000002484, 30.546523000002288 ], [ -97.545900000002206, 30.521721000002564 ], [ -97.571984000001962, 30.517783000002584 ], [ -97.583433000002799, 30.536593000002643 ], [ -97.61394800000248, 30.531827000002767 ], [ -97.590053000002641, 30.508484000002923 ], [ -97.613487000002237, 30.508414000002219 ], [ -97.638234000002143, 30.508336000002146 ], [ -97.645757000001822, 30.519591000002571 ], [ -97.655506000001964, 30.517854000002096 ], [ -97.657237000002596, 30.51760900000205 ], [ -97.657942000002478, 30.535340000002595 ], [ -97.650016000002822, 30.543665000002285 ], [ -97.667496000002046, 30.555104000002824 ], [ -97.664817000002799, 30.567178000002912 ], [ -97.680304000002664, 30.561675000002342 ], [ -97.680421000001843, 30.561642000002067 ], [ -97.692668000002357, 30.558173000002579 ], [ -97.692220000002521, 30.535364000002225 ], [ -97.691303000001838, 30.535009000002351 ], [ -97.689321000002096, 30.524354000002653 ], [ -97.687123000001918, 30.513079000002808 ], [ -97.703828000002716, 30.518874000002722 ], [ -97.720929000002741, 30.500291000002345 ], [ -97.725700000001964, 30.493671000002728 ], [ -97.738135000002757, 30.505933000002219 ], [ -97.733869000002215, 30.518376000002469 ], [ -97.745444000002522, 30.519180000002589 ], [ -97.745939000002238, 30.518847000002093 ], [ -97.776809000002686, 30.503621000002816 ], [ -97.78422200000216, 30.504252000002936 ], [ -97.803123000002302, 30.496397000002215 ], [ -97.810129000002846, 30.503521000002781 ], [ -97.816483000002606, 30.500978000002931 ], [ -97.830757000002578, 30.485861000002696 ], [ -97.837757000002057, 30.47614400000289 ], [ -97.846541000002858, 30.473410000002922 ], [ -97.859328000002122, 30.493448000002463 ], [ -97.859401000002038, 30.511916000002142 ], [ -97.871139000002017, 30.52456100000213 ], [ -97.873841000001875, 30.549540000002121 ], [ -97.88678500000276, 30.555843000002724 ], [ -97.900129000002821, 30.56891400000238 ], [ -97.90327700000212, 30.570977000002223 ], [ -97.956734000001845, 30.628249000002448 ], [ -97.991015000002406, 30.609849000002811 ], [ -98.049886000001877, 30.624155000002279 ], [ -98.066559000002343, 30.593103000002689 ], [ -98.066699000002657, 30.592842000002506 ], [ -98.123126000002543, 30.487041000002598 ], [ -98.097793000002042, 30.497442000002465 ], [ -98.097709000002439, 30.467626000002635 ], [ -98.125556000002121, 30.426186000002104 ], [ -98.260619000002194, 30.461935000002192 ], [ -98.27130800000252, 30.464722000002553 ], [ -98.351041000002525, 30.486096000002821 ] ] ] } },
{ "type": "Feature", "properties": { "enacted_district": 32, "population": 771949.0, "voting_age_pop": 597727.0, "dem_votes": 142712.0, "rep_votes": 78770.0, "minority_pop": 380218.0, "dem_pct": 0.64435033066147573, "rep_pct": 0.35564966888702032 }, "geometry": { "type": "Polygon", "coordinates": [ [ [ -96.790631000002605, 32.801665000002828 ], [ -96.792721000002118, 32.803181000002915 ], [ -96.793256000001776, 32.803436000002527 ], [ -96.789610000002256, 32.815590000002821 ], [ -96.786090000002474, 32.822077000002466 ], [ -96.785990000002116, 32.822262000002247 ], [ -96.780948000002681, 32.832754000002652 ], [ -96.781068000002165, 32.836582000002295 ], [ -96.77938400000248, 32.836590000002516 ], [ -96.779207000002259, 32.836593000002352 ], [ -96.772086000002105, 32.845568000002544 ], [ -96.772777000002407, 32.85102400000271 ], [ -96.771571000002595, 32.850997000002089 ], [ -96.770373000002763, 32.8656030000028 ], [ -96.770605000001936, 32.865603000002217 ], [ -96.770667000002234, 32.871847000002113 ], [ -96.764882000001805, 32.871736000002393 ], [ -96.754448000002753, 32.883727000002963 ], [ -96.74896200000228, 32.880411000002731 ], [ -96.746143000002277, 32.882677000002722 ], [ -96.732568000002601, 32.885984000002921 ], [ -96.730120000001804, 32.894500000002566 ], [ -96.727163000002221, 32.900298000002401 ], [ -96.726850000002656, 32.906033000002445 ], [ -96.732106000001906, 32.909232000002604 ], [ -96.7355290000027, 32.911544000002628 ], [ -96.738351000002581, 32.900415000002326 ], [ -96.749520000002278, 32.902693000002799 ], [ -96.753412000001845, 32.893662000002067 ], [ -96.756688000001844, 32.889043000002637 ], [ -96.768543000001884, 32.905347000002891 ], [ -96.769489000002238, 32.896372000002273 ], [ -96.770045000002739, 32.887735000002266 ], [ -96.770285000002403, 32.887769000002315 ], [ -96.775075000002062, 32.890019000002695 ], [ -96.782569000002795, 32.891872000002159 ], [ -96.788324000002305, 32.89961000000234 ], [ -96.786532000002595, 32.909864000002706 ], [ -96.773748000001873, 32.909714000002801 ], [ -96.769214000002805, 32.921222000002253 ], [ -96.769313000002001, 32.92397800000294 ], [ -96.769301000002358, 32.924423000002747 ], [ -96.769126000002345, 32.926932000002395 ], [ -96.769084000001925, 32.930264000002424 ], [ -96.769037000001859, 32.932876000002963 ], [ -96.768987000002525, 32.939867000002131 ], [ -96.76902500000206, 32.945847000002175 ], [ -96.778053000001805, 32.943087000002244 ], [ -96.768988000002082, 32.95084500000236 ], [ -96.768983000002365, 32.950985000002603 ], [ -96.753153000002087, 32.951220000002792 ], [ -96.734744000001996, 32.950787000002819 ], [ -96.729164000002243, 32.960848000002258 ], [ -96.741901000002514, 32.963164000002621 ], [ -96.740435000002336, 32.978254000002501 ], [ -96.748057000001765, 32.978319000002685 ], [ -96.748226000002077, 32.96303600000244 ], [ -96.75749500000228, 32.962435000002451 ], [ -96.768214000002047, 32.978351000002668 ], [ -96.778728000002303, 32.978333000002799 ], [ -96.78405600000228, 32.974877000002742 ], [ -96.784204000002063, 32.970779000002707 ], [ -96.786473000002161, 32.962172000002042 ], [ -96.791638000001896, 32.962516000002715 ], [ -96.798170000002315, 32.962336000002438 ], [ -96.804585000001964, 32.962372000002389 ], [ -96.804204000001846, 32.954084000002474 ], [ -96.803640000002218, 32.94609100000249 ], [ -96.803739000001954, 32.938632000002784 ], [ -96.803568000002343, 32.925640000002325 ], [ -96.803578000002105, 32.924999000002423 ], [ -96.811145000002, 32.925503000002763 ], [ -96.811322000001894, 32.926054000002566 ], [ -96.820802000002018, 32.926220000002694 ], [ -96.820753000002526, 32.926067000002554 ], [ -96.828681000002433, 32.926105000002458 ], [ -96.841345000002761, 32.924453000002735 ], [ -96.855989000001927, 32.92423100000255 ], [ -96.873311000002658, 32.924418000002085 ], [ -96.873245000001759, 32.93301000000217 ], [ -96.85593700000274, 32.933678000002828 ], [ -96.855895000002405, 32.940004000002183 ], [ -96.846934000002463, 32.939873000002223 ], [ -96.838973000002341, 32.95199300000256 ], [ -96.822239000002682, 32.942074000002194 ], [ -96.822086000001804, 32.939495000002793 ], [ -96.821835000002295, 32.942767000002405 ], [ -96.823033000002596, 32.950184000002153 ], [ -96.818022000002756, 32.950114000002038 ], [ -96.81507400000244, 32.945449000002732 ], [ -96.809073000002741, 32.947229000002473 ], [ -96.818521000002576, 32.953989000002295 ], [ -96.822287000002845, 32.954022000002333 ], [ -96.829907000001924, 32.954014000002317 ], [ -96.830043000002703, 32.968570000002359 ], [ -96.838867000002438, 32.981198000002351 ], [ -96.841936000002363, 32.968902000002217 ], [ -96.848086000002127, 32.956645000002624 ], [ -96.855929000002604, 32.953090000002462 ], [ -96.86419700000188, 32.953232000002615 ], [ -96.853714000002341, 32.969017000002125 ], [ -96.864326000002762, 32.970266000002304 ], [ -96.861291000002325, 32.987652000002591 ], [ -96.875295000002282, 32.987830000002084 ], [ -96.887112000002219, 32.972136000002166 ], [ -96.890059000002722, 32.969983000002138 ], [ -96.889922000002684, 32.975575000002216 ], [ -96.922034000002, 32.972693000002103 ], [ -96.939882000002683, 32.988822000002813 ], [ -96.927223000002357, 32.988541000002208 ], [ -96.909997000002278, 32.988346000002579 ], [ -96.898380000002078, 33.00443000000206 ], [ -96.886769000001962, 33.000273000002153 ], [ -96.888361000002575, 32.995508000002296 ], [ -96.872847000002281, 32.997122000002562 ], [ -96.866003000001953, 33.011760000002106 ], [ -96.857367000001958, 33.011819000002326 ], [ -96.857192000002556, 33.011823000002394 ], [ -96.843776000001782, 33.011336000002736 ], [ -96.843778000002715, 33.007779000002692 ], [ -96.843982000002399, 32.9973120000029 ], [ -96.843974000002319, 32.997132000002601 ], [ -96.844122000002756, 32.987435000002613 ], [ -96.838955000002798, 32.987370000002272 ], [ -96.828519000002757, 32.987236000002518 ], [ -96.813355000002815, 32.98704100000279 ], [ -96.803430000002294, 32.986914000002919 ], [ -96.793816000001797, 32.986791000002064 ], [ -96.784005000002296, 32.986659000002199 ], [ -96.778675000002082, 32.9865880000022 ], [ -96.768247000001836, 32.986454000002816 ], [ -96.768095000002802, 32.986452000002828 ], [ -96.756464000002794, 32.986298000002613 ], [ -96.756858000002723, 33.000422000002494 ], [ -96.748418000002417, 33.003416000002964 ], [ -96.73236200000224, 33.004012000002241 ], [ -96.733802000002086, 33.007292000002842 ], [ -96.725044000002299, 33.019371000002536 ], [ -96.709249000002416, 33.019654000002539 ], [ -96.709635000002663, 33.021395000002961 ], [ -96.708952000002554, 33.028560000002706 ], [ -96.704263000002683, 33.037581000002518 ], [ -96.68251900000206, 33.043670000002955 ], [ -96.682022000002803, 33.031170000002504 ], [ -96.667784000001845, 33.030892000002439 ], [ -96.665003000002784, 33.030870000002892 ], [ -96.662149000002501, 33.031473000002208 ], [ -96.6308260000026, 33.0109000000026 ], [ -96.624625000002055, 33.011513000002168 ], [ -96.614707000002682, 33.004934000002251 ], [ -96.613362000002766, 32.987513000002849 ], [ -96.613367000001958, 32.984309000002476 ], [ -96.629198000001978, 32.984531000002725 ], [ -96.640872000002645, 32.984699000002713 ], [ -96.641057000002277, 32.970413000002559 ], [ -96.641992000002801, 32.966250000002361 ], [ -96.653462000002762, 32.951593000002433 ], [ -96.665306000002005, 32.944710000002317 ], [ -96.664883000002519, 32.930881000002884 ], [ -96.665328000002205, 32.916365000002443 ], [ -96.6654820000021, 32.908965000002496 ], [ -96.665665000002633, 32.89438100000239 ], [ -96.665536000002078, 32.871550000002223 ], [ -96.667925000002697, 32.868293000002517 ], [ -96.668053000001834, 32.868126000002214 ], [ -96.648839000002553, 32.855953000002415 ], [ -96.634854000002434, 32.843785000002079 ], [ -96.640375000001967, 32.839261000002878 ], [ -96.648996000002398, 32.838334000002718 ], [ -96.658996000002162, 32.83438300000229 ], [ -96.658165000002242, 32.830382000002544 ], [ -96.658143000002354, 32.828674000002543 ], [ -96.658164000001804, 32.827824000002309 ], [ -96.657872000002357, 32.824824000002074 ], [ -96.658590000002476, 32.821506000002493 ], [ -96.661683000001958, 32.821391000002713 ], [ -96.662321000001896, 32.819025000002078 ], [ -96.665255000002176, 32.815398000002453 ], [ -96.66829100000254, 32.806870000002725 ], [ -96.668245000002656, 32.803867000002739 ], [ -96.674166000002486, 32.800877000002892 ], [ -96.67415200000184, 32.798997000002842 ], [ -96.668296000002698, 32.797221000002494 ], [ -96.655796000002127, 32.793195000002378 ], [ -96.655790000001886, 32.792235000002719 ], [ -96.623418000002687, 32.771918000002628 ], [ -96.612730000002287, 32.768895000002679 ], [ -96.605619000002477, 32.76810400000285 ], [ -96.612195000001805, 32.742537000002585 ], [ -96.598810000002601, 32.743946000002424 ], [ -96.597338000001784, 32.74518400000229 ], [ -96.583508000001885, 32.745559000002849 ], [ -96.580475000001954, 32.744993000002374 ], [ -96.559162000002161, 32.734893000002721 ], [ -96.57981500000264, 32.71778300000279 ], [ -96.575287000001836, 32.703320000002584 ], [ -96.605023000002205, 32.701873000002529 ], [ -96.6076700000024, 32.701585000002396 ], [ -96.607698000002117, 32.701802000002132 ], [ -96.628421000002319, 32.690447000002173 ], [ -96.632414000001816, 32.691513000002494 ], [ -96.632530000002703, 32.691321000002084 ], [ -96.637531000002198, 32.694094000002799 ], [ -96.637504000001798, 32.694308000002735 ], [ -96.648747000002402, 32.699990000002877 ], [ -96.648486000002094, 32.719560000002502 ], [ -96.657037000002234, 32.719623000002805 ], [ -96.658827000002603, 32.734209000002807 ], [ -96.663468000001956, 32.734246000002891 ], [ -96.682807000002114, 32.734350000002884 ], [ -96.682831000002565, 32.742702000002573 ], [ -96.682952000002473, 32.7488910000027 ], [ -96.682961000002237, 32.750054000002336 ], [ -96.679964000002002, 32.763382000002572 ], [ -96.700580000002759, 32.763511000002907 ], [ -96.700053000001859, 32.77803600000265 ], [ -96.705962000002401, 32.778337000002502 ], [ -96.716467000002382, 32.782912000002845 ], [ -96.728461000002383, 32.77779700000282 ], [ -96.748515000002755, 32.78002800000224 ], [ -96.758709000002327, 32.784079000002798 ], [ -96.756186000002401, 32.791084000002577 ], [ -96.758790000001824, 32.790969000002832 ], [ -96.769311000001821, 32.800134000002622 ], [ -96.771472000001978, 32.80201600000224 ], [ -96.777326000002262, 32.797131000002224 ], [ -96.776519000002679, 32.796436000002821 ], [ -96.774146000002034, 32.794421000002465 ], [ -96.775844000002365, 32.793008000002068 ], [ -96.77817600000246, 32.795068000002253 ], [ -96.781069000002816, 32.797561000002624 ], [ -96.783802000002041, 32.799889000002779 ], [ -96.787613000001997, 32.803187000002943 ], [ -96.790631000002605, 32.801665000002828 ] ], [ [ -96.717922000001863, 32.892528000002741 ], [ -96.730599000002087, 32.886066000002252 ], [ -96.731089000001845, 32.886032000002821 ], [ -96.730676000002163, 32.878725000002291 ], [ -96.733953000002515, 32.863231000002401 ], [ -96.728654000002379, 32.856951000002624 ], [ -96.718044000002635, 32.861808000002505 ], [ -96.710769000002443, 32.864207000002615 ], [ -96.70055300000196, 32.864172000002483 ], [ -96.702582000002167, 32.87904100000231 ], [ -96.70333100000218, 32.886243000002104 ], [ -96.705312000002806, 32.888328000002311 ], [ -96.71159000000182, 32.894615000002759 ], [ -96.715126000002797, 32.89454800000258 ], [ -96.717922000001863, 32.892528000002741 ] ] ] } },
{ "type": "Feature", "properties": { "enacted_district": 33, "population": 761781.0, "voting_age_pop": 551468.0, "dem_votes": 115691.0, "rep_votes": 36076.0, "minority_pop": 463901.0, "dem_pct": 0.76229351521589439, "rep_pct": 0.23770648412520082 }, "geometry": { "type": "Polygon", "coordinates": [ [ [ -97.320759000001914, 32.666787000002202 ], [ -97.320973000002525, 32.666741000002645 ], [ -97.326911000002184, 32.665431000002719 ], [ -97.331813000002086, 32.664470000002176 ], [ -97.352590000002635, 32.667257000002785 ], [ -97.355990000002464, 32.667963000002786 ], [ -97.355992000002416, 32.668439000002117 ], [ -97.356550000001917, 32.672669000002671 ], [ -97.361199000001875, 32.672496000002198 ], [ -97.362778000002393, 32.678100000002601 ], [ -97.364818000001804, 32.679769000002644 ], [ -97.370192000001794, 32.679423000002039 ], [ -97.372911000002716, 32.681494000002118 ], [ -97.373419000002727, 32.681933000002758 ], [ -97.37022700000216, 32.685319000002565 ], [ -97.360500000002403, 32.694544000002153 ], [ -97.352617000001842, 32.701714000002603 ], [ -97.352394000002406, 32.701938000002414 ], [ -97.350216000002035, 32.704166000002623 ], [ -97.346300000001804, 32.707774000002239 ], [ -97.345965000002337, 32.708087000002728 ], [ -97.345968000002102, 32.707777000002693 ], [ -97.343829000002756, 32.711395000002128 ], [ -97.342797000001994, 32.711401000002859 ], [ -97.33794900000224, 32.711357000002828 ], [ -97.333835000001955, 32.713155000002075 ], [ -97.331608000001921, 32.713139000002336 ], [ -97.331590000002763, 32.716267000002802 ], [ -97.331591000002462, 32.716611000002615 ], [ -97.331591000002376, 32.718155000002675 ], [ -97.331561000002438, 32.733140000002095 ], [ -97.326429000002605, 32.733114000002018 ], [ -97.325886000002583, 32.733060000002084 ], [ -97.32426000000234, 32.735500000002929 ], [ -97.320329000002658, 32.735401000002916 ], [ -97.312012000002113, 32.743014000002603 ], [ -97.311713000001959, 32.742956000002138 ], [ -97.303184000002403, 32.748376000002359 ], [ -97.308976000002403, 32.75964500000277 ], [ -97.308981000001822, 32.761249000002493 ], [ -97.308898000001875, 32.767391000002483 ], [ -97.310784000002215, 32.768710000002834 ], [ -97.319664000002803, 32.776282000002674 ], [ -97.325524000002403, 32.782215000002864 ], [ -97.339944000001793, 32.778139000002241 ], [ -97.339367000002497, 32.773392000002914 ], [ -97.338406000002166, 32.772574000002756 ], [ -97.334199000002755, 32.759098000002894 ], [ -97.342384000002696, 32.758087000002398 ], [ -97.344997000001925, 32.765799000002851 ], [ -97.360913000002355, 32.763958000002042 ], [ -97.37235100000224, 32.774572000002067 ], [ -97.372337000002076, 32.77520200000238 ], [ -97.371782000001801, 32.780938000002784 ], [ -97.372452000002767, 32.781332000002422 ], [ -97.372998000001857, 32.781598000002468 ], [ -97.375518000002742, 32.782390000002664 ], [ -97.383560000002177, 32.785626000002395 ], [ -97.387518000001776, 32.788896000002396 ], [ -97.387615000001759, 32.788989000002722 ], [ -97.391137000001805, 32.791887000002788 ], [ -97.390324000002806, 32.793422000002501 ], [ -97.390388000002645, 32.798203000002502 ], [ -97.390344000002742, 32.799038000002582 ], [ -97.390902000001844, 32.800310000002554 ], [ -97.391540000002394, 32.801129000002014 ], [ -97.3916440000026, 32.803478000002187 ], [ -97.388415000002198, 32.806387000002537 ], [ -97.397541000001993, 32.80929200000233 ], [ -97.398343000002086, 32.809730000002766 ], [ -97.401332000002, 32.818995000002694 ], [ -97.379380000002158, 32.829492000002453 ], [ -97.370792000002353, 32.833429000002646 ], [ -97.36280900000196, 32.83653900000202 ], [ -97.347511000002143, 32.842333000002164 ], [ -97.347307000002118, 32.842385000002579 ], [ -97.342971000002635, 32.837457000002345 ], [ -97.331496000002033, 32.824893000002767 ], [ -97.312390000002424, 32.824269000002872 ], [ -97.308276000002195, 32.81058100000245 ], [ -97.297186000002199, 32.810209000002551 ], [ -97.290546000002436, 32.809770000002665 ], [ -97.290562000001955, 32.80903600000228 ], [ -97.290551000002239, 32.806472000002003 ], [ -97.290547000001993, 32.806137000002828 ], [ -97.290552000002322, 32.80297900000221 ], [ -97.290609000002178, 32.795110000002126 ], [ -97.293594000002713, 32.795113000002793 ], [ -97.290645000002641, 32.780970000002931 ], [ -97.289542000002342, 32.781788000002358 ], [ -97.286018000001874, 32.779587000002081 ], [ -97.284133000002484, 32.779573000002046 ], [ -97.278922000002567, 32.779591000002554 ], [ -97.2795670000028, 32.779297000002373 ], [ -97.280894000002107, 32.778435000002325 ], [ -97.279248000002355, 32.779098000002918 ], [ -97.278204000002475, 32.779610000002165 ], [ -97.27321800000216, 32.77959700000207 ], [ -97.273263000002444, 32.778312000002913 ], [ -97.258815000002556, 32.766925000002438 ], [ -97.257426000002241, 32.767802000002369 ], [ -97.242832000002679, 32.770165000002635 ], [ -97.230845000002077, 32.77529200000216 ], [ -97.224959000002357, 32.776829000002181 ], [ -97.212769000002197, 32.778329000002529 ], [ -97.186604000002802, 32.78027600000231 ], [ -97.179780000001927, 32.779702000002118 ], [ -97.179249000002486, 32.779657000002821 ], [ -97.1790580000022, 32.780257000002329 ], [ -97.178502000002098, 32.781815000002396 ], [ -97.177477000002398, 32.794038000002281 ], [ -97.131197000002075, 32.802864000002813 ], [ -97.121878000002241, 32.803506000002088 ], [ -97.11008800000198, 32.806279000002306 ], [ -97.103703000002795, 32.80774900000295 ], [ -97.099517000002379, 32.808760000002849 ], [ -97.099643000002402, 32.822418000002372 ], [ -97.082326000002624, 32.822381000002444 ], [ -97.06964200000246, 32.836774000002897 ], [ -97.069641000001965, 32.837027000002799 ], [ -97.065267000002038, 32.837822000002717 ], [ -97.033840000001916, 32.838532000002182 ], [ -97.033577000002765, 32.852753000002828 ], [ -97.021289000001886, 32.856918000002807 ], [ -97.01523000000256, 32.867274000002247 ], [ -96.985289000001984, 32.902367000002471 ], [ -96.992730000002595, 32.905816000002531 ], [ -96.984724000002799, 32.91164000000208 ], [ -96.958858000002337, 32.905012000002948 ], [ -96.958718000002563, 32.915705000002227 ], [ -96.975296000002459, 32.918956000002225 ], [ -96.993774000002517, 32.923184000002934 ], [ -96.991450000002359, 32.925720000002272 ], [ -96.991662000002776, 32.947708000002741 ], [ -96.976677000001914, 32.954782000002503 ], [ -96.969215000001995, 32.954679000002827 ], [ -96.968297000002025, 32.953966000002666 ], [ -96.959348000002322, 32.950290000002362 ], [ -96.958014000002535, 32.950241000002258 ], [ -96.935245000002354, 32.937044000002153 ], [ -96.938291000002678, 32.913473000002583 ], [ -96.902727000002457, 32.939173000002242 ], [ -96.906159000001878, 32.946953000002097 ], [ -96.910761000002793, 32.953789000002182 ], [ -96.890162000002803, 32.963886000002255 ], [ -96.886446000002806, 32.953606000002402 ], [ -96.87072100000276, 32.953381000002175 ], [ -96.871899000002287, 32.94635000000271 ], [ -96.87319300000226, 32.938906000002461 ], [ -96.88491400000224, 32.938322000002472 ], [ -96.890605000001983, 32.938359000002102 ], [ -96.890901000002003, 32.924025000002757 ], [ -96.891398000002155, 32.915553000002276 ], [ -96.891402000002699, 32.914648000002728 ], [ -96.881765000002801, 32.911158000002089 ], [ -96.870968000002122, 32.913657000002353 ], [ -96.864776000002578, 32.915497000002382 ], [ -96.856049000002443, 32.918138000002507 ], [ -96.856051000001855, 32.915723000002814 ], [ -96.856160000002475, 32.909652000002687 ], [ -96.856243000002678, 32.895180000002647 ], [ -96.856222000001907, 32.883699000002508 ], [ -96.85627800000232, 32.880615000002457 ], [ -96.856275000002043, 32.880428000002169 ], [ -96.84632700000256, 32.880299000002381 ], [ -96.847545000001844, 32.872480000002689 ], [ -96.848858000001783, 32.869757000002615 ], [ -96.84888200000232, 32.866230000002687 ], [ -96.847861000001913, 32.866222000002402 ], [ -96.846701000002142, 32.86622000000213 ], [ -96.846753000002678, 32.863380000002351 ], [ -96.847931000002845, 32.863059000002259 ], [ -96.850227000002477, 32.862445000002062 ], [ -96.854803000002235, 32.861086000002196 ], [ -96.854108000002682, 32.860089000002368 ], [ -96.859771000002084, 32.842080000002461 ], [ -96.849808000002398, 32.837288000002097 ], [ -96.841619000002083, 32.830227000002743 ], [ -96.846169000002163, 32.826642000002096 ], [ -96.869155000002095, 32.818968000002371 ], [ -96.873922000002082, 32.79796900000288 ], [ -96.873751000001761, 32.792651000002806 ], [ -96.869329000002125, 32.790991000002634 ], [ -96.873789000002162, 32.786329000002112 ], [ -96.873834000002233, 32.778762000002729 ], [ -96.865183000001863, 32.77873700000255 ], [ -96.857500000002005, 32.778717000002871 ], [ -96.857530000001844, 32.775362000002907 ], [ -96.856561000002444, 32.775202000002835 ], [ -96.855821000001797, 32.794322000002524 ], [ -96.835697000001957, 32.786636000002119 ], [ -96.825742000001753, 32.778821000002552 ], [ -96.823433000001842, 32.775765000002401 ], [ -96.823604000002064, 32.775421000002396 ], [ -96.823088000002727, 32.775354000002324 ], [ -96.822863000001959, 32.774192000002863 ], [ -96.822850000002077, 32.769606000002227 ], [ -96.823067000002041, 32.769163000002948 ], [ -96.835703000002141, 32.767512000002903 ], [ -96.842878000001875, 32.764723000002761 ], [ -96.856677000002193, 32.766442000002776 ], [ -96.856812000001966, 32.755360000002092 ], [ -96.856696000002842, 32.74961300000264 ], [ -96.852435000002515, 32.749572000002736 ], [ -96.83745200000196, 32.752377000002404 ], [ -96.822924000002203, 32.758893000002125 ], [ -96.810293000002076, 32.757295000002344 ], [ -96.809883000002216, 32.751213000002629 ], [ -96.815627000002323, 32.743936000002677 ], [ -96.813633000002483, 32.740122000002387 ], [ -96.824611000002662, 32.73284600000212 ], [ -96.834304000002817, 32.734009000002089 ], [ -96.836701000002634, 32.720312000002885 ], [ -96.826898000002203, 32.723305000002341 ], [ -96.814548000002063, 32.721438000002728 ], [ -96.814495000001784, 32.720198000002618 ], [ -96.813241000002677, 32.72020700000256 ], [ -96.814521000001861, 32.719088000002507 ], [ -96.814573000002767, 32.714962000002359 ], [ -96.81097700000268, 32.713175000002245 ], [ -96.811505000002398, 32.713178000002671 ], [ -96.813314000002293, 32.713200000002089 ], [ -96.827546000002116, 32.705660000002474 ], [ -96.828067000002136, 32.70550600000275 ], [ -96.829768000002119, 32.707992000002847 ], [ -96.831367000002444, 32.705136000002582 ], [ -96.83212000000222, 32.705130000002498 ], [ -96.832217000002515, 32.705029000002263 ], [ -96.840148000002714, 32.698389000002308 ], [ -96.840172000001999, 32.705893000002767 ], [ -96.857183000002223, 32.705810000002472 ], [ -96.87019600000194, 32.70493700000219 ], [ -96.874237000002225, 32.704382000002113 ], [ -96.876076000002499, 32.705849000002331 ], [ -96.880885000002536, 32.705821000002473 ], [ -96.891469000002004, 32.695543000002722 ], [ -96.89432000000204, 32.695253000002573 ], [ -96.903042000002159, 32.705123000002679 ], [ -96.90870700000248, 32.711150000002121 ], [ -96.915994000002158, 32.720523000002153 ], [ -96.951858000002517, 32.716192000002245 ], [ -96.954977000002742, 32.70802400000283 ], [ -96.973184000001993, 32.697330000002424 ], [ -96.978302000002742, 32.705731000002324 ], [ -96.982027000002404, 32.705570000002709 ], [ -96.984411000002439, 32.706269000002393 ], [ -96.985674000002405, 32.705677000002396 ], [ -96.994177000002622, 32.70952100000261 ], [ -96.994176000002639, 32.710393000002334 ], [ -96.99414000000256, 32.715563000002305 ], [ -96.998683000001876, 32.715575000002836 ], [ -96.998682000002518, 32.717337000002317 ], [ -96.995918000002604, 32.71660300000277 ], [ -96.994128000002675, 32.717332000002727 ], [ -96.994104000002224, 32.720535000002336 ], [ -97.007114000002517, 32.722912000002374 ], [ -97.00729300000242, 32.717357000002821 ], [ -97.007330000002639, 32.714971000002883 ], [ -97.01163900000202, 32.713394000002857 ], [ -97.007357000002344, 32.713365000002554 ], [ -97.015439000001862, 32.709663000002472 ], [ -97.035996000002541, 32.711097000002781 ], [ -97.03607700000228, 32.706125000002302 ], [ -97.036295000002241, 32.693227000002409 ], [ -97.044135000002498, 32.706016000002869 ], [ -97.047574000002555, 32.706036000002307 ], [ -97.062598000002637, 32.706077000002225 ], [ -97.062753000002104, 32.691500000002094 ], [ -97.065961000001835, 32.691431000002375 ], [ -97.072148000002358, 32.691608000002624 ], [ -97.071834000002042, 32.706041000002109 ], [ -97.080459000001966, 32.706139000002807 ], [ -97.080374000001839, 32.71001100000224 ], [ -97.080298000002401, 32.720900000002196 ], [ -97.062684000002477, 32.720757000002891 ], [ -97.062609000001899, 32.725707000002387 ], [ -97.062578000001878, 32.735732000002443 ], [ -97.062319000002404, 32.735763000002208 ], [ -97.049321000002138, 32.737426000002884 ], [ -97.04587000000258, 32.739562000002692 ], [ -97.035518000002341, 32.739709000002115 ], [ -97.035522000001833, 32.739451000002639 ], [ -97.023040000002396, 32.741072000002795 ], [ -97.019200000001845, 32.728807000002178 ], [ -97.007158000002718, 32.728603000002742 ], [ -97.007166000001803, 32.726115000002835 ], [ -96.994113000002713, 32.73163900000214 ], [ -96.988770000002035, 32.734927000002259 ], [ -96.99814500000204, 32.74496400000271 ], [ -96.995031000002726, 32.758753000002713 ], [ -96.994847000002665, 32.758743000002148 ], [ -96.994929000002841, 32.762923000002182 ], [ -96.994513000002087, 32.777789000002429 ], [ -96.974471000002623, 32.783070000002645 ], [ -96.972884000002821, 32.783060000002145 ], [ -96.968764000002764, 32.783022000002177 ], [ -96.959906000002803, 32.783062000002182 ], [ -96.926077000002806, 32.782076000002327 ], [ -96.918902000002205, 32.785719000002601 ], [ -96.919102000002084, 32.786668000002635 ], [ -96.934616000002563, 32.793908000002766 ], [ -96.920660000002755, 32.79391700000275 ], [ -96.92182400000236, 32.801214000002538 ], [ -96.940320000002657, 32.808619000002288 ], [ -96.946958000002795, 32.808596000002417 ], [ -96.95999300000274, 32.808655000002396 ], [ -96.963461000002738, 32.815280000002772 ], [ -96.959782000002221, 32.815210000002352 ], [ -96.949933000002602, 32.814931000002169 ], [ -96.951159000001979, 32.829451000002273 ], [ -96.947993000002114, 32.833312000002906 ], [ -96.947185000002463, 32.837024000002344 ], [ -96.944418000002401, 32.837043000002481 ], [ -96.940497000001997, 32.837260000002729 ], [ -96.938597000002758, 32.837258000002592 ], [ -96.938715000002063, 32.836940000002073 ], [ -96.930280000002682, 32.836573000002168 ], [ -96.932515000002553, 32.823054000002593 ], [ -96.925852000002521, 32.823026000002159 ], [ -96.925642000001801, 32.820352000002337 ], [ -96.925656000002135, 32.817554000002474 ], [ -96.922042000002577, 32.817546000002167 ], [ -96.91698200000198, 32.801240000002309 ], [ -96.904124000002099, 32.804940000002496 ], [ -96.893201000002435, 32.847803000002692 ], [ -96.8852450000022, 32.854090000002728 ], [ -96.879156000001856, 32.865085000002203 ], [ -96.898155000002362, 32.895857000002195 ], [ -96.898154000002236, 32.896059000002616 ], [ -96.898114000002593, 32.908161000002444 ], [ -96.909018000002007, 32.907916000002807 ], [ -96.911491000002556, 32.895688000002664 ], [ -96.928376000002743, 32.895688000002785 ], [ -96.958923000002756, 32.895955000002331 ], [ -96.962607000002038, 32.890462000002252 ], [ -96.955948000002522, 32.886805000002894 ], [ -96.964206000002719, 32.885060000002539 ], [ -96.970928000002019, 32.874451000002807 ], [ -96.977190000002039, 32.866391000002302 ], [ -96.977297000002594, 32.863624000002645 ], [ -96.975213000002, 32.855469000002223 ], [ -96.992071000002625, 32.857072000002802 ], [ -96.992078000002337, 32.856872000002284 ], [ -97.001607000002537, 32.856921000002771 ], [ -97.003377000002402, 32.837114000002508 ], [ -97.009553000002796, 32.837103000002266 ], [ -97.0024100000022, 32.815676000002725 ], [ -97.034219000002238, 32.816400000002503 ], [ -97.034711000001806, 32.788482000002396 ], [ -97.034755000001795, 32.786034000002836 ], [ -97.03493400000184, 32.77992900000276 ], [ -97.062579000002245, 32.779027000002607 ], [ -97.062625000001802, 32.795769000002515 ], [ -97.062681000002357, 32.802114000002831 ], [ -97.067547000002719, 32.793931000002623 ], [ -97.096003000001858, 32.786011000002418 ], [ -97.104876000002164, 32.789844000002269 ], [ -97.133571000002576, 32.779275000002208 ], [ -97.139403000001835, 32.7792750000024 ], [ -97.148801000001882, 32.771369000002672 ], [ -97.149408000002765, 32.767736000002628 ], [ -97.149737000002801, 32.760205000002507 ], [ -97.153765000002281, 32.757417000002839 ], [ -97.154967000002486, 32.757755000002454 ], [ -97.156414000002115, 32.757547000002653 ], [ -97.159642000002819, 32.757556000002246 ], [ -97.161086000002356, 32.757559000002317 ], [ -97.163104000002207, 32.75612300000266 ], [ -97.179436000002354, 32.730902000002288 ], [ -97.179812000002073, 32.730850000002434 ], [ -97.180043000002556, 32.730579000002706 ], [ -97.198810000002638, 32.728324000002765 ], [ -97.202043000002703, 32.727831000002915 ], [ -97.207238000002718, 32.727727000002552 ], [ -97.207571000002204, 32.7249670000026 ], [ -97.213179000002739, 32.718689000002165 ], [ -97.219016000002398, 32.715947000002387 ], [ -97.219404000002015, 32.715425000002668 ], [ -97.219823000002663, 32.713848000002258 ], [ -97.21990900000236, 32.713369000002608 ], [ -97.225087000001807, 32.696775000002773 ], [ -97.237108000002721, 32.697592000002608 ], [ -97.24180100000234, 32.665644000002288 ], [ -97.241366000002841, 32.665348000002055 ], [ -97.244651000002605, 32.66272800000246 ], [ -97.242962000001754, 32.656695000002237 ], [ -97.242945000002223, 32.656464000002615 ], [ -97.252667000002845, 32.64548400000276 ], [ -97.261370000001804, 32.630959000002264 ], [ -97.266131000002602, 32.629098000002649 ], [ -97.264695000002305, 32.62374500000233 ], [ -97.269982000002202, 32.623730000002574 ], [ -97.269920000002699, 32.616463000002078 ], [ -97.287118000002138, 32.616501000002685 ], [ -97.285821000002159, 32.608317000002479 ], [ -97.294192000001956, 32.604056000002494 ], [ -97.320108000002236, 32.605131000002331 ], [ -97.321538000002235, 32.613994000002094 ], [ -97.321485000002482, 32.627664000002248 ], [ -97.321464000001839, 32.635163000002358 ], [ -97.321371000002713, 32.643740000002367 ], [ -97.321577000002776, 32.64369000000206 ], [ -97.321402000002578, 32.660480000002728 ], [ -97.320759000001914, 32.666787000002202 ] ] ] } },
{ "type": "Feature", "properties": { "enacted_district": 34, "population": 765413.0, "voting_age_pop": 541504.0, "dem_votes": 99301.0, "rep_votes": 60696.0, "minority_pop": 489912.0, "dem_pct": 0.62064288666622314, "rep_pct": 0.3793571127087651 }, "geometry": { "type": "Polygon", "coordinates": [ [ [ -98.09505400000198, 26.178591000002942 ], [ -98.093931000002399, 26.1849560000026 ], [ -98.093576000002486, 26.186966000002247 ], [ -98.093157000001924, 26.189469000002433 ], [ -98.107929000002116, 26.201542000002096 ], [ -98.109995000002101, 26.189449000002664 ], [ -98.110039000002715, 26.189188000002641 ], [ -98.111346000002001, 26.18158700000258 ], [ -98.113244000001899, 26.170580000002943 ], [ -98.122850000002714, 26.16457600000232 ], [ -98.130591000002539, 26.165656000002045 ], [ -98.137077000001966, 26.173887000002473 ], [ -98.14687800000236, 26.116482000002744 ], [ -98.1797320000029, 26.121015000002117 ], [ -98.176709000001964, 26.138935000002551 ], [ -98.173413000002839, 26.156875000002714 ], [ -98.169965000002264, 26.178470000002555 ], [ -98.186431000002159, 26.180622000002668 ], [ -98.183271000002037, 26.199394000002279 ], [ -98.166785000002619, 26.197121000002856 ], [ -98.165578000001943, 26.2041420000022 ], [ -98.163461000001917, 26.216612000002563 ], [ -98.179754000002006, 26.218842000002905 ], [ -98.179205000002042, 26.22613000000263 ], [ -98.199024000002538, 26.2288770000021 ], [ -98.19782200000212, 26.235991000002819 ], [ -98.202010000002034, 26.236573000002331 ], [ -98.202339000002397, 26.236621000002604 ], [ -98.206646000001982, 26.237224000002161 ], [ -98.204180000002182, 26.251625000002829 ], [ -98.199645000002221, 26.250995000002728 ], [ -98.195405000002793, 26.250407000002166 ], [ -98.187014000001923, 26.249217000002353 ], [ -98.175363000002037, 26.24762500000206 ], [ -98.173274000002024, 26.24734700000241 ], [ -98.163124000002284, 26.24596900000277 ], [ -98.158571000002382, 26.245341000002743 ], [ -98.156426000002185, 26.257910000002095 ], [ -98.155671000002457, 26.262300000002902 ], [ -98.156010000002567, 26.285638000002717 ], [ -98.154692000002683, 26.300270000002921 ], [ -98.133460000002358, 26.297409000002897 ], [ -98.128279000002323, 26.296092000002417 ], [ -98.116832000002887, 26.293928000002595 ], [ -98.089504000002435, 26.298125000002472 ], [ -98.037727000002675, 26.292849000002477 ], [ -98.037785000002785, 26.296370000002657 ], [ -98.013416000002337, 26.296426000002413 ], [ -98.014201000002799, 26.33259500000247 ], [ -97.977118000002122, 26.327197000002691 ], [ -97.969148000002676, 26.3260130000026 ], [ -97.937003000002235, 26.321344000002963 ], [ -97.922955000002446, 26.357154000002904 ], [ -97.861875000001916, 26.348156000002408 ], [ -97.861895000002136, 26.422066000002424 ], [ -97.887847000002239, 26.433441000002663 ], [ -97.908273000002282, 26.433243000002392 ], [ -97.988318000002423, 26.446514000002779 ], [ -98.00011400000264, 26.448183000002501 ], [ -98.004189000001915, 26.44878400000249 ], [ -97.980479000002802, 26.535990000002261 ], [ -97.957405000002481, 26.61176900000272 ], [ -97.985303000002006, 26.615809000002493 ], [ -97.985494000002561, 26.780917000002276 ], [ -97.985681000001875, 26.960906000002733 ], [ -97.98570600000248, 27.054624000002452 ], [ -97.985734000002836, 27.074380000002456 ], [ -97.98588700000208, 27.20930800000281 ], [ -97.986011000002094, 27.256809000002914 ], [ -98.058078000002524, 27.260981000002715 ], [ -98.058423000002605, 27.327777000002701 ], [ -98.058625000002166, 27.365669000002558 ], [ -98.059088000002504, 27.469652000002142 ], [ -98.059668000001963, 27.609234000002861 ], [ -98.029905000002842, 27.635793000002796 ], [ -97.942146000002083, 27.635932000002647 ], [ -97.882500000001954, 27.613867000002561 ], [ -97.873867000002122, 27.587858000002637 ], [ -97.831887000001942, 27.558400000002109 ], [ -97.831426000002779, 27.558402000002737 ], [ -97.572961000002465, 27.560343000002941 ], [ -97.324758000002205, 27.561046000002456 ], [ -97.273172000002845, 27.574717000002764 ], [ -97.222745000002362, 27.576526000002843 ], [ -97.165097000002362, 27.56830000000236 ], [ -97.250264000002559, 27.392308000002416 ], [ -97.288337000002315, 27.277584000002797 ], [ -97.309363000002264, 27.196109000002821 ], [ -97.319824000002455, 27.11002300000278 ], [ -97.3214950000024, 27.001996000002482 ], [ -97.317781000002142, 26.951364000002833 ], [ -97.300423000002482, 26.834613000002168 ], [ -97.25170500000192, 26.661866000002203 ], [ -97.225374000002276, 26.600227000002427 ], [ -97.178769000002234, 26.454705000002619 ], [ -97.167255000002783, 26.412715000002319 ], [ -97.126121000002456, 26.250351000002237 ], [ -97.108301000002726, 26.104510000002463 ], [ -97.089344000002555, 26.066179000002723 ], [ -97.097858000002006, 26.038620000002936 ], [ -97.091121000002005, 25.97384000000261 ], [ -97.20996100000248, 25.963458000002952 ], [ -97.276701000002561, 25.952146000002312 ], [ -97.326003000002444, 25.917689000002763 ], [ -97.374173000002784, 25.905923000002975 ], [ -97.358754000002577, 25.878808000002785 ], [ -97.373187000002559, 25.839956000002704 ], [ -97.40841700000226, 25.861963000002959 ], [ -97.444030000002584, 25.848614000002119 ], [ -97.454853000002842, 25.878660000002697 ], [ -97.490360000001957, 25.883358000002641 ], [ -97.497386000002521, 25.898644000002331 ], [ -97.522910000002483, 25.894665000002508 ], [ -97.53722900000264, 25.93052600000232 ], [ -97.566012000002317, 25.947200000002169 ], [ -97.608471000002396, 25.977054000002315 ], [ -97.676134000002278, 26.030656000002885 ], [ -97.699216000002878, 26.031173000002873 ], [ -97.726470000002706, 26.02265600000247 ], [ -97.77230400000208, 26.046277000002309 ], [ -97.861822000002761, 26.069921000002275 ], [ -97.919678000002264, 26.057970000002825 ], [ -97.993622000002674, 26.059289000002337 ], [ -98.008890000002765, 26.060287000002511 ], [ -98.034470000002656, 26.051167000002199 ], [ -98.070025000002076, 26.051466000002183 ], [ -98.076070000002602, 26.06694900000252 ], [ -98.071355000002541, 26.101479000002623 ], [ -98.069998000001959, 26.158819000002495 ], [ -98.06997600000274, 26.158994000002167 ], [ -98.073428000001954, 26.174384000002458 ], [ -98.09033800000222, 26.183225000002423 ], [ -98.092545000002175, 26.178141000002775 ], [ -98.09505400000198, 26.178591000002942 ] ] ] } },
{ "type": "Feature", "properties": { "enacted_district": 35, "population": 769628.0, "voting_age_pop": 585921.0, "dem_votes": 148729.0, "rep_votes": 55267.0, "minority_pop": 410238.0, "dem_pct": 0.72907802078027117, "rep_pct": 0.27092197872952312 }, "geometry": { "type": "MultiPolygon", "coordinates": [ [ [ [ -98.539442000002879, 29.40239700000209 ], [ -98.537966000002797, 29.414114000002783 ], [ -98.539465000002394, 29.419921000002113 ], [ -98.539246000002279, 29.421725000002141 ], [ -98.543039000002523, 29.42549000000281 ], [ -98.542552000002075, 29.429540000002348 ], [ -98.541825000001836, 29.435650000002553 ], [ -98.541061000002514, 29.442152000002743 ], [ -98.540291000002355, 29.446609000002521 ], [ -98.539142000002698, 29.446532000002527 ], [ -98.539173000002762, 29.455278000002401 ], [ -98.532918000002084, 29.454686000002816 ], [ -98.523871000002202, 29.453817000002516 ], [ -98.523071000001863, 29.460192000002113 ], [ -98.526031000002845, 29.464552000002364 ], [ -98.526023000002155, 29.466490000002075 ], [ -98.515791000002181, 29.466444000002586 ], [ -98.517438000002727, 29.47534700000239 ], [ -98.507850000001895, 29.476013000002791 ], [ -98.507850000002847, 29.47785100000241 ], [ -98.499291000002259, 29.477572000002503 ], [ -98.499277000002678, 29.486219000002656 ], [ -98.490050000002256, 29.484276000002531 ], [ -98.491780000001924, 29.468212000002342 ], [ -98.487041000002833, 29.468167000002012 ], [ -98.475816000002837, 29.463311000002609 ], [ -98.476808000002322, 29.470949000002637 ], [ -98.476671000002383, 29.471082000002198 ], [ -98.473061000001834, 29.47272100000292 ], [ -98.467552000001859, 29.468412000002797 ], [ -98.467747000002205, 29.461371000002401 ], [ -98.466855000002596, 29.461023000002218 ], [ -98.464999000002123, 29.461194000002862 ], [ -98.460892000002303, 29.461146000002131 ], [ -98.45496200000224, 29.460440000002254 ], [ -98.456543000002114, 29.455208000002699 ], [ -98.456630000002235, 29.454581000002523 ], [ -98.458006000002641, 29.454589000002478 ], [ -98.466974000002807, 29.454715000002743 ], [ -98.472382000002, 29.451691000002658 ], [ -98.470304000002159, 29.449374000002425 ], [ -98.47022000000274, 29.449346000002215 ], [ -98.469532000002005, 29.447172000002222 ], [ -98.472281000002596, 29.447154000002335 ], [ -98.473804000001977, 29.447166000002095 ], [ -98.470285000002633, 29.443155000002253 ], [ -98.468117000002778, 29.443153000002734 ], [ -98.460934000002439, 29.441581000002085 ], [ -98.441133000002395, 29.440890000002433 ], [ -98.428029000002041, 29.456401000002327 ], [ -98.4139790000023, 29.456425000002465 ], [ -98.410777000001957, 29.46179700000215 ], [ -98.410570000002394, 29.478258000002199 ], [ -98.430374000002118, 29.484754000002319 ], [ -98.432668000002181, 29.484691000002243 ], [ -98.442190000002242, 29.484652000002495 ], [ -98.442147000002322, 29.48978700000243 ], [ -98.433577000002842, 29.493810000002689 ], [ -98.43049600000262, 29.495242000002175 ], [ -98.421725000002738, 29.500007000002849 ], [ -98.421178000002257, 29.500365000002105 ], [ -98.41590900000196, 29.507624000002892 ], [ -98.417736000001838, 29.516112000002359 ], [ -98.422840000001855, 29.51613100000263 ], [ -98.427439000002565, 29.535252000002931 ], [ -98.422447000002379, 29.539532000002431 ], [ -98.421053000002843, 29.54092400000216 ], [ -98.417350000002642, 29.544610000002784 ], [ -98.407371000002115, 29.550520000002081 ], [ -98.401879000002154, 29.554646000002698 ], [ -98.385362000002559, 29.548797000002267 ], [ -98.386281000002441, 29.541783000002656 ], [ -98.379227000001976, 29.539460000002911 ], [ -98.379129000002479, 29.533048000002498 ], [ -98.378839000002216, 29.532452000002603 ], [ -98.381311000002825, 29.531332000002937 ], [ -98.382537000002756, 29.530365000002721 ], [ -98.380996000002, 29.525491000002649 ], [ -98.381588000002623, 29.523006000002329 ], [ -98.390132000002637, 29.524278000002671 ], [ -98.397102000002064, 29.510272000002303 ], [ -98.391223000002725, 29.51022000000226 ], [ -98.380346000002007, 29.510279000002161 ], [ -98.371615000002194, 29.510403000002551 ], [ -98.369236000002445, 29.522553000002471 ], [ -98.36935100000278, 29.527035000002257 ], [ -98.3693770000027, 29.530337000002675 ], [ -98.359646000002456, 29.535700000002077 ], [ -98.361094000002694, 29.537159000002497 ], [ -98.357727000002157, 29.550112000002777 ], [ -98.358768000002755, 29.549278000002406 ], [ -98.366937000002764, 29.542759000002832 ], [ -98.368963000002836, 29.545592000002284 ], [ -98.374204000001939, 29.549140000002222 ], [ -98.379747000002837, 29.555529000002544 ], [ -98.365442000002716, 29.567443000002459 ], [ -98.356428000001955, 29.569885000002039 ], [ -98.342622000002279, 29.578539000002191 ], [ -98.3383750000026, 29.580703000002117 ], [ -98.341751000002205, 29.585775000002535 ], [ -98.313494000001839, 29.602279000002468 ], [ -98.310950000002762, 29.59456000000236 ], [ -98.310928000002505, 29.594473000002441 ], [ -98.302903000002004, 29.574654000002408 ], [ -98.318532000002804, 29.570969000002854 ], [ -98.319840000002799, 29.571424000002441 ], [ -98.328423000002559, 29.572169000002582 ], [ -98.330032000002475, 29.570778000002687 ], [ -98.333123000002757, 29.568118000002915 ], [ -98.348405000001861, 29.555230000002311 ], [ -98.348001000001958, 29.554638000002289 ], [ -98.3425340000028, 29.546712000002692 ], [ -98.337142000001961, 29.538635000002341 ], [ -98.342255000001899, 29.536027000002868 ], [ -98.352940000002221, 29.530446000002808 ], [ -98.344829000002406, 29.52250300000285 ], [ -98.349139000002737, 29.521627000002187 ], [ -98.333787000002175, 29.510940000002112 ], [ -98.330558000001886, 29.51205800000227 ], [ -98.327421000002445, 29.513208000002521 ], [ -98.322819000002696, 29.514768000002363 ], [ -98.322434000002445, 29.514393000002411 ], [ -98.311798000002284, 29.521351000002589 ], [ -98.308089000002553, 29.526166000002913 ], [ -98.301627000002284, 29.533803000002596 ], [ -98.301010000002606, 29.533781000002872 ], [ -98.298925000002257, 29.530664000002812 ], [ -98.28907200000252, 29.51476400000271 ], [ -98.288466000002416, 29.503819000002679 ], [ -98.284272000002673, 29.505957000002304 ], [ -98.279022000002143, 29.508655000002037 ], [ -98.244301000001883, 29.519350000002937 ], [ -98.223690000002335, 29.488079000002255 ], [ -98.284467000002465, 29.467812000002453 ], [ -98.313420000002523, 29.459881000002841 ], [ -98.328882000002537, 29.455309000002661 ], [ -98.360728000002339, 29.445222000002857 ], [ -98.360726000001875, 29.445668000002662 ], [ -98.389908000001967, 29.435982000002841 ], [ -98.390239000002637, 29.435875000002092 ], [ -98.389387000002159, 29.423370000002265 ], [ -98.390107000002118, 29.423544000002501 ], [ -98.432351000002527, 29.424461000002054 ], [ -98.4430680000021, 29.425019000002251 ], [ -98.461050000002487, 29.428104000002079 ], [ -98.461041000002581, 29.429400000002623 ], [ -98.481729000002247, 29.427639000002028 ], [ -98.480856000002007, 29.422211000002662 ], [ -98.480469000002259, 29.414208000002457 ], [ -98.480285000002638, 29.406802000002173 ], [ -98.481070000002674, 29.402306000002337 ], [ -98.485214000002046, 29.402545000002853 ], [ -98.490276000001984, 29.395344000002421 ], [ -98.504372000002761, 29.396272000002622 ], [ -98.511286000002002, 29.396221000002338 ], [ -98.515403000002436, 29.396257000002898 ], [ -98.515537000001942, 29.396096000002711 ], [ -98.529243000002353, 29.398214000002319 ], [ -98.530806000002727, 29.398828000002609 ], [ -98.536964000002641, 29.401217000002251 ], [ -98.537103000002716, 29.401503000002243 ], [ -98.539442000002879, 29.40239700000209 ] ] ], [ [ [ -98.015180000001962, 29.801485000002824 ], [ -98.018657000001824, 29.812175000002892 ], [ -97.972981000002207, 29.853015000002532 ], [ -97.968275000002194, 29.875075000002465 ], [ -97.9707260000026, 29.879864000002641 ], [ -97.960343000002624, 29.894827000002365 ], [ -97.957194000002247, 29.891714000002565 ], [ -97.9555290000024, 29.890175000002746 ], [ -97.941353000001925, 29.891455000002782 ], [ -97.92388700000194, 29.894735000002431 ], [ -97.921838000001998, 29.89658600000233 ], [ -97.918874000002077, 29.899155000002196 ], [ -97.895507000002496, 29.936982000002807 ], [ -97.8956920000022, 29.937078000002337 ], [ -97.88753600000264, 29.978775000002408 ], [ -97.879275000002096, 29.981457000002852 ], [ -97.888790000002544, 30.006676000002173 ], [ -97.891671000001963, 30.012284000002179 ], [ -97.889840000002025, 30.022552000002491 ], [ -97.874687000002595, 30.050221000002747 ], [ -97.859017000002183, 30.057890000002804 ], [ -97.856949000002075, 30.068694000002303 ], [ -97.823259000002764, 30.079068000002817 ], [ -97.813018000002515, 30.098613000002725 ], [ -97.813515000002084, 30.09884200000258 ], [ -97.796142000002845, 30.140204000002718 ], [ -97.791793000002045, 30.152745000002508 ], [ -97.786254000002117, 30.166975000002815 ], [ -97.785859000001921, 30.167106000002622 ], [ -97.777803000002237, 30.179353000002841 ], [ -97.770372000001998, 30.190462000002615 ], [ -97.770518000002113, 30.190537000002202 ], [ -97.765028000002758, 30.19752700000263 ], [ -97.761649000001924, 30.201682000002368 ], [ -97.751925000002757, 30.215613000002108 ], [ -97.751287000001838, 30.216572000002433 ], [ -97.747455000002802, 30.223299000002939 ], [ -97.74127300000184, 30.233771000002864 ], [ -97.73702300000194, 30.240880000002218 ], [ -97.73541200000264, 30.247888000002217 ], [ -97.735932000002222, 30.250322000002292 ], [ -97.735994000002194, 30.250611000002824 ], [ -97.736553000002473, 30.26120700000282 ], [ -97.734372000002523, 30.266732000002428 ], [ -97.734037000002402, 30.267646000002067 ], [ -97.730048000002554, 30.278506000002395 ], [ -97.727401000002644, 30.283078000002508 ], [ -97.722163000002681, 30.283813000002372 ], [ -97.70648000000196, 30.286240000002568 ], [ -97.707376000002355, 30.289193000002761 ], [ -97.689289000002475, 30.291566000002614 ], [ -97.678550000001877, 30.307787000002861 ], [ -97.670766000002715, 30.308532000002497 ], [ -97.679621000002697, 30.319455000002485 ], [ -97.672429000002396, 30.325104000002749 ], [ -97.67322800000224, 30.325720000002093 ], [ -97.665877000002141, 30.327694000002328 ], [ -97.676005000001936, 30.350839000002718 ], [ -97.673673000002239, 30.354602000002561 ], [ -97.668741000002484, 30.362258000002218 ], [ -97.666699000002481, 30.37289500000254 ], [ -97.660546000002327, 30.375275000002492 ], [ -97.648687000002596, 30.386914000002314 ], [ -97.644392000002497, 30.394747000002312 ], [ -97.638504000002442, 30.403749000002207 ], [ -97.635060000002582, 30.402031000002204 ], [ -97.620531000002359, 30.419254000002098 ], [ -97.607422000002202, 30.433513000002424 ], [ -97.576139000001916, 30.417006000002605 ], [ -97.54140500000284, 30.407476000002671 ], [ -97.517922000002201, 30.396824000002759 ], [ -97.477395000002403, 30.323526000002907 ], [ -97.526580000002397, 30.303666000002345 ], [ -97.55471600000196, 30.256867000002448 ], [ -97.554602000001879, 30.256088000002567 ], [ -97.486329000002726, 30.220528000002187 ], [ -97.491254000001959, 30.212110000002216 ], [ -97.491350000002384, 30.211930000002241 ], [ -97.52922800000276, 30.176525000002179 ], [ -97.567998000002419, 30.141458000002235 ], [ -97.570392000002798, 30.139212000002612 ], [ -97.639208000002483, 30.078290000002099 ], [ -97.649370000002165, 30.06794400000253 ], [ -97.708790000002594, 30.023451000002549 ], [ -97.712548000002016, 30.020613000002346 ], [ -97.74920100000196, 29.995930000002531 ], [ -97.796468000002847, 29.943601000002225 ], [ -97.807454000002167, 29.939342000002952 ], [ -97.81783900000184, 29.934427000002636 ], [ -97.849178000002723, 29.9160000000028 ], [ -97.857342000001964, 29.910428000002771 ], [ -97.894466000002183, 29.882609000002841 ], [ -97.875259000001876, 29.858208000002296 ], [ -97.971558000002446, 29.779417000002375 ], [ -97.99927100000204, 29.752444000002107 ], [ -98.001106000002437, 29.75105100000205 ], [ -98.05734200000262, 29.708700000002445 ], [ -98.058526000002416, 29.70773800000249 ], [ -98.090685000002281, 29.683325000002089 ], [ -98.090927000001983, 29.683245000002863 ], [ -98.110151000002276, 29.674737000002786 ], [ -98.119391000002423, 29.670699000002109 ], [ -98.143072000002817, 29.660760000002195 ], [ -98.184425000001994, 29.643610000002671 ], [ -98.188728000002726, 29.653196000002911 ], [ -98.125877000002617, 29.685347000002743 ], [ -98.139547000002594, 29.701666000002813 ], [ -98.128970000002795, 29.708170000002752 ], [ -98.113779000002395, 29.704297000002484 ], [ -98.110161000002321, 29.707380000002463 ], [ -98.101449000002447, 29.709830000002089 ], [ -98.088221000002719, 29.717957000002201 ], [ -98.015180000001962, 29.801485000002824 ] ] ] ] } },
{ "type": "Feature", "properties": { "enacted_district": 36, "population": 772256.0, "voting_age_pop": 581609.0, "dem_votes": 84368.0, "rep_votes": 166333.0, "minority_pop": 274781.0, "dem_pct": 0.33652837430384069, "rep_pct": 0.66347162529727777 }, "geometry": { "type": "Polygon", "coordinates": [ [ [ -95.186335000002714, 29.523352000002244 ], [ -95.197024000002756, 29.542045000002481 ], [ -95.216422000002126, 29.55608000000252 ], [ -95.21595200000246, 29.557787000002243 ], [ -95.218443000002679, 29.55922800000247 ], [ -95.253952000002556, 29.553943000002473 ], [ -95.252489000002541, 29.557980000002551 ], [ -95.258677000002038, 29.573286000002675 ], [ -95.260292000002522, 29.589883000002786 ], [ -95.250304000002075, 29.598332000002681 ], [ -95.246269000002044, 29.602004000002236 ], [ -95.238846000002354, 29.61048300000218 ], [ -95.218041000001847, 29.607003000002432 ], [ -95.216008000002617, 29.599273000002395 ], [ -95.207850000001983, 29.589610000002697 ], [ -95.190672000002579, 29.592075000002495 ], [ -95.197815000001924, 29.59888500000261 ], [ -95.19901000000246, 29.622931000002545 ], [ -95.198008000002361, 29.623000000002818 ], [ -95.198806000002122, 29.623880000002231 ], [ -95.211024000002624, 29.636981000002429 ], [ -95.209187000002402, 29.638363000002187 ], [ -95.211341000002278, 29.650890000002999 ], [ -95.208112000002004, 29.654629000002345 ], [ -95.208125000002724, 29.654962000002943 ], [ -95.202507000002115, 29.658784000002907 ], [ -95.192789000002676, 29.665008000002882 ], [ -95.193033000002345, 29.677747000002942 ], [ -95.176040000001819, 29.677122000002782 ], [ -95.172424000002806, 29.675003000002302 ], [ -95.17244100000228, 29.675867000002327 ], [ -95.172793000002002, 29.693472000002945 ], [ -95.172983000001963, 29.694668000002626 ], [ -95.171084000002807, 29.694914000002235 ], [ -95.171343000002764, 29.706455000002386 ], [ -95.171492000002701, 29.712572000002176 ], [ -95.172964000002565, 29.746931000002796 ], [ -95.170185000002434, 29.746822000002709 ], [ -95.168944000001957, 29.746898000002801 ], [ -95.165295000001876, 29.75034700000263 ], [ -95.190097000002766, 29.769325000002713 ], [ -95.162627000001805, 29.76937300000268 ], [ -95.150368000002544, 29.770837000002849 ], [ -95.148812000002337, 29.771675000002457 ], [ -95.143343000002005, 29.771165000002753 ], [ -95.123980000002319, 29.757269000002484 ], [ -95.124510000002203, 29.778196000002794 ], [ -95.079681000002338, 29.792419000002575 ], [ -95.060823000002486, 29.79251200000251 ], [ -95.045266000002641, 29.792634000002373 ], [ -95.020492000002122, 29.799981000002361 ], [ -95.004759000002153, 29.801149000002962 ], [ -94.997587000002483, 29.802279000002336 ], [ -95.002802000002319, 29.842386000002936 ], [ -95.035215000002736, 29.863460000002487 ], [ -95.061640000002143, 29.888726000002823 ], [ -95.03178700000278, 29.937789000003026 ], [ -94.985911000002361, 29.973012000003017 ], [ -95.026772000002566, 29.996739000002339 ], [ -95.048308000002564, 30.038206000002308 ], [ -95.056844000002357, 30.060980000002782 ], [ -95.072603000002516, 30.103054000002498 ], [ -95.096708000002394, 30.167214000003018 ], [ -95.105597000002518, 30.190642000002271 ], [ -95.13207400000276, 30.257776000002607 ], [ -95.137165000002113, 30.271268000002888 ], [ -95.15749300000256, 30.323473000003037 ], [ -95.165897000002715, 30.344976000002571 ], [ -95.110382000001863, 30.369139000002811 ], [ -95.061519000002633, 30.390582000002613 ], [ -95.060512000002447, 30.391015000003012 ], [ -95.048056000002404, 30.396863000002231 ], [ -94.942676000002564, 30.442352000002348 ], [ -94.849414000001801, 30.493553000002382 ], [ -94.847132000002361, 30.493367000002252 ], [ -94.783964000001944, 30.489478000002787 ], [ -94.743117000002513, 30.489881000002288 ], [ -94.732732000002116, 30.490066000002933 ], [ -94.645269000002642, 30.49051900000282 ], [ -94.537926000002017, 30.491059000002348 ], [ -94.54456700000182, 30.522088000002469 ], [ -94.545717000002639, 30.526977000002223 ], [ -94.576762000002503, 30.660785000002686 ], [ -94.589320000002516, 30.714044000002261 ], [ -94.598358000001994, 30.752155000002364 ], [ -94.611361000002361, 30.80990800000253 ], [ -94.615996000002767, 30.830061000002829 ], [ -94.616497000001914, 30.83221500000305 ], [ -94.656638000002303, 31.01266500000235 ], [ -94.561943000002444, 31.058952000002364 ], [ -94.516501000002194, 31.049804000002371 ], [ -94.457816000002282, 31.033325000002961 ], [ -94.283754000001835, 31.068716000002272 ], [ -94.171374000002061, 31.091073000002343 ], [ -94.129632000002275, 31.099280000002832 ], [ -94.050905000001919, 31.11460900000246 ], [ -94.039034000002033, 31.134271000002503 ], [ -94.022437000002355, 31.137298000002612 ], [ -93.938514000002201, 31.152990000002571 ], [ -93.911126000002142, 31.158071000002767 ], [ -93.802108000002207, 31.164424000002565 ], [ -93.734247000002696, 31.168281000003031 ], [ -93.680696000001802, 31.171517000002918 ], [ -93.60030800000176, 31.176158000003038 ], [ -93.548930000002585, 31.186601000002515 ], [ -93.539366000002076, 31.115207000002357 ], [ -93.563269000002322, 31.0935920000029 ], [ -93.528941000001865, 31.070108000002783 ], [ -93.524739000002384, 31.039007000002258 ], [ -93.558861000001755, 30.970861000002198 ], [ -93.529292000001846, 30.941748000002551 ], [ -93.552085000002407, 30.918119000002896 ], [ -93.564164000002194, 30.817541000002997 ], [ -93.59210100000216, 30.763675000002635 ], [ -93.614777000001737, 30.756064000002951 ], [ -93.618853000001963, 30.709786000002492 ], [ -93.631345000001943, 30.677872000002832 ], [ -93.667657000001839, 30.660506000002652 ], [ -93.683100000002327, 30.640763000002803 ], [ -93.678662000002205, 30.594097000002865 ], [ -93.727731000002038, 30.56658000000278 ], [ -93.726680000002005, 30.525211000002695 ], [ -93.706507000002745, 30.509910000002694 ], [ -93.711859000002775, 30.471327000002333 ], [ -93.698135000002239, 30.438880000002985 ], [ -93.75740900000234, 30.390813000003011 ], [ -93.76565500000244, 30.343409000002751 ], [ -93.708098000002437, 30.27026300000302 ], [ -93.706993000002242, 30.243736000003011 ], [ -93.790807000002204, 30.24367900000253 ], [ -93.84899000000182, 30.243247000002302 ], [ -93.901452000002465, 30.24267200000309 ], [ -93.922714000002074, 30.24257200000287 ], [ -93.989365000002337, 30.242152000002296 ], [ -94.021774000001983, 30.24209400000241 ], [ -94.117604000002402, 30.24166500000247 ], [ -94.115917000001957, 30.160347000002641 ], [ -94.095379000002239, 30.133411000002308 ], [ -94.088707000002486, 30.130978000002532 ], [ -94.079578000002755, 30.127111000002785 ], [ -94.073790000002646, 30.11378900000291 ], [ -94.091038000002001, 30.094736000002982 ], [ -94.093779000002499, 30.086612000003019 ], [ -94.10837700000252, 30.081062000002511 ], [ -94.115439000001956, 30.078980000002709 ], [ -94.115702000002742, 30.066052000002379 ], [ -94.115585000002525, 30.05983300000252 ], [ -94.115478000002113, 30.055861000002533 ], [ -94.129157000001882, 30.055728000002389 ], [ -94.135282000001922, 30.075134000003057 ], [ -94.15548100000224, 30.072410000002403 ], [ -94.143324000002806, 30.085384000002293 ], [ -94.149524000002003, 30.08634300000249 ], [ -94.149639000002296, 30.093302000002229 ], [ -94.155504000002523, 30.093131000002462 ], [ -94.1714380000018, 30.091376000002221 ], [ -94.188831000002324, 30.091227000002597 ], [ -94.189970000001765, 30.091217000002636 ], [ -94.189817000002265, 30.078413000002872 ], [ -94.208883000002274, 30.064692000003038 ], [ -94.1893460000028, 30.03844600000259 ], [ -94.189229000001959, 30.023807000002709 ], [ -94.196049000002759, 30.023761000002636 ], [ -94.222291000002684, 30.023651000002889 ], [ -94.203872000002036, 29.98280000000268 ], [ -94.25097900000236, 29.926074000002995 ], [ -94.26884400000236, 29.931644000002311 ], [ -94.306861000002556, 29.900661000002991 ], [ -94.357976000002637, 29.887464000002279 ], [ -94.356800000002238, 29.810769000002999 ], [ -94.353948000002163, 29.611497000002537 ], [ -94.388519000002717, 29.595696000002565 ], [ -94.42286800000204, 29.566256000002319 ], [ -94.498177000002244, 29.544822000002942 ], [ -94.5459080000022, 29.572503000002826 ], [ -94.597389000002025, 29.562075000002945 ], [ -94.705198000001943, 29.538231000002384 ], [ -94.762569000002159, 29.52416200000285 ], [ -94.806244000002422, 29.54244700000234 ], [ -94.833380000001782, 29.516906000002617 ], [ -94.878775000002022, 29.513471000003086 ], [ -94.909707000002058, 29.497044000002724 ], [ -94.962128000002238, 29.507341000002636 ], [ -95.001760000002804, 29.525383000002815 ], [ -95.018205000002041, 29.554597000002349 ], [ -95.023718000002035, 29.548911000002896 ], [ -95.035538000002674, 29.552991000002734 ], [ -95.045077000002806, 29.555614000002493 ], [ -95.069201000002337, 29.556797000002696 ], [ -95.094764000002044, 29.535640000002996 ], [ -95.096176000002458, 29.535092000002795 ], [ -95.10247300000276, 29.521434000002738 ], [ -95.102664000002363, 29.52130100000219 ], [ -95.117139000002481, 29.508031000002273 ], [ -95.160724000001878, 29.497490000002323 ], [ -95.169056000002541, 29.51336900000226 ], [ -95.186335000002714, 29.523352000002244 ] ] ] } },
{ "type": "Feature", "properties": { "enacted_district": 37, "population": 767613.0, "voting_age_pop": 623234.0, "dem_votes": 248214.0, "rep_votes": 80408.0, "minority_pop": 278481.0, "dem_pct": 0.75531765957382113, "rep_pct": 0.24468234012187792 }, "geometry": { "type": "Polygon", "coordinates": [ [ [ -97.908514000002086, 30.167082000002541 ], [ -97.916072000001904, 30.172526000002119 ], [ -97.928808000002206, 30.181703000002361 ], [ -97.893966000002706, 30.219190000002719 ], [ -97.888305000002859, 30.229195000002679 ], [ -97.909814000002157, 30.234951000002223 ], [ -97.886686000002399, 30.249975000002159 ], [ -97.860328000002482, 30.235349000002643 ], [ -97.852992000002601, 30.249644000002561 ], [ -97.831946000002276, 30.236998000002316 ], [ -97.82461400000264, 30.235281000002416 ], [ -97.810672000002782, 30.242774000002218 ], [ -97.83677200000264, 30.275138000002308 ], [ -97.8445110000021, 30.274065000002256 ], [ -97.84817700000184, 30.286905000002587 ], [ -97.882416000001996, 30.286588000002549 ], [ -97.908403000002522, 30.306199000002632 ], [ -97.908825000002821, 30.309703000002909 ], [ -97.911046000002401, 30.330364000002938 ], [ -97.883943000002034, 30.343435000002938 ], [ -97.87359500000224, 30.346654000002736 ], [ -97.863153000002114, 30.353668000002795 ], [ -97.82459800000214, 30.330115000002746 ], [ -97.812849000002458, 30.32514600000243 ], [ -97.809717000002621, 30.31291900000253 ], [ -97.790282000002506, 30.297587000002256 ], [ -97.785587000002621, 30.294253000002943 ], [ -97.781326000002295, 30.303437000002571 ], [ -97.775884000002762, 30.313606000002348 ], [ -97.780923000002176, 30.332248000002785 ], [ -97.796738000002605, 30.349949000002638 ], [ -97.796826000002, 30.349986000002243 ], [ -97.790076000002657, 30.365876000002771 ], [ -97.844422000002155, 30.393782000002645 ], [ -97.845468000002043, 30.394537000002227 ], [ -97.847657000002499, 30.39596000000223 ], [ -97.871596000002754, 30.369561000002381 ], [ -97.914383000002275, 30.380965000002838 ], [ -97.909349000001995, 30.391076000002251 ], [ -97.907495000002385, 30.413983000002226 ], [ -97.872491000002, 30.426205000002273 ], [ -97.849855000002762, 30.440133000002486 ], [ -97.843417000002404, 30.426534000002519 ], [ -97.835906000002353, 30.43998500000237 ], [ -97.826234000002117, 30.455011000002717 ], [ -97.825723000002, 30.455605000002819 ], [ -97.817680000002525, 30.461674000002105 ], [ -97.816074000001819, 30.462222000002903 ], [ -97.815067000001847, 30.474669000002901 ], [ -97.804115000002724, 30.486406000002741 ], [ -97.773923000002, 30.49435800000218 ], [ -97.746590000002541, 30.505134000002503 ], [ -97.74986400000266, 30.480985000002903 ], [ -97.761055000002443, 30.477508000002103 ], [ -97.738263000001993, 30.476076000002575 ], [ -97.721149000002242, 30.455835000002235 ], [ -97.694592000002203, 30.461501000002716 ], [ -97.695504000002842, 30.449813000002798 ], [ -97.688006000002318, 30.446451000002103 ], [ -97.680454000002797, 30.454179000002519 ], [ -97.674972000002484, 30.435953000002925 ], [ -97.669175000002554, 30.434808000002377 ], [ -97.666185000001875, 30.441134000002535 ], [ -97.637695000001841, 30.435315000002888 ], [ -97.627272000001938, 30.423611000002133 ], [ -97.620531000002359, 30.419254000002098 ], [ -97.635060000002582, 30.402031000002204 ], [ -97.638504000002442, 30.403749000002207 ], [ -97.644392000002497, 30.394747000002312 ], [ -97.648687000002596, 30.386914000002314 ], [ -97.660546000002327, 30.375275000002492 ], [ -97.666699000002481, 30.37289500000254 ], [ -97.668741000002484, 30.362258000002218 ], [ -97.673673000002239, 30.354602000002561 ], [ -97.676005000001936, 30.350839000002718 ], [ -97.665877000002141, 30.327694000002328 ], [ -97.67322800000224, 30.325720000002093 ], [ -97.672429000002396, 30.325104000002749 ], [ -97.679621000002697, 30.319455000002485 ], [ -97.670766000002715, 30.308532000002497 ], [ -97.678550000001877, 30.307787000002861 ], [ -97.689289000002475, 30.291566000002614 ], [ -97.707376000002355, 30.289193000002761 ], [ -97.70648000000196, 30.286240000002568 ], [ -97.722163000002681, 30.283813000002372 ], [ -97.727401000002644, 30.283078000002508 ], [ -97.730048000002554, 30.278506000002395 ], [ -97.734037000002402, 30.267646000002067 ], [ -97.734372000002523, 30.266732000002428 ], [ -97.736553000002473, 30.26120700000282 ], [ -97.735994000002194, 30.250611000002824 ], [ -97.735932000002222, 30.250322000002292 ], [ -97.73541200000264, 30.247888000002217 ], [ -97.73702300000194, 30.240880000002218 ], [ -97.74127300000184, 30.233771000002864 ], [ -97.747455000002802, 30.223299000002939 ], [ -97.751287000001838, 30.216572000002433 ], [ -97.751925000002757, 30.215613000002108 ], [ -97.761649000001924, 30.201682000002368 ], [ -97.765028000002758, 30.19752700000263 ], [ -97.770518000002113, 30.190537000002202 ], [ -97.770372000001998, 30.190462000002615 ], [ -97.777803000002237, 30.179353000002841 ], [ -97.785859000001921, 30.167106000002622 ], [ -97.786254000002117, 30.166975000002815 ], [ -97.791793000002045, 30.152745000002508 ], [ -97.796142000002845, 30.140204000002718 ], [ -97.813515000002084, 30.09884200000258 ], [ -97.813942000002314, 30.099150000002108 ], [ -97.857855000002473, 30.13064100000285 ], [ -97.904655000002435, 30.164297000002449 ], [ -97.908514000002086, 30.167082000002541 ] ] ] } },
{ "type": "Feature", "properties": { "enacted_district": 38, "population": 768755.0, "voting_age_pop": 578928.0, "dem_votes": 111894.0, "rep_votes": 183183.0, "minority_pop": 271286.0, "dem_pct": 0.37920271645055265, "rep_pct": 0.62079728321055272 }, "geometry": { "type": "Polygon", "coordinates": [ [ [ -95.625259000002444, 29.754909000002776 ], [ -95.646581000002513, 29.755587000002219 ], [ -95.653982000001847, 29.735466000002418 ], [ -95.688349000002205, 29.710862000002987 ], [ -95.711153000001957, 29.723524000002907 ], [ -95.730396000002713, 29.734296000002463 ], [ -95.729394000002301, 29.746154000002431 ], [ -95.717715000002485, 29.759503000002557 ], [ -95.722186000002154, 29.770235000002284 ], [ -95.735507000002514, 29.770450000002931 ], [ -95.735749000002315, 29.785168000002681 ], [ -95.718930000002359, 29.784913000002465 ], [ -95.688348000001881, 29.784762000002608 ], [ -95.677506000002694, 29.78486000000235 ], [ -95.644787000001998, 29.784642000002368 ], [ -95.645544000002801, 29.824620000003033 ], [ -95.645626000002125, 29.835991000003023 ], [ -95.645397000002674, 29.852167000002193 ], [ -95.632762000001961, 29.857078000002701 ], [ -95.630176000002038, 29.856034000002307 ], [ -95.621399000002398, 29.851418000002599 ], [ -95.633023000002567, 29.879316000003001 ], [ -95.645313000002446, 29.879209000002888 ], [ -95.654546000002441, 29.879097000003025 ], [ -95.6534530000026, 29.887833000002757 ], [ -95.653451000002406, 29.896043000002372 ], [ -95.653688000002603, 29.899791000002178 ], [ -95.649491000002442, 29.907914000002339 ], [ -95.63072100000204, 29.907530000002762 ], [ -95.619799000002004, 29.914896000002958 ], [ -95.628727000002158, 29.921177000002899 ], [ -95.649897000002497, 29.936686000002624 ], [ -95.662805000001995, 29.945583000002639 ], [ -95.673375000002437, 29.953277000002792 ], [ -95.678265000002241, 29.956519000002736 ], [ -95.687716000002482, 29.963050000002927 ], [ -95.687881000002506, 29.962896000002171 ], [ -95.701089000002327, 29.971574000002171 ], [ -95.717935000002242, 29.942457000002193 ], [ -95.769583000002285, 29.949199000002228 ], [ -95.768067000001864, 29.998071000002614 ], [ -95.781955000002256, 30.003302000003028 ], [ -95.781960000002798, 30.004329000002905 ], [ -95.774697000002078, 30.034611000002503 ], [ -95.755185000001916, 30.092148000002339 ], [ -95.735094000002078, 30.093721000002738 ], [ -95.702114000002425, 30.09904100000233 ], [ -95.647469000001905, 30.118107000003022 ], [ -95.645694000002564, 30.119181000002801 ], [ -95.619629000002121, 30.135493000002217 ], [ -95.596757000002597, 30.134460000002811 ], [ -95.574630000002045, 30.15178300000272 ], [ -95.574635000001834, 30.131208000002527 ], [ -95.574222000002607, 30.129922000002654 ], [ -95.553448000002604, 30.136600000002822 ], [ -95.527043000002763, 30.136900000002605 ], [ -95.504850000002335, 30.140197000002999 ], [ -95.505938000002317, 30.127145000002777 ], [ -95.506738000001903, 30.114431000002753 ], [ -95.506794000002643, 30.101321000002596 ], [ -95.504117000001898, 30.094313000002472 ], [ -95.496708000002798, 30.083466000002947 ], [ -95.496824000002761, 30.074050000002515 ], [ -95.476493000002435, 30.070602000002417 ], [ -95.476185000002204, 30.047224000002949 ], [ -95.488562000002617, 30.040386000002176 ], [ -95.492773000002643, 30.050459000002583 ], [ -95.498335000002314, 30.047357000002215 ], [ -95.507153000002106, 30.03016400000266 ], [ -95.520923000002284, 30.026942000002439 ], [ -95.526232000002395, 30.023109000002361 ], [ -95.52364300000184, 30.020927000002537 ], [ -95.512028000002161, 30.00669500000285 ], [ -95.498342000002594, 29.987865000002731 ], [ -95.502560000001935, 29.985586000002343 ], [ -95.505188000002178, 29.984064000002196 ], [ -95.513134000002083, 29.979740000002369 ], [ -95.529175000002439, 29.970896000002227 ], [ -95.5384620000018, 29.966158000002689 ], [ -95.547051000002796, 29.961212000002725 ], [ -95.563949000001884, 29.96693000000246 ], [ -95.580212000002405, 29.967095000002661 ], [ -95.579735000001918, 29.96133900000277 ], [ -95.553625000002, 29.955522000002254 ], [ -95.564036000002034, 29.946245000002506 ], [ -95.573031000002757, 29.94006500000221 ], [ -95.584796000002839, 29.932988000002791 ], [ -95.584715000002447, 29.924620000002623 ], [ -95.567386000001818, 29.927549000002372 ], [ -95.571242000002258, 29.91711600000281 ], [ -95.555876000002755, 29.917584000002716 ], [ -95.521719000002477, 29.936675000002857 ], [ -95.5153500000024, 29.92537000000252 ], [ -95.524923000002119, 29.897962000002831 ], [ -95.524699000002798, 29.877072000003032 ], [ -95.524536000002684, 29.865554000002529 ], [ -95.524358000002678, 29.859433000002884 ], [ -95.53732000000204, 29.865272000002768 ], [ -95.552456000001953, 29.86755100000298 ], [ -95.555134000001942, 29.867345000002217 ], [ -95.574733000001842, 29.867191000002581 ], [ -95.570243000001781, 29.850298000002528 ], [ -95.569953000002542, 29.831804000002961 ], [ -95.55032100000264, 29.83216000000245 ], [ -95.545321000002616, 29.832239000002559 ], [ -95.531564000002106, 29.832426000002293 ], [ -95.53424100000214, 29.821857000002151 ], [ -95.527909000001841, 29.817879000002552 ], [ -95.526250000001923, 29.818524000002743 ], [ -95.516407000002033, 29.806672000003008 ], [ -95.516398000002596, 29.803515000002509 ], [ -95.500892000002764, 29.803016000003012 ], [ -95.500862000002058, 29.808192000002929 ], [ -95.488860000002262, 29.802884000002511 ], [ -95.484865000002756, 29.798138000002972 ], [ -95.480771000001994, 29.802825000002674 ], [ -95.474351000002443, 29.794511000002174 ], [ -95.474216000002315, 29.78405800000273 ], [ -95.453868000002259, 29.780937000002787 ], [ -95.454001000002478, 29.780752000002888 ], [ -95.436753000002184, 29.783643000002488 ], [ -95.422151000002074, 29.771057000002958 ], [ -95.409480000002361, 29.765332000002356 ], [ -95.408625000002701, 29.760522000002481 ], [ -95.408835000002441, 29.760614000002978 ], [ -95.410667000002206, 29.74907500000301 ], [ -95.41067700000238, 29.748128000002616 ], [ -95.410729000002419, 29.742581000003 ], [ -95.430029000002435, 29.74206800000302 ], [ -95.433092000002034, 29.741815000002234 ], [ -95.441663000002407, 29.741730000003063 ], [ -95.448159000001922, 29.741630000002338 ], [ -95.4479250000024, 29.730046000002503 ], [ -95.460435000002121, 29.728953000002363 ], [ -95.458307000002122, 29.74094300000236 ], [ -95.455652000002445, 29.754163000002581 ], [ -95.461299000002342, 29.750335000002185 ], [ -95.467231000002727, 29.750283000002874 ], [ -95.474213000002322, 29.737925000002736 ], [ -95.4842850000027, 29.737718000002467 ], [ -95.500905000001779, 29.737538000002733 ], [ -95.501103000002715, 29.750481000002779 ], [ -95.501109000001918, 29.752886000002785 ], [ -95.504664000002478, 29.752643000002855 ], [ -95.523401000002337, 29.746908000003053 ], [ -95.525706000002046, 29.74818800000223 ], [ -95.531393000002353, 29.747210000002511 ], [ -95.538871000001834, 29.73711700000278 ], [ -95.548376000001923, 29.736979000002854 ], [ -95.557717000001887, 29.736857000002225 ], [ -95.557750000002713, 29.74006600000266 ], [ -95.558336000002456, 29.762215000002843 ], [ -95.567987000002816, 29.761934000002174 ], [ -95.575088000002282, 29.765281000002258 ], [ -95.576012000002393, 29.765861000002296 ], [ -95.585102000002479, 29.765525000002299 ], [ -95.589368000001784, 29.759918000002525 ], [ -95.586601000002801, 29.747445000002308 ], [ -95.588566000002075, 29.743604000002975 ], [ -95.596704000002404, 29.74497400000266 ], [ -95.606052000002464, 29.746222000002472 ], [ -95.606107000002581, 29.753921000002389 ], [ -95.606191000002724, 29.761887000003007 ], [ -95.620237000002504, 29.770732000002905 ], [ -95.621326000002483, 29.771377000002289 ], [ -95.625259000002444, 29.754909000002776 ] ] ] } }
]
}
