{
"type": "FeatureCollection",
"name": "washington_optimized_districts_all",
"crs": { "type": "name", "properties": { "name": "urn:ogc:def:crs:OGC:1.3:CRS84" } },
"features": [
{ "type": "Feature", "properties": { "opt_all": 1, "population": 772129.0, "voting_age_pop": 597340.0, "dem_votes": 187664.0, "rep_votes": 158952.0, "minority_pop": 190332.0, "dem_pct": 0.54141759164567771, "rep_pct": 0.45858240806581851 }, "geometry": { "type": "Polygon", "coordinates": [ [ [ -122.361617000001047, 47.777777000000818 ], [ -122.366685000000757, 47.777743000000655 ], [ -122.37208400000172, 47.777801000000522 ], [ -122.377334000000758, 47.777848000001086 ], [ -122.377522000000525, 47.777850000001138 ], [ -122.382879000000756, 47.777872000001182 ], [ -122.388204000001195, 47.777910000000517 ], [ -122.393172000001485, 47.777929000001059 ], [ -122.398825000000556, 47.777938000000468 ], [ -122.438093000000777, 47.777814000000753 ], [ -122.440605000001725, 47.803127000000671 ], [ -122.396987000000721, 47.803240000000933 ], [ -122.39697000000136, 47.803308000000406 ], [ -122.390015000000957, 47.812243000000386 ], [ -122.384144000001641, 47.817618000000593 ], [ -122.368854000000965, 47.831890000000328 ], [ -122.356465000001265, 47.843092000001072 ], [ -122.347630000001161, 47.846574000000601 ], [ -122.342312000000646, 47.850152000001131 ], [ -122.339237000001717, 47.858241000000547 ], [ -122.398047000001355, 47.861617000000855 ], [ -122.393580000001236, 47.864666000000959 ], [ -122.3700680000006, 47.881410000001175 ], [ -122.333465000001354, 47.933007000000757 ], [ -122.3286920000008, 47.961903000001023 ], [ -122.332977000000795, 47.978802000001146 ], [ -122.346898000001275, 48.029378000000733 ], [ -122.407425000000643, 48.058858000000733 ], [ -122.439553000001538, 48.079354000000691 ], [ -122.454780000001335, 48.089068000000871 ], [ -122.52415900000112, 48.125474000000736 ], [ -122.532253000001717, 48.137098000000506 ], [ -122.565758000001225, 48.180293000000425 ], [ -122.576566000001193, 48.193464000001008 ], [ -122.578865000000462, 48.197610000001092 ], [ -122.590467000001695, 48.224964000000568 ], [ -122.593931000000836, 48.236711000000959 ], [ -122.504166000000836, 48.26274000000101 ], [ -122.490279000000925, 48.268263000000466 ], [ -122.425087000001284, 48.27525900000095 ], [ -122.458596000001322, 48.297703000000439 ], [ -122.404433000000523, 48.297759000000589 ], [ -122.35320500000168, 48.297572000000834 ], [ -122.335367000001327, 48.297517000000653 ], [ -122.30398600000072, 48.297575000001032 ], [ -122.270230000000566, 48.297549000000679 ], [ -122.203912000001566, 48.297619000000985 ], [ -122.201274000000595, 48.297634000000564 ], [ -122.13901200000106, 48.29781500000032 ], [ -122.03183500000172, 48.297640000000456 ], [ -121.996069000000915, 48.297499000000755 ], [ -121.966650000000556, 48.297434000000855 ], [ -121.857972000000956, 48.297479000000898 ], [ -121.6364190000006, 48.298473000000548 ], [ -121.577577000001554, 48.298966000000803 ], [ -121.444964000001562, 48.296038000000529 ], [ -121.001658000000958, 48.296009000000474 ], [ -120.999917000000721, 48.262942000000429 ], [ -120.963731000001005, 48.210708000000707 ], [ -120.90742500000168, 48.163184000000584 ], [ -120.965619000001695, 48.140333000000638 ], [ -120.952628000001894, 48.117223000000784 ], [ -121.015942000001687, 48.074795000000648 ], [ -121.115976000001822, 48.057963000001024 ], [ -121.148621000000759, 48.033414000000725 ], [ -121.118183000001878, 47.997103000000763 ], [ -121.147141000001056, 47.981477000000531 ], [ -121.180776000001245, 47.89876900000047 ], [ -121.134343000001323, 47.843044000000781 ], [ -121.070685000001816, 47.826616000000406 ], [ -121.119179000000841, 47.779933000000909 ], [ -121.455535000001404, 47.780576000000622 ], [ -121.584460000000803, 47.777055000000374 ], [ -121.584541000001181, 47.777054000000533 ], [ -121.666727000001842, 47.77721400000091 ], [ -121.849605000001475, 47.776946000000962 ], [ -121.861939000001101, 47.777305000001135 ], [ -121.884438000001623, 47.777217000000853 ], [ -121.9278210000016, 47.77696200000068 ], [ -122.000346000001841, 47.775390000001046 ], [ -122.000365000001182, 47.775392000000338 ], [ -122.018293000001762, 47.775531000000683 ], [ -122.023486000001554, 47.775584000000677 ], [ -122.033973000000714, 47.775680000000307 ], [ -122.054104000001601, 47.775685000000834 ], [ -122.055067000001273, 47.775683000000889 ], [ -122.065750000000762, 47.775855000000931 ], [ -122.07464700000132, 47.775976000000732 ], [ -122.099514000000994, 47.775872000001179 ], [ -122.112945000001716, 47.775949000000544 ], [ -122.131834000001035, 47.776046000000321 ], [ -122.153842000000495, 47.776196000000603 ], [ -122.154157000001462, 47.776196000000624 ], [ -122.164090000001124, 47.776220000001182 ], [ -122.166746000001595, 47.776249000000561 ], [ -122.169443000001422, 47.77625900000038 ], [ -122.172482000000883, 47.779934000000523 ], [ -122.186361000001554, 47.787439000000667 ], [ -122.18645900000152, 47.795203000000882 ], [ -122.186336000000566, 47.7983080000012 ], [ -122.186139000000679, 47.805501000000717 ], [ -122.186118000001684, 47.805502000001162 ], [ -122.186114000001396, 47.814045000000988 ], [ -122.192234000000695, 47.81293100000115 ], [ -122.196838000001719, 47.811985000000867 ], [ -122.207689000000585, 47.809412000000762 ], [ -122.207491000000999, 47.816668000001151 ], [ -122.207469000001765, 47.820258000000969 ], [ -122.212498000000778, 47.82024700000035 ], [ -122.221175000000727, 47.823583000000575 ], [ -122.227642000001126, 47.826473000000789 ], [ -122.227588000000765, 47.829136000000332 ], [ -122.237813000000898, 47.828843000000894 ], [ -122.238505000000714, 47.824162000000726 ], [ -122.253355000000553, 47.825891000000723 ], [ -122.253891000000635, 47.825691000001186 ], [ -122.249031000001395, 47.822953000000794 ], [ -122.254226000000955, 47.808314000000372 ], [ -122.253265000000525, 47.802694000000308 ], [ -122.256025000000776, 47.792404000000673 ], [ -122.260238000000555, 47.797821000000773 ], [ -122.261220000001117, 47.806288000001139 ], [ -122.279160000001639, 47.806385000000667 ], [ -122.286984000001127, 47.806394000001177 ], [ -122.286981000001404, 47.806540000001064 ], [ -122.292308000000673, 47.808240000001028 ], [ -122.295059000001658, 47.806456000000892 ], [ -122.297793000000638, 47.806490000001176 ], [ -122.303211000000957, 47.806537000001143 ], [ -122.300489000001562, 47.817449000001105 ], [ -122.308672000001181, 47.817489000000855 ], [ -122.318310000001816, 47.817586000000581 ], [ -122.321378000001204, 47.81403200000063 ], [ -122.324043000000543, 47.81045900000089 ], [ -122.325590000001284, 47.808315000001087 ], [ -122.329265000000717, 47.803213000000973 ], [ -122.329873000001442, 47.802373000000649 ], [ -122.330454000000714, 47.794132000000729 ], [ -122.332820000000737, 47.792335000000918 ], [ -122.327229000001196, 47.777657000000744 ], [ -122.329939000000493, 47.77762000000115 ], [ -122.338519000000858, 47.777785000001067 ], [ -122.346155000000678, 47.777794000000341 ], [ -122.351490000000837, 47.777781000000729 ], [ -122.3559500000014, 47.777766000001137 ], [ -122.361326000001341, 47.777764000000765 ], [ -122.361617000001047, 47.777777000000818 ] ] ] } },
{ "type": "Feature", "properties": { "opt_all": 2, "population": 771664.0, "voting_age_pop": 619512.0, "dem_votes": 202271.0, "rep_votes": 185442.0, "minority_pop": 143939.0, "dem_pct": 0.52170290897604599, "rep_pct": 0.47829709076603127 }, "geometry": { "type": "Polygon", "coordinates": [ [ [ -123.632640000000919, 47.51771600000113 ], [ -123.695945000000918, 47.517716000000675 ], [ -124.046740000001478, 47.5185250000008 ], [ -124.046504000001406, 47.533670000000562 ], [ -124.179278000001176, 47.533611000000263 ], [ -124.429553000001306, 47.532949000000578 ], [ -124.461402000000319, 47.624960000000677 ], [ -124.539586000001222, 47.632954000000495 ], [ -124.564288000000644, 47.658469000000942 ], [ -124.551082000001244, 47.724001000000449 ], [ -124.641839000000402, 47.819424000000986 ], [ -124.697066000001314, 47.848529000000845 ], [ -124.71501600000056, 47.879859000000728 ], [ -124.753795000000565, 47.910523000000403 ], [ -124.758436000000842, 47.944121000001047 ], [ -124.791177301965419, 47.961710422171869 ], [ -124.801170322422081, 48.037814424443937 ], [ -124.785187000001073, 48.087115000000701 ], [ -124.848552363719847, 48.174010425123846 ], [ -124.827696370643537, 48.213835429225426 ], [ -124.780504000001073, 48.228580000000463 ], [ -124.786406000000824, 48.272291000000699 ], [ -124.761387000001079, 48.295688000000638 ], [ -124.817008412698087, 48.38548043791782 ], [ -124.80774741952024, 48.417559440359511 ], [ -124.746194000000926, 48.445448000000269 ], [ -124.772085000001354, 48.486117000001073 ], [ -124.74974000000104, 48.49978300000074 ], [ -124.433469000000514, 48.413338000000415 ], [ -124.045647000000926, 48.306054000001026 ], [ -124.012056000001238, 48.296671000000785 ], [ -123.656639000000979, 48.237496000000938 ], [ -123.568139000001693, 48.227580000000643 ], [ -123.467776000001535, 48.239553000000349 ], [ -123.385658000001555, 48.25625600000069 ], [ -123.318134000000555, 48.269939000001031 ], [ -123.285728000000674, 48.276495000000637 ], [ -123.247919000001033, 48.284558000000381 ], [ -123.115138000001622, 48.422830000000921 ], [ -123.159874000001082, 48.453507000000961 ], [ -123.188045000001438, 48.498970000000547 ], [ -123.229306000001003, 48.579566000000938 ], [ -123.267877000001363, 48.693993000001058 ], [ -123.126008000001633, 48.734075000000317 ], [ -123.008486000000715, 48.767099000000883 ], [ -123.008485000000661, 48.831219000000672 ], [ -123.322240000001557, 49.002072000001057 ], [ -122.921866000000847, 49.002165000000687 ], [ -122.778393000000506, 49.00210900000112 ], [ -122.743988000000357, 49.00209100000091 ], [ -122.73846600000148, 49.002093000000762 ], [ -122.736201000001699, 49.002093000000912 ], [ -122.655761000001107, 49.002139000000497 ], [ -122.605578000001202, 49.002166000000344 ], [ -122.529162000000724, 49.002236000000373 ], [ -122.484994000001564, 49.002270000000365 ], [ -122.407799000000779, 49.00231600000081 ], [ -122.291144000001239, 49.002391000000834 ], [ -122.251175000001155, 49.002420000000257 ], [ -122.150553000001523, 49.002424000001099 ], [ -122.083801000000918, 49.002225000000514 ], [ -121.949461000001079, 49.000304000000625 ], [ -121.759572000000702, 48.997299000000467 ], [ -121.334846000001079, 49.000916000000856 ], [ -120.851528000001039, 49.000301000000327 ], [ -120.277785000000605, 49.000255000001111 ], [ -120.035510000001139, 48.999448000000989 ], [ -119.919259000001261, 48.999741000000661 ], [ -119.516889000000873, 49.000101000000974 ], [ -119.461750000001899, 49.000089000000514 ], [ -119.442095000001274, 49.000090000000995 ], [ -119.342157000001606, 49.00008700000042 ], [ -119.098178000001397, 49.000092000001047 ], [ -118.902776000000657, 49.00009700000048 ], [ -118.836614000001717, 49.00008300000129 ], [ -118.770241000001661, 49.000081000000641 ], [ -118.370421000001443, 49.000071000000638 ], [ -118.1973750000015, 49.000068000001228 ], [ -118.221669000001157, 48.937098000001306 ], [ -118.201170000001824, 48.914818000000643 ], [ -118.210055000001645, 48.872241000000898 ], [ -118.159218000001005, 48.798769000000512 ], [ -118.129374000001221, 48.755069000000653 ], [ -118.111806000001394, 48.674039000000711 ], [ -118.104903000001244, 48.653092000000818 ], [ -118.107645000001526, 48.640497000000522 ], [ -118.116336000000857, 48.63407500000104 ], [ -118.138608000001113, 48.561197000000867 ], [ -118.139926000000884, 48.531434000000772 ], [ -118.180081000001763, 48.510898000000545 ], [ -118.189206000000922, 48.481597000001287 ], [ -118.206507000001878, 48.4702960000009 ], [ -118.192858000001365, 48.39502300000072 ], [ -118.175602000001874, 48.319492000001063 ], [ -118.148458000000758, 48.278010000000606 ], [ -118.149313000002024, 48.243425000000478 ], [ -118.19450000000154, 48.212889000001233 ], [ -118.191298000001922, 48.159888000001317 ], [ -118.248606000001402, 48.134255000000486 ], [ -118.233498000001816, 48.063485000000824 ], [ -118.275476000001419, 48.040567000000834 ], [ -118.358905000001684, 48.049427000000911 ], [ -118.400807000000896, 48.028682000000465 ], [ -118.348740000001726, 47.971782000000871 ], [ -118.356089000001234, 47.929317000000552 ], [ -118.340938000001714, 47.89431600000119 ], [ -118.370069000001436, 47.832495000000606 ], [ -118.38043900000136, 47.831061000001135 ], [ -118.456165000001761, 47.854474000001183 ], [ -118.465791000001005, 47.8821750000007 ], [ -118.484199000001638, 47.876295000000681 ], [ -118.544090000001262, 47.883973000000715 ], [ -118.533498000001558, 47.914877000000622 ], [ -118.570396000001438, 47.932318000001104 ], [ -118.654605000000913, 47.930109000000591 ], [ -118.707625000001642, 47.933579000000563 ], [ -118.745376000001784, 47.90322200000071 ], [ -118.811877000001644, 47.920285000001201 ], [ -118.851960000001242, 47.957906000001167 ], [ -118.973504000001896, 47.943414000000715 ], [ -118.982234000001085, 47.962025000001113 ], [ -118.984014000000954, 47.962046000000562 ], [ -118.989360000001881, 47.962111000001187 ], [ -118.990796000000941, 47.962130000000641 ], [ -119.103873000001897, 47.961763000001113 ], [ -119.125904000001754, 47.917301000000514 ], [ -119.190552000001517, 47.902465000000667 ], [ -119.212225000001879, 47.887708000000544 ], [ -119.212410000001483, 47.800695000000694 ], [ -119.277238000001475, 47.728238000000474 ], [ -119.298843000001725, 47.67040300000118 ], [ -119.341523000001246, 47.625307000000873 ], [ -119.341617000000838, 47.621423000001272 ], [ -119.405196000001922, 47.612636000001096 ], [ -119.490098000001566, 47.556541000000692 ], [ -119.511691000001676, 47.527633000001288 ], [ -119.532889000000836, 47.527756000000913 ], [ -119.533618000000956, 47.441205000001055 ], [ -119.74728700000172, 47.439312000000697 ], [ -119.747392000000687, 47.439310000001086 ], [ -119.875760000001122, 47.437492000000667 ], [ -119.875822000001364, 47.408305000001199 ], [ -119.91874600000132, 47.393449000001091 ], [ -119.918915000001817, 47.36447500000051 ], [ -119.983125000000996, 47.320428000000746 ], [ -120.004704000001695, 47.319994000000477 ], [ -120.004783000001567, 47.230602000000438 ], [ -120.007074000001126, 47.22013300000129 ], [ -120.000773000001644, 47.131201000001298 ], [ -120.042866000000743, 47.073453000001173 ], [ -120.016897000000981, 47.043523000001258 ], [ -120.002449000001718, 47.000706000000775 ], [ -119.986070000001277, 46.970988000000666 ], [ -119.966129000001658, 46.943757000000801 ], [ -119.964943000000957, 46.858804000000525 ], [ -119.927537000001237, 46.817092000000962 ], [ -119.928612000000882, 46.796323000000662 ], [ -119.9730360000014, 46.737126000000877 ], [ -119.979106000001366, 46.737059000001203 ], [ -120.022602000001285, 46.737431000000505 ], [ -120.128494000001936, 46.736192000001203 ], [ -120.128981000001247, 46.620946000001041 ], [ -120.382964000001365, 46.620603000000699 ], [ -120.415778000000856, 46.649643000000673 ], [ -120.416088000001082, 46.606303000000878 ], [ -120.42493500000154, 46.606352000000577 ], [ -120.445890000000702, 46.611020000000991 ], [ -120.466856000001044, 46.619726000001172 ], [ -120.456466000001257, 46.606495000001019 ], [ -120.488462000000965, 46.61588400000123 ], [ -120.509272000001275, 46.630134000001227 ], [ -120.479474000001417, 46.635728000001258 ], [ -120.491318000000717, 46.679497000000772 ], [ -120.490454000000753, 46.684525000000505 ], [ -120.448943000001876, 46.737576000000601 ], [ -120.450449000001683, 46.737593000000864 ], [ -120.510000000000957, 46.737946000000626 ], [ -120.508605000001396, 46.8248620000005 ], [ -120.530184000001526, 46.825145000000767 ], [ -120.554322000001022, 46.82549700000046 ], [ -120.625149000001556, 46.82579100000072 ], [ -120.634562000001765, 46.912130000001298 ], [ -120.915696000000807, 46.911334000001119 ], [ -121.026620000001415, 46.911308000000737 ], [ -121.090054000001516, 46.991007000000941 ], [ -121.120822000001482, 46.998209000001253 ], [ -121.178853000001524, 47.041627000001206 ], [ -121.26738500000188, 47.084287000000572 ], [ -121.311259000000874, 47.076915000001115 ], [ -121.379682000000955, 47.087495000000658 ], [ -121.408081000000962, 47.11810000000068 ], [ -121.364677000000682, 47.141759000001187 ], [ -121.315534000001165, 47.133844000000558 ], [ -121.317600000001036, 47.212131000001271 ], [ -121.365066000000922, 47.224384000000896 ], [ -121.338627000001324, 47.276297000000589 ], [ -121.43283700000076, 47.294170000000726 ], [ -121.444655000001035, 47.343761000001017 ], [ -121.464234000000886, 47.354416000000846 ], [ -121.427194000000924, 47.394874000000371 ], [ -121.410878000000679, 47.424539000000657 ], [ -121.338773000001126, 47.476032000001105 ], [ -121.303135000001078, 47.486023000000465 ], [ -121.283693000001634, 47.51875700000047 ], [ -121.182204000000624, 47.565184000001032 ], [ -121.146932000000803, 47.593463000000803 ], [ -121.113569000001235, 47.597288000000468 ], [ -121.120245000001844, 47.613242000000675 ], [ -121.133697000000822, 47.64560500000114 ], [ -121.122742000000798, 47.683906000000462 ], [ -121.068958000001075, 47.706245000000457 ], [ -121.078995000001839, 47.739190000000796 ], [ -121.119179000000841, 47.779933000000909 ], [ -121.070685000001816, 47.826616000000406 ], [ -121.134343000001323, 47.843044000000781 ], [ -121.180776000001245, 47.89876900000047 ], [ -121.147141000001056, 47.981477000000531 ], [ -121.118183000001878, 47.997103000000763 ], [ -121.148621000000759, 48.033414000000725 ], [ -121.115976000001822, 48.057963000001024 ], [ -121.015942000001687, 48.074795000000648 ], [ -120.952628000001894, 48.117223000000784 ], [ -120.965619000001695, 48.140333000000638 ], [ -120.90742500000168, 48.163184000000584 ], [ -120.963731000001005, 48.210708000000707 ], [ -120.999917000000721, 48.262942000000429 ], [ -121.001658000000958, 48.296009000000474 ], [ -121.444964000001562, 48.296038000000529 ], [ -121.577577000001554, 48.298966000000803 ], [ -121.6364190000006, 48.298473000000548 ], [ -121.857972000000956, 48.297479000000898 ], [ -121.966650000000556, 48.297434000000855 ], [ -121.996069000000915, 48.297499000000755 ], [ -122.03183500000172, 48.297640000000456 ], [ -122.13901200000106, 48.29781500000032 ], [ -122.201274000000595, 48.297634000000564 ], [ -122.203912000001566, 48.297619000000985 ], [ -122.270230000000566, 48.297549000000679 ], [ -122.30398600000072, 48.297575000001032 ], [ -122.335367000001327, 48.297517000000653 ], [ -122.35320500000168, 48.297572000000834 ], [ -122.404433000000523, 48.297759000000589 ], [ -122.458596000001322, 48.297703000000439 ], [ -122.425087000001284, 48.27525900000095 ], [ -122.490279000000925, 48.268263000000466 ], [ -122.504166000000836, 48.26274000000101 ], [ -122.593931000000836, 48.236711000000959 ], [ -122.590467000001695, 48.224964000000568 ], [ -122.578865000000462, 48.197610000001092 ], [ -122.576566000001193, 48.193464000001008 ], [ -122.565758000001225, 48.180293000000425 ], [ -122.532253000001717, 48.137098000000506 ], [ -122.52415900000112, 48.125474000000736 ], [ -122.454780000001335, 48.089068000000871 ], [ -122.439553000001538, 48.079354000000691 ], [ -122.407425000000643, 48.058858000000733 ], [ -122.346898000001275, 48.029378000000733 ], [ -122.332977000000795, 47.978802000001146 ], [ -122.3286920000008, 47.961903000001023 ], [ -122.333465000001354, 47.933007000000757 ], [ -122.3700680000006, 47.881410000001175 ], [ -122.393580000001236, 47.864666000000959 ], [ -122.398047000001355, 47.861617000000855 ], [ -122.429625000001181, 47.828098000000857 ], [ -122.433578000000438, 47.843624000001 ], [ -122.478613000001303, 47.888177000000539 ], [ -122.50405200000084, 47.930910000000885 ], [ -122.513409000001758, 47.934382000000866 ], [ -122.581459000001502, 47.954417000000682 ], [ -122.6067600000016, 47.972953000000338 ], [ -122.637165000000721, 47.936381000000431 ], [ -122.5994260000015, 47.893943000000661 ], [ -122.605732000001083, 47.870807000000767 ], [ -122.608627000001277, 47.869055000000472 ], [ -122.670134000000957, 47.827786000000906 ], [ -122.686847000000924, 47.816126000000928 ], [ -122.712392000001046, 47.797299000000386 ], [ -122.718532000000579, 47.791538000000777 ], [ -122.727217000000607, 47.779763000000834 ], [ -122.737695000000642, 47.758013000000403 ], [ -122.7456690000013, 47.744448000000332 ], [ -122.764317000000887, 47.720966000000786 ], [ -122.77049000000072, 47.677523000001173 ], [ -122.793556000000962, 47.671238000000663 ], [ -122.851906000001136, 47.665399000000903 ], [ -122.871146000001517, 47.656302000000942 ], [ -122.950621000001647, 47.606308000001121 ], [ -123.367025000000922, 47.607458000000371 ], [ -123.505917000001162, 47.604615000000592 ], [ -123.505917000001403, 47.517716000000931 ], [ -123.632640000000919, 47.51771600000113 ] ] ] } },
{ "type": "Feature", "properties": { "opt_all": 3, "population": 772064.0, "voting_age_pop": 598650.0, "dem_votes": 163997.0, "rep_votes": 181299.0, "minority_pop": 130714.0, "dem_pct": 0.47494613303515065, "rep_pct": 0.52505386667524268 }, "geometry": { "type": "Polygon", "coordinates": [ [ [ -124.147137000001663, 46.316151000000325 ], [ -124.132781000000776, 46.368025000001147 ], [ -124.130436000001154, 46.418386000000943 ], [ -124.131860000000515, 46.465719000000639 ], [ -124.133827000001673, 46.49071300000044 ], [ -124.135172000001361, 46.527263000001071 ], [ -124.145260000000519, 46.670474000000944 ], [ -124.161143000001005, 46.713424000000629 ], [ -124.175131000000661, 46.793732000000418 ], [ -124.201232000000402, 46.859225000000542 ], [ -124.241140000001366, 46.902895000000967 ], [ -124.249705000000745, 46.956288000000789 ], [ -124.241539000001637, 46.999808000000328 ], [ -124.251291000001217, 47.096654000000619 ], [ -124.272492000000682, 47.160836000000671 ], [ -124.305419000001436, 47.24464400000052 ], [ -124.351299000000935, 47.276390000000674 ], [ -124.3596440000005, 47.309336000000549 ], [ -124.391354000001044, 47.329766000001086 ], [ -124.421728000000513, 47.393293000000568 ], [ -124.406542000001565, 47.428021000000705 ], [ -124.429553000001306, 47.532949000000578 ], [ -124.179278000001176, 47.533611000000263 ], [ -124.046504000001406, 47.533670000000562 ], [ -124.046740000001478, 47.5185250000008 ], [ -123.695945000000918, 47.517716000000675 ], [ -123.632640000000919, 47.51771600000113 ], [ -123.505917000001403, 47.517716000000931 ], [ -123.505916000000923, 47.503369000000632 ], [ -123.506008000000634, 47.359203000001173 ], [ -123.505287000001317, 47.329354000000855 ], [ -123.490805000001458, 47.258208000000899 ], [ -123.488943000000816, 47.082646000001006 ], [ -123.483402000000922, 47.082503000000877 ], [ -123.468234000000919, 47.082439000000555 ], [ -123.409868000000458, 47.083287000000688 ], [ -123.3291520000015, 47.083816000000297 ], [ -123.244498000001158, 47.084812000000419 ], [ -123.201891000001297, 47.085059000000598 ], [ -123.200041000000724, 47.014792000001016 ], [ -123.200888000001598, 47.010458000001009 ], [ -123.158364000001342, 46.995871000000797 ], [ -123.159381000001602, 46.967531000000932 ], [ -123.160106000001463, 46.9389980000009 ], [ -123.160637000001074, 46.909678000000433 ], [ -123.160516000001707, 46.837479000001032 ], [ -123.160500000001363, 46.827161000000523 ], [ -123.160293000000621, 46.799381000000629 ], [ -123.160303000000681, 46.799170000000785 ], [ -123.160588000001724, 46.793383000000659 ], [ -123.160909000001098, 46.764330000001074 ], [ -123.034444000000576, 46.764519000000945 ], [ -123.033053000001161, 46.764525000001157 ], [ -123.006047000001445, 46.746013000001092 ], [ -123.014233000000758, 46.744118000000725 ], [ -123.020187000001727, 46.73537300000077 ], [ -123.013800000000685, 46.722902000000779 ], [ -122.987265000001358, 46.718709000000459 ], [ -123.007695000001178, 46.717734000000718 ], [ -123.012153000000779, 46.720832000000932 ], [ -123.045381000001285, 46.691714000000708 ], [ -123.013891000001578, 46.684467000000609 ], [ -123.045341000001017, 46.655475000001204 ], [ -123.029055000000497, 46.637605000000406 ], [ -122.992496000001225, 46.630455000001071 ], [ -122.948874000001396, 46.605346000000395 ], [ -122.922351000000859, 46.582329000000904 ], [ -122.9135310000011, 46.571410000000526 ], [ -122.887290000001641, 46.576195000001043 ], [ -122.881971000001698, 46.57619500000105 ], [ -122.878496000001519, 46.576191000000513 ], [ -122.877658000000807, 46.57504300000106 ], [ -122.874338000001117, 46.576186000000995 ], [ -122.829516000001362, 46.561557000000697 ], [ -122.777211000001202, 46.546743000000454 ], [ -122.777282000000923, 46.532207000001144 ], [ -122.740481000001438, 46.532203000000912 ], [ -122.740604000000658, 46.482801000000869 ], [ -122.678311000001003, 46.509329000000555 ], [ -122.657278000001739, 46.531903000001037 ], [ -122.646923000000839, 46.531872000000803 ], [ -122.594280000001518, 46.560975000000731 ], [ -122.532660000000519, 46.568407000001123 ], [ -122.468889000001525, 46.594130000001059 ], [ -122.427345000000599, 46.56139900000084 ], [ -122.397641000000675, 46.560961000000894 ], [ -122.388409000001076, 46.51795900000095 ], [ -122.304667000000777, 46.517816000000671 ], [ -122.178444000000979, 46.517937000000721 ], [ -122.199130000000736, 46.561692000000903 ], [ -122.198995000001801, 46.64833700000105 ], [ -122.116035000001119, 46.648373000000497 ], [ -122.107241000001238, 46.677183000001101 ], [ -121.855188000000638, 46.677669000000407 ], [ -121.854972000001496, 46.729248000000823 ], [ -121.758593000000602, 46.783791000001223 ], [ -121.455218000001835, 46.78379700000108 ], [ -121.424980000001639, 46.75430000000047 ], [ -121.376757000001803, 46.704658000000514 ], [ -121.413217000000941, 46.675868000000733 ], [ -121.386383000000677, 46.636041000000525 ], [ -121.400982000001846, 46.607758000001269 ], [ -121.424601000001687, 46.570010000001012 ], [ -121.417708000000886, 46.546985000001229 ], [ -121.451256000001607, 46.533894000000515 ], [ -121.423242000001594, 46.492743000000559 ], [ -121.435856000001763, 46.47590700000098 ], [ -121.386557000001275, 46.410601000000597 ], [ -121.397016000001159, 46.388083000000833 ], [ -121.522324000001234, 46.388224000000548 ], [ -121.522321000000758, 46.044006000000877 ], [ -121.539265000001777, 46.043933000000742 ], [ -121.528889000001556, 46.00085000000044 ], [ -121.447901000001593, 45.968400000000713 ], [ -121.446219000000923, 45.905919000000601 ], [ -121.425791000001524, 45.898507000000834 ], [ -121.404993000001355, 45.891267000000866 ], [ -121.384453000001841, 45.891072000000882 ], [ -121.301910000001925, 45.928110000001205 ], [ -121.30164300000088, 45.855361000000485 ], [ -121.322186000001565, 45.811961000000665 ], [ -121.300617000000713, 45.767453000001296 ], [ -121.217634000001638, 45.767817000000981 ], [ -121.217646000001679, 45.796621000001011 ], [ -121.175332000001404, 45.825677000000894 ], [ -121.164884000000782, 45.811055000000842 ], [ -121.175881000000913, 45.782039000000488 ], [ -121.212072000001726, 45.760457000001011 ], [ -121.218244000001604, 45.671716000000558 ], [ -121.337712000001261, 45.704839000001307 ], [ -121.38345300000114, 45.699252000001309 ], [ -121.467068000001845, 45.70358700000105 ], [ -121.481489000001446, 45.711315000001136 ], [ -121.523681000001403, 45.724930000000938 ], [ -121.525430000000782, 45.725228000000634 ], [ -121.619561000000715, 45.707309000001118 ], [ -121.711712000001597, 45.694703000000452 ], [ -121.793492000001194, 45.703761000000618 ], [ -121.835944000001319, 45.700809000000547 ], [ -121.875676000001022, 45.687722000001337 ], [ -121.901029000001657, 45.665643000000557 ], [ -121.908134000000686, 45.654558000000677 ], [ -122.003554000000761, 45.615947000000972 ], [ -122.022304000001142, 45.614498000001198 ], [ -122.126197000001824, 45.582602000000435 ], [ -122.19752200000076, 45.567236000001088 ], [ -122.249217000001821, 45.548653000000698 ], [ -122.296601000001644, 45.543641000001259 ], [ -122.339070000000618, 45.555774000000646 ], [ -122.343131000000966, 45.559815000000988 ], [ -122.383436000001794, 45.575559000000872 ], [ -122.393875000000634, 45.573749000000397 ], [ -122.455243000001474, 45.568074000001261 ], [ -122.471852000001235, 45.576895000000555 ], [ -122.496013000000602, 45.584071000000613 ], [ -122.504337000001001, 45.585823000001199 ], [ -122.549950000001601, 45.597182000000785 ], [ -122.582326000001558, 45.604100000000713 ], [ -122.597080000000801, 45.606570000001042 ], [ -122.618573000001206, 45.608619000000907 ], [ -122.643243000000965, 45.609709000001246 ], [ -122.675332000001006, 45.618162000000986 ], [ -122.691185000001099, 45.624840000000987 ], [ -122.763810000001357, 45.657138000001247 ], [ -122.772681000001754, 45.698003000000703 ], [ -122.760955000001687, 45.750376000000472 ], [ -122.780643000001035, 45.793119000001006 ], [ -122.785515000001155, 45.850536000000403 ], [ -122.811500000001715, 45.912724000000679 ], [ -122.811840000001141, 45.953091000000597 ], [ -122.850279000001564, 46.003838000000663 ], [ -122.8642300000012, 46.020769000000449 ], [ -122.883075000000517, 46.053909000000509 ], [ -122.930420000001007, 46.093333000000449 ], [ -123.051899000001086, 46.153972000000877 ], [ -123.119728000000563, 46.18558000000084 ], [ -123.166416000001121, 46.188979000000593 ], [ -123.21305400000152, 46.172541000000415 ], [ -123.284434000001696, 46.144532000000837 ], [ -123.376721000001325, 46.149327000000426 ], [ -123.430987000001494, 46.181571000000829 ], [ -123.428604000000959, 46.214927000000486 ], [ -123.427629000000962, 46.229348000000634 ], [ -123.479644000001116, 46.269131000000407 ], [ -123.569337000001084, 46.257278000000547 ], [ -123.684244000001726, 46.250956000000969 ], [ -123.728316000001314, 46.264541000000648 ], [ -123.850136000001157, 46.240630000000529 ], [ -123.930477000000977, 46.238805000000482 ], [ -123.964390000001757, 46.263896000001189 ], [ -123.995292000001527, 46.273713000000853 ], [ -124.03621900000104, 46.294431000000969 ], [ -124.035951000001035, 46.264183000000344 ], [ -124.159546000001356, 46.261132000000664 ], [ -124.147137000001663, 46.316151000000325 ] ] ] } },
{ "type": "Feature", "properties": { "opt_all": 4, "population": 772749.0, "voting_age_pop": 566486.0, "dem_votes": 116534.0, "rep_votes": 173528.0, "minority_pop": 216943.0, "dem_pct": 0.40175548661949667, "rep_pct": 0.59824451303574944 }, "geometry": { "type": "MultiPolygon", "coordinates": [ [ [ [ -122.423648000000696, 46.849251000000443 ], [ -122.490674000000979, 46.867263000001088 ], [ -122.497796000000918, 46.908843000000978 ], [ -122.527302000001782, 46.923511000000495 ], [ -122.560436000001005, 46.933457000000459 ], [ -122.564654000001127, 46.966408000000683 ], [ -122.565163000000979, 46.966573000000643 ], [ -122.552290000000639, 47.003438000001111 ], [ -122.534571000001762, 47.005168000000339 ], [ -122.547809000000584, 47.004670000001205 ], [ -122.522974000001, 47.010198000001026 ], [ -122.492961000001714, 47.033604000000743 ], [ -122.435101000000543, 47.08419500000074 ], [ -122.428554000001483, 47.078815000000802 ], [ -122.413911000000766, 47.067961000000729 ], [ -122.421723000000824, 47.02359900000075 ], [ -122.421872000001599, 47.002192000000925 ], [ -122.389616000001723, 46.98031100000113 ], [ -122.357933000001836, 46.980220000000777 ], [ -122.297953000001726, 46.980073000000587 ], [ -122.238031000001385, 46.98435000000088 ], [ -122.247528000001239, 47.016354000000852 ], [ -122.206159000001179, 47.016904000000714 ], [ -122.206422000001282, 47.024145000000999 ], [ -122.210674000000765, 47.038213000001122 ], [ -122.252535000001558, 47.059902000001031 ], [ -122.251795000001522, 47.074493000000807 ], [ -122.246386000001834, 47.074476000001134 ], [ -122.25459300000162, 47.083964000000698 ], [ -122.235435000001644, 47.085285000001107 ], [ -122.23970100000092, 47.109241000000445 ], [ -122.234788000001046, 47.108619000000367 ], [ -122.225462000001357, 47.113706000000576 ], [ -122.230398000000676, 47.119999000000576 ], [ -122.233111000001117, 47.124839000000343 ], [ -122.219995000001674, 47.125487000000987 ], [ -122.222285000001364, 47.125543000000917 ], [ -122.22235000000056, 47.127612000000944 ], [ -122.22011800000152, 47.127574000001047 ], [ -122.220099000000914, 47.146398000000765 ], [ -122.216577000000925, 47.151173000000853 ], [ -122.209010000000958, 47.15576900000039 ], [ -122.208882000000756, 47.155675000000848 ], [ -122.19749200000112, 47.18809400000103 ], [ -122.200281000001723, 47.191922000000531 ], [ -122.202034000001817, 47.195371000000691 ], [ -122.213729000000725, 47.217166000000582 ], [ -122.208862000001034, 47.22023600000113 ], [ -122.192489000000677, 47.209363000001154 ], [ -122.192472000001359, 47.206649000001228 ], [ -122.172422000001319, 47.199169000000488 ], [ -122.170379000000878, 47.206793000000914 ], [ -122.162217000001704, 47.210822000000853 ], [ -122.144210000001834, 47.203107000000905 ], [ -122.122837000000544, 47.213802000000811 ], [ -122.112540000001005, 47.213715000001002 ], [ -122.043017000000759, 47.171972000001219 ], [ -122.037439000001442, 47.172687000000892 ], [ -122.023250000000957, 47.174048000000774 ], [ -121.99461100000174, 47.172675000000687 ], [ -121.973384000000635, 47.160804000000944 ], [ -121.963205000001437, 47.156485000001148 ], [ -121.8402760000006, 47.143220000001229 ], [ -121.796464000001478, 47.173059000000883 ], [ -121.719871000000637, 47.151250000000424 ], [ -121.663755000001444, 47.159862000000906 ], [ -121.611819000001603, 47.143166000000384 ], [ -121.593746000001033, 47.121803000001243 ], [ -121.531511000001757, 47.124579000000509 ], [ -121.468100000000604, 47.098352000000411 ], [ -121.441756000000794, 47.084402000001035 ], [ -121.379961000001799, 47.087248000001047 ], [ -121.379682000000955, 47.087495000000658 ], [ -121.311259000000874, 47.076915000001115 ], [ -121.26738500000188, 47.084287000000572 ], [ -121.178853000001524, 47.041627000001206 ], [ -121.120822000001482, 46.998209000001253 ], [ -121.090054000001516, 46.991007000000941 ], [ -121.026620000001415, 46.911308000000737 ], [ -120.915696000000807, 46.911334000001119 ], [ -120.634562000001765, 46.912130000001298 ], [ -120.625149000001556, 46.82579100000072 ], [ -120.554322000001022, 46.82549700000046 ], [ -120.530184000001526, 46.825145000000767 ], [ -120.508605000001396, 46.8248620000005 ], [ -120.510000000000957, 46.737946000000626 ], [ -120.450449000001683, 46.737593000000864 ], [ -120.448943000001876, 46.737576000000601 ], [ -120.490454000000753, 46.684525000000505 ], [ -120.491318000000717, 46.679497000000772 ], [ -120.479474000001417, 46.635728000001258 ], [ -120.509272000001275, 46.630134000001227 ], [ -120.488462000000965, 46.61588400000123 ], [ -120.456466000001257, 46.606495000001019 ], [ -120.466856000001044, 46.619726000001172 ], [ -120.445890000000702, 46.611020000000991 ], [ -120.42493500000154, 46.606352000000577 ], [ -120.416088000001082, 46.606303000000878 ], [ -120.415778000000856, 46.649643000000673 ], [ -120.382964000001365, 46.620603000000699 ], [ -120.128981000001247, 46.620946000001041 ], [ -120.128494000001936, 46.736192000001203 ], [ -120.022602000001285, 46.737431000000505 ], [ -119.979106000001366, 46.737059000001203 ], [ -119.9730360000014, 46.737126000000877 ], [ -119.946440000001942, 46.675935000000692 ], [ -119.901483000001676, 46.635602000000524 ], [ -119.874042000001737, 46.628283000001197 ], [ -119.83225100000152, 46.625640000001283 ], [ -119.800516000000755, 46.630554000000657 ], [ -119.710104000001763, 46.64888600000058 ], [ -119.65918900000166, 46.64033300000095 ], [ -119.5816840000018, 46.669906000001021 ], [ -119.516582000001776, 46.727638000001207 ], [ -119.453190000001925, 46.679243000000682 ], [ -119.369165000001658, 46.678179000001336 ], [ -119.369429000001077, 46.737695000001025 ], [ -119.369377000001023, 46.795591000001345 ], [ -119.368662000000839, 46.912562000000968 ], [ -119.283702000001156, 46.912569000000786 ], [ -119.163922000001477, 46.912283000000691 ], [ -119.17487000000196, 46.855280000000505 ], [ -119.133192000001117, 46.832737000000506 ], [ -119.133310000000918, 46.826300000000856 ], [ -119.154340000001241, 46.826220000001079 ], [ -119.154340000001781, 46.833550000000905 ], [ -119.164860000001482, 46.833470000001192 ], [ -119.175900000001661, 46.821100000000683 ], [ -119.165630000001315, 46.811538000001029 ], [ -119.154791000001737, 46.811580000000689 ], [ -119.149623000000901, 46.811594000000653 ], [ -119.133480000001086, 46.824690000000693 ], [ -119.134210000000877, 46.811660000000479 ], [ -119.134250000001799, 46.765910000000922 ], [ -119.080797000001439, 46.737761000001328 ], [ -118.984340000001382, 46.736520000001313 ], [ -118.819595000001485, 46.735564000001283 ], [ -118.651590000001022, 46.735906000001407 ], [ -118.609496000002039, 46.736228000001098 ], [ -118.484262000001678, 46.736810000001313 ], [ -118.210243000001142, 46.738833000000675 ], [ -118.249203000001245, 46.732579000000939 ], [ -118.217536000001004, 46.679278000000899 ], [ -118.23075900000164, 46.657042000000992 ], [ -118.199796000001896, 46.62418600000089 ], [ -118.215660000002046, 46.588924000000894 ], [ -118.172552000001076, 46.55694700000079 ], [ -118.118448000001521, 46.55678300000092 ], [ -118.041092000002038, 46.58283500000131 ], [ -117.980054000001658, 46.587769000001153 ], [ -117.881857000002086, 46.592193000000705 ], [ -117.851850000001619, 46.624670000000563 ], [ -117.800714000001278, 46.625645000001256 ], [ -117.772468000001624, 46.645380000000735 ], [ -117.75616900000152, 46.684386000000714 ], [ -117.687480000001841, 46.702594000000623 ], [ -117.648253000001233, 46.699805000000588 ], [ -117.593862000001081, 46.67346100000092 ], [ -117.517164000001273, 46.67696400000127 ], [ -117.484071000001194, 46.697931000000743 ], [ -117.43560100000208, 46.661901000001187 ], [ -117.385204000001821, 46.647928000001123 ], [ -117.385404000001415, 46.617839000001069 ], [ -117.337537000001447, 46.581972000000597 ], [ -117.311447000002062, 46.580766000000828 ], [ -117.253046000001319, 46.543071000000829 ], [ -117.228120000001354, 46.462245000001438 ], [ -117.199860000001138, 46.420177000001019 ], [ -117.151591000002085, 46.430561000000772 ], [ -117.114244000001364, 46.420690000001038 ], [ -117.092469000001643, 46.416967000001179 ], [ -117.087570000001435, 46.417107000000705 ], [ -117.068374000001967, 46.426593000000629 ], [ -117.06155600000092, 46.428774000001241 ], [ -117.055422000002096, 46.429873000000939 ], [ -117.053562000001961, 46.429977000001443 ], [ -117.048323000001162, 46.429150000001457 ], [ -117.039766000001634, 46.425887000000891 ], [ -117.035892000002093, 46.420434000001336 ], [ -117.035319000002076, 46.410835000001327 ], [ -117.036109000001446, 46.408397000000996 ], [ -117.041851000002126, 46.393816000000733 ], [ -117.052967000002141, 46.37469500000131 ], [ -117.062735000000956, 46.360283000000877 ], [ -117.059702000001963, 46.347781000000722 ], [ -117.026784000001115, 46.338074000001114 ], [ -117.023359000001847, 46.327232000001501 ], [ -116.984804000001034, 46.293088000001141 ], [ -116.964871000001722, 46.254456000000687 ], [ -116.966306000001623, 46.209195000001301 ], [ -116.921350000001837, 46.164514000000878 ], [ -116.959694000001278, 46.099013000001129 ], [ -116.917487000001643, 45.99544200000097 ], [ -117.36638300000206, 45.997138000000909 ], [ -117.479935000001873, 45.99780100000104 ], [ -117.603424000001141, 45.998950000001365 ], [ -117.867211000001518, 46.000140000000691 ], [ -117.996970000001554, 46.000560000001038 ], [ -118.241976000001799, 46.000625000000696 ], [ -118.335819000001834, 46.000641000000805 ], [ -118.3671680000012, 46.000706000000697 ], [ -118.388465000001702, 46.000741000001376 ], [ -118.554903000001175, 46.001139000000727 ], [ -118.575710000001465, 46.000966000000872 ], [ -118.606789000001726, 46.001016000000661 ], [ -118.868128000001036, 46.000684000000909 ], [ -118.987258000001802, 45.999855000000721 ], [ -119.008651000002075, 45.979223000001255 ], [ -119.126322000000954, 45.932784000001227 ], [ -119.204342000001304, 45.929333000001307 ], [ -119.246563000001515, 45.937505000001117 ], [ -119.372199000001501, 45.921176000000862 ], [ -119.456259000001523, 45.915665000001205 ], [ -119.524519000001717, 45.908567000000609 ], [ -119.571602000001462, 45.925478000001135 ], [ -119.603481000001878, 45.917810000001381 ], [ -119.669974000001275, 45.856908000000573 ], [ -119.868312000001126, 45.836198000001147 ], [ -119.976434000001106, 45.820629000001091 ], [ -120.070236000001444, 45.785156000001059 ], [ -120.170603000001421, 45.761980000001067 ], [ -120.210774000001024, 45.725915000000612 ], [ -120.283431000001983, 45.721165000000909 ], [ -120.453100000001385, 45.696296000000736 ], [ -120.505743000001956, 45.699949000001183 ], [ -120.55328700000122, 45.733716000001337 ], [ -120.635051000001084, 45.745711000000504 ], [ -120.689535000000802, 45.715727000000911 ], [ -120.855415000001443, 45.671729000000816 ], [ -120.885673000000736, 45.650161000000509 ], [ -120.944018000001478, 45.65639200000107 ], [ -121.051339000000922, 45.651837000000754 ], [ -121.08486300000078, 45.647932000000615 ], [ -121.131833000001421, 45.609753000000886 ], [ -121.183684000001577, 45.606450000001331 ], [ -121.201350000001895, 45.651227000001008 ], [ -121.218244000001604, 45.671716000000558 ], [ -121.212072000001726, 45.760457000001011 ], [ -121.175881000000913, 45.782039000000488 ], [ -121.164884000000782, 45.811055000000842 ], [ -121.175332000001404, 45.825677000000894 ], [ -121.217646000001679, 45.796621000001011 ], [ -121.217634000001638, 45.767817000000981 ], [ -121.300617000000713, 45.767453000001296 ], [ -121.322186000001565, 45.811961000000665 ], [ -121.30164300000088, 45.855361000000485 ], [ -121.301910000001925, 45.928110000001205 ], [ -121.384453000001841, 45.891072000000882 ], [ -121.404993000001355, 45.891267000000866 ], [ -121.425791000001524, 45.898507000000834 ], [ -121.446219000000923, 45.905919000000601 ], [ -121.447901000001593, 45.968400000000713 ], [ -121.528889000001556, 46.00085000000044 ], [ -121.539265000001777, 46.043933000000742 ], [ -121.522321000000758, 46.044006000000877 ], [ -121.522324000001234, 46.388224000000548 ], [ -121.397016000001159, 46.388083000000833 ], [ -121.386557000001275, 46.410601000000597 ], [ -121.435856000001763, 46.47590700000098 ], [ -121.423242000001594, 46.492743000000559 ], [ -121.451256000001607, 46.533894000000515 ], [ -121.417708000000886, 46.546985000001229 ], [ -121.424601000001687, 46.570010000001012 ], [ -121.400982000001846, 46.607758000001269 ], [ -121.386383000000677, 46.636041000000525 ], [ -121.413217000000941, 46.675868000000733 ], [ -121.376757000001803, 46.704658000000514 ], [ -121.424980000001639, 46.75430000000047 ], [ -121.455218000001835, 46.78379700000108 ], [ -121.758593000000602, 46.783791000001223 ], [ -121.854972000001496, 46.729248000000823 ], [ -121.939249000001737, 46.748068000001084 ], [ -122.002468000001556, 46.753265000000539 ], [ -122.041301000001823, 46.742522000000385 ], [ -122.082298000000904, 46.752220000000619 ], [ -122.203115000000963, 46.763061000001109 ], [ -122.269624000001599, 46.766796000001136 ], [ -122.306259000001106, 46.80631100000047 ], [ -122.304236000001183, 46.820637000000723 ], [ -122.330532000000659, 46.84336200000044 ], [ -122.372914000000577, 46.845183000000667 ], [ -122.423648000000696, 46.849251000000443 ] ] ], [ [ [ -122.189888000001162, 47.246926000000748 ], [ -122.189855000000762, 47.247592000000495 ], [ -122.187445000000665, 47.247655000000471 ], [ -122.187435000001486, 47.246995000000695 ], [ -122.189888000001162, 47.246926000000748 ] ] ] ] } },
{ "type": "Feature", "properties": { "opt_all": 5, "population": 770819.0, "voting_age_pop": 598275.0, "dem_votes": 145701.0, "rep_votes": 192381.0, "minority_pop": 127660.0, "dem_pct": 0.43096349393609729, "rep_pct": 0.56903650576811649 }, "geometry": { "type": "Polygon", "coordinates": [ [ [ -119.65918900000166, 46.64033300000095 ], [ -119.710104000001763, 46.64888600000058 ], [ -119.800516000000755, 46.630554000000657 ], [ -119.83225100000152, 46.625640000001283 ], [ -119.874042000001737, 46.628283000001197 ], [ -119.901483000001676, 46.635602000000524 ], [ -119.946440000001942, 46.675935000000692 ], [ -119.9730360000014, 46.737126000000877 ], [ -119.928612000000882, 46.796323000000662 ], [ -119.927537000001237, 46.817092000000962 ], [ -119.964943000000957, 46.858804000000525 ], [ -119.966129000001658, 46.943757000000801 ], [ -119.986070000001277, 46.970988000000666 ], [ -120.002449000001718, 47.000706000000775 ], [ -120.016897000000981, 47.043523000001258 ], [ -120.042866000000743, 47.073453000001173 ], [ -120.000773000001644, 47.131201000001298 ], [ -120.007074000001126, 47.22013300000129 ], [ -120.004783000001567, 47.230602000000438 ], [ -120.004704000001695, 47.319994000000477 ], [ -119.983125000000996, 47.320428000000746 ], [ -119.918915000001817, 47.36447500000051 ], [ -119.91874600000132, 47.393449000001091 ], [ -119.875822000001364, 47.408305000001199 ], [ -119.875760000001122, 47.437492000000667 ], [ -119.747392000000687, 47.439310000001086 ], [ -119.74728700000172, 47.439312000000697 ], [ -119.533618000000956, 47.441205000001055 ], [ -119.532889000000836, 47.527756000000913 ], [ -119.511691000001676, 47.527633000001288 ], [ -119.490098000001566, 47.556541000000692 ], [ -119.405196000001922, 47.612636000001096 ], [ -119.341617000000838, 47.621423000001272 ], [ -119.341523000001246, 47.625307000000873 ], [ -119.298843000001725, 47.67040300000118 ], [ -119.277238000001475, 47.728238000000474 ], [ -119.212410000001483, 47.800695000000694 ], [ -119.212225000001879, 47.887708000000544 ], [ -119.190552000001517, 47.902465000000667 ], [ -119.125904000001754, 47.917301000000514 ], [ -119.103873000001897, 47.961763000001113 ], [ -118.990796000000941, 47.962130000000641 ], [ -118.989360000001881, 47.962111000001187 ], [ -118.984014000000954, 47.962046000000562 ], [ -118.982234000001085, 47.962025000001113 ], [ -118.973504000001896, 47.943414000000715 ], [ -118.851960000001242, 47.957906000001167 ], [ -118.811877000001644, 47.920285000001201 ], [ -118.745376000001784, 47.90322200000071 ], [ -118.707625000001642, 47.933579000000563 ], [ -118.654605000000913, 47.930109000000591 ], [ -118.570396000001438, 47.932318000001104 ], [ -118.533498000001558, 47.914877000000622 ], [ -118.544090000001262, 47.883973000000715 ], [ -118.484199000001638, 47.876295000000681 ], [ -118.465791000001005, 47.8821750000007 ], [ -118.456165000001761, 47.854474000001183 ], [ -118.38043900000136, 47.831061000001135 ], [ -118.370069000001436, 47.832495000000606 ], [ -118.340938000001714, 47.89431600000119 ], [ -118.356089000001234, 47.929317000000552 ], [ -118.348740000001726, 47.971782000000871 ], [ -118.400807000000896, 48.028682000000465 ], [ -118.358905000001684, 48.049427000000911 ], [ -118.275476000001419, 48.040567000000834 ], [ -118.233498000001816, 48.063485000000824 ], [ -118.248606000001402, 48.134255000000486 ], [ -118.191298000001922, 48.159888000001317 ], [ -118.19450000000154, 48.212889000001233 ], [ -118.149313000002024, 48.243425000000478 ], [ -118.148458000000758, 48.278010000000606 ], [ -118.175602000001874, 48.319492000001063 ], [ -118.192858000001365, 48.39502300000072 ], [ -118.206507000001878, 48.4702960000009 ], [ -118.189206000000922, 48.481597000001287 ], [ -118.180081000001763, 48.510898000000545 ], [ -118.139926000000884, 48.531434000000772 ], [ -118.138608000001113, 48.561197000000867 ], [ -118.116336000000857, 48.63407500000104 ], [ -118.107645000001526, 48.640497000000522 ], [ -118.104903000001244, 48.653092000000818 ], [ -118.111806000001394, 48.674039000000711 ], [ -118.129374000001221, 48.755069000000653 ], [ -118.159218000001005, 48.798769000000512 ], [ -118.210055000001645, 48.872241000000898 ], [ -118.201170000001824, 48.914818000000643 ], [ -118.221669000001157, 48.937098000001306 ], [ -118.1973750000015, 49.000068000001228 ], [ -118.039921000001399, 49.000227000001189 ], [ -117.42996800000094, 49.000464000001287 ], [ -117.353331000001845, 49.00031700000104 ], [ -117.032345000000959, 48.999201000000717 ], [ -117.032592000001685, 48.830162000001003 ], [ -117.034843000001601, 48.568884000000793 ], [ -117.03514200000096, 48.396312000000698 ], [ -117.037678000002003, 48.253295000001003 ], [ -117.039555000002125, 48.181065000001034 ], [ -117.039799000001693, 48.166572000001203 ], [ -117.041877000001463, 48.0454660000008 ], [ -117.042288000001761, 47.958364000001104 ], [ -117.042304000000954, 47.874453000000948 ], [ -117.042138000001799, 47.758280000000816 ], [ -117.041829000001002, 47.735855000001003 ], [ -117.041785000001283, 47.706995000001129 ], [ -117.04169700000196, 47.697681000000571 ], [ -117.040997000000885, 47.623567000000868 ], [ -117.041071000001921, 47.57975700000145 ], [ -117.039846000000921, 47.405161000001172 ], [ -117.039911000002036, 47.310542000000986 ], [ -117.039878000001835, 47.259272000001303 ], [ -117.039683000001034, 47.123075000000711 ], [ -117.039800000001236, 47.091029000001349 ], [ -117.039795000002059, 47.090157000001341 ], [ -117.03972600000192, 47.048936000001149 ], [ -117.03962800000204, 46.961093000000936 ], [ -117.03975000000176, 46.822232000000817 ], [ -117.039803000001839, 46.764064000001305 ], [ -117.039672000001801, 46.642295000001411 ], [ -117.039695000001885, 46.587732000000862 ], [ -117.039766000001634, 46.425887000000891 ], [ -117.048323000001162, 46.429150000001457 ], [ -117.053562000001961, 46.429977000001443 ], [ -117.055422000002096, 46.429873000000939 ], [ -117.06155600000092, 46.428774000001241 ], [ -117.068374000001967, 46.426593000000629 ], [ -117.087570000001435, 46.417107000000705 ], [ -117.092469000001643, 46.416967000001179 ], [ -117.114244000001364, 46.420690000001038 ], [ -117.151591000002085, 46.430561000000772 ], [ -117.199860000001138, 46.420177000001019 ], [ -117.228120000001354, 46.462245000001438 ], [ -117.253046000001319, 46.543071000000829 ], [ -117.311447000002062, 46.580766000000828 ], [ -117.337537000001447, 46.581972000000597 ], [ -117.385404000001415, 46.617839000001069 ], [ -117.385204000001821, 46.647928000001123 ], [ -117.43560100000208, 46.661901000001187 ], [ -117.484071000001194, 46.697931000000743 ], [ -117.517164000001273, 46.67696400000127 ], [ -117.593862000001081, 46.67346100000092 ], [ -117.648253000001233, 46.699805000000588 ], [ -117.687480000001841, 46.702594000000623 ], [ -117.75616900000152, 46.684386000000714 ], [ -117.772468000001624, 46.645380000000735 ], [ -117.800714000001278, 46.625645000001256 ], [ -117.851850000001619, 46.624670000000563 ], [ -117.881857000002086, 46.592193000000705 ], [ -117.980054000001658, 46.587769000001153 ], [ -118.041092000002038, 46.58283500000131 ], [ -118.118448000001521, 46.55678300000092 ], [ -118.172552000001076, 46.55694700000079 ], [ -118.215660000002046, 46.588924000000894 ], [ -118.199796000001896, 46.62418600000089 ], [ -118.23075900000164, 46.657042000000992 ], [ -118.217536000001004, 46.679278000000899 ], [ -118.249203000001245, 46.732579000000939 ], [ -118.210243000001142, 46.738833000000675 ], [ -118.484262000001678, 46.736810000001313 ], [ -118.609496000002039, 46.736228000001098 ], [ -118.651590000001022, 46.735906000001407 ], [ -118.819595000001485, 46.735564000001283 ], [ -118.984340000001382, 46.736520000001313 ], [ -119.080797000001439, 46.737761000001328 ], [ -119.134250000001799, 46.765910000000922 ], [ -119.134210000000877, 46.811660000000479 ], [ -119.133480000001086, 46.824690000000693 ], [ -119.149623000000901, 46.811594000000653 ], [ -119.154791000001737, 46.811580000000689 ], [ -119.165630000001315, 46.811538000001029 ], [ -119.175900000001661, 46.821100000000683 ], [ -119.164860000001482, 46.833470000001192 ], [ -119.154340000001781, 46.833550000000905 ], [ -119.154340000001241, 46.826220000001079 ], [ -119.133310000000918, 46.826300000000856 ], [ -119.133192000001117, 46.832737000000506 ], [ -119.17487000000196, 46.855280000000505 ], [ -119.163922000001477, 46.912283000000691 ], [ -119.283702000001156, 46.912569000000786 ], [ -119.368662000000839, 46.912562000000968 ], [ -119.369377000001023, 46.795591000001345 ], [ -119.369429000001077, 46.737695000001025 ], [ -119.369165000001658, 46.678179000001336 ], [ -119.453190000001925, 46.679243000000682 ], [ -119.516582000001776, 46.727638000001207 ], [ -119.5816840000018, 46.669906000001021 ], [ -119.65918900000166, 46.64033300000095 ] ] ] } },
{ "type": "Feature", "properties": { "opt_all": 6, "population": 767569.0, "voting_age_pop": 607407.0, "dem_votes": 197409.0, "rep_votes": 176957.0, "minority_pop": 144238.0, "dem_pct": 0.52731551462277138, "rep_pct": 0.4726844851101103 }, "geometry": { "type": "Polygon", "coordinates": [ [ [ -123.045381000001285, 46.691714000000708 ], [ -123.012153000000779, 46.720832000000932 ], [ -123.007695000001178, 46.717734000000718 ], [ -122.987265000001358, 46.718709000000459 ], [ -123.013800000000685, 46.722902000000779 ], [ -123.020187000001727, 46.73537300000077 ], [ -123.014233000000758, 46.744118000000725 ], [ -123.006047000001445, 46.746013000001092 ], [ -123.033053000001161, 46.764525000001157 ], [ -123.034444000000576, 46.764519000000945 ], [ -123.160909000001098, 46.764330000001074 ], [ -123.160588000001724, 46.793383000000659 ], [ -123.160303000000681, 46.799170000000785 ], [ -123.160293000000621, 46.799381000000629 ], [ -123.160500000001363, 46.827161000000523 ], [ -123.160516000001707, 46.837479000001032 ], [ -123.160637000001074, 46.909678000000433 ], [ -123.160106000001463, 46.9389980000009 ], [ -123.159381000001602, 46.967531000000932 ], [ -123.158364000001342, 46.995871000000797 ], [ -123.200888000001598, 47.010458000001009 ], [ -123.200041000000724, 47.014792000001016 ], [ -123.201891000001297, 47.085059000000598 ], [ -123.244498000001158, 47.084812000000419 ], [ -123.3291520000015, 47.083816000000297 ], [ -123.409868000000458, 47.083287000000688 ], [ -123.468234000000919, 47.082439000000555 ], [ -123.483402000000922, 47.082503000000877 ], [ -123.488943000000816, 47.082646000001006 ], [ -123.490805000001458, 47.258208000000899 ], [ -123.505287000001317, 47.329354000000855 ], [ -123.506008000000634, 47.359203000001173 ], [ -123.505916000000923, 47.503369000000632 ], [ -123.505917000001403, 47.517716000000931 ], [ -123.505917000001162, 47.604615000000592 ], [ -123.367025000000922, 47.607458000000371 ], [ -122.950621000001647, 47.606308000001121 ], [ -122.871146000001517, 47.656302000000942 ], [ -122.851906000001136, 47.665399000000903 ], [ -122.793556000000962, 47.671238000000663 ], [ -122.77049000000072, 47.677523000001173 ], [ -122.764317000000887, 47.720966000000786 ], [ -122.7456690000013, 47.744448000000332 ], [ -122.737695000000642, 47.758013000000403 ], [ -122.727217000000607, 47.779763000000834 ], [ -122.718532000000579, 47.791538000000777 ], [ -122.712392000001046, 47.797299000000386 ], [ -122.686847000000924, 47.816126000000928 ], [ -122.670134000000957, 47.827786000000906 ], [ -122.608627000001277, 47.869055000000472 ], [ -122.605732000001083, 47.870807000000767 ], [ -122.5994260000015, 47.893943000000661 ], [ -122.637165000000721, 47.936381000000431 ], [ -122.6067600000016, 47.972953000000338 ], [ -122.581459000001502, 47.954417000000682 ], [ -122.513409000001758, 47.934382000000866 ], [ -122.50405200000084, 47.930910000000885 ], [ -122.478613000001303, 47.888177000000539 ], [ -122.433578000000438, 47.843624000001 ], [ -122.429625000001181, 47.828098000000857 ], [ -122.398047000001355, 47.861617000000855 ], [ -122.339237000001717, 47.858241000000547 ], [ -122.342312000000646, 47.850152000001131 ], [ -122.347630000001161, 47.846574000000601 ], [ -122.356465000001265, 47.843092000001072 ], [ -122.368854000000965, 47.831890000000328 ], [ -122.384144000001641, 47.817618000000593 ], [ -122.390015000000957, 47.812243000000386 ], [ -122.39697000000136, 47.803308000000406 ], [ -122.396987000000721, 47.803240000000933 ], [ -122.440605000001725, 47.803127000000671 ], [ -122.438093000000777, 47.777814000000753 ], [ -122.430277000001681, 47.764455000000858 ], [ -122.429920000001687, 47.735280000000749 ], [ -122.432216000000665, 47.731932000000903 ], [ -122.43329100000112, 47.729347000000743 ], [ -122.434061000001705, 47.726357000000498 ], [ -122.441601000000958, 47.709459000000813 ], [ -122.451913000000459, 47.69523700000083 ], [ -122.458000000001761, 47.684079000001091 ], [ -122.454346000000683, 47.652662000000952 ], [ -122.452679000001126, 47.640561000000993 ], [ -122.453522000001243, 47.632556000001145 ], [ -122.453006000001807, 47.622876000001007 ], [ -122.44790800000078, 47.614741000000357 ], [ -122.446947000001757, 47.598100000001018 ], [ -122.439631000000944, 47.599265000001203 ], [ -122.413438000001406, 47.603971000001152 ], [ -122.411776000000842, 47.60443300000086 ], [ -122.407735000001196, 47.605556000000703 ], [ -122.407421000001165, 47.598964000000691 ], [ -122.406326000001087, 47.592959000000597 ], [ -122.405451000000554, 47.588166000001074 ], [ -122.400970000000527, 47.577625000000694 ], [ -122.401371000001703, 47.577631000000878 ], [ -122.402807000000521, 47.572214000000884 ], [ -122.396106000000643, 47.572106000001135 ], [ -122.394749000001767, 47.57209300000055 ], [ -122.390778000000935, 47.572053000000963 ], [ -122.392133000001678, 47.566629000000795 ], [ -122.392145000000539, 47.562958000001203 ], [ -122.392161000001337, 47.5611480000006 ], [ -122.388131000001636, 47.562945000000632 ], [ -122.386777000001715, 47.562906000000353 ], [ -122.386784000001398, 47.561111000000551 ], [ -122.386832000000695, 47.559323000000795 ], [ -122.390880000001459, 47.559337000000539 ], [ -122.390683000000678, 47.553941000000691 ], [ -122.391050000000561, 47.553946000000451 ], [ -122.391153000001296, 47.550354000001043 ], [ -122.392432000001463, 47.550264000001206 ], [ -122.395133000001138, 47.548597000000605 ], [ -122.395202000000722, 47.544972000000669 ], [ -122.444778000001079, 47.544416000000581 ], [ -122.454072000001517, 47.535457000000335 ], [ -122.481839000001159, 47.519580000000559 ], [ -122.485216000000818, 47.508189000000947 ], [ -122.495564000001281, 47.491583000000446 ], [ -122.498163000001639, 47.48849900000063 ], [ -122.513635000001244, 47.470809000000671 ], [ -122.516544000001161, 47.466742000001098 ], [ -122.523183000001438, 47.447012000000655 ], [ -122.523334000000887, 47.432189000000335 ], [ -122.527658000001821, 47.416601000001123 ], [ -122.533167000001157, 47.4094250000012 ], [ -122.536993000000919, 47.403355000001149 ], [ -122.537213000001273, 47.389610000001056 ], [ -122.536935000000895, 47.336424000000761 ], [ -122.533474000000766, 47.332082000000781 ], [ -122.553629000001237, 47.32010600000045 ], [ -122.546659000001483, 47.30007600000107 ], [ -122.540738000000559, 47.290320000001103 ], [ -122.543263000000579, 47.281112000000668 ], [ -122.551328000000836, 47.269392000000629 ], [ -122.563107000001281, 47.250568000001174 ], [ -122.565437000000642, 47.246820000000902 ], [ -122.622139000001397, 47.209219000000999 ], [ -122.637670000000796, 47.22150900000036 ], [ -122.675341000000515, 47.251319000000429 ], [ -122.732542000001402, 47.20581800000069 ], [ -122.711036000001641, 47.195957000001144 ], [ -122.759505000000473, 47.141315000000461 ], [ -122.743280000000837, 47.132847000000531 ], [ -122.737921000000796, 47.129913000000634 ], [ -122.710237000001683, 47.117449000000548 ], [ -122.704049000001561, 47.071870000001184 ], [ -122.703887000001757, 47.071688000000641 ], [ -122.696341000001482, 47.061874000001147 ], [ -122.660690000001395, 47.010460000000514 ], [ -122.611652000001499, 46.967236000000455 ], [ -122.590010000001683, 46.973966000000786 ], [ -122.565163000000979, 46.966573000000643 ], [ -122.564654000001127, 46.966408000000683 ], [ -122.560436000001005, 46.933457000000459 ], [ -122.527302000001782, 46.923511000000495 ], [ -122.497796000000918, 46.908843000000978 ], [ -122.490674000000979, 46.867263000001088 ], [ -122.423648000000696, 46.849251000000443 ], [ -122.372914000000577, 46.845183000000667 ], [ -122.330532000000659, 46.84336200000044 ], [ -122.304236000001183, 46.820637000000723 ], [ -122.306259000001106, 46.80631100000047 ], [ -122.269624000001599, 46.766796000001136 ], [ -122.203115000000963, 46.763061000001109 ], [ -122.082298000000904, 46.752220000000619 ], [ -122.041301000001823, 46.742522000000385 ], [ -122.002468000001556, 46.753265000000539 ], [ -121.939249000001737, 46.748068000001084 ], [ -121.854972000001496, 46.729248000000823 ], [ -121.855188000000638, 46.677669000000407 ], [ -122.107241000001238, 46.677183000001101 ], [ -122.116035000001119, 46.648373000000497 ], [ -122.198995000001801, 46.64833700000105 ], [ -122.199130000000736, 46.561692000000903 ], [ -122.178444000000979, 46.517937000000721 ], [ -122.304667000000777, 46.517816000000671 ], [ -122.388409000001076, 46.51795900000095 ], [ -122.397641000000675, 46.560961000000894 ], [ -122.427345000000599, 46.56139900000084 ], [ -122.468889000001525, 46.594130000001059 ], [ -122.532660000000519, 46.568407000001123 ], [ -122.594280000001518, 46.560975000000731 ], [ -122.646923000000839, 46.531872000000803 ], [ -122.657278000001739, 46.531903000001037 ], [ -122.678311000001003, 46.509329000000555 ], [ -122.740604000000658, 46.482801000000869 ], [ -122.740481000001438, 46.532203000000912 ], [ -122.777282000000923, 46.532207000001144 ], [ -122.777211000001202, 46.546743000000454 ], [ -122.829516000001362, 46.561557000000697 ], [ -122.874338000001117, 46.576186000000995 ], [ -122.877658000000807, 46.57504300000106 ], [ -122.878496000001519, 46.576191000000513 ], [ -122.881971000001698, 46.57619500000105 ], [ -122.887290000001641, 46.576195000001043 ], [ -122.9135310000011, 46.571410000000526 ], [ -122.922351000000859, 46.582329000000904 ], [ -122.948874000001396, 46.605346000000395 ], [ -122.992496000001225, 46.630455000001071 ], [ -123.029055000000497, 46.637605000000406 ], [ -123.045341000001017, 46.655475000001204 ], [ -123.013891000001578, 46.684467000000609 ], [ -123.045381000001285, 46.691714000000708 ] ] ] } },
{ "type": "Feature", "properties": { "opt_all": 7, "population": 772173.0, "voting_age_pop": 659629.0, "dem_votes": 341439.0, "rep_votes": 67953.0, "minority_pop": 239277.0, "dem_pct": 0.83401483154677791, "rep_pct": 0.1659851682089574 }, "geometry": { "type": "Polygon", "coordinates": [ [ [ -122.510982000001675, 47.319819000000983 ], [ -122.533474000000766, 47.332082000000781 ], [ -122.536935000000895, 47.336424000000761 ], [ -122.537213000001273, 47.389610000001056 ], [ -122.536993000000919, 47.403355000001149 ], [ -122.533167000001157, 47.4094250000012 ], [ -122.527658000001821, 47.416601000001123 ], [ -122.523334000000887, 47.432189000000335 ], [ -122.523183000001438, 47.447012000000655 ], [ -122.516544000001161, 47.466742000001098 ], [ -122.513635000001244, 47.470809000000671 ], [ -122.498163000001639, 47.48849900000063 ], [ -122.495564000001281, 47.491583000000446 ], [ -122.485216000000818, 47.508189000000947 ], [ -122.481839000001159, 47.519580000000559 ], [ -122.454072000001517, 47.535457000000335 ], [ -122.444778000001079, 47.544416000000581 ], [ -122.395202000000722, 47.544972000000669 ], [ -122.395133000001138, 47.548597000000605 ], [ -122.392432000001463, 47.550264000001206 ], [ -122.391153000001296, 47.550354000001043 ], [ -122.391050000000561, 47.553946000000451 ], [ -122.390683000000678, 47.553941000000691 ], [ -122.390880000001459, 47.559337000000539 ], [ -122.386832000000695, 47.559323000000795 ], [ -122.386784000001398, 47.561111000000551 ], [ -122.386777000001715, 47.562906000000353 ], [ -122.388131000001636, 47.562945000000632 ], [ -122.392161000001337, 47.5611480000006 ], [ -122.392145000000539, 47.562958000001203 ], [ -122.392133000001678, 47.566629000000795 ], [ -122.390778000000935, 47.572053000000963 ], [ -122.394749000001767, 47.57209300000055 ], [ -122.396106000000643, 47.572106000001135 ], [ -122.402807000000521, 47.572214000000884 ], [ -122.401371000001703, 47.577631000000878 ], [ -122.400970000000527, 47.577625000000694 ], [ -122.405451000000554, 47.588166000001074 ], [ -122.406326000001087, 47.592959000000597 ], [ -122.407421000001165, 47.598964000000691 ], [ -122.407735000001196, 47.605556000000703 ], [ -122.411776000000842, 47.60443300000086 ], [ -122.413438000001406, 47.603971000001152 ], [ -122.439631000000944, 47.599265000001203 ], [ -122.446947000001757, 47.598100000001018 ], [ -122.44790800000078, 47.614741000000357 ], [ -122.453006000001807, 47.622876000001007 ], [ -122.453522000001243, 47.632556000001145 ], [ -122.452679000001126, 47.640561000000993 ], [ -122.454346000000683, 47.652662000000952 ], [ -122.458000000001761, 47.684079000001091 ], [ -122.451913000000459, 47.69523700000083 ], [ -122.441601000000958, 47.709459000000813 ], [ -122.434061000001705, 47.726357000000498 ], [ -122.43329100000112, 47.729347000000743 ], [ -122.432216000000665, 47.731932000000903 ], [ -122.429920000001687, 47.735280000000749 ], [ -122.430277000001681, 47.764455000000858 ], [ -122.438093000000777, 47.777814000000753 ], [ -122.398825000000556, 47.777938000000468 ], [ -122.393172000001485, 47.777929000001059 ], [ -122.388204000001195, 47.777910000000517 ], [ -122.382879000000756, 47.777872000001182 ], [ -122.377522000000525, 47.777850000001138 ], [ -122.377334000000758, 47.777848000001086 ], [ -122.37208400000172, 47.777801000000522 ], [ -122.366685000000757, 47.777743000000655 ], [ -122.361617000001047, 47.777777000000818 ], [ -122.361326000001341, 47.777764000000765 ], [ -122.3559500000014, 47.777766000001137 ], [ -122.351490000000837, 47.777781000000729 ], [ -122.346155000000678, 47.777794000000341 ], [ -122.338519000000858, 47.777785000001067 ], [ -122.329939000000493, 47.77762000000115 ], [ -122.327229000001196, 47.777657000000744 ], [ -122.332820000000737, 47.792335000000918 ], [ -122.330454000000714, 47.794132000000729 ], [ -122.329873000001442, 47.802373000000649 ], [ -122.329265000000717, 47.803213000000973 ], [ -122.325590000001284, 47.808315000001087 ], [ -122.324043000000543, 47.81045900000089 ], [ -122.321378000001204, 47.81403200000063 ], [ -122.318310000001816, 47.817586000000581 ], [ -122.308672000001181, 47.817489000000855 ], [ -122.300489000001562, 47.817449000001105 ], [ -122.303211000000957, 47.806537000001143 ], [ -122.297793000000638, 47.806490000001176 ], [ -122.295059000001658, 47.806456000000892 ], [ -122.292308000000673, 47.808240000001028 ], [ -122.286981000001404, 47.806540000001064 ], [ -122.286984000001127, 47.806394000001177 ], [ -122.281524000001141, 47.798844000000614 ], [ -122.281486000001038, 47.795468000000312 ], [ -122.284140000000519, 47.791806000000634 ], [ -122.286224000000715, 47.791843000000959 ], [ -122.286794000000739, 47.788195000000371 ], [ -122.286834000001676, 47.781840000001168 ], [ -122.286839000001621, 47.780941000001128 ], [ -122.288244000000745, 47.77733400000119 ], [ -122.286863000001063, 47.777322000000602 ], [ -122.284249000000884, 47.777297000000779 ], [ -122.273809000000526, 47.777142000000566 ], [ -122.271033000000699, 47.77709500000077 ], [ -122.269717000001023, 47.770248000000677 ], [ -122.270517000001618, 47.768551000000571 ], [ -122.270501000000763, 47.76622500000034 ], [ -122.270420000001124, 47.762645000000994 ], [ -122.270493000000599, 47.761161000000989 ], [ -122.270594000001324, 47.759319000000382 ], [ -122.266990000000959, 47.752125000000795 ], [ -122.271018000000637, 47.748339000000684 ], [ -122.274137000000678, 47.74502000000043 ], [ -122.274323000001544, 47.744526000001187 ], [ -122.275619000000759, 47.74109200000062 ], [ -122.274397000000903, 47.733732000000408 ], [ -122.273491000001755, 47.726578000000742 ], [ -122.27346200000072, 47.726476000000673 ], [ -122.271923000000882, 47.720434000000822 ], [ -122.270406000001501, 47.717004000000394 ], [ -122.267942000001554, 47.712254000000499 ], [ -122.267627000000601, 47.711762000000597 ], [ -122.262323000000663, 47.704308000000559 ], [ -122.255062000001644, 47.696866000001187 ], [ -122.243423000001357, 47.689524000000709 ], [ -122.238212000001738, 47.687114000001145 ], [ -122.229681000000838, 47.668681000001129 ], [ -122.231311000001284, 47.664414000000718 ], [ -122.231924000000816, 47.663757000001226 ], [ -122.239443000001344, 47.658764000000559 ], [ -122.241990000000527, 47.657767000000334 ], [ -122.256908000001459, 47.647229000000358 ], [ -122.259622000000675, 47.640374000001131 ], [ -122.259846000000863, 47.638604000000392 ], [ -122.260051000001326, 47.636990000000665 ], [ -122.260675000000646, 47.632007000000343 ], [ -122.261003000000485, 47.629387000000499 ], [ -122.262238000000806, 47.62477600000085 ], [ -122.262722000000835, 47.621146000000458 ], [ -122.26365100000146, 47.613115000000526 ], [ -122.264069000000717, 47.609819000000726 ], [ -122.264654000000917, 47.605203000000706 ], [ -122.264845000000818, 47.603695000001046 ], [ -122.265147000001562, 47.601321000000915 ], [ -122.265407000001616, 47.599210000000646 ], [ -122.265917000001537, 47.595094000000451 ], [ -122.266327000000615, 47.591805000001088 ], [ -122.266556000001785, 47.589953000000861 ], [ -122.266493000001276, 47.583781000000648 ], [ -122.287727000000501, 47.585107000000988 ], [ -122.287921000001447, 47.578308000001201 ], [ -122.288285000000997, 47.57833900000103 ], [ -122.290883000001159, 47.576157000000663 ], [ -122.296245000000994, 47.575871000000852 ], [ -122.293244000001678, 47.571915000000537 ], [ -122.290701000001206, 47.569769000001124 ], [ -122.288750000000675, 47.566144000000818 ], [ -122.288616000001483, 47.565657000001188 ], [ -122.287005000001756, 47.560717000001056 ], [ -122.288823000001514, 47.560723000000337 ], [ -122.291016000001022, 47.560762000000963 ], [ -122.293203000001796, 47.560809000000354 ], [ -122.297254000000677, 47.561679000001064 ], [ -122.304388000001282, 47.559636000000708 ], [ -122.303323000000844, 47.556232000000506 ], [ -122.305333000001355, 47.557119000000448 ], [ -122.313465000001315, 47.554757000000428 ], [ -122.313432000001086, 47.559048000000672 ], [ -122.319056000000543, 47.554871000001121 ], [ -122.313494000000944, 47.549439000000923 ], [ -122.310086000001277, 47.547239000000381 ], [ -122.297577000001638, 47.536741000000561 ], [ -122.293096000000943, 47.536972000001136 ], [ -122.287676000001113, 47.526118000000558 ], [ -122.286038000000914, 47.523846000001022 ], [ -122.279716000001656, 47.520626000000462 ], [ -122.278235000000805, 47.509852000000976 ], [ -122.282967000000696, 47.509953000001175 ], [ -122.291283000001798, 47.519301000000745 ], [ -122.293650000001477, 47.524460000000616 ], [ -122.318455000000839, 47.531767000000904 ], [ -122.307436000001445, 47.512949000000447 ], [ -122.300787000001762, 47.506486000000614 ], [ -122.312597000001475, 47.507094000000912 ], [ -122.315272000001158, 47.503024000000437 ], [ -122.317081000001366, 47.503004000000722 ], [ -122.324789000001076, 47.49946600000056 ], [ -122.328184000001045, 47.513994000000316 ], [ -122.330273000000517, 47.513999000000638 ], [ -122.3342520000012, 47.513897000000448 ], [ -122.342878000000965, 47.517287000001197 ], [ -122.345426000001638, 47.517302000001131 ], [ -122.355167000000705, 47.517380000000855 ], [ -122.360495000000526, 47.51552800000082 ], [ -122.364570000001279, 47.517362000000929 ], [ -122.371400000001685, 47.517424000000602 ], [ -122.371104000001154, 47.51370500000089 ], [ -122.370877000001641, 47.508199000001113 ], [ -122.371413000000558, 47.50277800000093 ], [ -122.375024000001403, 47.497320000000954 ], [ -122.380128000000497, 47.493203000000847 ], [ -122.40765800000176, 47.48215000000031 ], [ -122.408482000001143, 47.454562000001019 ], [ -122.404137000001313, 47.445320000000898 ], [ -122.392236000000565, 47.432621000000623 ], [ -122.375599000000818, 47.417908000000473 ], [ -122.365035000001313, 47.408721000001201 ], [ -122.373535000001155, 47.365521000000406 ], [ -122.426665000001407, 47.33867200000055 ], [ -122.437252000000498, 47.333717000001094 ], [ -122.4529660000006, 47.324885000000442 ], [ -122.485025000001116, 47.317336000000893 ], [ -122.510135000001753, 47.319620000001052 ], [ -122.510982000001675, 47.319819000000983 ] ] ] } },
{ "type": "Feature", "properties": { "opt_all": 8, "population": 767802.0, "voting_age_pop": 589587.0, "dem_votes": 224543.0, "rep_votes": 135594.0, "minority_pop": 226759.0, "dem_pct": 0.62349328155021744, "rep_pct": 0.3765067181721104 }, "geometry": { "type": "Polygon", "coordinates": [ [ [ -122.247649000000521, 47.570537000000755 ], [ -122.261153000000817, 47.576115000000463 ], [ -122.266493000001276, 47.583781000000648 ], [ -122.266556000001785, 47.589953000000861 ], [ -122.266327000000615, 47.591805000001088 ], [ -122.265917000001537, 47.595094000000451 ], [ -122.265407000001616, 47.599210000000646 ], [ -122.265147000001562, 47.601321000000915 ], [ -122.264845000000818, 47.603695000001046 ], [ -122.264654000000917, 47.605203000000706 ], [ -122.264069000000717, 47.609819000000726 ], [ -122.26365100000146, 47.613115000000526 ], [ -122.262722000000835, 47.621146000000458 ], [ -122.262238000000806, 47.62477600000085 ], [ -122.261003000000485, 47.629387000000499 ], [ -122.260675000000646, 47.632007000000343 ], [ -122.260051000001326, 47.636990000000665 ], [ -122.259846000000863, 47.638604000000392 ], [ -122.259622000000675, 47.640374000001131 ], [ -122.256908000001459, 47.647229000000358 ], [ -122.241990000000527, 47.657767000000334 ], [ -122.239443000001344, 47.658764000000559 ], [ -122.231924000000816, 47.663757000001226 ], [ -122.231311000001284, 47.664414000000718 ], [ -122.229681000000838, 47.668681000001129 ], [ -122.238212000001738, 47.687114000001145 ], [ -122.243423000001357, 47.689524000000709 ], [ -122.255062000001644, 47.696866000001187 ], [ -122.262323000000663, 47.704308000000559 ], [ -122.267627000000601, 47.711762000000597 ], [ -122.267942000001554, 47.712254000000499 ], [ -122.270406000001501, 47.717004000000394 ], [ -122.271923000000882, 47.720434000000822 ], [ -122.27346200000072, 47.726476000000673 ], [ -122.273491000001755, 47.726578000000742 ], [ -122.274397000000903, 47.733732000000408 ], [ -122.275619000000759, 47.74109200000062 ], [ -122.274323000001544, 47.744526000001187 ], [ -122.274137000000678, 47.74502000000043 ], [ -122.271018000000637, 47.748339000000684 ], [ -122.266990000000959, 47.752125000000795 ], [ -122.270594000001324, 47.759319000000382 ], [ -122.270493000000599, 47.761161000000989 ], [ -122.270420000001124, 47.762645000000994 ], [ -122.270501000000763, 47.76622500000034 ], [ -122.270517000001618, 47.768551000000571 ], [ -122.269717000001023, 47.770248000000677 ], [ -122.271033000000699, 47.77709500000077 ], [ -122.273809000000526, 47.777142000000566 ], [ -122.284249000000884, 47.777297000000779 ], [ -122.286863000001063, 47.777322000000602 ], [ -122.288244000000745, 47.77733400000119 ], [ -122.286839000001621, 47.780941000001128 ], [ -122.286834000001676, 47.781840000001168 ], [ -122.286794000000739, 47.788195000000371 ], [ -122.286224000000715, 47.791843000000959 ], [ -122.284140000000519, 47.791806000000634 ], [ -122.281486000001038, 47.795468000000312 ], [ -122.281524000001141, 47.798844000000614 ], [ -122.286984000001127, 47.806394000001177 ], [ -122.279160000001639, 47.806385000000667 ], [ -122.261220000001117, 47.806288000001139 ], [ -122.260238000000555, 47.797821000000773 ], [ -122.256025000000776, 47.792404000000673 ], [ -122.253265000000525, 47.802694000000308 ], [ -122.254226000000955, 47.808314000000372 ], [ -122.249031000001395, 47.822953000000794 ], [ -122.253891000000635, 47.825691000001186 ], [ -122.253355000000553, 47.825891000000723 ], [ -122.238505000000714, 47.824162000000726 ], [ -122.237813000000898, 47.828843000000894 ], [ -122.227588000000765, 47.829136000000332 ], [ -122.227642000001126, 47.826473000000789 ], [ -122.221175000000727, 47.823583000000575 ], [ -122.212498000000778, 47.82024700000035 ], [ -122.207469000001765, 47.820258000000969 ], [ -122.207491000000999, 47.816668000001151 ], [ -122.207689000000585, 47.809412000000762 ], [ -122.196838000001719, 47.811985000000867 ], [ -122.192234000000695, 47.81293100000115 ], [ -122.186114000001396, 47.814045000000988 ], [ -122.186118000001684, 47.805502000001162 ], [ -122.186139000000679, 47.805501000000717 ], [ -122.186336000000566, 47.7983080000012 ], [ -122.18645900000152, 47.795203000000882 ], [ -122.186361000001554, 47.787439000000667 ], [ -122.172482000000883, 47.779934000000523 ], [ -122.169443000001422, 47.77625900000038 ], [ -122.166746000001595, 47.776249000000561 ], [ -122.164090000001124, 47.776220000001182 ], [ -122.154157000001462, 47.776196000000624 ], [ -122.153842000000495, 47.776196000000603 ], [ -122.131834000001035, 47.776046000000321 ], [ -122.112945000001716, 47.775949000000544 ], [ -122.099514000000994, 47.775872000001179 ], [ -122.07464700000132, 47.775976000000732 ], [ -122.065750000000762, 47.775855000000931 ], [ -122.055067000001273, 47.775683000000889 ], [ -122.054104000001601, 47.775685000000834 ], [ -122.033973000000714, 47.775680000000307 ], [ -122.023486000001554, 47.775584000000677 ], [ -122.018293000001762, 47.775531000000683 ], [ -122.000365000001182, 47.775392000000338 ], [ -122.000346000001841, 47.775390000001046 ], [ -121.9278210000016, 47.77696200000068 ], [ -121.884438000001623, 47.777217000000853 ], [ -121.861939000001101, 47.777305000001135 ], [ -121.849605000001475, 47.776946000000962 ], [ -121.666727000001842, 47.77721400000091 ], [ -121.584541000001181, 47.777054000000533 ], [ -121.584460000000803, 47.777055000000374 ], [ -121.455535000001404, 47.780576000000622 ], [ -121.119179000000841, 47.779933000000909 ], [ -121.078995000001839, 47.739190000000796 ], [ -121.068958000001075, 47.706245000000457 ], [ -121.122742000000798, 47.683906000000462 ], [ -121.133697000000822, 47.64560500000114 ], [ -121.120245000001844, 47.613242000000675 ], [ -121.113569000001235, 47.597288000000468 ], [ -121.146932000000803, 47.593463000000803 ], [ -121.182204000000624, 47.565184000001032 ], [ -121.283693000001634, 47.51875700000047 ], [ -121.303135000001078, 47.486023000000465 ], [ -121.338773000001126, 47.476032000001105 ], [ -121.410878000000679, 47.424539000000657 ], [ -121.427194000000924, 47.394874000000371 ], [ -121.464234000000886, 47.354416000000846 ], [ -121.444655000001035, 47.343761000001017 ], [ -121.43283700000076, 47.294170000000726 ], [ -121.338627000001324, 47.276297000000589 ], [ -121.365066000000922, 47.224384000000896 ], [ -121.317600000001036, 47.212131000001271 ], [ -121.315534000001165, 47.133844000000558 ], [ -121.364677000000682, 47.141759000001187 ], [ -121.408081000000962, 47.11810000000068 ], [ -121.379682000000955, 47.087495000000658 ], [ -121.379961000001799, 47.087248000001047 ], [ -121.441756000000794, 47.084402000001035 ], [ -121.468100000000604, 47.098352000000411 ], [ -121.531511000001757, 47.124579000000509 ], [ -121.593746000001033, 47.121803000001243 ], [ -121.611819000001603, 47.143166000000384 ], [ -121.663755000001444, 47.159862000000906 ], [ -121.719871000000637, 47.151250000000424 ], [ -121.796464000001478, 47.173059000000883 ], [ -121.8402760000006, 47.143220000001229 ], [ -121.963205000001437, 47.156485000001148 ], [ -121.973384000000635, 47.160804000000944 ], [ -121.99461100000174, 47.172675000000687 ], [ -122.023250000000957, 47.174048000000774 ], [ -122.037439000001442, 47.172687000000892 ], [ -122.043017000000759, 47.171972000001219 ], [ -122.112540000001005, 47.213715000001002 ], [ -122.115271000000575, 47.228300000000871 ], [ -122.12295300000072, 47.232043000000793 ], [ -122.122965000001201, 47.236207000000661 ], [ -122.122968000000881, 47.239134000000689 ], [ -122.131264000000598, 47.243146000000934 ], [ -122.143976000001473, 47.257526000000645 ], [ -122.143440000000894, 47.257521000000523 ], [ -122.144384000001324, 47.258768000000963 ], [ -122.158416000001381, 47.271967000000451 ], [ -122.144509000000767, 47.271972000000915 ], [ -122.144547000001779, 47.284067000000803 ], [ -122.144517000001684, 47.286337000001012 ], [ -122.081206000001004, 47.288851000000449 ], [ -122.086375000000643, 47.301044000000985 ], [ -122.059973000000625, 47.301243000001037 ], [ -122.0603130000014, 47.329479000001086 ], [ -122.049044000001757, 47.336715000000723 ], [ -122.053898000001439, 47.34058700000066 ], [ -122.053873000000706, 47.343570000001087 ], [ -122.043264000001685, 47.343570000000348 ], [ -122.037790000001195, 47.343544000000371 ], [ -122.027115000001004, 47.343518000000479 ], [ -122.016426000000905, 47.343552000000749 ], [ -121.947113000000897, 47.34335600000054 ], [ -121.950511000000645, 47.356346000001182 ], [ -121.97546000000068, 47.373695000000936 ], [ -122.013720000000959, 47.365231000000527 ], [ -122.016318000001078, 47.365264000000494 ], [ -122.016294000001139, 47.372427000000535 ], [ -122.022360000001754, 47.383168000001021 ], [ -122.032019000001753, 47.389362000000666 ], [ -122.044569000001076, 47.397447000000504 ], [ -122.041453000001439, 47.406468000000451 ], [ -122.058472000000918, 47.440364000000848 ], [ -122.066715000000883, 47.438217000001117 ], [ -122.108023000001793, 47.46314000000077 ], [ -122.120914000001122, 47.463243000000453 ], [ -122.137516000001256, 47.465255000000511 ], [ -122.142582000001156, 47.466076000000456 ], [ -122.153522000001118, 47.473957000000468 ], [ -122.164152000000925, 47.47771100000098 ], [ -122.156448000000637, 47.48127700000051 ], [ -122.156011000000618, 47.481278000000849 ], [ -122.148224000000596, 47.481216000000828 ], [ -122.142873000001046, 47.481188000000536 ], [ -122.132275000000675, 47.477420000000961 ], [ -122.132262000001759, 47.475809000000567 ], [ -122.126930000000598, 47.475116000000675 ], [ -122.126955000000805, 47.471034000000643 ], [ -122.124393000001376, 47.473747000000891 ], [ -122.121624000001717, 47.473725000000854 ], [ -122.121797000001237, 47.481804000000992 ], [ -122.121137000001553, 47.484481000000649 ], [ -122.124579000001276, 47.484575000000802 ], [ -122.132362000001606, 47.48328200000055 ], [ -122.129823000000997, 47.488245000001193 ], [ -122.135058000001493, 47.488324000000759 ], [ -122.143148000001702, 47.495551000000688 ], [ -122.143237000001278, 47.499220000000705 ], [ -122.143282000000838, 47.501006000000899 ], [ -122.147400000000644, 47.501050000000561 ], [ -122.148644000001326, 47.50287300000047 ], [ -122.143312000001046, 47.502810000001119 ], [ -122.143331000001581, 47.505589000000853 ], [ -122.156551000001684, 47.5057200000008 ], [ -122.164691000001099, 47.503899000000608 ], [ -122.164624000001439, 47.501131000000711 ], [ -122.172643000001116, 47.50306400000099 ], [ -122.172492000001441, 47.497824000000911 ], [ -122.180698000001044, 47.499880000000786 ], [ -122.18163500000172, 47.493969000000838 ], [ -122.185599000000806, 47.494696000001063 ], [ -122.18560600000076, 47.500868000001006 ], [ -122.190965000001583, 47.498076000001049 ], [ -122.191071000000875, 47.50127800000098 ], [ -122.196883000000767, 47.502673000000371 ], [ -122.198185000000564, 47.509848000000723 ], [ -122.191033000000601, 47.509751000000598 ], [ -122.185677000001135, 47.509836000001137 ], [ -122.180463000001183, 47.514080000000369 ], [ -122.180473000000802, 47.516603000000963 ], [ -122.185712000001303, 47.52222400000116 ], [ -122.192373000000885, 47.534816000000774 ], [ -122.194262000001061, 47.539357000000741 ], [ -122.19481200000088, 47.545713000000909 ], [ -122.196281000001122, 47.546089000000741 ], [ -122.201999000001095, 47.546088000000978 ], [ -122.204273000001024, 47.539344000001023 ], [ -122.204815000001418, 47.538329000000658 ], [ -122.218763000001687, 47.523984000000524 ], [ -122.225394000001202, 47.52136800000067 ], [ -122.227165000001037, 47.520702000001208 ], [ -122.235699000001262, 47.517769000000904 ], [ -122.240322000001285, 47.519865000000536 ], [ -122.244471000001525, 47.521786000000702 ], [ -122.247181000000921, 47.523218000000533 ], [ -122.249087000000799, 47.524407000000473 ], [ -122.253127000000674, 47.528445000000758 ], [ -122.254699000001636, 47.532185000000894 ], [ -122.254892000000837, 47.535264000000531 ], [ -122.25423400000092, 47.537556000001217 ], [ -122.253717000001743, 47.538534000000638 ], [ -122.245003000001702, 47.546051000001071 ], [ -122.24338600000064, 47.547974000000657 ], [ -122.242482000001402, 47.549384000000742 ], [ -122.240575000000675, 47.554038000001128 ], [ -122.242219000000659, 47.564721000000425 ], [ -122.245780000001204, 47.569033000000637 ], [ -122.247649000000521, 47.570537000000755 ] ] ] } },
{ "type": "Feature", "properties": { "opt_all": 9, "population": 770576.0, "voting_age_pop": 596111.0, "dem_votes": 190011.0, "rep_votes": 106489.0, "minority_pop": 319460.0, "dem_pct": 0.6408465427855492, "rep_pct": 0.35915345687718264 }, "geometry": { "type": "Polygon", "coordinates": [ [ [ -122.381839000000923, 47.29550600000038 ], [ -122.38956700000098, 47.300597000001176 ], [ -122.389650000001765, 47.300663000000682 ], [ -122.395149000001425, 47.304689000000451 ], [ -122.39657700000086, 47.305674000000614 ], [ -122.410535000001161, 47.315261000000326 ], [ -122.423209000001194, 47.324018000001217 ], [ -122.437252000000498, 47.333717000001094 ], [ -122.426665000001407, 47.33867200000055 ], [ -122.373535000001155, 47.365521000000406 ], [ -122.365035000001313, 47.408721000001201 ], [ -122.375599000000818, 47.417908000000473 ], [ -122.392236000000565, 47.432621000000623 ], [ -122.404137000001313, 47.445320000000898 ], [ -122.408482000001143, 47.454562000001019 ], [ -122.40765800000176, 47.48215000000031 ], [ -122.380128000000497, 47.493203000000847 ], [ -122.375024000001403, 47.497320000000954 ], [ -122.371413000000558, 47.50277800000093 ], [ -122.370877000001641, 47.508199000001113 ], [ -122.371104000001154, 47.51370500000089 ], [ -122.371400000001685, 47.517424000000602 ], [ -122.364570000001279, 47.517362000000929 ], [ -122.360495000000526, 47.51552800000082 ], [ -122.355167000000705, 47.517380000000855 ], [ -122.345426000001638, 47.517302000001131 ], [ -122.342878000000965, 47.517287000001197 ], [ -122.3342520000012, 47.513897000000448 ], [ -122.330273000000517, 47.513999000000638 ], [ -122.328184000001045, 47.513994000000316 ], [ -122.324789000001076, 47.49946600000056 ], [ -122.317081000001366, 47.503004000000722 ], [ -122.315272000001158, 47.503024000000437 ], [ -122.312597000001475, 47.507094000000912 ], [ -122.300787000001762, 47.506486000000614 ], [ -122.307436000001445, 47.512949000000447 ], [ -122.318455000000839, 47.531767000000904 ], [ -122.293650000001477, 47.524460000000616 ], [ -122.291283000001798, 47.519301000000745 ], [ -122.282967000000696, 47.509953000001175 ], [ -122.278235000000805, 47.509852000000976 ], [ -122.279716000001656, 47.520626000000462 ], [ -122.286038000000914, 47.523846000001022 ], [ -122.287676000001113, 47.526118000000558 ], [ -122.293096000000943, 47.536972000001136 ], [ -122.297577000001638, 47.536741000000561 ], [ -122.310086000001277, 47.547239000000381 ], [ -122.313494000000944, 47.549439000000923 ], [ -122.319056000000543, 47.554871000001121 ], [ -122.313432000001086, 47.559048000000672 ], [ -122.313465000001315, 47.554757000000428 ], [ -122.305333000001355, 47.557119000000448 ], [ -122.303323000000844, 47.556232000000506 ], [ -122.304388000001282, 47.559636000000708 ], [ -122.297254000000677, 47.561679000001064 ], [ -122.293203000001796, 47.560809000000354 ], [ -122.291016000001022, 47.560762000000963 ], [ -122.288823000001514, 47.560723000000337 ], [ -122.287005000001756, 47.560717000001056 ], [ -122.288616000001483, 47.565657000001188 ], [ -122.288750000000675, 47.566144000000818 ], [ -122.290701000001206, 47.569769000001124 ], [ -122.293244000001678, 47.571915000000537 ], [ -122.296245000000994, 47.575871000000852 ], [ -122.290883000001159, 47.576157000000663 ], [ -122.288285000000997, 47.57833900000103 ], [ -122.287921000001447, 47.578308000001201 ], [ -122.287727000000501, 47.585107000000988 ], [ -122.266493000001276, 47.583781000000648 ], [ -122.261153000000817, 47.576115000000463 ], [ -122.247649000000521, 47.570537000000755 ], [ -122.245780000001204, 47.569033000000637 ], [ -122.242219000000659, 47.564721000000425 ], [ -122.240575000000675, 47.554038000001128 ], [ -122.242482000001402, 47.549384000000742 ], [ -122.24338600000064, 47.547974000000657 ], [ -122.245003000001702, 47.546051000001071 ], [ -122.253717000001743, 47.538534000000638 ], [ -122.25423400000092, 47.537556000001217 ], [ -122.254892000000837, 47.535264000000531 ], [ -122.254699000001636, 47.532185000000894 ], [ -122.253127000000674, 47.528445000000758 ], [ -122.249087000000799, 47.524407000000473 ], [ -122.247181000000921, 47.523218000000533 ], [ -122.244471000001525, 47.521786000000702 ], [ -122.240322000001285, 47.519865000000536 ], [ -122.235699000001262, 47.517769000000904 ], [ -122.227165000001037, 47.520702000001208 ], [ -122.225394000001202, 47.52136800000067 ], [ -122.218763000001687, 47.523984000000524 ], [ -122.204815000001418, 47.538329000000658 ], [ -122.204273000001024, 47.539344000001023 ], [ -122.201999000001095, 47.546088000000978 ], [ -122.196281000001122, 47.546089000000741 ], [ -122.19481200000088, 47.545713000000909 ], [ -122.194262000001061, 47.539357000000741 ], [ -122.192373000000885, 47.534816000000774 ], [ -122.185712000001303, 47.52222400000116 ], [ -122.180473000000802, 47.516603000000963 ], [ -122.180463000001183, 47.514080000000369 ], [ -122.185677000001135, 47.509836000001137 ], [ -122.191033000000601, 47.509751000000598 ], [ -122.198185000000564, 47.509848000000723 ], [ -122.196883000000767, 47.502673000000371 ], [ -122.191071000000875, 47.50127800000098 ], [ -122.190965000001583, 47.498076000001049 ], [ -122.18560600000076, 47.500868000001006 ], [ -122.185599000000806, 47.494696000001063 ], [ -122.18163500000172, 47.493969000000838 ], [ -122.180698000001044, 47.499880000000786 ], [ -122.172492000001441, 47.497824000000911 ], [ -122.172643000001116, 47.50306400000099 ], [ -122.164624000001439, 47.501131000000711 ], [ -122.164691000001099, 47.503899000000608 ], [ -122.156551000001684, 47.5057200000008 ], [ -122.143331000001581, 47.505589000000853 ], [ -122.143312000001046, 47.502810000001119 ], [ -122.148644000001326, 47.50287300000047 ], [ -122.147400000000644, 47.501050000000561 ], [ -122.143282000000838, 47.501006000000899 ], [ -122.143237000001278, 47.499220000000705 ], [ -122.143148000001702, 47.495551000000688 ], [ -122.135058000001493, 47.488324000000759 ], [ -122.129823000000997, 47.488245000001193 ], [ -122.132362000001606, 47.48328200000055 ], [ -122.124579000001276, 47.484575000000802 ], [ -122.121137000001553, 47.484481000000649 ], [ -122.121797000001237, 47.481804000000992 ], [ -122.121624000001717, 47.473725000000854 ], [ -122.124393000001376, 47.473747000000891 ], [ -122.126955000000805, 47.471034000000643 ], [ -122.126930000000598, 47.475116000000675 ], [ -122.132262000001759, 47.475809000000567 ], [ -122.132275000000675, 47.477420000000961 ], [ -122.142873000001046, 47.481188000000536 ], [ -122.148224000000596, 47.481216000000828 ], [ -122.156011000000618, 47.481278000000849 ], [ -122.156448000000637, 47.48127700000051 ], [ -122.164152000000925, 47.47771100000098 ], [ -122.153522000001118, 47.473957000000468 ], [ -122.142582000001156, 47.466076000000456 ], [ -122.137516000001256, 47.465255000000511 ], [ -122.120914000001122, 47.463243000000453 ], [ -122.108023000001793, 47.46314000000077 ], [ -122.066715000000883, 47.438217000001117 ], [ -122.058472000000918, 47.440364000000848 ], [ -122.041453000001439, 47.406468000000451 ], [ -122.044569000001076, 47.397447000000504 ], [ -122.032019000001753, 47.389362000000666 ], [ -122.022360000001754, 47.383168000001021 ], [ -122.016294000001139, 47.372427000000535 ], [ -122.016318000001078, 47.365264000000494 ], [ -122.013720000000959, 47.365231000000527 ], [ -121.97546000000068, 47.373695000000936 ], [ -121.950511000000645, 47.356346000001182 ], [ -121.947113000000897, 47.34335600000054 ], [ -122.016426000000905, 47.343552000000749 ], [ -122.027115000001004, 47.343518000000479 ], [ -122.037790000001195, 47.343544000000371 ], [ -122.043264000001685, 47.343570000000348 ], [ -122.053873000000706, 47.343570000001087 ], [ -122.053898000001439, 47.34058700000066 ], [ -122.049044000001757, 47.336715000000723 ], [ -122.0603130000014, 47.329479000001086 ], [ -122.059973000000625, 47.301243000001037 ], [ -122.086375000000643, 47.301044000000985 ], [ -122.081206000001004, 47.288851000000449 ], [ -122.144517000001684, 47.286337000001012 ], [ -122.144547000001779, 47.284067000000803 ], [ -122.144509000000767, 47.271972000000915 ], [ -122.158416000001381, 47.271967000000451 ], [ -122.144384000001324, 47.258768000000963 ], [ -122.143440000000894, 47.257521000000523 ], [ -122.143976000001473, 47.257526000000645 ], [ -122.186763000001605, 47.257305000000542 ], [ -122.208321000001121, 47.257357000000859 ], [ -122.209613000000687, 47.257370000000847 ], [ -122.211662000001155, 47.257389000001105 ], [ -122.21601600000082, 47.257429000000606 ], [ -122.222351000001723, 47.257489000000461 ], [ -122.223899000001524, 47.25750300000059 ], [ -122.229494000000656, 47.257538000000459 ], [ -122.229495000000981, 47.257556000000392 ], [ -122.238761000001702, 47.257482000001005 ], [ -122.245013000000966, 47.257434000001219 ], [ -122.24518700000138, 47.250124000000653 ], [ -122.255673000001238, 47.24289700000098 ], [ -122.258905000001363, 47.250691000000785 ], [ -122.262152000001322, 47.257374000000972 ], [ -122.271499000000802, 47.257360000000808 ], [ -122.27124400000146, 47.268416000001011 ], [ -122.260473000001681, 47.274187000000822 ], [ -122.253263000001738, 47.273179000001107 ], [ -122.246465000001365, 47.268266000000821 ], [ -122.239530000001039, 47.268258000000365 ], [ -122.236833000001724, 47.271897000000394 ], [ -122.246449000001817, 47.279092000000475 ], [ -122.252546000001743, 47.293566000000546 ], [ -122.262184000001042, 47.29053300000097 ], [ -122.265756000000721, 47.303216000000511 ], [ -122.270986000001486, 47.304535000001025 ], [ -122.273722000000603, 47.304308000001114 ], [ -122.276312000001127, 47.303345000000576 ], [ -122.276364000001777, 47.303400000000458 ], [ -122.281635000001401, 47.299766000000687 ], [ -122.286988000001017, 47.290008000001158 ], [ -122.295015000001044, 47.288433000000573 ], [ -122.308527000000922, 47.27864700000061 ], [ -122.30989500000122, 47.27787900000083 ], [ -122.310606000001727, 47.278899000000351 ], [ -122.306297000000683, 47.289658000000976 ], [ -122.317866000001459, 47.289802000001046 ], [ -122.335020000001165, 47.263240000001026 ], [ -122.336992000001459, 47.264582000000985 ], [ -122.347359000000623, 47.271644000001082 ], [ -122.355684000000736, 47.277466000001205 ], [ -122.36335600000092, 47.282760000000543 ], [ -122.371640000001634, 47.288475000000616 ], [ -122.376359000001045, 47.291727000001082 ], [ -122.379012000000799, 47.293558000000388 ], [ -122.381839000000923, 47.29550600000038 ] ] ] } },
{ "type": "Feature", "properties": { "opt_all": 10, "population": 767736.0, "voting_age_pop": 591692.0, "dem_votes": 164977.0, "rep_votes": 137527.0, "minority_pop": 226863.0, "dem_pct": 0.54537130069507467, "rep_pct": 0.45462869897435115 }, "geometry": { "type": "Polygon", "coordinates": [ [ [ -122.703887000001757, 47.071688000000641 ], [ -122.704049000001561, 47.071870000001184 ], [ -122.710237000001683, 47.117449000000548 ], [ -122.737921000000796, 47.129913000000634 ], [ -122.743280000000837, 47.132847000000531 ], [ -122.759505000000473, 47.141315000000461 ], [ -122.711036000001641, 47.195957000001144 ], [ -122.732542000001402, 47.20581800000069 ], [ -122.675341000000515, 47.251319000000429 ], [ -122.637670000000796, 47.22150900000036 ], [ -122.622139000001397, 47.209219000000999 ], [ -122.565437000000642, 47.246820000000902 ], [ -122.563107000001281, 47.250568000001174 ], [ -122.551328000000836, 47.269392000000629 ], [ -122.543263000000579, 47.281112000000668 ], [ -122.540738000000559, 47.290320000001103 ], [ -122.546659000001483, 47.30007600000107 ], [ -122.553629000001237, 47.32010600000045 ], [ -122.533474000000766, 47.332082000000781 ], [ -122.510982000001675, 47.319819000000983 ], [ -122.510135000001753, 47.319620000001052 ], [ -122.485025000001116, 47.317336000000893 ], [ -122.4529660000006, 47.324885000000442 ], [ -122.437252000000498, 47.333717000001094 ], [ -122.423209000001194, 47.324018000001217 ], [ -122.410535000001161, 47.315261000000326 ], [ -122.39657700000086, 47.305674000000614 ], [ -122.395149000001425, 47.304689000000451 ], [ -122.389650000001765, 47.300663000000682 ], [ -122.38956700000098, 47.300597000001176 ], [ -122.381839000000923, 47.29550600000038 ], [ -122.379012000000799, 47.293558000000388 ], [ -122.376359000001045, 47.291727000001082 ], [ -122.371640000001634, 47.288475000000616 ], [ -122.36335600000092, 47.282760000000543 ], [ -122.355684000000736, 47.277466000001205 ], [ -122.347359000000623, 47.271644000001082 ], [ -122.336992000001459, 47.264582000000985 ], [ -122.335020000001165, 47.263240000001026 ], [ -122.317866000001459, 47.289802000001046 ], [ -122.306297000000683, 47.289658000000976 ], [ -122.310606000001727, 47.278899000000351 ], [ -122.30989500000122, 47.27787900000083 ], [ -122.308527000000922, 47.27864700000061 ], [ -122.295015000001044, 47.288433000000573 ], [ -122.286988000001017, 47.290008000001158 ], [ -122.281635000001401, 47.299766000000687 ], [ -122.276364000001777, 47.303400000000458 ], [ -122.276312000001127, 47.303345000000576 ], [ -122.273722000000603, 47.304308000001114 ], [ -122.270986000001486, 47.304535000001025 ], [ -122.265756000000721, 47.303216000000511 ], [ -122.262184000001042, 47.29053300000097 ], [ -122.252546000001743, 47.293566000000546 ], [ -122.246449000001817, 47.279092000000475 ], [ -122.236833000001724, 47.271897000000394 ], [ -122.239530000001039, 47.268258000000365 ], [ -122.246465000001365, 47.268266000000821 ], [ -122.253263000001738, 47.273179000001107 ], [ -122.260473000001681, 47.274187000000822 ], [ -122.27124400000146, 47.268416000001011 ], [ -122.271499000000802, 47.257360000000808 ], [ -122.262152000001322, 47.257374000000972 ], [ -122.258905000001363, 47.250691000000785 ], [ -122.255673000001238, 47.24289700000098 ], [ -122.24518700000138, 47.250124000000653 ], [ -122.245013000000966, 47.257434000001219 ], [ -122.238761000001702, 47.257482000001005 ], [ -122.229495000000981, 47.257556000000392 ], [ -122.229494000000656, 47.257538000000459 ], [ -122.223899000001524, 47.25750300000059 ], [ -122.222351000001723, 47.257489000000461 ], [ -122.21601600000082, 47.257429000000606 ], [ -122.211662000001155, 47.257389000001105 ], [ -122.209613000000687, 47.257370000000847 ], [ -122.208321000001121, 47.257357000000859 ], [ -122.186763000001605, 47.257305000000542 ], [ -122.143976000001473, 47.257526000000645 ], [ -122.131264000000598, 47.243146000000934 ], [ -122.122968000000881, 47.239134000000689 ], [ -122.122965000001201, 47.236207000000661 ], [ -122.12295300000072, 47.232043000000793 ], [ -122.115271000000575, 47.228300000000871 ], [ -122.112540000001005, 47.213715000001002 ], [ -122.122837000000544, 47.213802000000811 ], [ -122.144210000001834, 47.203107000000905 ], [ -122.162217000001704, 47.210822000000853 ], [ -122.170379000000878, 47.206793000000914 ], [ -122.172422000001319, 47.199169000000488 ], [ -122.192472000001359, 47.206649000001228 ], [ -122.192489000000677, 47.209363000001154 ], [ -122.208862000001034, 47.22023600000113 ], [ -122.213729000000725, 47.217166000000582 ], [ -122.202034000001817, 47.195371000000691 ], [ -122.200281000001723, 47.191922000000531 ], [ -122.19749200000112, 47.18809400000103 ], [ -122.208882000000756, 47.155675000000848 ], [ -122.209010000000958, 47.15576900000039 ], [ -122.216577000000925, 47.151173000000853 ], [ -122.220099000000914, 47.146398000000765 ], [ -122.22011800000152, 47.127574000001047 ], [ -122.22235000000056, 47.127612000000944 ], [ -122.222285000001364, 47.125543000000917 ], [ -122.219995000001674, 47.125487000000987 ], [ -122.233111000001117, 47.124839000000343 ], [ -122.230398000000676, 47.119999000000576 ], [ -122.225462000001357, 47.113706000000576 ], [ -122.234788000001046, 47.108619000000367 ], [ -122.23970100000092, 47.109241000000445 ], [ -122.235435000001644, 47.085285000001107 ], [ -122.25459300000162, 47.083964000000698 ], [ -122.246386000001834, 47.074476000001134 ], [ -122.251795000001522, 47.074493000000807 ], [ -122.252535000001558, 47.059902000001031 ], [ -122.210674000000765, 47.038213000001122 ], [ -122.206422000001282, 47.024145000000999 ], [ -122.206159000001179, 47.016904000000714 ], [ -122.247528000001239, 47.016354000000852 ], [ -122.238031000001385, 46.98435000000088 ], [ -122.297953000001726, 46.980073000000587 ], [ -122.357933000001836, 46.980220000000777 ], [ -122.389616000001723, 46.98031100000113 ], [ -122.421872000001599, 47.002192000000925 ], [ -122.421723000000824, 47.02359900000075 ], [ -122.413911000000766, 47.067961000000729 ], [ -122.428554000001483, 47.078815000000802 ], [ -122.435101000000543, 47.08419500000074 ], [ -122.492961000001714, 47.033604000000743 ], [ -122.522974000001, 47.010198000001026 ], [ -122.547809000000584, 47.004670000001205 ], [ -122.534571000001762, 47.005168000000339 ], [ -122.552290000000639, 47.003438000001111 ], [ -122.565163000000979, 46.966573000000643 ], [ -122.590010000001683, 46.973966000000786 ], [ -122.611652000001499, 46.967236000000455 ], [ -122.660690000001395, 47.010460000000514 ], [ -122.696341000001482, 47.061874000001147 ], [ -122.703887000001757, 47.071688000000641 ] ], [ [ -122.187435000001486, 47.246995000000695 ], [ -122.187445000000665, 47.247655000000471 ], [ -122.189855000000762, 47.247592000000495 ], [ -122.189888000001162, 47.246926000000748 ], [ -122.187435000001486, 47.246995000000695 ] ] ] } }
]
}
