{
"type": "FeatureCollection",
"name": "washington_enacted_districts",
"crs": { "type": "name", "properties": { "name": "urn:ogc:def:crs:OGC:1.3:CRS84" } },
"features": [
{ "type": "Feature", "properties": { "enacted_district": 1, "population": 773713.0, "voting_age_pop": 595132.0, "dem_votes": 199035.0, "rep_votes": 138288.0, "minority_pop": 221258.0, "dem_pct": 0.59004277781531567, "rep_pct": 0.40995722188823258 }, "geometry": { "type": "MultiPolygon", "coordinates": [ [ [ [ -122.259846000000863, 47.638604000000392 ], [ -122.259622000000675, 47.640374000001131 ], [ -122.256908000001459, 47.647229000000358 ], [ -122.241990000000527, 47.657767000000334 ], [ -122.239443000001344, 47.658764000000559 ], [ -122.231924000000816, 47.663757000001226 ], [ -122.231311000001284, 47.664414000000718 ], [ -122.229681000000838, 47.668681000001129 ], [ -122.238212000001738, 47.687114000001145 ], [ -122.243423000001357, 47.689524000000709 ], [ -122.255062000001644, 47.696866000001187 ], [ -122.262323000000663, 47.704308000000559 ], [ -122.267627000000601, 47.711762000000597 ], [ -122.267942000001554, 47.712254000000499 ], [ -122.270406000001501, 47.717004000000394 ], [ -122.271923000000882, 47.720434000000822 ], [ -122.27346200000072, 47.726476000000673 ], [ -122.273491000001755, 47.726578000000742 ], [ -122.274397000000903, 47.733732000000408 ], [ -122.275619000000759, 47.74109200000062 ], [ -122.274323000001544, 47.744526000001187 ], [ -122.274137000000678, 47.74502000000043 ], [ -122.271018000000637, 47.748339000000684 ], [ -122.266990000000959, 47.752125000000795 ], [ -122.270594000001324, 47.759319000000382 ], [ -122.270493000000599, 47.761161000000989 ], [ -122.270420000001124, 47.762645000000994 ], [ -122.270501000000763, 47.76622500000034 ], [ -122.270517000001618, 47.768551000000571 ], [ -122.269717000001023, 47.770248000000677 ], [ -122.271033000000699, 47.77709500000077 ], [ -122.273809000000526, 47.777142000000566 ], [ -122.284249000000884, 47.777297000000779 ], [ -122.286863000001063, 47.777322000000602 ], [ -122.288244000000745, 47.77733400000119 ], [ -122.290087000001236, 47.777349000001202 ], [ -122.292228000001316, 47.777371000001118 ], [ -122.297594000001482, 47.777420000001086 ], [ -122.303008000001824, 47.777473000000477 ], [ -122.304213000001525, 47.777484000000626 ], [ -122.308359000001161, 47.777533000000936 ], [ -122.313422000001282, 47.777570000000793 ], [ -122.317652000001701, 47.777618000000594 ], [ -122.324554000001541, 47.777663000000494 ], [ -122.327229000001196, 47.777657000000744 ], [ -122.332820000000737, 47.792335000000918 ], [ -122.330454000000714, 47.794132000000729 ], [ -122.329873000001442, 47.802373000000649 ], [ -122.317076000000725, 47.80668300000093 ], [ -122.306543000001327, 47.806549000000942 ], [ -122.303211000000957, 47.806537000001143 ], [ -122.297793000000638, 47.806490000001176 ], [ -122.295059000001658, 47.806456000000892 ], [ -122.292308000000673, 47.808240000001028 ], [ -122.292305000000638, 47.808702000000501 ], [ -122.29000200000182, 47.810049000001207 ], [ -122.292328000000637, 47.811863000000528 ], [ -122.284698000001455, 47.813627000000317 ], [ -122.283525000001518, 47.816583000001138 ], [ -122.281877000001018, 47.81901700000072 ], [ -122.278262000001405, 47.817449000001069 ], [ -122.27102100000144, 47.818956000000483 ], [ -122.262506000001281, 47.820684000000952 ], [ -122.268374000001444, 47.82692300000118 ], [ -122.262753000000885, 47.832068000000987 ], [ -122.274236000001039, 47.849999000000416 ], [ -122.274343000001494, 47.857224000001153 ], [ -122.280433000001821, 47.864182000000888 ], [ -122.27266700000132, 47.864173000001003 ], [ -122.268781000000558, 47.864136000000435 ], [ -122.262011000000797, 47.864034000000643 ], [ -122.261768000001439, 47.864039000000652 ], [ -122.253055000001424, 47.863915000000624 ], [ -122.246257000001037, 47.863872000000931 ], [ -122.24467500000064, 47.871131000000595 ], [ -122.240233000000643, 47.877017000000983 ], [ -122.239499000001047, 47.877626000000511 ], [ -122.234087000000997, 47.881922000000351 ], [ -122.238814000001497, 47.881905000000565 ], [ -122.244195000001199, 47.881878000001102 ], [ -122.250343000001237, 47.881944000001063 ], [ -122.254191000000901, 47.884363000000761 ], [ -122.257103000000882, 47.881231000000618 ], [ -122.26428700000092, 47.883114000000816 ], [ -122.258412000000604, 47.889419000001176 ], [ -122.257239000001519, 47.890694000001147 ], [ -122.255160000001723, 47.892887000000933 ], [ -122.247778000000878, 47.896448000001172 ], [ -122.244773000001473, 47.90002400000116 ], [ -122.243470000001196, 47.902946000000654 ], [ -122.238990000001181, 47.902770000000437 ], [ -122.228132000000798, 47.90281100000103 ], [ -122.228073000001501, 47.900099000000708 ], [ -122.233490000001083, 47.892859000000669 ], [ -122.225618000000836, 47.892742000000908 ], [ -122.222969000001797, 47.892746000000791 ], [ -122.221635000000759, 47.891643000000336 ], [ -122.220951000000994, 47.891275000001016 ], [ -122.217359000000954, 47.89038400000053 ], [ -122.213653000000818, 47.88815200000078 ], [ -122.212249000000881, 47.878181000000723 ], [ -122.206856000001522, 47.878178000000453 ], [ -122.201450000001486, 47.881777000000994 ], [ -122.201401000001638, 47.887263000000829 ], [ -122.200053000000821, 47.889702000000959 ], [ -122.198017000001684, 47.892676000000961 ], [ -122.199334000001798, 47.892686000001063 ], [ -122.200421000001114, 47.892695000000735 ], [ -122.199380000001042, 47.893832000000721 ], [ -122.201634000000965, 47.898063000001123 ], [ -122.205466000000783, 47.898106000001171 ], [ -122.20583100000168, 47.899985000000697 ], [ -122.20641800000098, 47.901324000000777 ], [ -122.204786000001164, 47.906747000000806 ], [ -122.196150000001523, 47.903467000000987 ], [ -122.196185000000796, 47.899867000000427 ], [ -122.193297000000939, 47.898098000000708 ], [ -122.189481000000882, 47.907021000001208 ], [ -122.19621500000072, 47.907018000000882 ], [ -122.1961260000013, 47.910665000001082 ], [ -122.198873000000802, 47.908910000001086 ], [ -122.202637000001758, 47.9163920000003 ], [ -122.204573000001275, 47.921857000000415 ], [ -122.190499000000656, 47.921743000000667 ], [ -122.185140000000999, 47.921739000000585 ], [ -122.182410000001084, 47.921712000000561 ], [ -122.181472000001577, 47.921703000001123 ], [ -122.174201000001716, 47.928670000001091 ], [ -122.174264000001401, 47.936913000000779 ], [ -122.170811000000967, 47.940488000001039 ], [ -122.171935000000886, 47.941836000001153 ], [ -122.174091000000885, 47.943613000000965 ], [ -122.187618000001606, 47.948147000000453 ], [ -122.188953000001675, 47.965747000000803 ], [ -122.182596000000686, 47.978750000001014 ], [ -122.169172000000657, 47.98344800000072 ], [ -122.168079000001555, 47.984037000001166 ], [ -122.149842000001314, 48.01594800000089 ], [ -122.144980000001183, 48.021781000001177 ], [ -122.154614000001686, 48.032895000000487 ], [ -122.163409000001124, 48.03691700000082 ], [ -122.178357000001725, 48.036087000000428 ], [ -122.182907000001833, 48.03608600000063 ], [ -122.184107000000523, 48.051901000001109 ], [ -122.183819000000639, 48.068141000000438 ], [ -122.183795000001282, 48.075735000000599 ], [ -122.183836000001605, 48.079329000000904 ], [ -122.183836000001762, 48.084409000001102 ], [ -122.183910000000921, 48.092938000000629 ], [ -122.183910000001674, 48.096582000000801 ], [ -122.183966000001277, 48.100107000000833 ], [ -122.184094000001764, 48.10726900000067 ], [ -122.184215000001686, 48.118538000001116 ], [ -122.184324000000942, 48.122947000000373 ], [ -122.190033000000724, 48.122890000000346 ], [ -122.215403000000961, 48.151841000000907 ], [ -122.196582000000944, 48.155780000000711 ], [ -122.190938000000742, 48.16328000000069 ], [ -122.190617000001538, 48.163285000000492 ], [ -122.193164000001175, 48.176501000000805 ], [ -122.201511000001474, 48.187907000000308 ], [ -122.19067400000074, 48.173724000000931 ], [ -122.189467000000846, 48.172104000000509 ], [ -122.180169000000475, 48.166992000000832 ], [ -122.179953000000538, 48.16699100000065 ], [ -122.174225000000661, 48.166959000001093 ], [ -122.167024000001433, 48.17502900000035 ], [ -122.145924000000804, 48.180913000000452 ], [ -122.128686000000727, 48.191433000000458 ], [ -122.129180000000673, 48.197319000000732 ], [ -122.128505000000942, 48.203618000001057 ], [ -122.128194000001841, 48.203676000001025 ], [ -122.127237000001458, 48.202709000000688 ], [ -122.118694000001554, 48.200697000001121 ], [ -122.103486000001283, 48.198875000001117 ], [ -122.110635000001153, 48.198672000001011 ], [ -122.115857000001355, 48.180851000001091 ], [ -122.118752000001805, 48.174197000000689 ], [ -122.113374000000604, 48.166238000000824 ], [ -122.117885000001621, 48.16256400000065 ], [ -122.116102000001362, 48.158917000000997 ], [ -122.108425000001063, 48.151660000000554 ], [ -122.105863000000781, 48.151655000000403 ], [ -122.107059000001755, 48.150220000001198 ], [ -122.108544000000876, 48.147992000000571 ], [ -122.112529000001615, 48.122674000000778 ], [ -122.076367000000843, 48.123455000000824 ], [ -122.054010000001057, 48.108629000000612 ], [ -122.05400000000148, 48.101315000000874 ], [ -122.054036000001119, 48.094189000000732 ], [ -122.042914000000906, 48.094129000000585 ], [ -122.031621000001564, 48.094181000000852 ], [ -122.017790000001355, 48.094072000000963 ], [ -122.008382000000523, 48.070844000001031 ], [ -122.017820000001564, 48.057487000000535 ], [ -122.010479000000686, 48.036204000000808 ], [ -122.026869000001795, 48.019030000001038 ], [ -122.027003000001073, 48.018947000000658 ], [ -122.027042000001487, 48.013716000000635 ], [ -122.033406000000682, 48.007138000000673 ], [ -122.029121000000686, 47.99132100000088 ], [ -122.020564000001158, 47.982028000000398 ], [ -122.00020400000146, 47.963395000000787 ], [ -121.980056000001326, 47.963068000001073 ], [ -121.969523000001217, 47.962695000001005 ], [ -121.927425000001364, 47.920760000000335 ], [ -121.938461000000942, 47.920734000000557 ], [ -121.966691000000878, 47.906418000000976 ], [ -121.951088000001221, 47.892240000000513 ], [ -121.935293000000684, 47.877828000001017 ], [ -121.933181000000914, 47.87787000000101 ], [ -121.93452000000164, 47.877197000000621 ], [ -121.953594000000876, 47.867415000001074 ], [ -121.961903000000703, 47.863231000000539 ], [ -121.964542000001543, 47.861341000000735 ], [ -121.959070000001674, 47.859701000000364 ], [ -121.954110000001293, 47.861205000000432 ], [ -121.953562000001185, 47.855089000001193 ], [ -121.970730000000643, 47.846224000001151 ], [ -121.97702600000062, 47.819521000001032 ], [ -122.000365000001182, 47.775392000000338 ], [ -122.018293000001762, 47.775531000000683 ], [ -122.023486000001554, 47.775584000000677 ], [ -122.033973000000714, 47.775680000000307 ], [ -122.054104000001601, 47.775685000000834 ], [ -122.055067000001273, 47.775683000000889 ], [ -122.065750000000762, 47.775855000000931 ], [ -122.07464700000132, 47.775976000000732 ], [ -122.099514000000994, 47.775872000001179 ], [ -122.112945000001716, 47.775949000000544 ], [ -122.112935000000505, 47.768729000000803 ], [ -122.110870000000887, 47.761463000000752 ], [ -122.117146000000659, 47.761533000001023 ], [ -122.1209740000008, 47.753537000001018 ], [ -122.120844000000886, 47.753511000000955 ], [ -122.125941000000978, 47.747343000001131 ], [ -122.132686000001158, 47.735364000000388 ], [ -122.115281000000678, 47.732824000000605 ], [ -122.112590000000722, 47.732794000000951 ], [ -122.110172000000802, 47.725420000000398 ], [ -122.110169000000582, 47.724657000000413 ], [ -122.110412000000977, 47.718196000001178 ], [ -122.110546000001634, 47.71444800000112 ], [ -122.10123200000136, 47.714512000000987 ], [ -122.099557000001198, 47.714504000001106 ], [ -122.088570000001098, 47.715501000001176 ], [ -122.089042000001314, 47.710447000000393 ], [ -122.092990000001578, 47.703073000001197 ], [ -122.092905000001196, 47.692821000001011 ], [ -122.091886000001139, 47.690041000001123 ], [ -122.089380000000816, 47.689017000000483 ], [ -122.090569000000798, 47.685597000000939 ], [ -122.081700000001476, 47.675032000000598 ], [ -122.078993000000921, 47.674998000000429 ], [ -122.086963000001035, 47.657324000000749 ], [ -122.088162000001418, 47.657487000001097 ], [ -122.091093000001337, 47.653908000000811 ], [ -122.091999000001323, 47.653625000000609 ], [ -122.098154000001685, 47.64838100000113 ], [ -122.096628000001246, 47.647138000000815 ], [ -122.084247000001113, 47.637969000000545 ], [ -122.079689000001238, 47.631119000001128 ], [ -122.079301000000797, 47.627536000000738 ], [ -122.081966000001486, 47.61748000000113 ], [ -122.089695000000646, 47.611344000000734 ], [ -122.096531000001619, 47.602307000000479 ], [ -122.115517000000636, 47.602463000001045 ], [ -122.117583000001559, 47.606396000000693 ], [ -122.120331000000718, 47.609752000000682 ], [ -122.117576000000682, 47.609694000000736 ], [ -122.117500000001499, 47.613308000000679 ], [ -122.121487000001196, 47.613355000000929 ], [ -122.13234100000146, 47.613406000000495 ], [ -122.132424000000881, 47.616998000000414 ], [ -122.143067000001437, 47.617037000000892 ], [ -122.149552000001037, 47.617115000000595 ], [ -122.153613000000874, 47.6171470000005 ], [ -122.158970000000821, 47.617180000000843 ], [ -122.164340000001403, 47.617207000001216 ], [ -122.169663000000781, 47.617274000000769 ], [ -122.174956000000762, 47.617339000000392 ], [ -122.188627000000807, 47.617346000000914 ], [ -122.188609000001719, 47.613478000000619 ], [ -122.188380000001203, 47.610020000000432 ], [ -122.190818000001642, 47.610052000000742 ], [ -122.190709000001206, 47.602770000000341 ], [ -122.196365000000682, 47.600237000000753 ], [ -122.196477000000783, 47.594336000001121 ], [ -122.199241000000967, 47.598903000000867 ], [ -122.201320000000564, 47.602806000000669 ], [ -122.201427000001559, 47.607981000000493 ], [ -122.205382000000981, 47.607972000000906 ], [ -122.20775200000152, 47.609283000001042 ], [ -122.217734000000618, 47.611121000000381 ], [ -122.2202340000009, 47.610121000000902 ], [ -122.220434000001319, 47.596821000000361 ], [ -122.2331340000013, 47.606521000001123 ], [ -122.234771000000904, 47.606822000001181 ], [ -122.26365100000146, 47.613115000000526 ], [ -122.262722000000835, 47.621146000000458 ], [ -122.262238000000806, 47.62477600000085 ], [ -122.261003000000485, 47.629387000000499 ], [ -122.260675000000646, 47.632007000000343 ], [ -122.260051000001326, 47.636990000000665 ], [ -122.259846000000863, 47.638604000000392 ] ] ], [ [ [ -122.196042000000674, 48.18810300000051 ], [ -122.196019000001485, 48.187864000001085 ], [ -122.196121000001597, 48.187860000001109 ], [ -122.196142000001799, 48.188100000000581 ], [ -122.196042000000674, 48.18810300000051 ] ] ], [ [ [ -122.046428000001157, 47.694492000000501 ], [ -122.057426000001556, 47.7021300000008 ], [ -122.034617000001376, 47.716645000001101 ], [ -122.046428000001157, 47.694492000000501 ] ] ] ] } },
{ "type": "Feature", "properties": { "enacted_district": 2, "population": 765933.0, "voting_age_pop": 613528.0, "dem_votes": 213709.0, "rep_votes": 158945.0, "minority_pop": 167811.0, "dem_pct": 0.57347834705290202, "rep_pct": 0.42652165267875247 }, "geometry": { "type": "Polygon", "coordinates": [ [ [ -122.862696000000625, 48.253959000000428 ], [ -122.862724000001506, 48.262689000000485 ], [ -122.862801000000502, 48.286412000001071 ], [ -122.8628680000012, 48.306629000000932 ], [ -122.863078000001622, 48.370361000000521 ], [ -122.940387000001493, 48.35244600000064 ], [ -122.952386000001553, 48.349706000000509 ], [ -123.001287000001184, 48.339814000000835 ], [ -123.036008000001061, 48.331986000000626 ], [ -123.080588000001086, 48.321935000000778 ], [ -123.101738000000566, 48.317167000000573 ], [ -123.210863000000657, 48.292805000000655 ], [ -123.218807000000496, 48.291038000000817 ], [ -123.247919000001033, 48.284558000000381 ], [ -123.115138000001622, 48.422830000000921 ], [ -123.159874000001082, 48.453507000000961 ], [ -123.188045000001438, 48.498970000000547 ], [ -123.229306000001003, 48.579566000000938 ], [ -123.267877000001363, 48.693993000001058 ], [ -123.126008000001633, 48.734075000000317 ], [ -123.008486000000715, 48.767099000000883 ], [ -123.008485000000661, 48.831219000000672 ], [ -123.322240000001557, 49.002072000001057 ], [ -122.921866000000847, 49.002165000000687 ], [ -122.778393000000506, 49.00210900000112 ], [ -122.743988000000357, 49.00209100000091 ], [ -122.73846600000148, 49.002093000000762 ], [ -122.736201000001699, 49.002093000000912 ], [ -122.655761000001107, 49.002139000000497 ], [ -122.605578000001202, 49.002166000000344 ], [ -122.529162000000724, 49.002236000000373 ], [ -122.484994000001564, 49.002270000000365 ], [ -122.407799000000779, 49.00231600000081 ], [ -122.291144000001239, 49.002391000000834 ], [ -122.251175000001155, 49.002420000000257 ], [ -122.150553000001523, 49.002424000001099 ], [ -122.083801000000918, 49.002225000000514 ], [ -121.949461000001079, 49.000304000000625 ], [ -121.759572000000702, 48.997299000000467 ], [ -121.334846000001079, 49.000916000000856 ], [ -120.851528000001039, 49.000301000000327 ], [ -120.880747000001804, 48.966662000000717 ], [ -120.835436000000797, 48.939307000000809 ], [ -120.768515000001244, 48.954490000000817 ], [ -120.766947000001821, 48.876412000001146 ], [ -120.735281000000924, 48.864374000000474 ], [ -120.735427000001323, 48.786487000001195 ], [ -120.678163000000978, 48.735052000000685 ], [ -120.678089000001563, 48.696197000000453 ], [ -120.751904000001105, 48.657002000001093 ], [ -120.7883070000006, 48.625115000000505 ], [ -120.760458000001719, 48.582761000000815 ], [ -120.688515000000876, 48.575705000000546 ], [ -120.702069000000904, 48.531589000001091 ], [ -120.787932000001675, 48.507100000000442 ], [ -120.826367000000744, 48.54652000000042 ], [ -120.85742700000084, 48.547676000000472 ], [ -120.951068000001527, 48.499637000000703 ], [ -121.036234000001656, 48.49529700000118 ], [ -121.062450000001405, 48.460367000000723 ], [ -121.037972000000678, 48.431847000001206 ], [ -121.062340000001697, 48.405282000000639 ], [ -121.040509000001407, 48.348471000000984 ], [ -121.059925000001513, 48.316476000000485 ], [ -121.001658000000958, 48.296009000000474 ], [ -121.444964000001562, 48.296038000000529 ], [ -121.577577000001554, 48.298966000000803 ], [ -121.6364190000006, 48.298473000000548 ], [ -121.857972000000956, 48.297479000000898 ], [ -121.966650000000556, 48.297434000000855 ], [ -121.996069000000915, 48.297499000000755 ], [ -122.03183500000172, 48.297640000000456 ], [ -122.13901200000106, 48.29781500000032 ], [ -122.201274000000595, 48.297634000000564 ], [ -122.203912000001566, 48.297619000000985 ], [ -122.270230000000566, 48.297549000000679 ], [ -122.30398600000072, 48.297575000001032 ], [ -122.269443000000678, 48.267540000001091 ], [ -122.241299000001376, 48.238812000001062 ], [ -122.237099000001166, 48.234961000000581 ], [ -122.215779000001561, 48.209862000001038 ], [ -122.20981200000152, 48.197079000001104 ], [ -122.20269200000098, 48.187853000000928 ], [ -122.201511000001474, 48.187907000000308 ], [ -122.193164000001175, 48.176501000000805 ], [ -122.190617000001538, 48.163285000000492 ], [ -122.190938000000742, 48.16328000000069 ], [ -122.196582000000944, 48.155780000000711 ], [ -122.215403000000961, 48.151841000000907 ], [ -122.190033000000724, 48.122890000000346 ], [ -122.184324000000942, 48.122947000000373 ], [ -122.184215000001686, 48.118538000001116 ], [ -122.184094000001764, 48.10726900000067 ], [ -122.183966000001277, 48.100107000000833 ], [ -122.183910000001674, 48.096582000000801 ], [ -122.183910000000921, 48.092938000000629 ], [ -122.183836000001762, 48.084409000001102 ], [ -122.183836000001605, 48.079329000000904 ], [ -122.183795000001282, 48.075735000000599 ], [ -122.183819000000639, 48.068141000000438 ], [ -122.184107000000523, 48.051901000001109 ], [ -122.182907000001833, 48.03608600000063 ], [ -122.178357000001725, 48.036087000000428 ], [ -122.163409000001124, 48.03691700000082 ], [ -122.154614000001686, 48.032895000000487 ], [ -122.144980000001183, 48.021781000001177 ], [ -122.149842000001314, 48.01594800000089 ], [ -122.168079000001555, 47.984037000001166 ], [ -122.169172000000657, 47.98344800000072 ], [ -122.182596000000686, 47.978750000001014 ], [ -122.188953000001675, 47.965747000000803 ], [ -122.187618000001606, 47.948147000000453 ], [ -122.174091000000885, 47.943613000000965 ], [ -122.171935000000886, 47.941836000001153 ], [ -122.170811000000967, 47.940488000001039 ], [ -122.174264000001401, 47.936913000000779 ], [ -122.174201000001716, 47.928670000001091 ], [ -122.181472000001577, 47.921703000001123 ], [ -122.182410000001084, 47.921712000000561 ], [ -122.185140000000999, 47.921739000000585 ], [ -122.190499000000656, 47.921743000000667 ], [ -122.204573000001275, 47.921857000000415 ], [ -122.202637000001758, 47.9163920000003 ], [ -122.198873000000802, 47.908910000001086 ], [ -122.1961260000013, 47.910665000001082 ], [ -122.19621500000072, 47.907018000000882 ], [ -122.189481000000882, 47.907021000001208 ], [ -122.193297000000939, 47.898098000000708 ], [ -122.196185000000796, 47.899867000000427 ], [ -122.196150000001523, 47.903467000000987 ], [ -122.204786000001164, 47.906747000000806 ], [ -122.20641800000098, 47.901324000000777 ], [ -122.20583100000168, 47.899985000000697 ], [ -122.205466000000783, 47.898106000001171 ], [ -122.201634000000965, 47.898063000001123 ], [ -122.199380000001042, 47.893832000000721 ], [ -122.200421000001114, 47.892695000000735 ], [ -122.199334000001798, 47.892686000001063 ], [ -122.198017000001684, 47.892676000000961 ], [ -122.200053000000821, 47.889702000000959 ], [ -122.201401000001638, 47.887263000000829 ], [ -122.201450000001486, 47.881777000000994 ], [ -122.206856000001522, 47.878178000000453 ], [ -122.212249000000881, 47.878181000000723 ], [ -122.213653000000818, 47.88815200000078 ], [ -122.217359000000954, 47.89038400000053 ], [ -122.220951000000994, 47.891275000001016 ], [ -122.221635000000759, 47.891643000000336 ], [ -122.222969000001797, 47.892746000000791 ], [ -122.225618000000836, 47.892742000000908 ], [ -122.233490000001083, 47.892859000000669 ], [ -122.228073000001501, 47.900099000000708 ], [ -122.228132000000798, 47.90281100000103 ], [ -122.238990000001181, 47.902770000000437 ], [ -122.243470000001196, 47.902946000000654 ], [ -122.244773000001473, 47.90002400000116 ], [ -122.247778000000878, 47.896448000001172 ], [ -122.255160000001723, 47.892887000000933 ], [ -122.257239000001519, 47.890694000001147 ], [ -122.258412000000604, 47.889419000001176 ], [ -122.26428700000092, 47.883114000000816 ], [ -122.257103000000882, 47.881231000000618 ], [ -122.254191000000901, 47.884363000000761 ], [ -122.250343000001237, 47.881944000001063 ], [ -122.244195000001199, 47.881878000001102 ], [ -122.238814000001497, 47.881905000000565 ], [ -122.234087000000997, 47.881922000000351 ], [ -122.239499000001047, 47.877626000000511 ], [ -122.240233000000643, 47.877017000000983 ], [ -122.24467500000064, 47.871131000000595 ], [ -122.246257000001037, 47.863872000000931 ], [ -122.253055000001424, 47.863915000000624 ], [ -122.261768000001439, 47.864039000000652 ], [ -122.262011000000797, 47.864034000000643 ], [ -122.268781000000558, 47.864136000000435 ], [ -122.27266700000132, 47.864173000001003 ], [ -122.280433000001821, 47.864182000000888 ], [ -122.274343000001494, 47.857224000001153 ], [ -122.274236000001039, 47.849999000000416 ], [ -122.262753000000885, 47.832068000000987 ], [ -122.268374000001444, 47.82692300000118 ], [ -122.262506000001281, 47.820684000000952 ], [ -122.27102100000144, 47.818956000000483 ], [ -122.278262000001405, 47.817449000001069 ], [ -122.281877000001018, 47.81901700000072 ], [ -122.283525000001518, 47.816583000001138 ], [ -122.284698000001455, 47.813627000000317 ], [ -122.292328000000637, 47.811863000000528 ], [ -122.29000200000182, 47.810049000001207 ], [ -122.292305000000638, 47.808702000000501 ], [ -122.292308000000673, 47.808240000001028 ], [ -122.295059000001658, 47.806456000000892 ], [ -122.297793000000638, 47.806490000001176 ], [ -122.303211000000957, 47.806537000001143 ], [ -122.306543000001327, 47.806549000000942 ], [ -122.317076000000725, 47.80668300000093 ], [ -122.329873000001442, 47.802373000000649 ], [ -122.330454000000714, 47.794132000000729 ], [ -122.332820000000737, 47.792335000000918 ], [ -122.327229000001196, 47.777657000000744 ], [ -122.329939000000493, 47.77762000000115 ], [ -122.338519000000858, 47.777785000001067 ], [ -122.346155000000678, 47.777794000000341 ], [ -122.351490000000837, 47.777781000000729 ], [ -122.3559500000014, 47.777766000001137 ], [ -122.361326000001341, 47.777764000000765 ], [ -122.361617000001047, 47.777777000000818 ], [ -122.366685000000757, 47.777743000000655 ], [ -122.37208400000172, 47.777801000000522 ], [ -122.377334000000758, 47.777848000001086 ], [ -122.377522000000525, 47.777850000001138 ], [ -122.382879000000756, 47.777872000001182 ], [ -122.388204000001195, 47.777910000000517 ], [ -122.393172000001485, 47.777929000001059 ], [ -122.398825000000556, 47.777938000000468 ], [ -122.438093000000777, 47.777814000000753 ], [ -122.440605000001725, 47.803127000000671 ], [ -122.436870000001164, 47.811596000000321 ], [ -122.429625000001181, 47.828098000000857 ], [ -122.433578000000438, 47.843624000001 ], [ -122.478613000001303, 47.888177000000539 ], [ -122.50405200000084, 47.930910000000885 ], [ -122.513409000001758, 47.934382000000866 ], [ -122.581459000001502, 47.954417000000682 ], [ -122.6067600000016, 47.972953000000338 ], [ -122.630004000001364, 47.999815000001121 ], [ -122.631309000001323, 48.002943000001117 ], [ -122.638558000001098, 48.035317000001136 ], [ -122.642466000001377, 48.095234000000417 ], [ -122.651493000001281, 48.1193060000003 ], [ -122.709630000000985, 48.138157000000412 ], [ -122.757060000000862, 48.167364000000482 ], [ -122.790942000000996, 48.185265000001152 ], [ -122.841577000001678, 48.216640000000403 ], [ -122.862696000000625, 48.253959000000428 ] ] ] } },
{ "type": "Feature", "properties": { "enacted_district": 3, "population": 768756.0, "voting_age_pop": 593451.0, "dem_votes": 158845.0, "rep_votes": 185174.0, "minority_pop": 128444.0, "dem_pct": 0.46173321808919471, "rep_pct": 0.53826678162012365 }, "geometry": { "type": "Polygon", "coordinates": [ [ [ -123.728316000001314, 46.264541000000648 ], [ -123.850136000001157, 46.240630000000529 ], [ -123.930477000000977, 46.238805000000482 ], [ -123.964390000001757, 46.263896000001189 ], [ -123.995292000001527, 46.273713000000853 ], [ -124.03621900000104, 46.294431000000969 ], [ -124.035951000001035, 46.264183000000344 ], [ -124.159546000001356, 46.261132000000664 ], [ -124.147137000001663, 46.316151000000325 ], [ -124.132781000000776, 46.368025000001147 ], [ -124.130436000001154, 46.418386000000943 ], [ -124.131860000000515, 46.465719000000639 ], [ -124.133827000001673, 46.49071300000044 ], [ -124.135172000001361, 46.527263000001071 ], [ -124.145260000000519, 46.670474000000944 ], [ -124.161143000001005, 46.713424000000629 ], [ -124.175131000000661, 46.793732000000418 ], [ -124.060803000000874, 46.793636000000603 ], [ -123.934464000000716, 46.792760000000513 ], [ -123.798395000000738, 46.792582000000998 ], [ -123.777685000001341, 46.792835000000686 ], [ -123.739371000001398, 46.792755000000398 ], [ -123.652820000000816, 46.793221000000813 ], [ -123.611001000001735, 46.793169000000809 ], [ -123.482929000000695, 46.792879000000461 ], [ -123.370950000000818, 46.792129000000422 ], [ -123.256253000000996, 46.793636000000653 ], [ -123.181993000001114, 46.793993000001031 ], [ -123.160588000001724, 46.793383000000659 ], [ -123.160303000000681, 46.799170000000785 ], [ -123.160293000000621, 46.799381000000629 ], [ -123.160500000001363, 46.827161000000523 ], [ -123.160516000001707, 46.837479000001032 ], [ -123.128629000000998, 46.829493000001179 ], [ -123.096887000001104, 46.851124000000922 ], [ -123.044307000001496, 46.851057000000381 ], [ -123.053229000001679, 46.836641000000533 ], [ -123.051819000001046, 46.832966000000546 ], [ -123.048603000000739, 46.829106000000351 ], [ -123.039971000001344, 46.822088000000647 ], [ -122.994988000001555, 46.822523000000857 ], [ -123.006987000001075, 46.802398000000423 ], [ -122.961910000001382, 46.822323000001226 ], [ -122.960559000000842, 46.822948000000501 ], [ -122.934163000001803, 46.833671000000493 ], [ -122.893352000001514, 46.842640000000848 ], [ -122.86630400000054, 46.856514000000914 ], [ -122.82612800000058, 46.857501000001129 ], [ -122.774118000000598, 46.861279000001161 ], [ -122.7004760000018, 46.881925000001104 ], [ -122.698011000001799, 46.887999000000995 ], [ -122.697489000000687, 46.897892000000624 ], [ -122.671591000001087, 46.923336000000475 ], [ -122.654008000000715, 46.923375000000391 ], [ -122.622209000000623, 46.938073000000976 ], [ -122.606048000000797, 46.938492000000672 ], [ -122.600685000000794, 46.938075000000971 ], [ -122.5832270000016, 46.92954900000057 ], [ -122.568296000001766, 46.919960000000764 ], [ -122.560436000001005, 46.933457000000459 ], [ -122.527302000001782, 46.923511000000495 ], [ -122.497796000000918, 46.908843000000978 ], [ -122.490674000000979, 46.867263000001088 ], [ -122.423648000000696, 46.849251000000443 ], [ -122.372914000000577, 46.845183000000667 ], [ -122.330532000000659, 46.84336200000044 ], [ -122.304236000001183, 46.820637000000723 ], [ -122.306259000001106, 46.80631100000047 ], [ -122.269624000001599, 46.766796000001136 ], [ -122.203115000000963, 46.763061000001109 ], [ -122.082298000000904, 46.752220000000619 ], [ -122.041301000001823, 46.742522000000385 ], [ -122.002468000001556, 46.753265000000539 ], [ -121.939249000001737, 46.748068000001084 ], [ -121.854972000001496, 46.729248000000823 ], [ -121.758593000000602, 46.783791000001223 ], [ -121.455218000001835, 46.78379700000108 ], [ -121.424980000001639, 46.75430000000047 ], [ -121.376757000001803, 46.704658000000514 ], [ -121.413217000000941, 46.675868000000733 ], [ -121.386383000000677, 46.636041000000525 ], [ -121.400982000001846, 46.607758000001269 ], [ -121.424601000001687, 46.570010000001012 ], [ -121.417708000000886, 46.546985000001229 ], [ -121.451256000001607, 46.533894000000515 ], [ -121.423242000001594, 46.492743000000559 ], [ -121.435856000001763, 46.47590700000098 ], [ -121.386557000001275, 46.410601000000597 ], [ -121.397016000001159, 46.388083000000833 ], [ -121.522324000001234, 46.388224000000548 ], [ -121.522321000000758, 46.044006000000877 ], [ -121.539265000001777, 46.043933000000742 ], [ -121.612232000000759, 46.044093000000721 ], [ -121.612558000001727, 45.898865000001166 ], [ -121.609246000001562, 45.782519000000548 ], [ -121.514409000001535, 45.782052000001123 ], [ -121.523002000000702, 45.738909000000987 ], [ -121.523681000001403, 45.724930000000938 ], [ -121.525430000000782, 45.725228000000634 ], [ -121.619561000000715, 45.707309000001118 ], [ -121.711712000001597, 45.694703000000452 ], [ -121.793492000001194, 45.703761000000618 ], [ -121.835944000001319, 45.700809000000547 ], [ -121.875676000001022, 45.687722000001337 ], [ -121.901029000001657, 45.665643000000557 ], [ -121.908134000000686, 45.654558000000677 ], [ -122.003554000000761, 45.615947000000972 ], [ -122.022304000001142, 45.614498000001198 ], [ -122.126197000001824, 45.582602000000435 ], [ -122.19752200000076, 45.567236000001088 ], [ -122.249217000001821, 45.548653000000698 ], [ -122.296601000001644, 45.543641000001259 ], [ -122.339070000000618, 45.555774000000646 ], [ -122.343131000000966, 45.559815000000988 ], [ -122.383436000001794, 45.575559000000872 ], [ -122.393875000000634, 45.573749000000397 ], [ -122.455243000001474, 45.568074000001261 ], [ -122.471852000001235, 45.576895000000555 ], [ -122.496013000000602, 45.584071000000613 ], [ -122.504337000001001, 45.585823000001199 ], [ -122.549950000001601, 45.597182000000785 ], [ -122.582326000001558, 45.604100000000713 ], [ -122.597080000000801, 45.606570000001042 ], [ -122.618573000001206, 45.608619000000907 ], [ -122.643243000000965, 45.609709000001246 ], [ -122.675332000001006, 45.618162000000986 ], [ -122.691185000001099, 45.624840000000987 ], [ -122.763810000001357, 45.657138000001247 ], [ -122.772681000001754, 45.698003000000703 ], [ -122.760955000001687, 45.750376000000472 ], [ -122.780643000001035, 45.793119000001006 ], [ -122.785515000001155, 45.850536000000403 ], [ -122.811500000001715, 45.912724000000679 ], [ -122.811840000001141, 45.953091000000597 ], [ -122.850279000001564, 46.003838000000663 ], [ -122.8642300000012, 46.020769000000449 ], [ -122.883075000000517, 46.053909000000509 ], [ -122.930420000001007, 46.093333000000449 ], [ -123.051899000001086, 46.153972000000877 ], [ -123.119728000000563, 46.18558000000084 ], [ -123.166416000001121, 46.188979000000593 ], [ -123.21305400000152, 46.172541000000415 ], [ -123.284434000001696, 46.144532000000837 ], [ -123.376721000001325, 46.149327000000426 ], [ -123.430987000001494, 46.181571000000829 ], [ -123.428604000000959, 46.214927000000486 ], [ -123.427629000000962, 46.229348000000634 ], [ -123.479644000001116, 46.269131000000407 ], [ -123.569337000001084, 46.257278000000547 ], [ -123.684244000001726, 46.250956000000969 ], [ -123.728316000001314, 46.264541000000648 ] ] ] } },
{ "type": "Feature", "properties": { "enacted_district": 4, "population": 768412.0, "voting_age_pop": 557009.0, "dem_votes": 109002.0, "rep_votes": 163632.0, "minority_pop": 240633.0, "dem_pct": 0.39981073512481541, "rep_pct": 0.60018926450839249 }, "geometry": { "type": "Polygon", "coordinates": [ [ [ -121.051339000000922, 45.651837000000754 ], [ -121.08486300000078, 45.647932000000615 ], [ -121.131833000001421, 45.609753000000886 ], [ -121.183684000001577, 45.606450000001331 ], [ -121.201350000001895, 45.651227000001008 ], [ -121.218244000001604, 45.671716000000558 ], [ -121.337712000001261, 45.704839000001307 ], [ -121.38345300000114, 45.699252000001309 ], [ -121.467068000001845, 45.70358700000105 ], [ -121.481489000001446, 45.711315000001136 ], [ -121.523681000001403, 45.724930000000938 ], [ -121.523002000000702, 45.738909000000987 ], [ -121.514409000001535, 45.782052000001123 ], [ -121.609246000001562, 45.782519000000548 ], [ -121.612558000001727, 45.898865000001166 ], [ -121.612232000000759, 46.044093000000721 ], [ -121.539265000001777, 46.043933000000742 ], [ -121.522321000000758, 46.044006000000877 ], [ -121.522324000001234, 46.388224000000548 ], [ -121.397016000001159, 46.388083000000833 ], [ -121.386557000001275, 46.410601000000597 ], [ -121.435856000001763, 46.47590700000098 ], [ -121.423242000001594, 46.492743000000559 ], [ -121.451256000001607, 46.533894000000515 ], [ -121.417708000000886, 46.546985000001229 ], [ -121.424601000001687, 46.570010000001012 ], [ -121.400982000001846, 46.607758000001269 ], [ -121.386383000000677, 46.636041000000525 ], [ -121.413217000000941, 46.675868000000733 ], [ -121.376757000001803, 46.704658000000514 ], [ -121.424980000001639, 46.75430000000047 ], [ -121.455218000001835, 46.78379700000108 ], [ -121.497345000000834, 46.862866000000899 ], [ -121.49777400000076, 46.907390000001108 ], [ -121.456447000001873, 46.923577000001103 ], [ -121.445841000001295, 46.98022400000081 ], [ -121.4064570000006, 46.998744000000713 ], [ -121.374115000001154, 47.057005000000828 ], [ -121.379961000001799, 47.087248000001047 ], [ -121.379682000000955, 47.087495000000658 ], [ -121.311259000000874, 47.076915000001115 ], [ -121.26738500000188, 47.084287000000572 ], [ -121.178853000001524, 47.041627000001206 ], [ -121.120822000001482, 46.998209000001253 ], [ -121.090054000001516, 46.991007000000941 ], [ -121.026620000001415, 46.911308000000737 ], [ -120.915696000000807, 46.911334000001119 ], [ -120.634562000001765, 46.912130000001298 ], [ -120.625149000001556, 46.82579100000072 ], [ -120.554322000001022, 46.82549700000046 ], [ -120.530184000001526, 46.825145000000767 ], [ -120.508605000001396, 46.8248620000005 ], [ -120.510000000000957, 46.737946000000626 ], [ -120.450449000001683, 46.737593000000864 ], [ -120.448943000001876, 46.737576000000601 ], [ -120.44550400000162, 46.737537000000778 ], [ -120.128494000001936, 46.736192000001203 ], [ -120.022602000001285, 46.737431000000505 ], [ -119.979106000001366, 46.737059000001203 ], [ -119.9730360000014, 46.737126000000877 ], [ -119.928612000000882, 46.796323000000662 ], [ -119.927537000001237, 46.817092000000962 ], [ -119.964943000000957, 46.858804000000525 ], [ -119.966129000001658, 46.943757000000801 ], [ -119.986070000001277, 46.970988000000666 ], [ -120.002449000001718, 47.000706000000775 ], [ -120.016897000000981, 47.043523000001258 ], [ -120.042866000000743, 47.073453000001173 ], [ -120.000773000001644, 47.131201000001298 ], [ -120.007074000001126, 47.22013300000129 ], [ -120.061420000001434, 47.223879000000572 ], [ -120.094460000001305, 47.262159000000878 ], [ -120.083274000000841, 47.333690000000843 ], [ -120.106456000000804, 47.349235000000618 ], [ -120.133052000000916, 47.366582000000427 ], [ -120.159443000001545, 47.367607000000973 ], [ -120.175824000001313, 47.371633000001182 ], [ -120.25040400000168, 47.381495000000896 ], [ -120.26028800000114, 47.383892000000792 ], [ -120.281566000001604, 47.391131000000932 ], [ -120.2903320000012, 47.397908000001017 ], [ -120.292847000001942, 47.400437000000657 ], [ -120.294742000001222, 47.404825000000926 ], [ -120.29662100000094, 47.413520000001043 ], [ -120.297275000000781, 47.414616000000791 ], [ -120.300662000000713, 47.420567000001277 ], [ -120.304525000000794, 47.427606000001184 ], [ -120.309461000001022, 47.43510400000109 ], [ -120.310565000001716, 47.439513000000829 ], [ -120.30687400000096, 47.442516000000651 ], [ -120.297334000000845, 47.457127000000646 ], [ -120.29734100000114, 47.458926000001192 ], [ -120.29958700000094, 47.467826000001132 ], [ -120.31659400000116, 47.471273000001098 ], [ -120.308097000001837, 47.502190000000908 ], [ -120.275842000000765, 47.551485000000945 ], [ -120.273630000001859, 47.552249000001005 ], [ -120.256787000000926, 47.564131000000437 ], [ -120.25644100000072, 47.564799000001081 ], [ -120.233584000001585, 47.597630000000422 ], [ -120.237548000001922, 47.627959000000857 ], [ -120.218719000000803, 47.660283000000611 ], [ -120.207671000001838, 47.704105000000773 ], [ -120.215785000001077, 47.714712000000958 ], [ -120.184962000000823, 47.761541000000669 ], [ -120.12021200000116, 47.775053000000732 ], [ -120.087308000001357, 47.76320800000083 ], [ -120.050644000001697, 47.772081000000952 ], [ -119.992679000001885, 47.783150000000937 ], [ -119.960324000001521, 47.845200000000474 ], [ -119.920793000000756, 47.861369000000977 ], [ -119.90457200000138, 47.910524000000628 ], [ -119.859708000000637, 47.94239300000126 ], [ -119.870595000000961, 47.960455000000891 ], [ -119.909725000001657, 47.960440000000929 ], [ -120.048646000001497, 47.960628000000909 ], [ -120.053689000001683, 47.961679000000665 ], [ -120.083141000001518, 48.010881000000765 ], [ -120.146391000001898, 48.037343000000575 ], [ -120.1439310000018, 48.065444000001264 ], [ -120.225107000001927, 48.084725000001129 ], [ -120.362204000001753, 48.164378000001228 ], [ -120.346284000000722, 48.199986000000898 ], [ -120.42664100000114, 48.251813000000837 ], [ -120.478961000001703, 48.280880000000664 ], [ -120.508212000000995, 48.31034400000086 ], [ -120.58316600000164, 48.319128000000973 ], [ -120.567334000000841, 48.375518000000518 ], [ -120.649933000000757, 48.398139000000533 ], [ -120.653352000001405, 48.484751000001033 ], [ -120.652283000001503, 48.536939000000785 ], [ -120.702069000000904, 48.531589000001091 ], [ -120.688515000000876, 48.575705000000546 ], [ -120.760458000001719, 48.582761000000815 ], [ -120.7883070000006, 48.625115000000505 ], [ -120.751904000001105, 48.657002000001093 ], [ -120.678089000001563, 48.696197000000453 ], [ -120.678163000000978, 48.735052000000685 ], [ -120.735427000001323, 48.786487000001195 ], [ -120.735281000000924, 48.864374000000474 ], [ -120.766947000001821, 48.876412000001146 ], [ -120.768515000001244, 48.954490000000817 ], [ -120.835436000000797, 48.939307000000809 ], [ -120.880747000001804, 48.966662000000717 ], [ -120.851528000001039, 49.000301000000327 ], [ -120.277785000000605, 49.000255000001111 ], [ -120.035510000001139, 48.999448000000989 ], [ -119.919259000001261, 48.999741000000661 ], [ -119.516889000000873, 49.000101000000974 ], [ -119.461750000001899, 49.000089000000514 ], [ -119.442095000001274, 49.000090000000995 ], [ -119.342157000001606, 49.00008700000042 ], [ -119.098178000001397, 49.000092000001047 ], [ -118.902776000000657, 49.00009700000048 ], [ -118.836614000001717, 49.00008300000129 ], [ -118.836934000000682, 48.828565000000715 ], [ -118.836927000001154, 48.799373000000735 ], [ -118.836541000001901, 48.741111000001197 ], [ -118.836419000001101, 48.726405000000696 ], [ -118.836999000001754, 48.661002000000686 ], [ -118.869633000001301, 48.653599000001115 ], [ -118.869520000001557, 48.481626000000951 ], [ -118.843888000000959, 48.481739000000829 ], [ -118.844484000001358, 48.429505000000752 ], [ -118.844543000001536, 48.396494000001319 ], [ -118.845591000001761, 48.183921000000929 ], [ -118.845612000001367, 48.050072000001187 ], [ -118.845796000000817, 47.991559000000542 ], [ -118.851960000001242, 47.957906000001167 ], [ -118.973504000001896, 47.943414000000715 ], [ -118.974051000001083, 47.910825000001019 ], [ -118.974378000000883, 47.874121000000905 ], [ -118.975277000000716, 47.786585000001132 ], [ -118.976111000001978, 47.689620000000808 ], [ -118.977670000002036, 47.553366000000615 ], [ -118.978717000001481, 47.414874000001042 ], [ -118.978820000001164, 47.407520000000765 ], [ -118.978822000001713, 47.404392000000968 ], [ -118.979234000001, 47.365898000000485 ], [ -118.979777000001405, 47.261709000001176 ], [ -118.981222000001523, 47.084211000000572 ], [ -118.981268000001833, 47.071926000001277 ], [ -118.982652000000741, 46.911344000001108 ], [ -119.163922000001477, 46.912283000000691 ], [ -119.17487000000196, 46.855280000000505 ], [ -119.133192000001117, 46.832737000000506 ], [ -119.133310000000918, 46.826300000000856 ], [ -119.133480000001086, 46.824690000000693 ], [ -119.134210000000877, 46.811660000000479 ], [ -119.134250000001799, 46.765910000000922 ], [ -119.080797000001439, 46.737761000001328 ], [ -119.112376000001447, 46.737868000000759 ], [ -119.182634000001926, 46.738116000001021 ], [ -119.240170000001086, 46.738202000000946 ], [ -119.369429000001077, 46.737695000001025 ], [ -119.369165000001658, 46.678179000001336 ], [ -119.453190000001925, 46.679243000000682 ], [ -119.4130460000016, 46.652631000001371 ], [ -119.403042000000923, 46.613043000001234 ], [ -119.269766000001482, 46.520518000000664 ], [ -119.263402000001193, 46.476291000001332 ], [ -119.262902000000906, 46.417141000000576 ], [ -119.269368000000824, 46.37029500000061 ], [ -119.198241000000806, 46.387202000001174 ], [ -119.070715000001286, 46.3867810000012 ], [ -119.067659000001115, 46.385856000000963 ], [ -119.092765000001634, 46.321783000000643 ], [ -119.093363000001361, 46.29265900000054 ], [ -119.054121000001246, 46.270349000001005 ], [ -119.051088000001926, 46.300163000001213 ], [ -118.98833700000128, 46.300118000001206 ], [ -118.98823100000088, 46.329288000001263 ], [ -118.867674000000875, 46.328598000000973 ], [ -118.8087370000014, 46.295575000000667 ], [ -118.773379000001881, 46.312333000000578 ], [ -118.766898000001902, 46.297916000000512 ], [ -118.783753000000914, 46.289401000000566 ], [ -118.830074000001403, 46.281625000000929 ], [ -118.86073300000136, 46.252455000000744 ], [ -118.972827000001075, 46.23870500000092 ], [ -119.023453000001979, 46.216616000000542 ], [ -119.041498000000999, 46.192667000001379 ], [ -119.006072000002078, 46.168268000000559 ], [ -118.988949000001483, 46.153380000001114 ], [ -118.946499000001481, 46.082882000001362 ], [ -118.941656000001757, 46.026980000001302 ], [ -118.987258000001802, 45.999855000000721 ], [ -119.008651000002075, 45.979223000001255 ], [ -119.126322000000954, 45.932784000001227 ], [ -119.204342000001304, 45.929333000001307 ], [ -119.246563000001515, 45.937505000001117 ], [ -119.372199000001501, 45.921176000000862 ], [ -119.456259000001523, 45.915665000001205 ], [ -119.524519000001717, 45.908567000000609 ], [ -119.571602000001462, 45.925478000001135 ], [ -119.603481000001878, 45.917810000001381 ], [ -119.669974000001275, 45.856908000000573 ], [ -119.868312000001126, 45.836198000001147 ], [ -119.976434000001106, 45.820629000001091 ], [ -120.070236000001444, 45.785156000001059 ], [ -120.170603000001421, 45.761980000001067 ], [ -120.210774000001024, 45.725915000000612 ], [ -120.283431000001983, 45.721165000000909 ], [ -120.453100000001385, 45.696296000000736 ], [ -120.505743000001956, 45.699949000001183 ], [ -120.55328700000122, 45.733716000001337 ], [ -120.635051000001084, 45.745711000000504 ], [ -120.689535000000802, 45.715727000000911 ], [ -120.855415000001443, 45.671729000000816 ], [ -120.885673000000736, 45.650161000000509 ], [ -120.944018000001478, 45.65639200000107 ], [ -121.051339000000922, 45.651837000000754 ] ] ] } },
{ "type": "Feature", "properties": { "enacted_district": 5, "population": 775035.0, "voting_age_pop": 610108.0, "dem_votes": 153861.0, "rep_votes": 199225.0, "minority_pop": 115287.0, "dem_pct": 0.43576069273894724, "rep_pct": 0.56423930697783564 }, "geometry": { "type": "Polygon", "coordinates": [ [ [ -119.006072000002078, 46.168268000000559 ], [ -119.041498000000999, 46.192667000001379 ], [ -119.023453000001979, 46.216616000000542 ], [ -118.972827000001075, 46.23870500000092 ], [ -118.86073300000136, 46.252455000000744 ], [ -118.830074000001403, 46.281625000000929 ], [ -118.783753000000914, 46.289401000000566 ], [ -118.766898000001902, 46.297916000000512 ], [ -118.773379000001881, 46.312333000000578 ], [ -118.8087370000014, 46.295575000000667 ], [ -118.867674000000875, 46.328598000000973 ], [ -118.98823100000088, 46.329288000001263 ], [ -118.98833700000128, 46.300118000001206 ], [ -119.051088000001926, 46.300163000001213 ], [ -119.054121000001246, 46.270349000001005 ], [ -119.093363000001361, 46.29265900000054 ], [ -119.092765000001634, 46.321783000000643 ], [ -119.067659000001115, 46.385856000000963 ], [ -119.070715000001286, 46.3867810000012 ], [ -119.198241000000806, 46.387202000001174 ], [ -119.269368000000824, 46.37029500000061 ], [ -119.262902000000906, 46.417141000000576 ], [ -119.263402000001193, 46.476291000001332 ], [ -119.269766000001482, 46.520518000000664 ], [ -119.403042000000923, 46.613043000001234 ], [ -119.4130460000016, 46.652631000001371 ], [ -119.453190000001925, 46.679243000000682 ], [ -119.369165000001658, 46.678179000001336 ], [ -119.369429000001077, 46.737695000001025 ], [ -119.240170000001086, 46.738202000000946 ], [ -119.182634000001926, 46.738116000001021 ], [ -119.112376000001447, 46.737868000000759 ], [ -119.080797000001439, 46.737761000001328 ], [ -119.134250000001799, 46.765910000000922 ], [ -119.134210000000877, 46.811660000000479 ], [ -119.133480000001086, 46.824690000000693 ], [ -119.133310000000918, 46.826300000000856 ], [ -119.133192000001117, 46.832737000000506 ], [ -119.17487000000196, 46.855280000000505 ], [ -119.163922000001477, 46.912283000000691 ], [ -118.982652000000741, 46.911344000001108 ], [ -118.981268000001833, 47.071926000001277 ], [ -118.981222000001523, 47.084211000000572 ], [ -118.979777000001405, 47.261709000001176 ], [ -118.979234000001, 47.365898000000485 ], [ -118.978822000001713, 47.404392000000968 ], [ -118.978820000001164, 47.407520000000765 ], [ -118.978717000001481, 47.414874000001042 ], [ -118.977670000002036, 47.553366000000615 ], [ -118.976111000001978, 47.689620000000808 ], [ -118.975277000000716, 47.786585000001132 ], [ -118.974378000000883, 47.874121000000905 ], [ -118.974051000001083, 47.910825000001019 ], [ -118.973504000001896, 47.943414000000715 ], [ -118.851960000001242, 47.957906000001167 ], [ -118.845796000000817, 47.991559000000542 ], [ -118.845612000001367, 48.050072000001187 ], [ -118.845591000001761, 48.183921000000929 ], [ -118.844543000001536, 48.396494000001319 ], [ -118.844484000001358, 48.429505000000752 ], [ -118.843888000000959, 48.481739000000829 ], [ -118.869520000001557, 48.481626000000951 ], [ -118.869633000001301, 48.653599000001115 ], [ -118.836999000001754, 48.661002000000686 ], [ -118.836419000001101, 48.726405000000696 ], [ -118.836541000001901, 48.741111000001197 ], [ -118.836927000001154, 48.799373000000735 ], [ -118.836934000000682, 48.828565000000715 ], [ -118.836614000001717, 49.00008300000129 ], [ -118.770241000001661, 49.000081000000641 ], [ -118.370421000001443, 49.000071000000638 ], [ -118.1973750000015, 49.000068000001228 ], [ -118.039921000001399, 49.000227000001189 ], [ -117.42996800000094, 49.000464000001287 ], [ -117.353331000001845, 49.00031700000104 ], [ -117.032345000000959, 48.999201000000717 ], [ -117.032592000001685, 48.830162000001003 ], [ -117.034843000001601, 48.568884000000793 ], [ -117.03514200000096, 48.396312000000698 ], [ -117.037678000002003, 48.253295000001003 ], [ -117.039555000002125, 48.181065000001034 ], [ -117.039799000001693, 48.166572000001203 ], [ -117.041877000001463, 48.0454660000008 ], [ -117.042288000001761, 47.958364000001104 ], [ -117.042304000000954, 47.874453000000948 ], [ -117.042138000001799, 47.758280000000816 ], [ -117.041829000001002, 47.735855000001003 ], [ -117.041785000001283, 47.706995000001129 ], [ -117.04169700000196, 47.697681000000571 ], [ -117.040997000000885, 47.623567000000868 ], [ -117.041071000001921, 47.57975700000145 ], [ -117.039846000000921, 47.405161000001172 ], [ -117.039911000002036, 47.310542000000986 ], [ -117.039878000001835, 47.259272000001303 ], [ -117.039683000001034, 47.123075000000711 ], [ -117.039800000001236, 47.091029000001349 ], [ -117.039795000002059, 47.090157000001341 ], [ -117.03972600000192, 47.048936000001149 ], [ -117.03962800000204, 46.961093000000936 ], [ -117.03975000000176, 46.822232000000817 ], [ -117.039803000001839, 46.764064000001305 ], [ -117.039672000001801, 46.642295000001411 ], [ -117.039695000001885, 46.587732000000862 ], [ -117.039766000001634, 46.425887000000891 ], [ -117.035892000002093, 46.420434000001336 ], [ -117.035319000002076, 46.410835000001327 ], [ -117.036109000001446, 46.408397000000996 ], [ -117.041851000002126, 46.393816000000733 ], [ -117.052967000002141, 46.37469500000131 ], [ -117.062735000000956, 46.360283000000877 ], [ -117.059702000001963, 46.347781000000722 ], [ -117.026784000001115, 46.338074000001114 ], [ -117.023359000001847, 46.327232000001501 ], [ -116.984804000001034, 46.293088000001141 ], [ -116.964871000001722, 46.254456000000687 ], [ -116.966306000001623, 46.209195000001301 ], [ -116.921350000001837, 46.164514000000878 ], [ -116.959694000001278, 46.099013000001129 ], [ -116.917487000001643, 45.99544200000097 ], [ -117.36638300000206, 45.997138000000909 ], [ -117.479935000001873, 45.99780100000104 ], [ -117.603424000001141, 45.998950000001365 ], [ -117.867211000001518, 46.000140000000691 ], [ -117.996970000001554, 46.000560000001038 ], [ -118.241976000001799, 46.000625000000696 ], [ -118.335819000001834, 46.000641000000805 ], [ -118.3671680000012, 46.000706000000697 ], [ -118.388465000001702, 46.000741000001376 ], [ -118.554903000001175, 46.001139000000727 ], [ -118.575710000001465, 46.000966000000872 ], [ -118.606789000001726, 46.001016000000661 ], [ -118.868128000001036, 46.000684000000909 ], [ -118.987258000001802, 45.999855000000721 ], [ -118.941656000001757, 46.026980000001302 ], [ -118.946499000001481, 46.082882000001362 ], [ -118.988949000001483, 46.153380000001114 ], [ -119.006072000002078, 46.168268000000559 ] ] ] } },
{ "type": "Feature", "properties": { "enacted_district": 6, "population": 772185.0, "voting_age_pop": 624181.0, "dem_votes": 206651.0, "rep_votes": 170583.0, "minority_pop": 154423.0, "dem_pct": 0.54780587101167821, "rep_pct": 0.45219412872323433 }, "geometry": { "type": "Polygon", "coordinates": [ [ [ -123.739371000001398, 46.792755000000398 ], [ -123.777685000001341, 46.792835000000686 ], [ -123.798395000000738, 46.792582000000998 ], [ -123.934464000000716, 46.792760000000513 ], [ -124.060803000000874, 46.793636000000603 ], [ -124.175131000000661, 46.793732000000418 ], [ -124.201232000000402, 46.859225000000542 ], [ -124.241140000001366, 46.902895000000967 ], [ -124.249705000000745, 46.956288000000789 ], [ -124.241539000001637, 46.999808000000328 ], [ -124.251291000001217, 47.096654000000619 ], [ -124.272492000000682, 47.160836000000671 ], [ -124.305419000001436, 47.24464400000052 ], [ -124.351299000000935, 47.276390000000674 ], [ -124.3596440000005, 47.309336000000549 ], [ -124.391354000001044, 47.329766000001086 ], [ -124.421728000000513, 47.393293000000568 ], [ -124.406542000001565, 47.428021000000705 ], [ -124.429553000001306, 47.532949000000578 ], [ -124.461402000000319, 47.624960000000677 ], [ -124.539586000001222, 47.632954000000495 ], [ -124.564288000000644, 47.658469000000942 ], [ -124.551082000001244, 47.724001000000449 ], [ -124.641839000000402, 47.819424000000986 ], [ -124.697066000001314, 47.848529000000845 ], [ -124.71501600000056, 47.879859000000728 ], [ -124.753795000000565, 47.910523000000403 ], [ -124.758436000000842, 47.944121000001047 ], [ -124.791177301965419, 47.961710422171869 ], [ -124.801170322422081, 48.037814424443937 ], [ -124.785187000001073, 48.087115000000701 ], [ -124.848552363719847, 48.174010425123846 ], [ -124.827696370643537, 48.213835429225426 ], [ -124.780504000001073, 48.228580000000463 ], [ -124.786406000000824, 48.272291000000699 ], [ -124.761387000001079, 48.295688000000638 ], [ -124.817008412698087, 48.38548043791782 ], [ -124.80774741952024, 48.417559440359511 ], [ -124.746194000000926, 48.445448000000269 ], [ -124.772085000001354, 48.486117000001073 ], [ -124.74974000000104, 48.49978300000074 ], [ -124.433469000000514, 48.413338000000415 ], [ -124.045647000000926, 48.306054000001026 ], [ -124.012056000001238, 48.296671000000785 ], [ -123.656639000000979, 48.237496000000938 ], [ -123.568139000001693, 48.227580000000643 ], [ -123.467776000001535, 48.239553000000349 ], [ -123.385658000001555, 48.25625600000069 ], [ -123.318134000000555, 48.269939000001031 ], [ -123.285728000000674, 48.276495000000637 ], [ -123.247919000001033, 48.284558000000381 ], [ -123.218807000000496, 48.291038000000817 ], [ -123.210863000000657, 48.292805000000655 ], [ -123.101738000000566, 48.317167000000573 ], [ -123.080588000001086, 48.321935000000778 ], [ -123.036008000001061, 48.331986000000626 ], [ -123.001287000001184, 48.339814000000835 ], [ -122.952386000001553, 48.349706000000509 ], [ -122.940387000001493, 48.35244600000064 ], [ -122.863078000001622, 48.370361000000521 ], [ -122.8628680000012, 48.306629000000932 ], [ -122.862801000000502, 48.286412000001071 ], [ -122.862724000001506, 48.262689000000485 ], [ -122.862696000000625, 48.253959000000428 ], [ -122.841577000001678, 48.216640000000403 ], [ -122.790942000000996, 48.185265000001152 ], [ -122.757060000000862, 48.167364000000482 ], [ -122.709630000000985, 48.138157000000412 ], [ -122.651493000001281, 48.1193060000003 ], [ -122.642466000001377, 48.095234000000417 ], [ -122.638558000001098, 48.035317000001136 ], [ -122.631309000001323, 48.002943000001117 ], [ -122.630004000001364, 47.999815000001121 ], [ -122.6067600000016, 47.972953000000338 ], [ -122.581459000001502, 47.954417000000682 ], [ -122.513409000001758, 47.934382000000866 ], [ -122.50405200000084, 47.930910000000885 ], [ -122.478613000001303, 47.888177000000539 ], [ -122.433578000000438, 47.843624000001 ], [ -122.429625000001181, 47.828098000000857 ], [ -122.436870000001164, 47.811596000000321 ], [ -122.440605000001725, 47.803127000000671 ], [ -122.438093000000777, 47.777814000000753 ], [ -122.430277000001681, 47.764455000000858 ], [ -122.429920000001687, 47.735280000000749 ], [ -122.432216000000665, 47.731932000000903 ], [ -122.43329100000112, 47.729347000000743 ], [ -122.434061000001705, 47.726357000000498 ], [ -122.441601000000958, 47.709459000000813 ], [ -122.451913000000459, 47.69523700000083 ], [ -122.458000000001761, 47.684079000001091 ], [ -122.454346000000683, 47.652662000000952 ], [ -122.452679000001126, 47.640561000000993 ], [ -122.453522000001243, 47.632556000001145 ], [ -122.453006000001807, 47.622876000001007 ], [ -122.44790800000078, 47.614741000000357 ], [ -122.446947000001757, 47.598100000001018 ], [ -122.454781000000807, 47.576186000000895 ], [ -122.447653000000599, 47.56172200000055 ], [ -122.447001000001137, 47.5607450000009 ], [ -122.444622000001004, 47.556460000001188 ], [ -122.443888000000499, 47.553717000000454 ], [ -122.444778000001079, 47.544416000000581 ], [ -122.454072000001517, 47.535457000000335 ], [ -122.481839000001159, 47.519580000000559 ], [ -122.485216000000818, 47.508189000000947 ], [ -122.495564000001281, 47.491583000000446 ], [ -122.498163000001639, 47.48849900000063 ], [ -122.513635000001244, 47.470809000000671 ], [ -122.516544000001161, 47.466742000001098 ], [ -122.523183000001438, 47.447012000000655 ], [ -122.523334000000887, 47.432189000000335 ], [ -122.527658000001821, 47.416601000001123 ], [ -122.533167000001157, 47.4094250000012 ], [ -122.536993000000919, 47.403355000001149 ], [ -122.537213000001273, 47.389610000001056 ], [ -122.536935000000895, 47.336424000000761 ], [ -122.533474000000766, 47.332082000000781 ], [ -122.510982000001675, 47.319819000000983 ], [ -122.510135000001753, 47.319620000001052 ], [ -122.485025000001116, 47.317336000000893 ], [ -122.4529660000006, 47.324885000000442 ], [ -122.437252000000498, 47.333717000001094 ], [ -122.423209000001194, 47.324018000001217 ], [ -122.410535000001161, 47.315261000000326 ], [ -122.39657700000086, 47.305674000000614 ], [ -122.395149000001425, 47.304689000000451 ], [ -122.389650000001765, 47.300663000000682 ], [ -122.38956700000098, 47.300597000001176 ], [ -122.381839000000923, 47.29550600000038 ], [ -122.379012000000799, 47.293558000000388 ], [ -122.376359000001045, 47.291727000001082 ], [ -122.371640000001634, 47.288475000000616 ], [ -122.36335600000092, 47.282760000000543 ], [ -122.355684000000736, 47.277466000001205 ], [ -122.347359000000623, 47.271644000001082 ], [ -122.336992000001459, 47.264582000000985 ], [ -122.335020000001165, 47.263240000001026 ], [ -122.334914000001106, 47.257366000000843 ], [ -122.331322000001123, 47.257365000001002 ], [ -122.318326000001704, 47.257323000000802 ], [ -122.29485300000168, 47.257246000000507 ], [ -122.293828000001767, 47.253053000001039 ], [ -122.293869000001436, 47.250031000000533 ], [ -122.293902000000642, 47.242744000000705 ], [ -122.307214000001835, 47.241004000001197 ], [ -122.313967000001398, 47.240704000000619 ], [ -122.326469000000841, 47.237864000001132 ], [ -122.323877000000778, 47.235330000000921 ], [ -122.320560000001166, 47.224597000000905 ], [ -122.320604000001339, 47.220563000000823 ], [ -122.320415000000821, 47.207716000000367 ], [ -122.321780000001766, 47.207380000000853 ], [ -122.340123000000887, 47.213227000000892 ], [ -122.341641000001843, 47.213990000000479 ], [ -122.3942700000011, 47.237748000000572 ], [ -122.399631000000639, 47.240991000000555 ], [ -122.416583000001324, 47.238431000001064 ], [ -122.431212000001437, 47.233391000000815 ], [ -122.432098000001446, 47.233300000000483 ], [ -122.43411500000056, 47.233093000000871 ], [ -122.440946000000494, 47.231413000000366 ], [ -122.450897000001433, 47.230256000000999 ], [ -122.452231000001618, 47.224757000001119 ], [ -122.452319000001424, 47.220010000000499 ], [ -122.452330000000913, 47.219075000001027 ], [ -122.452429000000862, 47.213738000000653 ], [ -122.452423000001644, 47.210005000000812 ], [ -122.452344000001403, 47.206448000000606 ], [ -122.452436000001555, 47.2019350000011 ], [ -122.452481000001086, 47.193737000000986 ], [ -122.452547000001317, 47.188274000001016 ], [ -122.463183000001806, 47.184666000000888 ], [ -122.464516000001041, 47.184684000000651 ], [ -122.473894000000953, 47.184790000000525 ], [ -122.483674000000477, 47.184748000000361 ], [ -122.497524000000936, 47.184709000000666 ], [ -122.504982000001718, 47.184697000000561 ], [ -122.508779000000686, 47.190570000000761 ], [ -122.508772000001699, 47.192006000000802 ], [ -122.508669000001078, 47.194352000000364 ], [ -122.505200000000954, 47.197477000000369 ], [ -122.505229000001563, 47.199276000000459 ], [ -122.50538500000124, 47.206514000000411 ], [ -122.505240000001635, 47.213799000001153 ], [ -122.50520400000164, 47.217436000001037 ], [ -122.505150000000882, 47.228418000000424 ], [ -122.504950000000875, 47.242912000000935 ], [ -122.505689000000686, 47.242903000000801 ], [ -122.509512000001237, 47.242858000000403 ], [ -122.51595300000092, 47.242772000000627 ], [ -122.526370000001634, 47.242709000000474 ], [ -122.532465000001366, 47.242693000000394 ], [ -122.537057000001084, 47.242681000000672 ], [ -122.541576000000759, 47.24268100000063 ], [ -122.542360000001381, 47.242680000001201 ], [ -122.551508000000496, 47.242676000000799 ], [ -122.553047000000603, 47.23528300000104 ], [ -122.557363000000606, 47.235332000001023 ], [ -122.552206000001235, 47.242700000001129 ], [ -122.560086000000624, 47.246144000000896 ], [ -122.561424000001637, 47.245800000000713 ], [ -122.565437000000642, 47.246820000000902 ], [ -122.622139000001397, 47.209219000000999 ], [ -122.637670000000796, 47.22150900000036 ], [ -122.675341000000515, 47.251319000000429 ], [ -122.732542000001402, 47.20581800000069 ], [ -122.711036000001641, 47.195957000001144 ], [ -122.759505000000473, 47.141315000000461 ], [ -122.762795000001105, 47.143664000000854 ], [ -122.82057600000158, 47.194220000000939 ], [ -122.836572000000743, 47.187496000000692 ], [ -122.870386000001318, 47.161799000000755 ], [ -122.887802000000462, 47.157935000000521 ], [ -122.903521000001319, 47.157533000000818 ], [ -122.907497000000646, 47.164903000000926 ], [ -122.936145000001005, 47.183409000000637 ], [ -122.936283000001083, 47.189457000000829 ], [ -122.951198000001639, 47.172056000000737 ], [ -123.005672000001596, 47.148941000000981 ], [ -123.012523000000499, 47.133735000001082 ], [ -123.015389000001321, 47.123792000000392 ], [ -123.034109000000782, 47.115041000000488 ], [ -123.074957000001405, 47.090844000001134 ], [ -123.074958000001601, 47.090661000000857 ], [ -123.075096000000926, 47.084795000000852 ], [ -123.201891000001297, 47.085059000000598 ], [ -123.200041000000724, 47.014792000001016 ], [ -123.200888000001598, 47.010458000001009 ], [ -123.158364000001342, 46.995871000000797 ], [ -123.159381000001602, 46.967531000000932 ], [ -123.160106000001463, 46.9389980000009 ], [ -123.160637000001074, 46.909678000000433 ], [ -123.160516000001707, 46.837479000001032 ], [ -123.160500000001363, 46.827161000000523 ], [ -123.160293000000621, 46.799381000000629 ], [ -123.160303000000681, 46.799170000000785 ], [ -123.160588000001724, 46.793383000000659 ], [ -123.181993000001114, 46.793993000001031 ], [ -123.256253000000996, 46.793636000000653 ], [ -123.370950000000818, 46.792129000000422 ], [ -123.482929000000695, 46.792879000000461 ], [ -123.611001000001735, 46.793169000000809 ], [ -123.652820000000816, 46.793221000000813 ], [ -123.739371000001398, 46.792755000000398 ] ] ] } },
{ "type": "Feature", "properties": { "enacted_district": 7, "population": 770003.0, "voting_age_pop": 653189.0, "dem_votes": 335633.0, "rep_votes": 72350.0, "minority_pop": 231835.0, "dem_pct": 0.82266417943329395, "rep_pct": 0.17733582032159775 }, "geometry": { "type": "Polygon", "coordinates": [ [ [ -122.510982000001675, 47.319819000000983 ], [ -122.533474000000766, 47.332082000000781 ], [ -122.536935000000895, 47.336424000000761 ], [ -122.537213000001273, 47.389610000001056 ], [ -122.536993000000919, 47.403355000001149 ], [ -122.533167000001157, 47.4094250000012 ], [ -122.527658000001821, 47.416601000001123 ], [ -122.523334000000887, 47.432189000000335 ], [ -122.523183000001438, 47.447012000000655 ], [ -122.516544000001161, 47.466742000001098 ], [ -122.513635000001244, 47.470809000000671 ], [ -122.498163000001639, 47.48849900000063 ], [ -122.495564000001281, 47.491583000000446 ], [ -122.485216000000818, 47.508189000000947 ], [ -122.481839000001159, 47.519580000000559 ], [ -122.454072000001517, 47.535457000000335 ], [ -122.444778000001079, 47.544416000000581 ], [ -122.443888000000499, 47.553717000000454 ], [ -122.444622000001004, 47.556460000001188 ], [ -122.447001000001137, 47.5607450000009 ], [ -122.447653000000599, 47.56172200000055 ], [ -122.454781000000807, 47.576186000000895 ], [ -122.446947000001757, 47.598100000001018 ], [ -122.44790800000078, 47.614741000000357 ], [ -122.453006000001807, 47.622876000001007 ], [ -122.453522000001243, 47.632556000001145 ], [ -122.452679000001126, 47.640561000000993 ], [ -122.454346000000683, 47.652662000000952 ], [ -122.458000000001761, 47.684079000001091 ], [ -122.451913000000459, 47.69523700000083 ], [ -122.441601000000958, 47.709459000000813 ], [ -122.434061000001705, 47.726357000000498 ], [ -122.43329100000112, 47.729347000000743 ], [ -122.432216000000665, 47.731932000000903 ], [ -122.429920000001687, 47.735280000000749 ], [ -122.430277000001681, 47.764455000000858 ], [ -122.438093000000777, 47.777814000000753 ], [ -122.398825000000556, 47.777938000000468 ], [ -122.393172000001485, 47.777929000001059 ], [ -122.388204000001195, 47.777910000000517 ], [ -122.382879000000756, 47.777872000001182 ], [ -122.377522000000525, 47.777850000001138 ], [ -122.377334000000758, 47.777848000001086 ], [ -122.37208400000172, 47.777801000000522 ], [ -122.366685000000757, 47.777743000000655 ], [ -122.361617000001047, 47.777777000000818 ], [ -122.361326000001341, 47.777764000000765 ], [ -122.3559500000014, 47.777766000001137 ], [ -122.351490000000837, 47.777781000000729 ], [ -122.346155000000678, 47.777794000000341 ], [ -122.338519000000858, 47.777785000001067 ], [ -122.329939000000493, 47.77762000000115 ], [ -122.327229000001196, 47.777657000000744 ], [ -122.324554000001541, 47.777663000000494 ], [ -122.317652000001701, 47.777618000000594 ], [ -122.313422000001282, 47.777570000000793 ], [ -122.308359000001161, 47.777533000000936 ], [ -122.304213000001525, 47.777484000000626 ], [ -122.303008000001824, 47.777473000000477 ], [ -122.297594000001482, 47.777420000001086 ], [ -122.292228000001316, 47.777371000001118 ], [ -122.290087000001236, 47.777349000001202 ], [ -122.288244000000745, 47.77733400000119 ], [ -122.286863000001063, 47.777322000000602 ], [ -122.284249000000884, 47.777297000000779 ], [ -122.273809000000526, 47.777142000000566 ], [ -122.271033000000699, 47.77709500000077 ], [ -122.269717000001023, 47.770248000000677 ], [ -122.270517000001618, 47.768551000000571 ], [ -122.270501000000763, 47.76622500000034 ], [ -122.270420000001124, 47.762645000000994 ], [ -122.270493000000599, 47.761161000000989 ], [ -122.270594000001324, 47.759319000000382 ], [ -122.266990000000959, 47.752125000000795 ], [ -122.271018000000637, 47.748339000000684 ], [ -122.274137000000678, 47.74502000000043 ], [ -122.274323000001544, 47.744526000001187 ], [ -122.275619000000759, 47.74109200000062 ], [ -122.274397000000903, 47.733732000000408 ], [ -122.273491000001755, 47.726578000000742 ], [ -122.27346200000072, 47.726476000000673 ], [ -122.271923000000882, 47.720434000000822 ], [ -122.270406000001501, 47.717004000000394 ], [ -122.267942000001554, 47.712254000000499 ], [ -122.267627000000601, 47.711762000000597 ], [ -122.262323000000663, 47.704308000000559 ], [ -122.255062000001644, 47.696866000001187 ], [ -122.243423000001357, 47.689524000000709 ], [ -122.238212000001738, 47.687114000001145 ], [ -122.229681000000838, 47.668681000001129 ], [ -122.231311000001284, 47.664414000000718 ], [ -122.231924000000816, 47.663757000001226 ], [ -122.239443000001344, 47.658764000000559 ], [ -122.241990000000527, 47.657767000000334 ], [ -122.256908000001459, 47.647229000000358 ], [ -122.259622000000675, 47.640374000001131 ], [ -122.259846000000863, 47.638604000000392 ], [ -122.260051000001326, 47.636990000000665 ], [ -122.260675000000646, 47.632007000000343 ], [ -122.261003000000485, 47.629387000000499 ], [ -122.262238000000806, 47.62477600000085 ], [ -122.262722000000835, 47.621146000000458 ], [ -122.26365100000146, 47.613115000000526 ], [ -122.264069000000717, 47.609819000000726 ], [ -122.264654000000917, 47.605203000000706 ], [ -122.264845000000818, 47.603695000001046 ], [ -122.265147000001562, 47.601321000000915 ], [ -122.292519000001434, 47.601646000000656 ], [ -122.294935000001075, 47.601650000000966 ], [ -122.296770000001715, 47.601654000001105 ], [ -122.296777000001399, 47.603563000000371 ], [ -122.297850000001645, 47.604267000000988 ], [ -122.297840000001599, 47.607998000000705 ], [ -122.294909000000658, 47.607992000001168 ], [ -122.296233000001038, 47.610009000001099 ], [ -122.296227000001565, 47.611535000000622 ], [ -122.297476000001083, 47.61529000000079 ], [ -122.301405000000855, 47.614144000000927 ], [ -122.301458000001801, 47.610019000001088 ], [ -122.302763000000766, 47.61002100000092 ], [ -122.305019000001195, 47.610025000000597 ], [ -122.304890000001521, 47.615288000000902 ], [ -122.306137000001485, 47.617262000000942 ], [ -122.307411000001494, 47.616731000000563 ], [ -122.308863000001239, 47.612900000000359 ], [ -122.311468000000801, 47.614108000001032 ], [ -122.312841000001484, 47.60920900000081 ], [ -122.314146000000818, 47.609214000000435 ], [ -122.314222000000925, 47.613893000000374 ], [ -122.320762000000599, 47.611167000000393 ], [ -122.323378000001497, 47.609087000000649 ], [ -122.325600000001046, 47.608158000000998 ], [ -122.323643000000956, 47.606017000001096 ], [ -122.327706000001541, 47.604316000000352 ], [ -122.328080000001037, 47.604159000000649 ], [ -122.329189000001236, 47.603696000000674 ], [ -122.327658000001236, 47.601715000000681 ], [ -122.328990000001284, 47.601732000000965 ], [ -122.328977000000677, 47.600034000000768 ], [ -122.328989000001357, 47.599195000000471 ], [ -122.327672000001556, 47.59835400000032 ], [ -122.320482000001064, 47.595828000000594 ], [ -122.320348000001218, 47.586105000000721 ], [ -122.320091000000758, 47.572433000001055 ], [ -122.319056000000543, 47.554871000001121 ], [ -122.313494000000944, 47.549439000000923 ], [ -122.310086000001277, 47.547239000000381 ], [ -122.297577000001638, 47.536741000000561 ], [ -122.291372000001715, 47.524462000001009 ], [ -122.291290000000686, 47.52419900000104 ], [ -122.291283000001798, 47.519301000000745 ], [ -122.293650000001477, 47.524460000000616 ], [ -122.318455000000839, 47.531767000000904 ], [ -122.307436000001445, 47.512949000000447 ], [ -122.300787000001762, 47.506486000000614 ], [ -122.297516000000783, 47.498926000001212 ], [ -122.296306000001678, 47.49766500000036 ], [ -122.297234000001524, 47.48873000000038 ], [ -122.311580000001726, 47.488569000001078 ], [ -122.313385000001205, 47.48494700000056 ], [ -122.314086000001197, 47.481344000000888 ], [ -122.314763000000596, 47.477727000000854 ], [ -122.315404000001422, 47.474159000001002 ], [ -122.322354000000885, 47.466917000000528 ], [ -122.323431000000966, 47.463286000000807 ], [ -122.326114000000516, 47.453923000000877 ], [ -122.325696000000818, 47.452426000000557 ], [ -122.324093000001241, 47.439895000000547 ], [ -122.324969000001317, 47.431227000001037 ], [ -122.330362000001514, 47.431243000000883 ], [ -122.331322000001435, 47.431249000001117 ], [ -122.335804000001559, 47.431269000000427 ], [ -122.335261000000799, 47.423959000000913 ], [ -122.335212000001135, 47.423273000001018 ], [ -122.335252000001006, 47.416043000000563 ], [ -122.334682000000683, 47.412731000001081 ], [ -122.334581000000924, 47.412167000000842 ], [ -122.326915000000795, 47.408541000000611 ], [ -122.335764000000836, 47.403036000000618 ], [ -122.343594000000678, 47.408505000000957 ], [ -122.365035000001313, 47.408721000001201 ], [ -122.373535000001155, 47.365521000000406 ], [ -122.426665000001407, 47.33867200000055 ], [ -122.437252000000498, 47.333717000001094 ], [ -122.4529660000006, 47.324885000000442 ], [ -122.485025000001116, 47.317336000000893 ], [ -122.510135000001753, 47.319620000001052 ], [ -122.510982000001675, 47.319819000000983 ] ] ] } },
{ "type": "Feature", "properties": { "enacted_district": 8, "population": 773798.0, "voting_age_pop": 584304.0, "dem_votes": 179785.0, "rep_votes": 190040.0, "minority_pop": 159224.0, "dem_pct": 0.48613533414827681, "rep_pct": 0.51386466558132504 }, "geometry": { "type": "Polygon", "coordinates": [ [ [ -122.372914000000577, 46.845183000000667 ], [ -122.423648000000696, 46.849251000000443 ], [ -122.490674000000979, 46.867263000001088 ], [ -122.497796000000918, 46.908843000000978 ], [ -122.527302000001782, 46.923511000000495 ], [ -122.560436000001005, 46.933457000000459 ], [ -122.564654000001127, 46.966408000000683 ], [ -122.565163000000979, 46.966573000000643 ], [ -122.552290000000639, 47.003438000001111 ], [ -122.534571000001762, 47.005168000000339 ], [ -122.522974000001, 47.010198000001026 ], [ -122.492961000001714, 47.033604000000743 ], [ -122.435101000000543, 47.08419500000074 ], [ -122.428554000001483, 47.078815000000802 ], [ -122.413911000000766, 47.067961000000729 ], [ -122.413767000000718, 47.06786300000109 ], [ -122.408105000000603, 47.067977000000738 ], [ -122.400363000000965, 47.067989000000416 ], [ -122.373897000001307, 47.067730000001106 ], [ -122.368492000000799, 47.067610000000776 ], [ -122.357746000001598, 47.067343000000555 ], [ -122.357691000000997, 47.052808000001107 ], [ -122.357578000001567, 47.052808000000717 ], [ -122.348050000000967, 47.053119000000983 ], [ -122.340210000001804, 47.071506000000554 ], [ -122.33846100000126, 47.071563000000495 ], [ -122.326189000001278, 47.071528000000598 ], [ -122.326054000000966, 47.072486000000673 ], [ -122.325623000000562, 47.081925000000631 ], [ -122.325610000000879, 47.085278000001068 ], [ -122.314969000001156, 47.081888000000717 ], [ -122.310959000000835, 47.081896000000874 ], [ -122.293799000001002, 47.081873000000492 ], [ -122.293715000001285, 47.086377000001171 ], [ -122.293671000000714, 47.088823000000694 ], [ -122.293665000000757, 47.089138000001221 ], [ -122.293561000000963, 47.096461000000886 ], [ -122.282313000000642, 47.096414000000699 ], [ -122.255369000001238, 47.084276000000379 ], [ -122.25459300000162, 47.083964000000698 ], [ -122.235435000001644, 47.085285000001107 ], [ -122.23970100000092, 47.109241000000445 ], [ -122.242258000001641, 47.110764000000621 ], [ -122.244293000001377, 47.125352000000518 ], [ -122.245608000000757, 47.125360000001173 ], [ -122.245327000000685, 47.144881000000517 ], [ -122.239878000001198, 47.150734000001201 ], [ -122.237437000001577, 47.161668000000461 ], [ -122.236229000001302, 47.173397000000641 ], [ -122.251175000000799, 47.184474000000428 ], [ -122.24727900000174, 47.184433000000965 ], [ -122.250864000001457, 47.190000000000936 ], [ -122.245511000000917, 47.193810000000582 ], [ -122.242318000000623, 47.191428000000691 ], [ -122.229320000001479, 47.185015000000703 ], [ -122.229398000000643, 47.193395000000891 ], [ -122.216064000001623, 47.196284000000752 ], [ -122.202034000001817, 47.195371000000691 ], [ -122.200281000001723, 47.191922000000531 ], [ -122.194939000001355, 47.191944000000909 ], [ -122.192466000000564, 47.195666000001211 ], [ -122.192170000000758, 47.201172000000355 ], [ -122.192472000001359, 47.206649000001228 ], [ -122.192489000000677, 47.209363000001154 ], [ -122.208862000001034, 47.22023600000113 ], [ -122.213729000000725, 47.217166000000582 ], [ -122.218851000001138, 47.228088000000987 ], [ -122.218740000000821, 47.238199000000719 ], [ -122.21869800000124, 47.241733000000849 ], [ -122.208341000000559, 47.2417130000008 ], [ -122.203134000000674, 47.242754000000893 ], [ -122.196505000001565, 47.24308000000066 ], [ -122.195406000001, 47.243165000000417 ], [ -122.189888000001162, 47.246926000000748 ], [ -122.189855000000762, 47.247592000000495 ], [ -122.187188000001555, 47.250473000000682 ], [ -122.201667000001663, 47.253818000000429 ], [ -122.208321000001121, 47.257357000000859 ], [ -122.209613000000687, 47.257370000000847 ], [ -122.211662000001155, 47.257389000001105 ], [ -122.21601600000082, 47.257429000000606 ], [ -122.222351000001723, 47.257489000000461 ], [ -122.223899000001524, 47.25750300000059 ], [ -122.229494000000656, 47.257538000000459 ], [ -122.229495000000981, 47.257556000000392 ], [ -122.23000300000092, 47.266283000000797 ], [ -122.228823000000759, 47.266641000000362 ], [ -122.228747000001107, 47.268375000000525 ], [ -122.228889000001843, 47.275601000001018 ], [ -122.213406000001441, 47.276838000000552 ], [ -122.213386000000753, 47.279163000001219 ], [ -122.21335500000086, 47.282833000001219 ], [ -122.213358000000881, 47.286471000000468 ], [ -122.212887000001004, 47.290107000000361 ], [ -122.213396000001779, 47.294235000000718 ], [ -122.213383000001215, 47.302816000000625 ], [ -122.213381000000524, 47.303469000000945 ], [ -122.213372000000646, 47.305382000001181 ], [ -122.199599000000561, 47.306404000000434 ], [ -122.200918000000925, 47.308203000000674 ], [ -122.202886000000717, 47.311864000000647 ], [ -122.205730000000685, 47.3154570000004 ], [ -122.202333000001701, 47.31795500000046 ], [ -122.192388000001799, 47.315371000000987 ], [ -122.192312000001763, 47.322899000000938 ], [ -122.187094000001082, 47.322604000000446 ], [ -122.186869000000499, 47.329880000000536 ], [ -122.178608000001802, 47.329787000001041 ], [ -122.181458000001598, 47.34353600000108 ], [ -122.176160000000607, 47.342425000001079 ], [ -122.176138000001274, 47.348914000000434 ], [ -122.197115000001077, 47.350819000001209 ], [ -122.196933000001565, 47.355950000000384 ], [ -122.187124000000964, 47.357901000000993 ], [ -122.176130000001478, 47.352878000000963 ], [ -122.176115000000706, 47.359767000000708 ], [ -122.176121000000705, 47.363150000000353 ], [ -122.1761220000012, 47.365195000000469 ], [ -122.176096000000555, 47.372431000000901 ], [ -122.186771000001343, 47.379668000001217 ], [ -122.186790000001821, 47.386925000001007 ], [ -122.176120000001021, 47.38691000000096 ], [ -122.175183000001553, 47.394142000000862 ], [ -122.171601000000862, 47.394153000001154 ], [ -122.171204000000643, 47.401344000000769 ], [ -122.165356000001637, 47.401395000000946 ], [ -122.159994000001205, 47.401554000000736 ], [ -122.160364000001294, 47.408649000000509 ], [ -122.158830000001245, 47.415896000000487 ], [ -122.159908000001167, 47.415887000000623 ], [ -122.161898000001457, 47.419140000000901 ], [ -122.175810000001306, 47.429380000000414 ], [ -122.175797000000514, 47.430282000001 ], [ -122.174115000001478, 47.430294000001169 ], [ -122.16841200000124, 47.430337000000677 ], [ -122.162347000000963, 47.430358000000467 ], [ -122.159202000001599, 47.430355000000965 ], [ -122.154598000000959, 47.430353000000586 ], [ -122.150582000001236, 47.430341000000766 ], [ -122.143999000001358, 47.43034300000118 ], [ -122.143953000000863, 47.43745500000054 ], [ -122.143781000000615, 47.437482000001005 ], [ -122.1335300000014, 47.437485000000542 ], [ -122.11668400000174, 47.437509000001214 ], [ -122.120805000001766, 47.439514000000429 ], [ -122.122306000000705, 47.439538000001242 ], [ -122.124561000000995, 47.439564000001127 ], [ -122.127082000000655, 47.439591000001037 ], [ -122.133205000001766, 47.444810000001048 ], [ -122.139797000001579, 47.448349000000675 ], [ -122.138212000001602, 47.449855000000859 ], [ -122.143886000001245, 47.454749000000518 ], [ -122.152690000001158, 47.455728000000349 ], [ -122.153800000001283, 47.455755000000543 ], [ -122.147444000001286, 47.459625000001161 ], [ -122.154572000001835, 47.46551900000096 ], [ -122.156366000000759, 47.468413000000538 ], [ -122.142582000001156, 47.466076000000456 ], [ -122.153522000001118, 47.473957000000468 ], [ -122.164152000000925, 47.47771100000098 ], [ -122.156448000000637, 47.48127700000051 ], [ -122.156011000000618, 47.481278000000849 ], [ -122.148224000000596, 47.481216000000828 ], [ -122.142873000001046, 47.481188000000536 ], [ -122.132275000000675, 47.477420000000961 ], [ -122.132262000001759, 47.475809000000567 ], [ -122.126930000000598, 47.475116000000675 ], [ -122.126955000000805, 47.471034000000643 ], [ -122.124393000001376, 47.473747000000891 ], [ -122.121624000001717, 47.473725000000854 ], [ -122.121797000001237, 47.481804000000992 ], [ -122.119321000000554, 47.484438000000708 ], [ -122.121137000001553, 47.484481000000649 ], [ -122.124579000001276, 47.484575000000802 ], [ -122.127222000001197, 47.488184000000366 ], [ -122.129823000000997, 47.488245000001193 ], [ -122.135058000001493, 47.488324000000759 ], [ -122.143148000001702, 47.495551000000688 ], [ -122.143237000001278, 47.499220000000705 ], [ -122.143282000000838, 47.501006000000899 ], [ -122.147400000000644, 47.501050000000561 ], [ -122.148644000001326, 47.50287300000047 ], [ -122.143312000001046, 47.502810000001119 ], [ -122.143331000001581, 47.505589000000853 ], [ -122.144889000001726, 47.508723000000771 ], [ -122.145367000001585, 47.509761000000886 ], [ -122.143189000001584, 47.516452000001038 ], [ -122.137848000000886, 47.516346000000617 ], [ -122.132223000001403, 47.532594000000735 ], [ -122.132222000001775, 47.535985000000643 ], [ -122.128830000001798, 47.535655000000425 ], [ -122.116747000001354, 47.53794800000113 ], [ -122.100524000000519, 47.544933000001201 ], [ -122.100470000000684, 47.54849200000104 ], [ -122.100411000001117, 47.551035000001114 ], [ -122.100374000001082, 47.559014000001206 ], [ -122.097971000000953, 47.559228000001006 ], [ -122.099091000001039, 47.564911000000428 ], [ -122.09672500000174, 47.58019000000121 ], [ -122.097336000001519, 47.581083000000646 ], [ -122.098466000001395, 47.587784000000831 ], [ -122.098320000001081, 47.592731000001123 ], [ -122.096531000001619, 47.602307000000479 ], [ -122.089695000000646, 47.611344000000734 ], [ -122.081966000001486, 47.61748000000113 ], [ -122.079301000000797, 47.627536000000738 ], [ -122.079689000001238, 47.631119000001128 ], [ -122.084247000001113, 47.637969000000545 ], [ -122.096628000001246, 47.647138000000815 ], [ -122.098154000001685, 47.64838100000113 ], [ -122.091999000001323, 47.653625000000609 ], [ -122.091093000001337, 47.653908000000811 ], [ -122.088162000001418, 47.657487000001097 ], [ -122.086963000001035, 47.657324000000749 ], [ -122.078993000000921, 47.674998000000429 ], [ -122.081700000001476, 47.675032000000598 ], [ -122.090569000000798, 47.685597000000939 ], [ -122.089380000000816, 47.689017000000483 ], [ -122.091886000001139, 47.690041000001123 ], [ -122.092905000001196, 47.692821000001011 ], [ -122.092990000001578, 47.703073000001197 ], [ -122.089042000001314, 47.710447000000393 ], [ -122.088570000001098, 47.715501000001176 ], [ -122.099557000001198, 47.714504000001106 ], [ -122.10123200000136, 47.714512000000987 ], [ -122.110546000001634, 47.71444800000112 ], [ -122.110412000000977, 47.718196000001178 ], [ -122.110169000000582, 47.724657000000413 ], [ -122.110172000000802, 47.725420000000398 ], [ -122.112590000000722, 47.732794000000951 ], [ -122.115281000000678, 47.732824000000605 ], [ -122.132686000001158, 47.735364000000388 ], [ -122.125941000000978, 47.747343000001131 ], [ -122.120844000000886, 47.753511000000955 ], [ -122.1209740000008, 47.753537000001018 ], [ -122.117146000000659, 47.761533000001023 ], [ -122.110870000000887, 47.761463000000752 ], [ -122.112935000000505, 47.768729000000803 ], [ -122.112945000001716, 47.775949000000544 ], [ -122.099514000000994, 47.775872000001179 ], [ -122.07464700000132, 47.775976000000732 ], [ -122.065750000000762, 47.775855000000931 ], [ -122.055067000001273, 47.775683000000889 ], [ -122.054104000001601, 47.775685000000834 ], [ -122.033973000000714, 47.775680000000307 ], [ -122.023486000001554, 47.775584000000677 ], [ -122.018293000001762, 47.775531000000683 ], [ -122.000365000001182, 47.775392000000338 ], [ -121.97702600000062, 47.819521000001032 ], [ -121.970730000000643, 47.846224000001151 ], [ -121.953562000001185, 47.855089000001193 ], [ -121.954110000001293, 47.861205000000432 ], [ -121.959070000001674, 47.859701000000364 ], [ -121.964542000001543, 47.861341000000735 ], [ -121.961903000000703, 47.863231000000539 ], [ -121.953594000000876, 47.867415000001074 ], [ -121.93452000000164, 47.877197000000621 ], [ -121.933181000000914, 47.87787000000101 ], [ -121.935293000000684, 47.877828000001017 ], [ -121.951088000001221, 47.892240000000513 ], [ -121.966691000000878, 47.906418000000976 ], [ -121.938461000000942, 47.920734000000557 ], [ -121.927425000001364, 47.920760000000335 ], [ -121.969523000001217, 47.962695000001005 ], [ -121.980056000001326, 47.963068000001073 ], [ -122.00020400000146, 47.963395000000787 ], [ -122.020564000001158, 47.982028000000398 ], [ -122.029121000000686, 47.99132100000088 ], [ -122.033406000000682, 48.007138000000673 ], [ -122.027042000001487, 48.013716000000635 ], [ -122.027003000001073, 48.018947000000658 ], [ -122.026869000001795, 48.019030000001038 ], [ -122.010479000000686, 48.036204000000808 ], [ -122.017820000001564, 48.057487000000535 ], [ -122.008382000000523, 48.070844000001031 ], [ -122.017790000001355, 48.094072000000963 ], [ -122.031621000001564, 48.094181000000852 ], [ -122.042914000000906, 48.094129000000585 ], [ -122.054036000001119, 48.094189000000732 ], [ -122.05400000000148, 48.101315000000874 ], [ -122.054010000001057, 48.108629000000612 ], [ -122.076367000000843, 48.123455000000824 ], [ -122.112529000001615, 48.122674000000778 ], [ -122.108544000000876, 48.147992000000571 ], [ -122.107059000001755, 48.150220000001198 ], [ -122.105863000000781, 48.151655000000403 ], [ -122.108425000001063, 48.151660000000554 ], [ -122.116102000001362, 48.158917000000997 ], [ -122.117885000001621, 48.16256400000065 ], [ -122.113374000000604, 48.166238000000824 ], [ -122.118752000001805, 48.174197000000689 ], [ -122.115857000001355, 48.180851000001091 ], [ -122.110635000001153, 48.198672000001011 ], [ -122.103486000001283, 48.198875000001117 ], [ -122.118694000001554, 48.200697000001121 ], [ -122.127237000001458, 48.202709000000688 ], [ -122.128194000001841, 48.203676000001025 ], [ -122.128505000000942, 48.203618000001057 ], [ -122.129180000000673, 48.197319000000732 ], [ -122.128686000000727, 48.191433000000458 ], [ -122.145924000000804, 48.180913000000452 ], [ -122.167024000001433, 48.17502900000035 ], [ -122.174225000000661, 48.166959000001093 ], [ -122.179953000000538, 48.16699100000065 ], [ -122.180169000000475, 48.166992000000832 ], [ -122.189467000000846, 48.172104000000509 ], [ -122.19067400000074, 48.173724000000931 ], [ -122.201511000001474, 48.187907000000308 ], [ -122.20269200000098, 48.187853000000928 ], [ -122.20981200000152, 48.197079000001104 ], [ -122.215779000001561, 48.209862000001038 ], [ -122.237099000001166, 48.234961000000581 ], [ -122.241299000001376, 48.238812000001062 ], [ -122.269443000000678, 48.267540000001091 ], [ -122.30398600000072, 48.297575000001032 ], [ -122.270230000000566, 48.297549000000679 ], [ -122.203912000001566, 48.297619000000985 ], [ -122.201274000000595, 48.297634000000564 ], [ -122.13901200000106, 48.29781500000032 ], [ -122.03183500000172, 48.297640000000456 ], [ -121.996069000000915, 48.297499000000755 ], [ -121.966650000000556, 48.297434000000855 ], [ -121.857972000000956, 48.297479000000898 ], [ -121.6364190000006, 48.298473000000548 ], [ -121.577577000001554, 48.298966000000803 ], [ -121.444964000001562, 48.296038000000529 ], [ -121.001658000000958, 48.296009000000474 ], [ -121.059925000001513, 48.316476000000485 ], [ -121.040509000001407, 48.348471000000984 ], [ -121.062340000001697, 48.405282000000639 ], [ -121.037972000000678, 48.431847000001206 ], [ -121.062450000001405, 48.460367000000723 ], [ -121.036234000001656, 48.49529700000118 ], [ -120.951068000001527, 48.499637000000703 ], [ -120.85742700000084, 48.547676000000472 ], [ -120.826367000000744, 48.54652000000042 ], [ -120.787932000001675, 48.507100000000442 ], [ -120.702069000000904, 48.531589000001091 ], [ -120.652283000001503, 48.536939000000785 ], [ -120.653352000001405, 48.484751000001033 ], [ -120.649933000000757, 48.398139000000533 ], [ -120.567334000000841, 48.375518000000518 ], [ -120.58316600000164, 48.319128000000973 ], [ -120.508212000000995, 48.31034400000086 ], [ -120.478961000001703, 48.280880000000664 ], [ -120.42664100000114, 48.251813000000837 ], [ -120.346284000000722, 48.199986000000898 ], [ -120.362204000001753, 48.164378000001228 ], [ -120.225107000001927, 48.084725000001129 ], [ -120.1439310000018, 48.065444000001264 ], [ -120.146391000001898, 48.037343000000575 ], [ -120.083141000001518, 48.010881000000765 ], [ -120.053689000001683, 47.961679000000665 ], [ -120.048646000001497, 47.960628000000909 ], [ -119.909725000001657, 47.960440000000929 ], [ -119.870595000000961, 47.960455000000891 ], [ -119.859708000000637, 47.94239300000126 ], [ -119.90457200000138, 47.910524000000628 ], [ -119.920793000000756, 47.861369000000977 ], [ -119.960324000001521, 47.845200000000474 ], [ -119.992679000001885, 47.783150000000937 ], [ -120.050644000001697, 47.772081000000952 ], [ -120.087308000001357, 47.76320800000083 ], [ -120.12021200000116, 47.775053000000732 ], [ -120.184962000000823, 47.761541000000669 ], [ -120.215785000001077, 47.714712000000958 ], [ -120.207671000001838, 47.704105000000773 ], [ -120.218719000000803, 47.660283000000611 ], [ -120.237548000001922, 47.627959000000857 ], [ -120.233584000001585, 47.597630000000422 ], [ -120.25644100000072, 47.564799000001081 ], [ -120.256787000000926, 47.564131000000437 ], [ -120.273630000001859, 47.552249000001005 ], [ -120.275842000000765, 47.551485000000945 ], [ -120.308097000001837, 47.502190000000908 ], [ -120.31659400000116, 47.471273000001098 ], [ -120.29958700000094, 47.467826000001132 ], [ -120.29734100000114, 47.458926000001192 ], [ -120.297334000000845, 47.457127000000646 ], [ -120.30687400000096, 47.442516000000651 ], [ -120.310565000001716, 47.439513000000829 ], [ -120.309461000001022, 47.43510400000109 ], [ -120.304525000000794, 47.427606000001184 ], [ -120.300662000000713, 47.420567000001277 ], [ -120.297275000000781, 47.414616000000791 ], [ -120.29662100000094, 47.413520000001043 ], [ -120.294742000001222, 47.404825000000926 ], [ -120.292847000001942, 47.400437000000657 ], [ -120.2903320000012, 47.397908000001017 ], [ -120.281566000001604, 47.391131000000932 ], [ -120.26028800000114, 47.383892000000792 ], [ -120.25040400000168, 47.381495000000896 ], [ -120.175824000001313, 47.371633000001182 ], [ -120.159443000001545, 47.367607000000973 ], [ -120.133052000000916, 47.366582000000427 ], [ -120.106456000000804, 47.349235000000618 ], [ -120.083274000000841, 47.333690000000843 ], [ -120.094460000001305, 47.262159000000878 ], [ -120.061420000001434, 47.223879000000572 ], [ -120.007074000001126, 47.22013300000129 ], [ -120.000773000001644, 47.131201000001298 ], [ -120.042866000000743, 47.073453000001173 ], [ -120.016897000000981, 47.043523000001258 ], [ -120.002449000001718, 47.000706000000775 ], [ -119.986070000001277, 46.970988000000666 ], [ -119.966129000001658, 46.943757000000801 ], [ -119.964943000000957, 46.858804000000525 ], [ -119.927537000001237, 46.817092000000962 ], [ -119.928612000000882, 46.796323000000662 ], [ -119.9730360000014, 46.737126000000877 ], [ -119.979106000001366, 46.737059000001203 ], [ -120.022602000001285, 46.737431000000505 ], [ -120.128494000001936, 46.736192000001203 ], [ -120.44550400000162, 46.737537000000778 ], [ -120.448943000001876, 46.737576000000601 ], [ -120.450449000001683, 46.737593000000864 ], [ -120.510000000000957, 46.737946000000626 ], [ -120.508605000001396, 46.8248620000005 ], [ -120.530184000001526, 46.825145000000767 ], [ -120.554322000001022, 46.82549700000046 ], [ -120.625149000001556, 46.82579100000072 ], [ -120.634562000001765, 46.912130000001298 ], [ -120.915696000000807, 46.911334000001119 ], [ -121.026620000001415, 46.911308000000737 ], [ -121.090054000001516, 46.991007000000941 ], [ -121.120822000001482, 46.998209000001253 ], [ -121.178853000001524, 47.041627000001206 ], [ -121.26738500000188, 47.084287000000572 ], [ -121.311259000000874, 47.076915000001115 ], [ -121.379682000000955, 47.087495000000658 ], [ -121.379961000001799, 47.087248000001047 ], [ -121.374115000001154, 47.057005000000828 ], [ -121.4064570000006, 46.998744000000713 ], [ -121.445841000001295, 46.98022400000081 ], [ -121.456447000001873, 46.923577000001103 ], [ -121.49777400000076, 46.907390000001108 ], [ -121.497345000000834, 46.862866000000899 ], [ -121.455218000001835, 46.78379700000108 ], [ -121.758593000000602, 46.783791000001223 ], [ -121.854972000001496, 46.729248000000823 ], [ -121.939249000001737, 46.748068000001084 ], [ -122.002468000001556, 46.753265000000539 ], [ -122.041301000001823, 46.742522000000385 ], [ -122.082298000000904, 46.752220000000619 ], [ -122.203115000000963, 46.763061000001109 ], [ -122.269624000001599, 46.766796000001136 ], [ -122.306259000001106, 46.80631100000047 ], [ -122.304236000001183, 46.820637000000723 ], [ -122.330532000000659, 46.84336200000044 ], [ -122.372914000000577, 46.845183000000667 ] ], [ [ -122.057426000001556, 47.7021300000008 ], [ -122.046428000001157, 47.694492000000501 ], [ -122.034617000001376, 47.716645000001101 ], [ -122.057426000001556, 47.7021300000008 ] ] ] } },
{ "type": "Feature", "properties": { "enacted_district": 9, "population": 768268.0, "voting_age_pop": 602371.0, "dem_votes": 206429.0, "rep_votes": 95122.0, "minority_pop": 335255.0, "dem_pct": 0.68455750414206629, "rep_pct": 0.31544249552631476 }, "geometry": { "type": "Polygon", "coordinates": [ [ [ -122.36335600000092, 47.282760000000543 ], [ -122.371640000001634, 47.288475000000616 ], [ -122.376359000001045, 47.291727000001082 ], [ -122.379012000000799, 47.293558000000388 ], [ -122.381839000000923, 47.29550600000038 ], [ -122.38956700000098, 47.300597000001176 ], [ -122.389650000001765, 47.300663000000682 ], [ -122.395149000001425, 47.304689000000451 ], [ -122.39657700000086, 47.305674000000614 ], [ -122.410535000001161, 47.315261000000326 ], [ -122.423209000001194, 47.324018000001217 ], [ -122.437252000000498, 47.333717000001094 ], [ -122.426665000001407, 47.33867200000055 ], [ -122.373535000001155, 47.365521000000406 ], [ -122.365035000001313, 47.408721000001201 ], [ -122.343594000000678, 47.408505000000957 ], [ -122.335764000000836, 47.403036000000618 ], [ -122.326915000000795, 47.408541000000611 ], [ -122.334581000000924, 47.412167000000842 ], [ -122.334682000000683, 47.412731000001081 ], [ -122.335252000001006, 47.416043000000563 ], [ -122.335212000001135, 47.423273000001018 ], [ -122.335261000000799, 47.423959000000913 ], [ -122.335804000001559, 47.431269000000427 ], [ -122.331322000001435, 47.431249000001117 ], [ -122.330362000001514, 47.431243000000883 ], [ -122.324969000001317, 47.431227000001037 ], [ -122.324093000001241, 47.439895000000547 ], [ -122.325696000000818, 47.452426000000557 ], [ -122.326114000000516, 47.453923000000877 ], [ -122.323431000000966, 47.463286000000807 ], [ -122.322354000000885, 47.466917000000528 ], [ -122.315404000001422, 47.474159000001002 ], [ -122.314763000000596, 47.477727000000854 ], [ -122.314086000001197, 47.481344000000888 ], [ -122.313385000001205, 47.48494700000056 ], [ -122.311580000001726, 47.488569000001078 ], [ -122.297234000001524, 47.48873000000038 ], [ -122.296306000001678, 47.49766500000036 ], [ -122.297516000000783, 47.498926000001212 ], [ -122.300787000001762, 47.506486000000614 ], [ -122.307436000001445, 47.512949000000447 ], [ -122.318455000000839, 47.531767000000904 ], [ -122.293650000001477, 47.524460000000616 ], [ -122.291283000001798, 47.519301000000745 ], [ -122.291290000000686, 47.52419900000104 ], [ -122.291372000001715, 47.524462000001009 ], [ -122.297577000001638, 47.536741000000561 ], [ -122.310086000001277, 47.547239000000381 ], [ -122.313494000000944, 47.549439000000923 ], [ -122.319056000000543, 47.554871000001121 ], [ -122.320091000000758, 47.572433000001055 ], [ -122.320348000001218, 47.586105000000721 ], [ -122.320482000001064, 47.595828000000594 ], [ -122.327672000001556, 47.59835400000032 ], [ -122.328989000001357, 47.599195000000471 ], [ -122.328977000000677, 47.600034000000768 ], [ -122.328990000001284, 47.601732000000965 ], [ -122.327658000001236, 47.601715000000681 ], [ -122.329189000001236, 47.603696000000674 ], [ -122.328080000001037, 47.604159000000649 ], [ -122.327706000001541, 47.604316000000352 ], [ -122.323643000000956, 47.606017000001096 ], [ -122.325600000001046, 47.608158000000998 ], [ -122.323378000001497, 47.609087000000649 ], [ -122.320762000000599, 47.611167000000393 ], [ -122.314222000000925, 47.613893000000374 ], [ -122.314146000000818, 47.609214000000435 ], [ -122.312841000001484, 47.60920900000081 ], [ -122.311468000000801, 47.614108000001032 ], [ -122.308863000001239, 47.612900000000359 ], [ -122.307411000001494, 47.616731000000563 ], [ -122.306137000001485, 47.617262000000942 ], [ -122.304890000001521, 47.615288000000902 ], [ -122.305019000001195, 47.610025000000597 ], [ -122.302763000000766, 47.61002100000092 ], [ -122.301458000001801, 47.610019000001088 ], [ -122.301405000000855, 47.614144000000927 ], [ -122.297476000001083, 47.61529000000079 ], [ -122.296227000001565, 47.611535000000622 ], [ -122.296233000001038, 47.610009000001099 ], [ -122.294909000000658, 47.607992000001168 ], [ -122.297840000001599, 47.607998000000705 ], [ -122.297850000001645, 47.604267000000988 ], [ -122.296777000001399, 47.603563000000371 ], [ -122.296770000001715, 47.601654000001105 ], [ -122.294935000001075, 47.601650000000966 ], [ -122.292519000001434, 47.601646000000656 ], [ -122.265147000001562, 47.601321000000915 ], [ -122.264845000000818, 47.603695000001046 ], [ -122.264654000000917, 47.605203000000706 ], [ -122.264069000000717, 47.609819000000726 ], [ -122.26365100000146, 47.613115000000526 ], [ -122.234771000000904, 47.606822000001181 ], [ -122.2331340000013, 47.606521000001123 ], [ -122.220434000001319, 47.596821000000361 ], [ -122.2202340000009, 47.610121000000902 ], [ -122.217734000000618, 47.611121000000381 ], [ -122.20775200000152, 47.609283000001042 ], [ -122.205382000000981, 47.607972000000906 ], [ -122.201427000001559, 47.607981000000493 ], [ -122.201320000000564, 47.602806000000669 ], [ -122.199241000000967, 47.598903000000867 ], [ -122.196477000000783, 47.594336000001121 ], [ -122.196365000000682, 47.600237000000753 ], [ -122.190709000001206, 47.602770000000341 ], [ -122.190818000001642, 47.610052000000742 ], [ -122.188380000001203, 47.610020000000432 ], [ -122.188609000001719, 47.613478000000619 ], [ -122.188627000000807, 47.617346000000914 ], [ -122.174956000000762, 47.617339000000392 ], [ -122.169663000000781, 47.617274000000769 ], [ -122.164340000001403, 47.617207000001216 ], [ -122.158970000000821, 47.617180000000843 ], [ -122.153613000000874, 47.6171470000005 ], [ -122.149552000001037, 47.617115000000595 ], [ -122.143067000001437, 47.617037000000892 ], [ -122.132424000000881, 47.616998000000414 ], [ -122.13234100000146, 47.613406000000495 ], [ -122.121487000001196, 47.613355000000929 ], [ -122.117500000001499, 47.613308000000679 ], [ -122.117576000000682, 47.609694000000736 ], [ -122.120331000000718, 47.609752000000682 ], [ -122.117583000001559, 47.606396000000693 ], [ -122.115517000000636, 47.602463000001045 ], [ -122.096531000001619, 47.602307000000479 ], [ -122.098320000001081, 47.592731000001123 ], [ -122.098466000001395, 47.587784000000831 ], [ -122.097336000001519, 47.581083000000646 ], [ -122.09672500000174, 47.58019000000121 ], [ -122.099091000001039, 47.564911000000428 ], [ -122.097971000000953, 47.559228000001006 ], [ -122.100374000001082, 47.559014000001206 ], [ -122.100411000001117, 47.551035000001114 ], [ -122.100470000000684, 47.54849200000104 ], [ -122.100524000000519, 47.544933000001201 ], [ -122.116747000001354, 47.53794800000113 ], [ -122.128830000001798, 47.535655000000425 ], [ -122.132222000001775, 47.535985000000643 ], [ -122.132223000001403, 47.532594000000735 ], [ -122.137848000000886, 47.516346000000617 ], [ -122.143189000001584, 47.516452000001038 ], [ -122.145367000001585, 47.509761000000886 ], [ -122.144889000001726, 47.508723000000771 ], [ -122.143331000001581, 47.505589000000853 ], [ -122.143312000001046, 47.502810000001119 ], [ -122.148644000001326, 47.50287300000047 ], [ -122.147400000000644, 47.501050000000561 ], [ -122.143282000000838, 47.501006000000899 ], [ -122.143237000001278, 47.499220000000705 ], [ -122.143148000001702, 47.495551000000688 ], [ -122.135058000001493, 47.488324000000759 ], [ -122.129823000000997, 47.488245000001193 ], [ -122.127222000001197, 47.488184000000366 ], [ -122.124579000001276, 47.484575000000802 ], [ -122.121137000001553, 47.484481000000649 ], [ -122.119321000000554, 47.484438000000708 ], [ -122.121797000001237, 47.481804000000992 ], [ -122.121624000001717, 47.473725000000854 ], [ -122.124393000001376, 47.473747000000891 ], [ -122.126955000000805, 47.471034000000643 ], [ -122.126930000000598, 47.475116000000675 ], [ -122.132262000001759, 47.475809000000567 ], [ -122.132275000000675, 47.477420000000961 ], [ -122.142873000001046, 47.481188000000536 ], [ -122.148224000000596, 47.481216000000828 ], [ -122.156011000000618, 47.481278000000849 ], [ -122.156448000000637, 47.48127700000051 ], [ -122.164152000000925, 47.47771100000098 ], [ -122.153522000001118, 47.473957000000468 ], [ -122.142582000001156, 47.466076000000456 ], [ -122.156366000000759, 47.468413000000538 ], [ -122.154572000001835, 47.46551900000096 ], [ -122.147444000001286, 47.459625000001161 ], [ -122.153800000001283, 47.455755000000543 ], [ -122.152690000001158, 47.455728000000349 ], [ -122.143886000001245, 47.454749000000518 ], [ -122.138212000001602, 47.449855000000859 ], [ -122.139797000001579, 47.448349000000675 ], [ -122.133205000001766, 47.444810000001048 ], [ -122.127082000000655, 47.439591000001037 ], [ -122.124561000000995, 47.439564000001127 ], [ -122.122306000000705, 47.439538000001242 ], [ -122.120805000001766, 47.439514000000429 ], [ -122.11668400000174, 47.437509000001214 ], [ -122.1335300000014, 47.437485000000542 ], [ -122.143781000000615, 47.437482000001005 ], [ -122.143953000000863, 47.43745500000054 ], [ -122.143999000001358, 47.43034300000118 ], [ -122.150582000001236, 47.430341000000766 ], [ -122.154598000000959, 47.430353000000586 ], [ -122.159202000001599, 47.430355000000965 ], [ -122.162347000000963, 47.430358000000467 ], [ -122.16841200000124, 47.430337000000677 ], [ -122.174115000001478, 47.430294000001169 ], [ -122.175797000000514, 47.430282000001 ], [ -122.175810000001306, 47.429380000000414 ], [ -122.161898000001457, 47.419140000000901 ], [ -122.159908000001167, 47.415887000000623 ], [ -122.158830000001245, 47.415896000000487 ], [ -122.160364000001294, 47.408649000000509 ], [ -122.159994000001205, 47.401554000000736 ], [ -122.165356000001637, 47.401395000000946 ], [ -122.171204000000643, 47.401344000000769 ], [ -122.171601000000862, 47.394153000001154 ], [ -122.175183000001553, 47.394142000000862 ], [ -122.176120000001021, 47.38691000000096 ], [ -122.186790000001821, 47.386925000001007 ], [ -122.186771000001343, 47.379668000001217 ], [ -122.176096000000555, 47.372431000000901 ], [ -122.1761220000012, 47.365195000000469 ], [ -122.176121000000705, 47.363150000000353 ], [ -122.176115000000706, 47.359767000000708 ], [ -122.176130000001478, 47.352878000000963 ], [ -122.187124000000964, 47.357901000000993 ], [ -122.196933000001565, 47.355950000000384 ], [ -122.197115000001077, 47.350819000001209 ], [ -122.176138000001274, 47.348914000000434 ], [ -122.176160000000607, 47.342425000001079 ], [ -122.181458000001598, 47.34353600000108 ], [ -122.178608000001802, 47.329787000001041 ], [ -122.186869000000499, 47.329880000000536 ], [ -122.187094000001082, 47.322604000000446 ], [ -122.192312000001763, 47.322899000000938 ], [ -122.192388000001799, 47.315371000000987 ], [ -122.202333000001701, 47.31795500000046 ], [ -122.205730000000685, 47.3154570000004 ], [ -122.202886000000717, 47.311864000000647 ], [ -122.200918000000925, 47.308203000000674 ], [ -122.199599000000561, 47.306404000000434 ], [ -122.213372000000646, 47.305382000001181 ], [ -122.213381000000524, 47.303469000000945 ], [ -122.213383000001215, 47.302816000000625 ], [ -122.213396000001779, 47.294235000000718 ], [ -122.212887000001004, 47.290107000000361 ], [ -122.213358000000881, 47.286471000000468 ], [ -122.21335500000086, 47.282833000001219 ], [ -122.213386000000753, 47.279163000001219 ], [ -122.213406000001441, 47.276838000000552 ], [ -122.228889000001843, 47.275601000001018 ], [ -122.228747000001107, 47.268375000000525 ], [ -122.228823000000759, 47.266641000000362 ], [ -122.23000300000092, 47.266283000000797 ], [ -122.229495000000981, 47.257556000000392 ], [ -122.238761000001702, 47.257482000001005 ], [ -122.245013000000966, 47.257434000001219 ], [ -122.246490000001444, 47.257427000000902 ], [ -122.259401000001844, 47.257313000000565 ], [ -122.262152000001322, 47.257374000000972 ], [ -122.271499000000802, 47.257360000000808 ], [ -122.280974000000825, 47.257288000001182 ], [ -122.291152000001446, 47.257202000000881 ], [ -122.29485300000168, 47.257246000000507 ], [ -122.318326000001704, 47.257323000000802 ], [ -122.331322000001123, 47.257365000001002 ], [ -122.334914000001106, 47.257366000000843 ], [ -122.335020000001165, 47.263240000001026 ], [ -122.336992000001459, 47.264582000000985 ], [ -122.347359000000623, 47.271644000001082 ], [ -122.355684000000736, 47.277466000001205 ], [ -122.36335600000092, 47.282760000000543 ] ] ] } },
{ "type": "Feature", "properties": { "enacted_district": 10, "population": 769178.0, "voting_age_pop": 591416.0, "dem_votes": 171596.0, "rep_votes": 142763.0, "minority_pop": 212015.0, "dem_pct": 0.54585998792913193, "rep_pct": 0.45414001175276036 }, "geometry": { "type": "Polygon", "coordinates": [ [ [ -123.044307000001496, 46.851057000000381 ], [ -123.096887000001104, 46.851124000000922 ], [ -123.128629000000998, 46.829493000001179 ], [ -123.160516000001707, 46.837479000001032 ], [ -123.160637000001074, 46.909678000000433 ], [ -123.160106000001463, 46.9389980000009 ], [ -123.159381000001602, 46.967531000000932 ], [ -123.158364000001342, 46.995871000000797 ], [ -123.200888000001598, 47.010458000001009 ], [ -123.200041000000724, 47.014792000001016 ], [ -123.201891000001297, 47.085059000000598 ], [ -123.075096000000926, 47.084795000000852 ], [ -123.074958000001601, 47.090661000000857 ], [ -123.074957000001405, 47.090844000001134 ], [ -123.034109000000782, 47.115041000000488 ], [ -123.015389000001321, 47.123792000000392 ], [ -123.012523000000499, 47.133735000001082 ], [ -123.005672000001596, 47.148941000000981 ], [ -122.951198000001639, 47.172056000000737 ], [ -122.936283000001083, 47.189457000000829 ], [ -122.936145000001005, 47.183409000000637 ], [ -122.907497000000646, 47.164903000000926 ], [ -122.903521000001319, 47.157533000000818 ], [ -122.887802000000462, 47.157935000000521 ], [ -122.870386000001318, 47.161799000000755 ], [ -122.836572000000743, 47.187496000000692 ], [ -122.82057600000158, 47.194220000000939 ], [ -122.762795000001105, 47.143664000000854 ], [ -122.759505000000473, 47.141315000000461 ], [ -122.711036000001641, 47.195957000001144 ], [ -122.732542000001402, 47.20581800000069 ], [ -122.675341000000515, 47.251319000000429 ], [ -122.637670000000796, 47.22150900000036 ], [ -122.622139000001397, 47.209219000000999 ], [ -122.565437000000642, 47.246820000000902 ], [ -122.561424000001637, 47.245800000000713 ], [ -122.560086000000624, 47.246144000000896 ], [ -122.552206000001235, 47.242700000001129 ], [ -122.557363000000606, 47.235332000001023 ], [ -122.553047000000603, 47.23528300000104 ], [ -122.551508000000496, 47.242676000000799 ], [ -122.542360000001381, 47.242680000001201 ], [ -122.541576000000759, 47.24268100000063 ], [ -122.537057000001084, 47.242681000000672 ], [ -122.532465000001366, 47.242693000000394 ], [ -122.526370000001634, 47.242709000000474 ], [ -122.51595300000092, 47.242772000000627 ], [ -122.509512000001237, 47.242858000000403 ], [ -122.505689000000686, 47.242903000000801 ], [ -122.504950000000875, 47.242912000000935 ], [ -122.505150000000882, 47.228418000000424 ], [ -122.50520400000164, 47.217436000001037 ], [ -122.505240000001635, 47.213799000001153 ], [ -122.50538500000124, 47.206514000000411 ], [ -122.505229000001563, 47.199276000000459 ], [ -122.505200000000954, 47.197477000000369 ], [ -122.508669000001078, 47.194352000000364 ], [ -122.508772000001699, 47.192006000000802 ], [ -122.508779000000686, 47.190570000000761 ], [ -122.504982000001718, 47.184697000000561 ], [ -122.497524000000936, 47.184709000000666 ], [ -122.483674000000477, 47.184748000000361 ], [ -122.473894000000953, 47.184790000000525 ], [ -122.464516000001041, 47.184684000000651 ], [ -122.463183000001806, 47.184666000000888 ], [ -122.452547000001317, 47.188274000001016 ], [ -122.452481000001086, 47.193737000000986 ], [ -122.452436000001555, 47.2019350000011 ], [ -122.452344000001403, 47.206448000000606 ], [ -122.452423000001644, 47.210005000000812 ], [ -122.452429000000862, 47.213738000000653 ], [ -122.452330000000913, 47.219075000001027 ], [ -122.452319000001424, 47.220010000000499 ], [ -122.452231000001618, 47.224757000001119 ], [ -122.450897000001433, 47.230256000000999 ], [ -122.440946000000494, 47.231413000000366 ], [ -122.43411500000056, 47.233093000000871 ], [ -122.432098000001446, 47.233300000000483 ], [ -122.431212000001437, 47.233391000000815 ], [ -122.416583000001324, 47.238431000001064 ], [ -122.399631000000639, 47.240991000000555 ], [ -122.3942700000011, 47.237748000000572 ], [ -122.341641000001843, 47.213990000000479 ], [ -122.340123000000887, 47.213227000000892 ], [ -122.321780000001766, 47.207380000000853 ], [ -122.320415000000821, 47.207716000000367 ], [ -122.320604000001339, 47.220563000000823 ], [ -122.320560000001166, 47.224597000000905 ], [ -122.323877000000778, 47.235330000000921 ], [ -122.326469000000841, 47.237864000001132 ], [ -122.313967000001398, 47.240704000000619 ], [ -122.307214000001835, 47.241004000001197 ], [ -122.293902000000642, 47.242744000000705 ], [ -122.293869000001436, 47.250031000000533 ], [ -122.293828000001767, 47.253053000001039 ], [ -122.29485300000168, 47.257246000000507 ], [ -122.291152000001446, 47.257202000000881 ], [ -122.280974000000825, 47.257288000001182 ], [ -122.271499000000802, 47.257360000000808 ], [ -122.262152000001322, 47.257374000000972 ], [ -122.259401000001844, 47.257313000000565 ], [ -122.246490000001444, 47.257427000000902 ], [ -122.245013000000966, 47.257434000001219 ], [ -122.238761000001702, 47.257482000001005 ], [ -122.229495000000981, 47.257556000000392 ], [ -122.229494000000656, 47.257538000000459 ], [ -122.223899000001524, 47.25750300000059 ], [ -122.222351000001723, 47.257489000000461 ], [ -122.21601600000082, 47.257429000000606 ], [ -122.211662000001155, 47.257389000001105 ], [ -122.209613000000687, 47.257370000000847 ], [ -122.208321000001121, 47.257357000000859 ], [ -122.201667000001663, 47.253818000000429 ], [ -122.187188000001555, 47.250473000000682 ], [ -122.189855000000762, 47.247592000000495 ], [ -122.189888000001162, 47.246926000000748 ], [ -122.195406000001, 47.243165000000417 ], [ -122.196505000001565, 47.24308000000066 ], [ -122.203134000000674, 47.242754000000893 ], [ -122.208341000000559, 47.2417130000008 ], [ -122.21869800000124, 47.241733000000849 ], [ -122.218740000000821, 47.238199000000719 ], [ -122.218851000001138, 47.228088000000987 ], [ -122.213729000000725, 47.217166000000582 ], [ -122.208862000001034, 47.22023600000113 ], [ -122.192489000000677, 47.209363000001154 ], [ -122.192472000001359, 47.206649000001228 ], [ -122.192170000000758, 47.201172000000355 ], [ -122.192466000000564, 47.195666000001211 ], [ -122.194939000001355, 47.191944000000909 ], [ -122.200281000001723, 47.191922000000531 ], [ -122.202034000001817, 47.195371000000691 ], [ -122.216064000001623, 47.196284000000752 ], [ -122.229398000000643, 47.193395000000891 ], [ -122.229320000001479, 47.185015000000703 ], [ -122.242318000000623, 47.191428000000691 ], [ -122.245511000000917, 47.193810000000582 ], [ -122.250864000001457, 47.190000000000936 ], [ -122.24727900000174, 47.184433000000965 ], [ -122.251175000000799, 47.184474000000428 ], [ -122.236229000001302, 47.173397000000641 ], [ -122.237437000001577, 47.161668000000461 ], [ -122.239878000001198, 47.150734000001201 ], [ -122.245327000000685, 47.144881000000517 ], [ -122.245608000000757, 47.125360000001173 ], [ -122.244293000001377, 47.125352000000518 ], [ -122.242258000001641, 47.110764000000621 ], [ -122.23970100000092, 47.109241000000445 ], [ -122.235435000001644, 47.085285000001107 ], [ -122.25459300000162, 47.083964000000698 ], [ -122.255369000001238, 47.084276000000379 ], [ -122.282313000000642, 47.096414000000699 ], [ -122.293561000000963, 47.096461000000886 ], [ -122.293665000000757, 47.089138000001221 ], [ -122.293671000000714, 47.088823000000694 ], [ -122.293715000001285, 47.086377000001171 ], [ -122.293799000001002, 47.081873000000492 ], [ -122.310959000000835, 47.081896000000874 ], [ -122.314969000001156, 47.081888000000717 ], [ -122.325610000000879, 47.085278000001068 ], [ -122.325623000000562, 47.081925000000631 ], [ -122.326054000000966, 47.072486000000673 ], [ -122.326189000001278, 47.071528000000598 ], [ -122.33846100000126, 47.071563000000495 ], [ -122.340210000001804, 47.071506000000554 ], [ -122.348050000000967, 47.053119000000983 ], [ -122.357578000001567, 47.052808000000717 ], [ -122.357691000000997, 47.052808000001107 ], [ -122.357746000001598, 47.067343000000555 ], [ -122.368492000000799, 47.067610000000776 ], [ -122.373897000001307, 47.067730000001106 ], [ -122.400363000000965, 47.067989000000416 ], [ -122.408105000000603, 47.067977000000738 ], [ -122.413767000000718, 47.06786300000109 ], [ -122.413911000000766, 47.067961000000729 ], [ -122.428554000001483, 47.078815000000802 ], [ -122.435101000000543, 47.08419500000074 ], [ -122.492961000001714, 47.033604000000743 ], [ -122.522974000001, 47.010198000001026 ], [ -122.534571000001762, 47.005168000000339 ], [ -122.552290000000639, 47.003438000001111 ], [ -122.565163000000979, 46.966573000000643 ], [ -122.564654000001127, 46.966408000000683 ], [ -122.560436000001005, 46.933457000000459 ], [ -122.568296000001766, 46.919960000000764 ], [ -122.5832270000016, 46.92954900000057 ], [ -122.600685000000794, 46.938075000000971 ], [ -122.606048000000797, 46.938492000000672 ], [ -122.622209000000623, 46.938073000000976 ], [ -122.654008000000715, 46.923375000000391 ], [ -122.671591000001087, 46.923336000000475 ], [ -122.697489000000687, 46.897892000000624 ], [ -122.698011000001799, 46.887999000000995 ], [ -122.7004760000018, 46.881925000001104 ], [ -122.774118000000598, 46.861279000001161 ], [ -122.82612800000058, 46.857501000001129 ], [ -122.86630400000054, 46.856514000000914 ], [ -122.893352000001514, 46.842640000000848 ], [ -122.934163000001803, 46.833671000000493 ], [ -122.960559000000842, 46.822948000000501 ], [ -122.961910000001382, 46.822323000001226 ], [ -123.006987000001075, 46.802398000000423 ], [ -122.994988000001555, 46.822523000000857 ], [ -123.039971000001344, 46.822088000000647 ], [ -123.048603000000739, 46.829106000000351 ], [ -123.051819000001046, 46.832966000000546 ], [ -123.053229000001679, 46.836641000000533 ], [ -123.044307000001496, 46.851057000000381 ] ] ] } }
]
}
